{"authorDailyContributionsMap":{"lilyium":[{"date":"2025-01-24","commitResults":[{"hash":"d65a0a0e0e744dfc573593bcd91fcb21dc006cc8","isMergeCommit":false,"messageTitle":"Complete Level 0","messageBody":"","tags":["Level-0"],"fileTypesAndContributionMap":{"java":{"insertions":15,"deletions":10}}},{"hash":"7c8b39c7927fe85efd794b2155d0fe295ab9122b","isMergeCommit":false,"messageTitle":"Complete Level 1","messageBody":"","tags":["Level-1"],"fileTypesAndContributionMap":{"java":{"insertions":14,"deletions":3}}},{"hash":"c82b702cdd0b375432a1e4d1512defea24fa534e","isMergeCommit":false,"messageTitle":"Complete Level 2","messageBody":"","tags":["Level-2"],"fileTypesAndContributionMap":{"java":{"insertions":24,"deletions":1}}},{"hash":"ec069c0fe6d26477aeab0aea19ca977f51e5b7c0","isMergeCommit":false,"messageTitle":"Complete Level 3","messageBody":"","tags":["Level-3"],"fileTypesAndContributionMap":{"java":{"insertions":28,"deletions":10}}},{"hash":"0af1b6fe4f4dd93b37e6b87b2be8ba2f8a1376e9","isMergeCommit":false,"messageTitle":"Complete Level 4","messageBody":"","tags":["Level-4"],"fileTypesAndContributionMap":{"java":{"insertions":79,"deletions":3}}},{"hash":"8d38a9375d96feb077d872a58b5e1651b0374ae5","isMergeCommit":false,"messageTitle":"Complete Automated Text UI Testing","messageBody":"","tags":["A-TextUiTesting"],"fileTypesAndContributionMap":{"txt":{"insertions":5,"deletions":0},"bat":{"insertions":1,"deletions":1},"sh":{"insertions":1,"deletions":1}}},{"hash":"fac8a1d12caa3b27e5dd76985ef30f25308deac6","isMergeCommit":false,"messageTitle":"Complete Level 5","messageBody":"","tags":["Level-5"],"fileTypesAndContributionMap":{"java":{"insertions":50,"deletions":26}}},{"hash":"9c58fa393cecdefc51e4a19d4e9f74ae19dcc2bd","isMergeCommit":false,"messageTitle":"Complete Level 6","messageBody":"","tags":["Level-6"],"fileTypesAndContributionMap":{"java":{"insertions":6,"deletions":2}}}]},{"date":"2025-02-02","commitResults":[{"hash":"78a9fa06efe472f02175d9979bf87cc6225d0136","isMergeCommit":false,"messageTitle":"Complete Level 7","messageBody":"","fileTypesAndContributionMap":{"java":{"insertions":130,"deletions":3}}},{"hash":"229fffae04563ad3460aebb12818d9447433e555","isMergeCommit":true,"messageTitle":"Merge branch \u0027branch-Level-7\u0027","messageBody":"","tags":["Level-7"],"fileTypesAndContributionMap":{}},{"hash":"3fc7a0dbb333fcbf222c347a8d6819e328df1678","isMergeCommit":false,"messageTitle":"Complete Level 8","messageBody":"","fileTypesAndContributionMap":{"java":{"insertions":56,"deletions":20}}},{"hash":"ce2c414521ce4b3f6b87c095cebf8438e5fa2ad9","isMergeCommit":true,"messageTitle":"Merge branch \u0027branch-Level-8\u0027","messageBody":"","tags":["Level-8"],"fileTypesAndContributionMap":{}}]},{"date":"2025-02-03","commitResults":[{"hash":"cf066e69fbcb32209bdb0803623f9703c858fe47","isMergeCommit":false,"messageTitle":"Complete A-MoreOOP","messageBody":"","tags":["A-MoreOOP"],"fileTypesAndContributionMap":{"java":{"insertions":413,"deletions":135}}},{"hash":"a50cc4f7198a710e734392e17ee8f5ff7347f99c","isMergeCommit":false,"messageTitle":"Complete A-Packages","messageBody":"","fileTypesAndContributionMap":{"java":{"insertions":129,"deletions":23},"bat":{"insertions":1,"deletions":1}}},{"hash":"63ab440facde8ee56fe78f995b152fa1fb5f8fa4","isMergeCommit":true,"messageTitle":"Merge branch \u0027A-Packages\u0027","messageBody":"","tags":["A-Packages"],"fileTypesAndContributionMap":{}},{"hash":"93a9c086856e3253ba19129d495233b054e45895","isMergeCommit":true,"messageTitle":"Merge branch \u0027add-gradle-support\u0027","messageBody":"","fileTypesAndContributionMap":{}},{"hash":"71b13a3a112b66311fcac61e24d2c8ebf2e0fb26","isMergeCommit":false,"messageTitle":"Complete A-Gradle","messageBody":"","fileTypesAndContributionMap":{"gradle":{"insertions":2,"deletions":2}}},{"hash":"6c75220e3686067f1e4c2f02293dd3e8beb96e93","isMergeCommit":true,"messageTitle":"Merge branch \u0027A-Gradle\u0027","messageBody":"","tags":["A-Gradle"],"fileTypesAndContributionMap":{}},{"hash":"14e6c6d3c4450568de43c4677942c9d2b618e383","isMergeCommit":false,"messageTitle":"Improve handling of invalid inputs","messageBody":"","fileTypesAndContributionMap":{"java":{"insertions":141,"deletions":54}}},{"hash":"e530d74e1eb0e7ea1233daf153742eb951d0c99c","isMergeCommit":true,"messageTitle":"Merge branch \u0027better-exception-handling\u0027","messageBody":"","tags":["A-Enums"],"fileTypesAndContributionMap":{}}]}]},"authorFileTypeContributionMap":{"lilyium":{"java":805,"md":0,"fxml":0,"sh":1,"bat":1,"gradle":2,"txt":5}},"authorContributionVariance":{"lilyium":34263.92},"authorDisplayNameMap":{"lilyium":"CS2103T-F10-1 WONG.. JUN"}}
