{"authorDailyContributionsMap":{"TheEnd-alr-taken":[{"date":"2025-01-23","commitResults":[{"hash":"3dde25ba7668e53d6c49f4964c0933828db1b803","isMergeCommit":false,"messageTitle":"Complete Level-0: Rename, Greet, Exit","messageBody":"","tags":["Level-0"],"fileTypesAndContributionMap":{"java":{"insertions":16,"deletions":10}}},{"hash":"7451fd51f2002f95675f5734e323a48bbf0812ce","isMergeCommit":false,"messageTitle":"Complete Level-1: Echo","messageBody":"","tags":["Level-1"],"fileTypesAndContributionMap":{"java":{"insertions":41,"deletions":8}}},{"hash":"9e4bd3193ab527c26feaa3552e76152a7d19b1cd","isMergeCommit":false,"messageTitle":"Complete Level-2: Add, List","messageBody":"","tags":["Level-2"],"fileTypesAndContributionMap":{"java":{"insertions":29,"deletions":3}}}]},{"date":"2025-01-24","commitResults":[{"hash":"fc8d826ad4b291fffbe0b4f665d6c2fc4defccf3","isMergeCommit":false,"messageTitle":"Complete Level-3: Mark as Done","messageBody":"","tags":["Level-3","A-Classes"],"fileTypesAndContributionMap":{"java":{"insertions":65,"deletions":7}}},{"hash":"efd11dbb7ef7ff91e80da3f4dd7382eee9296747","isMergeCommit":false,"messageTitle":"Complete Level-4: ToDo, Event, Deadline","messageBody":"","tags":["Level-4","A-Inheritance"],"fileTypesAndContributionMap":{"java":{"insertions":114,"deletions":6}}},{"hash":"60b43e7ed483ad786d5adc3cdf1e4b75120dae2f","isMergeCommit":false,"messageTitle":"Complete A-TextUiTesting: Automated Text UI Testing","messageBody":"","tags":["A-TextUiTesting"],"fileTypesAndContributionMap":{"txt":{"insertions":16,"deletions":0},"java":{"insertions":1,"deletions":1},"bat":{"insertions":1,"deletions":1}}},{"hash":"2a15694ce2427a34b0ca20e8435be0a9dfbace7a","isMergeCommit":false,"messageTitle":"Complete Level-5: Handle Errors","messageBody":"","tags":["Level-5","A-Exceptions"],"fileTypesAndContributionMap":{"java":{"insertions":33,"deletions":25}}},{"hash":"fd5528a63a1742918d0609acea05ffa2157ebb1d","isMergeCommit":false,"messageTitle":"Complete Level-6: Delete","messageBody":"","tags":["Level-6","A-Collections"],"fileTypesAndContributionMap":{"txt":{"insertions":7,"deletions":0},"java":{"insertions":40,"deletions":7}}}]}]},"authorFileTypeContributionMap":{"TheEnd-alr-taken":{"java":282,"md":0,"fxml":0,"sh":0,"bat":1,"gradle":0,"txt":23}},"authorContributionVariance":{"TheEnd-alr-taken":6936.062},"authorDisplayNameMap":{"TheEnd-alr-taken":"MUHA..RMAN"}}
