{"authorDailyContributionsMap":{"Luoq1-Xu":[{"date":"2025-01-22","commitResults":[{"hash":"b1b2bf2d7b3af70feb80596d100fc3db45c00534","isMergeCommit":false,"messageTitle":"rename chatbot","messageBody":"","tags":["Level-0"],"fileTypesAndContributionMap":{"java":{"insertions":20,"deletions":6}}},{"hash":"8aee849a7fffed57a5e9f5794acd355ead87f59c","isMergeCommit":false,"messageTitle":"Add echo functionality Rename to Nyx","messageBody":"","tags":["Level-1"],"fileTypesAndContributionMap":{"java":{"insertions":14,"deletions":4},"bat":{"insertions":1,"deletions":1},"md":{"insertions":3,"deletions":3}}},{"hash":"bace930032093984c5cfe86cc60c1a8b43dd6957","isMergeCommit":false,"messageTitle":"Add task.java class Add list functionality to Nyx.java","messageBody":"","tags":["Level-2"],"fileTypesAndContributionMap":{"java":{"insertions":32,"deletions":2}}},{"hash":"80375f1213a512d9fe717a5b60dcac84360152d6","isMergeCommit":false,"messageTitle":"Add ability to mark tasks as complete and incomplete","messageBody":"","tags":["Level-3"],"fileTypesAndContributionMap":{"java":{"insertions":59,"deletions":11}}}]},{"date":"2025-01-23","commitResults":[{"hash":"50ba8777c29bd7b3642fca0abb57750168d59dc5","isMergeCommit":false,"messageTitle":"add TodoTask.java add DeadlineTask.java add EventTask.java add three types of task tracking functionality to Nyx.java","messageBody":"","tags":["Level-4"],"fileTypesAndContributionMap":{"java":{"insertions":124,"deletions":49}}},{"hash":"dae497c658837326ccd2f5fecda7092335659e33","isMergeCommit":false,"messageTitle":"Add automated text ui testing functionality","messageBody":"","tags":["A-TextUiTesting"],"fileTypesAndContributionMap":{"txt":{"insertions":10,"deletions":0},"sh":{"insertions":2,"deletions":2}}},{"hash":"c756677a62751aea9ab7e0877cd4e5ba729c820f","isMergeCommit":false,"messageTitle":"Add NyxException class Add InvalidUsageException class Add UnknownCommandException class Add basic error handling to Nyx.java","messageBody":"","tags":["Level-5"],"fileTypesAndContributionMap":{"java":{"insertions":134,"deletions":51}}},{"hash":"f80ff097cb5e8f917dff6da04e62b88bd081977a","isMergeCommit":false,"messageTitle":"Add delete task functionality","messageBody":"","tags":["Level-6"],"fileTypesAndContributionMap":{"java":{"insertions":28,"deletions":1}}}]},{"date":"2025-01-24","commitResults":[{"hash":"f5f8cb451f3df676bb8539d607a460be99d9e289","isMergeCommit":false,"messageTitle":"Add enum for CommandType","messageBody":"","tags":["A-Enums"],"fileTypesAndContributionMap":{"java":{"insertions":58,"deletions":57}}}]},{"date":"2025-01-28","commitResults":[{"hash":"6e24206a5628e7549c75e380396df078c30d81e3","isMergeCommit":false,"messageTitle":"Add tasks.txt Add save functionality to Nyx.java to save and load from file","messageBody":"","fileTypesAndContributionMap":{"txt":{"insertions":3,"deletions":0},"java":{"insertions":159,"deletions":21}}},{"hash":"41b69c87d0301bbd69866715746a0045eaaf53d8","isMergeCommit":true,"messageTitle":"Merge branch \u0027branch-Level-7\u0027","messageBody":"","tags":["Level-7"],"fileTypesAndContributionMap":{}}]},{"date":"2025-01-29","commitResults":[{"hash":"3598b9df34f02370846a87921680e3fa323fae7a","isMergeCommit":false,"messageTitle":"Add Date handling functionality to nyx.java","messageBody":"","fileTypesAndContributionMap":{"txt":{"insertions":3,"deletions":0},"java":{"insertions":71,"deletions":27}}},{"hash":"803de74c868b29a609a2d9ae247bc2ac29438f44","isMergeCommit":true,"messageTitle":"Merge branch \u0027branch-Level-8\u0027 Add Date handling functionality to Nyx.java","messageBody":"","tags":["Level-8"],"fileTypesAndContributionMap":{}},{"hash":"6ee19be6a3028eebad7e6cf16b32510b8cc55d0f","isMergeCommit":false,"messageTitle":"Refactor commands into classes Add Ui, Storage, Parser and TaskList classes Update automated text testing","messageBody":"","fileTypesAndContributionMap":{"txt":{"insertions":12,"deletions":9},"java":{"insertions":470,"deletions":334}}},{"hash":"8140e81b6f35830cb9e2349e144ee0c4492ab4fe","isMergeCommit":true,"messageTitle":"Merge branch \u0027branch-A-MoreOOP\u0027 Refactor code to use more OOP","messageBody":"","tags":["A-MoreOOP"],"fileTypesAndContributionMap":{}},{"hash":"4b337b821ef44c37773a22266274ed7772b8d3d5","isMergeCommit":false,"messageTitle":"organize class into commands, exceptions and tasks packages","messageBody":"","fileTypesAndContributionMap":{"java":{"insertions":115,"deletions":24},"bat":{"insertions":2,"deletions":2},"sh":{"insertions":2,"deletions":2},"md":{"insertions":2,"deletions":2}}},{"hash":"f9fd666dcada99f9a87b76ba0152dd95f035dc07","isMergeCommit":true,"messageTitle":"Merge branch \u0027branch-A-Packages\u0027 Organize classes into packages: commands, tasks, exceptions","messageBody":"","tags":["A-Packages"],"fileTypesAndContributionMap":{}},{"hash":"4d85eeb7c794deeccbea5396d4d51cd6e831e828","isMergeCommit":true,"messageTitle":"Merge branch \u0027add-gradle-support\u0027 Add gradle support","messageBody":"","tags":["A-Gradle"],"fileTypesAndContributionMap":{}},{"hash":"173b7ab0940f53550483cba4583ce7516759b3a8","isMergeCommit":false,"messageTitle":"Add unit tests for Parser and DeadlineCommand","messageBody":"","fileTypesAndContributionMap":{"gradle":{"insertions":1,"deletions":1},"java":{"insertions":142,"deletions":0}}},{"hash":"93d282783fbe60ace47b118c2535684d71cafa36","isMergeCommit":true,"messageTitle":"Merge branch \u0027branch-A-JUnit\u0027 Add unit tests for Parser and DeadlineCommand","messageBody":"","tags":["A-JUnit"],"fileTypesAndContributionMap":{}},{"hash":"c56648264eae0be348ddf95e262c2a9faff95019","isMergeCommit":false,"messageTitle":"Create JAR file","messageBody":"","fileTypesAndContributionMap":{"gradle":{"insertions":1,"deletions":1}}},{"hash":"5102fd308f953ec3884b510a286f808fd766ef81","isMergeCommit":true,"messageTitle":"Merge branch \u0027branch-A-Jar\u0027 Create JAR file","messageBody":"","tags":["A-Jar"],"fileTypesAndContributionMap":{}},{"hash":"dc3f3a3d590c3f34aa1a5627b81256c6328a8f7d","isMergeCommit":false,"messageTitle":"Add javaDocs to Nyx.java Add javaDocs to Parser.java Add javaDocs to Storage.java Add javaDocs to TaskList.java Add javaDocs to Ui.java","messageBody":"","fileTypesAndContributionMap":{"java":{"insertions":131,"deletions":17}}},{"hash":"24803cafccaf24319c3b5996c556a2e752b07d2e","isMergeCommit":false,"messageTitle":"Add javaDocs for Tasks package","messageBody":"","fileTypesAndContributionMap":{"java":{"insertions":112,"deletions":4}}},{"hash":"c282498bb761e43353e1a20c35cfaec27328725b","isMergeCommit":false,"messageTitle":"Add javaDocs for Exceptions package","messageBody":"","fileTypesAndContributionMap":{"java":{"insertions":30,"deletions":3}}},{"hash":"ea502b25bfbc462b268ff56d0204eb87a1dbc4fe","isMergeCommit":false,"messageTitle":"Add javaDocs to Commands package","messageBody":"","fileTypesAndContributionMap":{"java":{"insertions":167,"deletions":14}}},{"hash":"cf79686c0201e3c503dca8d901f83d06af1dece9","isMergeCommit":false,"messageTitle":"Add slight changes to follow Coding Standard","messageBody":"Files changed:\n* Nyx.java\n* Storage.java\n* EventCommand.java\n* TodoCommand.java\n* DeadlineCommandTest.java\n","fileTypesAndContributionMap":{"java":{"insertions":9,"deletions":3}}}]},{"date":"2025-01-30","commitResults":[{"hash":"85a320a2aabdf06dd3723d393e76f14e24ca737e","isMergeCommit":false,"messageTitle":"Add find functionality","messageBody":"Add find function that allows user to search for tasks\nwith a matching keyword\n","fileTypesAndContributionMap":{"txt":{"insertions":1,"deletions":0},"java":{"insertions":38,"deletions":0},"sh":{"insertions":2,"deletions":2}}},{"hash":"4440471599daea20a7749b169401358018e486cd","isMergeCommit":true,"messageTitle":"Merge branch \u0027branch-A-JavaDoc\u0027 Add javaDocs for all packages in nyx","messageBody":"","tags":["A-JavaDoc"],"fileTypesAndContributionMap":{}},{"hash":"c056bc0d70a0bd50dad1259ed60364d4a8b16e01","isMergeCommit":true,"messageTitle":"Merge branch \u0027branch-A-CodingStandard\u0027","messageBody":"","tags":["A-CodingStandard"],"fileTypesAndContributionMap":{}},{"hash":"4ceaa868d8b53984fd18ade053e7cbbf95666929","isMergeCommit":true,"messageTitle":"Merge branch \u0027branch-Level-9\u0027","messageBody":"Add find functionality\n\n# Conflicts:\n#\tsrc/main/java/nyx/TaskList.java\n","tags":["Level-9"],"fileTypesAndContributionMap":{}}]},{"date":"2025-02-01","commitResults":[{"hash":"a5553251ae58d5810b8b774cf23104477f329eda","isMergeCommit":false,"messageTitle":"Make changes to align to checkstyle","messageBody":"","fileTypesAndContributionMap":{"gradle":{"insertions":5,"deletions":0},"java":{"insertions":81,"deletions":53}}},{"hash":"ecb8a3732f2106635ffa23d0c6de7663c7c4078b","isMergeCommit":true,"messageTitle":"Merge branch \u0027branch-A-CheckStyle\u0027 Make slight changes to align to checkstyle","messageBody":"","tags":["A-CheckStyle"],"fileTypesAndContributionMap":{}},{"hash":"6e50787b85ba3e00d9d0ab362f7b8f6505ca7e98","isMergeCommit":false,"messageTitle":"Add GUI support","messageBody":"","fileTypesAndContributionMap":{"gradle":{"insertions":16,"deletions":1},"txt":{"insertions":2,"deletions":4},"fxml":{"insertions":41,"deletions":0},"java":{"insertions":239,"deletions":45}}},{"hash":"ccb48837486a72cc17e8be617af445836ab889af","isMergeCommit":true,"messageTitle":"Merge branch \u0027branch-Level-10\u0027","messageBody":"Add GUI support\n","tags":["Level-10"],"fileTypesAndContributionMap":{}}]},{"date":"2025-02-02","commitResults":[{"hash":"2be4acde6ab2d860e39e76cb1601e3bcfe0b9571","isMergeCommit":false,"messageTitle":"Change DialogBox and mainWindow font to lucida sans Fix some checkstyle issues","messageBody":"","tags":["Fix"],"fileTypesAndContributionMap":{"java":{"insertions":22,"deletions":11}}}]}]},"authorFileTypeContributionMap":{"Luoq1-Xu":{"java":1529,"md":4,"fxml":41,"sh":2,"bat":2,"gradle":22,"txt":18}},"authorContributionVariance":{"Luoq1-Xu":124910.93},"authorDisplayNameMap":{"Luoq1-Xu":"CS2103T-T17-2 XU L..UOQI"}}
