{"authorDailyContributionsMap":{"vrisdng":[{"date":"2025-01-22","commitResults":[{"hash":"3778a601de5ce0be90338c8ef9582282687037aa","isMergeCommit":false,"messageTitle":"Level-0: Rename, Greet, Exit","messageBody":"","tags":["level-0"],"fileTypesAndContributionMap":{"java":{"insertions":16,"deletions":10},"bat":{"insertions":1,"deletions":1},"md":{"insertions":3,"deletions":3}}},{"hash":"bd9859d267e2dc2f8e9697edd19b915f647133c0","isMergeCommit":false,"messageTitle":"Level-1: Echo","messageBody":"","tags":["level-1"],"fileTypesAndContributionMap":{"java":{"insertions":33,"deletions":1}}},{"hash":"ea232834b2cdc9cd18ca84c02872db2458cdf27d","isMergeCommit":false,"messageTitle":"Level-2: Add,List","messageBody":"","tags":["level-2"],"fileTypesAndContributionMap":{"java":{"insertions":32,"deletions":11}}},{"hash":"3702607df593c20a1cd15f1a7ccb5ba14d369518","isMergeCommit":false,"messageTitle":"Level-3: Mark as Done","messageBody":"","tags":["level-3"],"fileTypesAndContributionMap":{"java":{"insertions":77,"deletions":7}}}]}]},"authorFileTypeContributionMap":{"vrisdng":{"java":139,"md":3,"fxml":0,"sh":0,"bat":1,"gradle":0,"txt":0}},"authorContributionVariance":{"vrisdng":5281.25},"authorDisplayNameMap":{"vrisdng":"DUON.. MAI"}}
