{"authorDailyContributionsMap":{"isawangyx":[{"date":"2025-01-23","commitResults":[{"hash":"3062c06c3cf6ce0b3d51cd5a195d50668a64cf4d","isMergeCommit":false,"messageTitle":"Rename main class","messageBody":"","fileTypesAndContributionMap":{"java":{"insertions":1,"deletions":1},"bat":{"insertions":1,"deletions":1},"md":{"insertions":3,"deletions":3}}}]},{"date":"2025-01-24","commitResults":[{"hash":"dd18f6e6674d89ec12a1d0570c43090aaa6bf7ac","isMergeCommit":false,"messageTitle":"Add greeting","messageBody":"","tags":["Level-0"],"fileTypesAndContributionMap":{"java":{"insertions":4,"deletions":6}}},{"hash":"d78a6ea532576b8b17bfe53fbe5283862c3f89e2","isMergeCommit":false,"messageTitle":"Add support for echo","messageBody":"","tags":["Level-1"],"fileTypesAndContributionMap":{"java":{"insertions":13,"deletions":1}}},{"hash":"b8ccd9209a22f3ecad77b9ef41d5a0d8ed212f91","isMergeCommit":false,"messageTitle":"Add support for list","messageBody":"","tags":["Level-2"],"fileTypesAndContributionMap":{"java":{"insertions":11,"deletions":1}}},{"hash":"c976f77f13b1759d79ec00c25ae81a287bae6d0f","isMergeCommit":false,"messageTitle":"Add task class","messageBody":"","fileTypesAndContributionMap":{"java":{"insertions":27,"deletions":0}}},{"hash":"479fbaf16e99656d694ecf4c0857db4106ce9acd","isMergeCommit":false,"messageTitle":"Add support for marking task as done and not done","messageBody":"","tags":["Level-3"],"fileTypesAndContributionMap":{"java":{"insertions":25,"deletions":7}}},{"hash":"05a68b647a923e201f54e31cbb5aeb5e6f00bfcb","isMergeCommit":false,"messageTitle":"Add Deadline, Event and Todo classes","messageBody":"","fileTypesAndContributionMap":{"java":{"insertions":38,"deletions":0}}},{"hash":"a132f1b01d1fa2b224e957d443be733c3eccada7","isMergeCommit":false,"messageTitle":"Add support for Deadlines, Events and ToDos in main class","messageBody":"","tags":["Level-4"],"fileTypesAndContributionMap":{"java":{"insertions":27,"deletions":4}}},{"hash":"45bd84c0eaa2d3fce6233530caee0613d718428b","isMergeCommit":false,"messageTitle":"Add semi-automated testing of ChatterBot with I/O redirection technique","messageBody":"","fileTypesAndContributionMap":{"txt":{"insertions":7,"deletions":0},"java":{"insertions":12,"deletions":2}}},{"hash":"29513ffc9082edf80a0e45edb6e424da22d75269","isMergeCommit":false,"messageTitle":"Revert \"Add semi-automated testing of ChatterBot with I/O redirection technique\"","messageBody":"This reverts commit 45bd84c0eaa2d3fce6233530caee0613d718428b.\n","fileTypesAndContributionMap":{"txt":{"insertions":0,"deletions":7},"java":{"insertions":2,"deletions":12}}},{"hash":"e1249390ba8465e062990f655f0624d1b133fa60","isMergeCommit":false,"messageTitle":"Add Exception classes for handling errors","messageBody":"","fileTypesAndContributionMap":{"java":{"insertions":21,"deletions":0}}},{"hash":"d2f6e34acc3e3d463407a2a5f4558ff4e65898e5","isMergeCommit":false,"messageTitle":"Add support for handling errors in main class","messageBody":"","tags":["Level-5"],"fileTypesAndContributionMap":{"java":{"insertions":92,"deletions":46}}},{"hash":"d683b0566ec9b6b4de6af1fd0c4beca977a54213","isMergeCommit":false,"messageTitle":"Add support for deleting tasks from list","messageBody":"","tags":["Level-6"],"fileTypesAndContributionMap":{"java":{"insertions":18,"deletions":0}}}]},{"date":"2025-01-30","commitResults":[{"hash":"4031bd27c56c77099c6ade98912bad5e5212e4a0","isMergeCommit":false,"messageTitle":"Add semi-automated text UI testing using I/O redirection","messageBody":"","tags":["A-TextUiTesting"],"fileTypesAndContributionMap":{"txt":{"insertions":8,"deletions":0},"java":{"insertions":8,"deletions":9},"sh":{"insertions":1,"deletions":1}}}]},{"date":"2025-02-06","commitResults":[{"hash":"181c698d68396cbc680fd2d0686b10ec5d6a8425","isMergeCommit":false,"messageTitle":"Add Storage class","messageBody":"","fileTypesAndContributionMap":{"java":{"insertions":49,"deletions":0}}},{"hash":"1d8d10914acca72aae254990414be6f520a2304a","isMergeCommit":false,"messageTitle":"Add support for saving tasks in hard disk","messageBody":"","fileTypesAndContributionMap":{"java":{"insertions":68,"deletions":20}}},{"hash":"2ad63e27d238d2dee3fc775ed01bb6e0c34deda8","isMergeCommit":true,"messageTitle":"Merge Level-7","messageBody":"","tags":["Level-7"],"fileTypesAndContributionMap":{}},{"hash":"83c779712c629bb6df5d9d0f35207b4c0c23c3cc","isMergeCommit":false,"messageTitle":"Add support for dates and times","messageBody":"","fileTypesAndContributionMap":{"java":{"insertions":17,"deletions":9}}},{"hash":"13fe65dc22f32943e39dc0d8e8c5e29202bc13c4","isMergeCommit":true,"messageTitle":"Merge Level-8","messageBody":"","tags":["Level-8"],"fileTypesAndContributionMap":{}}]}]},"authorFileTypeContributionMap":{"isawangyx":{"java":324,"md":3,"fxml":0,"sh":1,"bat":1,"gradle":0,"txt":8}},"authorContributionVariance":{"isawangyx":5783.8604},"authorDisplayNameMap":{"isawangyx":"CS2103T-T08-2 WANG..IANG"}}
