{"authorDailyContributionsMap":{"chanjunlin":[{"date":"2025-01-22","commitResults":[{"hash":"4b523c241acfc5da0a08bc07486d9ded52cffaf9","isMergeCommit":false,"messageTitle":"Changed bot name","messageBody":"","tags":["level-0"],"fileTypesAndContributionMap":{"java":{"insertions":8,"deletions":0}}},{"hash":"4770796504b2c1743252326753a1cc1e5828b9f2","isMergeCommit":false,"messageTitle":"Echo","messageBody":"","tags":["level-1"],"fileTypesAndContributionMap":{"java":{"insertions":28,"deletions":13}}}]},{"date":"2025-01-23","commitResults":[{"hash":"88c647080637dc1e94ef061f319037d0fc06ca5d","isMergeCommit":false,"messageTitle":"Add, list","messageBody":"","tags":["Level-2"],"fileTypesAndContributionMap":{"java":{"insertions":37,"deletions":3}}},{"hash":"36e32ba6538bd2750306ea543ab8d718d8072dd5","isMergeCommit":false,"messageTitle":"Add task management feature and changed user input handling","messageBody":"- Changed ChinChin.java to simplify input handling to use switch-case\n- Changed CustomList.java to manage task states and display formatted output\n- Changed CUstomList.java from ArrayList\u003cString\u003e to ArrayList\u003cTask\u003e\n- Added feature for user to \"mark \u003cnumber\u003e\" and \"unmark \u003cnumber\u003e\"\n- Added Task.Java for a task class\n","tags":["Level-3"],"fileTypesAndContributionMap":{"java":{"insertions":102,"deletions":18}}}]},{"date":"2025-01-24","commitResults":[{"hash":"001f83c074778deaeca24b2be2edfe2b7e99522d","isMergeCommit":false,"messageTitle":"Added support for tracking Todo, Deadline and Event","messageBody":"- Renamed Task.java to Todo.java\n- Modified Todo Class to display the Task\u0027s tag at the front\n\t- [T] for Todo\n\t- [D] for Deadline\n\t- [E] for Event\n- Created Deadline class which inherits from Todo Class for tasks with deadlines\n- Created Event class which inherits from Todo Class for Events\n","tags":["Level-4"],"fileTypesAndContributionMap":{"java":{"insertions":104,"deletions":14}}},{"hash":"e7ee010ffaaf832affcee60a75c5bff3a4ebc88e","isMergeCommit":false,"messageTitle":"Automating the testing of text UIs","messageBody":"- Updated input.txt to contain sample user commands\n- Updated EXPECTED.txt to capture expected outputs based on corresponding inputs\n- Updated runtest.sh to test the inputs properly\n","tags":["A-TextUiTesting"],"fileTypesAndContributionMap":{"txt":{"insertions":12,"deletions":0},"sh":{"insertions":2,"deletions":2}}},{"hash":"3e5b64695f44105732157a480b19c06c5072ee67","isMergeCommit":false,"messageTitle":"Handling errors","messageBody":"- Created ChinChinException.java for custom exceptions\n- Modified ChinChin.java to capture incorrect inputs by user, i.e:\n\t- No task\u0027s description\n\t- Deadline task with no deadline\n\t- Event task with no \"from\" and \"to\"\n\t- \"mark\" and \"unmark\" followed by a non-integer input\n","tags":["Level-5"],"fileTypesAndContributionMap":{"java":{"insertions":92,"deletions":40}}},{"hash":"249aa8b6b1d5f067d7b85040b8b3bee9df06526a","isMergeCommit":false,"messageTitle":"Add support for deleting task from the list","messageBody":"- Modified ChinChin.java to allow user to \"delete\" task\n- Modified CustomList.java to support the deletion of task\n- Modified Event.java to improve the UI\n","tags":["Level-6"],"fileTypesAndContributionMap":{"java":{"insertions":18,"deletions":1}}}]},{"date":"2025-01-27","commitResults":[{"hash":"b72a5484e9a5ce37723639cd3323766990cbf0f2","isMergeCommit":false,"messageTitle":"Refactor task tag implementation to use TaskType enum","messageBody":"Task tags are currently implemented as hardcoded strings in the code ([T], [D], [E]).\n\nHardcoded tags makes the code harder to maintain or extend in future.\n\nSwitch tagging mechanisms across all tasks (\u0027Task\u0027, \u0027Deadline\u0027, \u0027Event\u0027) to use enumeration called TaskType.\n\nThis improves code clarity, reduces duplication and makes future extensions easier.\n\nReplace hardcoded task tags with an enumeration (\u0027TaskType\u0027)\n","fileTypesAndContributionMap":{"java":{"insertions":99,"deletions":84}}}]},{"date":"2025-02-01","commitResults":[{"hash":"82ae6a22bb3ac8111e8a6129d797e009d807d496","isMergeCommit":false,"messageTitle":"Add Storage class and refactor existing Java files for improvements","messageBody":"- New class\n\t- Added a new \u0027Storage.class\u0027 for managing task data storage and retriefval in the application.\n\n- Refactoring\n\t- Updated \u0027ChinChin.java\u0027 to utilise the new Storage class for improved modularity.\n\t- Enhanced \u0027CustomList.java\u0027 to ensure that all task modifications are reflected.\n\nThese changes improve code organisation, readability and adheres to the Java coding standards.\n","tags":["Level-7"],"fileTypesAndContributionMap":{"java":{"insertions":355,"deletions":56}}},{"hash":"7a6cdce37a9bab057e1cc08854fe8c453da617d5","isMergeCommit":true,"messageTitle":"Merge branch \u0027branch-Level-7\u0027 into master to intergrate saving functionality.","messageBody":"This merge integrates the newly developed \u0027Storage\u0027 class into the master branch.\n","fileTypesAndContributionMap":{}},{"hash":"abf36185a637e26caa0945f1634142a7ac230873","isMergeCommit":false,"messageTitle":"Add DateFormatter class and improve task, deadline and event parsing","messageBody":"- New Class:\n\t- Create \u0027DateFormatter\u0027 that holds all possible accepted formats for user input.\n\t- Can be edited to add more formats\n\n- Improve parsing:\n\t- Update \u0027Deadline\u0027 and \u0027Event\u0027 class to utilise the new \u0027DateFormatter\u0027 for parsing dates.\n\t- Convert the input strings into actual \u0027LocalDateTime\u0027 objects instead of treating them as plaintext.\n","fileTypesAndContributionMap":{"java":{"insertions":269,"deletions":119}}},{"hash":"c7d7b174085835ca7bb2199ee3a7abfb72b59951","isMergeCommit":true,"messageTitle":"Merge branch \u0027branch-Level-8\u0027","messageBody":"","tags":["Level-8"],"fileTypesAndContributionMap":{}}]},{"date":"2025-02-03","commitResults":[{"hash":"a044e41dc5a969640d17b6a18ebdf664f6dba2de","isMergeCommit":false,"messageTitle":"Refactor codebase to improve OOP design and extract classes","messageBody":"- Extract \u0027ChinChinUI\u0027 class for managing user interactions.\n- Extract \u0027Storage\u0027 class for handling file I/O operations,\n- Extract \u0027ChinChinParser\u0027 class for parsing user commands into executable actions.\n- Create abstract \u0027ChinChinCommand\u0027 base class with child classes:\n\t- \"AddCommand\", \"DeleteCommand\", \"ExitCommand\", \"ListCommand\", etc.\n\t- Simplified command execution logic through polymorphism.\n- Refactor \u0027ChinChin\u0027 class to align with the new structure.\n","tags":["A-MoreOOP"],"fileTypesAndContributionMap":{"java":{"insertions":616,"deletions":198}}},{"hash":"768ae7c6015be3c905f8389abb881c4a29c6d243","isMergeCommit":true,"messageTitle":"Merge branch \u0027A-MoreOOP\u0027","messageBody":"","fileTypesAndContributionMap":{}},{"hash":"fc18519b4914bed2c5bb3649cf648b788ce0173d","isMergeCommit":false,"messageTitle":"Reorganize project structure into packages","messageBody":"- Group related classes into logical Java packages:\n  - Move main application-related files (e.g., ChinChin, ChinChinException) into `chin.main`.\n  - Move user interface-related files (e.g., ChinChinUI) into `chin.ui`.\n  - Move task-related files (e.g., Task, Deadline, Event, TaskType) into `chin.task`.\n  - Move command classes (e.g., AddCommand, DeleteCommand, ExitCommand) into `chin.command`.\n  - Move files handling logic (Storage.java) into `chin.storage`.\n  - Move util files (ChinChinParser.java) into `chin.util`.\n","fileTypesAndContributionMap":{"java":{"insertions":0,"deletions":0}}},{"hash":"fa6ffb05a98875b21bc900ce2cf6e460b5ff9b89","isMergeCommit":true,"messageTitle":"Merge branch \u0027A-Packages\u0027","messageBody":"","fileTypesAndContributionMap":{}}]},{"date":"2025-02-04","commitResults":[{"hash":"a35558fd490c18f823cd81b8bb75141ae3713bed","isMergeCommit":true,"messageTitle":"Merge branch \u0027A-Gradle\u0027","messageBody":"","fileTypesAndContributionMap":{}},{"hash":"b9e90d3f4791ae6868a92da5f627f1bdfdfbc7b7","isMergeCommit":false,"messageTitle":"Change build.gradle to run ChinChin.java","messageBody":"","tags":["A-Packages","A-Gradle"],"fileTypesAndContributionMap":{"gradle":{"insertions":1,"deletions":1}}},{"hash":"6f7711784d3efa8238d5abc6315d75133695375f","isMergeCommit":false,"messageTitle":"Add JUnit Tests","messageBody":"","tags":["A-Jar","A-JUnit"],"fileTypesAndContributionMap":{"gradle":{"insertions":3,"deletions":2},"java":{"insertions":180,"deletions":3}}},{"hash":"296c68d20eb1f889431e940754d8d3d0e2acb466","isMergeCommit":false,"messageTitle":"Add functionality to search task by keywords","messageBody":"Application currently does not support users to locate tasks based on specific keywords.\n\nTo improve usability:\n- Implement \u0027FindCommand\u0027 that allow user to search through their tasks list with specific keywords.\n- Display all tasks with their corresponding index number if found.\n- Inform the user if no matching tasks exist in the task list.\n","fileTypesAndContributionMap":{"java":{"insertions":66,"deletions":9}}},{"hash":"77bfe893add797427050b64692cd592e825fad49","isMergeCommit":false,"messageTitle":"Modify the index to show the correct index","messageBody":"","tags":["Level-9"],"fileTypesAndContributionMap":{"java":{"insertions":1,"deletions":1}}},{"hash":"abf6186e6db9de95535be5002b4a13471a24cedc","isMergeCommit":true,"messageTitle":"Merge tag \u0027Level-9\u0027","messageBody":"","fileTypesAndContributionMap":{}},{"hash":"07e3f0c0ea6ac4838d1db45bc88803023c4b6047","isMergeCommit":false,"messageTitle":"Add comment to merge Branch-Level-9","messageBody":"","fileTypesAndContributionMap":{"java":{"insertions":5,"deletions":0}}},{"hash":"04bc4b857afc58ed0f40ed38794d5ff8e3a851c7","isMergeCommit":true,"messageTitle":"Merge branch \u0027Branch-Level-9\u0027","messageBody":"","fileTypesAndContributionMap":{}},{"hash":"0b97eee0c1effe3485ec2e15cd05c2e48d274155","isMergeCommit":false,"messageTitle":"Added comment to merge with Branch-A-CodingStandard","messageBody":"","fileTypesAndContributionMap":{"java":{"insertions":6,"deletions":0}}},{"hash":"f577a9c95bfb3952af45b11ef8b5c04157003c92","isMergeCommit":true,"messageTitle":"Merge branch \u0027Branch-A-CodingStandard\u0027","messageBody":"","fileTypesAndContributionMap":{}},{"hash":"cb6e507a08975b27e75dd24bb87e644bc8c9e0be","isMergeCommit":false,"messageTitle":"Add comment to merge with Branch-A-JavaDoc","messageBody":"","fileTypesAndContributionMap":{"java":{"insertions":1,"deletions":0}}},{"hash":"35718873d3e349f78509e5ff7b310a14101c43f9","isMergeCommit":true,"messageTitle":"Merge branch \u0027Branch-A-JavaDoc\u0027","messageBody":"","tags":["A-JavaDoc","A-CodingStandard"],"fileTypesAndContributionMap":{}}]},{"date":"2025-02-05","commitResults":[{"hash":"b190c140e915e87e9fede62a07f72443247d6396","isMergeCommit":false,"messageTitle":"Refactor Java files for Checkstyle compliance","messageBody":"- Rename packages from \u0027ChinChin\u0027 to \u0027chin\u0027 to comply with Java naming conventions.\n- Update import statements to avoid wildcard imports and ensure correct order.\n- Address various style violations detected by Checkstyle.\n- Modify build.gradle as needed to reflect new package paths.\n","tags":["A-CheckStyle"],"fileTypesAndContributionMap":{"gradle":{"insertions":5,"deletions":0},"java":{"insertions":170,"deletions":215}}},{"hash":"13434f7c277d4ce76a26f6e924e09b53b33e4a0b","isMergeCommit":true,"messageTitle":"Merge tag \u0027A-CheckStyle\u0027","messageBody":"","fileTypesAndContributionMap":{}},{"hash":"77afa2edd7d0edd195ee7c51514b7e6c49d890b9","isMergeCommit":false,"messageTitle":"Make the branch-A-JavaDoc green in the iP dashboard","messageBody":"","fileTypesAndContributionMap":{"java":{"insertions":3,"deletions":3}}},{"hash":"58b87a020e998f15afc1ad9dc549edcecee88b11","isMergeCommit":true,"messageTitle":"Merge branch \u0027branch-A-JavaDoc\u0027","messageBody":"","fileTypesAndContributionMap":{}},{"hash":"13affe00ed7ddd6425b55211fb513cc6a13420d8","isMergeCommit":false,"messageTitle":"Make \u0027branch-A-CodingStandard\u0027 green in iP dashboard","messageBody":"","fileTypesAndContributionMap":{"java":{"insertions":1,"deletions":1}}},{"hash":"afe8a6759f30f2888d6d44b16d8f98dc6d2d9023","isMergeCommit":false,"messageTitle":"Make \u0027branch-Level-9\u0027 green in iP dashboard","messageBody":"","fileTypesAndContributionMap":{"java":{"insertions":2,"deletions":2}}},{"hash":"3154c55e2f219df081d602da5e7d40d1e858ccc2","isMergeCommit":true,"messageTitle":"Merge branch \u0027branch-Level-9\u0027","messageBody":"","fileTypesAndContributionMap":{}}]},{"date":"2025-02-09","commitResults":[{"hash":"f5e787b708c78303b96e8f3f0ed79bc85a29baf3","isMergeCommit":false,"messageTitle":"Add JavaFX GUI for ChinChin","messageBody":"- Implement basic user interface for JavaFX.\n","tags":["Level-10"],"fileTypesAndContributionMap":{"fxml":{"insertions":57,"deletions":0},"java":{"insertions":472,"deletions":75}}},{"hash":"587bf7b970c0fc4b536eb69b6cbd19dcc4ae1922","isMergeCommit":true,"messageTitle":"Rectify merging conflicts","messageBody":"","fileTypesAndContributionMap":{}},{"hash":"8a1df5538275d922233946ddc2c3bd7427d91c19","isMergeCommit":true,"messageTitle":"Merge branch \u0027branch-A-CodingStandard\u0027","messageBody":"","fileTypesAndContributionMap":{}}]}]},"authorFileTypeContributionMap":{"chanjunlin":{"java":1789,"md":0,"fxml":57,"sh":1,"bat":0,"gradle":8,"txt":12}},"authorContributionVariance":{"chanjunlin":52764.348},"authorDisplayNameMap":{"chanjunlin":"CS2103T-T13-2 CHAN.. LIN"}}
