[{"path":"src/main/java/Angela.java","fileType":"java","lines":[{"lineNumber":1,"author":{"gitId":"Ditzchann"},"content":"import java.util.Scanner;","lastModifiedDate":"2025-01-23","isFullCredit":false},{"lineNumber":2,"author":{"gitId":"Ditzchann"},"content":"public class Angela {","lastModifiedDate":"2025-01-23","isFullCredit":false},{"lineNumber":3,"author":{"gitId":"Ditzchann"},"content":"    public static void main(String[] args) {","lastModifiedDate":"2025-01-23","isFullCredit":false},{"lineNumber":4,"author":{"gitId":"Ditzchann"},"content":"        Scanner textIn \u003d new Scanner(System.in);","lastModifiedDate":"2025-01-23","isFullCredit":false},{"lineNumber":5,"author":{"gitId":"Ditzchann"},"content":"        String input;","lastModifiedDate":"2025-01-23","isFullCredit":false},{"lineNumber":6,"author":{"gitId":"Ditzchann"},"content":"        output(\"\"\"","lastModifiedDate":"2025-01-23","isFullCredit":false},{"lineNumber":7,"author":{"gitId":"Ditzchann"},"content":"\t\t\t\tHello X. I am Angela, your advisor and secretary.\\s","lastModifiedDate":"2025-01-23","isFullCredit":false},{"lineNumber":8,"author":{"gitId":"Ditzchann"},"content":"\t\t\t\tMy role as an AI is to assist you in adjusting to your \\s","lastModifiedDate":"2025-01-23","isFullCredit":false},{"lineNumber":9,"author":{"gitId":"Ditzchann"},"content":"\t\t\t\tnew workplace.\\s","lastModifiedDate":"2025-01-23","isFullCredit":false},{"lineNumber":10,"author":{"gitId":"Ditzchann"},"content":"\t\t\t\tWhat can I do for you, Manager?\"\"\", true);","lastModifiedDate":"2025-01-23","isFullCredit":false},{"lineNumber":11,"author":{"gitId":"Ditzchann"},"content":"        do {","lastModifiedDate":"2025-01-23","isFullCredit":false},{"lineNumber":12,"author":{"gitId":"Ditzchann"},"content":"            input \u003d textIn.nextLine();","lastModifiedDate":"2025-01-23","isFullCredit":false},{"lineNumber":13,"author":{"gitId":"Ditzchann"},"content":"            if (!input.equals(\"bye\")) {","lastModifiedDate":"2025-01-23","isFullCredit":false},{"lineNumber":14,"author":{"gitId":"Ditzchann"},"content":"                output(input, true);","lastModifiedDate":"2025-01-23","isFullCredit":false},{"lineNumber":15,"author":{"gitId":"Ditzchann"},"content":"            }","lastModifiedDate":"2025-01-23","isFullCredit":false},{"lineNumber":16,"author":{"gitId":"Ditzchann"},"content":"        } while (!input.equals(\"bye\"));","lastModifiedDate":"2025-01-23","isFullCredit":false},{"lineNumber":17,"author":{"gitId":"Ditzchann"},"content":"        exit();","lastModifiedDate":"2025-01-23","isFullCredit":false},{"lineNumber":18,"author":{"gitId":"Ditzchann"},"content":"    }","lastModifiedDate":"2025-01-23","isFullCredit":false},{"lineNumber":19,"author":{"gitId":"Ditzchann"},"content":"","lastModifiedDate":"2025-01-23","isFullCredit":false},{"lineNumber":20,"author":{"gitId":"Ditzchann"},"content":"    public static void output(String text, Boolean head) {","lastModifiedDate":"2025-01-23","isFullCredit":false},{"lineNumber":21,"author":{"gitId":"Ditzchann"},"content":"        if (head) {","lastModifiedDate":"2025-01-23","isFullCredit":false},{"lineNumber":22,"author":{"gitId":"Ditzchann"},"content":"            System.out.println(\"____________________________________________________________\");","lastModifiedDate":"2025-01-23","isFullCredit":false},{"lineNumber":23,"author":{"gitId":"Ditzchann"},"content":"        }","lastModifiedDate":"2025-01-23","isFullCredit":false},{"lineNumber":24,"author":{"gitId":"Ditzchann"},"content":"        output(text);","lastModifiedDate":"2025-01-23","isFullCredit":false},{"lineNumber":25,"author":{"gitId":"Ditzchann"},"content":"    }","lastModifiedDate":"2025-01-23","isFullCredit":false},{"lineNumber":26,"author":{"gitId":"Ditzchann"},"content":"    public static void output(String text) {","lastModifiedDate":"2025-01-23","isFullCredit":false},{"lineNumber":27,"author":{"gitId":"Ditzchann"},"content":"        System.out.println(text);","lastModifiedDate":"2025-01-23","isFullCredit":false},{"lineNumber":28,"author":{"gitId":"Ditzchann"},"content":"        System.out.println(\"____________________________________________________________\");","lastModifiedDate":"2025-01-23","isFullCredit":false},{"lineNumber":29,"author":{"gitId":"Ditzchann"},"content":"    }","lastModifiedDate":"2025-01-23","isFullCredit":false},{"lineNumber":30,"author":{"gitId":"Ditzchann"},"content":"","lastModifiedDate":"2025-01-23","isFullCredit":false},{"lineNumber":31,"author":{"gitId":"Ditzchann"},"content":"    public static void exit() {","lastModifiedDate":"2025-01-23","isFullCredit":false},{"lineNumber":32,"author":{"gitId":"Ditzchann"},"content":"        output(\"Thank you for your hard work, Manager.\");","lastModifiedDate":"2025-01-23","isFullCredit":false},{"lineNumber":33,"author":{"gitId":"Ditzchann"},"content":"    }","lastModifiedDate":"2025-01-23","isFullCredit":false},{"lineNumber":34,"author":{"gitId":"Ditzchann"},"content":"}","lastModifiedDate":"2025-01-23","isFullCredit":false}],"authorContributionMap":{"Ditzchann":34}}]
