[{"path":"src/main/java/Angela.java","fileType":"java","lines":[{"lineNumber":1,"author":{"gitId":"Ditzchann"},"content":"import java.util.Scanner;","lastModifiedDate":"2025-01-23","isFullCredit":false},{"lineNumber":2,"author":{"gitId":"Ditzchann"},"content":"import java.util.List;","lastModifiedDate":"2025-01-24","isFullCredit":false},{"lineNumber":3,"author":{"gitId":"Ditzchann"},"content":"","lastModifiedDate":"2025-01-24","isFullCredit":false},{"lineNumber":4,"author":{"gitId":"Ditzchann"},"content":"public class Angela {","lastModifiedDate":"2025-01-23","isFullCredit":false},{"lineNumber":5,"author":{"gitId":"Ditzchann"},"content":"    public static void main(String[] args) {","lastModifiedDate":"2025-01-23","isFullCredit":false},{"lineNumber":6,"author":{"gitId":"Ditzchann"},"content":"        Processor process \u003d new Processor();","lastModifiedDate":"2025-01-24","isFullCredit":false},{"lineNumber":7,"author":{"gitId":"Ditzchann"},"content":"        output(\"\"\"","lastModifiedDate":"2025-01-23","isFullCredit":false},{"lineNumber":8,"author":{"gitId":"Ditzchann"},"content":"\t\t\t\tHello X. I am Angela, your advisor and secretary.\\s ","lastModifiedDate":"2025-01-23","isFullCredit":false},{"lineNumber":9,"author":{"gitId":"Ditzchann"},"content":"\t\t\t\tMy role as an AI is to assist you in adjusting to your \\s","lastModifiedDate":"2025-01-23","isFullCredit":false},{"lineNumber":10,"author":{"gitId":"Ditzchann"},"content":"\t\t\t\tnew workplace.\\s","lastModifiedDate":"2025-01-23","isFullCredit":false},{"lineNumber":11,"author":{"gitId":"Ditzchann"},"content":"\t\t\t\tWhat can I do for you, Manager?\"\"\", true);","lastModifiedDate":"2025-01-23","isFullCredit":false},{"lineNumber":12,"author":{"gitId":"Ditzchann"},"content":"        process.start();","lastModifiedDate":"2025-01-24","isFullCredit":false},{"lineNumber":13,"author":{"gitId":"Ditzchann"},"content":"        exit();","lastModifiedDate":"2025-01-23","isFullCredit":false},{"lineNumber":14,"author":{"gitId":"Ditzchann"},"content":"    }","lastModifiedDate":"2025-01-23","isFullCredit":false},{"lineNumber":15,"author":{"gitId":"Ditzchann"},"content":"","lastModifiedDate":"2025-01-23","isFullCredit":false},{"lineNumber":16,"author":{"gitId":"Ditzchann"},"content":"    public static void output(String text, Boolean head) {","lastModifiedDate":"2025-01-23","isFullCredit":false},{"lineNumber":17,"author":{"gitId":"Ditzchann"},"content":"        if (head) {","lastModifiedDate":"2025-01-23","isFullCredit":false},{"lineNumber":18,"author":{"gitId":"Ditzchann"},"content":"            System.out.println(\"____________________________________________________________\");","lastModifiedDate":"2025-01-23","isFullCredit":false},{"lineNumber":19,"author":{"gitId":"Ditzchann"},"content":"        }","lastModifiedDate":"2025-01-23","isFullCredit":false},{"lineNumber":20,"author":{"gitId":"Ditzchann"},"content":"        output(text);","lastModifiedDate":"2025-01-23","isFullCredit":false},{"lineNumber":21,"author":{"gitId":"Ditzchann"},"content":"    }","lastModifiedDate":"2025-01-23","isFullCredit":false},{"lineNumber":22,"author":{"gitId":"Ditzchann"},"content":"    public static void output(String text) {","lastModifiedDate":"2025-01-23","isFullCredit":false},{"lineNumber":23,"author":{"gitId":"Ditzchann"},"content":"        System.out.println(text);","lastModifiedDate":"2025-01-23","isFullCredit":false},{"lineNumber":24,"author":{"gitId":"Ditzchann"},"content":"        System.out.println(\"____________________________________________________________\");","lastModifiedDate":"2025-01-23","isFullCredit":false},{"lineNumber":25,"author":{"gitId":"Ditzchann"},"content":"    }","lastModifiedDate":"2025-01-23","isFullCredit":false},{"lineNumber":26,"author":{"gitId":"Ditzchann"},"content":"","lastModifiedDate":"2025-01-23","isFullCredit":false},{"lineNumber":27,"author":{"gitId":"Ditzchann"},"content":"    public static void exit() {","lastModifiedDate":"2025-01-23","isFullCredit":false},{"lineNumber":28,"author":{"gitId":"Ditzchann"},"content":"        output(\"Thank you for your hard work, Manager.\");","lastModifiedDate":"2025-01-23","isFullCredit":false},{"lineNumber":29,"author":{"gitId":"Ditzchann"},"content":"    }","lastModifiedDate":"2025-01-23","isFullCredit":false},{"lineNumber":30,"author":{"gitId":"Ditzchann"},"content":"}","lastModifiedDate":"2025-01-23","isFullCredit":false}],"authorContributionMap":{"Ditzchann":30}},{"path":"src/main/java/DeadlineTask.java","fileType":"java","lines":[{"lineNumber":1,"author":{"gitId":"Ditzchann"},"content":"public class DeadlineTask extends Task{","lastModifiedDate":"2025-02-06","isFullCredit":false},{"lineNumber":2,"author":{"gitId":"Ditzchann"},"content":"\tprivate String by;","lastModifiedDate":"2025-02-06","isFullCredit":false},{"lineNumber":3,"author":{"gitId":"Ditzchann"},"content":"\tpublic DeadlineTask(String name, String by) {","lastModifiedDate":"2025-02-06","isFullCredit":false},{"lineNumber":4,"author":{"gitId":"Ditzchann"},"content":"\t\tsuper(name);","lastModifiedDate":"2025-02-06","isFullCredit":false},{"lineNumber":5,"author":{"gitId":"Ditzchann"},"content":"\t\tthis.by \u003d by;","lastModifiedDate":"2025-02-06","isFullCredit":false},{"lineNumber":6,"author":{"gitId":"Ditzchann"},"content":"\t}","lastModifiedDate":"2025-02-06","isFullCredit":false},{"lineNumber":7,"author":{"gitId":"Ditzchann"},"content":"","lastModifiedDate":"2025-02-06","isFullCredit":false},{"lineNumber":8,"author":{"gitId":"Ditzchann"},"content":"\t@Override","lastModifiedDate":"2025-02-06","isFullCredit":false},{"lineNumber":9,"author":{"gitId":"Ditzchann"},"content":"\tpublic String toString() {","lastModifiedDate":"2025-02-06","isFullCredit":false},{"lineNumber":10,"author":{"gitId":"Ditzchann"},"content":"\t\treturn \"[D]\" + super.toString()  + \" (by: \" + by + \")\";","lastModifiedDate":"2025-02-06","isFullCredit":false},{"lineNumber":11,"author":{"gitId":"Ditzchann"},"content":"\t}","lastModifiedDate":"2025-02-06","isFullCredit":false},{"lineNumber":12,"author":{"gitId":"Ditzchann"},"content":"}","lastModifiedDate":"2025-02-06","isFullCredit":false}],"authorContributionMap":{"Ditzchann":12}},{"path":"src/main/java/EventTask.java","fileType":"java","lines":[{"lineNumber":1,"author":{"gitId":"Ditzchann"},"content":"public class EventTask extends Task {","lastModifiedDate":"2025-02-06","isFullCredit":false},{"lineNumber":2,"author":{"gitId":"Ditzchann"},"content":"\tprivate String from;","lastModifiedDate":"2025-02-06","isFullCredit":false},{"lineNumber":3,"author":{"gitId":"Ditzchann"},"content":"\tprivate String to;","lastModifiedDate":"2025-02-06","isFullCredit":false},{"lineNumber":4,"author":{"gitId":"Ditzchann"},"content":"","lastModifiedDate":"2025-02-06","isFullCredit":false},{"lineNumber":5,"author":{"gitId":"Ditzchann"},"content":"\tpublic EventTask(String name, String from, String to) {","lastModifiedDate":"2025-02-06","isFullCredit":false},{"lineNumber":6,"author":{"gitId":"Ditzchann"},"content":"\t\tsuper(name);","lastModifiedDate":"2025-02-06","isFullCredit":false},{"lineNumber":7,"author":{"gitId":"Ditzchann"},"content":"\t\tthis.from \u003d from;","lastModifiedDate":"2025-02-06","isFullCredit":false},{"lineNumber":8,"author":{"gitId":"Ditzchann"},"content":"\t\tthis.to \u003d to;","lastModifiedDate":"2025-02-06","isFullCredit":false},{"lineNumber":9,"author":{"gitId":"Ditzchann"},"content":"\t}","lastModifiedDate":"2025-02-06","isFullCredit":false},{"lineNumber":10,"author":{"gitId":"Ditzchann"},"content":"","lastModifiedDate":"2025-02-06","isFullCredit":false},{"lineNumber":11,"author":{"gitId":"Ditzchann"},"content":"\t@Override","lastModifiedDate":"2025-02-06","isFullCredit":false},{"lineNumber":12,"author":{"gitId":"Ditzchann"},"content":"\tpublic String toString() {","lastModifiedDate":"2025-02-06","isFullCredit":false},{"lineNumber":13,"author":{"gitId":"Ditzchann"},"content":"\t\treturn \"[E]\" + super.toString()  + \" (from: \" + from + \" to \" + to + \")\";","lastModifiedDate":"2025-02-06","isFullCredit":false},{"lineNumber":14,"author":{"gitId":"Ditzchann"},"content":"\t}","lastModifiedDate":"2025-02-06","isFullCredit":false},{"lineNumber":15,"author":{"gitId":"Ditzchann"},"content":"}","lastModifiedDate":"2025-02-06","isFullCredit":false}],"authorContributionMap":{"Ditzchann":15}},{"path":"src/main/java/Processor.java","fileType":"java","lines":[{"lineNumber":1,"author":{"gitId":"Ditzchann"},"content":"import java.util.ArrayList;","lastModifiedDate":"2025-01-24","isFullCredit":false},{"lineNumber":2,"author":{"gitId":"Ditzchann"},"content":"import java.util.Scanner;","lastModifiedDate":"2025-01-24","isFullCredit":false},{"lineNumber":3,"author":{"gitId":"Ditzchann"},"content":"import java.util.List;","lastModifiedDate":"2025-01-24","isFullCredit":false},{"lineNumber":4,"author":{"gitId":"Ditzchann"},"content":"import java.util.regex.Matcher;","lastModifiedDate":"2025-02-06","isFullCredit":false},{"lineNumber":5,"author":{"gitId":"Ditzchann"},"content":"import java.util.regex.Pattern;","lastModifiedDate":"2025-02-06","isFullCredit":false},{"lineNumber":6,"author":{"gitId":"Ditzchann"},"content":"","lastModifiedDate":"2025-01-24","isFullCredit":false},{"lineNumber":7,"author":{"gitId":"Ditzchann"},"content":"public class Processor {","lastModifiedDate":"2025-01-24","isFullCredit":false},{"lineNumber":8,"author":{"gitId":"Ditzchann"},"content":"\tprivate List\u003cTask\u003e store \u003d new ArrayList\u003c\u003e();","lastModifiedDate":"2025-02-05","isFullCredit":false},{"lineNumber":9,"author":{"gitId":"Ditzchann"},"content":"","lastModifiedDate":"2025-02-06","isFullCredit":false},{"lineNumber":10,"author":{"gitId":"Ditzchann"},"content":"\tpublic Processor()  {","lastModifiedDate":"2025-01-24","isFullCredit":false},{"lineNumber":11,"author":{"gitId":"Ditzchann"},"content":"","lastModifiedDate":"2025-01-24","isFullCredit":false},{"lineNumber":12,"author":{"gitId":"Ditzchann"},"content":"\t}","lastModifiedDate":"2025-01-24","isFullCredit":false},{"lineNumber":13,"author":{"gitId":"Ditzchann"},"content":"","lastModifiedDate":"2025-02-06","isFullCredit":false},{"lineNumber":14,"author":{"gitId":"Ditzchann"},"content":"\tpublic static void output(String text, Boolean head) {","lastModifiedDate":"2025-01-24","isFullCredit":false},{"lineNumber":15,"author":{"gitId":"Ditzchann"},"content":"\t\tif (head) {","lastModifiedDate":"2025-01-24","isFullCredit":false},{"lineNumber":16,"author":{"gitId":"Ditzchann"},"content":"\t\t\tSystem.out.println(\"____________________________________________________________\");","lastModifiedDate":"2025-01-24","isFullCredit":false},{"lineNumber":17,"author":{"gitId":"Ditzchann"},"content":"\t\t}","lastModifiedDate":"2025-01-24","isFullCredit":false},{"lineNumber":18,"author":{"gitId":"Ditzchann"},"content":"\t\toutput(text);","lastModifiedDate":"2025-01-24","isFullCredit":false},{"lineNumber":19,"author":{"gitId":"Ditzchann"},"content":"\t}","lastModifiedDate":"2025-01-24","isFullCredit":false},{"lineNumber":20,"author":{"gitId":"Ditzchann"},"content":"","lastModifiedDate":"2025-02-06","isFullCredit":false},{"lineNumber":21,"author":{"gitId":"Ditzchann"},"content":"\tpublic static void output(String text) {","lastModifiedDate":"2025-01-24","isFullCredit":false},{"lineNumber":22,"author":{"gitId":"Ditzchann"},"content":"\t\tSystem.out.println(text);","lastModifiedDate":"2025-01-24","isFullCredit":false},{"lineNumber":23,"author":{"gitId":"Ditzchann"},"content":"\t\tSystem.out.println(\"____________________________________________________________\");","lastModifiedDate":"2025-01-24","isFullCredit":false},{"lineNumber":24,"author":{"gitId":"Ditzchann"},"content":"\t}","lastModifiedDate":"2025-01-24","isFullCredit":false},{"lineNumber":25,"author":{"gitId":"Ditzchann"},"content":"","lastModifiedDate":"2025-02-06","isFullCredit":false},{"lineNumber":26,"author":{"gitId":"Ditzchann"},"content":"\tpublic void start() { //move stuff here to Angela.java","lastModifiedDate":"2025-02-05","isFullCredit":false},{"lineNumber":27,"author":{"gitId":"Ditzchann"},"content":"\t\tScanner textIn \u003d new Scanner(System.in);","lastModifiedDate":"2025-01-24","isFullCredit":false},{"lineNumber":28,"author":{"gitId":"Ditzchann"},"content":"\t\tString input;","lastModifiedDate":"2025-01-24","isFullCredit":false},{"lineNumber":29,"author":{"gitId":"Ditzchann"},"content":"\t\tdo {","lastModifiedDate":"2025-01-24","isFullCredit":false},{"lineNumber":30,"author":{"gitId":"Ditzchann"},"content":"\t\t\tinput \u003d textIn.nextLine();","lastModifiedDate":"2025-01-24","isFullCredit":false},{"lineNumber":31,"author":{"gitId":"Ditzchann"},"content":"\t\t\tif (input.equalsIgnoreCase(\"list\")) {","lastModifiedDate":"2025-01-24","isFullCredit":false},{"lineNumber":32,"author":{"gitId":"Ditzchann"},"content":"\t\t\t\tprintList();","lastModifiedDate":"2025-02-05","isFullCredit":false},{"lineNumber":33,"author":{"gitId":"Ditzchann"},"content":"\t\t\t} else if (input.length() \u003e\u003d 4 \u0026\u0026 input.substring(0, 4).equalsIgnoreCase(\"mark\")) { //probably move this in the future","lastModifiedDate":"2025-02-06","isFullCredit":false},{"lineNumber":34,"author":{"gitId":"Ditzchann"},"content":"\t\t\t\tif (input.length() \u003c 6 || !input.substring(5).matches(\"[0-9]+\")) {","lastModifiedDate":"2025-02-06","isFullCredit":false},{"lineNumber":35,"author":{"gitId":"Ditzchann"},"content":"\t\t\t\t\tprintError(0);","lastModifiedDate":"2025-02-06","isFullCredit":false},{"lineNumber":36,"author":{"gitId":"Ditzchann"},"content":"\t\t\t\t} else {","lastModifiedDate":"2025-02-06","isFullCredit":false},{"lineNumber":37,"author":{"gitId":"Ditzchann"},"content":"\t\t\t\t\tmarkDone(Integer.parseInt(input.substring(5)));","lastModifiedDate":"2025-02-06","isFullCredit":false},{"lineNumber":38,"author":{"gitId":"Ditzchann"},"content":"\t\t\t\t}","lastModifiedDate":"2025-02-06","isFullCredit":false},{"lineNumber":39,"author":{"gitId":"Ditzchann"},"content":"\t\t\t} else if (input.length() \u003e\u003d 6 \u0026\u0026 input.substring(0, 6).equalsIgnoreCase(\"unmark\")) {","lastModifiedDate":"2025-02-06","isFullCredit":false},{"lineNumber":40,"author":{"gitId":"Ditzchann"},"content":"\t\t\t\tif (input.length() \u003c 8 || !input.substring(7).matches(\"[0-9]+\")) {","lastModifiedDate":"2025-02-06","isFullCredit":false},{"lineNumber":41,"author":{"gitId":"Ditzchann"},"content":"\t\t\t\t\tprintError(0);","lastModifiedDate":"2025-02-06","isFullCredit":false},{"lineNumber":42,"author":{"gitId":"Ditzchann"},"content":"\t\t\t\t} else {","lastModifiedDate":"2025-02-06","isFullCredit":false},{"lineNumber":43,"author":{"gitId":"Ditzchann"},"content":"\t\t\t\t\tmarkUndone(Integer.parseInt(input.substring(7)));","lastModifiedDate":"2025-02-06","isFullCredit":false},{"lineNumber":44,"author":{"gitId":"Ditzchann"},"content":"\t\t\t\t}","lastModifiedDate":"2025-02-06","isFullCredit":false},{"lineNumber":45,"author":{"gitId":"Ditzchann"},"content":"\t\t\t} else if (input.length() \u003e\u003d 4 \u0026\u0026 input.substring(0, 4).equalsIgnoreCase(\"todo\")) {","lastModifiedDate":"2025-02-06","isFullCredit":false},{"lineNumber":46,"author":{"gitId":"Ditzchann"},"content":"\t\t\t\tString name \u003d trimInput(input);","lastModifiedDate":"2025-02-07","isFullCredit":false},{"lineNumber":47,"author":{"gitId":"Ditzchann"},"content":"\t\t\t\taddTask(name);","lastModifiedDate":"2025-02-07","isFullCredit":false},{"lineNumber":48,"author":{"gitId":"Ditzchann"},"content":"\t\t\t} else if (input.length() \u003e\u003d 8 \u0026\u0026 input.substring(0, 8).equalsIgnoreCase(\"deadline\")) {","lastModifiedDate":"2025-02-06","isFullCredit":false},{"lineNumber":49,"author":{"gitId":"Ditzchann"},"content":"\t\t\t\tString name \u003d trimInput(input);","lastModifiedDate":"2025-02-06","isFullCredit":false},{"lineNumber":50,"author":{"gitId":"Ditzchann"},"content":"\t\t\t\tString by \u003d trimInput(input, \"by\");","lastModifiedDate":"2025-02-06","isFullCredit":false},{"lineNumber":51,"author":{"gitId":"Ditzchann"},"content":"\t\t\t\taddTask(name, by);","lastModifiedDate":"2025-02-07","isFullCredit":false},{"lineNumber":52,"author":{"gitId":"Ditzchann"},"content":"\t\t\t} else if (input.length() \u003e\u003d 5 \u0026\u0026 input.substring(0, 5).equalsIgnoreCase(\"event\")) {","lastModifiedDate":"2025-02-06","isFullCredit":false},{"lineNumber":53,"author":{"gitId":"Ditzchann"},"content":"\t\t\t\tString name \u003d trimInput(input);","lastModifiedDate":"2025-02-07","isFullCredit":false},{"lineNumber":54,"author":{"gitId":"Ditzchann"},"content":"\t\t\t\tString by \u003d trimInput(input, \"from\"); //input validation zzzz","lastModifiedDate":"2025-02-07","isFullCredit":false},{"lineNumber":55,"author":{"gitId":"Ditzchann"},"content":"\t\t\t\tString to \u003d trimInput(input, \"to\");","lastModifiedDate":"2025-02-07","isFullCredit":false},{"lineNumber":56,"author":{"gitId":"Ditzchann"},"content":"\t\t\t\taddTask(name, by, to);","lastModifiedDate":"2025-02-07","isFullCredit":false},{"lineNumber":57,"author":{"gitId":"Ditzchann"},"content":"\t\t\t} else if (!input.equalsIgnoreCase(\"bye\")) {","lastModifiedDate":"2025-02-05","isFullCredit":false},{"lineNumber":58,"author":{"gitId":"Ditzchann"},"content":"\t\t\t\taddTask(input);","lastModifiedDate":"2025-02-05","isFullCredit":false},{"lineNumber":59,"author":{"gitId":"Ditzchann"},"content":"\t\t\t}","lastModifiedDate":"2025-02-05","isFullCredit":false},{"lineNumber":60,"author":{"gitId":"Ditzchann"},"content":"\t\t} while (!input.equals(\"bye\"));","lastModifiedDate":"2025-02-05","isFullCredit":false},{"lineNumber":61,"author":{"gitId":"Ditzchann"},"content":"\t}","lastModifiedDate":"2025-02-05","isFullCredit":false},{"lineNumber":62,"author":{"gitId":"Ditzchann"},"content":"","lastModifiedDate":"2025-02-06","isFullCredit":false},{"lineNumber":63,"author":{"gitId":"Ditzchann"},"content":"\tpublic void printList() {","lastModifiedDate":"2025-02-05","isFullCredit":false},{"lineNumber":64,"author":{"gitId":"Ditzchann"},"content":"\t\tString out \u003d \"\";","lastModifiedDate":"2025-01-24","isFullCredit":false},{"lineNumber":65,"author":{"gitId":"Ditzchann"},"content":"\t\tint i \u003d 1;","lastModifiedDate":"2025-01-24","isFullCredit":false},{"lineNumber":66,"author":{"gitId":"Ditzchann"},"content":"\t\tfor (Task t: store) {","lastModifiedDate":"2025-02-05","isFullCredit":false},{"lineNumber":67,"author":{"gitId":"Ditzchann"},"content":"\t\t\tout \u003d out.concat(i + \". \" + t.toString() + \"\\n\");","lastModifiedDate":"2025-02-05","isFullCredit":false},{"lineNumber":68,"author":{"gitId":"Ditzchann"},"content":"\t\t\ti++;","lastModifiedDate":"2025-01-24","isFullCredit":false},{"lineNumber":69,"author":{"gitId":"Ditzchann"},"content":"\t\t}","lastModifiedDate":"2025-01-24","isFullCredit":false},{"lineNumber":70,"author":{"gitId":"Ditzchann"},"content":"\t\toutput(out.trim(), true);","lastModifiedDate":"2025-02-05","isFullCredit":false},{"lineNumber":71,"author":{"gitId":"Ditzchann"},"content":"\t}","lastModifiedDate":"2025-01-24","isFullCredit":false},{"lineNumber":72,"author":{"gitId":"Ditzchann"},"content":"","lastModifiedDate":"2025-02-06","isFullCredit":false},{"lineNumber":73,"author":{"gitId":"Ditzchann"},"content":"\tpublic void addTask(String input) {","lastModifiedDate":"2025-02-05","isFullCredit":false},{"lineNumber":74,"author":{"gitId":"Ditzchann"},"content":"\t\tTask t \u003d new ToDoTask((input));","lastModifiedDate":"2025-02-07","isFullCredit":false},{"lineNumber":75,"author":{"gitId":"Ditzchann"},"content":"\t\tstore.add(t);","lastModifiedDate":"2025-02-07","isFullCredit":false},{"lineNumber":76,"author":{"gitId":"Ditzchann"},"content":"\t\toutput(\"Did the Sephira give you a new task again?\\n\" + t +","lastModifiedDate":"2025-02-07","isFullCredit":false},{"lineNumber":77,"author":{"gitId":"Ditzchann"},"content":"\t\t\t\t\"\\nTask added, you now have \" + store.size() + \" tasks left.\", true);","lastModifiedDate":"2025-02-07","isFullCredit":false},{"lineNumber":78,"author":{"gitId":"Ditzchann"},"content":"\t}","lastModifiedDate":"2025-01-24","isFullCredit":false},{"lineNumber":79,"author":{"gitId":"Ditzchann"},"content":"","lastModifiedDate":"2025-02-06","isFullCredit":false},{"lineNumber":80,"author":{"gitId":"Ditzchann"},"content":"\tpublic void addTask(String input, String by) {","lastModifiedDate":"2025-02-07","isFullCredit":false},{"lineNumber":81,"author":{"gitId":"Ditzchann"},"content":"\t\tTask t \u003d new DeadlineTask(input, by);","lastModifiedDate":"2025-02-07","isFullCredit":false},{"lineNumber":82,"author":{"gitId":"Ditzchann"},"content":"\t\tstore.add(t);","lastModifiedDate":"2025-02-07","isFullCredit":false},{"lineNumber":83,"author":{"gitId":"Ditzchann"},"content":"\t\toutput(\"A new energy quota to achieve. Please work hard, Manager.\\n\" + t +","lastModifiedDate":"2025-02-07","isFullCredit":false},{"lineNumber":84,"author":{"gitId":"Ditzchann"},"content":"\t\t\t\t\"\\nTask added, you now have \" + store.size() + \" tasks left.\", true);","lastModifiedDate":"2025-02-07","isFullCredit":false},{"lineNumber":85,"author":{"gitId":"Ditzchann"},"content":"\t}","lastModifiedDate":"2025-02-07","isFullCredit":false},{"lineNumber":86,"author":{"gitId":"Ditzchann"},"content":"","lastModifiedDate":"2025-02-07","isFullCredit":false},{"lineNumber":87,"author":{"gitId":"Ditzchann"},"content":"\tpublic void addTask(String input, String from, String to) {","lastModifiedDate":"2025-02-07","isFullCredit":false},{"lineNumber":88,"author":{"gitId":"Ditzchann"},"content":"\t\tTask t \u003d new EventTask(input, from, to);","lastModifiedDate":"2025-02-07","isFullCredit":false},{"lineNumber":89,"author":{"gitId":"Ditzchann"},"content":"\t\tstore.add(t);","lastModifiedDate":"2025-02-07","isFullCredit":false},{"lineNumber":90,"author":{"gitId":"Ditzchann"},"content":"\t\toutput(\"Dawn arrives, with it comes a new Ordeal. Please take care of it, Manager.\\n\" + t +","lastModifiedDate":"2025-02-07","isFullCredit":false},{"lineNumber":91,"author":{"gitId":"Ditzchann"},"content":"\t\t\t\t\"\\nTask added, you now have \" + store.size() + \" tasks left.\", true);","lastModifiedDate":"2025-02-07","isFullCredit":false},{"lineNumber":92,"author":{"gitId":"Ditzchann"},"content":"\t}","lastModifiedDate":"2025-02-07","isFullCredit":false},{"lineNumber":93,"author":{"gitId":"Ditzchann"},"content":"","lastModifiedDate":"2025-02-06","isFullCredit":false},{"lineNumber":94,"author":{"gitId":"Ditzchann"},"content":"\tpublic void markDone(int input) {","lastModifiedDate":"2025-02-06","isFullCredit":false},{"lineNumber":95,"author":{"gitId":"Ditzchann"},"content":"\t\t//move validation here","lastModifiedDate":"2025-02-06","isFullCredit":false},{"lineNumber":96,"author":{"gitId":"Ditzchann"},"content":"\t\tstore.get(input - 1).doTask();","lastModifiedDate":"2025-02-06","isFullCredit":false},{"lineNumber":97,"author":{"gitId":"Ditzchann"},"content":"\t\toutput(\"Exceptional work Manager. The task has been marked as done.\\n\" + store.get(input - 1));","lastModifiedDate":"2025-02-06","isFullCredit":false},{"lineNumber":98,"author":{"gitId":"Ditzchann"},"content":"\t}","lastModifiedDate":"2025-02-06","isFullCredit":false},{"lineNumber":99,"author":{"gitId":"Ditzchann"},"content":"","lastModifiedDate":"2025-02-06","isFullCredit":false},{"lineNumber":100,"author":{"gitId":"Ditzchann"},"content":"\tpublic void markUndone(int input) {","lastModifiedDate":"2025-02-06","isFullCredit":false},{"lineNumber":101,"author":{"gitId":"Ditzchann"},"content":"\t\tstore.get(input - 1).undoTask();","lastModifiedDate":"2025-02-06","isFullCredit":false},{"lineNumber":102,"author":{"gitId":"Ditzchann"},"content":"\t\toutput(\"More work for the Manager. The task has been undone.\\n\" + store.get(input - 1));","lastModifiedDate":"2025-02-06","isFullCredit":false},{"lineNumber":103,"author":{"gitId":"Ditzchann"},"content":"\t}","lastModifiedDate":"2025-02-06","isFullCredit":false},{"lineNumber":104,"author":{"gitId":"Ditzchann"},"content":"","lastModifiedDate":"2025-02-06","isFullCredit":false},{"lineNumber":105,"author":{"gitId":"Ditzchann"},"content":"\tpublic void printError(int err) {","lastModifiedDate":"2025-02-06","isFullCredit":false},{"lineNumber":106,"author":{"gitId":"Ditzchann"},"content":"\t\tif (err \u003d\u003d 0) {","lastModifiedDate":"2025-02-06","isFullCredit":false},{"lineNumber":107,"author":{"gitId":"Ditzchann"},"content":"\t\t\toutput(\"Manager, I believe the instructions to use the command was written in the manual.\\n\" +","lastModifiedDate":"2025-02-06","isFullCredit":false},{"lineNumber":108,"author":{"gitId":"Ditzchann"},"content":"\t\t\t\t\t\"Please enter the command with the correct syntax.\");","lastModifiedDate":"2025-02-06","isFullCredit":false},{"lineNumber":109,"author":{"gitId":"Ditzchann"},"content":"\t\t}","lastModifiedDate":"2025-02-06","isFullCredit":false},{"lineNumber":110,"author":{"gitId":"Ditzchann"},"content":"\t}","lastModifiedDate":"2025-02-06","isFullCredit":false},{"lineNumber":111,"author":{"gitId":"Ditzchann"},"content":"","lastModifiedDate":"2025-02-06","isFullCredit":false},{"lineNumber":112,"author":{"gitId":"Ditzchann"},"content":"\tpublic String trimInput(String input) {","lastModifiedDate":"2025-02-06","isFullCredit":false},{"lineNumber":113,"author":{"gitId":"Ditzchann"},"content":"\t\tint i \u003d 0;","lastModifiedDate":"2025-02-06","isFullCredit":false},{"lineNumber":114,"author":{"gitId":"Ditzchann"},"content":"\t\twhile (i \u003c input.length() \u0026\u0026 input.charAt(i) !\u003d \u0027 \u0027) {","lastModifiedDate":"2025-02-06","isFullCredit":false},{"lineNumber":115,"author":{"gitId":"Ditzchann"},"content":"\t\t\ti++;","lastModifiedDate":"2025-02-06","isFullCredit":false},{"lineNumber":116,"author":{"gitId":"Ditzchann"},"content":"\t\t}","lastModifiedDate":"2025-02-06","isFullCredit":false},{"lineNumber":117,"author":{"gitId":"Ditzchann"},"content":"\t\ti++;","lastModifiedDate":"2025-02-06","isFullCredit":false},{"lineNumber":118,"author":{"gitId":"Ditzchann"},"content":"\t\tint start \u003d i;","lastModifiedDate":"2025-02-06","isFullCredit":false},{"lineNumber":119,"author":{"gitId":"Ditzchann"},"content":"\t\twhile (i \u003c input.length() \u0026\u0026 input.charAt(i) !\u003d \u0027/\u0027) {","lastModifiedDate":"2025-02-06","isFullCredit":false},{"lineNumber":120,"author":{"gitId":"Ditzchann"},"content":"\t\t\ti++;","lastModifiedDate":"2025-02-06","isFullCredit":false},{"lineNumber":121,"author":{"gitId":"Ditzchann"},"content":"\t\t}","lastModifiedDate":"2025-02-06","isFullCredit":false},{"lineNumber":122,"author":{"gitId":"Ditzchann"},"content":"\t\treturn input.substring(start, i);","lastModifiedDate":"2025-02-06","isFullCredit":false},{"lineNumber":123,"author":{"gitId":"Ditzchann"},"content":"\t}","lastModifiedDate":"2025-02-06","isFullCredit":false},{"lineNumber":124,"author":{"gitId":"Ditzchann"},"content":"\tpublic String trimInput(String input, String arg) {","lastModifiedDate":"2025-02-06","isFullCredit":false},{"lineNumber":125,"author":{"gitId":"Ditzchann"},"content":"\t\tPattern searchFor \u003d Pattern.compile(\"/\" + arg, Pattern.CASE_INSENSITIVE);","lastModifiedDate":"2025-02-06","isFullCredit":false},{"lineNumber":126,"author":{"gitId":"Ditzchann"},"content":"\t\tMatcher matcher \u003d searchFor.matcher(input);","lastModifiedDate":"2025-02-06","isFullCredit":false},{"lineNumber":127,"author":{"gitId":"Ditzchann"},"content":"\t\tif (matcher.find()) {","lastModifiedDate":"2025-02-06","isFullCredit":false},{"lineNumber":128,"author":{"gitId":"Ditzchann"},"content":"\t\t\tint i \u003d matcher.end();","lastModifiedDate":"2025-02-06","isFullCredit":false},{"lineNumber":129,"author":{"gitId":"Ditzchann"},"content":"\t\t\twhile (i \u003c input.length() \u0026\u0026 input.charAt(i) !\u003d \u0027/\u0027) {","lastModifiedDate":"2025-02-06","isFullCredit":false},{"lineNumber":130,"author":{"gitId":"Ditzchann"},"content":"\t\t\t\ti++;","lastModifiedDate":"2025-02-06","isFullCredit":false},{"lineNumber":131,"author":{"gitId":"Ditzchann"},"content":"\t\t\t}","lastModifiedDate":"2025-02-06","isFullCredit":false},{"lineNumber":132,"author":{"gitId":"Ditzchann"},"content":"\t\t\treturn input.substring(matcher.end() + 1, i);","lastModifiedDate":"2025-02-07","isFullCredit":false},{"lineNumber":133,"author":{"gitId":"Ditzchann"},"content":"\t\t}","lastModifiedDate":"2025-02-06","isFullCredit":false},{"lineNumber":134,"author":{"gitId":"Ditzchann"},"content":"\t\treturn \"\";","lastModifiedDate":"2025-02-06","isFullCredit":false},{"lineNumber":135,"author":{"gitId":"Ditzchann"},"content":"\t}","lastModifiedDate":"2025-02-06","isFullCredit":false},{"lineNumber":136,"author":{"gitId":"Ditzchann"},"content":"}","lastModifiedDate":"2025-01-24","isFullCredit":false}],"authorContributionMap":{"Ditzchann":136}},{"path":"src/main/java/Task.java","fileType":"java","lines":[{"lineNumber":1,"author":{"gitId":"Ditzchann"},"content":"public class Task {","lastModifiedDate":"2025-02-05","isFullCredit":false},{"lineNumber":2,"author":{"gitId":"Ditzchann"},"content":"\tprivate final String name;","lastModifiedDate":"2025-02-05","isFullCredit":false},{"lineNumber":3,"author":{"gitId":"Ditzchann"},"content":"\tprivate boolean done;","lastModifiedDate":"2025-02-05","isFullCredit":false},{"lineNumber":4,"author":{"gitId":"Ditzchann"},"content":"","lastModifiedDate":"2025-02-06","isFullCredit":false},{"lineNumber":5,"author":{"gitId":"Ditzchann"},"content":"\tpublic Task(String name) {","lastModifiedDate":"2025-02-05","isFullCredit":false},{"lineNumber":6,"author":{"gitId":"Ditzchann"},"content":"\t\tthis.name \u003d name;","lastModifiedDate":"2025-02-05","isFullCredit":false},{"lineNumber":7,"author":{"gitId":"Ditzchann"},"content":"\t\tthis.done \u003d false;","lastModifiedDate":"2025-02-05","isFullCredit":false},{"lineNumber":8,"author":{"gitId":"Ditzchann"},"content":"\t}","lastModifiedDate":"2025-02-05","isFullCredit":false},{"lineNumber":9,"author":{"gitId":"Ditzchann"},"content":"","lastModifiedDate":"2025-02-06","isFullCredit":false},{"lineNumber":10,"author":{"gitId":"Ditzchann"},"content":"\tpublic void doTask() {","lastModifiedDate":"2025-02-05","isFullCredit":false},{"lineNumber":11,"author":{"gitId":"Ditzchann"},"content":"\t\tthis.done \u003d true;","lastModifiedDate":"2025-02-05","isFullCredit":false},{"lineNumber":12,"author":{"gitId":"Ditzchann"},"content":"\t}","lastModifiedDate":"2025-02-05","isFullCredit":false},{"lineNumber":13,"author":{"gitId":"Ditzchann"},"content":"","lastModifiedDate":"2025-02-06","isFullCredit":false},{"lineNumber":14,"author":{"gitId":"Ditzchann"},"content":"\tpublic void undoTask() {","lastModifiedDate":"2025-02-06","isFullCredit":false},{"lineNumber":15,"author":{"gitId":"Ditzchann"},"content":"\t\tthis.done \u003d false;","lastModifiedDate":"2025-02-06","isFullCredit":false},{"lineNumber":16,"author":{"gitId":"Ditzchann"},"content":"\t}","lastModifiedDate":"2025-02-06","isFullCredit":false},{"lineNumber":17,"author":{"gitId":"Ditzchann"},"content":"","lastModifiedDate":"2025-02-06","isFullCredit":false},{"lineNumber":18,"author":{"gitId":"Ditzchann"},"content":"\t@Override","lastModifiedDate":"2025-02-06","isFullCredit":false},{"lineNumber":19,"author":{"gitId":"Ditzchann"},"content":"\tpublic String toString() {","lastModifiedDate":"2025-02-05","isFullCredit":false},{"lineNumber":20,"author":{"gitId":"Ditzchann"},"content":"\t\tString out \u003d \"[\";","lastModifiedDate":"2025-02-05","isFullCredit":false},{"lineNumber":21,"author":{"gitId":"Ditzchann"},"content":"\t\tif (this.done) {","lastModifiedDate":"2025-02-05","isFullCredit":false},{"lineNumber":22,"author":{"gitId":"Ditzchann"},"content":"\t\t\tout \u003d out.concat(\"X\");","lastModifiedDate":"2025-02-05","isFullCredit":false},{"lineNumber":23,"author":{"gitId":"Ditzchann"},"content":"\t\t} else {","lastModifiedDate":"2025-02-05","isFullCredit":false},{"lineNumber":24,"author":{"gitId":"Ditzchann"},"content":"\t\t\tout \u003d out.concat(\" \");","lastModifiedDate":"2025-02-05","isFullCredit":false},{"lineNumber":25,"author":{"gitId":"Ditzchann"},"content":"\t\t}","lastModifiedDate":"2025-02-05","isFullCredit":false},{"lineNumber":26,"author":{"gitId":"Ditzchann"},"content":"\t\tout \u003d out.concat(\"] \");","lastModifiedDate":"2025-02-05","isFullCredit":false},{"lineNumber":27,"author":{"gitId":"Ditzchann"},"content":"\t\treturn out + this.name;","lastModifiedDate":"2025-02-05","isFullCredit":false},{"lineNumber":28,"author":{"gitId":"Ditzchann"},"content":"\t}","lastModifiedDate":"2025-02-05","isFullCredit":false},{"lineNumber":29,"author":{"gitId":"Ditzchann"},"content":"}","lastModifiedDate":"2025-02-05","isFullCredit":false}],"authorContributionMap":{"Ditzchann":29}},{"path":"src/main/java/ToDoTask.java","fileType":"java","lines":[{"lineNumber":1,"author":{"gitId":"Ditzchann"},"content":"public class ToDoTask extends Task{","lastModifiedDate":"2025-02-06","isFullCredit":false},{"lineNumber":2,"author":{"gitId":"Ditzchann"},"content":"\tpublic ToDoTask(String name) {","lastModifiedDate":"2025-02-06","isFullCredit":false},{"lineNumber":3,"author":{"gitId":"Ditzchann"},"content":"\t\tsuper(name);","lastModifiedDate":"2025-02-06","isFullCredit":false},{"lineNumber":4,"author":{"gitId":"Ditzchann"},"content":"\t}","lastModifiedDate":"2025-02-06","isFullCredit":false},{"lineNumber":5,"author":{"gitId":"Ditzchann"},"content":"","lastModifiedDate":"2025-02-06","isFullCredit":false},{"lineNumber":6,"author":{"gitId":"Ditzchann"},"content":"\t@Override","lastModifiedDate":"2025-02-06","isFullCredit":false},{"lineNumber":7,"author":{"gitId":"Ditzchann"},"content":"\tpublic String toString() {","lastModifiedDate":"2025-02-06","isFullCredit":false},{"lineNumber":8,"author":{"gitId":"Ditzchann"},"content":"\t\treturn \"[T]\" + super.toString();","lastModifiedDate":"2025-02-06","isFullCredit":false},{"lineNumber":9,"author":{"gitId":"Ditzchann"},"content":"\t}","lastModifiedDate":"2025-02-06","isFullCredit":false},{"lineNumber":10,"author":{"gitId":"Ditzchann"},"content":"}","lastModifiedDate":"2025-02-06","isFullCredit":false}],"authorContributionMap":{"Ditzchann":10}}]
