[{"path":"src/main/java/Angela.java","fileType":"java","lines":[{"lineNumber":1,"author":{"gitId":"Ditzchann"},"content":"import java.util.Scanner;","lastModifiedDate":"2025-01-23","isFullCredit":false},{"lineNumber":2,"author":{"gitId":"Ditzchann"},"content":"import java.util.List;","lastModifiedDate":"2025-01-24","isFullCredit":false},{"lineNumber":3,"author":{"gitId":"Ditzchann"},"content":"","lastModifiedDate":"2025-01-24","isFullCredit":false},{"lineNumber":4,"author":{"gitId":"Ditzchann"},"content":"public class Angela {","lastModifiedDate":"2025-01-23","isFullCredit":false},{"lineNumber":5,"author":{"gitId":"Ditzchann"},"content":"    public static void main(String[] args) {","lastModifiedDate":"2025-01-23","isFullCredit":false},{"lineNumber":6,"author":{"gitId":"Ditzchann"},"content":"        Processor process \u003d new Processor();","lastModifiedDate":"2025-01-24","isFullCredit":false},{"lineNumber":7,"author":{"gitId":"Ditzchann"},"content":"        Output.introOutput();","lastModifiedDate":"2025-02-16","isFullCredit":false},{"lineNumber":8,"author":{"gitId":"Ditzchann"},"content":"        process.start();","lastModifiedDate":"2025-01-24","isFullCredit":false},{"lineNumber":9,"author":{"gitId":"Ditzchann"},"content":"        exit();","lastModifiedDate":"2025-01-23","isFullCredit":false},{"lineNumber":10,"author":{"gitId":"Ditzchann"},"content":"    }","lastModifiedDate":"2025-01-23","isFullCredit":false},{"lineNumber":11,"author":{"gitId":"Ditzchann"},"content":"","lastModifiedDate":"2025-01-23","isFullCredit":false},{"lineNumber":12,"author":{"gitId":"Ditzchann"},"content":"    public static void exit() {","lastModifiedDate":"2025-01-23","isFullCredit":false},{"lineNumber":13,"author":{"gitId":"Ditzchann"},"content":"        Output.exitOutput();","lastModifiedDate":"2025-02-16","isFullCredit":false},{"lineNumber":14,"author":{"gitId":"Ditzchann"},"content":"    }","lastModifiedDate":"2025-01-23","isFullCredit":false},{"lineNumber":15,"author":{"gitId":"Ditzchann"},"content":"}","lastModifiedDate":"2025-01-23","isFullCredit":false}],"authorContributionMap":{"Ditzchann":15}},{"path":"src/main/java/AngelaException.java","fileType":"java","lines":[{"lineNumber":1,"author":{"gitId":"Ditzchann"},"content":"public class AngelaException extends Exception {","lastModifiedDate":"2025-02-16","isFullCredit":false},{"lineNumber":2,"author":{"gitId":"Ditzchann"},"content":"    public AngelaException(String s) {","lastModifiedDate":"2025-02-16","isFullCredit":false},{"lineNumber":3,"author":{"gitId":"Ditzchann"},"content":"        super(s);","lastModifiedDate":"2025-02-16","isFullCredit":false},{"lineNumber":4,"author":{"gitId":"Ditzchann"},"content":"    }","lastModifiedDate":"2025-02-16","isFullCredit":false},{"lineNumber":5,"author":{"gitId":"Ditzchann"},"content":"}","lastModifiedDate":"2025-02-16","isFullCredit":false}],"authorContributionMap":{"Ditzchann":5}},{"path":"src/main/java/DeadlineTask.java","fileType":"java","lines":[{"lineNumber":1,"author":{"gitId":"Ditzchann"},"content":"public class DeadlineTask extends Task{","lastModifiedDate":"2025-02-06","isFullCredit":false},{"lineNumber":2,"author":{"gitId":"Ditzchann"},"content":"\tprivate String by;","lastModifiedDate":"2025-02-06","isFullCredit":false},{"lineNumber":3,"author":{"gitId":"Ditzchann"},"content":"\tpublic DeadlineTask(String name, String by) {","lastModifiedDate":"2025-02-06","isFullCredit":false},{"lineNumber":4,"author":{"gitId":"Ditzchann"},"content":"\t\tsuper(name);","lastModifiedDate":"2025-02-06","isFullCredit":false},{"lineNumber":5,"author":{"gitId":"Ditzchann"},"content":"\t\tthis.by \u003d by;","lastModifiedDate":"2025-02-06","isFullCredit":false},{"lineNumber":6,"author":{"gitId":"Ditzchann"},"content":"\t}","lastModifiedDate":"2025-02-06","isFullCredit":false},{"lineNumber":7,"author":{"gitId":"Ditzchann"},"content":"","lastModifiedDate":"2025-02-06","isFullCredit":false},{"lineNumber":8,"author":{"gitId":"Ditzchann"},"content":"\t@Override","lastModifiedDate":"2025-02-06","isFullCredit":false},{"lineNumber":9,"author":{"gitId":"Ditzchann"},"content":"\tpublic String toString() {","lastModifiedDate":"2025-02-06","isFullCredit":false},{"lineNumber":10,"author":{"gitId":"Ditzchann"},"content":"\t\treturn \"[D]\" + super.toString()  + \" (by: \" + by + \")\";","lastModifiedDate":"2025-02-06","isFullCredit":false},{"lineNumber":11,"author":{"gitId":"Ditzchann"},"content":"\t}","lastModifiedDate":"2025-02-06","isFullCredit":false},{"lineNumber":12,"author":{"gitId":"Ditzchann"},"content":"}","lastModifiedDate":"2025-02-06","isFullCredit":false}],"authorContributionMap":{"Ditzchann":12}},{"path":"src/main/java/EventTask.java","fileType":"java","lines":[{"lineNumber":1,"author":{"gitId":"Ditzchann"},"content":"public class EventTask extends Task {","lastModifiedDate":"2025-02-06","isFullCredit":false},{"lineNumber":2,"author":{"gitId":"Ditzchann"},"content":"\tprivate String from;","lastModifiedDate":"2025-02-06","isFullCredit":false},{"lineNumber":3,"author":{"gitId":"Ditzchann"},"content":"\tprivate String to;","lastModifiedDate":"2025-02-06","isFullCredit":false},{"lineNumber":4,"author":{"gitId":"Ditzchann"},"content":"","lastModifiedDate":"2025-02-06","isFullCredit":false},{"lineNumber":5,"author":{"gitId":"Ditzchann"},"content":"\tpublic EventTask(String name, String from, String to) {","lastModifiedDate":"2025-02-06","isFullCredit":false},{"lineNumber":6,"author":{"gitId":"Ditzchann"},"content":"\t\tsuper(name);","lastModifiedDate":"2025-02-06","isFullCredit":false},{"lineNumber":7,"author":{"gitId":"Ditzchann"},"content":"\t\tthis.from \u003d from;","lastModifiedDate":"2025-02-06","isFullCredit":false},{"lineNumber":8,"author":{"gitId":"Ditzchann"},"content":"\t\tthis.to \u003d to;","lastModifiedDate":"2025-02-06","isFullCredit":false},{"lineNumber":9,"author":{"gitId":"Ditzchann"},"content":"\t}","lastModifiedDate":"2025-02-06","isFullCredit":false},{"lineNumber":10,"author":{"gitId":"Ditzchann"},"content":"","lastModifiedDate":"2025-02-06","isFullCredit":false},{"lineNumber":11,"author":{"gitId":"Ditzchann"},"content":"\t@Override","lastModifiedDate":"2025-02-06","isFullCredit":false},{"lineNumber":12,"author":{"gitId":"Ditzchann"},"content":"\tpublic String toString() {","lastModifiedDate":"2025-02-06","isFullCredit":false},{"lineNumber":13,"author":{"gitId":"Ditzchann"},"content":"\t\treturn \"[E]\" + super.toString()  + \" (from: \" + from + \" to \" + to + \")\";","lastModifiedDate":"2025-02-06","isFullCredit":false},{"lineNumber":14,"author":{"gitId":"Ditzchann"},"content":"\t}","lastModifiedDate":"2025-02-06","isFullCredit":false},{"lineNumber":15,"author":{"gitId":"Ditzchann"},"content":"}","lastModifiedDate":"2025-02-06","isFullCredit":false}],"authorContributionMap":{"Ditzchann":15}},{"path":"src/main/java/InvalidArgumentAngelaException.java","fileType":"java","lines":[{"lineNumber":1,"author":{"gitId":"Ditzchann"},"content":"public class InvalidArgumentAngelaException extends AngelaException {","lastModifiedDate":"2025-02-16","isFullCredit":false},{"lineNumber":2,"author":{"gitId":"Ditzchann"},"content":"","lastModifiedDate":"2025-02-16","isFullCredit":false},{"lineNumber":3,"author":{"gitId":"Ditzchann"},"content":"    public InvalidArgumentAngelaException(String command) {","lastModifiedDate":"2025-02-16","isFullCredit":false},{"lineNumber":4,"author":{"gitId":"Ditzchann"},"content":"        super(\"Manager, I believe the instructions to use the \"","lastModifiedDate":"2025-02-16","isFullCredit":false},{"lineNumber":5,"author":{"gitId":"Ditzchann"},"content":"                + command + \" command was written in the manual.\\n\"","lastModifiedDate":"2025-02-16","isFullCredit":false},{"lineNumber":6,"author":{"gitId":"Ditzchann"},"content":"                + \"Please provide meaningful arguments to the command.\");","lastModifiedDate":"2025-02-16","isFullCredit":false},{"lineNumber":7,"author":{"gitId":"Ditzchann"},"content":"    }","lastModifiedDate":"2025-02-16","isFullCredit":false},{"lineNumber":8,"author":{"gitId":"Ditzchann"},"content":"}","lastModifiedDate":"2025-02-16","isFullCredit":false}],"authorContributionMap":{"Ditzchann":8}},{"path":"src/main/java/MissingArgumentAngelaException.java","fileType":"java","lines":[{"lineNumber":1,"author":{"gitId":"Ditzchann"},"content":"public class MissingArgumentAngelaException extends AngelaException {","lastModifiedDate":"2025-02-16","isFullCredit":false},{"lineNumber":2,"author":{"gitId":"Ditzchann"},"content":"","lastModifiedDate":"2025-02-16","isFullCredit":false},{"lineNumber":3,"author":{"gitId":"Ditzchann"},"content":"    public MissingArgumentAngelaException(String command) {","lastModifiedDate":"2025-02-16","isFullCredit":false},{"lineNumber":4,"author":{"gitId":"Ditzchann"},"content":"        super(\"Manager, I believe the instructions to use the \"","lastModifiedDate":"2025-02-16","isFullCredit":false},{"lineNumber":5,"author":{"gitId":"Ditzchann"},"content":"                + command + \"\\ncommand was written in the manual.\\n\"","lastModifiedDate":"2025-02-16","isFullCredit":false},{"lineNumber":6,"author":{"gitId":"Ditzchann"},"content":"                + \"Please provide the missing arguments.\");","lastModifiedDate":"2025-02-16","isFullCredit":false},{"lineNumber":7,"author":{"gitId":"Ditzchann"},"content":"    }","lastModifiedDate":"2025-02-16","isFullCredit":false},{"lineNumber":8,"author":{"gitId":"Ditzchann"},"content":"}","lastModifiedDate":"2025-02-16","isFullCredit":false}],"authorContributionMap":{"Ditzchann":8}},{"path":"src/main/java/OutOfBoundsAngelaException.java","fileType":"java","lines":[{"lineNumber":1,"author":{"gitId":"Ditzchann"},"content":"public class OutOfBoundsAngelaException extends AngelaException {","lastModifiedDate":"2025-02-16","isFullCredit":false},{"lineNumber":2,"author":{"gitId":"Ditzchann"},"content":"","lastModifiedDate":"2025-02-16","isFullCredit":false},{"lineNumber":3,"author":{"gitId":"Ditzchann"},"content":"    public OutOfBoundsAngelaException() {","lastModifiedDate":"2025-02-16","isFullCredit":false},{"lineNumber":4,"author":{"gitId":"Ditzchann"},"content":"        super(\"Manager, the abnormality, agent or task you\\n\"","lastModifiedDate":"2025-02-16","isFullCredit":false},{"lineNumber":5,"author":{"gitId":"Ditzchann"},"content":"                + \"are referring to does not exist.\\n\"","lastModifiedDate":"2025-02-16","isFullCredit":false},{"lineNumber":6,"author":{"gitId":"Ditzchann"},"content":"                + \"Do you require a mental corruption evaluation?\");","lastModifiedDate":"2025-02-16","isFullCredit":false},{"lineNumber":7,"author":{"gitId":"Ditzchann"},"content":"    }","lastModifiedDate":"2025-02-16","isFullCredit":false},{"lineNumber":8,"author":{"gitId":"Ditzchann"},"content":"}","lastModifiedDate":"2025-02-16","isFullCredit":false}],"authorContributionMap":{"Ditzchann":8}},{"path":"src/main/java/Output.java","fileType":"java","lines":[{"lineNumber":1,"author":{"gitId":"Ditzchann"},"content":"import java.util.ArrayList;","lastModifiedDate":"2025-02-16","isFullCredit":false},{"lineNumber":2,"author":{"gitId":"Ditzchann"},"content":"import java.util.List;","lastModifiedDate":"2025-02-16","isFullCredit":false},{"lineNumber":3,"author":{"gitId":"Ditzchann"},"content":"public class Output {","lastModifiedDate":"2025-02-16","isFullCredit":false},{"lineNumber":4,"author":{"gitId":"Ditzchann"},"content":"\tpublic Output() {","lastModifiedDate":"2025-02-16","isFullCredit":false},{"lineNumber":5,"author":{"gitId":"Ditzchann"},"content":"","lastModifiedDate":"2025-02-16","isFullCredit":false},{"lineNumber":6,"author":{"gitId":"Ditzchann"},"content":"\t}","lastModifiedDate":"2025-02-16","isFullCredit":false},{"lineNumber":7,"author":{"gitId":"Ditzchann"},"content":"","lastModifiedDate":"2025-02-16","isFullCredit":false},{"lineNumber":8,"author":{"gitId":"Ditzchann"},"content":"\tprivate static void output(String text, Boolean head) {","lastModifiedDate":"2025-02-16","isFullCredit":false},{"lineNumber":9,"author":{"gitId":"Ditzchann"},"content":"\t\tif (head) {","lastModifiedDate":"2025-02-16","isFullCredit":false},{"lineNumber":10,"author":{"gitId":"Ditzchann"},"content":"\t\t\tSystem.out.println(\"____________________________________________________________\");","lastModifiedDate":"2025-02-16","isFullCredit":false},{"lineNumber":11,"author":{"gitId":"Ditzchann"},"content":"\t\t}","lastModifiedDate":"2025-02-16","isFullCredit":false},{"lineNumber":12,"author":{"gitId":"Ditzchann"},"content":"\t\toutput(text);","lastModifiedDate":"2025-02-16","isFullCredit":false},{"lineNumber":13,"author":{"gitId":"Ditzchann"},"content":"\t}","lastModifiedDate":"2025-02-16","isFullCredit":false},{"lineNumber":14,"author":{"gitId":"Ditzchann"},"content":"","lastModifiedDate":"2025-02-16","isFullCredit":false},{"lineNumber":15,"author":{"gitId":"Ditzchann"},"content":"\tprivate static void output(String text) {","lastModifiedDate":"2025-02-16","isFullCredit":false},{"lineNumber":16,"author":{"gitId":"Ditzchann"},"content":"\t\tSystem.out.println(text);","lastModifiedDate":"2025-02-16","isFullCredit":false},{"lineNumber":17,"author":{"gitId":"Ditzchann"},"content":"\t\tSystem.out.println(\"____________________________________________________________\");","lastModifiedDate":"2025-02-16","isFullCredit":false},{"lineNumber":18,"author":{"gitId":"Ditzchann"},"content":"\t}","lastModifiedDate":"2025-02-16","isFullCredit":false},{"lineNumber":19,"author":{"gitId":"Ditzchann"},"content":"","lastModifiedDate":"2025-02-16","isFullCredit":false},{"lineNumber":20,"author":{"gitId":"Ditzchann"},"content":"\tpublic static void introOutput() {","lastModifiedDate":"2025-02-16","isFullCredit":false},{"lineNumber":21,"author":{"gitId":"Ditzchann"},"content":"\t\toutput(\"\"\"","lastModifiedDate":"2025-02-16","isFullCredit":false},{"lineNumber":22,"author":{"gitId":"Ditzchann"},"content":"\t\t\t\tHello X. I am Angela, your advisor and secretary.","lastModifiedDate":"2025-02-16","isFullCredit":false},{"lineNumber":23,"author":{"gitId":"Ditzchann"},"content":"\t\t\t\tMy role as an AI is to assist you in adjusting to your","lastModifiedDate":"2025-02-16","isFullCredit":false},{"lineNumber":24,"author":{"gitId":"Ditzchann"},"content":"\t\t\t\tnew workplace.","lastModifiedDate":"2025-02-16","isFullCredit":false},{"lineNumber":25,"author":{"gitId":"Ditzchann"},"content":"\t\t\t\tWhat can I do for you, Manager?\"\"\", true);","lastModifiedDate":"2025-02-16","isFullCredit":false},{"lineNumber":26,"author":{"gitId":"Ditzchann"},"content":"\t}","lastModifiedDate":"2025-02-16","isFullCredit":false},{"lineNumber":27,"author":{"gitId":"Ditzchann"},"content":"","lastModifiedDate":"2025-02-16","isFullCredit":false},{"lineNumber":28,"author":{"gitId":"Ditzchann"},"content":"\tpublic static void exitOutput() {","lastModifiedDate":"2025-02-16","isFullCredit":false},{"lineNumber":29,"author":{"gitId":"Ditzchann"},"content":"\t\toutput(\"Thank you for your hard work, Manager.\");","lastModifiedDate":"2025-02-16","isFullCredit":false},{"lineNumber":30,"author":{"gitId":"Ditzchann"},"content":"\t}","lastModifiedDate":"2025-02-16","isFullCredit":false},{"lineNumber":31,"author":{"gitId":"Ditzchann"},"content":"","lastModifiedDate":"2025-02-16","isFullCredit":false},{"lineNumber":32,"author":{"gitId":"Ditzchann"},"content":"\tpublic static void addTaskOutput(int tasksLeft, Task task, String taskType) {","lastModifiedDate":"2025-02-16","isFullCredit":false},{"lineNumber":33,"author":{"gitId":"Ditzchann"},"content":"\t\tswitch (taskType) {","lastModifiedDate":"2025-02-16","isFullCredit":false},{"lineNumber":34,"author":{"gitId":"Ditzchann"},"content":"        case \"todo\":","lastModifiedDate":"2025-02-16","isFullCredit":false},{"lineNumber":35,"author":{"gitId":"Ditzchann"},"content":"            output(\"Did the Sephira give you a new task again?\\n\" + task","lastModifiedDate":"2025-02-16","isFullCredit":false},{"lineNumber":36,"author":{"gitId":"Ditzchann"},"content":"                    + \"\\nTask added, you now have \" + tasksLeft","lastModifiedDate":"2025-02-16","isFullCredit":false},{"lineNumber":37,"author":{"gitId":"Ditzchann"},"content":"                    + \" task(s) left.\", true);","lastModifiedDate":"2025-02-16","isFullCredit":false},{"lineNumber":38,"author":{"gitId":"Ditzchann"},"content":"            break;","lastModifiedDate":"2025-02-16","isFullCredit":false},{"lineNumber":39,"author":{"gitId":"Ditzchann"},"content":"        case \"deadline\":","lastModifiedDate":"2025-02-16","isFullCredit":false},{"lineNumber":40,"author":{"gitId":"Ditzchann"},"content":"            output(\"A new energy quota to achieve. Please work hard, Manager.\\n\" + task","lastModifiedDate":"2025-02-16","isFullCredit":false},{"lineNumber":41,"author":{"gitId":"Ditzchann"},"content":"                    + \"\\nTask added, you now have \" + tasksLeft","lastModifiedDate":"2025-02-16","isFullCredit":false},{"lineNumber":42,"author":{"gitId":"Ditzchann"},"content":"                    + \" task(s) left.\", true);","lastModifiedDate":"2025-02-16","isFullCredit":false},{"lineNumber":43,"author":{"gitId":"Ditzchann"},"content":"            break;","lastModifiedDate":"2025-02-16","isFullCredit":false},{"lineNumber":44,"author":{"gitId":"Ditzchann"},"content":"        case \"event\":","lastModifiedDate":"2025-02-16","isFullCredit":false},{"lineNumber":45,"author":{"gitId":"Ditzchann"},"content":"            output(\"Dawn arrives, with it comes a new Ordeal. \"","lastModifiedDate":"2025-02-16","isFullCredit":false},{"lineNumber":46,"author":{"gitId":"Ditzchann"},"content":"                    + \"Please take care of it, Manager.\\n\" + task","lastModifiedDate":"2025-02-16","isFullCredit":false},{"lineNumber":47,"author":{"gitId":"Ditzchann"},"content":"                    + \"\\nTask added, you now have \" + tasksLeft","lastModifiedDate":"2025-02-16","isFullCredit":false},{"lineNumber":48,"author":{"gitId":"Ditzchann"},"content":"                    + \" task(s) left.\", true);","lastModifiedDate":"2025-02-16","isFullCredit":false},{"lineNumber":49,"author":{"gitId":"Ditzchann"},"content":"            break;","lastModifiedDate":"2025-02-16","isFullCredit":false},{"lineNumber":50,"author":{"gitId":"Ditzchann"},"content":"\t\t}","lastModifiedDate":"2025-02-16","isFullCredit":false},{"lineNumber":51,"author":{"gitId":"Ditzchann"},"content":"\t}","lastModifiedDate":"2025-02-16","isFullCredit":false},{"lineNumber":52,"author":{"gitId":"Ditzchann"},"content":"","lastModifiedDate":"2025-02-16","isFullCredit":false},{"lineNumber":53,"author":{"gitId":"Ditzchann"},"content":"    public static void listOutput(List\u003cTask\u003e store) {","lastModifiedDate":"2025-02-16","isFullCredit":false},{"lineNumber":54,"author":{"gitId":"Ditzchann"},"content":"        String out \u003d \"\";","lastModifiedDate":"2025-02-16","isFullCredit":false},{"lineNumber":55,"author":{"gitId":"Ditzchann"},"content":"        int i \u003d 1;","lastModifiedDate":"2025-02-16","isFullCredit":false},{"lineNumber":56,"author":{"gitId":"Ditzchann"},"content":"        for (Task t: store) {","lastModifiedDate":"2025-02-16","isFullCredit":false},{"lineNumber":57,"author":{"gitId":"Ditzchann"},"content":"            out \u003d out.concat(i + \". \" + t.toString() + \"\\n\");","lastModifiedDate":"2025-02-16","isFullCredit":false},{"lineNumber":58,"author":{"gitId":"Ditzchann"},"content":"            i++;","lastModifiedDate":"2025-02-16","isFullCredit":false},{"lineNumber":59,"author":{"gitId":"Ditzchann"},"content":"        }","lastModifiedDate":"2025-02-16","isFullCredit":false},{"lineNumber":60,"author":{"gitId":"Ditzchann"},"content":"        output(out.trim(), true);","lastModifiedDate":"2025-02-16","isFullCredit":false},{"lineNumber":61,"author":{"gitId":"Ditzchann"},"content":"    }","lastModifiedDate":"2025-02-16","isFullCredit":false},{"lineNumber":62,"author":{"gitId":"Ditzchann"},"content":"","lastModifiedDate":"2025-02-16","isFullCredit":false},{"lineNumber":63,"author":{"gitId":"Ditzchann"},"content":"    public static void doneOutput(Task task) {","lastModifiedDate":"2025-02-16","isFullCredit":false},{"lineNumber":64,"author":{"gitId":"Ditzchann"},"content":"        output(\"Exceptional work Manager. The task has been marked as done.\\n\" + task);","lastModifiedDate":"2025-02-16","isFullCredit":false},{"lineNumber":65,"author":{"gitId":"Ditzchann"},"content":"    }","lastModifiedDate":"2025-02-16","isFullCredit":false},{"lineNumber":66,"author":{"gitId":"Ditzchann"},"content":"","lastModifiedDate":"2025-02-16","isFullCredit":false},{"lineNumber":67,"author":{"gitId":"Ditzchann"},"content":"    public static void undoneOutput(Task task) {","lastModifiedDate":"2025-02-16","isFullCredit":false},{"lineNumber":68,"author":{"gitId":"Ditzchann"},"content":"        output(\"More work for the Manager. The task has been undone.\\n\" + task);","lastModifiedDate":"2025-02-16","isFullCredit":false},{"lineNumber":69,"author":{"gitId":"Ditzchann"},"content":"    }","lastModifiedDate":"2025-02-16","isFullCredit":false},{"lineNumber":70,"author":{"gitId":"Ditzchann"},"content":"","lastModifiedDate":"2025-02-16","isFullCredit":false},{"lineNumber":71,"author":{"gitId":"Ditzchann"},"content":"    public static void idleOutput() {","lastModifiedDate":"2025-02-16","isFullCredit":false},{"lineNumber":72,"author":{"gitId":"Ditzchann"},"content":"        output(\"Did you say something, Manager?\", true);","lastModifiedDate":"2025-02-16","isFullCredit":false},{"lineNumber":73,"author":{"gitId":"Ditzchann"},"content":"    }","lastModifiedDate":"2025-02-16","isFullCredit":false},{"lineNumber":74,"author":{"gitId":"Ditzchann"},"content":"","lastModifiedDate":"2025-02-16","isFullCredit":false},{"lineNumber":75,"author":{"gitId":"Ditzchann"},"content":"    public static void errorOutput(AngelaException e) {","lastModifiedDate":"2025-02-16","isFullCredit":false},{"lineNumber":76,"author":{"gitId":"Ditzchann"},"content":"        output(e.getMessage(), true);","lastModifiedDate":"2025-02-16","isFullCredit":false},{"lineNumber":77,"author":{"gitId":"Ditzchann"},"content":"    }","lastModifiedDate":"2025-02-16","isFullCredit":false},{"lineNumber":78,"author":{"gitId":"Ditzchann"},"content":"","lastModifiedDate":"2025-02-16","isFullCredit":false},{"lineNumber":79,"author":{"gitId":"Ditzchann"},"content":"    public static void invalidCommandOutput() {","lastModifiedDate":"2025-02-16","isFullCredit":false},{"lineNumber":80,"author":{"gitId":"Ditzchann"},"content":"        output(\"Manager, I cannot comprehend your incoherent blabbering.\\n\"","lastModifiedDate":"2025-02-16","isFullCredit":false},{"lineNumber":81,"author":{"gitId":"Ditzchann"},"content":"                + \"Do you require a mental corruption evaluation?\", true);","lastModifiedDate":"2025-02-16","isFullCredit":false},{"lineNumber":82,"author":{"gitId":"Ditzchann"},"content":"    }","lastModifiedDate":"2025-02-16","isFullCredit":false},{"lineNumber":83,"author":{"gitId":"Ditzchann"},"content":"","lastModifiedDate":"2025-02-16","isFullCredit":false},{"lineNumber":84,"author":{"gitId":"Ditzchann"},"content":"    public static void deleteOutput(Task task, int tasksLeft) {","lastModifiedDate":"2025-02-16","isFullCredit":false},{"lineNumber":85,"author":{"gitId":"Ditzchann"},"content":"        output(\"As tonight, again the stars are brushed away by the wind.\\n\"","lastModifiedDate":"2025-02-16","isFullCredit":false},{"lineNumber":86,"author":{"gitId":"Ditzchann"},"content":"                + task + \"\\nTask removed, you now have \" + tasksLeft","lastModifiedDate":"2025-02-16","isFullCredit":false},{"lineNumber":87,"author":{"gitId":"Ditzchann"},"content":"                + \" task(s) left.\", true);","lastModifiedDate":"2025-02-16","isFullCredit":false},{"lineNumber":88,"author":{"gitId":"Ditzchann"},"content":"    }","lastModifiedDate":"2025-02-16","isFullCredit":false},{"lineNumber":89,"author":{"gitId":"Ditzchann"},"content":"}","lastModifiedDate":"2025-02-16","isFullCredit":false}],"authorContributionMap":{"Ditzchann":89}},{"path":"src/main/java/Processor.java","fileType":"java","lines":[{"lineNumber":1,"author":{"gitId":"Ditzchann"},"content":"import java.util.ArrayList;","lastModifiedDate":"2025-01-24","isFullCredit":false},{"lineNumber":2,"author":{"gitId":"Ditzchann"},"content":"import java.util.Scanner;","lastModifiedDate":"2025-01-24","isFullCredit":false},{"lineNumber":3,"author":{"gitId":"Ditzchann"},"content":"import java.util.List;","lastModifiedDate":"2025-01-24","isFullCredit":false},{"lineNumber":4,"author":{"gitId":"Ditzchann"},"content":"","lastModifiedDate":"2025-01-24","isFullCredit":false},{"lineNumber":5,"author":{"gitId":"Ditzchann"},"content":"public class Processor {","lastModifiedDate":"2025-01-24","isFullCredit":false},{"lineNumber":6,"author":{"gitId":"Ditzchann"},"content":"\tprivate List\u003cTask\u003e store;","lastModifiedDate":"2025-02-16","isFullCredit":false},{"lineNumber":7,"author":{"gitId":"Ditzchann"},"content":"","lastModifiedDate":"2025-02-06","isFullCredit":false},{"lineNumber":8,"author":{"gitId":"Ditzchann"},"content":"\tpublic Processor()  {","lastModifiedDate":"2025-01-24","isFullCredit":false},{"lineNumber":9,"author":{"gitId":"Ditzchann"},"content":"\t\tstore \u003d new ArrayList\u003c\u003e();","lastModifiedDate":"2025-02-16","isFullCredit":false},{"lineNumber":10,"author":{"gitId":"Ditzchann"},"content":"\t}","lastModifiedDate":"2025-01-24","isFullCredit":false},{"lineNumber":11,"author":{"gitId":"Ditzchann"},"content":"","lastModifiedDate":"2025-02-06","isFullCredit":false},{"lineNumber":12,"author":{"gitId":"Ditzchann"},"content":"\tpublic void start() {","lastModifiedDate":"2025-02-16","isFullCredit":false},{"lineNumber":13,"author":{"gitId":"Ditzchann"},"content":"\t\tScanner textIn \u003d new Scanner(System.in);","lastModifiedDate":"2025-01-24","isFullCredit":false},{"lineNumber":14,"author":{"gitId":"Ditzchann"},"content":"\t\tString input;","lastModifiedDate":"2025-01-24","isFullCredit":false},{"lineNumber":15,"author":{"gitId":"Ditzchann"},"content":"        boolean bExit \u003d false;","lastModifiedDate":"2025-02-16","isFullCredit":false},{"lineNumber":16,"author":{"gitId":"Ditzchann"},"content":"        while (!bExit) {","lastModifiedDate":"2025-02-16","isFullCredit":false},{"lineNumber":17,"author":{"gitId":"Ditzchann"},"content":"            input \u003d textIn.nextLine();","lastModifiedDate":"2025-01-24","isFullCredit":false},{"lineNumber":18,"author":{"gitId":"Ditzchann"},"content":"            if (input.isEmpty()) {","lastModifiedDate":"2025-02-16","isFullCredit":false},{"lineNumber":19,"author":{"gitId":"Ditzchann"},"content":"                Output.idleOutput();","lastModifiedDate":"2025-02-16","isFullCredit":false},{"lineNumber":20,"author":{"gitId":"Ditzchann"},"content":"            } else {","lastModifiedDate":"2025-02-16","isFullCredit":false},{"lineNumber":21,"author":{"gitId":"Ditzchann"},"content":"                try {","lastModifiedDate":"2025-02-16","isFullCredit":false},{"lineNumber":22,"author":{"gitId":"Ditzchann"},"content":"                    bExit \u003d processCommand(input);","lastModifiedDate":"2025-02-16","isFullCredit":false},{"lineNumber":23,"author":{"gitId":"Ditzchann"},"content":"                } catch (AngelaException e) {","lastModifiedDate":"2025-02-16","isFullCredit":false},{"lineNumber":24,"author":{"gitId":"Ditzchann"},"content":"                    Output.errorOutput(e);","lastModifiedDate":"2025-02-16","isFullCredit":false},{"lineNumber":25,"author":{"gitId":"Ditzchann"},"content":"                }","lastModifiedDate":"2025-02-16","isFullCredit":false},{"lineNumber":26,"author":{"gitId":"Ditzchann"},"content":"","lastModifiedDate":"2025-02-16","isFullCredit":false},{"lineNumber":27,"author":{"gitId":"Ditzchann"},"content":"            }","lastModifiedDate":"2025-02-16","isFullCredit":false},{"lineNumber":28,"author":{"gitId":"Ditzchann"},"content":"        }","lastModifiedDate":"2025-02-16","isFullCredit":false},{"lineNumber":29,"author":{"gitId":"Ditzchann"},"content":"\t}","lastModifiedDate":"2025-02-05","isFullCredit":false},{"lineNumber":30,"author":{"gitId":"Ditzchann"},"content":"","lastModifiedDate":"2025-02-06","isFullCredit":false},{"lineNumber":31,"author":{"gitId":"Ditzchann"},"content":"\tpublic void addTodoTask(List\u003cString\u003e command) throws MissingArgumentAngelaException {","lastModifiedDate":"2025-02-16","isFullCredit":false},{"lineNumber":32,"author":{"gitId":"Ditzchann"},"content":"        if (command.size() \u003c 2) {","lastModifiedDate":"2025-02-16","isFullCredit":false},{"lineNumber":33,"author":{"gitId":"Ditzchann"},"content":"            throw new MissingArgumentAngelaException(\"todo\");","lastModifiedDate":"2025-02-16","isFullCredit":false},{"lineNumber":34,"author":{"gitId":"Ditzchann"},"content":"        }","lastModifiedDate":"2025-02-16","isFullCredit":false},{"lineNumber":35,"author":{"gitId":"Ditzchann"},"content":"        String input \u003d command.get(1);","lastModifiedDate":"2025-02-16","isFullCredit":false},{"lineNumber":36,"author":{"gitId":"Ditzchann"},"content":"\t\tTask t \u003d new ToDoTask((input));","lastModifiedDate":"2025-02-07","isFullCredit":false},{"lineNumber":37,"author":{"gitId":"Ditzchann"},"content":"\t\tstore.add(t);","lastModifiedDate":"2025-02-07","isFullCredit":false},{"lineNumber":38,"author":{"gitId":"Ditzchann"},"content":"\t\tOutput.addTaskOutput(store.size(), t, \"todo\");","lastModifiedDate":"2025-02-16","isFullCredit":false},{"lineNumber":39,"author":{"gitId":"Ditzchann"},"content":"\t}","lastModifiedDate":"2025-01-24","isFullCredit":false},{"lineNumber":40,"author":{"gitId":"Ditzchann"},"content":"","lastModifiedDate":"2025-02-06","isFullCredit":false},{"lineNumber":41,"author":{"gitId":"Ditzchann"},"content":"\tpublic void addDeadlineTask(List\u003cString\u003e command) throws MissingArgumentAngelaException {","lastModifiedDate":"2025-02-16","isFullCredit":false},{"lineNumber":42,"author":{"gitId":"Ditzchann"},"content":"        if (command.size() \u003c 4) {","lastModifiedDate":"2025-02-16","isFullCredit":false},{"lineNumber":43,"author":{"gitId":"Ditzchann"},"content":"            throw new MissingArgumentAngelaException(\"deadline\");","lastModifiedDate":"2025-02-16","isFullCredit":false},{"lineNumber":44,"author":{"gitId":"Ditzchann"},"content":"        }","lastModifiedDate":"2025-02-16","isFullCredit":false},{"lineNumber":45,"author":{"gitId":"Ditzchann"},"content":"        String input \u003d command.get(1);","lastModifiedDate":"2025-02-16","isFullCredit":false},{"lineNumber":46,"author":{"gitId":"Ditzchann"},"content":"        String by \u003d command.get(3); //check if flag corresponds to correct flag : TBA","lastModifiedDate":"2025-02-16","isFullCredit":false},{"lineNumber":47,"author":{"gitId":"Ditzchann"},"content":"\t\tTask t \u003d new DeadlineTask(input, by);","lastModifiedDate":"2025-02-07","isFullCredit":false},{"lineNumber":48,"author":{"gitId":"Ditzchann"},"content":"\t\tstore.add(t);","lastModifiedDate":"2025-02-07","isFullCredit":false},{"lineNumber":49,"author":{"gitId":"Ditzchann"},"content":"        Output.addTaskOutput(store.size(), t, \"deadline\");","lastModifiedDate":"2025-02-16","isFullCredit":false},{"lineNumber":50,"author":{"gitId":"Ditzchann"},"content":"\t}","lastModifiedDate":"2025-02-07","isFullCredit":false},{"lineNumber":51,"author":{"gitId":"Ditzchann"},"content":"","lastModifiedDate":"2025-02-07","isFullCredit":false},{"lineNumber":52,"author":{"gitId":"Ditzchann"},"content":"\tpublic void addEventTask(List\u003cString\u003e command) throws MissingArgumentAngelaException {","lastModifiedDate":"2025-02-16","isFullCredit":false},{"lineNumber":53,"author":{"gitId":"Ditzchann"},"content":"        if (command.size() \u003c 6) {","lastModifiedDate":"2025-02-16","isFullCredit":false},{"lineNumber":54,"author":{"gitId":"Ditzchann"},"content":"            throw new MissingArgumentAngelaException(\"event\");","lastModifiedDate":"2025-02-16","isFullCredit":false},{"lineNumber":55,"author":{"gitId":"Ditzchann"},"content":"        }","lastModifiedDate":"2025-02-16","isFullCredit":false},{"lineNumber":56,"author":{"gitId":"Ditzchann"},"content":"        String input \u003d command.get(1);","lastModifiedDate":"2025-02-16","isFullCredit":false},{"lineNumber":57,"author":{"gitId":"Ditzchann"},"content":"        String from \u003d command.get(3);","lastModifiedDate":"2025-02-16","isFullCredit":false},{"lineNumber":58,"author":{"gitId":"Ditzchann"},"content":"        String to \u003d command.get(5);","lastModifiedDate":"2025-02-16","isFullCredit":false},{"lineNumber":59,"author":{"gitId":"Ditzchann"},"content":"\t\tTask t \u003d new EventTask(input, from, to);","lastModifiedDate":"2025-02-07","isFullCredit":false},{"lineNumber":60,"author":{"gitId":"Ditzchann"},"content":"\t\tstore.add(t);","lastModifiedDate":"2025-02-07","isFullCredit":false},{"lineNumber":61,"author":{"gitId":"Ditzchann"},"content":"        Output.addTaskOutput(store.size(), t, \"event\");","lastModifiedDate":"2025-02-16","isFullCredit":false},{"lineNumber":62,"author":{"gitId":"Ditzchann"},"content":"\t}","lastModifiedDate":"2025-02-07","isFullCredit":false},{"lineNumber":63,"author":{"gitId":"Ditzchann"},"content":"","lastModifiedDate":"2025-02-06","isFullCredit":false},{"lineNumber":64,"author":{"gitId":"Ditzchann"},"content":"\tpublic void markDone(List\u003cString\u003e command) throws AngelaException {","lastModifiedDate":"2025-02-16","isFullCredit":false},{"lineNumber":65,"author":{"gitId":"Ditzchann"},"content":"        if (command.size() \u003c 2) {","lastModifiedDate":"2025-02-16","isFullCredit":false},{"lineNumber":66,"author":{"gitId":"Ditzchann"},"content":"            throw new MissingArgumentAngelaException(\"mark\");","lastModifiedDate":"2025-02-16","isFullCredit":false},{"lineNumber":67,"author":{"gitId":"Ditzchann"},"content":"        }","lastModifiedDate":"2025-02-16","isFullCredit":false},{"lineNumber":68,"author":{"gitId":"Ditzchann"},"content":"        try {","lastModifiedDate":"2025-02-16","isFullCredit":false},{"lineNumber":69,"author":{"gitId":"Ditzchann"},"content":"            int input \u003d Integer.parseInt(command.get(1));","lastModifiedDate":"2025-02-16","isFullCredit":false},{"lineNumber":70,"author":{"gitId":"Ditzchann"},"content":"            store.get(input - 1).doTask();","lastModifiedDate":"2025-02-06","isFullCredit":false},{"lineNumber":71,"author":{"gitId":"Ditzchann"},"content":"            Output.doneOutput(store.get(input - 1));","lastModifiedDate":"2025-02-16","isFullCredit":false},{"lineNumber":72,"author":{"gitId":"Ditzchann"},"content":"        } catch (NumberFormatException e) {","lastModifiedDate":"2025-02-16","isFullCredit":false},{"lineNumber":73,"author":{"gitId":"Ditzchann"},"content":"            throw new InvalidArgumentAngelaException(\"mark\");","lastModifiedDate":"2025-02-16","isFullCredit":false},{"lineNumber":74,"author":{"gitId":"Ditzchann"},"content":"        } catch (IndexOutOfBoundsException e) {","lastModifiedDate":"2025-02-16","isFullCredit":false},{"lineNumber":75,"author":{"gitId":"Ditzchann"},"content":"            throw new OutOfBoundsAngelaException();","lastModifiedDate":"2025-02-16","isFullCredit":false},{"lineNumber":76,"author":{"gitId":"Ditzchann"},"content":"        }","lastModifiedDate":"2025-02-16","isFullCredit":false},{"lineNumber":77,"author":{"gitId":"Ditzchann"},"content":"\t}","lastModifiedDate":"2025-02-06","isFullCredit":false},{"lineNumber":78,"author":{"gitId":"Ditzchann"},"content":"","lastModifiedDate":"2025-02-06","isFullCredit":false},{"lineNumber":79,"author":{"gitId":"Ditzchann"},"content":"\tpublic void markUndone(List\u003cString\u003e command) throws AngelaException {","lastModifiedDate":"2025-02-16","isFullCredit":false},{"lineNumber":80,"author":{"gitId":"Ditzchann"},"content":"        if (command.size() \u003c 2) {","lastModifiedDate":"2025-02-16","isFullCredit":false},{"lineNumber":81,"author":{"gitId":"Ditzchann"},"content":"            throw new MissingArgumentAngelaException(\"unmark\");","lastModifiedDate":"2025-02-16","isFullCredit":false},{"lineNumber":82,"author":{"gitId":"Ditzchann"},"content":"        }","lastModifiedDate":"2025-02-16","isFullCredit":false},{"lineNumber":83,"author":{"gitId":"Ditzchann"},"content":"        try {","lastModifiedDate":"2025-02-16","isFullCredit":false},{"lineNumber":84,"author":{"gitId":"Ditzchann"},"content":"            int input \u003d Integer.parseInt(command.get(1));","lastModifiedDate":"2025-02-16","isFullCredit":false},{"lineNumber":85,"author":{"gitId":"Ditzchann"},"content":"            store.get(input - 1).undoTask();","lastModifiedDate":"2025-02-06","isFullCredit":false},{"lineNumber":86,"author":{"gitId":"Ditzchann"},"content":"            Output.undoneOutput(store.get(input - 1));","lastModifiedDate":"2025-02-16","isFullCredit":false},{"lineNumber":87,"author":{"gitId":"Ditzchann"},"content":"        } catch (NumberFormatException e) {","lastModifiedDate":"2025-02-16","isFullCredit":false},{"lineNumber":88,"author":{"gitId":"Ditzchann"},"content":"            throw new InvalidArgumentAngelaException(\"unmark\");","lastModifiedDate":"2025-02-16","isFullCredit":false},{"lineNumber":89,"author":{"gitId":"Ditzchann"},"content":"        } catch (IndexOutOfBoundsException e) {","lastModifiedDate":"2025-02-16","isFullCredit":false},{"lineNumber":90,"author":{"gitId":"Ditzchann"},"content":"            throw new OutOfBoundsAngelaException();","lastModifiedDate":"2025-02-16","isFullCredit":false},{"lineNumber":91,"author":{"gitId":"Ditzchann"},"content":"        }","lastModifiedDate":"2025-02-06","isFullCredit":false},{"lineNumber":92,"author":{"gitId":"Ditzchann"},"content":"\t}","lastModifiedDate":"2025-02-06","isFullCredit":false},{"lineNumber":93,"author":{"gitId":"Ditzchann"},"content":"","lastModifiedDate":"2025-02-06","isFullCredit":false},{"lineNumber":94,"author":{"gitId":"Ditzchann"},"content":"    public void deleteTask(List\u003cString\u003e command) throws AngelaException {","lastModifiedDate":"2025-02-16","isFullCredit":false},{"lineNumber":95,"author":{"gitId":"Ditzchann"},"content":"        if (command.size() \u003c 2) {","lastModifiedDate":"2025-02-16","isFullCredit":false},{"lineNumber":96,"author":{"gitId":"Ditzchann"},"content":"            throw new MissingArgumentAngelaException(\"delete\");","lastModifiedDate":"2025-02-16","isFullCredit":false},{"lineNumber":97,"author":{"gitId":"Ditzchann"},"content":"        }","lastModifiedDate":"2025-02-16","isFullCredit":false},{"lineNumber":98,"author":{"gitId":"Ditzchann"},"content":"        try {","lastModifiedDate":"2025-02-16","isFullCredit":false},{"lineNumber":99,"author":{"gitId":"Ditzchann"},"content":"            int input \u003d Integer.parseInt(command.get(1));","lastModifiedDate":"2025-02-16","isFullCredit":false},{"lineNumber":100,"author":{"gitId":"Ditzchann"},"content":"            Task t \u003d store.remove(input - 1);","lastModifiedDate":"2025-02-16","isFullCredit":false},{"lineNumber":101,"author":{"gitId":"Ditzchann"},"content":"            Output.deleteOutput(t, store.size());","lastModifiedDate":"2025-02-16","isFullCredit":false},{"lineNumber":102,"author":{"gitId":"Ditzchann"},"content":"        } catch (NumberFormatException e) {","lastModifiedDate":"2025-02-16","isFullCredit":false},{"lineNumber":103,"author":{"gitId":"Ditzchann"},"content":"            throw new InvalidArgumentAngelaException(\"unmark\");","lastModifiedDate":"2025-02-16","isFullCredit":false},{"lineNumber":104,"author":{"gitId":"Ditzchann"},"content":"        } catch (IndexOutOfBoundsException e) {","lastModifiedDate":"2025-02-16","isFullCredit":false},{"lineNumber":105,"author":{"gitId":"Ditzchann"},"content":"            throw new OutOfBoundsAngelaException();","lastModifiedDate":"2025-02-16","isFullCredit":false},{"lineNumber":106,"author":{"gitId":"Ditzchann"},"content":"        }","lastModifiedDate":"2025-02-16","isFullCredit":false},{"lineNumber":107,"author":{"gitId":"Ditzchann"},"content":"    }","lastModifiedDate":"2025-02-16","isFullCredit":false},{"lineNumber":108,"author":{"gitId":"Ditzchann"},"content":"","lastModifiedDate":"2025-02-16","isFullCredit":false},{"lineNumber":109,"author":{"gitId":"Ditzchann"},"content":"\tpublic List\u003cString\u003e splitInput(String input) {","lastModifiedDate":"2025-02-16","isFullCredit":false},{"lineNumber":110,"author":{"gitId":"Ditzchann"},"content":"\t\tList\u003cString\u003e args \u003d new ArrayList\u003c\u003e();","lastModifiedDate":"2025-02-16","isFullCredit":false},{"lineNumber":111,"author":{"gitId":"Ditzchann"},"content":"\t\tint i \u003d 0;","lastModifiedDate":"2025-02-06","isFullCredit":false},{"lineNumber":112,"author":{"gitId":"Ditzchann"},"content":"\t\ti \u003d getEndIndexOfWord(i, input, args);","lastModifiedDate":"2025-02-16","isFullCredit":false},{"lineNumber":113,"author":{"gitId":"Ditzchann"},"content":"\t\ti \u003d getEndIndexOfArg(i, input, args);","lastModifiedDate":"2025-02-16","isFullCredit":false},{"lineNumber":114,"author":{"gitId":"Ditzchann"},"content":"\t\twhile (i \u003c input.length()) {","lastModifiedDate":"2025-02-16","isFullCredit":false},{"lineNumber":115,"author":{"gitId":"Ditzchann"},"content":"\t\t\ti \u003d getEndIndexOfWord(i, input, args);","lastModifiedDate":"2025-02-16","isFullCredit":false},{"lineNumber":116,"author":{"gitId":"Ditzchann"},"content":"            i \u003d getEndIndexOfArg(i, input, args);","lastModifiedDate":"2025-02-16","isFullCredit":false},{"lineNumber":117,"author":{"gitId":"Ditzchann"},"content":"\t\t}","lastModifiedDate":"2025-02-16","isFullCredit":false},{"lineNumber":118,"author":{"gitId":"Ditzchann"},"content":"        return args;","lastModifiedDate":"2025-02-16","isFullCredit":false},{"lineNumber":119,"author":{"gitId":"Ditzchann"},"content":"\t}","lastModifiedDate":"2025-02-16","isFullCredit":false},{"lineNumber":120,"author":{"gitId":"Ditzchann"},"content":"","lastModifiedDate":"2025-02-16","isFullCredit":false},{"lineNumber":121,"author":{"gitId":"Ditzchann"},"content":"\tpublic int getEndIndexOfWord(int start, String input, List\u003cString\u003e args) {","lastModifiedDate":"2025-02-16","isFullCredit":false},{"lineNumber":122,"author":{"gitId":"Ditzchann"},"content":"\t\tint i \u003d start;","lastModifiedDate":"2025-02-16","isFullCredit":false},{"lineNumber":123,"author":{"gitId":"Ditzchann"},"content":"\t\twhile (i \u003c input.length() \u0026\u0026 input.charAt(i) !\u003d \u0027 \u0027) {","lastModifiedDate":"2025-02-06","isFullCredit":false},{"lineNumber":124,"author":{"gitId":"Ditzchann"},"content":"\t\t\ti++;","lastModifiedDate":"2025-02-06","isFullCredit":false},{"lineNumber":125,"author":{"gitId":"Ditzchann"},"content":"\t\t}","lastModifiedDate":"2025-02-06","isFullCredit":false},{"lineNumber":126,"author":{"gitId":"Ditzchann"},"content":"        if (start !\u003d i) {","lastModifiedDate":"2025-02-16","isFullCredit":false},{"lineNumber":127,"author":{"gitId":"Ditzchann"},"content":"            args.add(input.substring(start, i).trim());","lastModifiedDate":"2025-02-16","isFullCredit":false},{"lineNumber":128,"author":{"gitId":"Ditzchann"},"content":"        }","lastModifiedDate":"2025-02-06","isFullCredit":false},{"lineNumber":129,"author":{"gitId":"Ditzchann"},"content":"\t\treturn i + 1;","lastModifiedDate":"2025-02-16","isFullCredit":false},{"lineNumber":130,"author":{"gitId":"Ditzchann"},"content":"\t}","lastModifiedDate":"2025-02-06","isFullCredit":false},{"lineNumber":131,"author":{"gitId":"Ditzchann"},"content":"","lastModifiedDate":"2025-02-16","isFullCredit":false},{"lineNumber":132,"author":{"gitId":"Ditzchann"},"content":"    public int getEndIndexOfArg(int start, String input, List\u003cString\u003e args) {","lastModifiedDate":"2025-02-16","isFullCredit":false},{"lineNumber":133,"author":{"gitId":"Ditzchann"},"content":"        int i \u003d start;","lastModifiedDate":"2025-02-16","isFullCredit":false},{"lineNumber":134,"author":{"gitId":"Ditzchann"},"content":"        while (i \u003c input.length() \u0026\u0026 input.charAt(i) !\u003d \u0027/\u0027) {","lastModifiedDate":"2025-02-06","isFullCredit":false},{"lineNumber":135,"author":{"gitId":"Ditzchann"},"content":"            i++;","lastModifiedDate":"2025-02-06","isFullCredit":false},{"lineNumber":136,"author":{"gitId":"Ditzchann"},"content":"        }","lastModifiedDate":"2025-02-06","isFullCredit":false},{"lineNumber":137,"author":{"gitId":"Ditzchann"},"content":"        if (start !\u003d i) {","lastModifiedDate":"2025-02-16","isFullCredit":false},{"lineNumber":138,"author":{"gitId":"Ditzchann"},"content":"            args.add(input.substring(start, i).trim());","lastModifiedDate":"2025-02-16","isFullCredit":false},{"lineNumber":139,"author":{"gitId":"Ditzchann"},"content":"        }","lastModifiedDate":"2025-02-06","isFullCredit":false},{"lineNumber":140,"author":{"gitId":"Ditzchann"},"content":"        return i + 1;","lastModifiedDate":"2025-02-16","isFullCredit":false},{"lineNumber":141,"author":{"gitId":"Ditzchann"},"content":"    }","lastModifiedDate":"2025-02-06","isFullCredit":false},{"lineNumber":142,"author":{"gitId":"Ditzchann"},"content":"","lastModifiedDate":"2025-02-16","isFullCredit":false},{"lineNumber":143,"author":{"gitId":"Ditzchann"},"content":"    public boolean processCommand(String input) throws AngelaException {","lastModifiedDate":"2025-02-16","isFullCredit":false},{"lineNumber":144,"author":{"gitId":"Ditzchann"},"content":"        List\u003cString\u003e command;","lastModifiedDate":"2025-02-16","isFullCredit":false},{"lineNumber":145,"author":{"gitId":"Ditzchann"},"content":"        command \u003d splitInput(input);","lastModifiedDate":"2025-02-16","isFullCredit":false},{"lineNumber":146,"author":{"gitId":"Ditzchann"},"content":"        switch (command.get(0)) {","lastModifiedDate":"2025-02-16","isFullCredit":false},{"lineNumber":147,"author":{"gitId":"Ditzchann"},"content":"        case \"list\":","lastModifiedDate":"2025-02-16","isFullCredit":false},{"lineNumber":148,"author":{"gitId":"Ditzchann"},"content":"            Output.listOutput(store);","lastModifiedDate":"2025-02-16","isFullCredit":false},{"lineNumber":149,"author":{"gitId":"Ditzchann"},"content":"            break;","lastModifiedDate":"2025-02-16","isFullCredit":false},{"lineNumber":150,"author":{"gitId":"Ditzchann"},"content":"        case \"mark\":","lastModifiedDate":"2025-02-16","isFullCredit":false},{"lineNumber":151,"author":{"gitId":"Ditzchann"},"content":"            markDone(command);","lastModifiedDate":"2025-02-16","isFullCredit":false},{"lineNumber":152,"author":{"gitId":"Ditzchann"},"content":"            break;","lastModifiedDate":"2025-02-16","isFullCredit":false},{"lineNumber":153,"author":{"gitId":"Ditzchann"},"content":"        case \"unmark\":","lastModifiedDate":"2025-02-16","isFullCredit":false},{"lineNumber":154,"author":{"gitId":"Ditzchann"},"content":"            markUndone(command);","lastModifiedDate":"2025-02-16","isFullCredit":false},{"lineNumber":155,"author":{"gitId":"Ditzchann"},"content":"            break;","lastModifiedDate":"2025-02-16","isFullCredit":false},{"lineNumber":156,"author":{"gitId":"Ditzchann"},"content":"        case \"todo\":","lastModifiedDate":"2025-02-16","isFullCredit":false},{"lineNumber":157,"author":{"gitId":"Ditzchann"},"content":"            addTodoTask(command);","lastModifiedDate":"2025-02-16","isFullCredit":false},{"lineNumber":158,"author":{"gitId":"Ditzchann"},"content":"            break;","lastModifiedDate":"2025-02-16","isFullCredit":false},{"lineNumber":159,"author":{"gitId":"Ditzchann"},"content":"        case \"deadline\":","lastModifiedDate":"2025-02-16","isFullCredit":false},{"lineNumber":160,"author":{"gitId":"Ditzchann"},"content":"            addDeadlineTask(command);","lastModifiedDate":"2025-02-16","isFullCredit":false},{"lineNumber":161,"author":{"gitId":"Ditzchann"},"content":"            break;","lastModifiedDate":"2025-02-16","isFullCredit":false},{"lineNumber":162,"author":{"gitId":"Ditzchann"},"content":"        case \"event\":","lastModifiedDate":"2025-02-16","isFullCredit":false},{"lineNumber":163,"author":{"gitId":"Ditzchann"},"content":"            addEventTask(command);","lastModifiedDate":"2025-02-16","isFullCredit":false},{"lineNumber":164,"author":{"gitId":"Ditzchann"},"content":"            break;","lastModifiedDate":"2025-02-16","isFullCredit":false},{"lineNumber":165,"author":{"gitId":"Ditzchann"},"content":"        case \"delete\":","lastModifiedDate":"2025-02-16","isFullCredit":false},{"lineNumber":166,"author":{"gitId":"Ditzchann"},"content":"            deleteTask(command);","lastModifiedDate":"2025-02-16","isFullCredit":false},{"lineNumber":167,"author":{"gitId":"Ditzchann"},"content":"            break;","lastModifiedDate":"2025-02-16","isFullCredit":false},{"lineNumber":168,"author":{"gitId":"Ditzchann"},"content":"        case \"bye\":","lastModifiedDate":"2025-02-16","isFullCredit":false},{"lineNumber":169,"author":{"gitId":"Ditzchann"},"content":"            return true;","lastModifiedDate":"2025-02-16","isFullCredit":false},{"lineNumber":170,"author":{"gitId":"Ditzchann"},"content":"        default:","lastModifiedDate":"2025-02-16","isFullCredit":false},{"lineNumber":171,"author":{"gitId":"Ditzchann"},"content":"            Output.invalidCommandOutput();","lastModifiedDate":"2025-02-16","isFullCredit":false},{"lineNumber":172,"author":{"gitId":"Ditzchann"},"content":"        }","lastModifiedDate":"2025-02-16","isFullCredit":false},{"lineNumber":173,"author":{"gitId":"Ditzchann"},"content":"        return false;","lastModifiedDate":"2025-02-16","isFullCredit":false},{"lineNumber":174,"author":{"gitId":"Ditzchann"},"content":"    }","lastModifiedDate":"2025-02-16","isFullCredit":false},{"lineNumber":175,"author":{"gitId":"Ditzchann"},"content":"}","lastModifiedDate":"2025-01-24","isFullCredit":false}],"authorContributionMap":{"Ditzchann":175}},{"path":"src/main/java/Task.java","fileType":"java","lines":[{"lineNumber":1,"author":{"gitId":"Ditzchann"},"content":"public class Task {","lastModifiedDate":"2025-02-05","isFullCredit":false},{"lineNumber":2,"author":{"gitId":"Ditzchann"},"content":"\tprivate final String name;","lastModifiedDate":"2025-02-05","isFullCredit":false},{"lineNumber":3,"author":{"gitId":"Ditzchann"},"content":"\tprivate boolean done;","lastModifiedDate":"2025-02-05","isFullCredit":false},{"lineNumber":4,"author":{"gitId":"Ditzchann"},"content":"","lastModifiedDate":"2025-02-06","isFullCredit":false},{"lineNumber":5,"author":{"gitId":"Ditzchann"},"content":"\tpublic Task(String name) {","lastModifiedDate":"2025-02-05","isFullCredit":false},{"lineNumber":6,"author":{"gitId":"Ditzchann"},"content":"\t\tthis.name \u003d name;","lastModifiedDate":"2025-02-05","isFullCredit":false},{"lineNumber":7,"author":{"gitId":"Ditzchann"},"content":"\t\tthis.done \u003d false;","lastModifiedDate":"2025-02-05","isFullCredit":false},{"lineNumber":8,"author":{"gitId":"Ditzchann"},"content":"\t}","lastModifiedDate":"2025-02-05","isFullCredit":false},{"lineNumber":9,"author":{"gitId":"Ditzchann"},"content":"","lastModifiedDate":"2025-02-06","isFullCredit":false},{"lineNumber":10,"author":{"gitId":"Ditzchann"},"content":"\tpublic void doTask() {","lastModifiedDate":"2025-02-05","isFullCredit":false},{"lineNumber":11,"author":{"gitId":"Ditzchann"},"content":"\t\tthis.done \u003d true;","lastModifiedDate":"2025-02-05","isFullCredit":false},{"lineNumber":12,"author":{"gitId":"Ditzchann"},"content":"\t}","lastModifiedDate":"2025-02-05","isFullCredit":false},{"lineNumber":13,"author":{"gitId":"Ditzchann"},"content":"","lastModifiedDate":"2025-02-06","isFullCredit":false},{"lineNumber":14,"author":{"gitId":"Ditzchann"},"content":"\tpublic void undoTask() {","lastModifiedDate":"2025-02-06","isFullCredit":false},{"lineNumber":15,"author":{"gitId":"Ditzchann"},"content":"\t\tthis.done \u003d false;","lastModifiedDate":"2025-02-06","isFullCredit":false},{"lineNumber":16,"author":{"gitId":"Ditzchann"},"content":"\t}","lastModifiedDate":"2025-02-06","isFullCredit":false},{"lineNumber":17,"author":{"gitId":"Ditzchann"},"content":"","lastModifiedDate":"2025-02-06","isFullCredit":false},{"lineNumber":18,"author":{"gitId":"Ditzchann"},"content":"\t@Override","lastModifiedDate":"2025-02-06","isFullCredit":false},{"lineNumber":19,"author":{"gitId":"Ditzchann"},"content":"\tpublic String toString() {","lastModifiedDate":"2025-02-05","isFullCredit":false},{"lineNumber":20,"author":{"gitId":"Ditzchann"},"content":"\t\tString out \u003d \"[\";","lastModifiedDate":"2025-02-05","isFullCredit":false},{"lineNumber":21,"author":{"gitId":"Ditzchann"},"content":"\t\tif (this.done) {","lastModifiedDate":"2025-02-05","isFullCredit":false},{"lineNumber":22,"author":{"gitId":"Ditzchann"},"content":"\t\t\tout \u003d out.concat(\"X\");","lastModifiedDate":"2025-02-05","isFullCredit":false},{"lineNumber":23,"author":{"gitId":"Ditzchann"},"content":"\t\t} else {","lastModifiedDate":"2025-02-05","isFullCredit":false},{"lineNumber":24,"author":{"gitId":"Ditzchann"},"content":"\t\t\tout \u003d out.concat(\" \");","lastModifiedDate":"2025-02-05","isFullCredit":false},{"lineNumber":25,"author":{"gitId":"Ditzchann"},"content":"\t\t}","lastModifiedDate":"2025-02-05","isFullCredit":false},{"lineNumber":26,"author":{"gitId":"Ditzchann"},"content":"\t\tout \u003d out.concat(\"] \");","lastModifiedDate":"2025-02-05","isFullCredit":false},{"lineNumber":27,"author":{"gitId":"Ditzchann"},"content":"\t\treturn out + this.name;","lastModifiedDate":"2025-02-05","isFullCredit":false},{"lineNumber":28,"author":{"gitId":"Ditzchann"},"content":"\t}","lastModifiedDate":"2025-02-05","isFullCredit":false},{"lineNumber":29,"author":{"gitId":"Ditzchann"},"content":"}","lastModifiedDate":"2025-02-05","isFullCredit":false}],"authorContributionMap":{"Ditzchann":29}},{"path":"src/main/java/ToDoTask.java","fileType":"java","lines":[{"lineNumber":1,"author":{"gitId":"Ditzchann"},"content":"public class ToDoTask extends Task{","lastModifiedDate":"2025-02-06","isFullCredit":false},{"lineNumber":2,"author":{"gitId":"Ditzchann"},"content":"\tpublic ToDoTask(String name) {","lastModifiedDate":"2025-02-06","isFullCredit":false},{"lineNumber":3,"author":{"gitId":"Ditzchann"},"content":"\t\tsuper(name);","lastModifiedDate":"2025-02-06","isFullCredit":false},{"lineNumber":4,"author":{"gitId":"Ditzchann"},"content":"\t}","lastModifiedDate":"2025-02-06","isFullCredit":false},{"lineNumber":5,"author":{"gitId":"Ditzchann"},"content":"","lastModifiedDate":"2025-02-06","isFullCredit":false},{"lineNumber":6,"author":{"gitId":"Ditzchann"},"content":"\t@Override","lastModifiedDate":"2025-02-06","isFullCredit":false},{"lineNumber":7,"author":{"gitId":"Ditzchann"},"content":"\tpublic String toString() {","lastModifiedDate":"2025-02-06","isFullCredit":false},{"lineNumber":8,"author":{"gitId":"Ditzchann"},"content":"\t\treturn \"[T]\" + super.toString();","lastModifiedDate":"2025-02-06","isFullCredit":false},{"lineNumber":9,"author":{"gitId":"Ditzchann"},"content":"\t}","lastModifiedDate":"2025-02-06","isFullCredit":false},{"lineNumber":10,"author":{"gitId":"Ditzchann"},"content":"}","lastModifiedDate":"2025-02-06","isFullCredit":false}],"authorContributionMap":{"Ditzchann":10}},{"path":"text-ui-test/input.txt","fileType":"txt","lines":[{"lineNumber":1,"author":{"gitId":"Ditzchann"},"content":"todo Extract EGO from Queen of Hatred","lastModifiedDate":"2025-02-16","isFullCredit":false},{"lineNumber":2,"author":{"gitId":"Ditzchann"},"content":"deadline Resolve Qliphoth Meltdown of Nothing There /by 3pm","lastModifiedDate":"2025-02-16","isFullCredit":false},{"lineNumber":3,"author":{"gitId":"Ditzchann"},"content":"event Noon Ordeal /from 12pm /to 1pm","lastModifiedDate":"2025-02-16","isFullCredit":false},{"lineNumber":4,"author":{"gitId":"Ditzchann"},"content":"list","lastModifiedDate":"2025-02-16","isFullCredit":false},{"lineNumber":5,"author":{"gitId":"Ditzchann"},"content":"mark 2","lastModifiedDate":"2025-02-16","isFullCredit":false},{"lineNumber":6,"author":{"gitId":"Ditzchann"},"content":"list","lastModifiedDate":"2025-02-16","isFullCredit":false},{"lineNumber":7,"author":{"gitId":"Ditzchann"},"content":"unmark 2","lastModifiedDate":"2025-02-16","isFullCredit":false},{"lineNumber":8,"author":{"gitId":"Ditzchann"},"content":"list","lastModifiedDate":"2025-02-16","isFullCredit":false},{"lineNumber":9,"author":{"gitId":"Ditzchann"},"content":"bye","lastModifiedDate":"2025-02-16","isFullCredit":false}],"authorContributionMap":{"Ditzchann":9}},{"path":"text-ui-test/runtest.bat","fileType":"bat","lines":[{"lineNumber":1,"author":{"gitId":"-"},"content":"@ECHO OFF","lastModifiedDate":"2020-05-25","isFullCredit":false},{"lineNumber":2,"author":{"gitId":"-"},"content":"","lastModifiedDate":"2020-05-25","isFullCredit":false},{"lineNumber":3,"author":{"gitId":"-"},"content":"REM create bin directory if it doesn\u0027t exist","lastModifiedDate":"2020-05-25","isFullCredit":false},{"lineNumber":4,"author":{"gitId":"-"},"content":"if not exist ..\\bin mkdir ..\\bin","lastModifiedDate":"2020-05-25","isFullCredit":false},{"lineNumber":5,"author":{"gitId":"-"},"content":"","lastModifiedDate":"2020-05-25","isFullCredit":false},{"lineNumber":6,"author":{"gitId":"-"},"content":"REM delete output from previous run","lastModifiedDate":"2020-05-25","isFullCredit":false},{"lineNumber":7,"author":{"gitId":"-"},"content":"if exist ACTUAL.TXT del ACTUAL.TXT","lastModifiedDate":"2020-08-25","isFullCredit":false},{"lineNumber":8,"author":{"gitId":"-"},"content":"","lastModifiedDate":"2020-05-25","isFullCredit":false},{"lineNumber":9,"author":{"gitId":"-"},"content":"REM compile the code into the bin folder","lastModifiedDate":"2020-05-25","isFullCredit":false},{"lineNumber":10,"author":{"gitId":"-"},"content":"javac  -cp ..\\src\\main\\java -Xlint:none -d ..\\bin ..\\src\\main\\java\\*.java","lastModifiedDate":"2020-08-25","isFullCredit":false},{"lineNumber":11,"author":{"gitId":"-"},"content":"IF ERRORLEVEL 1 (","lastModifiedDate":"2020-05-25","isFullCredit":false},{"lineNumber":12,"author":{"gitId":"-"},"content":"    echo ********** BUILD FAILURE **********","lastModifiedDate":"2020-05-25","isFullCredit":false},{"lineNumber":13,"author":{"gitId":"-"},"content":"    exit /b 1","lastModifiedDate":"2020-05-25","isFullCredit":false},{"lineNumber":14,"author":{"gitId":"-"},"content":")","lastModifiedDate":"2020-05-25","isFullCredit":false},{"lineNumber":15,"author":{"gitId":"-"},"content":"REM no error here, errorlevel \u003d\u003d 0","lastModifiedDate":"2020-05-25","isFullCredit":false},{"lineNumber":16,"author":{"gitId":"-"},"content":"","lastModifiedDate":"2020-05-25","isFullCredit":false},{"lineNumber":17,"author":{"gitId":"-"},"content":"REM run the program, feed commands from input.txt file and redirect the output to the ACTUAL.TXT","lastModifiedDate":"2020-05-25","isFullCredit":false},{"lineNumber":18,"author":{"gitId":"Ditzchann"},"content":"java -classpath ..\\bin Angela \u003c input.txt \u003e ACTUAL.TXT","lastModifiedDate":"2025-02-16","isFullCredit":false},{"lineNumber":19,"author":{"gitId":"-"},"content":"","lastModifiedDate":"2020-05-25","isFullCredit":false},{"lineNumber":20,"author":{"gitId":"-"},"content":"REM compare the output to the expected output","lastModifiedDate":"2020-05-25","isFullCredit":false},{"lineNumber":21,"author":{"gitId":"-"},"content":"FC ACTUAL.TXT EXPECTED.TXT","lastModifiedDate":"2020-05-25","isFullCredit":false}],"authorContributionMap":{"-":20,"Ditzchann":1}}]
