{"authorDailyContributionsMap":{"Bill-1":[{"date":"2025-01-23","commitResults":[{"hash":"f1cf8ce647bb04c9ee5bfd5f9050f0a446b99672","isMergeCommit":false,"messageTitle":"Level 0. Rename, Greet, Exit","messageBody":"","tags":["Level-0"],"fileTypesAndContributionMap":{"java":{"insertions":21,"deletions":10}}},{"hash":"272ba248a0837abda54358aedfb0a9a983791baa","isMergeCommit":false,"messageTitle":"Level 1. Echo","messageBody":"","tags":["Level-1"],"fileTypesAndContributionMap":{"java":{"insertions":16,"deletions":6}}},{"hash":"1f2bde1a565bf3baed6a2150d9d7ad01dd5de8c8","isMergeCommit":false,"messageTitle":"Level 2. Add, List","messageBody":"","tags":["Level-2"],"fileTypesAndContributionMap":{"java":{"insertions":14,"deletions":2}}}]}]},"authorFileTypeContributionMap":{"Bill-1":{"java":43,"md":0,"fxml":0,"sh":0,"bat":0,"gradle":0,"txt":0}},"authorContributionVariance":{"Bill-1":582.97955},"authorDisplayNameMap":{"Bill-1":"SHIN..UDEI"}}
