{"authorDailyContributionsMap":{"Bill-1":[{"date":"2025-01-23","commitResults":[{"hash":"f1cf8ce647bb04c9ee5bfd5f9050f0a446b99672","isMergeCommit":false,"messageTitle":"Level 0. Rename, Greet, Exit","messageBody":"","tags":["Level-0"],"fileTypesAndContributionMap":{"java":{"insertions":21,"deletions":10}}},{"hash":"272ba248a0837abda54358aedfb0a9a983791baa","isMergeCommit":false,"messageTitle":"Level 1. Echo","messageBody":"","tags":["Level-1"],"fileTypesAndContributionMap":{"java":{"insertions":16,"deletions":6}}},{"hash":"1f2bde1a565bf3baed6a2150d9d7ad01dd5de8c8","isMergeCommit":false,"messageTitle":"Level 2. Add, List","messageBody":"","tags":["Level-2"],"fileTypesAndContributionMap":{"java":{"insertions":14,"deletions":2}}},{"hash":"965a8748c687ebc36de07c0c0b59dea83bd69e0a","isMergeCommit":false,"messageTitle":"Level 3. Mark as Done","messageBody":"","tags":["Level-3"],"fileTypesAndContributionMap":{"java":{"insertions":57,"deletions":4}}},{"hash":"f6a08f85dee914d46f05ed572c5b35d57709052a","isMergeCommit":false,"messageTitle":"Level 4. ToDos, Events, Deadlines","messageBody":"","tags":["Level-4"],"fileTypesAndContributionMap":{"java":{"insertions":81,"deletions":3}}},{"hash":"2bbdd1533e8496d72759121cee15a7cb1fe67e38","isMergeCommit":false,"messageTitle":"A-TextUiTesting","messageBody":"","tags":["A-TextUiTesting"],"fileTypesAndContributionMap":{"txt":{"insertions":1,"deletions":0},"java":{"insertions":9,"deletions":3},"sh":{"insertions":1,"deletions":1}}}]},{"date":"2025-01-24","commitResults":[{"hash":"67fd14079d202d02b7ecdc7619fb6c82eeb063fc","isMergeCommit":false,"messageTitle":"Level 5. Handle Errors","messageBody":"","tags":["Level-5"],"fileTypesAndContributionMap":{"java":{"insertions":124,"deletions":96}}},{"hash":"1cd83a27a4392963f12bce8d19d953538963caae","isMergeCommit":false,"messageTitle":"Level 6. Delete","messageBody":"","tags":["Level-6"],"fileTypesAndContributionMap":{"java":{"insertions":87,"deletions":65}}}]},{"date":"2025-01-28","commitResults":[{"hash":"ba6c17167c1ffec079fe3949679afc4602196595","isMergeCommit":false,"messageTitle":"Level 7. Save","messageBody":"","tags":["Level-7"],"fileTypesAndContributionMap":{"java":{"insertions":263,"deletions":136}}}]},{"date":"2025-01-29","commitResults":[{"hash":"92a3ef9caff2824e95b19eb15c01207a76a6dd4d","isMergeCommit":false,"messageTitle":"Level 8. Dates and Times","messageBody":"","tags":["Level-8"],"fileTypesAndContributionMap":{"java":{"insertions":73,"deletions":11}}}]},{"date":"2025-01-30","commitResults":[{"hash":"a1032142dbcb343182477eaa868c07d120ede95b","isMergeCommit":false,"messageTitle":"A-MoreOOP","messageBody":"","tags":["A-MoreOOP"],"fileTypesAndContributionMap":{"java":{"insertions":445,"deletions":176}}}]}]},"authorFileTypeContributionMap":{"Bill-1":{"java":688,"md":0,"fxml":0,"sh":1,"bat":0,"gradle":0,"txt":1}},"authorContributionVariance":{"Bill-1":28775.865},"authorDisplayNameMap":{"Bill-1":"CS2103T-T14-4 SHIN..UDEI"}}
