{"authorDailyContributionsMap":{"deannapoh":[{"date":"2025-01-19","commitResults":[{"hash":"4dcaff5d321805aa5fcc17919bf8e886bffce787","isMergeCommit":false,"messageTitle":"renamed chatbot and added greet and exit functionalities","messageBody":"","tags":["Level-0"],"fileTypesAndContributionMap":{"java":{"insertions":11,"deletions":10}}},{"hash":"bedc1eb9b19dbe2c5b41a8fe6f4f48591c76ad50","isMergeCommit":false,"messageTitle":"added echo","messageBody":"","tags":["Level-1"],"fileTypesAndContributionMap":{"java":{"insertions":33,"deletions":4}}},{"hash":"e9ad7cbd531b47e0230c638a5b6a9e4e2de1477a","isMergeCommit":false,"messageTitle":"Added the ability to store whatever text entered by the user and display them back to the user when requested.","messageBody":"","tags":["Level-2"],"fileTypesAndContributionMap":{"java":{"insertions":70,"deletions":15}}},{"hash":"cc3f3408d2ff4ce481df715b26708e6dbe1c8ea6","isMergeCommit":false,"messageTitle":"Added the ability to mark tasks as done and added the ability to change the status back to not done.","messageBody":"","tags":["Level-3"],"fileTypesAndContributionMap":{"java":{"insertions":104,"deletions":35}}}]},{"date":"2025-01-20","commitResults":[{"hash":"a527f9df9d3c5633986049560c4ef68a13693f21","isMergeCommit":false,"messageTitle":"Added todo, deadline and event tasks","messageBody":"","tags":["Level-4"],"fileTypesAndContributionMap":{"java":{"insertions":70,"deletions":6}}}]},{"date":"2025-01-21","commitResults":[{"hash":"0954a123253ab92df2ff0b80298eae2ea83f24a0","isMergeCommit":false,"messageTitle":"Used the input/output redirection technique to semi-automate the testing of Duke.","messageBody":"","tags":["A-TextUiTesting"],"fileTypesAndContributionMap":{"txt":{"insertions":8,"deletions":0},"java":{"insertions":16,"deletions":16},"bat":{"insertions":1,"deletions":1},"sh":{"insertions":1,"deletions":1}}}]},{"date":"2025-01-22","commitResults":[{"hash":"66c73f99155f06ec595c11b50b989f235c737537","isMergeCommit":false,"messageTitle":"Taught the chatbot to deal with errors such as incorrect inputs entered by the user.","messageBody":"","tags":["Level-5"],"fileTypesAndContributionMap":{"java":{"insertions":129,"deletions":43}}},{"hash":"34023ffc9cc5e00bf0bfb3f7e4493b6365af9264","isMergeCommit":false,"messageTitle":"Added support for deleting tasks from the list.","messageBody":"","tags":["Level-6"],"fileTypesAndContributionMap":{"java":{"insertions":35,"deletions":1}}}]},{"date":"2025-01-28","commitResults":[{"hash":"4af6ba1035a529dddcee96d356ee1d4a29142d16","isMergeCommit":false,"messageTitle":"Add feature to save and load tasks in a hard disk.","messageBody":"TaskList reloads when chatbot restarts.\n\nThis prevents users from keeping track of their task history.\n\nSaving the tasks in a hard disk automatically whenever the task list\nchanges and loading the data from the hard disk when the chatbot starts\nup allows users to better keep track of their task history.\n","tags":["branch-Level-7"],"fileTypesAndContributionMap":{"java":{"insertions":166,"deletions":2}}},{"hash":"37690adc4980e9f1c343c511b99d13d576828e96","isMergeCommit":true,"messageTitle":"Merge branch \u0027branch-Level-7\u0027","messageBody":"","tags":["Level-7"],"fileTypesAndContributionMap":{}}]},{"date":"2025-01-30","commitResults":[{"hash":"a608214288692e5629142abb29d32c8a6f29892e","isMergeCommit":false,"messageTitle":"Add feature to teach Chatbot to understand dates and times.","messageBody":"User can input any type of dates and times. This makes the format\nunstandardised and messy.\n\nTeaching the Chatbot how to understand dates and times makes task list\nneater and easier to read.\n","tags":["branch-Level-8"],"fileTypesAndContributionMap":{"java":{"insertions":88,"deletions":31}}},{"hash":"4ceeef21a5bb0e156c8718506a815083a2ab4caf","isMergeCommit":false,"messageTitle":"Add feature to save and load tasks in a hard disk","messageBody":"TaskList reloads when chatbot restarts.\n\nThis prevents users from keeping track of their task history.\n\nSaving the tasks in a hard disk automatically whenever the task list\nchanges and loading the data from the hard disk when the chatbot starts\nup allows users to better keep track of their task history.\n","fileTypesAndContributionMap":{"java":{"insertions":166,"deletions":2}}},{"hash":"464565ea1cee8ec78fb7e367d0bab4f3a99a66ef","isMergeCommit":false,"messageTitle":"Add feature to teach Chatbot to understand dates and times","messageBody":"User can input any type of dates and times. This makes the format\nunstandardised and messy.\n\nTeaching the Chatbot how to understand dates and times makes task list\nneater and easier to read.\n","fileTypesAndContributionMap":{"java":{"insertions":88,"deletions":31}}},{"hash":"4dfd09a7c8ce3938dcdfdf4a2d7dccac42a53018","isMergeCommit":false,"messageTitle":"Edit code to follow OOP principles","messageBody":"There are some parts of the code that violate OOP principles.\n\nAdding additional classes such as Ui and Parser can improve the code\nquality.\n","fileTypesAndContributionMap":{"txt":{"insertions":3,"deletions":0},"java":{"insertions":194,"deletions":172}}},{"hash":"db29ba5a1ae5f09ad352b2613b3e36091f01dd48","isMergeCommit":false,"messageTitle":"Organise classes into packages","messageBody":"All classes are under the same directory.\n\nOrganising the classes into packages allows for easier management\n","tags":["branch-A-Packages"],"fileTypesAndContributionMap":{"txt":{"insertions":3,"deletions":3},"java":{"insertions":73,"deletions":22},"bat":{"insertions":1,"deletions":1}}},{"hash":"665acd2141338072affeb0d8869344bffaa927b7","isMergeCommit":true,"messageTitle":"Merge branch \u0027branch-A-Packages\u0027","messageBody":"","tags":["A-Packages"],"fileTypesAndContributionMap":{}},{"hash":"7411b4d5fd78240c55f09a69a0c5e31dac7c204b","isMergeCommit":true,"messageTitle":"Merge branch \u0027add-gradle-support\u0027","messageBody":"","tags":["A-Gradle"],"fileTypesAndContributionMap":{}},{"hash":"6b0f8d79e0dd4231bbe77f74e3a0bb6fc5720c72","isMergeCommit":false,"messageTitle":"Add JUnit tests","messageBody":"Need to use manual testing to test for bugs in the code. Adding JUnit\ntests help to make testing more efficient.\n","fileTypesAndContributionMap":{"txt":{"insertions":3,"deletions":3},"java":{"insertions":143,"deletions":19}}},{"hash":"aa4b72bc9f50cc0127b928903e05ef31aff72e9a","isMergeCommit":true,"messageTitle":"Merge branch \u0027branch-A-JUnit\u0027","messageBody":"","tags":["A-Jar","A-JUnit"],"fileTypesAndContributionMap":{}}]},{"date":"2025-01-31","commitResults":[{"hash":"97b1700945cf5e6146008b5410536da030f3336c","isMergeCommit":false,"messageTitle":"Add Javadoc comments","messageBody":"Methods have no headers describing what they do. Adding Javadoc\ncomments makes the method functionalities clearer and easier to\nunderstand.\n","tags":["branch-A-JavaDoc"],"fileTypesAndContributionMap":{"java":{"insertions":139,"deletions":19}}},{"hash":"ab785dae33e10fb0c65104db7dc76934a2d7465e","isMergeCommit":true,"messageTitle":"Merge tag \u0027branch-A-JavaDoc\u0027","messageBody":"","tags":["A-JavaDoc"],"fileTypesAndContributionMap":{}},{"hash":"1f3f40edff54403eaac214683b41fb1717cd8eda","isMergeCommit":false,"messageTitle":"Edit the code such that it complies with coding standard","messageBody":"Code does not comply with coding standard. Thus, editing the code helps\nto make the code neater.\n","tags":["branch-A-CodingStandard"],"fileTypesAndContributionMap":{"txt":{"insertions":2,"deletions":2},"java":{"insertions":114,"deletions":80}}},{"hash":"e93e96a697996353f7bf2eb25a661b51fb9ee34b","isMergeCommit":true,"messageTitle":"Edit the code such that it complies with coding standard","messageBody":"Code does not comply with coding standard. Thus, editing the code helps\nto make the code neater.\n","fileTypesAndContributionMap":{}},{"hash":"f8e8c40ee55add934da2b199d95f4ba8833eb8c9","isMergeCommit":false,"messageTitle":"Edit the code such that it complies with coding standard","messageBody":"Code does not comply with coding standard. Thus, editing the code helps\nto make the code neater.\n","tags":["A-CodingStandard"],"fileTypesAndContributionMap":{"java":{"insertions":46,"deletions":15}}},{"hash":"2fa1e0ec8a13ade6838ba2ee433ae39b7353ad46","isMergeCommit":false,"messageTitle":"Edit the code such that it complies with coding standard","messageBody":"Code does not comply with coding standard. Thus, editing the code helps\nto make the code neater.\n","fileTypesAndContributionMap":{"java":{"insertions":162,"deletions":58}}}]},{"date":"2025-02-01","commitResults":[{"hash":"c1ba1f09288b91e12c2881f807f258c4a2035060","isMergeCommit":false,"messageTitle":"Add feature that allows users to find tasks","messageBody":"Users can only see the list of tasks they have, but they cannot find\ntasks with specific keywords. This feature allows them to view their\ntasks more conveniently.\n","tags":["branch-Level-9"],"fileTypesAndContributionMap":{"txt":{"insertions":4,"deletions":2},"java":{"insertions":33,"deletions":0}}},{"hash":"7fbf7252ab157628d2f9e5c882de631b199d1d69","isMergeCommit":true,"messageTitle":"Merge branch \u0027branch-Level-9\u0027","messageBody":"","tags":["Level-9"],"fileTypesAndContributionMap":{}}]},{"date":"2025-02-03","commitResults":[{"hash":"5b83263263af09d5b0735ffbcbb2380a893a4796","isMergeCommit":true,"messageTitle":"Merge remote-tracking branch \u0027origin/branch-Level-8\u0027","messageBody":"Fix merge issue\n","fileTypesAndContributionMap":{}}]},{"date":"2025-02-06","commitResults":[{"hash":"846f9e69a357ac1650fddf7d4b9cc2b0413fb5eb","isMergeCommit":false,"messageTitle":"Add GUI to the chatbot","messageBody":"Chatbot has no GUI. Adding GUI can help enhance the user experience.\n","tags":["branch-Level-10"],"fileTypesAndContributionMap":{"gradle":{"insertions":16,"deletions":1},"txt":{"insertions":3,"deletions":4},"fxml":{"insertions":66,"deletions":0},"java":{"insertions":239,"deletions":79}}},{"hash":"805b2c2a86ae312cbf33bb42a2b8bbc88ed5cafc","isMergeCommit":true,"messageTitle":"Merge tag \u0027branch-Level-10\u0027","messageBody":"","tags":["Level-10"],"fileTypesAndContributionMap":{}}]},{"date":"2025-02-12","commitResults":[{"hash":"d42b53bf9cc000ca430f5e9822dc41e75651133f","isMergeCommit":false,"messageTitle":"Incorporate assertions into code","messageBody":"There are no assertions in the code. There are only exceptions and\ntry-catch blocks.\n\nUsing assertions help to document important assumptions that should\nhold at various points in the code. This helps in debugging.\n\nLet\u0027s incorporate assertions in our code to make debugging easier.\n","tags":["branch-A-Assertions","A-FullCommitMessage"],"fileTypesAndContributionMap":{"gradle":{"insertions":3,"deletions":1},"txt":{"insertions":1,"deletions":0},"java":{"insertions":157,"deletions":72}}},{"hash":"d681e984c5b6f58ac412916f96443e25a8e5283e","isMergeCommit":true,"messageTitle":"Merge pull request #1 from deannapoh/branch-A-Assertions","messageBody":"Incorporate assertions into code","tags":["A-Assertions"],"fileTypesAndContributionMap":{}},{"hash":"dd5efff6af5a3becc4dee61c6c5bd91a97829c8c","isMergeCommit":false,"messageTitle":"Improve Code Quality","messageBody":"","fileTypesAndContributionMap":{"java":{"insertions":4,"deletions":4}}},{"hash":"3ad5a547a7a0f6d9a4492539df1c81e170a50c30","isMergeCommit":false,"messageTitle":"Improve Code Quality","messageBody":"","fileTypesAndContributionMap":{"java":{"insertions":2,"deletions":2}}},{"hash":"50adffdac91b99cab63952b1e066b83a424c2fe8","isMergeCommit":false,"messageTitle":"Add ability to re-arrange tasks in chronological order","messageBody":"Chatbot adds tasks based on whichever task is first input by user.\n\nAutomatically re-arranging tasks allows users to keep track of their\ntasks better, improving user experience.\n","tags":["BCD-Extension"],"fileTypesAndContributionMap":{"txt":{"insertions":5,"deletions":4},"java":{"insertions":101,"deletions":5}}}]}]},"authorFileTypeContributionMap":{"deannapoh":{"java":1402,"md":0,"fxml":66,"sh":1,"bat":1,"gradle":19,"txt":14}},"authorContributionVariance":{"deannapoh":48312.062},"authorDisplayNameMap":{"deannapoh":"CS2103T-F13-3 POH ..ANNA"}}
