{"authorDailyContributionsMap":{"deannapoh":[{"date":"2025-01-19","commitResults":[{"hash":"4dcaff5d321805aa5fcc17919bf8e886bffce787","isMergeCommit":false,"messageTitle":"renamed chatbot and added greet and exit functionalities","messageBody":"","tags":["Level-0"],"fileTypesAndContributionMap":{"java":{"insertions":11,"deletions":10}}},{"hash":"bedc1eb9b19dbe2c5b41a8fe6f4f48591c76ad50","isMergeCommit":false,"messageTitle":"added echo","messageBody":"","tags":["Level-1"],"fileTypesAndContributionMap":{"java":{"insertions":33,"deletions":4}}},{"hash":"e9ad7cbd531b47e0230c638a5b6a9e4e2de1477a","isMergeCommit":false,"messageTitle":"Added the ability to store whatever text entered by the user and display them back to the user when requested.","messageBody":"","tags":["Level-2"],"fileTypesAndContributionMap":{"java":{"insertions":70,"deletions":15}}},{"hash":"cc3f3408d2ff4ce481df715b26708e6dbe1c8ea6","isMergeCommit":false,"messageTitle":"Added the ability to mark tasks as done and added the ability to change the status back to not done.","messageBody":"","tags":["Level-3"],"fileTypesAndContributionMap":{"java":{"insertions":104,"deletions":35}}}]},{"date":"2025-01-20","commitResults":[{"hash":"a527f9df9d3c5633986049560c4ef68a13693f21","isMergeCommit":false,"messageTitle":"Added todo, deadline and event tasks","messageBody":"","tags":["Level-4"],"fileTypesAndContributionMap":{"java":{"insertions":70,"deletions":6}}}]},{"date":"2025-01-21","commitResults":[{"hash":"0954a123253ab92df2ff0b80298eae2ea83f24a0","isMergeCommit":false,"messageTitle":"Used the input/output redirection technique to semi-automate the testing of Duke.","messageBody":"","tags":["A-TextUiTesting"],"fileTypesAndContributionMap":{"txt":{"insertions":8,"deletions":0},"java":{"insertions":16,"deletions":16},"bat":{"insertions":1,"deletions":1},"sh":{"insertions":1,"deletions":1}}}]},{"date":"2025-01-22","commitResults":[{"hash":"66c73f99155f06ec595c11b50b989f235c737537","isMergeCommit":false,"messageTitle":"Taught the chatbot to deal with errors such as incorrect inputs entered by the user.","messageBody":"","tags":["Level-5"],"fileTypesAndContributionMap":{"java":{"insertions":129,"deletions":43}}},{"hash":"34023ffc9cc5e00bf0bfb3f7e4493b6365af9264","isMergeCommit":false,"messageTitle":"Added support for deleting tasks from the list.","messageBody":"","tags":["Level-6"],"fileTypesAndContributionMap":{"java":{"insertions":35,"deletions":1}}}]},{"date":"2025-01-30","commitResults":[{"hash":"4ceeef21a5bb0e156c8718506a815083a2ab4caf","isMergeCommit":false,"messageTitle":"Add feature to save and load tasks in a hard disk","messageBody":"TaskList reloads when chatbot restarts.\n\nThis prevents users from keeping track of their task history.\n\nSaving the tasks in a hard disk automatically whenever the task list\nchanges and loading the data from the hard disk when the chatbot starts\nup allows users to better keep track of their task history.\n","fileTypesAndContributionMap":{"java":{"insertions":166,"deletions":2}}},{"hash":"464565ea1cee8ec78fb7e367d0bab4f3a99a66ef","isMergeCommit":false,"messageTitle":"Add feature to teach Chatbot to understand dates and times","messageBody":"User can input any type of dates and times. This makes the format\nunstandardised and messy.\n\nTeaching the Chatbot how to understand dates and times makes task list\nneater and easier to read.\n","fileTypesAndContributionMap":{"java":{"insertions":88,"deletions":31}}},{"hash":"4dfd09a7c8ce3938dcdfdf4a2d7dccac42a53018","isMergeCommit":false,"messageTitle":"Edit code to follow OOP principles","messageBody":"There are some parts of the code that violate OOP principles.\n\nAdding additional classes such as Ui and Parser can improve the code\nquality.\n","fileTypesAndContributionMap":{"txt":{"insertions":3,"deletions":0},"java":{"insertions":194,"deletions":172}}},{"hash":"db29ba5a1ae5f09ad352b2613b3e36091f01dd48","isMergeCommit":false,"messageTitle":"Organise classes into packages","messageBody":"All classes are under the same directory.\n\nOrganising the classes into packages allows for easier management\n","fileTypesAndContributionMap":{"txt":{"insertions":3,"deletions":3},"java":{"insertions":73,"deletions":22},"bat":{"insertions":1,"deletions":1}}},{"hash":"665acd2141338072affeb0d8869344bffaa927b7","isMergeCommit":true,"messageTitle":"Merge branch \u0027branch-A-Packages\u0027","messageBody":"","tags":["A-Packages"],"fileTypesAndContributionMap":{}},{"hash":"7411b4d5fd78240c55f09a69a0c5e31dac7c204b","isMergeCommit":true,"messageTitle":"Merge branch \u0027add-gradle-support\u0027","messageBody":"","tags":["A-Gradle"],"fileTypesAndContributionMap":{}},{"hash":"6b0f8d79e0dd4231bbe77f74e3a0bb6fc5720c72","isMergeCommit":false,"messageTitle":"Add JUnit tests","messageBody":"Need to use manual testing to test for bugs in the code. Adding JUnit\ntests help to make testing more efficient.\n","fileTypesAndContributionMap":{"txt":{"insertions":3,"deletions":3},"java":{"insertions":143,"deletions":19}}},{"hash":"aa4b72bc9f50cc0127b928903e05ef31aff72e9a","isMergeCommit":true,"messageTitle":"Merge branch \u0027branch-A-JUnit\u0027","messageBody":"","tags":["A-Jar","A-JUnit"],"fileTypesAndContributionMap":{}}]}]},"authorFileTypeContributionMap":{"deannapoh":{"java":766,"md":0,"fxml":0,"sh":1,"bat":1,"gradle":0,"txt":11}},"authorContributionVariance":{"deannapoh":41777.867},"authorDisplayNameMap":{"deannapoh":"CS2103T-F13-3 POH ..ANNA"}}
