{"authorDailyContributionsMap":{"wzhua02":[{"date":"2025-01-22","commitResults":[{"hash":"53d7b1291dab7d7905537f6808da15ec9aa8bf75","isMergeCommit":false,"messageTitle":"Renamed Duke to Baymax","messageBody":"","fileTypesAndContributionMap":{"java":{"insertions":10,"deletions":10}}},{"hash":"1158ed9004c436d940a2411a96cab9fc06c7d478","isMergeCommit":false,"messageTitle":"Did Level 1: Echo and Level 2: Add, List","messageBody":"","tags":["Level-2","Level-1","Level-0"],"fileTypesAndContributionMap":{"java":{"insertions":32,"deletions":6}}},{"hash":"64989d4ff12e33071ddeba6eca524948968b29ec","isMergeCommit":false,"messageTitle":"Converted tasks from just Strings to the class Task; input is now split to String[], taskList uses ArrayList to store","messageBody":"","fileTypesAndContributionMap":{"java":{"insertions":38,"deletions":12}}},{"hash":"74bb589de0fea65b90acdb94c71db9f73837c67b","isMergeCommit":false,"messageTitle":"Done level 3; Change switch-case to simply if-else","messageBody":"","tags":["Level-3"],"fileTypesAndContributionMap":{"java":{"insertions":29,"deletions":18}}},{"hash":"63d13d2320d45d6fb9c7398c2f9cbf986672e0f5","isMergeCommit":false,"messageTitle":"Done Level-4","messageBody":"","tags":["Level-4"],"fileTypesAndContributionMap":{"java":{"insertions":75,"deletions":12}}},{"hash":"30c55aa2fe73bc35d5f265f5f72cd3c6f6cbf3d7","isMergeCommit":false,"messageTitle":"Added new classes for each Task as files and with inheritance; Changed back to switch-case.","messageBody":"","fileTypesAndContributionMap":{"java":{"insertions":146,"deletions":106}}},{"hash":"a3f3be5d9158c72ebda53b0a7709ad94581505e0","isMergeCommit":false,"messageTitle":"Done Level 5; Added Exception class","messageBody":"","tags":["Level-5"],"fileTypesAndContributionMap":{"java":{"insertions":81,"deletions":55}}},{"hash":"0813fb1506b9b47715fcc04de4eba228fb6d751d","isMergeCommit":false,"messageTitle":"Done A-TextUiTesting","messageBody":"","tags":["A-TextUiTesting"],"fileTypesAndContributionMap":{"txt":{"insertions":14,"deletions":0},"java":{"insertions":7,"deletions":1},"bat":{"insertions":1,"deletions":1}}},{"hash":"1a89111f067deb4270de690d04f66f24d3f538c0","isMergeCommit":false,"messageTitle":"Done Level-6; Modified TextUiTesting to test it","messageBody":"","tags":["Level-6"],"fileTypesAndContributionMap":{"txt":{"insertions":5,"deletions":2},"java":{"insertions":9,"deletions":2}}}]},{"date":"2025-01-26","commitResults":[{"hash":"b1ce053d16d7b5f249db86e9a494895c429aba17","isMergeCommit":false,"messageTitle":"Modify reply() method","messageBody":"Removed the indent string from the method, implemented a method\nthat auto indents every System.out message.\n","fileTypesAndContributionMap":{"java":{"insertions":18,"deletions":4}}},{"hash":"b932df7cbe9abcd549466b3b8b42221c0b9cf0e9","isMergeCommit":false,"messageTitle":"Add tasks.txt","messageBody":"","fileTypesAndContributionMap":{"txt":{"insertions":4,"deletions":0}}}]},{"date":"2025-01-27","commitResults":[{"hash":"f66e65301e3ca369f7e54c3370df0b2756a6e785","isMergeCommit":false,"messageTitle":"Level-7","messageBody":"Refactor tasks.txt.\n\nAdd loading and saving to tasks.txt to Baymax.\n\nAdd saveFormat method and overload constructor to Task and its\nsubclasses to support saving and loading feature.\n","fileTypesAndContributionMap":{"txt":{"insertions":2,"deletions":1},"java":{"insertions":139,"deletions":35}}},{"hash":"ed258c7154f0027c16e8757ba8cac64a0baf5d63","isMergeCommit":true,"messageTitle":"Merge branch \u0027branch-Level-7\u0027","messageBody":"","tags":["Level-7"],"fileTypesAndContributionMap":{}},{"hash":"2d4b0beefc19771b27636c5e1dbe27d43d420d4f","isMergeCommit":false,"messageTitle":"Remove code that was used to test some functionality of the chatbot.","messageBody":"","fileTypesAndContributionMap":{"java":{"insertions":0,"deletions":6}}},{"hash":"d0ff8b9d26092ae42b78d2efaf0a52f9ccc78a5b","isMergeCommit":false,"messageTitle":"Add DateTime parsing to Baymax","messageBody":"Modify Deadline and Event to parse and output DateTime\n","fileTypesAndContributionMap":{"txt":{"insertions":3,"deletions":4},"java":{"insertions":52,"deletions":18}}},{"hash":"f3eb3251c3216caa6c18ae546c95ae7a77e3657a","isMergeCommit":false,"messageTitle":"Modifications for text-ui-test","messageBody":"Fix text bug in Event.java.\n\nRemove trailing whitespaces in messages in Baymax.java.\n\nUpdate runtest.bat, input.txt and EXPECTED.TXT for level 8.\n","fileTypesAndContributionMap":{"txt":{"insertions":6,"deletions":2},"java":{"insertions":18,"deletions":15},"bat":{"insertions":7,"deletions":0}}},{"hash":"a419af3e813d2bd9f5e7284cc817ac7cdde06657","isMergeCommit":true,"messageTitle":"Merge branch \u0027branch-Level-8\u0027","messageBody":"","tags":["Level-8"],"fileTypesAndContributionMap":{}},{"hash":"4f2c6618d94b4e387b49dc4a6df7b2d15512c80a","isMergeCommit":false,"messageTitle":"Refactor Baymax for improved OOP design","messageBody":"The functionality for file interaction, task management, and user\ninteraction is tightly coupled in `Baymax.java`. Tasks have a redundant\ntype parameter, and the `Task` class has insufficient visibility scope.\n\nThis tight coupling makes the codebase harder to maintain and extend.\nThe redundant type parameter adds unnecessary complexity without\nproviding any benefits.\n\nLet\u0027s refactor the code to adhere to object-oriented principles by\nintroducing dedicated classes for specific responsibilities:\n- Add a `Storage` class to encapsulate file interaction functionality.\n- Add a `TaskList` class to manage the task list and its interactions.\n- Add a `UserInterface` class to handle user input and Baymax\u0027s\nresponses.\n- Refactor `Baymax.java` to align with this modular design, leaving\nparser functionality to be extracted separately.\n- Remove the type parameter from all `Task` subclasses to reduce\ncomplexity and redundancy.\n- Make the `Task` class public to enforce proper scope and visibility.\n\nThis approach aligns with the Single Responsibility Principle (SRP) and\nimproves code readability, modularity, and testability. Tasks no longer\nneed a redundant type parameter, as constructors already imply the type.\n\nFurther parser refactoring will be addressed in a future commit.\n","fileTypesAndContributionMap":{"java":{"insertions":264,"deletions":196}}},{"hash":"9cdc87cf7f8b556dbc6d72f7d4f7f848f2279208","isMergeCommit":false,"messageTitle":"Add parser class","messageBody":"Extract command logic functionality to Parser class.\n","fileTypesAndContributionMap":{"java":{"insertions":70,"deletions":55}}},{"hash":"450721ec5138124f9c2001b588cfd004562bc4cc","isMergeCommit":true,"messageTitle":"Merge branch \u0027branch-A-MoreOOP\u0027","messageBody":"","tags":["A-MoreOOP"],"fileTypesAndContributionMap":{}}]},{"date":"2025-01-28","commitResults":[{"hash":"3502ba9793d1282354f548dde4035967c7444baf","isMergeCommit":false,"messageTitle":"Modify functionality of Parser.java","messageBody":"Moved while loop to Baymax.java.\n\nMoved parseDateTime function to Parser.java.\n\nRenamed UserInterface to Ui.\n","fileTypesAndContributionMap":{"java":{"insertions":91,"deletions":84}}},{"hash":"4414c9e577a617c772658473a040603c311e0d40","isMergeCommit":true,"messageTitle":"Merge pull request #2 from \u0027branch-A-MoreOOP\u0027","messageBody":"","fileTypesAndContributionMap":{}},{"hash":"9104cd86f27a7eea73b56e5d4a324b6ac6b31c2a","isMergeCommit":false,"messageTitle":"Refactor all class files into respective packages","messageBody":"Modify runtest.bat to detect the Baymax.java in new packages.\n\nModify .gitignore to account for refactored files.\n","fileTypesAndContributionMap":{"java":{"insertions":51,"deletions":17},"bat":{"insertions":1,"deletions":1}}},{"hash":"02efcc19d4f23cc9f559a083580134e10eff7824","isMergeCommit":true,"messageTitle":"Merge request #3 branch \u0027branch-A-MoreOOP\u0027","messageBody":"","tags":["A-Packages"],"fileTypesAndContributionMap":{}}]},{"date":"2025-01-29","commitResults":[{"hash":"2fdde19f7fbebac08a04d3b4d2f6d46a7c6948b8","isMergeCommit":true,"messageTitle":"Merge branch \u0027add-gradle-support\u0027","messageBody":"","fileTypesAndContributionMap":{}},{"hash":"cf4cce22e283574ba79df46999c919b292d37b84","isMergeCommit":false,"messageTitle":"Fix a bug in Parser.java","messageBody":"Redundant scan was found in finally statement\n","fileTypesAndContributionMap":{"java":{"insertions":4,"deletions":4}}},{"hash":"1d60f1e0a817451a0c310a939342980fc89a0416","isMergeCommit":false,"messageTitle":"Gradle is able to run Baymax","messageBody":"","tags":["A-Gradle"],"fileTypesAndContributionMap":{"gradle":{"insertions":2,"deletions":1}}},{"hash":"c2a186d68e09fb42a933eb15ba130ddda79e5c0c","isMergeCommit":false,"messageTitle":"Add JUnit Tests for Storage, Ui and Parser","messageBody":"","tags":["A-JUnit"],"fileTypesAndContributionMap":{"java":{"insertions":112,"deletions":0}}},{"hash":"f42f54b25eb2dbf6a5d28792027f5fd5175d2284","isMergeCommit":false,"messageTitle":"Update gradle build file to name jar file","messageBody":"","fileTypesAndContributionMap":{"gradle":{"insertions":2,"deletions":1}}},{"hash":"adaadf6d8967fb6ea06fac11e0c7f48304a60708","isMergeCommit":false,"messageTitle":"Bug fix: Gradle build file name fix","messageBody":"","tags":["A-Jar"],"fileTypesAndContributionMap":{"gradle":{"insertions":1,"deletions":1}}},{"hash":"7ec632d428fc15220320371f2afc5f121a704ac3","isMergeCommit":false,"messageTitle":"Add javadocs to all classes","messageBody":"","fileTypesAndContributionMap":{"java":{"insertions":326,"deletions":51}}},{"hash":"f03fca78267aeb58e76c185da5709e7e0133aff3","isMergeCommit":false,"messageTitle":"Modify files to meet coding standard, excluding JavaDoc comments","messageBody":"","fileTypesAndContributionMap":{"gradle":{"insertions":11,"deletions":0},"java":{"insertions":49,"deletions":44}}},{"hash":"c0759ef10815bfb1b7e94dc9d96ff55856536515","isMergeCommit":false,"messageTitle":"Modify Parser and TaskList","messageBody":"Abstracted create different tasks functionality from TaskList to Parser,\nto follow single responsibility rule for TaskList methods.\n\nAdded a new case \"find\", functionality will be implemented in future\ncommit\n","fileTypesAndContributionMap":{"java":{"insertions":69,"deletions":52}}},{"hash":"5640b72528b6e50207190828818c565786a998e4","isMergeCommit":false,"messageTitle":"Add find command functionality","messageBody":"Add getTaskIdx method to TaskList\n\nAdd getDescription method to Task\n\nAdd a \"find\" case in Parser.java\n","fileTypesAndContributionMap":{"java":{"insertions":51,"deletions":7}}},{"hash":"40810a7bfaebfad4cd5c28b23a5e676c071e11e2","isMergeCommit":true,"messageTitle":"Merge request #1 from branch \u0027branch-A-JavaDoc\u0027","messageBody":"","tags":["A-JavaDoc"],"fileTypesAndContributionMap":{}},{"hash":"3f0574e382fbd50e0f732efa23d385dd991d0831","isMergeCommit":true,"messageTitle":"Merge request #2 from branch \u0027branch-A-CodingStandard\u0027","messageBody":"","tags":["A-CodingStandard"],"fileTypesAndContributionMap":{}},{"hash":"75d59e0f411136d5b1a9881ed5e961489b27a585","isMergeCommit":true,"messageTitle":"Merge request #1 from branch \u0027branch-Level-9\u0027","messageBody":"","tags":["Level-9"],"fileTypesAndContributionMap":{}},{"hash":"93d33e8ea7d1f6bb9ff6f40c2d27234bbd7fb248","isMergeCommit":false,"messageTitle":"Update javadocs for Task and TaskList","messageBody":"","fileTypesAndContributionMap":{"java":{"insertions":30,"deletions":11}}}]},{"date":"2025-02-03","commitResults":[{"hash":"2945e26aa3136c3f000fb19aa54e6423aa260205","isMergeCommit":false,"messageTitle":"Changes to some methods and code quality fixes","messageBody":"Code quality fixed in BaymaxException and Storage.\n\nPartially changed Ui to static context. Further changes to make in future commits.\n\nModified list tasks functionality.\n","fileTypesAndContributionMap":{"java":{"insertions":43,"deletions":55}}},{"hash":"72fc1360f207cfc79ad902eec4a9aff68bc95ecd","isMergeCommit":false,"messageTitle":"Modify Ui to be fully static","messageBody":"Modified UiTest to comply with static context.\n","fileTypesAndContributionMap":{"java":{"insertions":20,"deletions":31}}},{"hash":"349d0230c322f46020b33f54d07186093f0a2508","isMergeCommit":false,"messageTitle":"Add javadocs and code quality fixes","messageBody":"","fileTypesAndContributionMap":{"java":{"insertions":33,"deletions":20}}}]},{"date":"2025-02-04","commitResults":[{"hash":"cc2d4db1195a469f203e72b7cc3a78ff1e205e07","isMergeCommit":false,"messageTitle":"Added GUI to Baymax","messageBody":"Remove Ui class, with GUI there is no use cases for methods in Ui class.\n","fileTypesAndContributionMap":{"gradle":{"insertions":15,"deletions":8},"fxml":{"insertions":38,"deletions":0},"java":{"insertions":195,"deletions":159}}},{"hash":"37d05c00b40755118e0765d54996c5fc6e9164b9","isMergeCommit":false,"messageTitle":"Add and modify javadocs in Baymax and Parser","messageBody":"","fileTypesAndContributionMap":{"java":{"insertions":7,"deletions":0}}},{"hash":"89ee221d2e28488c4983e82e06e24fe8b6b73e9b","isMergeCommit":false,"messageTitle":"Refactor Storage from io package to util package","messageBody":"","fileTypesAndContributionMap":{"java":{"insertions":6,"deletions":5}}},{"hash":"5046d5b9162fdd65cd78d851f1eedad43458ab1c","isMergeCommit":false,"messageTitle":"Modify ParserTest and StorageTest","messageBody":"","fileTypesAndContributionMap":{"java":{"insertions":104,"deletions":12}}},{"hash":"2903ec7d6e42ccd50e9d87b350175d4a462e8176","isMergeCommit":false,"messageTitle":"Modify image resource and minor text bug fix","messageBody":"","fileTypesAndContributionMap":{"java":{"insertions":3,"deletions":3}}},{"hash":"e69c5289ec862db459ca82916e84f5e12945780f","isMergeCommit":false,"messageTitle":"Add bye command functionality","messageBody":"","fileTypesAndContributionMap":{"java":{"insertions":11,"deletions":1}}},{"hash":"af468b52cd514ae0089d5d037289a5fcc99d0d6d","isMergeCommit":false,"messageTitle":"Dialog box changes color for certain commands","messageBody":"","fileTypesAndContributionMap":{"txt":{"insertions":1,"deletions":1},"java":{"insertions":29,"deletions":12}}},{"hash":"92d5d2783d4fa764f1866613d0ebb28a3042a004","isMergeCommit":true,"messageTitle":"Merge branch \u0027branch-Level-10\u0027","messageBody":"","tags":["Level-10","A-CheckStyle"],"fileTypesAndContributionMap":{}}]}]},"authorFileTypeContributionMap":{"wzhua02":{"java":1111,"md":0,"fxml":38,"sh":0,"bat":9,"gradle":22,"txt":25}},"authorContributionVariance":{"wzhua02":74803.73},"authorDisplayNameMap":{"wzhua02":"CS2103T-T13-1 WOO .. HUA"}}
