{"authorDailyContributionsMap":{"ongxinyii":[{"date":"2025-01-23","commitResults":[{"hash":"96842a84d450dbd80c19eb095d3178ecf953ca62","isMergeCommit":false,"messageTitle":"Level-0","messageBody":"","tags":["Level-0"],"fileTypesAndContributionMap":{"java":{"insertions":12,"deletions":10}}}]},{"date":"2025-01-24","commitResults":[{"hash":"97844b9cf3ccd78d63d7941b23088bd7efc0dcd3","isMergeCommit":false,"messageTitle":"Level-1","messageBody":"","tags":["Level-1"],"fileTypesAndContributionMap":{"java":{"insertions":25,"deletions":8}}},{"hash":"4fdb1c3691bc54a3b236a48cf474ca059ae53a82","isMergeCommit":false,"messageTitle":"Level-2","messageBody":"","tags":["Level-2"],"fileTypesAndContributionMap":{"java":{"insertions":18,"deletions":6}}},{"hash":"9e1e20c64c961f52131f7275e52fbb708afd313f","isMergeCommit":false,"messageTitle":"Level-3","messageBody":"","tags":["Level-3"],"fileTypesAndContributionMap":{"java":{"insertions":48,"deletions":8}}},{"hash":"b0f76a01ee1e5080d190d3f5fdcf2fd72b1fdc97","isMergeCommit":false,"messageTitle":"Level-4","messageBody":"","tags":["Level-4","A-TextUiTesting"],"fileTypesAndContributionMap":{"txt":{"insertions":12,"deletions":0},"java":{"insertions":72,"deletions":2},"bat":{"insertions":2,"deletions":2}}},{"hash":"b379fc72d893cab475dd99fc7db49c66fc46e2c3","isMergeCommit":false,"messageTitle":"Level-5","messageBody":"","tags":["Level-5"],"fileTypesAndContributionMap":{"java":{"insertions":114,"deletions":60}}},{"hash":"44feb84a100cd824d997043a377ad44a5c94f1c3","isMergeCommit":false,"messageTitle":"Added deletion and handling of exceptions correctly","messageBody":"","fileTypesAndContributionMap":{"java":{"insertions":17,"deletions":4}}},{"hash":"f43432f2d8d0a2943571f02656a1a748d30c3fc6","isMergeCommit":false,"messageTitle":"Level-6","messageBody":"","tags":["Level-6","A-Enums"],"fileTypesAndContributionMap":{"java":{"insertions":112,"deletions":80}}}]},{"date":"2025-01-31","commitResults":[{"hash":"924720c34e766575f9d1759ffbe229d266f4afde","isMergeCommit":false,"messageTitle":"Added local storage and deletion (with pookie.txt file with list)","messageBody":"","tags":["Level-7"],"fileTypesAndContributionMap":{"txt":{"insertions":2,"deletions":0},"java":{"insertions":133,"deletions":14}}},{"hash":"7dbcb92e1ae67fef5e103d8410141692449b71b3","isMergeCommit":true,"messageTitle":"Merge branch \u0027branch-Level-7\u0027","messageBody":"","fileTypesAndContributionMap":{}},{"hash":"f4e45443f098479bf0b53259f668bdecead42130","isMergeCommit":false,"messageTitle":"Added time and dates in YYYY-MM-DD format","messageBody":"","fileTypesAndContributionMap":{"txt":{"insertions":2,"deletions":2},"java":{"insertions":69,"deletions":20}}},{"hash":"7bf1445a30988183957cf578b6a35ed37d6135f4","isMergeCommit":true,"messageTitle":"Merge branch \u0027branch-Level-8\u0027","messageBody":"","tags":["Level-8"],"fileTypesAndContributionMap":{}},{"hash":"c51e55fff3a1abfaff24a83c9a6242c5e3c343d8","isMergeCommit":false,"messageTitle":"Added Ui, Storage, Parser and TaskList, more OOP","messageBody":"","tags":["A-MoreOOP"],"fileTypesAndContributionMap":{"txt":{"insertions":3,"deletions":2},"java":{"insertions":333,"deletions":242}}},{"hash":"53b031e7cf361fd22169444fb09fc250b4e4821a","isMergeCommit":false,"messageTitle":"Divided classes into packages","messageBody":"","tags":["A-Packages"],"fileTypesAndContributionMap":{"txt":{"insertions":4,"deletions":1},"java":{"insertions":52,"deletions":18}}},{"hash":"ae8362fd8cc16f350ca61c0a12cb628a0bb08681","isMergeCommit":true,"messageTitle":"Merge remote-tracking branch \u0027origin/add-gradle-support\u0027","messageBody":"","tags":["A-Gradle"],"fileTypesAndContributionMap":{}},{"hash":"f18ff74e8a65110a30b78ec7e32a1be12685a59e","isMergeCommit":false,"messageTitle":"JUnit tests added to all classess","messageBody":"","tags":["A-JUnit"],"fileTypesAndContributionMap":{"gradle":{"insertions":3,"deletions":2},"java":{"insertions":276,"deletions":11}}},{"hash":"49b3abbe8e89fe06031ddd0567154ce4609ac852","isMergeCommit":false,"messageTitle":"Setting up JAR","messageBody":"","tags":["A-Jar"],"fileTypesAndContributionMap":{"gradle":{"insertions":2,"deletions":2},"txt":{"insertions":3,"deletions":2}}}]},{"date":"2025-02-02","commitResults":[{"hash":"70fc14f49d9c32d56866c8f3cbb474c2bd78f190","isMergeCommit":false,"messageTitle":"Added JavaDoc to classes (public methods) and non trivial private methods","messageBody":"","tags":["A-JavaDoc"],"fileTypesAndContributionMap":{"java":{"insertions":239,"deletions":8}}},{"hash":"55516516ad127302a05f4e823b5348bf681a143a","isMergeCommit":false,"messageTitle":"Add standardised coding standard","messageBody":"","tags":["A-CodingStandard"],"fileTypesAndContributionMap":{"java":{"insertions":5,"deletions":1}}},{"hash":"7a498c5c44b847052d1b1acf6ceb9f3437428db9","isMergeCommit":false,"messageTitle":"Add find feature for users to find tasks by a keyword","messageBody":"","tags":["Level-9"],"fileTypesAndContributionMap":{"txt":{"insertions":2,"deletions":0},"java":{"insertions":43,"deletions":2}}},{"hash":"0c32b8b28c3d5db766a75b8b155f57b872d56243","isMergeCommit":true,"messageTitle":"Merge branch \u0027branch-A-JavaDoc\u0027","messageBody":"","fileTypesAndContributionMap":{}},{"hash":"02b7e171d8b054962f9744c89e087e0d888b5560","isMergeCommit":true,"messageTitle":"Merge branch \u0027branch-A-CodingStandard\u0027","messageBody":"","fileTypesAndContributionMap":{}},{"hash":"3a55684e063a37e1b6039b4f98e412f56de25d5e","isMergeCommit":true,"messageTitle":"Merge branch \u0027branch-Level-9\u0027","messageBody":"# Conflicts:\n#\tsrc/main/java/pookie/list/TaskList.java\n#\tsrc/main/java/pookie/task/Task.java\n","fileTypesAndContributionMap":{}},{"hash":"d1ad9993d6fd1ada2426d5618bda3b956b6426a9","isMergeCommit":false,"messageTitle":"Corrected usuccessful merging due to merge conflicts","messageBody":"","fileTypesAndContributionMap":{"java":{"insertions":1,"deletions":6}}}]},{"date":"2025-02-04","commitResults":[{"hash":"485ea6f8f63f884ed58ee04d97b6eb6c72f387a1","isMergeCommit":false,"messageTitle":"Correct usuccessful merging due to merge conflicts","messageBody":"","fileTypesAndContributionMap":{"java":{"insertions":1,"deletions":6}}}]},{"date":"2025-02-15","commitResults":[{"hash":"1fa642bf012611d24385af40fca249c552b08748","isMergeCommit":false,"messageTitle":"Fix styling errors","messageBody":"","tags":["A-CheckStyle"],"fileTypesAndContributionMap":{"gradle":{"insertions":5,"deletions":0},"txt":{"insertions":4,"deletions":6},"java":{"insertions":195,"deletions":95}}}]},{"date":"2025-02-16","commitResults":[{"hash":"b31c195aad5d30279872aa0445c0cb360ecea1a2","isMergeCommit":false,"messageTitle":"Add GUI to Pookie Chatbot","messageBody":"","tags":["Level-10"],"fileTypesAndContributionMap":{"gradle":{"insertions":16,"deletions":1},"fxml":{"insertions":65,"deletions":0},"java":{"insertions":229,"deletions":7}}},{"hash":"962713dda143b46e0afc846210e5f9ef844753c7","isMergeCommit":false,"messageTitle":"Fix format errors","messageBody":"","fileTypesAndContributionMap":{"gradle":{"insertions":1,"deletions":1},"txt":{"insertions":2,"deletions":2},"java":{"insertions":6,"deletions":4}}},{"hash":"14cfa7008c284a42e5fd9ecaea273b1990ba52e9","isMergeCommit":true,"messageTitle":"Merge branch \u0027branch-Level-10\u0027","messageBody":"","fileTypesAndContributionMap":{}},{"hash":"0661469e6302710e3c493629fa9ff957fb6cec9b","isMergeCommit":false,"messageTitle":"Add assertion and bug fixes","messageBody":"","fileTypesAndContributionMap":{"txt":{"insertions":6,"deletions":3},"java":{"insertions":120,"deletions":22}}},{"hash":"7cb5f32b3918a3c9480904726ea70c9f8b1f4dd5","isMergeCommit":true,"messageTitle":"Merge branch \u0027branch-A-Assertions\u0027","messageBody":"","tags":["A-Assertions"],"fileTypesAndContributionMap":{}},{"hash":"2c76567b5b4ca253e3b8c82ce6a96f5852c15932","isMergeCommit":false,"messageTitle":"Fix code quality issues","messageBody":"","fileTypesAndContributionMap":{"txt":{"insertions":1,"deletions":2},"java":{"insertions":219,"deletions":132}}},{"hash":"da1a26b7a6fa03dc7c474a2ca7b3d44853bf9d4e","isMergeCommit":true,"messageTitle":"Merge branch \u0027branch-A-CodeQuality\u0027","messageBody":"","tags":["A-CodeQuality"],"fileTypesAndContributionMap":{}}]}]},"authorFileTypeContributionMap":{"ongxinyii":{"java":1536,"md":0,"fxml":65,"sh":0,"bat":2,"gradle":24,"txt":22}},"authorContributionVariance":{"ongxinyii":62999.58},"authorDisplayNameMap":{"ongxinyii":"CS2103T-F11-4 ONG ..INYI"}}
