[{"path":"src/main/java/Deadline.java","fileType":"java","lines":[{"lineNumber":1,"author":{"gitId":"jhwan0707"},"content":"public class Deadline extends Task {","lastModifiedDate":"2025-01-31","isFullCredit":false},{"lineNumber":2,"author":{"gitId":"jhwan0707"},"content":"","lastModifiedDate":"2025-01-31","isFullCredit":false},{"lineNumber":3,"author":{"gitId":"jhwan0707"},"content":"    protected String by;","lastModifiedDate":"2025-01-31","isFullCredit":false},{"lineNumber":4,"author":{"gitId":"jhwan0707"},"content":"","lastModifiedDate":"2025-01-31","isFullCredit":false},{"lineNumber":5,"author":{"gitId":"jhwan0707"},"content":"    public Deadline(String description, String by) {","lastModifiedDate":"2025-01-31","isFullCredit":false},{"lineNumber":6,"author":{"gitId":"jhwan0707"},"content":"        super(description);","lastModifiedDate":"2025-01-31","isFullCredit":false},{"lineNumber":7,"author":{"gitId":"jhwan0707"},"content":"        this.by \u003d by;","lastModifiedDate":"2025-01-31","isFullCredit":false},{"lineNumber":8,"author":{"gitId":"jhwan0707"},"content":"    }","lastModifiedDate":"2025-01-31","isFullCredit":false},{"lineNumber":9,"author":{"gitId":"jhwan0707"},"content":"","lastModifiedDate":"2025-01-31","isFullCredit":false},{"lineNumber":10,"author":{"gitId":"jhwan0707"},"content":"    @Override","lastModifiedDate":"2025-01-31","isFullCredit":false},{"lineNumber":11,"author":{"gitId":"jhwan0707"},"content":"    public String toString() {","lastModifiedDate":"2025-01-31","isFullCredit":false},{"lineNumber":12,"author":{"gitId":"jhwan0707"},"content":"        return \"[D]\" + super.toString() + \" (by: \" + by + \")\";","lastModifiedDate":"2025-01-31","isFullCredit":false},{"lineNumber":13,"author":{"gitId":"jhwan0707"},"content":"    }","lastModifiedDate":"2025-01-31","isFullCredit":false},{"lineNumber":14,"author":{"gitId":"jhwan0707"},"content":"","lastModifiedDate":"2025-01-31","isFullCredit":false},{"lineNumber":15,"author":{"gitId":"jhwan0707"},"content":"}","lastModifiedDate":"2025-01-31","isFullCredit":false}],"authorContributionMap":{"jhwan0707":15}},{"path":"src/main/java/Event.java","fileType":"java","lines":[{"lineNumber":1,"author":{"gitId":"jhwan0707"},"content":"public class Event extends Task {","lastModifiedDate":"2025-01-31","isFullCredit":false},{"lineNumber":2,"author":{"gitId":"jhwan0707"},"content":"","lastModifiedDate":"2025-01-31","isFullCredit":false},{"lineNumber":3,"author":{"gitId":"jhwan0707"},"content":"    protected String startDate;","lastModifiedDate":"2025-01-31","isFullCredit":false},{"lineNumber":4,"author":{"gitId":"jhwan0707"},"content":"    protected String endDate;","lastModifiedDate":"2025-01-31","isFullCredit":false},{"lineNumber":5,"author":{"gitId":"jhwan0707"},"content":"","lastModifiedDate":"2025-01-31","isFullCredit":false},{"lineNumber":6,"author":{"gitId":"jhwan0707"},"content":"    public Event(String description, String startDate, String endDate) {","lastModifiedDate":"2025-01-31","isFullCredit":false},{"lineNumber":7,"author":{"gitId":"jhwan0707"},"content":"        super(description);","lastModifiedDate":"2025-01-31","isFullCredit":false},{"lineNumber":8,"author":{"gitId":"jhwan0707"},"content":"        this.startDate \u003d startDate;","lastModifiedDate":"2025-01-31","isFullCredit":false},{"lineNumber":9,"author":{"gitId":"jhwan0707"},"content":"        this.endDate \u003d endDate;","lastModifiedDate":"2025-01-31","isFullCredit":false},{"lineNumber":10,"author":{"gitId":"jhwan0707"},"content":"    }","lastModifiedDate":"2025-01-31","isFullCredit":false},{"lineNumber":11,"author":{"gitId":"jhwan0707"},"content":"","lastModifiedDate":"2025-01-31","isFullCredit":false},{"lineNumber":12,"author":{"gitId":"jhwan0707"},"content":"    @Override","lastModifiedDate":"2025-01-31","isFullCredit":false},{"lineNumber":13,"author":{"gitId":"jhwan0707"},"content":"    public String toString() {","lastModifiedDate":"2025-01-31","isFullCredit":false},{"lineNumber":14,"author":{"gitId":"jhwan0707"},"content":"        return \"[E]\" + super.toString() + \" (from: \" + startDate + \"to: \" + endDate + \")\";","lastModifiedDate":"2025-01-31","isFullCredit":false},{"lineNumber":15,"author":{"gitId":"jhwan0707"},"content":"    }","lastModifiedDate":"2025-01-31","isFullCredit":false},{"lineNumber":16,"author":{"gitId":"jhwan0707"},"content":"}","lastModifiedDate":"2025-01-31","isFullCredit":false}],"authorContributionMap":{"jhwan0707":16}},{"path":"src/main/java/Johan.java","fileType":"java","lines":[{"lineNumber":1,"author":{"gitId":"jhwan0707"},"content":"import java.util.Scanner;","lastModifiedDate":"2025-01-28","isFullCredit":false},{"lineNumber":2,"author":{"gitId":"jhwan0707"},"content":"import java.util.ArrayList;","lastModifiedDate":"2025-01-28","isFullCredit":false},{"lineNumber":3,"author":{"gitId":"jhwan0707"},"content":"","lastModifiedDate":"2025-01-28","isFullCredit":false},{"lineNumber":4,"author":{"gitId":"jhwan0707"},"content":"public class Johan {","lastModifiedDate":"2025-01-27","isFullCredit":false},{"lineNumber":5,"author":{"gitId":"jhwan0707"},"content":"    public static void main(String[] args) {","lastModifiedDate":"2025-01-27","isFullCredit":false},{"lineNumber":6,"author":{"gitId":"jhwan0707"},"content":"        String input;","lastModifiedDate":"2025-01-28","isFullCredit":false},{"lineNumber":7,"author":{"gitId":"jhwan0707"},"content":"        Scanner scanner \u003d new Scanner(System.in);","lastModifiedDate":"2025-01-28","isFullCredit":false},{"lineNumber":8,"author":{"gitId":"jhwan0707"},"content":"        System.out.println(\"Hello! I\u0027m Johan\");","lastModifiedDate":"2025-01-27","isFullCredit":false},{"lineNumber":9,"author":{"gitId":"jhwan0707"},"content":"        System.out.println(\"What can I do for you?\");","lastModifiedDate":"2025-01-27","isFullCredit":false},{"lineNumber":10,"author":{"gitId":"jhwan0707"},"content":"        // Task[] tasks \u003d new Task[100];","lastModifiedDate":"2025-01-31","isFullCredit":false},{"lineNumber":11,"author":{"gitId":"jhwan0707"},"content":"        ArrayList\u003cTask\u003e tasks \u003d new ArrayList\u003c\u003e();","lastModifiedDate":"2025-01-31","isFullCredit":false},{"lineNumber":12,"author":{"gitId":"jhwan0707"},"content":"        // int taskCount \u003d 0;","lastModifiedDate":"2025-01-31","isFullCredit":false},{"lineNumber":13,"author":{"gitId":"jhwan0707"},"content":"","lastModifiedDate":"2025-01-31","isFullCredit":false},{"lineNumber":14,"author":{"gitId":"jhwan0707"},"content":"        while (true) {","lastModifiedDate":"2025-01-28","isFullCredit":false},{"lineNumber":15,"author":{"gitId":"jhwan0707"},"content":"            input \u003d scanner.nextLine().toLowerCase().trim();","lastModifiedDate":"2025-01-29","isFullCredit":false},{"lineNumber":16,"author":{"gitId":"jhwan0707"},"content":"            String[] words \u003d input.split(\"\");","lastModifiedDate":"2025-01-29","isFullCredit":false},{"lineNumber":17,"author":{"gitId":"jhwan0707"},"content":"            if (input.equals(\"bye\")) {","lastModifiedDate":"2025-01-28","isFullCredit":false},{"lineNumber":18,"author":{"gitId":"jhwan0707"},"content":"                break;","lastModifiedDate":"2025-01-28","isFullCredit":false},{"lineNumber":19,"author":{"gitId":"jhwan0707"},"content":"            } else if (input.equals(\"list\")) {","lastModifiedDate":"2025-01-28","isFullCredit":false},{"lineNumber":20,"author":{"gitId":"jhwan0707"},"content":"                System.out.println(\"Here are the tasks in your list:\");","lastModifiedDate":"2025-01-29","isFullCredit":false},{"lineNumber":21,"author":{"gitId":"jhwan0707"},"content":"                for (int i \u003d 0; i \u003c tasks.size(); i++) {","lastModifiedDate":"2025-01-31","isFullCredit":false},{"lineNumber":22,"author":{"gitId":"jhwan0707"},"content":"                    System.out.println((i + 1) + \".\" + tasks.get(i).toString());","lastModifiedDate":"2025-01-31","isFullCredit":false},{"lineNumber":23,"author":{"gitId":"jhwan0707"},"content":"                }","lastModifiedDate":"2025-01-29","isFullCredit":false},{"lineNumber":24,"author":{"gitId":"jhwan0707"},"content":"            } else if (input.startsWith(\"mark \")) {","lastModifiedDate":"2025-01-29","isFullCredit":false},{"lineNumber":25,"author":{"gitId":"jhwan0707"},"content":"                String taskID \u003d input.substring(5);","lastModifiedDate":"2025-01-29","isFullCredit":false},{"lineNumber":26,"author":{"gitId":"jhwan0707"},"content":"                int id \u003d Integer.parseInt(taskID);","lastModifiedDate":"2025-01-29","isFullCredit":false},{"lineNumber":27,"author":{"gitId":"jhwan0707"},"content":"                if (id \u003e 0 \u0026\u0026 id \u003c\u003d tasks.size()) {","lastModifiedDate":"2025-01-31","isFullCredit":false},{"lineNumber":28,"author":{"gitId":"jhwan0707"},"content":"                    tasks.get(id - 1).markAsDone();","lastModifiedDate":"2025-01-31","isFullCredit":false},{"lineNumber":29,"author":{"gitId":"jhwan0707"},"content":"                    System.out.println(\"Nice! I\u0027ve marked this task as done:\");","lastModifiedDate":"2025-01-29","isFullCredit":false},{"lineNumber":30,"author":{"gitId":"jhwan0707"},"content":"                    System.out.println(tasks.get(id - 1).toString());","lastModifiedDate":"2025-01-31","isFullCredit":false},{"lineNumber":31,"author":{"gitId":"jhwan0707"},"content":"                }","lastModifiedDate":"2025-01-29","isFullCredit":false},{"lineNumber":32,"author":{"gitId":"jhwan0707"},"content":"            } else if (input.startsWith(\"unmark \")) {","lastModifiedDate":"2025-01-29","isFullCredit":false},{"lineNumber":33,"author":{"gitId":"jhwan0707"},"content":"                String taskID \u003d input.substring(7);","lastModifiedDate":"2025-01-29","isFullCredit":false},{"lineNumber":34,"author":{"gitId":"jhwan0707"},"content":"                int id \u003d Integer.parseInt(taskID);","lastModifiedDate":"2025-01-29","isFullCredit":false},{"lineNumber":35,"author":{"gitId":"jhwan0707"},"content":"                if (id \u003e 0 \u0026\u0026 id \u003c\u003d tasks.size()) {","lastModifiedDate":"2025-01-31","isFullCredit":false},{"lineNumber":36,"author":{"gitId":"jhwan0707"},"content":"                    tasks.get(id - 1).markAsNotDone();","lastModifiedDate":"2025-01-31","isFullCredit":false},{"lineNumber":37,"author":{"gitId":"jhwan0707"},"content":"                    System.out.println(\"OK, I\u0027ve marked this task as not done yet:\");","lastModifiedDate":"2025-01-29","isFullCredit":false},{"lineNumber":38,"author":{"gitId":"jhwan0707"},"content":"                    System.out.println(tasks.get(id - 1).toString());","lastModifiedDate":"2025-01-31","isFullCredit":false},{"lineNumber":39,"author":{"gitId":"jhwan0707"},"content":"                }","lastModifiedDate":"2025-01-28","isFullCredit":false},{"lineNumber":40,"author":{"gitId":"jhwan0707"},"content":"            } else if (input.startsWith(\"todo\")) {","lastModifiedDate":"2025-01-31","isFullCredit":false},{"lineNumber":41,"author":{"gitId":"jhwan0707"},"content":"                String description \u003d input.substring(4).trim();","lastModifiedDate":"2025-01-31","isFullCredit":false},{"lineNumber":42,"author":{"gitId":"jhwan0707"},"content":"                if (description.isEmpty()) {","lastModifiedDate":"2025-01-31","isFullCredit":false},{"lineNumber":43,"author":{"gitId":"jhwan0707"},"content":"                    System.out.println(\"____________________________________________________________\");","lastModifiedDate":"2025-01-31","isFullCredit":false},{"lineNumber":44,"author":{"gitId":"jhwan0707"},"content":"                    System.out.println(\" OOPS!!! The description of a todo cannot be empty.\");","lastModifiedDate":"2025-01-31","isFullCredit":false},{"lineNumber":45,"author":{"gitId":"jhwan0707"},"content":"                    System.out.println(\"____________________________________________________________\");","lastModifiedDate":"2025-01-31","isFullCredit":false},{"lineNumber":46,"author":{"gitId":"jhwan0707"},"content":"                } else {","lastModifiedDate":"2025-01-31","isFullCredit":false},{"lineNumber":47,"author":{"gitId":"jhwan0707"},"content":"                    tasks.add(new Todo(description));","lastModifiedDate":"2025-01-31","isFullCredit":false},{"lineNumber":48,"author":{"gitId":"jhwan0707"},"content":"                    System.out.println(\"Got it. I\u0027ve added this task:\");","lastModifiedDate":"2025-01-31","isFullCredit":false},{"lineNumber":49,"author":{"gitId":"jhwan0707"},"content":"                    System.out.println(tasks.get(tasks.size() - 1).toString());","lastModifiedDate":"2025-01-31","isFullCredit":false},{"lineNumber":50,"author":{"gitId":"jhwan0707"},"content":"                    System.out.println(\"Now you have \" + tasks.size() + \" tasks in the list.\");","lastModifiedDate":"2025-01-31","isFullCredit":false},{"lineNumber":51,"author":{"gitId":"jhwan0707"},"content":"                }","lastModifiedDate":"2025-01-31","isFullCredit":false},{"lineNumber":52,"author":{"gitId":"jhwan0707"},"content":"                // tasks[taskCount++] \u003d new Todo(description);","lastModifiedDate":"2025-01-31","isFullCredit":false},{"lineNumber":53,"author":{"gitId":"jhwan0707"},"content":"                // System.out.println(\"Got it. I\u0027ve added this task:\");","lastModifiedDate":"2025-01-31","isFullCredit":false},{"lineNumber":54,"author":{"gitId":"jhwan0707"},"content":"                // System.out.println(tasks[taskCount - 1].toString());","lastModifiedDate":"2025-01-31","isFullCredit":false},{"lineNumber":55,"author":{"gitId":"jhwan0707"},"content":"                // System.out.println(\"Now you have \" + taskCount + \" tasks in the list.\");","lastModifiedDate":"2025-01-31","isFullCredit":false},{"lineNumber":56,"author":{"gitId":"jhwan0707"},"content":"            } else if (input.startsWith(\"deadline\")) {","lastModifiedDate":"2025-01-31","isFullCredit":false},{"lineNumber":57,"author":{"gitId":"jhwan0707"},"content":"                int byIndex \u003d input.indexOf(\"/by\");","lastModifiedDate":"2025-01-31","isFullCredit":false},{"lineNumber":58,"author":{"gitId":"jhwan0707"},"content":"                String description \u003d input.substring(9, byIndex).trim();","lastModifiedDate":"2025-01-31","isFullCredit":false},{"lineNumber":59,"author":{"gitId":"jhwan0707"},"content":"                String by \u003d input.substring(byIndex + 4);","lastModifiedDate":"2025-01-31","isFullCredit":false},{"lineNumber":60,"author":{"gitId":"jhwan0707"},"content":"                by \u003d by.substring(0, 1).toUpperCase() + by.substring(1);","lastModifiedDate":"2025-01-31","isFullCredit":false},{"lineNumber":61,"author":{"gitId":"jhwan0707"},"content":"                tasks.add(new Deadline(description, by));","lastModifiedDate":"2025-01-31","isFullCredit":false},{"lineNumber":62,"author":{"gitId":"jhwan0707"},"content":"                System.out.println(\"Got it. I\u0027ve added this task:\");","lastModifiedDate":"2025-01-31","isFullCredit":false},{"lineNumber":63,"author":{"gitId":"jhwan0707"},"content":"                System.out.println(tasks.get(tasks.size() - 1).toString());","lastModifiedDate":"2025-01-31","isFullCredit":false},{"lineNumber":64,"author":{"gitId":"jhwan0707"},"content":"                System.out.println(\"Now you have \" + tasks.size() + \" tasks in the list.\");","lastModifiedDate":"2025-01-31","isFullCredit":false},{"lineNumber":65,"author":{"gitId":"jhwan0707"},"content":"            } else if (input.startsWith(\"event\")) {","lastModifiedDate":"2025-01-31","isFullCredit":false},{"lineNumber":66,"author":{"gitId":"jhwan0707"},"content":"                int fromIndex \u003d input.indexOf(\"/from\");","lastModifiedDate":"2025-01-31","isFullCredit":false},{"lineNumber":67,"author":{"gitId":"jhwan0707"},"content":"                int toIndex \u003d input.indexOf(\"/to\");","lastModifiedDate":"2025-01-31","isFullCredit":false},{"lineNumber":68,"author":{"gitId":"jhwan0707"},"content":"                String description \u003d input.substring(6, fromIndex).trim();","lastModifiedDate":"2025-01-31","isFullCredit":false},{"lineNumber":69,"author":{"gitId":"jhwan0707"},"content":"                String startDate \u003d input.substring(fromIndex + 6, toIndex);","lastModifiedDate":"2025-01-31","isFullCredit":false},{"lineNumber":70,"author":{"gitId":"jhwan0707"},"content":"                startDate \u003d startDate.substring(0, 1).toUpperCase() + startDate.substring(1);","lastModifiedDate":"2025-01-31","isFullCredit":false},{"lineNumber":71,"author":{"gitId":"jhwan0707"},"content":"                String endDate \u003d input.substring(toIndex + 3).trim();","lastModifiedDate":"2025-01-31","isFullCredit":false},{"lineNumber":72,"author":{"gitId":"jhwan0707"},"content":"                endDate \u003d endDate.substring(0, 1).toUpperCase() + endDate.substring(1);","lastModifiedDate":"2025-01-31","isFullCredit":false},{"lineNumber":73,"author":{"gitId":"jhwan0707"},"content":"                tasks.add(new Event(description, startDate, endDate));","lastModifiedDate":"2025-01-31","isFullCredit":false},{"lineNumber":74,"author":{"gitId":"jhwan0707"},"content":"                System.out.println(\"Got it. I\u0027ve added this task:\");","lastModifiedDate":"2025-01-31","isFullCredit":false},{"lineNumber":75,"author":{"gitId":"jhwan0707"},"content":"                System.out.println(tasks.get(tasks.size() - 1).toString());","lastModifiedDate":"2025-01-31","isFullCredit":false},{"lineNumber":76,"author":{"gitId":"jhwan0707"},"content":"                System.out.println(\"Now you have \" + tasks.size() + \" tasks in the list.\");","lastModifiedDate":"2025-01-31","isFullCredit":false},{"lineNumber":77,"author":{"gitId":"jhwan0707"},"content":"            } else if (input.startsWith(\"delete\")) {","lastModifiedDate":"2025-01-31","isFullCredit":false},{"lineNumber":78,"author":{"gitId":"jhwan0707"},"content":"                String taskID \u003d input.substring(7);","lastModifiedDate":"2025-01-31","isFullCredit":false},{"lineNumber":79,"author":{"gitId":"jhwan0707"},"content":"                int id \u003d Integer.parseInt(taskID);","lastModifiedDate":"2025-01-31","isFullCredit":false},{"lineNumber":80,"author":{"gitId":"jhwan0707"},"content":"                if (id \u003e 0 \u0026\u0026 id \u003c\u003d tasks.size()) {","lastModifiedDate":"2025-01-31","isFullCredit":false},{"lineNumber":81,"author":{"gitId":"jhwan0707"},"content":"                    Task removedTask \u003d tasks.remove(id - 1);","lastModifiedDate":"2025-01-31","isFullCredit":false},{"lineNumber":82,"author":{"gitId":"jhwan0707"},"content":"                    System.out.println(\"____________________________________________________________\");","lastModifiedDate":"2025-01-31","isFullCredit":false},{"lineNumber":83,"author":{"gitId":"jhwan0707"},"content":"                    System.out.println(\"Noted. I\u0027ve removed this task:\");","lastModifiedDate":"2025-01-31","isFullCredit":false},{"lineNumber":84,"author":{"gitId":"jhwan0707"},"content":"                    System.out.println(removedTask.toString());","lastModifiedDate":"2025-01-31","isFullCredit":false},{"lineNumber":85,"author":{"gitId":"jhwan0707"},"content":"                    System.out.println(\"Now you have \" + tasks.size() + \" tasks in the list.\");","lastModifiedDate":"2025-01-31","isFullCredit":false},{"lineNumber":86,"author":{"gitId":"jhwan0707"},"content":"                    System.out.println(\"____________________________________________________________\");","lastModifiedDate":"2025-01-31","isFullCredit":false},{"lineNumber":87,"author":{"gitId":"jhwan0707"},"content":"                } else {","lastModifiedDate":"2025-01-31","isFullCredit":false},{"lineNumber":88,"author":{"gitId":"jhwan0707"},"content":"                    System.out.println(\"____________________________________________________________\");","lastModifiedDate":"2025-01-31","isFullCredit":false},{"lineNumber":89,"author":{"gitId":"jhwan0707"},"content":"                    System.out.println(\" OOPS!!! The task ID is invalid.\");","lastModifiedDate":"2025-01-31","isFullCredit":false},{"lineNumber":90,"author":{"gitId":"jhwan0707"},"content":"                    System.out.println(\"____________________________________________________________\");","lastModifiedDate":"2025-01-31","isFullCredit":false},{"lineNumber":91,"author":{"gitId":"jhwan0707"},"content":"                }","lastModifiedDate":"2025-01-31","isFullCredit":false},{"lineNumber":92,"author":{"gitId":"jhwan0707"},"content":"            } else {","lastModifiedDate":"2025-01-28","isFullCredit":false},{"lineNumber":93,"author":{"gitId":"jhwan0707"},"content":"                System.out.println(\"____________________________________________________________\");","lastModifiedDate":"2025-01-31","isFullCredit":false},{"lineNumber":94,"author":{"gitId":"jhwan0707"},"content":"                System.out.println(\" OOPS!!! I\u0027m sorry, but I don\u0027t know what that means :-(\");","lastModifiedDate":"2025-01-31","isFullCredit":false},{"lineNumber":95,"author":{"gitId":"jhwan0707"},"content":"                System.out.println(\"____________________________________________________________\");","lastModifiedDate":"2025-01-31","isFullCredit":false},{"lineNumber":96,"author":{"gitId":"jhwan0707"},"content":"            }","lastModifiedDate":"2025-01-28","isFullCredit":false},{"lineNumber":97,"author":{"gitId":"jhwan0707"},"content":"        }","lastModifiedDate":"2025-01-28","isFullCredit":false},{"lineNumber":98,"author":{"gitId":"jhwan0707"},"content":"        System.out.println(\"Bye. Hope to see you again soon!\");","lastModifiedDate":"2025-01-27","isFullCredit":false},{"lineNumber":99,"author":{"gitId":"jhwan0707"},"content":"    }","lastModifiedDate":"2025-01-27","isFullCredit":false},{"lineNumber":100,"author":{"gitId":"jhwan0707"},"content":"}","lastModifiedDate":"2025-01-27","isFullCredit":false}],"authorContributionMap":{"jhwan0707":100}},{"path":"src/main/java/Task.java","fileType":"java","lines":[{"lineNumber":1,"author":{"gitId":"jhwan0707"},"content":"public class Task {","lastModifiedDate":"2025-01-29","isFullCredit":false},{"lineNumber":2,"author":{"gitId":"jhwan0707"},"content":"    protected String description;","lastModifiedDate":"2025-01-29","isFullCredit":false},{"lineNumber":3,"author":{"gitId":"jhwan0707"},"content":"    protected boolean isDone;","lastModifiedDate":"2025-01-29","isFullCredit":false},{"lineNumber":4,"author":{"gitId":"jhwan0707"},"content":"    private static int nextTaskID \u003d 1;","lastModifiedDate":"2025-01-29","isFullCredit":false},{"lineNumber":5,"author":{"gitId":"jhwan0707"},"content":"    private final int ID;","lastModifiedDate":"2025-01-29","isFullCredit":false},{"lineNumber":6,"author":{"gitId":"jhwan0707"},"content":"","lastModifiedDate":"2025-01-29","isFullCredit":false},{"lineNumber":7,"author":{"gitId":"jhwan0707"},"content":"    public Task(String description) {","lastModifiedDate":"2025-01-29","isFullCredit":false},{"lineNumber":8,"author":{"gitId":"jhwan0707"},"content":"        this.description \u003d description;","lastModifiedDate":"2025-01-29","isFullCredit":false},{"lineNumber":9,"author":{"gitId":"jhwan0707"},"content":"        this.isDone \u003d false;","lastModifiedDate":"2025-01-29","isFullCredit":false},{"lineNumber":10,"author":{"gitId":"jhwan0707"},"content":"        this.ID \u003d nextTaskID++;","lastModifiedDate":"2025-01-29","isFullCredit":false},{"lineNumber":11,"author":{"gitId":"jhwan0707"},"content":"    }","lastModifiedDate":"2025-01-29","isFullCredit":false},{"lineNumber":12,"author":{"gitId":"jhwan0707"},"content":"","lastModifiedDate":"2025-01-29","isFullCredit":false},{"lineNumber":13,"author":{"gitId":"jhwan0707"},"content":"    public String getID() {","lastModifiedDate":"2025-01-29","isFullCredit":false},{"lineNumber":14,"author":{"gitId":"jhwan0707"},"content":"        return Integer.toString(this.ID);","lastModifiedDate":"2025-01-29","isFullCredit":false},{"lineNumber":15,"author":{"gitId":"jhwan0707"},"content":"    }","lastModifiedDate":"2025-01-29","isFullCredit":false},{"lineNumber":16,"author":{"gitId":"jhwan0707"},"content":"","lastModifiedDate":"2025-01-29","isFullCredit":false},{"lineNumber":17,"author":{"gitId":"jhwan0707"},"content":"    public String getStatusIcon() {","lastModifiedDate":"2025-01-29","isFullCredit":false},{"lineNumber":18,"author":{"gitId":"jhwan0707"},"content":"        return (isDone ? \"X\" : \" \"); // mark done task with X","lastModifiedDate":"2025-01-29","isFullCredit":false},{"lineNumber":19,"author":{"gitId":"jhwan0707"},"content":"    }","lastModifiedDate":"2025-01-29","isFullCredit":false},{"lineNumber":20,"author":{"gitId":"jhwan0707"},"content":"","lastModifiedDate":"2025-01-29","isFullCredit":false},{"lineNumber":21,"author":{"gitId":"jhwan0707"},"content":"    public void markAsDone() {","lastModifiedDate":"2025-01-29","isFullCredit":false},{"lineNumber":22,"author":{"gitId":"jhwan0707"},"content":"        isDone \u003d true;","lastModifiedDate":"2025-01-29","isFullCredit":false},{"lineNumber":23,"author":{"gitId":"jhwan0707"},"content":"    }","lastModifiedDate":"2025-01-29","isFullCredit":false},{"lineNumber":24,"author":{"gitId":"jhwan0707"},"content":"","lastModifiedDate":"2025-01-29","isFullCredit":false},{"lineNumber":25,"author":{"gitId":"jhwan0707"},"content":"    public void markAsNotDone() {","lastModifiedDate":"2025-01-29","isFullCredit":false},{"lineNumber":26,"author":{"gitId":"jhwan0707"},"content":"        isDone \u003d false;","lastModifiedDate":"2025-01-29","isFullCredit":false},{"lineNumber":27,"author":{"gitId":"jhwan0707"},"content":"    }","lastModifiedDate":"2025-01-29","isFullCredit":false},{"lineNumber":28,"author":{"gitId":"jhwan0707"},"content":"","lastModifiedDate":"2025-01-29","isFullCredit":false},{"lineNumber":29,"author":{"gitId":"jhwan0707"},"content":"    @Override","lastModifiedDate":"2025-01-29","isFullCredit":false},{"lineNumber":30,"author":{"gitId":"jhwan0707"},"content":"    public String toString() {","lastModifiedDate":"2025-01-29","isFullCredit":false},{"lineNumber":31,"author":{"gitId":"jhwan0707"},"content":"        return \"[\" + this.getStatusIcon() + \"] \" + description;","lastModifiedDate":"2025-01-31","isFullCredit":false},{"lineNumber":32,"author":{"gitId":"jhwan0707"},"content":"    }","lastModifiedDate":"2025-01-29","isFullCredit":false},{"lineNumber":33,"author":{"gitId":"jhwan0707"},"content":"}","lastModifiedDate":"2025-01-29","isFullCredit":false}],"authorContributionMap":{"jhwan0707":33}},{"path":"src/main/java/Todo.java","fileType":"java","lines":[{"lineNumber":1,"author":{"gitId":"jhwan0707"},"content":"public class Todo extends Task {","lastModifiedDate":"2025-01-31","isFullCredit":false},{"lineNumber":2,"author":{"gitId":"jhwan0707"},"content":"","lastModifiedDate":"2025-01-31","isFullCredit":false},{"lineNumber":3,"author":{"gitId":"jhwan0707"},"content":"    public Todo(String description) {","lastModifiedDate":"2025-01-31","isFullCredit":false},{"lineNumber":4,"author":{"gitId":"jhwan0707"},"content":"        super(description);","lastModifiedDate":"2025-01-31","isFullCredit":false},{"lineNumber":5,"author":{"gitId":"jhwan0707"},"content":"    }","lastModifiedDate":"2025-01-31","isFullCredit":false},{"lineNumber":6,"author":{"gitId":"jhwan0707"},"content":"","lastModifiedDate":"2025-01-31","isFullCredit":false},{"lineNumber":7,"author":{"gitId":"jhwan0707"},"content":"    @Override","lastModifiedDate":"2025-01-31","isFullCredit":false},{"lineNumber":8,"author":{"gitId":"jhwan0707"},"content":"    public String toString() {","lastModifiedDate":"2025-01-31","isFullCredit":false},{"lineNumber":9,"author":{"gitId":"jhwan0707"},"content":"        return \"[T]\" + super.toString();","lastModifiedDate":"2025-01-31","isFullCredit":false},{"lineNumber":10,"author":{"gitId":"jhwan0707"},"content":"    }","lastModifiedDate":"2025-01-31","isFullCredit":false},{"lineNumber":11,"author":{"gitId":"jhwan0707"},"content":"}","lastModifiedDate":"2025-01-31","isFullCredit":false}],"authorContributionMap":{"jhwan0707":11}},{"path":"text-ui-test/runtest.sh","fileType":"sh","lines":[{"lineNumber":1,"author":{"gitId":"-"},"content":"#!/usr/bin/env bash","lastModifiedDate":"2020-05-25","isFullCredit":false},{"lineNumber":2,"author":{"gitId":"-"},"content":"","lastModifiedDate":"2020-05-25","isFullCredit":false},{"lineNumber":3,"author":{"gitId":"-"},"content":"# create bin directory if it doesn\u0027t exist","lastModifiedDate":"2020-05-25","isFullCredit":false},{"lineNumber":4,"author":{"gitId":"-"},"content":"if [ ! -d \"../bin\" ]","lastModifiedDate":"2020-05-25","isFullCredit":false},{"lineNumber":5,"author":{"gitId":"-"},"content":"then","lastModifiedDate":"2020-05-25","isFullCredit":false},{"lineNumber":6,"author":{"gitId":"-"},"content":"    mkdir ../bin","lastModifiedDate":"2020-05-25","isFullCredit":false},{"lineNumber":7,"author":{"gitId":"-"},"content":"fi","lastModifiedDate":"2020-05-25","isFullCredit":false},{"lineNumber":8,"author":{"gitId":"-"},"content":"","lastModifiedDate":"2020-05-25","isFullCredit":false},{"lineNumber":9,"author":{"gitId":"-"},"content":"# delete output from previous run","lastModifiedDate":"2020-05-25","isFullCredit":false},{"lineNumber":10,"author":{"gitId":"-"},"content":"if [ -e \"./ACTUAL.TXT\" ]","lastModifiedDate":"2020-05-25","isFullCredit":false},{"lineNumber":11,"author":{"gitId":"-"},"content":"then","lastModifiedDate":"2020-05-25","isFullCredit":false},{"lineNumber":12,"author":{"gitId":"-"},"content":"    rm ACTUAL.TXT","lastModifiedDate":"2020-05-25","isFullCredit":false},{"lineNumber":13,"author":{"gitId":"-"},"content":"fi","lastModifiedDate":"2020-05-25","isFullCredit":false},{"lineNumber":14,"author":{"gitId":"-"},"content":"","lastModifiedDate":"2020-05-25","isFullCredit":false},{"lineNumber":15,"author":{"gitId":"-"},"content":"# compile the code into the bin folder, terminates if error occurred","lastModifiedDate":"2020-05-25","isFullCredit":false},{"lineNumber":16,"author":{"gitId":"-"},"content":"if ! javac -cp ../src/main/java -Xlint:none -d ../bin ../src/main/java/*.java","lastModifiedDate":"2020-08-25","isFullCredit":false},{"lineNumber":17,"author":{"gitId":"-"},"content":"then","lastModifiedDate":"2020-05-25","isFullCredit":false},{"lineNumber":18,"author":{"gitId":"-"},"content":"    echo \"********** BUILD FAILURE **********\"","lastModifiedDate":"2020-05-25","isFullCredit":false},{"lineNumber":19,"author":{"gitId":"-"},"content":"    exit 1","lastModifiedDate":"2020-05-25","isFullCredit":false},{"lineNumber":20,"author":{"gitId":"-"},"content":"fi","lastModifiedDate":"2020-05-25","isFullCredit":false},{"lineNumber":21,"author":{"gitId":"-"},"content":"","lastModifiedDate":"2020-05-25","isFullCredit":false},{"lineNumber":22,"author":{"gitId":"-"},"content":"# run the program, feed commands from input.txt file and redirect the output to the ACTUAL.TXT","lastModifiedDate":"2020-05-25","isFullCredit":false},{"lineNumber":23,"author":{"gitId":"jhwan0707"},"content":"java -classpath ../bin Johan \u003c input.txt \u003e ACTUAL.TXT","lastModifiedDate":"2025-01-31","isFullCredit":false},{"lineNumber":24,"author":{"gitId":"-"},"content":"","lastModifiedDate":"2020-05-25","isFullCredit":false},{"lineNumber":25,"author":{"gitId":"-"},"content":"# convert to UNIX format","lastModifiedDate":"2020-05-25","isFullCredit":false},{"lineNumber":26,"author":{"gitId":"-"},"content":"cp EXPECTED.TXT EXPECTED-UNIX.TXT","lastModifiedDate":"2020-05-25","isFullCredit":false},{"lineNumber":27,"author":{"gitId":"-"},"content":"dos2unix ACTUAL.TXT EXPECTED-UNIX.TXT","lastModifiedDate":"2020-05-25","isFullCredit":false},{"lineNumber":28,"author":{"gitId":"-"},"content":"","lastModifiedDate":"2020-05-25","isFullCredit":false},{"lineNumber":29,"author":{"gitId":"-"},"content":"# compare the output to the expected output","lastModifiedDate":"2020-05-25","isFullCredit":false},{"lineNumber":30,"author":{"gitId":"-"},"content":"diff ACTUAL.TXT EXPECTED-UNIX.TXT","lastModifiedDate":"2020-05-25","isFullCredit":false},{"lineNumber":31,"author":{"gitId":"-"},"content":"if [ $? -eq 0 ]","lastModifiedDate":"2020-05-25","isFullCredit":false},{"lineNumber":32,"author":{"gitId":"-"},"content":"then","lastModifiedDate":"2020-05-25","isFullCredit":false},{"lineNumber":33,"author":{"gitId":"-"},"content":"    echo \"Test result: PASSED\"","lastModifiedDate":"2020-05-25","isFullCredit":false},{"lineNumber":34,"author":{"gitId":"-"},"content":"    exit 0","lastModifiedDate":"2020-05-25","isFullCredit":false},{"lineNumber":35,"author":{"gitId":"-"},"content":"else","lastModifiedDate":"2020-05-25","isFullCredit":false},{"lineNumber":36,"author":{"gitId":"-"},"content":"    echo \"Test result: FAILED\"","lastModifiedDate":"2020-05-25","isFullCredit":false},{"lineNumber":37,"author":{"gitId":"-"},"content":"    exit 1","lastModifiedDate":"2020-05-25","isFullCredit":false},{"lineNumber":38,"author":{"gitId":"-"},"content":"fi","lastModifiedDate":"2020-05-25","isFullCredit":false}],"authorContributionMap":{"jhwan0707":1,"-":37}}]
