{"authorDailyContributionsMap":{"jhwan0707":[{"date":"2025-01-27","commitResults":[{"hash":"3625838e474b76a707b49612fb8a172d4d7f81fd","isMergeCommit":false,"messageTitle":"Rename, Greet, Exit","messageBody":"","tags":["Level-0"],"fileTypesAndContributionMap":{"java":{"insertions":7,"deletions":0}}}]},{"date":"2025-01-28","commitResults":[{"hash":"80f4f23ffbfd1016a0457a78d7decf6abcd0819e","isMergeCommit":false,"messageTitle":"Echo","messageBody":"","tags":["Level-1"],"fileTypesAndContributionMap":{"java":{"insertions":8,"deletions":0}}},{"hash":"2b997b1cb20326debb084fcf79252378dd725643","isMergeCommit":false,"messageTitle":"Add, List","messageBody":"","tags":["Level-2"],"fileTypesAndContributionMap":{"java":{"insertions":15,"deletions":3}}}]},{"date":"2025-01-29","commitResults":[{"hash":"0635185cd6ffd6fad744d212dd0702f0b8bae786","isMergeCommit":false,"messageTitle":"Mark as Done","messageBody":"","tags":["Level-3"],"fileTypesAndContributionMap":{"java":{"insertions":56,"deletions":6}}}]},{"date":"2025-01-31","commitResults":[{"hash":"2df5b9950ed69f70436b39752812c7497993e6f6","isMergeCommit":false,"messageTitle":"ToDos, Events, Deadlines","messageBody":"","tags":["Level-4"],"fileTypesAndContributionMap":{"java":{"insertions":82,"deletions":11}}},{"hash":"52c7599f817b1e76ff842687c66e5a79bc7f7fd3","isMergeCommit":false,"messageTitle":"Automated Text UI Testing","messageBody":"","tags":["A-TextUiTesting"],"fileTypesAndContributionMap":{"sh":{"insertions":2,"deletions":2}}},{"hash":"2841546d89183433108671b83f6c8a03d60d3781","isMergeCommit":false,"messageTitle":"Handle Errors","messageBody":"","tags":["Level-5"],"fileTypesAndContributionMap":{"java":{"insertions":18,"deletions":7}}},{"hash":"e30a5d94f34d0261cbf7f0e6e891c817a40d4894","isMergeCommit":false,"messageTitle":"Delete","messageBody":"","tags":["Level-6"],"fileTypesAndContributionMap":{"java":{"insertions":35,"deletions":19}}}]}]},"authorFileTypeContributionMap":{"jhwan0707":{"java":175,"md":0,"fxml":0,"sh":1,"bat":0,"gradle":0,"txt":0}},"authorContributionVariance":{"jhwan0707":1463.9442},"authorDisplayNameMap":{"jhwan0707":"CS2103T-T15-4 CHIN..HWAN"}}
