{"authorDailyContributionsMap":{"senshir":[{"date":"2025-01-24","commitResults":[{"hash":"d729d793b68e473d1fa9e14f0ba59c4aff37b0a3","isMergeCommit":false,"messageTitle":"Replaced Duke with Slipstream, and allowed it to repeat the inputs I give it","messageBody":"","tags":["Level-1","Level-0"],"fileTypesAndContributionMap":{"java":{"insertions":34,"deletions":10}}},{"hash":"6ce9f6a0d067b84f8ab1de0a7cdf7ed7bfa45b6f","isMergeCommit":false,"messageTitle":"Changed Slipstream\u0027s function from responding to what I say to adding tasks to a list","messageBody":"","tags":["Level-2"],"fileTypesAndContributionMap":{"java":{"insertions":17,"deletions":7}}},{"hash":"7c18b576855c25756e58dc017a7a4042377b2040","isMergeCommit":false,"messageTitle":"Added a Task class to keep track of tasks, and allowed Slipstream to mark and unmark different tasks","messageBody":"","tags":["Level-3"],"fileTypesAndContributionMap":{"java":{"insertions":72,"deletions":20}}},{"hash":"2b1f6b5c17c6cdb02dc3fcf405b05d60e3c8c436","isMergeCommit":false,"messageTitle":"Level-4, using different classes to manage different types of tasks. Also included an automated text UI tester","messageBody":"","tags":["Level-4","A-TextUiTesting"],"fileTypesAndContributionMap":{"txt":{"insertions":7,"deletions":0},"java":{"insertions":82,"deletions":8},"sh":{"insertions":1,"deletions":1}}},{"hash":"bf75fe8ebe90c792bf3b89fde6f5c03eacf2ddc7","isMergeCommit":false,"messageTitle":"Added various exception handling using my custom class SlipstreamException. And, added a delete function for the bot. Tested using runtest and I think it works okay?","messageBody":"","tags":["Level-6","Level-5"],"fileTypesAndContributionMap":{"txt":{"insertions":3,"deletions":0},"java":{"insertions":123,"deletions":72}}}]},{"date":"2025-01-31","commitResults":[{"hash":"8ec68090dcfcac008b7bbd0df8fd9ac10606581c","isMergeCommit":false,"messageTitle":"Update Task.java and its subclasses","messageBody":"Changes made:\n* Included a new constructor for an already done task (using boolean isDone)\n* Included a new String conversion for saved files\n* Made Task an abstract class\n","fileTypesAndContributionMap":{"java":{"insertions":38,"deletions":1}}},{"hash":"a0ecf403849d4dbd312cf18ace4673fd3225a9b2","isMergeCommit":false,"messageTitle":"Add FileSaving.java","messageBody":"FileSaving is a class that assists with:\n* Saving tasks into a filepath\n* Loading tasks from a filepath\n* Reading tasks from a text file by converting from String in the text file to relevant Task type\n","fileTypesAndContributionMap":{"java":{"insertions":84,"deletions":0}}},{"hash":"23772724e1fb24f0d1d713e0ce0398006b493ab0","isMergeCommit":false,"messageTitle":"Update Slipstream.java","messageBody":"Changes made:\n* Fixed the indentation with switch cases\n* Created a FileSaving object and used it to load and save tasks in relevant commands\n* Added a \"clear\" command for users to clear all tasks since deleting one by one may take too long\n","fileTypesAndContributionMap":{"txt":{"insertions":3,"deletions":0},"java":{"insertions":148,"deletions":121}}},{"hash":"6c5b1f379d54b2aa75767e85fd371307b3173b4e","isMergeCommit":false,"messageTitle":"Revert \"Update Slipstream.java\"","messageBody":"This reverts commit 23772724e1fb24f0d1d713e0ce0398006b493ab0.\n","fileTypesAndContributionMap":{"txt":{"insertions":0,"deletions":3},"java":{"insertions":121,"deletions":148}}},{"hash":"969f8c0c8356e0910f656a6ac0ed312ce4d82498","isMergeCommit":false,"messageTitle":"Reupdate Slipstream.java","messageBody":"Something went wrong with my merging and I thought reverting the commit would undo the merge,\nbut it didn\u0027t help. So I\u0027m redoing the commit:\n\nChanges made:\n* Fixed the indentation with switch cases\n* Created a FileSaving object and used it to load and save tasks in relevant commands\n* Added a \"clear\" command for users to clear all tasks since deleting one by one may take too long\n","fileTypesAndContributionMap":{"txt":{"insertions":3,"deletions":0},"java":{"insertions":148,"deletions":121}}},{"hash":"08bc97948df53611d2beb36934a75c072c610989","isMergeCommit":true,"messageTitle":"Merge branch \u0027branch-Level-7\u0027","messageBody":"","tags":["Level-7"],"fileTypesAndContributionMap":{}},{"hash":"9f652efda8bb8596e6d8ff2f4fef80b7412b61c7","isMergeCommit":false,"messageTitle":"Update Deadline.java","messageBody":"Added a specific format for deadlines to follow\n* A written format in yyyy-mm-dd will be reformatted to MMM dd yyyyy when listed\n* A SlipstreamException is thrown if the format is written wrongly\n","fileTypesAndContributionMap":{"java":{"insertions":28,"deletions":7}}},{"hash":"1a97fe120c346ac4786cf29b6eacb56ab68af093","isMergeCommit":false,"messageTitle":"Update FileSaving.java and Slipstream.java","messageBody":"* SlipstreamException is now thrown in multiple methods when the date is written in the wrong format\n--\u003e Prevents a Deadline object from still being created\n","fileTypesAndContributionMap":{"txt":{"insertions":3,"deletions":3},"java":{"insertions":4,"deletions":4}}},{"hash":"cfc54928a7984fa945c1ea8825f6a83b7ecfc7a3","isMergeCommit":true,"messageTitle":"Merge branch \u0027branch-Level-8\u0027","messageBody":"","tags":["Level-8"],"fileTypesAndContributionMap":{}},{"hash":"3d0c47ad0dca17a3ecbc96f78db815691088046c","isMergeCommit":false,"messageTitle":"Rearranged all files","messageBody":"Modified the OOP of the code to make things more efficient:\n* Renamed my initial FileSaving class to Storage as stated in the MoreOOP requirements\n* Did use Github Copilot to autocomplete subsequent lines of switch cases in Parser and Ui messages to speed up codewriting\n","fileTypesAndContributionMap":{"txt":{"insertions":3,"deletions":3},"java":{"insertions":262,"deletions":171}}},{"hash":"5dc81dd8c19c28b5c30c6851093bbbdb43246bef","isMergeCommit":true,"messageTitle":"Merge branch \u0027branch-A-MoreOOP\u0027","messageBody":"","tags":["A-MoreOOP"],"fileTypesAndContributionMap":{}},{"hash":"41827953f7e0e059be24c5dea3e9dd1123aadbdd","isMergeCommit":false,"messageTitle":"Added packages","messageBody":"Organised Slipstream into a main slipstream package with subpackages for:\n* Ui\n* Task\n* Parser\n* Storage\n","fileTypesAndContributionMap":{"java":{"insertions":40,"deletions":1}}},{"hash":"433401196553a4ff354f60c937eb6ae79cecb67e","isMergeCommit":true,"messageTitle":"Merge branch \u0027branch-A-Packages\u0027","messageBody":"","tags":["A-Packages"],"fileTypesAndContributionMap":{}},{"hash":"5cc19916a2fad6c6ae1b7cbfea223c51dd39c820","isMergeCommit":true,"messageTitle":"Merge branch \u0027add-gradle-support\u0027","messageBody":"","fileTypesAndContributionMap":{}}]},{"date":"2025-02-01","commitResults":[{"hash":"15cb9f471d2b78e8b0715919c21c1093cb9a8de5","isMergeCommit":false,"messageTitle":"Add Gradle Build","messageBody":"Changes made with gradle:\n* Many style changes using checkstyle\n* Accidentally moved on to using JUnit before branching, so test classes are made\n","fileTypesAndContributionMap":{"gradle":{"insertions":9,"deletions":2},"txt":{"insertions":1,"deletions":0},"java":{"insertions":329,"deletions":258}}},{"hash":"7b06a9f2653021d2a86ec84fc47ba5305265c1ae","isMergeCommit":true,"messageTitle":"Merge branch \u0027A-Gradle\u0027","messageBody":"","tags":["A-Gradle"],"fileTypesAndContributionMap":{}}]},{"date":"2025-02-02","commitResults":[{"hash":"8e104a04c5d8c35c7b16bc352bd00e1a24bea839","isMergeCommit":false,"messageTitle":"Add SlipstreamTest and DeadlineTest for command validation","messageBody":"Slipstream currently lacks automated tests for handling valid and invalid user commands, including task creation and deadline formatting.\nWithout these tests, errors may go unnoticed, and regressions may occur.\n\nLet\u0027s add,\n* SlipstreamTest to verify valid and invalid commands, ensuring proper error handling.\n* DeadlineTest to test correct and incorrect deadline formats, catching parsing issues early.\n","fileTypesAndContributionMap":{"txt":{"insertions":0,"deletions":4},"java":{"insertions":130,"deletions":6}}},{"hash":"4c6631e33c74d7b5e0f8d7288dc691e67aee5257","isMergeCommit":true,"messageTitle":"Merge branch \u0027branch-A-JUnit\u0027","messageBody":"","tags":["A-JUnit"],"fileTypesAndContributionMap":{}},{"hash":"ff099f473cba8822eacad4a82f6da396cf01e4a1","isMergeCommit":false,"messageTitle":"Set archiveFileName for shadowJar","messageBody":"Define archiveFileName as \"slipstream.jar\" to standardize output naming\n","fileTypesAndContributionMap":{"gradle":{"insertions":1,"deletions":0}}},{"hash":"bb969a37af5128ff2ffa09a446ff90df6d6bd089","isMergeCommit":true,"messageTitle":"Merge branch \u0027branch-A-Jar\u0027","messageBody":"","fileTypesAndContributionMap":{}},{"hash":"95cc040b278626e373213a3722a3b70978c0c4fd","isMergeCommit":false,"messageTitle":"Add JavaDoc comments to Ui class","messageBody":"Added JavaDoc comments to all methods in the all classes to improve code readability and maintainability.\nEach method now includes a description, parameter details, and return values where applicable.\n","fileTypesAndContributionMap":{"java":{"insertions":334,"deletions":19}}},{"hash":"77fa90d3299f36a8b26eed1ae630bb6b0c17891c","isMergeCommit":true,"messageTitle":"Merge branch \u0027branch-A-JavaDoc\u0027","messageBody":"","tags":["A-JavaDoc"],"fileTypesAndContributionMap":{}},{"hash":"73fdadb934004a92172a2e72d85e3894a4ebe73f","isMergeCommit":false,"messageTitle":"CodingStandard: Remove unused files","messageBody":"The project was already mostly compliant with the coding standard due to earlier changes. No major modifications were needed.\nThis commit removes unused files to maintain a clean codebase.\n","fileTypesAndContributionMap":{"java":{"insertions":0,"deletions":28}}},{"hash":"06b6b6eb50c5bfb90508e7faf49733ce1af690d8","isMergeCommit":true,"messageTitle":"Merge branch \u0027branch-A-CodingStandard\u0027","messageBody":"","tags":["A-CodingStandard"],"fileTypesAndContributionMap":{}},{"hash":"6c60b82800a0c27f26c222b00d27fdae0d1aacf3","isMergeCommit":false,"messageTitle":"Create find command to search tasks by keyword","messageBody":"Changes made are,\n* Added findTasks method in TaskList to filter tasks by keyword.\n* Updated Ui to display matching tasks.\n* Modified Parser to handle find command.\n","fileTypesAndContributionMap":{"txt":{"insertions":3,"deletions":0},"java":{"insertions":57,"deletions":0}}},{"hash":"6faf71df969844c9ea762ee22238f6cd07c72710","isMergeCommit":true,"messageTitle":"Merge branch \u0027branch-Level-9\u0027","messageBody":"# Conflicts (resolved):\n#\tsrc/main/java/slipstream/task/Task.java\n","tags":["Level-9","A-Jar"],"fileTypesAndContributionMap":{}}]},{"date":"2025-02-07","commitResults":[{"hash":"76232c258dcd93dd01b2cce8edda9249399f41b0","isMergeCommit":false,"messageTitle":"Checkstyle: update version and make minor tweaks","messageBody":"Updated the checkstyle file for better code readability.\nFixed minor issues such as adding missing Javadoc comments in various files.\n","fileTypesAndContributionMap":{"gradle":{"insertions":1,"deletions":1},"java":{"insertions":3,"deletions":0}}},{"hash":"d2525af253d724abf8822b96c88443f38a28ce3e","isMergeCommit":true,"messageTitle":"Merge branch \u0027branch-A-CheckStyle\u0027","messageBody":"","tags":["A-CheckStyle"],"fileTypesAndContributionMap":{}}]},{"date":"2025-02-09","commitResults":[{"hash":"6fcc9974010f952b1ad9f9c42b2aa96ab5d14183","isMergeCommit":false,"messageTitle":"GUI: implement chatbot interface with message display","messageBody":"Transformed the command line interface into a GUI that displays chatbot messages.\nThe GUI has been packaged for easier integration.\n\nFuture UX improvements are planned to enhance the visual appeal and user experience.\n","fileTypesAndContributionMap":{"gradle":{"insertions":15,"deletions":1},"txt":{"insertions":2,"deletions":0},"fxml":{"insertions":41,"deletions":0},"java":{"insertions":323,"deletions":61}}},{"hash":"9584b87449608ab18e02d3405b598c240ef3337e","isMergeCommit":true,"messageTitle":"Merge branch \u0027branch-Level-10\u0027","messageBody":"","tags":["Level-10","A-Streams"],"fileTypesAndContributionMap":{}}]},{"date":"2025-02-15","commitResults":[{"hash":"e9e3f47b6e4b0744b55c6d25999fc6d36ced495a","isMergeCommit":false,"messageTitle":"Parser \u0026 TaskList: Add assertions to minimise assumptions","messageBody":"Adding assertions to TaskList methods to ensure valid task indices\nwhen marking, unmarking, or deleting tasks.\n\nThese assertions document the assumption that indices must be within\nthe valid range and help catch potential logic errors earlier.\n","tags":["A-Assertions"],"fileTypesAndContributionMap":{"java":{"insertions":13,"deletions":15}}}]},{"date":"2025-02-16","commitResults":[{"hash":"fa81f1cf35d8ee85342838a1bac4d2ebf6344efe","isMergeCommit":false,"messageTitle":"Parser: Improve code readability and maintainability","messageBody":"Refactored Parser to ensure methods are not too long:\n* Switch cases were refactored into a separate method\n* Created a handle method for every case\n* Invalid command length methods were made\n","tags":["A-CodeQuality"],"fileTypesAndContributionMap":{"java":{"insertions":95,"deletions":62}}},{"hash":"07c7785c06410103d5135a1788c5d03ca316ac81","isMergeCommit":true,"messageTitle":"Merge pull request #2 from senshir/branch-A-Assertions","messageBody":"Parser \u0026 TaskList: Add assertions to minimise assumptions","fileTypesAndContributionMap":{}},{"hash":"643f7803b8c6acf6ac794bdd274f8b21b3433506","isMergeCommit":true,"messageTitle":"Merge branch \u0027master\u0027 into branch-A-CodeQuality","messageBody":"# Conflicts:\n#\tsrc/main/java/slipstream/parser/Parser.java\n","fileTypesAndContributionMap":{}},{"hash":"0a13377e7000e36a3b8a5cae9e7ce715006c7d11","isMergeCommit":true,"messageTitle":"Merge branch \u0027master\u0027 into branch-A-Streams","messageBody":"","fileTypesAndContributionMap":{}},{"hash":"29ae9ab469c21418435b432c06a701f78e230041","isMergeCommit":true,"messageTitle":"Merge pull request #3 from senshir/branch-A-CodeQuality","messageBody":"Parser: Improve code readability and maintainability","fileTypesAndContributionMap":{}},{"hash":"fc890a0cdc4e4da65e52346ac7c8a822bd35bcb5","isMergeCommit":true,"messageTitle":"Merge branch \u0027master\u0027 into branch-A-Streams","messageBody":"","fileTypesAndContributionMap":{}},{"hash":"f20637055dbaca8d2415cf84499f7bc33954dc68","isMergeCommit":false,"messageTitle":"Reschedule: Add reschedulability to deadline tasks","messageBody":"The new `reschedule` command allows users to change the deadline of\nexisting `Deadline` tasks by specifying the task index and a new date\nin `yyyy-MM-dd` format.\n\nChanges made:\n* Implemented `rescheduleTask` method in `TaskList` to handle rescheduling.\n  * Validates input format (`reschedule \u003ctask_number\u003e \u003cnew_deadline\u003e`).\n  * Ensures the task number is valid and refers to a `Deadline` task.\n  * Calls `setDeadline` to update the deadline, which checks date format.\n  * Saves updated tasks to storage.\n* Updated `Deadline` class to include `setDeadline` method for modifying deadlines.\n* Added `showTaskRescheduled` method in `UiMessages` to display reschedule confirmation.\n\nThis improves task management by allowing users to postpone or adjust deadlines\nwithout manually deleting and re-adding tasks.\n","tags":["BCD-Extension","A-FullCommitMessage"],"fileTypesAndContributionMap":{"txt":{"insertions":1,"deletions":0},"java":{"insertions":71,"deletions":0}}},{"hash":"b7219c1935eab07127c8358021483cfdbbd4a8de","isMergeCommit":true,"messageTitle":"Merge branch \u0027branch-B-Reschedule\u0027","messageBody":"","fileTypesAndContributionMap":{}}]}]},"authorFileTypeContributionMap":{"senshir":{"java":1429,"md":0,"fxml":41,"sh":1,"bat":0,"gradle":24,"txt":16}},"authorContributionVariance":{"senshir":77070.9},"authorDisplayNameMap":{"senshir":"CS2103T-T15-3 AUDR.. SEN"}}
