{"authorDailyContributionsMap":{"NHT020305":[{"date":"2025-01-22","commitResults":[{"hash":"541776732e44f2b4c01842ce24deb6dde996cc5e","isMergeCommit":false,"messageTitle":"update","messageBody":"","fileTypesAndContributionMap":{"java":{"insertions":1,"deletions":0}}},{"hash":"6d33829e35f3df01438c8d4f24d8f65bf117b732","isMergeCommit":false,"messageTitle":"update","messageBody":"","fileTypesAndContributionMap":{"java":{"insertions":7,"deletions":5}}}]},{"date":"2025-01-23","commitResults":[{"hash":"f8e16f123e5869e47cd452e35846891a21bc7a75","isMergeCommit":false,"messageTitle":"update","messageBody":"","fileTypesAndContributionMap":{"java":{"insertions":87,"deletions":9}}},{"hash":"23417cfc3ab0b1a0884e211881148bdad8f52e88","isMergeCommit":false,"messageTitle":"update","messageBody":"","fileTypesAndContributionMap":{"java":{"insertions":152,"deletions":41}}},{"hash":"1676efc9f8de719e5b4395f541c9644ffee22b2d","isMergeCommit":false,"messageTitle":"update","messageBody":"","tags":["Level-4","Level-3","Level-2","Level-1","Level-0","A-TextUiTesting"],"fileTypesAndContributionMap":{"java":{"insertions":35,"deletions":14}}},{"hash":"c6bae7ee082afae8fcb01333c408d80b73c7ceae","isMergeCommit":false,"messageTitle":"Level-5","messageBody":"","tags":["Level-6","Level-5"],"fileTypesAndContributionMap":{"txt":{"insertions":19,"deletions":0},"java":{"insertions":1,"deletions":0}}}]},{"date":"2025-01-24","commitResults":[{"hash":"07abc18d66e7a72a76759cc33f36bcb5da65b587","isMergeCommit":false,"messageTitle":"update","messageBody":"","fileTypesAndContributionMap":{"java":{"insertions":2,"deletions":1},"bat":{"insertions":1,"deletions":1}}},{"hash":"bd55775fe4f359070a8f2f5145f9d6a37f6054ee","isMergeCommit":false,"messageTitle":"update","messageBody":"","fileTypesAndContributionMap":{"java":{"insertions":1,"deletions":1}}}]}]},"authorFileTypeContributionMap":{"NHT020305":{"java":222,"md":0,"fxml":0,"sh":0,"bat":1,"gradle":0,"txt":19}},"authorContributionVariance":{"NHT020305":7923.7593},"authorDisplayNameMap":{"NHT020305":"NGUY..TUNG"}}
