[{"path":"src/main/java/MiloIce.java","fileType":"java","lines":[{"lineNumber":1,"author":{"gitId":"wswddl"},"content":"import java.util.ArrayList;","lastModifiedDate":"2025-01-23","isFullCredit":false},{"lineNumber":2,"author":{"gitId":"wswddl"},"content":"import java.util.Scanner;","lastModifiedDate":"2025-01-23","isFullCredit":false},{"lineNumber":3,"author":{"gitId":"wswddl"},"content":"","lastModifiedDate":"2025-01-23","isFullCredit":false},{"lineNumber":4,"author":{"gitId":"wswddl"},"content":"public class MiloIce {","lastModifiedDate":"2025-01-23","isFullCredit":false},{"lineNumber":5,"author":{"gitId":"wswddl"},"content":"","lastModifiedDate":"2025-01-23","isFullCredit":false},{"lineNumber":6,"author":{"gitId":"wswddl"},"content":"    private static ArrayList\u003cTask\u003e taskList \u003d new ArrayList\u003c\u003e();","lastModifiedDate":"2025-01-23","isFullCredit":false},{"lineNumber":7,"author":{"gitId":"wswddl"},"content":"","lastModifiedDate":"2025-01-23","isFullCredit":false},{"lineNumber":8,"author":{"gitId":"wswddl"},"content":"    public static void printStraightLine() {","lastModifiedDate":"2025-01-23","isFullCredit":false},{"lineNumber":9,"author":{"gitId":"wswddl"},"content":"        int lineLength \u003d 50;","lastModifiedDate":"2025-01-23","isFullCredit":false},{"lineNumber":10,"author":{"gitId":"wswddl"},"content":"        for (int i \u003d 0; i \u003c lineLength; i++) {","lastModifiedDate":"2025-01-23","isFullCredit":false},{"lineNumber":11,"author":{"gitId":"wswddl"},"content":"            System.out.print(\"_\");","lastModifiedDate":"2025-01-23","isFullCredit":false},{"lineNumber":12,"author":{"gitId":"wswddl"},"content":"        }","lastModifiedDate":"2025-01-23","isFullCredit":false},{"lineNumber":13,"author":{"gitId":"wswddl"},"content":"        System.out.println();","lastModifiedDate":"2025-01-23","isFullCredit":false},{"lineNumber":14,"author":{"gitId":"wswddl"},"content":"    }","lastModifiedDate":"2025-01-23","isFullCredit":false},{"lineNumber":15,"author":{"gitId":"wswddl"},"content":"","lastModifiedDate":"2025-01-23","isFullCredit":false},{"lineNumber":16,"author":{"gitId":"wswddl"},"content":"    public static void main(String[] args) {","lastModifiedDate":"2025-01-23","isFullCredit":false},{"lineNumber":17,"author":{"gitId":"wswddl"},"content":"","lastModifiedDate":"2025-01-23","isFullCredit":false},{"lineNumber":18,"author":{"gitId":"wswddl"},"content":"        String logo \u003d \" __    __   __   __        ____       _______    _____   ______        \\n\"","lastModifiedDate":"2025-01-23","isFullCredit":false},{"lineNumber":19,"author":{"gitId":"wswddl"},"content":"             + \"|  \\\\  /  | |  | |  |      / __ \\\\     |__   __|  /   __| |  ____|       \\n\"","lastModifiedDate":"2025-01-23","isFullCredit":false},{"lineNumber":20,"author":{"gitId":"wswddl"},"content":"             + \"|   \\\\/   | |  | |  |     | /  \\\\ |       | |    |   /    | |____        \\n\"","lastModifiedDate":"2025-01-23","isFullCredit":false},{"lineNumber":21,"author":{"gitId":"wswddl"},"content":"             + \"|   ||   | |  | |  |     | |  | |       | |    |  |     |  ____|       \\n\"","lastModifiedDate":"2025-01-23","isFullCredit":false},{"lineNumber":22,"author":{"gitId":"wswddl"},"content":"             + \"|   ||   | |  | |  |___  | \\\\__/ |     __| |__  |   \\\\__  | |____        \\n\"","lastModifiedDate":"2025-01-23","isFullCredit":false},{"lineNumber":23,"author":{"gitId":"wswddl"},"content":"             + \"|___||___| |__| |______|  \\\\____/     |_______|  \\\\_____| |______|       \";","lastModifiedDate":"2025-01-23","isFullCredit":false},{"lineNumber":24,"author":{"gitId":"wswddl"},"content":"        System.out.println(logo);","lastModifiedDate":"2025-01-23","isFullCredit":false},{"lineNumber":25,"author":{"gitId":"wswddl"},"content":"        printStraightLine();","lastModifiedDate":"2025-01-23","isFullCredit":false},{"lineNumber":26,"author":{"gitId":"wswddl"},"content":"        System.out.println(\"Hello! I\u0027m Milo Ice\\n\" + \"What can I do for you?\");","lastModifiedDate":"2025-01-23","isFullCredit":false},{"lineNumber":27,"author":{"gitId":"wswddl"},"content":"        printStraightLine();","lastModifiedDate":"2025-01-23","isFullCredit":false},{"lineNumber":28,"author":{"gitId":"wswddl"},"content":"","lastModifiedDate":"2025-01-23","isFullCredit":false},{"lineNumber":29,"author":{"gitId":"wswddl"},"content":"        // Scanning for input","lastModifiedDate":"2025-01-23","isFullCredit":false},{"lineNumber":30,"author":{"gitId":"wswddl"},"content":"        Scanner scanner \u003d new Scanner(System.in);","lastModifiedDate":"2025-01-23","isFullCredit":false},{"lineNumber":31,"author":{"gitId":"wswddl"},"content":"        String input;","lastModifiedDate":"2025-01-23","isFullCredit":false},{"lineNumber":32,"author":{"gitId":"wswddl"},"content":"","lastModifiedDate":"2025-01-23","isFullCredit":false},{"lineNumber":33,"author":{"gitId":"wswddl"},"content":"        while (true) {","lastModifiedDate":"2025-01-23","isFullCredit":false},{"lineNumber":34,"author":{"gitId":"wswddl"},"content":"            input \u003d scanner.nextLine();","lastModifiedDate":"2025-01-23","isFullCredit":false},{"lineNumber":35,"author":{"gitId":"wswddl"},"content":"            String[] parts \u003d input.split(\" \");","lastModifiedDate":"2025-01-23","isFullCredit":false},{"lineNumber":36,"author":{"gitId":"wswddl"},"content":"","lastModifiedDate":"2025-01-23","isFullCredit":false},{"lineNumber":37,"author":{"gitId":"wswddl"},"content":"            if (input.equals(\"bye\")) {","lastModifiedDate":"2025-01-23","isFullCredit":false},{"lineNumber":38,"author":{"gitId":"wswddl"},"content":"                printStraightLine();","lastModifiedDate":"2025-01-23","isFullCredit":false},{"lineNumber":39,"author":{"gitId":"wswddl"},"content":"                System.out.println(\"Bye. Hope to see you again soon!\");","lastModifiedDate":"2025-01-23","isFullCredit":false},{"lineNumber":40,"author":{"gitId":"wswddl"},"content":"                printStraightLine();","lastModifiedDate":"2025-01-23","isFullCredit":false},{"lineNumber":41,"author":{"gitId":"wswddl"},"content":"                break;","lastModifiedDate":"2025-01-23","isFullCredit":false},{"lineNumber":42,"author":{"gitId":"wswddl"},"content":"            } else if (input.equals(\"list\")) {","lastModifiedDate":"2025-01-23","isFullCredit":false},{"lineNumber":43,"author":{"gitId":"wswddl"},"content":"                printStraightLine();","lastModifiedDate":"2025-01-23","isFullCredit":false},{"lineNumber":44,"author":{"gitId":"wswddl"},"content":"                int idx \u003d 1;","lastModifiedDate":"2025-01-23","isFullCredit":false},{"lineNumber":45,"author":{"gitId":"wswddl"},"content":"                for (Task task : taskList) {","lastModifiedDate":"2025-01-23","isFullCredit":false},{"lineNumber":46,"author":{"gitId":"wswddl"},"content":"                    System.out.println(idx + \".\" + task);","lastModifiedDate":"2025-01-23","isFullCredit":false},{"lineNumber":47,"author":{"gitId":"wswddl"},"content":"                    idx++;","lastModifiedDate":"2025-01-23","isFullCredit":false},{"lineNumber":48,"author":{"gitId":"wswddl"},"content":"                }","lastModifiedDate":"2025-01-23","isFullCredit":false},{"lineNumber":49,"author":{"gitId":"wswddl"},"content":"                printStraightLine();","lastModifiedDate":"2025-01-23","isFullCredit":false},{"lineNumber":50,"author":{"gitId":"wswddl"},"content":"            } else if (parts.length \u003d\u003d 2 \u0026\u0026 parts[0].equals(\"mark\")) {","lastModifiedDate":"2025-01-23","isFullCredit":false},{"lineNumber":51,"author":{"gitId":"wswddl"},"content":"                int idx \u003d Integer.parseInt(parts[1]);","lastModifiedDate":"2025-01-23","isFullCredit":false},{"lineNumber":52,"author":{"gitId":"wswddl"},"content":"                if (idx \u003e\u003d 1 \u0026\u0026 idx \u003c\u003d taskList.size()) {","lastModifiedDate":"2025-01-23","isFullCredit":false},{"lineNumber":53,"author":{"gitId":"wswddl"},"content":"                    Task task \u003d taskList.get(idx - 1);","lastModifiedDate":"2025-01-23","isFullCredit":false},{"lineNumber":54,"author":{"gitId":"wswddl"},"content":"                    task.markAsDone();","lastModifiedDate":"2025-01-23","isFullCredit":false},{"lineNumber":55,"author":{"gitId":"wswddl"},"content":"                    printStraightLine();","lastModifiedDate":"2025-01-23","isFullCredit":false},{"lineNumber":56,"author":{"gitId":"wswddl"},"content":"                    System.out.println(\"Nice! I\u0027ve marked this task as done:\");","lastModifiedDate":"2025-01-23","isFullCredit":false},{"lineNumber":57,"author":{"gitId":"wswddl"},"content":"                    System.out.println(\"  \" + task);","lastModifiedDate":"2025-01-23","isFullCredit":false},{"lineNumber":58,"author":{"gitId":"wswddl"},"content":"                    printStraightLine();","lastModifiedDate":"2025-01-23","isFullCredit":false},{"lineNumber":59,"author":{"gitId":"wswddl"},"content":"                } else {","lastModifiedDate":"2025-01-23","isFullCredit":false},{"lineNumber":60,"author":{"gitId":"wswddl"},"content":"                    System.out.println(\"Invalid index\");","lastModifiedDate":"2025-01-23","isFullCredit":false},{"lineNumber":61,"author":{"gitId":"wswddl"},"content":"                }","lastModifiedDate":"2025-01-23","isFullCredit":false},{"lineNumber":62,"author":{"gitId":"wswddl"},"content":"","lastModifiedDate":"2025-01-23","isFullCredit":false},{"lineNumber":63,"author":{"gitId":"wswddl"},"content":"            } else if (parts.length \u003d\u003d 2 \u0026\u0026 parts[0].equals(\"unmark\")) {","lastModifiedDate":"2025-01-23","isFullCredit":false},{"lineNumber":64,"author":{"gitId":"wswddl"},"content":"                int idx \u003d Integer.parseInt(parts[1]);","lastModifiedDate":"2025-01-23","isFullCredit":false},{"lineNumber":65,"author":{"gitId":"wswddl"},"content":"                if (idx \u003e\u003d 1 \u0026\u0026 idx \u003c\u003d taskList.size()) {","lastModifiedDate":"2025-01-23","isFullCredit":false},{"lineNumber":66,"author":{"gitId":"wswddl"},"content":"                    Task task \u003d taskList.get(idx - 1);","lastModifiedDate":"2025-01-23","isFullCredit":false},{"lineNumber":67,"author":{"gitId":"wswddl"},"content":"                    task.unMarkAsDone();","lastModifiedDate":"2025-01-23","isFullCredit":false},{"lineNumber":68,"author":{"gitId":"wswddl"},"content":"                    printStraightLine();","lastModifiedDate":"2025-01-23","isFullCredit":false},{"lineNumber":69,"author":{"gitId":"wswddl"},"content":"                    System.out.println(\"Nice! I\u0027ve marked this task as done:\");","lastModifiedDate":"2025-01-23","isFullCredit":false},{"lineNumber":70,"author":{"gitId":"wswddl"},"content":"                    System.out.println(\"  \" + task);","lastModifiedDate":"2025-01-23","isFullCredit":false},{"lineNumber":71,"author":{"gitId":"wswddl"},"content":"                    printStraightLine();","lastModifiedDate":"2025-01-23","isFullCredit":false},{"lineNumber":72,"author":{"gitId":"wswddl"},"content":"                } else {","lastModifiedDate":"2025-01-23","isFullCredit":false},{"lineNumber":73,"author":{"gitId":"wswddl"},"content":"                    System.out.println(\"Invalid index\");","lastModifiedDate":"2025-01-23","isFullCredit":false},{"lineNumber":74,"author":{"gitId":"wswddl"},"content":"                }","lastModifiedDate":"2025-01-23","isFullCredit":false},{"lineNumber":75,"author":{"gitId":"wswddl"},"content":"","lastModifiedDate":"2025-01-23","isFullCredit":false},{"lineNumber":76,"author":{"gitId":"wswddl"},"content":"            } else {","lastModifiedDate":"2025-01-23","isFullCredit":false},{"lineNumber":77,"author":{"gitId":"wswddl"},"content":"                taskList.add(new Task(input));","lastModifiedDate":"2025-01-23","isFullCredit":false},{"lineNumber":78,"author":{"gitId":"wswddl"},"content":"                printStraightLine();","lastModifiedDate":"2025-01-23","isFullCredit":false},{"lineNumber":79,"author":{"gitId":"wswddl"},"content":"                System.out.println(\"added: \" + input); // echo","lastModifiedDate":"2025-01-23","isFullCredit":false},{"lineNumber":80,"author":{"gitId":"wswddl"},"content":"                printStraightLine();","lastModifiedDate":"2025-01-23","isFullCredit":false},{"lineNumber":81,"author":{"gitId":"wswddl"},"content":"            }","lastModifiedDate":"2025-01-23","isFullCredit":false},{"lineNumber":82,"author":{"gitId":"wswddl"},"content":"        }","lastModifiedDate":"2025-01-23","isFullCredit":false},{"lineNumber":83,"author":{"gitId":"wswddl"},"content":"        scanner.close();","lastModifiedDate":"2025-01-23","isFullCredit":false},{"lineNumber":84,"author":{"gitId":"wswddl"},"content":"    }","lastModifiedDate":"2025-01-23","isFullCredit":false},{"lineNumber":85,"author":{"gitId":"wswddl"},"content":"}","lastModifiedDate":"2025-01-23","isFullCredit":false},{"lineNumber":86,"author":{"gitId":"wswddl"},"content":"","lastModifiedDate":"2025-01-23","isFullCredit":false}],"authorContributionMap":{"wswddl":86}},{"path":"src/main/java/Task.java","fileType":"java","lines":[{"lineNumber":1,"author":{"gitId":"wswddl"},"content":"public class Task {","lastModifiedDate":"2025-01-23","isFullCredit":false},{"lineNumber":2,"author":{"gitId":"wswddl"},"content":"    protected String description;","lastModifiedDate":"2025-01-23","isFullCredit":false},{"lineNumber":3,"author":{"gitId":"wswddl"},"content":"    protected boolean isDone;","lastModifiedDate":"2025-01-23","isFullCredit":false},{"lineNumber":4,"author":{"gitId":"wswddl"},"content":"","lastModifiedDate":"2025-01-23","isFullCredit":false},{"lineNumber":5,"author":{"gitId":"wswddl"},"content":"    public Task(String description) {","lastModifiedDate":"2025-01-23","isFullCredit":false},{"lineNumber":6,"author":{"gitId":"wswddl"},"content":"        this.description \u003d description;","lastModifiedDate":"2025-01-23","isFullCredit":false},{"lineNumber":7,"author":{"gitId":"wswddl"},"content":"    }","lastModifiedDate":"2025-01-23","isFullCredit":false},{"lineNumber":8,"author":{"gitId":"wswddl"},"content":"","lastModifiedDate":"2025-01-23","isFullCredit":false},{"lineNumber":9,"author":{"gitId":"wswddl"},"content":"    public void markAsDone() {","lastModifiedDate":"2025-01-23","isFullCredit":false},{"lineNumber":10,"author":{"gitId":"wswddl"},"content":"        this.isDone \u003d true;","lastModifiedDate":"2025-01-23","isFullCredit":false},{"lineNumber":11,"author":{"gitId":"wswddl"},"content":"    }","lastModifiedDate":"2025-01-23","isFullCredit":false},{"lineNumber":12,"author":{"gitId":"wswddl"},"content":"","lastModifiedDate":"2025-01-23","isFullCredit":false},{"lineNumber":13,"author":{"gitId":"wswddl"},"content":"    public void unMarkAsDone() {","lastModifiedDate":"2025-01-23","isFullCredit":false},{"lineNumber":14,"author":{"gitId":"wswddl"},"content":"        this.isDone \u003d false;","lastModifiedDate":"2025-01-23","isFullCredit":false},{"lineNumber":15,"author":{"gitId":"wswddl"},"content":"    }","lastModifiedDate":"2025-01-23","isFullCredit":false},{"lineNumber":16,"author":{"gitId":"wswddl"},"content":"","lastModifiedDate":"2025-01-23","isFullCredit":false},{"lineNumber":17,"author":{"gitId":"wswddl"},"content":"    public String toString() {","lastModifiedDate":"2025-01-23","isFullCredit":false},{"lineNumber":18,"author":{"gitId":"wswddl"},"content":"        if (this.isDone) {","lastModifiedDate":"2025-01-23","isFullCredit":false},{"lineNumber":19,"author":{"gitId":"wswddl"},"content":"            return \"[X] \" + this.description;","lastModifiedDate":"2025-01-23","isFullCredit":false},{"lineNumber":20,"author":{"gitId":"wswddl"},"content":"        } else {","lastModifiedDate":"2025-01-23","isFullCredit":false},{"lineNumber":21,"author":{"gitId":"wswddl"},"content":"            return \"[ ] \" + this.description;","lastModifiedDate":"2025-01-23","isFullCredit":false},{"lineNumber":22,"author":{"gitId":"wswddl"},"content":"        }","lastModifiedDate":"2025-01-23","isFullCredit":false},{"lineNumber":23,"author":{"gitId":"wswddl"},"content":"    }","lastModifiedDate":"2025-01-23","isFullCredit":false},{"lineNumber":24,"author":{"gitId":"wswddl"},"content":"}","lastModifiedDate":"2025-01-23","isFullCredit":false}],"authorContributionMap":{"wswddl":24}}]
