[{"path":"src/main/java/Deadlines.java","fileType":"java","lines":[{"lineNumber":1,"author":{"gitId":"junngithub"},"content":"public class Deadlines extends Task {","lastModifiedDate":"2025-01-22","isFullCredit":false},{"lineNumber":2,"author":{"gitId":"junngithub"},"content":"    private String deadline;","lastModifiedDate":"2025-01-22","isFullCredit":false},{"lineNumber":3,"author":{"gitId":"junngithub"},"content":"    public Deadlines(String task, String deadline) {","lastModifiedDate":"2025-01-22","isFullCredit":false},{"lineNumber":4,"author":{"gitId":"junngithub"},"content":"        super(task);","lastModifiedDate":"2025-01-22","isFullCredit":false},{"lineNumber":5,"author":{"gitId":"junngithub"},"content":"        this.deadline \u003d deadline;","lastModifiedDate":"2025-01-22","isFullCredit":false},{"lineNumber":6,"author":{"gitId":"junngithub"},"content":"    }","lastModifiedDate":"2025-01-22","isFullCredit":false},{"lineNumber":7,"author":{"gitId":"junngithub"},"content":"","lastModifiedDate":"2025-01-22","isFullCredit":false},{"lineNumber":8,"author":{"gitId":"junngithub"},"content":"    @Override","lastModifiedDate":"2025-01-22","isFullCredit":false},{"lineNumber":9,"author":{"gitId":"junngithub"},"content":"    public String toString() {","lastModifiedDate":"2025-01-22","isFullCredit":false},{"lineNumber":10,"author":{"gitId":"junngithub"},"content":"        return \"[D]\" + super.toString() + \" (by: \" + deadline + \")\";","lastModifiedDate":"2025-01-22","isFullCredit":false},{"lineNumber":11,"author":{"gitId":"junngithub"},"content":"    }","lastModifiedDate":"2025-01-22","isFullCredit":false},{"lineNumber":12,"author":{"gitId":"junngithub"},"content":"}","lastModifiedDate":"2025-01-22","isFullCredit":false}],"authorContributionMap":{"junngithub":12}},{"path":"src/main/java/Events.java","fileType":"java","lines":[{"lineNumber":1,"author":{"gitId":"junngithub"},"content":"public class Events extends Task{","lastModifiedDate":"2025-01-22","isFullCredit":false},{"lineNumber":2,"author":{"gitId":"junngithub"},"content":"    private String startDate;","lastModifiedDate":"2025-01-22","isFullCredit":false},{"lineNumber":3,"author":{"gitId":"junngithub"},"content":"    private String endDate;","lastModifiedDate":"2025-01-22","isFullCredit":false},{"lineNumber":4,"author":{"gitId":"junngithub"},"content":"    public Events(String task, String startDate, String endDate) {","lastModifiedDate":"2025-01-22","isFullCredit":false},{"lineNumber":5,"author":{"gitId":"junngithub"},"content":"        super(task);","lastModifiedDate":"2025-01-22","isFullCredit":false},{"lineNumber":6,"author":{"gitId":"junngithub"},"content":"        this.startDate \u003d startDate;","lastModifiedDate":"2025-01-22","isFullCredit":false},{"lineNumber":7,"author":{"gitId":"junngithub"},"content":"        this.endDate \u003d endDate;","lastModifiedDate":"2025-01-22","isFullCredit":false},{"lineNumber":8,"author":{"gitId":"junngithub"},"content":"    }","lastModifiedDate":"2025-01-22","isFullCredit":false},{"lineNumber":9,"author":{"gitId":"junngithub"},"content":"","lastModifiedDate":"2025-01-22","isFullCredit":false},{"lineNumber":10,"author":{"gitId":"junngithub"},"content":"    @Override","lastModifiedDate":"2025-01-22","isFullCredit":false},{"lineNumber":11,"author":{"gitId":"junngithub"},"content":"    public String toString() {","lastModifiedDate":"2025-01-22","isFullCredit":false},{"lineNumber":12,"author":{"gitId":"junngithub"},"content":"        return \"[E]\" + super.toString() + \" (from: \" + startDate + \" to: \" + endDate + \")\";","lastModifiedDate":"2025-01-22","isFullCredit":false},{"lineNumber":13,"author":{"gitId":"junngithub"},"content":"    }","lastModifiedDate":"2025-01-22","isFullCredit":false},{"lineNumber":14,"author":{"gitId":"junngithub"},"content":"}","lastModifiedDate":"2025-01-22","isFullCredit":false}],"authorContributionMap":{"junngithub":14}},{"path":"src/main/java/Icarus.java","fileType":"java","lines":[{"lineNumber":1,"author":{"gitId":"junngithub"},"content":"import java.util.ArrayList;","lastModifiedDate":"2025-01-19","isFullCredit":false},{"lineNumber":2,"author":{"gitId":"junngithub"},"content":"import java.util.Scanner;","lastModifiedDate":"2025-01-19","isFullCredit":false},{"lineNumber":3,"author":{"gitId":"junngithub"},"content":"","lastModifiedDate":"2025-01-19","isFullCredit":false},{"lineNumber":4,"author":{"gitId":"junngithub"},"content":"import java.util.regex.Pattern;","lastModifiedDate":"2025-01-20","isFullCredit":false},{"lineNumber":5,"author":{"gitId":"junngithub"},"content":"","lastModifiedDate":"2025-01-19","isFullCredit":false},{"lineNumber":6,"author":{"gitId":"junngithub"},"content":"public class Icarus {","lastModifiedDate":"2025-01-20","isFullCredit":false},{"lineNumber":7,"author":{"gitId":"junngithub"},"content":"    private ArrayList\u003cTask\u003e list;","lastModifiedDate":"2025-01-20","isFullCredit":false},{"lineNumber":8,"author":{"gitId":"junngithub"},"content":"    private final Pattern markPattern \u003d Pattern.compile(\"^mark [1-9][0-9]*$\");","lastModifiedDate":"2025-01-22","isFullCredit":false},{"lineNumber":9,"author":{"gitId":"junngithub"},"content":"    private final Pattern unmarkPattern \u003d Pattern.compile(\"^unmark [1-9][0-9]*$\");","lastModifiedDate":"2025-01-22","isFullCredit":false},{"lineNumber":10,"author":{"gitId":"junngithub"},"content":"    private final Pattern taskPattern \u003d Pattern.compile(\"^(todo|deadline|event)\");","lastModifiedDate":"2025-01-22","isFullCredit":false},{"lineNumber":11,"author":{"gitId":"junngithub"},"content":"    private final String border \u003d \"---------------------------------------------\";","lastModifiedDate":"2025-01-22","isFullCredit":false},{"lineNumber":12,"author":{"gitId":"junngithub"},"content":"","lastModifiedDate":"2025-01-22","isFullCredit":false},{"lineNumber":13,"author":{"gitId":"junngithub"},"content":"    public Icarus(){","lastModifiedDate":"2025-01-19","isFullCredit":false},{"lineNumber":14,"author":{"gitId":"junngithub"},"content":"        this.list \u003d new ArrayList\u003c\u003e();","lastModifiedDate":"2025-01-19","isFullCredit":false},{"lineNumber":15,"author":{"gitId":"junngithub"},"content":"        greet();","lastModifiedDate":"2025-01-19","isFullCredit":false},{"lineNumber":16,"author":{"gitId":"junngithub"},"content":"        readCommand();","lastModifiedDate":"2025-01-19","isFullCredit":false},{"lineNumber":17,"author":{"gitId":"junngithub"},"content":"    }","lastModifiedDate":"2025-01-19","isFullCredit":false},{"lineNumber":18,"author":{"gitId":"junngithub"},"content":"","lastModifiedDate":"2025-01-19","isFullCredit":false},{"lineNumber":19,"author":{"gitId":"junngithub"},"content":"    private void greet() {","lastModifiedDate":"2025-01-19","isFullCredit":false},{"lineNumber":20,"author":{"gitId":"junngithub"},"content":"        String greeting \u003d border +","lastModifiedDate":"2025-01-22","isFullCredit":false},{"lineNumber":21,"author":{"gitId":"junngithub"},"content":"                \"\"\" ","lastModifiedDate":"2025-01-22","isFullCredit":false},{"lineNumber":22,"author":{"gitId":"junngithub"},"content":"                \\nGreetings! My name is Icarus.","lastModifiedDate":"2025-01-22","isFullCredit":false},{"lineNumber":23,"author":{"gitId":"junngithub"},"content":"                How can I be of service to you today?","lastModifiedDate":"2025-01-19","isFullCredit":false},{"lineNumber":24,"author":{"gitId":"junngithub"},"content":"                \"\"\" + border;","lastModifiedDate":"2025-01-22","isFullCredit":false},{"lineNumber":25,"author":{"gitId":"junngithub"},"content":"        System.out.println(greeting);","lastModifiedDate":"2025-01-19","isFullCredit":false},{"lineNumber":26,"author":{"gitId":"junngithub"},"content":"    }","lastModifiedDate":"2025-01-19","isFullCredit":false},{"lineNumber":27,"author":{"gitId":"junngithub"},"content":"","lastModifiedDate":"2025-01-19","isFullCredit":false},{"lineNumber":28,"author":{"gitId":"junngithub"},"content":"    private void sayBye() {","lastModifiedDate":"2025-01-19","isFullCredit":false},{"lineNumber":29,"author":{"gitId":"junngithub"},"content":"        String bye \u003d border + \"\\nBye! See you next time, my friend.\\n\" + border;","lastModifiedDate":"2025-01-22","isFullCredit":false},{"lineNumber":30,"author":{"gitId":"junngithub"},"content":"        System.out.println(bye);","lastModifiedDate":"2025-01-19","isFullCredit":false},{"lineNumber":31,"author":{"gitId":"junngithub"},"content":"    }","lastModifiedDate":"2025-01-19","isFullCredit":false},{"lineNumber":32,"author":{"gitId":"junngithub"},"content":"","lastModifiedDate":"2025-01-19","isFullCredit":false},{"lineNumber":33,"author":{"gitId":"junngithub"},"content":"    private void markDone(String userInput) {","lastModifiedDate":"2025-01-20","isFullCredit":false},{"lineNumber":34,"author":{"gitId":"junngithub"},"content":"        int i \u003d Integer.parseInt(userInput.split(\" \")[1]) - 1;","lastModifiedDate":"2025-01-20","isFullCredit":false},{"lineNumber":35,"author":{"gitId":"junngithub"},"content":"        Task task \u003d list.get(i);","lastModifiedDate":"2025-01-20","isFullCredit":false},{"lineNumber":36,"author":{"gitId":"junngithub"},"content":"        task.markDone();","lastModifiedDate":"2025-01-20","isFullCredit":false},{"lineNumber":37,"author":{"gitId":"junngithub"},"content":"        String message \u003d \"Very well, I have marked this as completed: \\n\" + task;","lastModifiedDate":"2025-01-20","isFullCredit":false},{"lineNumber":38,"author":{"gitId":"junngithub"},"content":"        System.out.println(message);","lastModifiedDate":"2025-01-20","isFullCredit":false},{"lineNumber":39,"author":{"gitId":"junngithub"},"content":"        System.out.println(border);","lastModifiedDate":"2025-01-22","isFullCredit":false},{"lineNumber":40,"author":{"gitId":"junngithub"},"content":"        readCommand();","lastModifiedDate":"2025-01-20","isFullCredit":false},{"lineNumber":41,"author":{"gitId":"junngithub"},"content":"    }","lastModifiedDate":"2025-01-20","isFullCredit":false},{"lineNumber":42,"author":{"gitId":"junngithub"},"content":"","lastModifiedDate":"2025-01-20","isFullCredit":false},{"lineNumber":43,"author":{"gitId":"junngithub"},"content":"    private void markUndone(String userInput) {","lastModifiedDate":"2025-01-20","isFullCredit":false},{"lineNumber":44,"author":{"gitId":"junngithub"},"content":"        int i \u003d Integer.parseInt(userInput.split(\" \")[1]) - 1;","lastModifiedDate":"2025-01-20","isFullCredit":false},{"lineNumber":45,"author":{"gitId":"junngithub"},"content":"        Task task \u003d list.get(i);","lastModifiedDate":"2025-01-20","isFullCredit":false},{"lineNumber":46,"author":{"gitId":"junngithub"},"content":"        task.markUndone();","lastModifiedDate":"2025-01-20","isFullCredit":false},{"lineNumber":47,"author":{"gitId":"junngithub"},"content":"        String message \u003d \"Sure, I have marked this as unfinished: \\n\" + task;","lastModifiedDate":"2025-01-20","isFullCredit":false},{"lineNumber":48,"author":{"gitId":"junngithub"},"content":"        System.out.println(message);","lastModifiedDate":"2025-01-20","isFullCredit":false},{"lineNumber":49,"author":{"gitId":"junngithub"},"content":"        System.out.println(border);","lastModifiedDate":"2025-01-22","isFullCredit":false},{"lineNumber":50,"author":{"gitId":"junngithub"},"content":"        readCommand();","lastModifiedDate":"2025-01-20","isFullCredit":false},{"lineNumber":51,"author":{"gitId":"junngithub"},"content":"    }","lastModifiedDate":"2025-01-20","isFullCredit":false},{"lineNumber":52,"author":{"gitId":"junngithub"},"content":"","lastModifiedDate":"2025-01-20","isFullCredit":false},{"lineNumber":53,"author":{"gitId":"junngithub"},"content":"    private Task createTask(String userInput) {","lastModifiedDate":"2025-01-22","isFullCredit":false},{"lineNumber":54,"author":{"gitId":"junngithub"},"content":"        String[] arr \u003d userInput.split(\" \", 2);","lastModifiedDate":"2025-01-22","isFullCredit":false},{"lineNumber":55,"author":{"gitId":"junngithub"},"content":"        String taskType \u003d arr[0];","lastModifiedDate":"2025-01-22","isFullCredit":false},{"lineNumber":56,"author":{"gitId":"junngithub"},"content":"        String string \u003d arr[1];","lastModifiedDate":"2025-01-22","isFullCredit":false},{"lineNumber":57,"author":{"gitId":"junngithub"},"content":"        switch (taskType) {","lastModifiedDate":"2025-01-22","isFullCredit":false},{"lineNumber":58,"author":{"gitId":"junngithub"},"content":"            case \"deadline\":","lastModifiedDate":"2025-01-22","isFullCredit":false},{"lineNumber":59,"author":{"gitId":"junngithub"},"content":"                if (!string.contains(\"/by \")){","lastModifiedDate":"2025-01-22","isFullCredit":false},{"lineNumber":60,"author":{"gitId":"junngithub"},"content":"                    break;","lastModifiedDate":"2025-01-22","isFullCredit":false},{"lineNumber":61,"author":{"gitId":"junngithub"},"content":"                }","lastModifiedDate":"2025-01-22","isFullCredit":false},{"lineNumber":62,"author":{"gitId":"junngithub"},"content":"                String[] deadlineArr \u003d string.split(\" /by \");","lastModifiedDate":"2025-01-22","isFullCredit":false},{"lineNumber":63,"author":{"gitId":"junngithub"},"content":"                return new Deadlines(deadlineArr[0], deadlineArr[1]);","lastModifiedDate":"2025-01-22","isFullCredit":false},{"lineNumber":64,"author":{"gitId":"junngithub"},"content":"            case \"event\":","lastModifiedDate":"2025-01-22","isFullCredit":false},{"lineNumber":65,"author":{"gitId":"junngithub"},"content":"                if (!string.contains(\"/from \")){","lastModifiedDate":"2025-01-22","isFullCredit":false},{"lineNumber":66,"author":{"gitId":"junngithub"},"content":"                    break;","lastModifiedDate":"2025-01-22","isFullCredit":false},{"lineNumber":67,"author":{"gitId":"junngithub"},"content":"                }","lastModifiedDate":"2025-01-22","isFullCredit":false},{"lineNumber":68,"author":{"gitId":"junngithub"},"content":"                String task \u003d string.split(\" /from \")[0];","lastModifiedDate":"2025-01-22","isFullCredit":false},{"lineNumber":69,"author":{"gitId":"junngithub"},"content":"                String leftover \u003d string.split(\" /from \")[1];","lastModifiedDate":"2025-01-22","isFullCredit":false},{"lineNumber":70,"author":{"gitId":"junngithub"},"content":"                if (!string.contains(\"/to \")) {","lastModifiedDate":"2025-01-22","isFullCredit":false},{"lineNumber":71,"author":{"gitId":"junngithub"},"content":"                    break;","lastModifiedDate":"2025-01-22","isFullCredit":false},{"lineNumber":72,"author":{"gitId":"junngithub"},"content":"                }","lastModifiedDate":"2025-01-22","isFullCredit":false},{"lineNumber":73,"author":{"gitId":"junngithub"},"content":"                String[] stringArr \u003d leftover.split(\" /to \");","lastModifiedDate":"2025-01-22","isFullCredit":false},{"lineNumber":74,"author":{"gitId":"junngithub"},"content":"                return new Events(task, stringArr[0], stringArr[1]);","lastModifiedDate":"2025-01-22","isFullCredit":false},{"lineNumber":75,"author":{"gitId":"junngithub"},"content":"            case \"todo\":","lastModifiedDate":"2025-01-22","isFullCredit":false},{"lineNumber":76,"author":{"gitId":"junngithub"},"content":"                return new ToDos(userInput);","lastModifiedDate":"2025-01-22","isFullCredit":false},{"lineNumber":77,"author":{"gitId":"junngithub"},"content":"        }","lastModifiedDate":"2025-01-22","isFullCredit":false},{"lineNumber":78,"author":{"gitId":"junngithub"},"content":"        return null;","lastModifiedDate":"2025-01-22","isFullCredit":false},{"lineNumber":79,"author":{"gitId":"junngithub"},"content":"    }","lastModifiedDate":"2025-01-22","isFullCredit":false},{"lineNumber":80,"author":{"gitId":"junngithub"},"content":"","lastModifiedDate":"2025-01-22","isFullCredit":false},{"lineNumber":81,"author":{"gitId":"junngithub"},"content":"    private void addToList(Task task) {","lastModifiedDate":"2025-01-22","isFullCredit":false},{"lineNumber":82,"author":{"gitId":"junngithub"},"content":"        list.add(task);","lastModifiedDate":"2025-01-20","isFullCredit":false},{"lineNumber":83,"author":{"gitId":"junngithub"},"content":"        System.out.println(\"I have added: \\n\" + task.toString());","lastModifiedDate":"2025-01-22","isFullCredit":false},{"lineNumber":84,"author":{"gitId":"junngithub"},"content":"        System.out.println(border);","lastModifiedDate":"2025-01-22","isFullCredit":false},{"lineNumber":85,"author":{"gitId":"junngithub"},"content":"        readCommand();","lastModifiedDate":"2025-01-19","isFullCredit":false},{"lineNumber":86,"author":{"gitId":"junngithub"},"content":"    }","lastModifiedDate":"2025-01-19","isFullCredit":false},{"lineNumber":87,"author":{"gitId":"junngithub"},"content":"","lastModifiedDate":"2025-01-19","isFullCredit":false},{"lineNumber":88,"author":{"gitId":"junngithub"},"content":"    private void returnList() {","lastModifiedDate":"2025-01-19","isFullCredit":false},{"lineNumber":89,"author":{"gitId":"junngithub"},"content":"        int i \u003d 1;","lastModifiedDate":"2025-01-19","isFullCredit":false},{"lineNumber":90,"author":{"gitId":"junngithub"},"content":"        for (Task item : list) {","lastModifiedDate":"2025-01-20","isFullCredit":false},{"lineNumber":91,"author":{"gitId":"junngithub"},"content":"            String str \u003d i + \". \" + item.toString();","lastModifiedDate":"2025-01-20","isFullCredit":false},{"lineNumber":92,"author":{"gitId":"junngithub"},"content":"            System.out.println(str);","lastModifiedDate":"2025-01-19","isFullCredit":false},{"lineNumber":93,"author":{"gitId":"junngithub"},"content":"            i++;","lastModifiedDate":"2025-01-19","isFullCredit":false},{"lineNumber":94,"author":{"gitId":"junngithub"},"content":"        }","lastModifiedDate":"2025-01-19","isFullCredit":false},{"lineNumber":95,"author":{"gitId":"junngithub"},"content":"        System.out.println(border);","lastModifiedDate":"2025-01-22","isFullCredit":false},{"lineNumber":96,"author":{"gitId":"junngithub"},"content":"        readCommand();","lastModifiedDate":"2025-01-19","isFullCredit":false},{"lineNumber":97,"author":{"gitId":"junngithub"},"content":"    }","lastModifiedDate":"2025-01-19","isFullCredit":false},{"lineNumber":98,"author":{"gitId":"junngithub"},"content":"","lastModifiedDate":"2025-01-19","isFullCredit":false},{"lineNumber":99,"author":{"gitId":"junngithub"},"content":"    private void readCommand() {","lastModifiedDate":"2025-01-19","isFullCredit":false},{"lineNumber":100,"author":{"gitId":"junngithub"},"content":"        Scanner scanner \u003d new Scanner(System.in);","lastModifiedDate":"2025-01-19","isFullCredit":false},{"lineNumber":101,"author":{"gitId":"junngithub"},"content":"        String userInput \u003d scanner.nextLine();","lastModifiedDate":"2025-01-19","isFullCredit":false},{"lineNumber":102,"author":{"gitId":"junngithub"},"content":"        System.out.println(border);","lastModifiedDate":"2025-01-22","isFullCredit":false},{"lineNumber":103,"author":{"gitId":"junngithub"},"content":"        if (userInput.equals(\"bye\")) {","lastModifiedDate":"2025-01-19","isFullCredit":false},{"lineNumber":104,"author":{"gitId":"junngithub"},"content":"            sayBye();","lastModifiedDate":"2025-01-19","isFullCredit":false},{"lineNumber":105,"author":{"gitId":"junngithub"},"content":"        } else if (userInput.equals(\"list\")) {","lastModifiedDate":"2025-01-19","isFullCredit":false},{"lineNumber":106,"author":{"gitId":"junngithub"},"content":"            returnList();","lastModifiedDate":"2025-01-19","isFullCredit":false},{"lineNumber":107,"author":{"gitId":"junngithub"},"content":"        } else if (markPattern.matcher(userInput).find()) {","lastModifiedDate":"2025-01-20","isFullCredit":false},{"lineNumber":108,"author":{"gitId":"junngithub"},"content":"            markDone(userInput);","lastModifiedDate":"2025-01-20","isFullCredit":false},{"lineNumber":109,"author":{"gitId":"junngithub"},"content":"        } else if (unmarkPattern.matcher(userInput).find()) {","lastModifiedDate":"2025-01-20","isFullCredit":false},{"lineNumber":110,"author":{"gitId":"junngithub"},"content":"            markUndone(userInput);","lastModifiedDate":"2025-01-20","isFullCredit":false},{"lineNumber":111,"author":{"gitId":"junngithub"},"content":"        } else if (taskPattern.matcher(userInput).find()) {","lastModifiedDate":"2025-01-22","isFullCredit":false},{"lineNumber":112,"author":{"gitId":"junngithub"},"content":"            Task task \u003d createTask(userInput);","lastModifiedDate":"2025-01-22","isFullCredit":false},{"lineNumber":113,"author":{"gitId":"junngithub"},"content":"            addToList(task);","lastModifiedDate":"2025-01-22","isFullCredit":false},{"lineNumber":114,"author":{"gitId":"junngithub"},"content":"        }","lastModifiedDate":"2025-01-19","isFullCredit":false},{"lineNumber":115,"author":{"gitId":"junngithub"},"content":"    }","lastModifiedDate":"2025-01-19","isFullCredit":false},{"lineNumber":116,"author":{"gitId":"junngithub"},"content":"","lastModifiedDate":"2025-01-19","isFullCredit":false},{"lineNumber":117,"author":{"gitId":"junngithub"},"content":"    private void echo(String userInput) {","lastModifiedDate":"2025-01-19","isFullCredit":false},{"lineNumber":118,"author":{"gitId":"junngithub"},"content":"        System.out.println(userInput + \"\\n\");","lastModifiedDate":"2025-01-20","isFullCredit":false},{"lineNumber":119,"author":{"gitId":"junngithub"},"content":"    }","lastModifiedDate":"2025-01-19","isFullCredit":false},{"lineNumber":120,"author":{"gitId":"junngithub"},"content":"","lastModifiedDate":"2025-01-19","isFullCredit":false},{"lineNumber":121,"author":{"gitId":"junngithub"},"content":"    public static void main(String[] args) {","lastModifiedDate":"2025-01-19","isFullCredit":false},{"lineNumber":122,"author":{"gitId":"junngithub"},"content":"        Icarus chatbot \u003d new Icarus();","lastModifiedDate":"2025-01-19","isFullCredit":false},{"lineNumber":123,"author":{"gitId":"junngithub"},"content":"    }","lastModifiedDate":"2025-01-19","isFullCredit":false},{"lineNumber":124,"author":{"gitId":"junngithub"},"content":"}","lastModifiedDate":"2025-01-19","isFullCredit":false}],"authorContributionMap":{"junngithub":124}},{"path":"src/main/java/Task.java","fileType":"java","lines":[{"lineNumber":1,"author":{"gitId":"junngithub"},"content":"public abstract class Task {","lastModifiedDate":"2025-01-22","isFullCredit":false},{"lineNumber":2,"author":{"gitId":"junngithub"},"content":"    private String task;","lastModifiedDate":"2025-01-20","isFullCredit":false},{"lineNumber":3,"author":{"gitId":"junngithub"},"content":"    private boolean isDone;","lastModifiedDate":"2025-01-20","isFullCredit":false},{"lineNumber":4,"author":{"gitId":"junngithub"},"content":"    public Task(String task) {","lastModifiedDate":"2025-01-20","isFullCredit":false},{"lineNumber":5,"author":{"gitId":"junngithub"},"content":"        this.task \u003d task;","lastModifiedDate":"2025-01-20","isFullCredit":false},{"lineNumber":6,"author":{"gitId":"junngithub"},"content":"        this.isDone \u003d false;","lastModifiedDate":"2025-01-20","isFullCredit":false},{"lineNumber":7,"author":{"gitId":"junngithub"},"content":"    }","lastModifiedDate":"2025-01-20","isFullCredit":false},{"lineNumber":8,"author":{"gitId":"junngithub"},"content":"","lastModifiedDate":"2025-01-20","isFullCredit":false},{"lineNumber":9,"author":{"gitId":"junngithub"},"content":"    private String getStatus() {","lastModifiedDate":"2025-01-20","isFullCredit":false},{"lineNumber":10,"author":{"gitId":"junngithub"},"content":"        String str \u003d \" \";","lastModifiedDate":"2025-01-20","isFullCredit":false},{"lineNumber":11,"author":{"gitId":"junngithub"},"content":"        if (isDone) {","lastModifiedDate":"2025-01-20","isFullCredit":false},{"lineNumber":12,"author":{"gitId":"junngithub"},"content":"            str \u003d \"X\";","lastModifiedDate":"2025-01-20","isFullCredit":false},{"lineNumber":13,"author":{"gitId":"junngithub"},"content":"        }","lastModifiedDate":"2025-01-20","isFullCredit":false},{"lineNumber":14,"author":{"gitId":"junngithub"},"content":"        return str;","lastModifiedDate":"2025-01-20","isFullCredit":false},{"lineNumber":15,"author":{"gitId":"junngithub"},"content":"    }","lastModifiedDate":"2025-01-20","isFullCredit":false},{"lineNumber":16,"author":{"gitId":"junngithub"},"content":"","lastModifiedDate":"2025-01-20","isFullCredit":false},{"lineNumber":17,"author":{"gitId":"junngithub"},"content":"    @Override","lastModifiedDate":"2025-01-20","isFullCredit":false},{"lineNumber":18,"author":{"gitId":"junngithub"},"content":"    public String toString(){","lastModifiedDate":"2025-01-20","isFullCredit":false},{"lineNumber":19,"author":{"gitId":"junngithub"},"content":"        return \"[\" + getStatus() + \"] \" + task;","lastModifiedDate":"2025-01-20","isFullCredit":false},{"lineNumber":20,"author":{"gitId":"junngithub"},"content":"    }","lastModifiedDate":"2025-01-20","isFullCredit":false},{"lineNumber":21,"author":{"gitId":"junngithub"},"content":"","lastModifiedDate":"2025-01-20","isFullCredit":false},{"lineNumber":22,"author":{"gitId":"junngithub"},"content":"    public void markDone() {","lastModifiedDate":"2025-01-20","isFullCredit":false},{"lineNumber":23,"author":{"gitId":"junngithub"},"content":"        this.isDone \u003d true;","lastModifiedDate":"2025-01-20","isFullCredit":false},{"lineNumber":24,"author":{"gitId":"junngithub"},"content":"    }","lastModifiedDate":"2025-01-20","isFullCredit":false},{"lineNumber":25,"author":{"gitId":"junngithub"},"content":"","lastModifiedDate":"2025-01-20","isFullCredit":false},{"lineNumber":26,"author":{"gitId":"junngithub"},"content":"    public void markUndone(){","lastModifiedDate":"2025-01-20","isFullCredit":false},{"lineNumber":27,"author":{"gitId":"junngithub"},"content":"        this.isDone \u003d false;","lastModifiedDate":"2025-01-20","isFullCredit":false},{"lineNumber":28,"author":{"gitId":"junngithub"},"content":"    }","lastModifiedDate":"2025-01-20","isFullCredit":false},{"lineNumber":29,"author":{"gitId":"junngithub"},"content":"}","lastModifiedDate":"2025-01-20","isFullCredit":false}],"authorContributionMap":{"junngithub":29}},{"path":"src/main/java/ToDos.java","fileType":"java","lines":[{"lineNumber":1,"author":{"gitId":"junngithub"},"content":"public class ToDos extends Task {","lastModifiedDate":"2025-01-22","isFullCredit":false},{"lineNumber":2,"author":{"gitId":"junngithub"},"content":"    public ToDos(String task) {","lastModifiedDate":"2025-01-22","isFullCredit":false},{"lineNumber":3,"author":{"gitId":"junngithub"},"content":"        super(task);","lastModifiedDate":"2025-01-22","isFullCredit":false},{"lineNumber":4,"author":{"gitId":"junngithub"},"content":"    }","lastModifiedDate":"2025-01-22","isFullCredit":false},{"lineNumber":5,"author":{"gitId":"junngithub"},"content":"","lastModifiedDate":"2025-01-22","isFullCredit":false},{"lineNumber":6,"author":{"gitId":"junngithub"},"content":"    @Override","lastModifiedDate":"2025-01-22","isFullCredit":false},{"lineNumber":7,"author":{"gitId":"junngithub"},"content":"    public String toString() {","lastModifiedDate":"2025-01-22","isFullCredit":false},{"lineNumber":8,"author":{"gitId":"junngithub"},"content":"        return \"[T]\" + super.toString();","lastModifiedDate":"2025-01-22","isFullCredit":false},{"lineNumber":9,"author":{"gitId":"junngithub"},"content":"    }","lastModifiedDate":"2025-01-22","isFullCredit":false},{"lineNumber":10,"author":{"gitId":"junngithub"},"content":"}","lastModifiedDate":"2025-01-22","isFullCredit":false}],"authorContributionMap":{"junngithub":10}}]
