[{"path":"src/main/java/Deadline.java","fileType":"java","lines":[{"lineNumber":1,"author":{"gitId":"jonzyyyy"},"content":"package main.java;","lastModifiedDate":"2025-01-26","isFullCredit":false},{"lineNumber":2,"author":{"gitId":"jonzyyyy"},"content":"","lastModifiedDate":"2025-01-26","isFullCredit":false},{"lineNumber":3,"author":{"gitId":"jonzyyyy"},"content":"import main.java.Exceptions.MissingTaskArgs;","lastModifiedDate":"2025-01-26","isFullCredit":false},{"lineNumber":4,"author":{"gitId":"jonzyyyy"},"content":"","lastModifiedDate":"2025-01-26","isFullCredit":false},{"lineNumber":5,"author":{"gitId":"jonzyyyy"},"content":"public class Deadline extends Task {","lastModifiedDate":"2025-01-23","isFullCredit":false},{"lineNumber":6,"author":{"gitId":"jonzyyyy"},"content":"","lastModifiedDate":"2025-01-23","isFullCredit":false},{"lineNumber":7,"author":{"gitId":"jonzyyyy"},"content":"    private String datetime;","lastModifiedDate":"2025-01-23","isFullCredit":false},{"lineNumber":8,"author":{"gitId":"jonzyyyy"},"content":"","lastModifiedDate":"2025-01-23","isFullCredit":false},{"lineNumber":9,"author":{"gitId":"jonzyyyy"},"content":"    public Deadline(String request) {","lastModifiedDate":"2025-01-23","isFullCredit":false},{"lineNumber":10,"author":{"gitId":"jonzyyyy"},"content":"        String[] splitString \u003d request.split(\"deadline |/by \");","lastModifiedDate":"2025-01-23","isFullCredit":false},{"lineNumber":11,"author":{"gitId":"jonzyyyy"},"content":"","lastModifiedDate":"2025-01-26","isFullCredit":false},{"lineNumber":12,"author":{"gitId":"jonzyyyy"},"content":"        if (splitString.length \u003c 3) {","lastModifiedDate":"2025-01-26","isFullCredit":false},{"lineNumber":13,"author":{"gitId":"jonzyyyy"},"content":"            throw new MissingTaskArgs(\"\\tHey! I dont quite understand you. Remember for Deadline \" +","lastModifiedDate":"2025-01-26","isFullCredit":false},{"lineNumber":14,"author":{"gitId":"jonzyyyy"},"content":"                    \"Give it in this format: command name /by date\");","lastModifiedDate":"2025-01-26","isFullCredit":false},{"lineNumber":15,"author":{"gitId":"jonzyyyy"},"content":"        }","lastModifiedDate":"2025-01-26","isFullCredit":false},{"lineNumber":16,"author":{"gitId":"jonzyyyy"},"content":"","lastModifiedDate":"2025-01-26","isFullCredit":false},{"lineNumber":17,"author":{"gitId":"jonzyyyy"},"content":"        this.taskName \u003d splitString[1].trim();","lastModifiedDate":"2025-01-26","isFullCredit":false},{"lineNumber":18,"author":{"gitId":"jonzyyyy"},"content":"        this.datetime \u003d splitString[2].trim();","lastModifiedDate":"2025-01-23","isFullCredit":false},{"lineNumber":19,"author":{"gitId":"jonzyyyy"},"content":"    }","lastModifiedDate":"2025-01-23","isFullCredit":false},{"lineNumber":20,"author":{"gitId":"jonzyyyy"},"content":"","lastModifiedDate":"2025-01-23","isFullCredit":false},{"lineNumber":21,"author":{"gitId":"jonzyyyy"},"content":"    @Override","lastModifiedDate":"2025-01-23","isFullCredit":false},{"lineNumber":22,"author":{"gitId":"jonzyyyy"},"content":"    public String toString() {","lastModifiedDate":"2025-01-23","isFullCredit":false},{"lineNumber":23,"author":{"gitId":"jonzyyyy"},"content":"        return \"[D]\" + super.toString() + \" (by: \" + datetime + \")\";","lastModifiedDate":"2025-01-23","isFullCredit":false},{"lineNumber":24,"author":{"gitId":"jonzyyyy"},"content":"    }","lastModifiedDate":"2025-01-23","isFullCredit":false},{"lineNumber":25,"author":{"gitId":"jonzyyyy"},"content":"}","lastModifiedDate":"2025-01-23","isFullCredit":false}],"authorContributionMap":{"jonzyyyy":25}},{"path":"src/main/java/Event.java","fileType":"java","lines":[{"lineNumber":1,"author":{"gitId":"jonzyyyy"},"content":"package main.java;","lastModifiedDate":"2025-01-26","isFullCredit":false},{"lineNumber":2,"author":{"gitId":"jonzyyyy"},"content":"","lastModifiedDate":"2025-01-26","isFullCredit":false},{"lineNumber":3,"author":{"gitId":"jonzyyyy"},"content":"import main.java.Exceptions.MissingTaskArgs;","lastModifiedDate":"2025-01-26","isFullCredit":false},{"lineNumber":4,"author":{"gitId":"jonzyyyy"},"content":"","lastModifiedDate":"2025-01-26","isFullCredit":false},{"lineNumber":5,"author":{"gitId":"jonzyyyy"},"content":"public class Event extends Task {","lastModifiedDate":"2025-01-23","isFullCredit":false},{"lineNumber":6,"author":{"gitId":"jonzyyyy"},"content":"","lastModifiedDate":"2025-01-23","isFullCredit":false},{"lineNumber":7,"author":{"gitId":"jonzyyyy"},"content":"     private String fromDatetime;","lastModifiedDate":"2025-01-23","isFullCredit":false},{"lineNumber":8,"author":{"gitId":"jonzyyyy"},"content":"     private String toDatetime;","lastModifiedDate":"2025-01-23","isFullCredit":false},{"lineNumber":9,"author":{"gitId":"jonzyyyy"},"content":"","lastModifiedDate":"2025-01-23","isFullCredit":false},{"lineNumber":10,"author":{"gitId":"jonzyyyy"},"content":"     public Event(String request) {","lastModifiedDate":"2025-01-23","isFullCredit":false},{"lineNumber":11,"author":{"gitId":"jonzyyyy"},"content":"         String[] splitString \u003d request.split(\"event | /from | /to \");","lastModifiedDate":"2025-01-26","isFullCredit":false},{"lineNumber":12,"author":{"gitId":"jonzyyyy"},"content":"","lastModifiedDate":"2025-01-26","isFullCredit":false},{"lineNumber":13,"author":{"gitId":"jonzyyyy"},"content":"         if (splitString.length \u003c 3) {","lastModifiedDate":"2025-01-26","isFullCredit":false},{"lineNumber":14,"author":{"gitId":"jonzyyyy"},"content":"            throw new MissingTaskArgs(\"\\tHey! I dont quite understand you. Remember for Events \" +","lastModifiedDate":"2025-01-26","isFullCredit":false},{"lineNumber":15,"author":{"gitId":"jonzyyyy"},"content":"                    \"Give it in this format: command name /from date /to date\");","lastModifiedDate":"2025-01-26","isFullCredit":false},{"lineNumber":16,"author":{"gitId":"jonzyyyy"},"content":"         }","lastModifiedDate":"2025-01-26","isFullCredit":false},{"lineNumber":17,"author":{"gitId":"jonzyyyy"},"content":"         this.taskName \u003d splitString[1].trim();","lastModifiedDate":"2025-01-26","isFullCredit":false},{"lineNumber":18,"author":{"gitId":"jonzyyyy"},"content":"         this.fromDatetime \u003d splitString[2].trim();","lastModifiedDate":"2025-01-26","isFullCredit":false},{"lineNumber":19,"author":{"gitId":"jonzyyyy"},"content":"         this.toDatetime \u003d splitString[3].trim();","lastModifiedDate":"2025-01-26","isFullCredit":false},{"lineNumber":20,"author":{"gitId":"jonzyyyy"},"content":"     }","lastModifiedDate":"2025-01-23","isFullCredit":false},{"lineNumber":21,"author":{"gitId":"jonzyyyy"},"content":"","lastModifiedDate":"2025-01-23","isFullCredit":false},{"lineNumber":22,"author":{"gitId":"jonzyyyy"},"content":"     @Override","lastModifiedDate":"2025-01-23","isFullCredit":false},{"lineNumber":23,"author":{"gitId":"jonzyyyy"},"content":"     public String toString() {","lastModifiedDate":"2025-01-23","isFullCredit":false},{"lineNumber":24,"author":{"gitId":"jonzyyyy"},"content":"         return \"[E]\" + super.toString() + \" (from: \" + fromDatetime + \" to: \" + toDatetime + \")\";","lastModifiedDate":"2025-01-23","isFullCredit":false},{"lineNumber":25,"author":{"gitId":"jonzyyyy"},"content":"     }","lastModifiedDate":"2025-01-23","isFullCredit":false},{"lineNumber":26,"author":{"gitId":"jonzyyyy"},"content":" }","lastModifiedDate":"2025-01-23","isFullCredit":false}],"authorContributionMap":{"jonzyyyy":26}},{"path":"src/main/java/Exceptions/InvalidTaskType.java","fileType":"java","lines":[{"lineNumber":1,"author":{"gitId":"jonzyyyy"},"content":"package main.java.Exceptions;","lastModifiedDate":"2025-01-26","isFullCredit":false},{"lineNumber":2,"author":{"gitId":"jonzyyyy"},"content":"","lastModifiedDate":"2025-01-26","isFullCredit":false},{"lineNumber":3,"author":{"gitId":"jonzyyyy"},"content":"public class InvalidTaskType extends RuntimeException {","lastModifiedDate":"2025-01-26","isFullCredit":false},{"lineNumber":4,"author":{"gitId":"jonzyyyy"},"content":"    public InvalidTaskType(String message) {","lastModifiedDate":"2025-01-26","isFullCredit":false},{"lineNumber":5,"author":{"gitId":"jonzyyyy"},"content":"        super(message);","lastModifiedDate":"2025-01-26","isFullCredit":false},{"lineNumber":6,"author":{"gitId":"jonzyyyy"},"content":"    }","lastModifiedDate":"2025-01-26","isFullCredit":false},{"lineNumber":7,"author":{"gitId":"jonzyyyy"},"content":"}","lastModifiedDate":"2025-01-26","isFullCredit":false}],"authorContributionMap":{"jonzyyyy":7}},{"path":"src/main/java/Exceptions/MissingTaskArgs.java","fileType":"java","lines":[{"lineNumber":1,"author":{"gitId":"jonzyyyy"},"content":"package main.java.Exceptions;","lastModifiedDate":"2025-01-26","isFullCredit":false},{"lineNumber":2,"author":{"gitId":"jonzyyyy"},"content":"","lastModifiedDate":"2025-01-26","isFullCredit":false},{"lineNumber":3,"author":{"gitId":"jonzyyyy"},"content":"public class MissingTaskArgs extends RuntimeException {","lastModifiedDate":"2025-01-26","isFullCredit":false},{"lineNumber":4,"author":{"gitId":"jonzyyyy"},"content":"    public MissingTaskArgs(String message) {","lastModifiedDate":"2025-01-26","isFullCredit":false},{"lineNumber":5,"author":{"gitId":"jonzyyyy"},"content":"        super(message);","lastModifiedDate":"2025-01-26","isFullCredit":false},{"lineNumber":6,"author":{"gitId":"jonzyyyy"},"content":"    }","lastModifiedDate":"2025-01-26","isFullCredit":false},{"lineNumber":7,"author":{"gitId":"jonzyyyy"},"content":"}","lastModifiedDate":"2025-01-26","isFullCredit":false}],"authorContributionMap":{"jonzyyyy":7}},{"path":"src/main/java/Task.java","fileType":"java","lines":[{"lineNumber":1,"author":{"gitId":"jonzyyyy"},"content":"/**","lastModifiedDate":"2025-01-26","isFullCredit":false},{"lineNumber":2,"author":{"gitId":"jonzyyyy"},"content":" * This class is the superclass the models all Tasks within Yapper","lastModifiedDate":"2025-01-26","isFullCredit":false},{"lineNumber":3,"author":{"gitId":"jonzyyyy"},"content":" */","lastModifiedDate":"2025-01-26","isFullCredit":false},{"lineNumber":4,"author":{"gitId":"jonzyyyy"},"content":"package main.java;","lastModifiedDate":"2025-01-26","isFullCredit":false},{"lineNumber":5,"author":{"gitId":"jonzyyyy"},"content":"","lastModifiedDate":"2025-01-26","isFullCredit":false},{"lineNumber":6,"author":{"gitId":"jonzyyyy"},"content":"public abstract class Task {","lastModifiedDate":"2025-01-23","isFullCredit":false},{"lineNumber":7,"author":{"gitId":"jonzyyyy"},"content":"","lastModifiedDate":"2025-01-23","isFullCredit":false},{"lineNumber":8,"author":{"gitId":"jonzyyyy"},"content":"    private boolean completed \u003d false;","lastModifiedDate":"2025-01-23","isFullCredit":false},{"lineNumber":9,"author":{"gitId":"jonzyyyy"},"content":"    protected String taskName;","lastModifiedDate":"2025-01-26","isFullCredit":false},{"lineNumber":10,"author":{"gitId":"jonzyyyy"},"content":"    protected String request;","lastModifiedDate":"2025-01-26","isFullCredit":false},{"lineNumber":11,"author":{"gitId":"jonzyyyy"},"content":"","lastModifiedDate":"2025-01-23","isFullCredit":false},{"lineNumber":12,"author":{"gitId":"jonzyyyy"},"content":"    @Override","lastModifiedDate":"2025-01-23","isFullCredit":false},{"lineNumber":13,"author":{"gitId":"jonzyyyy"},"content":"    public String toString() {","lastModifiedDate":"2025-01-23","isFullCredit":false},{"lineNumber":14,"author":{"gitId":"jonzyyyy"},"content":"        if (completed) {","lastModifiedDate":"2025-01-23","isFullCredit":false},{"lineNumber":15,"author":{"gitId":"jonzyyyy"},"content":"           return \"[X] \" + taskName;","lastModifiedDate":"2025-01-23","isFullCredit":false},{"lineNumber":16,"author":{"gitId":"jonzyyyy"},"content":"        }","lastModifiedDate":"2025-01-23","isFullCredit":false},{"lineNumber":17,"author":{"gitId":"jonzyyyy"},"content":"        return \"[ ] \" + taskName;","lastModifiedDate":"2025-01-23","isFullCredit":false},{"lineNumber":18,"author":{"gitId":"jonzyyyy"},"content":"    }","lastModifiedDate":"2025-01-23","isFullCredit":false},{"lineNumber":19,"author":{"gitId":"jonzyyyy"},"content":"","lastModifiedDate":"2025-01-23","isFullCredit":false},{"lineNumber":20,"author":{"gitId":"jonzyyyy"},"content":"    public void setCompleted() {","lastModifiedDate":"2025-01-23","isFullCredit":false},{"lineNumber":21,"author":{"gitId":"jonzyyyy"},"content":"        completed \u003d true;","lastModifiedDate":"2025-01-23","isFullCredit":false},{"lineNumber":22,"author":{"gitId":"jonzyyyy"},"content":"    }","lastModifiedDate":"2025-01-23","isFullCredit":false},{"lineNumber":23,"author":{"gitId":"jonzyyyy"},"content":"","lastModifiedDate":"2025-01-23","isFullCredit":false},{"lineNumber":24,"author":{"gitId":"jonzyyyy"},"content":"    public void setNotCompleted() {","lastModifiedDate":"2025-01-23","isFullCredit":false},{"lineNumber":25,"author":{"gitId":"jonzyyyy"},"content":"        completed \u003d false;","lastModifiedDate":"2025-01-23","isFullCredit":false},{"lineNumber":26,"author":{"gitId":"jonzyyyy"},"content":"    }","lastModifiedDate":"2025-01-23","isFullCredit":false},{"lineNumber":27,"author":{"gitId":"jonzyyyy"},"content":"}","lastModifiedDate":"2025-01-23","isFullCredit":false}],"authorContributionMap":{"jonzyyyy":27}},{"path":"src/main/java/ToDo.java","fileType":"java","lines":[{"lineNumber":1,"author":{"gitId":"jonzyyyy"},"content":"package main.java;","lastModifiedDate":"2025-01-26","isFullCredit":false},{"lineNumber":2,"author":{"gitId":"jonzyyyy"},"content":"import main.java.Exceptions.MissingTaskArgs;","lastModifiedDate":"2025-01-26","isFullCredit":false},{"lineNumber":3,"author":{"gitId":"jonzyyyy"},"content":"import java.util.Arrays;","lastModifiedDate":"2025-01-26","isFullCredit":false},{"lineNumber":4,"author":{"gitId":"jonzyyyy"},"content":"","lastModifiedDate":"2025-01-26","isFullCredit":false},{"lineNumber":5,"author":{"gitId":"jonzyyyy"},"content":"public class ToDo extends Task {","lastModifiedDate":"2025-01-23","isFullCredit":false},{"lineNumber":6,"author":{"gitId":"jonzyyyy"},"content":"","lastModifiedDate":"2025-01-23","isFullCredit":false},{"lineNumber":7,"author":{"gitId":"jonzyyyy"},"content":"    public ToDo(String request) {","lastModifiedDate":"2025-01-23","isFullCredit":false},{"lineNumber":8,"author":{"gitId":"jonzyyyy"},"content":"        String[] splitString \u003d request.split(\" \", 2);","lastModifiedDate":"2025-01-26","isFullCredit":false},{"lineNumber":9,"author":{"gitId":"jonzyyyy"},"content":"","lastModifiedDate":"2025-01-26","isFullCredit":false},{"lineNumber":10,"author":{"gitId":"jonzyyyy"},"content":"        if (splitString.length \u003c 2) {","lastModifiedDate":"2025-01-26","isFullCredit":false},{"lineNumber":11,"author":{"gitId":"jonzyyyy"},"content":"            throw new MissingTaskArgs(\"\\tHey! Dont just tell me the type of command, tell me \" +","lastModifiedDate":"2025-01-26","isFullCredit":false},{"lineNumber":12,"author":{"gitId":"jonzyyyy"},"content":"                \"what your task is. And leave a space between words will ya.\");","lastModifiedDate":"2025-01-26","isFullCredit":false},{"lineNumber":13,"author":{"gitId":"jonzyyyy"},"content":"        }","lastModifiedDate":"2025-01-26","isFullCredit":false},{"lineNumber":14,"author":{"gitId":"jonzyyyy"},"content":"        this.taskName \u003d splitString[1];","lastModifiedDate":"2025-01-26","isFullCredit":false},{"lineNumber":15,"author":{"gitId":"jonzyyyy"},"content":"    }","lastModifiedDate":"2025-01-23","isFullCredit":false},{"lineNumber":16,"author":{"gitId":"jonzyyyy"},"content":"","lastModifiedDate":"2025-01-23","isFullCredit":false},{"lineNumber":17,"author":{"gitId":"jonzyyyy"},"content":"    @Override","lastModifiedDate":"2025-01-23","isFullCredit":false},{"lineNumber":18,"author":{"gitId":"jonzyyyy"},"content":"    public String toString() {","lastModifiedDate":"2025-01-23","isFullCredit":false},{"lineNumber":19,"author":{"gitId":"jonzyyyy"},"content":"       return \"[T]\" + super.toString();","lastModifiedDate":"2025-01-23","isFullCredit":false},{"lineNumber":20,"author":{"gitId":"jonzyyyy"},"content":"    }","lastModifiedDate":"2025-01-23","isFullCredit":false},{"lineNumber":21,"author":{"gitId":"jonzyyyy"},"content":"}","lastModifiedDate":"2025-01-23","isFullCredit":false}],"authorContributionMap":{"jonzyyyy":21}},{"path":"src/main/java/Yapper.java","fileType":"java","lines":[{"lineNumber":1,"author":{"gitId":"jonzyyyy"},"content":"package main.java;","lastModifiedDate":"2025-01-26","isFullCredit":false},{"lineNumber":2,"author":{"gitId":"jonzyyyy"},"content":"","lastModifiedDate":"2025-01-26","isFullCredit":false},{"lineNumber":3,"author":{"gitId":"jonzyyyy"},"content":"import java.util.Scanner;","lastModifiedDate":"2025-01-23","isFullCredit":false},{"lineNumber":4,"author":{"gitId":"jonzyyyy"},"content":"import main.java.Exceptions.*;","lastModifiedDate":"2025-01-26","isFullCredit":false},{"lineNumber":5,"author":{"gitId":"jonzyyyy"},"content":"import java.util.ArrayList;","lastModifiedDate":"2025-01-23","isFullCredit":false},{"lineNumber":6,"author":{"gitId":"jonzyyyy"},"content":"","lastModifiedDate":"2025-01-23","isFullCredit":false},{"lineNumber":7,"author":{"gitId":"jonzyyyy"},"content":"public class Yapper {","lastModifiedDate":"2025-01-23","isFullCredit":false},{"lineNumber":8,"author":{"gitId":"jonzyyyy"},"content":"    private static Scanner scanner \u003d new Scanner(System.in);","lastModifiedDate":"2025-01-23","isFullCredit":false},{"lineNumber":9,"author":{"gitId":"jonzyyyy"},"content":"    private static String name \u003d \"Yapper\";","lastModifiedDate":"2025-01-23","isFullCredit":false},{"lineNumber":10,"author":{"gitId":"jonzyyyy"},"content":"    private static ArrayList\u003cTask\u003e list \u003d new ArrayList\u003c\u003e();","lastModifiedDate":"2025-01-23","isFullCredit":false},{"lineNumber":11,"author":{"gitId":"jonzyyyy"},"content":"","lastModifiedDate":"2025-01-23","isFullCredit":false},{"lineNumber":12,"author":{"gitId":"jonzyyyy"},"content":"    public static void main(String[] args) {","lastModifiedDate":"2025-01-23","isFullCredit":false},{"lineNumber":13,"author":{"gitId":"jonzyyyy"},"content":"        printIntroduction();","lastModifiedDate":"2025-01-23","isFullCredit":false},{"lineNumber":14,"author":{"gitId":"jonzyyyy"},"content":"        while(true) {","lastModifiedDate":"2025-01-23","isFullCredit":false},{"lineNumber":15,"author":{"gitId":"jonzyyyy"},"content":"            String request \u003d scanner.nextLine().trim();","lastModifiedDate":"2025-01-23","isFullCredit":false},{"lineNumber":16,"author":{"gitId":"jonzyyyy"},"content":"            String[] splitRequest \u003d request.split(\" \");","lastModifiedDate":"2025-01-26","isFullCredit":false},{"lineNumber":17,"author":{"gitId":"jonzyyyy"},"content":"            String command \u003d splitRequest[0];","lastModifiedDate":"2025-01-26","isFullCredit":false},{"lineNumber":18,"author":{"gitId":"jonzyyyy"},"content":"            printHorizontalLine();","lastModifiedDate":"2025-01-24","isFullCredit":false},{"lineNumber":19,"author":{"gitId":"jonzyyyy"},"content":"","lastModifiedDate":"2025-01-26","isFullCredit":false},{"lineNumber":20,"author":{"gitId":"jonzyyyy"},"content":"            try {","lastModifiedDate":"2025-01-26","isFullCredit":false},{"lineNumber":21,"author":{"gitId":"jonzyyyy"},"content":"                if (command.equals(\"bye\")) {","lastModifiedDate":"2025-01-26","isFullCredit":false},{"lineNumber":22,"author":{"gitId":"jonzyyyy"},"content":"                    break;","lastModifiedDate":"2025-01-23","isFullCredit":false},{"lineNumber":23,"author":{"gitId":"jonzyyyy"},"content":"                } else if (command.equals(\"list\")) {","lastModifiedDate":"2025-01-26","isFullCredit":false},{"lineNumber":24,"author":{"gitId":"jonzyyyy"},"content":"                    printList();","lastModifiedDate":"2025-01-23","isFullCredit":false},{"lineNumber":25,"author":{"gitId":"jonzyyyy"},"content":"                } else if (command.equals(\"todo\")) {","lastModifiedDate":"2025-01-26","isFullCredit":false},{"lineNumber":26,"author":{"gitId":"jonzyyyy"},"content":"                    Task newTask \u003d new ToDo(request);","lastModifiedDate":"2025-01-23","isFullCredit":false},{"lineNumber":27,"author":{"gitId":"jonzyyyy"},"content":"                    addTask(newTask);","lastModifiedDate":"2025-01-23","isFullCredit":false},{"lineNumber":28,"author":{"gitId":"jonzyyyy"},"content":"                } else if (command.equals(\"deadline\")) {","lastModifiedDate":"2025-01-26","isFullCredit":false},{"lineNumber":29,"author":{"gitId":"jonzyyyy"},"content":"                    Task newTask \u003d new Deadline(request);","lastModifiedDate":"2025-01-23","isFullCredit":false},{"lineNumber":30,"author":{"gitId":"jonzyyyy"},"content":"                    addTask(newTask);","lastModifiedDate":"2025-01-23","isFullCredit":false},{"lineNumber":31,"author":{"gitId":"jonzyyyy"},"content":"                } else if (command.equals(\"event\")) {","lastModifiedDate":"2025-01-26","isFullCredit":false},{"lineNumber":32,"author":{"gitId":"jonzyyyy"},"content":"                    Task newTask \u003d new Event(request);","lastModifiedDate":"2025-01-23","isFullCredit":false},{"lineNumber":33,"author":{"gitId":"jonzyyyy"},"content":"                    addTask(newTask);","lastModifiedDate":"2025-01-23","isFullCredit":false},{"lineNumber":34,"author":{"gitId":"jonzyyyy"},"content":"                } else if (command.equals(\"mark\")) {","lastModifiedDate":"2025-01-26","isFullCredit":false},{"lineNumber":35,"author":{"gitId":"jonzyyyy"},"content":"                    // Checks for mark commanda","lastModifiedDate":"2025-01-26","isFullCredit":false},{"lineNumber":36,"author":{"gitId":"jonzyyyy"},"content":"                    int index \u003d splitRequest[1].charAt(0) - \u00270\u0027 - 1;","lastModifiedDate":"2025-01-26","isFullCredit":false},{"lineNumber":37,"author":{"gitId":"jonzyyyy"},"content":"                    markItem(index);","lastModifiedDate":"2025-01-26","isFullCredit":false},{"lineNumber":38,"author":{"gitId":"jonzyyyy"},"content":"                } else if (command.equals(\"unmark\")) {","lastModifiedDate":"2025-01-26","isFullCredit":false},{"lineNumber":39,"author":{"gitId":"jonzyyyy"},"content":"                    // Checks for unmark command","lastModifiedDate":"2025-01-26","isFullCredit":false},{"lineNumber":40,"author":{"gitId":"jonzyyyy"},"content":"                    int index \u003d splitRequest[1].charAt(0) - \u00270\u0027 - 1;","lastModifiedDate":"2025-01-26","isFullCredit":false},{"lineNumber":41,"author":{"gitId":"jonzyyyy"},"content":"                    unmarkItem(index);","lastModifiedDate":"2025-01-26","isFullCredit":false},{"lineNumber":42,"author":{"gitId":"jonzyyyy"},"content":"                } else if (command.equals(\"delete\")) {","lastModifiedDate":"2025-01-26","isFullCredit":false},{"lineNumber":43,"author":{"gitId":"jonzyyyy"},"content":"                    deleteTask(splitRequest[1]);","lastModifiedDate":"2025-01-26","isFullCredit":false},{"lineNumber":44,"author":{"gitId":"jonzyyyy"},"content":"                } else {","lastModifiedDate":"2025-01-26","isFullCredit":false},{"lineNumber":45,"author":{"gitId":"jonzyyyy"},"content":"                    System.out.println(\"\\tCome on we\u0027ve been through this. I can \" +","lastModifiedDate":"2025-01-26","isFullCredit":false},{"lineNumber":46,"author":{"gitId":"jonzyyyy"},"content":"                        \"only understand these 3 commands: \u0027todo\u0027, \u0027deadline\u0027, \u0027event\u0027.\\n\" +","lastModifiedDate":"2025-01-26","isFullCredit":false},{"lineNumber":47,"author":{"gitId":"jonzyyyy"},"content":"                        \"\\tPlease give it in this format {Command taskname}\");","lastModifiedDate":"2025-01-26","isFullCredit":false},{"lineNumber":48,"author":{"gitId":"jonzyyyy"},"content":"                }","lastModifiedDate":"2025-01-26","isFullCredit":false},{"lineNumber":49,"author":{"gitId":"jonzyyyy"},"content":"            } catch (MissingTaskArgs e) {","lastModifiedDate":"2025-01-26","isFullCredit":false},{"lineNumber":50,"author":{"gitId":"jonzyyyy"},"content":"                System.out.println(e.getMessage());","lastModifiedDate":"2025-01-26","isFullCredit":false},{"lineNumber":51,"author":{"gitId":"jonzyyyy"},"content":"            } catch (NumberFormatException e) {","lastModifiedDate":"2025-01-26","isFullCredit":false},{"lineNumber":52,"author":{"gitId":"jonzyyyy"},"content":"                System.out.println(\"\\tPlease enter a valid index to remove task according to the list.\");","lastModifiedDate":"2025-01-26","isFullCredit":false},{"lineNumber":53,"author":{"gitId":"jonzyyyy"},"content":"            }","lastModifiedDate":"2025-01-23","isFullCredit":false},{"lineNumber":54,"author":{"gitId":"jonzyyyy"},"content":"            printHorizontalLine();","lastModifiedDate":"2025-01-24","isFullCredit":false},{"lineNumber":55,"author":{"gitId":"jonzyyyy"},"content":"        }","lastModifiedDate":"2025-01-23","isFullCredit":false},{"lineNumber":56,"author":{"gitId":"jonzyyyy"},"content":"        printExit();","lastModifiedDate":"2025-01-23","isFullCredit":false},{"lineNumber":57,"author":{"gitId":"jonzyyyy"},"content":"        scanner.close();","lastModifiedDate":"2025-01-23","isFullCredit":false},{"lineNumber":58,"author":{"gitId":"jonzyyyy"},"content":"        printHorizontalLine();","lastModifiedDate":"2025-01-24","isFullCredit":false},{"lineNumber":59,"author":{"gitId":"jonzyyyy"},"content":"    }","lastModifiedDate":"2025-01-23","isFullCredit":false},{"lineNumber":60,"author":{"gitId":"jonzyyyy"},"content":"","lastModifiedDate":"2025-01-23","isFullCredit":false},{"lineNumber":61,"author":{"gitId":"jonzyyyy"},"content":"    private static void printIntroduction() {","lastModifiedDate":"2025-01-23","isFullCredit":false},{"lineNumber":62,"author":{"gitId":"jonzyyyy"},"content":"        printHorizontalLine();","lastModifiedDate":"2025-01-23","isFullCredit":false},{"lineNumber":63,"author":{"gitId":"jonzyyyy"},"content":"        System.out.println(\"\\tHello! I\u0027m \" + name);","lastModifiedDate":"2025-01-23","isFullCredit":false},{"lineNumber":64,"author":{"gitId":"jonzyyyy"},"content":"        System.out.println(\"\\tWhat can I do for you?\");","lastModifiedDate":"2025-01-23","isFullCredit":false},{"lineNumber":65,"author":{"gitId":"jonzyyyy"},"content":"        printHorizontalLine();","lastModifiedDate":"2025-01-23","isFullCredit":false},{"lineNumber":66,"author":{"gitId":"jonzyyyy"},"content":"    }","lastModifiedDate":"2025-01-23","isFullCredit":false},{"lineNumber":67,"author":{"gitId":"jonzyyyy"},"content":"","lastModifiedDate":"2025-01-23","isFullCredit":false},{"lineNumber":68,"author":{"gitId":"jonzyyyy"},"content":"    private static void printHorizontalLine() {","lastModifiedDate":"2025-01-23","isFullCredit":false},{"lineNumber":69,"author":{"gitId":"jonzyyyy"},"content":"        int length \u003d 80;","lastModifiedDate":"2025-01-26","isFullCredit":false},{"lineNumber":70,"author":{"gitId":"jonzyyyy"},"content":"        String horizontalLine \u003d \"-\".repeat(length);","lastModifiedDate":"2025-01-24","isFullCredit":false},{"lineNumber":71,"author":{"gitId":"jonzyyyy"},"content":"        System.out.println(\"\\t\" + horizontalLine);","lastModifiedDate":"2025-01-23","isFullCredit":false},{"lineNumber":72,"author":{"gitId":"jonzyyyy"},"content":"    }","lastModifiedDate":"2025-01-23","isFullCredit":false},{"lineNumber":73,"author":{"gitId":"jonzyyyy"},"content":"","lastModifiedDate":"2025-01-23","isFullCredit":false},{"lineNumber":74,"author":{"gitId":"jonzyyyy"},"content":"    private static void printExit() {","lastModifiedDate":"2025-01-23","isFullCredit":false},{"lineNumber":75,"author":{"gitId":"jonzyyyy"},"content":"        System.out.println(\"\\tBye. Hope to see you again soon!\");","lastModifiedDate":"2025-01-23","isFullCredit":false},{"lineNumber":76,"author":{"gitId":"jonzyyyy"},"content":"    }","lastModifiedDate":"2025-01-23","isFullCredit":false},{"lineNumber":77,"author":{"gitId":"jonzyyyy"},"content":"","lastModifiedDate":"2025-01-23","isFullCredit":false},{"lineNumber":78,"author":{"gitId":"jonzyyyy"},"content":"    private static void printList() {","lastModifiedDate":"2025-01-23","isFullCredit":false},{"lineNumber":79,"author":{"gitId":"jonzyyyy"},"content":"        System.out.println(\"\\tHere are the tasks in your list:\");","lastModifiedDate":"2025-01-23","isFullCredit":false},{"lineNumber":80,"author":{"gitId":"jonzyyyy"},"content":"        for (int i \u003d 0; i \u003c list.size(); i++) {","lastModifiedDate":"2025-01-23","isFullCredit":false},{"lineNumber":81,"author":{"gitId":"jonzyyyy"},"content":"            System.out.println(\"\\t\" + (i + 1) + \".\" + list.get(i));","lastModifiedDate":"2025-01-23","isFullCredit":false},{"lineNumber":82,"author":{"gitId":"jonzyyyy"},"content":"        }","lastModifiedDate":"2025-01-23","isFullCredit":false},{"lineNumber":83,"author":{"gitId":"jonzyyyy"},"content":"    }","lastModifiedDate":"2025-01-23","isFullCredit":false},{"lineNumber":84,"author":{"gitId":"jonzyyyy"},"content":"","lastModifiedDate":"2025-01-23","isFullCredit":false},{"lineNumber":85,"author":{"gitId":"jonzyyyy"},"content":"    private static void markItem(int index) {","lastModifiedDate":"2025-01-23","isFullCredit":false},{"lineNumber":86,"author":{"gitId":"jonzyyyy"},"content":"        Task task \u003d list.get(index);","lastModifiedDate":"2025-01-23","isFullCredit":false},{"lineNumber":87,"author":{"gitId":"jonzyyyy"},"content":"        task.setCompleted();","lastModifiedDate":"2025-01-23","isFullCredit":false},{"lineNumber":88,"author":{"gitId":"jonzyyyy"},"content":"        System.out.println(\"\\t\" + \"Nice! I\u0027ve marked this task as done:\");","lastModifiedDate":"2025-01-24","isFullCredit":false},{"lineNumber":89,"author":{"gitId":"jonzyyyy"},"content":"        System.out.println(\"\\t\\t\" + task);","lastModifiedDate":"2025-01-24","isFullCredit":false},{"lineNumber":90,"author":{"gitId":"jonzyyyy"},"content":"    }","lastModifiedDate":"2025-01-23","isFullCredit":false},{"lineNumber":91,"author":{"gitId":"jonzyyyy"},"content":"","lastModifiedDate":"2025-01-23","isFullCredit":false},{"lineNumber":92,"author":{"gitId":"jonzyyyy"},"content":"    private static void unmarkItem(int index) {","lastModifiedDate":"2025-01-23","isFullCredit":false},{"lineNumber":93,"author":{"gitId":"jonzyyyy"},"content":"        Task task \u003d list.get(index);","lastModifiedDate":"2025-01-23","isFullCredit":false},{"lineNumber":94,"author":{"gitId":"jonzyyyy"},"content":"        task.setNotCompleted();","lastModifiedDate":"2025-01-23","isFullCredit":false},{"lineNumber":95,"author":{"gitId":"jonzyyyy"},"content":"        System.out.println(\"\\t\" + \"OK, I\u0027ve marked this task as not done yet:\");","lastModifiedDate":"2025-01-24","isFullCredit":false},{"lineNumber":96,"author":{"gitId":"jonzyyyy"},"content":"        System.out.println(\"\\t\\t\" + task);","lastModifiedDate":"2025-01-24","isFullCredit":false},{"lineNumber":97,"author":{"gitId":"jonzyyyy"},"content":"    }","lastModifiedDate":"2025-01-23","isFullCredit":false},{"lineNumber":98,"author":{"gitId":"jonzyyyy"},"content":"","lastModifiedDate":"2025-01-23","isFullCredit":false},{"lineNumber":99,"author":{"gitId":"jonzyyyy"},"content":"    private static void addTask(Task newTask) {","lastModifiedDate":"2025-01-23","isFullCredit":false},{"lineNumber":100,"author":{"gitId":"jonzyyyy"},"content":"        list.add(newTask);","lastModifiedDate":"2025-01-23","isFullCredit":false},{"lineNumber":101,"author":{"gitId":"jonzyyyy"},"content":"        System.out.println(\"\\tGot it. I\u0027ve added this task:\\n\" + \"\\t\\t\" + newTask);","lastModifiedDate":"2025-01-23","isFullCredit":false},{"lineNumber":102,"author":{"gitId":"jonzyyyy"},"content":"        System.out.println(\"\\tNow you have \" + list.size() + \" tasks in the list.\");","lastModifiedDate":"2025-01-23","isFullCredit":false},{"lineNumber":103,"author":{"gitId":"jonzyyyy"},"content":"    }","lastModifiedDate":"2025-01-23","isFullCredit":false},{"lineNumber":104,"author":{"gitId":"jonzyyyy"},"content":"","lastModifiedDate":"2025-01-26","isFullCredit":false},{"lineNumber":105,"author":{"gitId":"jonzyyyy"},"content":"    private static void deleteTask(String strIndex) {","lastModifiedDate":"2025-01-26","isFullCredit":false},{"lineNumber":106,"author":{"gitId":"jonzyyyy"},"content":"        int index \u003d Integer.parseInt(strIndex) - 1;","lastModifiedDate":"2025-01-26","isFullCredit":false},{"lineNumber":107,"author":{"gitId":"jonzyyyy"},"content":"        Task task \u003d list.get(index);","lastModifiedDate":"2025-01-26","isFullCredit":false},{"lineNumber":108,"author":{"gitId":"jonzyyyy"},"content":"        list.remove(index);","lastModifiedDate":"2025-01-26","isFullCredit":false},{"lineNumber":109,"author":{"gitId":"jonzyyyy"},"content":"        System.out.println(\"\\tNoted. I\u0027ve removed this task:\" +","lastModifiedDate":"2025-01-26","isFullCredit":false},{"lineNumber":110,"author":{"gitId":"jonzyyyy"},"content":"                \"\\n\\t\\t\" + task + \"\\n\\tNow you have \" + list.size() + \" tasks in the list.\");","lastModifiedDate":"2025-01-26","isFullCredit":false},{"lineNumber":111,"author":{"gitId":"jonzyyyy"},"content":"    }","lastModifiedDate":"2025-01-26","isFullCredit":false},{"lineNumber":112,"author":{"gitId":"jonzyyyy"},"content":"}","lastModifiedDate":"2025-01-23","isFullCredit":false}],"authorContributionMap":{"jonzyyyy":112}},{"path":"text-ui-test/input.txt","fileType":"txt","lines":[{"lineNumber":1,"author":{"gitId":"jonzyyyy"},"content":"todo read book","lastModifiedDate":"2025-01-24","isFullCredit":false},{"lineNumber":2,"author":{"gitId":"jonzyyyy"},"content":"todo return book","lastModifiedDate":"2025-01-24","isFullCredit":false},{"lineNumber":3,"author":{"gitId":"jonzyyyy"},"content":"mark 1","lastModifiedDate":"2025-01-24","isFullCredit":false},{"lineNumber":4,"author":{"gitId":"jonzyyyy"},"content":"mark 2","lastModifiedDate":"2025-01-24","isFullCredit":false},{"lineNumber":5,"author":{"gitId":"jonzyyyy"},"content":"unmark 2","lastModifiedDate":"2025-01-24","isFullCredit":false},{"lineNumber":6,"author":{"gitId":"jonzyyyy"},"content":"list","lastModifiedDate":"2025-01-24","isFullCredit":false},{"lineNumber":7,"author":{"gitId":"jonzyyyy"},"content":"deadline return book /by Sunday","lastModifiedDate":"2025-01-24","isFullCredit":false},{"lineNumber":8,"author":{"gitId":"jonzyyyy"},"content":"event project meeting /from Mon 2pm /to 4pm","lastModifiedDate":"2025-01-24","isFullCredit":false},{"lineNumber":9,"author":{"gitId":"jonzyyyy"},"content":"list","lastModifiedDate":"2025-01-24","isFullCredit":false},{"lineNumber":10,"author":{"gitId":"jonzyyyy"},"content":"delete task","lastModifiedDate":"2025-01-26","isFullCredit":false},{"lineNumber":11,"author":{"gitId":"jonzyyyy"},"content":"delete 1","lastModifiedDate":"2025-01-26","isFullCredit":false},{"lineNumber":12,"author":{"gitId":"jonzyyyy"},"content":"todo","lastModifiedDate":"2025-01-26","isFullCredit":false},{"lineNumber":13,"author":{"gitId":"jonzyyyy"},"content":"deadline","lastModifiedDate":"2025-01-26","isFullCredit":false},{"lineNumber":14,"author":{"gitId":"jonzyyyy"},"content":"event","lastModifiedDate":"2025-01-26","isFullCredit":false},{"lineNumber":15,"author":{"gitId":"jonzyyyy"},"content":"event fakeEvent","lastModifiedDate":"2025-01-26","isFullCredit":false},{"lineNumber":16,"author":{"gitId":"jonzyyyy"},"content":"invalidcommand","lastModifiedDate":"2025-01-26","isFullCredit":false},{"lineNumber":17,"author":{"gitId":"jonzyyyy"},"content":"bye","lastModifiedDate":"2025-01-24","isFullCredit":false}],"authorContributionMap":{"jonzyyyy":17}},{"path":"text-ui-test/runtest.sh","fileType":"sh","lines":[{"lineNumber":1,"author":{"gitId":"-"},"content":"#!/usr/bin/env bash","lastModifiedDate":"2020-05-25","isFullCredit":false},{"lineNumber":2,"author":{"gitId":"-"},"content":"","lastModifiedDate":"2020-05-25","isFullCredit":false},{"lineNumber":3,"author":{"gitId":"-"},"content":"# create bin directory if it doesn\u0027t exist","lastModifiedDate":"2020-05-25","isFullCredit":false},{"lineNumber":4,"author":{"gitId":"-"},"content":"if [ ! -d \"../bin\" ]","lastModifiedDate":"2020-05-25","isFullCredit":false},{"lineNumber":5,"author":{"gitId":"-"},"content":"then","lastModifiedDate":"2020-05-25","isFullCredit":false},{"lineNumber":6,"author":{"gitId":"-"},"content":"    mkdir ../bin","lastModifiedDate":"2020-05-25","isFullCredit":false},{"lineNumber":7,"author":{"gitId":"-"},"content":"fi","lastModifiedDate":"2020-05-25","isFullCredit":false},{"lineNumber":8,"author":{"gitId":"-"},"content":"","lastModifiedDate":"2020-05-25","isFullCredit":false},{"lineNumber":9,"author":{"gitId":"-"},"content":"# delete output from previous run","lastModifiedDate":"2020-05-25","isFullCredit":false},{"lineNumber":10,"author":{"gitId":"-"},"content":"if [ -e \"./ACTUAL.TXT\" ]","lastModifiedDate":"2020-05-25","isFullCredit":false},{"lineNumber":11,"author":{"gitId":"-"},"content":"then","lastModifiedDate":"2020-05-25","isFullCredit":false},{"lineNumber":12,"author":{"gitId":"-"},"content":"    rm ACTUAL.TXT","lastModifiedDate":"2020-05-25","isFullCredit":false},{"lineNumber":13,"author":{"gitId":"-"},"content":"fi","lastModifiedDate":"2020-05-25","isFullCredit":false},{"lineNumber":14,"author":{"gitId":"-"},"content":"","lastModifiedDate":"2020-05-25","isFullCredit":false},{"lineNumber":15,"author":{"gitId":"-"},"content":"# compile the code into the bin folder, terminates if error occurred","lastModifiedDate":"2020-05-25","isFullCredit":false},{"lineNumber":16,"author":{"gitId":"jonzyyyy"},"content":"if ! javac -cp ../src/main/java -Xlint:none -d ../bin ../src/main/java/*.java ../src/main/java/Exceptions/*.java","lastModifiedDate":"2025-01-26","isFullCredit":false},{"lineNumber":17,"author":{"gitId":"-"},"content":"then","lastModifiedDate":"2020-05-25","isFullCredit":false},{"lineNumber":18,"author":{"gitId":"-"},"content":"    echo \"********** BUILD FAILURE **********\"","lastModifiedDate":"2020-05-25","isFullCredit":false},{"lineNumber":19,"author":{"gitId":"-"},"content":"    exit 1","lastModifiedDate":"2020-05-25","isFullCredit":false},{"lineNumber":20,"author":{"gitId":"-"},"content":"fi","lastModifiedDate":"2020-05-25","isFullCredit":false},{"lineNumber":21,"author":{"gitId":"-"},"content":"","lastModifiedDate":"2020-05-25","isFullCredit":false},{"lineNumber":22,"author":{"gitId":"-"},"content":"# run the program, feed commands from input.txt file and redirect the output to the ACTUAL.TXT","lastModifiedDate":"2020-05-25","isFullCredit":false},{"lineNumber":23,"author":{"gitId":"jonzyyyy"},"content":"java -classpath ../bin main.java.Yapper \u003c input.txt \u003e ACTUAL.TXT","lastModifiedDate":"2025-01-26","isFullCredit":false},{"lineNumber":24,"author":{"gitId":"-"},"content":"","lastModifiedDate":"2020-05-25","isFullCredit":false},{"lineNumber":25,"author":{"gitId":"-"},"content":"# convert to UNIX format","lastModifiedDate":"2020-05-25","isFullCredit":false},{"lineNumber":26,"author":{"gitId":"-"},"content":"cp EXPECTED.TXT EXPECTED-UNIX.TXT","lastModifiedDate":"2020-05-25","isFullCredit":false},{"lineNumber":27,"author":{"gitId":"jonzyyyy"},"content":"#dos2unix ACTUAL.TXT EXPECTED-UNIX.TXT","lastModifiedDate":"2025-01-24","isFullCredit":false},{"lineNumber":28,"author":{"gitId":"-"},"content":"","lastModifiedDate":"2020-05-25","isFullCredit":false},{"lineNumber":29,"author":{"gitId":"-"},"content":"# compare the output to the expected output","lastModifiedDate":"2020-05-25","isFullCredit":false},{"lineNumber":30,"author":{"gitId":"-"},"content":"diff ACTUAL.TXT EXPECTED-UNIX.TXT","lastModifiedDate":"2020-05-25","isFullCredit":false},{"lineNumber":31,"author":{"gitId":"-"},"content":"if [ $? -eq 0 ]","lastModifiedDate":"2020-05-25","isFullCredit":false},{"lineNumber":32,"author":{"gitId":"-"},"content":"then","lastModifiedDate":"2020-05-25","isFullCredit":false},{"lineNumber":33,"author":{"gitId":"-"},"content":"    echo \"Test result: PASSED\"","lastModifiedDate":"2020-05-25","isFullCredit":false},{"lineNumber":34,"author":{"gitId":"-"},"content":"    exit 0","lastModifiedDate":"2020-05-25","isFullCredit":false},{"lineNumber":35,"author":{"gitId":"-"},"content":"else","lastModifiedDate":"2020-05-25","isFullCredit":false},{"lineNumber":36,"author":{"gitId":"-"},"content":"    echo \"Test result: FAILED\"","lastModifiedDate":"2020-05-25","isFullCredit":false},{"lineNumber":37,"author":{"gitId":"-"},"content":"    exit 1","lastModifiedDate":"2020-05-25","isFullCredit":false},{"lineNumber":38,"author":{"gitId":"-"},"content":"fi","lastModifiedDate":"2020-05-25","isFullCredit":false}],"authorContributionMap":{"jonzyyyy":3,"-":35}}]
