{"authorDailyContributionsMap":{"jonzyyyy":[{"date":"2025-01-23","commitResults":[{"hash":"0d0cc5acc92b94c83c5311e8d7d1a397a110b8bb","isMergeCommit":false,"messageTitle":"Renamed chatbot to Yapper.java, and added feature to greet user and exits after.","messageBody":"","tags":["Level-0"],"fileTypesAndContributionMap":{"java":{"insertions":13,"deletions":10}}},{"hash":"c6787c5dc3d896f1265253ba63c8398cac2adabb","isMergeCommit":false,"messageTitle":"Added \"parrot\" response capabilities that reads CLI texts. Also added functionality to end chat. Used OOP concepts.","messageBody":"","tags":["Level-1"],"fileTypesAndContributionMap":{"java":{"insertions":34,"deletions":7}}},{"hash":"51732783d18833a8213fbc7525d9091232d9baba","isMergeCommit":false,"messageTitle":"Added a feature to track users things to do.","messageBody":"","tags":["Level-2"],"fileTypesAndContributionMap":{"java":{"insertions":16,"deletions":2}}},{"hash":"594921fa51da2e1e1d039fe60f4ada1d144c5206","isMergeCommit":false,"messageTitle":"Added mark/unmark capabilities","messageBody":"","tags":["Level-3"],"fileTypesAndContributionMap":{"java":{"insertions":32,"deletions":5}}},{"hash":"ff1686073f6fe27e943bf9617fc5e14bb1f9d136","isMergeCommit":false,"messageTitle":"Added Task and its subclasses to represent items within the list","messageBody":"","tags":["Level-4"],"fileTypesAndContributionMap":{"java":{"insertions":103,"deletions":24}}}]},{"date":"2025-01-24","commitResults":[{"hash":"dbb52e5ffe6c6311b1ae24742800556e72a25055","isMergeCommit":false,"messageTitle":"Fixed some bugs relating to print statements and removed repetitive horizontal line printing. Also created a CLI runtest.sh files for regression testing","messageBody":"","tags":["A-TextUiTesting"],"fileTypesAndContributionMap":{"txt":{"insertions":10,"deletions":0},"java":{"insertions":9,"deletions":11},"sh":{"insertions":2,"deletions":2}}}]},{"date":"2025-01-26","commitResults":[{"hash":"62d857388f76830c9bd4c15cc9f621c35feba820","isMergeCommit":false,"messageTitle":"Made tweaks to functionality of Task and its subclasses. Added exception functionality that catches some of the potential errors in user input","messageBody":"","tags":["Level-5"],"fileTypesAndContributionMap":{"txt":{"insertions":4,"deletions":0},"java":{"insertions":91,"deletions":35},"sh":{"insertions":2,"deletions":2}}},{"hash":"8203ae0d26f994ed8befe1e3b7d9813b674a4974","isMergeCommit":false,"messageTitle":"Added delete functionality and error handling when command contains invalid index. Also made some changes to print formatting","messageBody":"","tags":["Level-6"],"fileTypesAndContributionMap":{"txt":{"insertions":3,"deletions":0},"java":{"insertions":16,"deletions":5}}},{"hash":"38397803c9f1817bf45a08fd2e30c0a8000f3c26","isMergeCommit":false,"messageTitle":"Adds packages to make files more manageable","messageBody":"","fileTypesAndContributionMap":{"java":{"insertions":11,"deletions":10},"sh":{"insertions":1,"deletions":1}}}]},{"date":"2025-02-01","commitResults":[{"hash":"4007d32a5537d755acbd84c0b5d500cf14003da3","isMergeCommit":false,"messageTitle":"Adds save functionality and refactored files into seperate classes for easier maintenance","messageBody":"","fileTypesAndContributionMap":{"txt":{"insertions":20,"deletions":0},"java":{"insertions":217,"deletions":79},"bat":{"insertions":0,"deletions":21},"sh":{"insertions":98,"deletions":20}}},{"hash":"9fcaa279c213887ced1728027a5c497c3fd1b4d7","isMergeCommit":true,"messageTitle":"Merge branch \u0027branch-Level-7\u0027","messageBody":"","tags":["Level-7"],"fileTypesAndContributionMap":{}},{"hash":"edc86d587c6232804129abe9c4ff02f172a8f3bf","isMergeCommit":false,"messageTitle":"Adds date time functionality","messageBody":"","tags":["Level-8"],"fileTypesAndContributionMap":{"txt":{"insertions":9,"deletions":9},"java":{"insertions":24,"deletions":9}}}]},{"date":"2025-02-02","commitResults":[{"hash":"d5e4c6988d35ad2f0e47223fd41bdf2ef3b95c03","isMergeCommit":false,"messageTitle":"Remove unecessary files","messageBody":"","fileTypesAndContributionMap":{"txt":{"insertions":0,"deletions":3}}},{"hash":"5115b741002a09ef3e5850dff26494888ef0c1e4","isMergeCommit":true,"messageTitle":"Merge branch \u0027branch-Level-8\u0027","messageBody":"","fileTypesAndContributionMap":{}},{"hash":"de056637ed46d981ec12c70e4728ad47bd6d78a8","isMergeCommit":false,"messageTitle":"Makes the code more OOP by adding an extra UI class","messageBody":"Main method seems to be cluttered with many methods that can be abstracted into another class\n\nThis results in harder to maintain code\n\nGrouping similar methods into the UI classes allows us to encapsulate different methods serving different purposes\n","fileTypesAndContributionMap":{"java":{"insertions":68,"deletions":46}}},{"hash":"5626c7afcc856ab0bcf4a5f2495e62b4305e8993","isMergeCommit":true,"messageTitle":"Merge branch \u0027A-MoreOOP\u0027","messageBody":"","tags":["A-MoreOOP"],"fileTypesAndContributionMap":{}},{"hash":"95c7026ec3caddc2796758437bf294dfa5db571b","isMergeCommit":false,"messageTitle":"Organises files into packages","messageBody":"","tags":["A-Packages"],"fileTypesAndContributionMap":{"java":{"insertions":30,"deletions":26},"sh":{"insertions":2,"deletions":2}}},{"hash":"0b9eb898e6b7f83abeaf1f32e82b38fe4cd296df","isMergeCommit":true,"messageTitle":"Merge branch \u0027add-gradle-support\u0027","messageBody":"","tags":["A-Gradle"],"fileTypesAndContributionMap":{}},{"hash":"935204472dc8249596c2f1ce07d3c6981395a366","isMergeCommit":false,"messageTitle":"swaps if-else statements for case switch statements","messageBody":"","fileTypesAndContributionMap":{"java":{"insertions":29,"deletions":15}}},{"hash":"64092795003c84125e89194809b632816a1d08aa","isMergeCommit":false,"messageTitle":"implements JUnit testing of DataStorage, Parser and UI classes","messageBody":"","tags":["A-JUnit"],"fileTypesAndContributionMap":{"txt":{"insertions":0,"deletions":0},"java":{"insertions":166,"deletions":5}}},{"hash":"94af522dc3a847ee9d5595ea008eb3d48c1d8900","isMergeCommit":false,"messageTitle":"create jar files","messageBody":"","tags":["A-Jar"],"fileTypesAndContributionMap":{"gradle":{"insertions":13,"deletions":3},"txt":{"insertions":0,"deletions":6}}},{"hash":"1e07b3f2e3258b731630bc9ed02a1826a5b966e7","isMergeCommit":false,"messageTitle":"Adds JavaDoc comments","messageBody":"","fileTypesAndContributionMap":{"java":{"insertions":261,"deletions":33}}},{"hash":"1ed5a42a19a43f2b699f321eac8eb68944f9ea1a","isMergeCommit":true,"messageTitle":"Merge branch \u0027branch-A-JavaDoc\u0027","messageBody":"","tags":["A-JavaDoc"],"fileTypesAndContributionMap":{}},{"hash":"b4d476dc2f3eeac3471826c1ce89b9d4f16e093c","isMergeCommit":false,"messageTitle":"Changes incorrect syntax and some inefficient repetitive code","messageBody":"","fileTypesAndContributionMap":{"java":{"insertions":127,"deletions":92}}},{"hash":"8e034829e59ee00eecc120437a2199c3e278c1e6","isMergeCommit":true,"messageTitle":"Merge branch \u0027branch-A-CodingStandard\u0027","messageBody":"# Conflicts:\n#\tsrc/main/java/yapper/datastorage/DataStorage.java\n#\tsrc/main/java/yapper/taskTypes/Deadline.java\n#\tsrc/main/java/yapper/taskTypes/Task.java\n#\tsrc/main/java/yapper/taskTypes/TaskList.java\n","tags":["A-CodingStandard"],"fileTypesAndContributionMap":{}},{"hash":"e1ca3f17e7589b3e04c66586958c8014daf1cc10","isMergeCommit":false,"messageTitle":"Fix minor bugs in print statements","messageBody":"","fileTypesAndContributionMap":{"java":{"insertions":3,"deletions":3}}}]},{"date":"2025-02-03","commitResults":[{"hash":"b4caa96a044bba64eef0dcdb0a5556546303f2dc","isMergeCommit":false,"messageTitle":"Add Find keyword functionality to Yapper","messageBody":"","fileTypesAndContributionMap":{"txt":{"insertions":3,"deletions":0},"java":{"insertions":23,"deletions":0}}},{"hash":"64753b2d2b9933b0a1b06623aafd6877e7af67a9","isMergeCommit":true,"messageTitle":"Merge branch \u0027branch-Level-9\u0027","messageBody":"# Conflicts:\n#\tsrc/main/java/yapper/taskTypes/TaskList.java\n","tags":["Level-9"],"fileTypesAndContributionMap":{}}]},{"date":"2025-02-05","commitResults":[{"hash":"ad33bf8c6c9b5be393bc547b437d58d662b8b47b","isMergeCommit":false,"messageTitle":"Some syntax changes","messageBody":"","fileTypesAndContributionMap":{"java":{"insertions":81,"deletions":76}}},{"hash":"af72951b43b27b3adfef533421fb65e2f9904563","isMergeCommit":false,"messageTitle":"Corrects syntax errors configured by checkstyle.xml","messageBody":"","tags":["A-CheckStyle"],"fileTypesAndContributionMap":{"gradle":{"insertions":5,"deletions":0},"java":{"insertions":131,"deletions":123}}}]},{"date":"2025-02-08","commitResults":[{"hash":"832985d3dbad005fbdd1349d7c242e754687e74c","isMergeCommit":false,"messageTitle":"Add GUI user experience for chat bot","messageBody":"","fileTypesAndContributionMap":{"gradle":{"insertions":17,"deletions":1},"fxml":{"insertions":66,"deletions":0},"java":{"insertions":221,"deletions":91}}},{"hash":"4fa8b0de04f232afb05ab504113bdbd2d65d5844","isMergeCommit":false,"messageTitle":"Makes user interface look more appealing","messageBody":"","tags":["Level-10"],"fileTypesAndContributionMap":{"fxml":{"insertions":13,"deletions":38},"java":{"insertions":3,"deletions":0}}}]},{"date":"2025-02-14","commitResults":[{"hash":"3a1afa892e3a53016a6af699164b06fe0fb94979","isMergeCommit":false,"messageTitle":"Modify test methods","messageBody":"Test methods are old and depend on print statements since the previous implementation involved printing statements via the command line\n\nImplements a String checker to check on methods where strings are returned instead of being printed out\n\nThis is to ensure the test cases are up to date with the new GUI implementation\n","fileTypesAndContributionMap":{"java":{"insertions":83,"deletions":82}}},{"hash":"892fa01c0a3b8ab00389090cc5ae3e1f8461d317","isMergeCommit":false,"messageTitle":"Add assertions to ensure loading and saving files are less error prone","messageBody":"Currently, there are no assertions then to ascertain whether this.file is null or not\n\nIt needs to change as it is very error prone resulting in data not being saved during a user session\n\nAdded assert comments to ensure that file is available before saving / loading\n","tags":["A-FullCommitMessage"],"fileTypesAndContributionMap":{"java":{"insertions":9,"deletions":0}}},{"hash":"2238306a8d578d03dba1cbbe197af6ce0e63be0a","isMergeCommit":false,"messageTitle":"Improves code quality","messageBody":"","fileTypesAndContributionMap":{"java":{"insertions":13,"deletions":18}}},{"hash":"9f2350177ad56f7368ab331d4fcc0d4da6b1c2b6","isMergeCommit":true,"messageTitle":"Merge pull request #1 from jonzyyyy/branch-A-Assertions","messageBody":"Add assertions to ensure loading and saving files are less error prone","fileTypesAndContributionMap":{}},{"hash":"e440d29851f13f848924722862312e955ecb0a38","isMergeCommit":true,"messageTitle":"Merge pull request #2 from jonzyyyy/branch-A-CodeQuality","messageBody":"Improves code quality","fileTypesAndContributionMap":{}},{"hash":"fc5ff673232a83249cc168170cd2a9a68006cb9a","isMergeCommit":false,"messageTitle":"Amended testing file that were erronous","messageBody":"","fileTypesAndContributionMap":{"java":{"insertions":110,"deletions":9}}},{"hash":"2395d0ab37785b77787e29be6f763fb1a97430d9","isMergeCommit":false,"messageTitle":"Delete duplicated items","messageBody":"","fileTypesAndContributionMap":{"java":{"insertions":111,"deletions":4}}},{"hash":"246d0769a5aa69b607315b34542b942b3b82f42b","isMergeCommit":false,"messageTitle":"Added testing for duplicated code","messageBody":"","tags":["BCD-Extension"],"fileTypesAndContributionMap":{"java":{"insertions":14,"deletions":2}}}]}]},"authorFileTypeContributionMap":{"jonzyyyy":{"java":1238,"md":0,"fxml":41,"sh":85,"bat":0,"gradle":33,"txt":31}},"authorContributionVariance":{"jonzyyyy":41982.035},"authorDisplayNameMap":{"jonzyyyy":"CS2103T-F12-3 JONA..YANG"}}
