{"authorDailyContributionsMap":{"gajinkee":[{"date":"2025-01-17","commitResults":[{"hash":"348803c9c8c4704c7514e6f90af5a449fac868fa","isMergeCommit":false,"messageTitle":"level-0 done","messageBody":"","tags":["Level-1"],"fileTypesAndContributionMap":{"java":{"insertions":24,"deletions":10}}},{"hash":"054c6f939d3bd0db28016a559ffb757bfb085494","isMergeCommit":false,"messageTitle":"Level-1 done","messageBody":"","tags":["Level-2"],"fileTypesAndContributionMap":{"java":{"insertions":1,"deletions":1}}},{"hash":"1d65a9737e59923dd1230ad33e85b67efcbf40d9","isMergeCommit":false,"messageTitle":"Completed level 2","messageBody":"","tags":["Level-3"],"fileTypesAndContributionMap":{"java":{"insertions":12,"deletions":2}}},{"hash":"ff81c890cd95978e387d682f7b8845bd73756332","isMergeCommit":false,"messageTitle":"level 3 with some level A-classes","messageBody":"","tags":["A-classes"],"fileTypesAndContributionMap":{"java":{"insertions":35,"deletions":16}}},{"hash":"6a116b1af4a2ab2d0cae88d0426862d980403889","isMergeCommit":false,"messageTitle":"Added Task.java class","messageBody":"","tags":["Level-4"],"fileTypesAndContributionMap":{"java":{"insertions":28,"deletions":2}}}]},{"date":"2025-01-20","commitResults":[{"hash":"550cf100e56ec149793ef53ff287eabff0b6711c","isMergeCommit":false,"messageTitle":"TED\u0027s added to tasks","messageBody":"","tags":["A-Inheritance"],"fileTypesAndContributionMap":{"java":{"insertions":80,"deletions":7}}},{"hash":"786cdd334d4e12af21965cbddc8187da9ad271f3","isMergeCommit":false,"messageTitle":"Fixed Inheritance bugs","messageBody":"","tags":["A-TextUiTesting"],"fileTypesAndContributionMap":{"java":{"insertions":11,"deletions":15}}},{"hash":"16b78cabec5aaa763b19ffdbbe14934fb8d6c76e","isMergeCommit":false,"messageTitle":"TextUITesting done","messageBody":"","tags":["Level-5"],"fileTypesAndContributionMap":{"txt":{"insertions":8,"deletions":0},"java":{"insertions":18,"deletions":7},"bat":{"insertions":11,"deletions":3},"sh":{"insertions":2,"deletions":2},"md":{"insertions":14,"deletions":11}}},{"hash":"fc238bdafcdf56583f666bd1eb180592b3e4ff5c","isMergeCommit":false,"messageTitle":"level 5 fin","messageBody":"","tags":["A-Exceptions"],"fileTypesAndContributionMap":{"java":{"insertions":75,"deletions":45}}},{"hash":"ba650cbbe2e63373f1ce961d568e1d462d937582","isMergeCommit":false,"messageTitle":"Added the Exception class for missing arguments","messageBody":"","fileTypesAndContributionMap":{"java":{"insertions":2,"deletions":2}}},{"hash":"74e5e733948a31bcd7d70f379b9c077b90fe2c5e","isMergeCommit":false,"messageTitle":"did level 6 and collections was already done.","messageBody":"","fileTypesAndContributionMap":{"java":{"insertions":14,"deletions":1}}}]}]},"authorFileTypeContributionMap":{"gajinkee":{"java":202,"md":12,"fxml":0,"sh":2,"bat":11,"gradle":0,"txt":8}},"authorContributionVariance":{"gajinkee":18018.688},"authorDisplayNameMap":{"gajinkee":"KEE .. JIN"}}
