{"authorDailyContributionsMap":{"cyhni":[{"date":"2025-01-23","commitResults":[{"hash":"b2dd861a77450f1960285f7ddd36ba35a50226bb","isMergeCommit":false,"messageTitle":"Updated chatbot name and abstracted string logo to constants folder","messageBody":"Chatbot name updated to Billy. Logo design abstracted to a constant file that will contain all the design related string constants.\n","fileTypesAndContributionMap":{"java":{"insertions":26,"deletions":10}}},{"hash":"a9bcbcef7d18f193d413a76cc5c2a07892e3eda3","isMergeCommit":false,"messageTitle":"Added Greet and Exit system messages","messageBody":"Private static methods for printing of the introduction and saying bye.\n","tags":["Level-0"],"fileTypesAndContributionMap":{"java":{"insertions":17,"deletions":1}}},{"hash":"7be84385d2b7efa59558f717708e42b00ca7c198","isMergeCommit":false,"messageTitle":"Added echo function","messageBody":"","tags":["Level-1"],"fileTypesAndContributionMap":{"java":{"insertions":15,"deletions":0}}},{"hash":"2e60098518bf14a69f4cda71d0cc6c316469dfa0","isMergeCommit":false,"messageTitle":"Added Billy.parseCommand(String userCmd) and Billy.list()","messageBody":"Billy.parseCommand(String userCmd) default action is to add to the String array containing the list.\nIf list is inputted, it will call Billy.list() to display the current list.\n","tags":["Level-2"],"fileTypesAndContributionMap":{"java":{"insertions":26,"deletions":2}}},{"hash":"f9c17e3f71def33eab773745315fa139818782b0","isMergeCommit":false,"messageTitle":"Created Task class to facilitate the functions of a task.","messageBody":"This class represents a task and manages the done state of the tasks.\n","fileTypesAndContributionMap":{"java":{"insertions":26,"deletions":0}}},{"hash":"0176fbb8cb2edd1ebe650cbd1f77110637c901fb","isMergeCommit":false,"messageTitle":"Mark and unmark as done implemented for tasks.","messageBody":"Edited Billy.parseCommand() to allow for the parsing of marking and umarking of tasks.\n","tags":["Level-3"],"fileTypesAndContributionMap":{"java":{"insertions":17,"deletions":4}}}]},{"date":"2025-01-24","commitResults":[{"hash":"9910326e7b7e18eb24a0a8fa41e335b89da199ac","isMergeCommit":false,"messageTitle":"Implemented Todo, Deadline and Event classes that inherits from Task class.","messageBody":"","fileTypesAndContributionMap":{"java":{"insertions":43,"deletions":3}}},{"hash":"41b46d97b071dbb614ca5609cbd043fa9db6bbd5","isMergeCommit":false,"messageTitle":"Updated Billy.parseCommand() to receive todo, deadline and event commands.","messageBody":"Each command will parse the request and create the relevant Task childs.\n","tags":["Level-4"],"fileTypesAndContributionMap":{"java":{"insertions":33,"deletions":2}}},{"hash":"130a0cd34a94cde87c1c48c07e631d342af5d258","isMergeCommit":false,"messageTitle":"Setup test using the I/O redirection technique.","messageBody":"","tags":["A-TextUiTesting"],"fileTypesAndContributionMap":{"txt":{"insertions":19,"deletions":0},"bat":{"insertions":2,"deletions":2}}},{"hash":"7b2d92857bf46f29c388a72bdae8090da305f45f","isMergeCommit":false,"messageTitle":"Added error handling for incorrect fields, unknown task number and unknown command.","messageBody":"3 handled exception classes were created to handle the above errors. BillyUnknownException, BillyFieldErrorException and BillyUnknownTaskNumException.\n","tags":["Level-5"],"fileTypesAndContributionMap":{"java":{"insertions":69,"deletions":12}}},{"hash":"23eb47928f88c407f7fa43ae1c5dcd14a8e728bb","isMergeCommit":false,"messageTitle":"Added delete functionality","messageBody":"Converted normal array used to store tasks to a ArrayList\u003cTask\u003e. Easily allows dynamic adding and removing of tasks from the list.\n","tags":["Level-6"],"fileTypesAndContributionMap":{"java":{"insertions":37,"deletions":15}}}]},{"date":"2025-01-31","commitResults":[{"hash":"a64e4dc0fce21c87c64258dbcfb6cc1e32a70cc1","isMergeCommit":false,"messageTitle":"Save the tasks to a local file billy.txt","messageBody":"","fileTypesAndContributionMap":{"java":{"insertions":190,"deletions":81}}},{"hash":"f6371b34f1a171d2d54b45f54b965928dfcadea3","isMergeCommit":true,"messageTitle":"Merge branch \u0027branch-Level-7\u0027","messageBody":"","tags":["Level-7"],"fileTypesAndContributionMap":{}},{"hash":"b6c7261a67b37b4d592bc2a6db926b30df3e2a24","isMergeCommit":false,"messageTitle":"Bug fix \u0027event\u0027 command when /from and /to are swapped","messageBody":"","fileTypesAndContributionMap":{"java":{"insertions":2,"deletions":1}}},{"hash":"7898d0775895ebd9631352813f5009e8649b2174","isMergeCommit":false,"messageTitle":"Add constraint check on date and time formatting for \u0027deadline\u0027 and \u0027event\u0027 commands","messageBody":"","fileTypesAndContributionMap":{"java":{"insertions":55,"deletions":14}}},{"hash":"080614cfd11e82fd8ccb6d79b64dcb9334c65bcf","isMergeCommit":true,"messageTitle":"Merge branch \u0027branch-Level-8\u0027","messageBody":"","tags":["Level-8"],"fileTypesAndContributionMap":{}},{"hash":"44a4c4c8f8776b3593bbb21e0e3e105f74ef07d3","isMergeCommit":false,"messageTitle":"Update some code to comply with coding standard","messageBody":"","fileTypesAndContributionMap":{"java":{"insertions":31,"deletions":30}}}]},{"date":"2025-02-01","commitResults":[{"hash":"0e8b89dabd5f2c10571150c154d2b73dfd08fd02","isMergeCommit":false,"messageTitle":"Extract Ui class to manage interaction with user","messageBody":"","fileTypesAndContributionMap":{"txt":{"insertions":2,"deletions":2},"java":{"insertions":133,"deletions":97}}},{"hash":"54575ba11f93dcc886f8dfe6c4d3bfef0bb6843b","isMergeCommit":false,"messageTitle":"Extract FileManager and Parser class","messageBody":"","fileTypesAndContributionMap":{"java":{"insertions":225,"deletions":218}}},{"hash":"f1400d0e4a6246b7922286b1033e72e0de1796db","isMergeCommit":true,"messageTitle":"Merge branch \u0027branch-A-MoreOOP\u0027","messageBody":"","tags":["A-MoreOOP"],"fileTypesAndContributionMap":{}},{"hash":"30e57cf9c203b11b26122f618c80262d0548a666","isMergeCommit":false,"messageTitle":"Divide classes into packages","messageBody":"","fileTypesAndContributionMap":{"java":{"insertions":53,"deletions":2}}},{"hash":"d760890e22d407db3cd15f14e5d3f2d19dd81a37","isMergeCommit":true,"messageTitle":"Merge branch \u0027branch-A-Packages\u0027","messageBody":"","tags":["A-Packages"],"fileTypesAndContributionMap":{}},{"hash":"0497efecf0bb1096c5c07bd2179319d9ddb34501","isMergeCommit":true,"messageTitle":"Merge branch \u0027add-gradle-support\u0027","messageBody":"","tags":["A-Gradle"],"fileTypesAndContributionMap":{}},{"hash":"631a471f6c4583b8fd3c7de34251911055a024c1","isMergeCommit":false,"messageTitle":"Move main Billy.java into package","messageBody":"","fileTypesAndContributionMap":{"java":{"insertions":0,"deletions":0}}},{"hash":"83a356cc369ca97c893af8ddac02a673108ffef0","isMergeCommit":false,"messageTitle":"Edit code using checkstyle checker","messageBody":"","fileTypesAndContributionMap":{"gradle":{"insertions":7,"deletions":2},"java":{"insertions":59,"deletions":64}}}]},{"date":"2025-02-02","commitResults":[{"hash":"f54daa9448a16784e0a53e794a8dbd455b4a37c7","isMergeCommit":false,"messageTitle":"Extract Command and TasksList class","messageBody":"","fileTypesAndContributionMap":{"java":{"insertions":257,"deletions":61}}},{"hash":"11a5f652c4e465a1bf4b4bd8ee8b982afccd1946","isMergeCommit":false,"messageTitle":"Add JUnit tests","messageBody":"","fileTypesAndContributionMap":{"java":{"insertions":283,"deletions":1}}},{"hash":"154c32a6b87c0846127563c1d24cf371af6ce09f","isMergeCommit":true,"messageTitle":"Merge branch \u0027branch-A-JUnit\u0027","messageBody":"","tags":["A-Jar","A-JUnit"],"fileTypesAndContributionMap":{}},{"hash":"49835a5ff6b1a32e9b8f08ea9d32fc5985ea7ef9","isMergeCommit":false,"messageTitle":"Add JavaDoc comments to all non-private classes and methods","messageBody":"","fileTypesAndContributionMap":{"java":{"insertions":324,"deletions":0}}},{"hash":"e43392a7d1865672aa1555e07daaab139662e522","isMergeCommit":false,"messageTitle":"Update code to meet coding standard","messageBody":"","fileTypesAndContributionMap":{"java":{"insertions":1,"deletions":0}}},{"hash":"1a542c10b029154a493ae4fcad8051f5d11437f6","isMergeCommit":false,"messageTitle":"Add Find command to find a taks by keyword","messageBody":"","fileTypesAndContributionMap":{"java":{"insertions":57,"deletions":0}}},{"hash":"87b425dbf5c333df9b41fefdcd326e2695164f89","isMergeCommit":true,"messageTitle":"Merge branch \u0027branch-A-JavaDoc\u0027","messageBody":"","tags":["A-JavaDoc"],"fileTypesAndContributionMap":{}},{"hash":"048d1e66f3f6b35e5513c518956444fe338f2202","isMergeCommit":true,"messageTitle":"Merge branch \u0027branch-A-CodingStandard\u0027","messageBody":"","tags":["A-CodingStandard"],"fileTypesAndContributionMap":{}},{"hash":"1c745cfae8d969d3920962b833a73f53932e7a66","isMergeCommit":true,"messageTitle":"Resolve merge conflict","messageBody":"","tags":["Level-9"],"fileTypesAndContributionMap":{}},{"hash":"0f2540ec9767d4149083a98af7e723d420b250b8","isMergeCommit":false,"messageTitle":"Fix code to according to checkstyle","messageBody":"","fileTypesAndContributionMap":{"java":{"insertions":6,"deletions":6}}}]},{"date":"2025-02-06","commitResults":[{"hash":"979f352f575374b3ad7754d39439b26e7fac4b86","isMergeCommit":false,"messageTitle":"Update splitCmd variable name to commandStrings for clarity","messageBody":"","tags":["A-CheckStyle"],"fileTypesAndContributionMap":{"java":{"insertions":23,"deletions":23}}}]},{"date":"2025-02-07","commitResults":[{"hash":"0e79039db21f526a5136a5f02ba7195005909a50","isMergeCommit":false,"messageTitle":"Update code based on feedback from PR review","messageBody":"","fileTypesAndContributionMap":{"java":{"insertions":11,"deletions":11}}}]},{"date":"2025-02-08","commitResults":[{"hash":"661d7ff53d5c1d4d7501bef30e8790fce358ae8d","isMergeCommit":false,"messageTitle":"Update gradle build","messageBody":"","fileTypesAndContributionMap":{"gradle":{"insertions":15,"deletions":0}}}]},{"date":"2025-02-09","commitResults":[{"hash":"81329e68b1d3bfeb640eda73a8d8a5df570fcc52","isMergeCommit":false,"messageTitle":"Complete step 1 of javaFX tutorial","messageBody":"","fileTypesAndContributionMap":{"gradle":{"insertions":1,"deletions":1},"java":{"insertions":44,"deletions":4}}}]},{"date":"2025-02-10","commitResults":[{"hash":"b193cd607c3e8d0797e4920271d7a8e95af59ada","isMergeCommit":false,"messageTitle":"Migrate chatbox to have JavaFX functionalities","messageBody":"","fileTypesAndContributionMap":{"gradle":{"insertions":1,"deletions":1},"fxml":{"insertions":41,"deletions":0},"java":{"insertions":289,"deletions":166}}},{"hash":"832e3fd71d094eb6bfcb946e55626e010b7db3a0","isMergeCommit":false,"messageTitle":"Update various CSS and FXML","messageBody":"","fileTypesAndContributionMap":{"fxml":{"insertions":10,"deletions":10},"java":{"insertions":55,"deletions":5}}},{"hash":"b31c6dbc7cbffe0603c62098f4d1727d5d54c06b","isMergeCommit":true,"messageTitle":"Merge branch \u0027branch-Level-10\u0027","messageBody":"","tags":["Level-10"],"fileTypesAndContributionMap":{}},{"hash":"c32d57cc27f1bbaa67fa0a3e7031982cbd5a5929","isMergeCommit":false,"messageTitle":"Update bye command to exit program","messageBody":"","fileTypesAndContributionMap":{"java":{"insertions":4,"deletions":0}}}]},{"date":"2025-02-15","commitResults":[{"hash":"2e866c368c5ac5580d6383b921c8fd6bd8bd2674","isMergeCommit":false,"messageTitle":"Add assertions to define assumptions","messageBody":"","fileTypesAndContributionMap":{"java":{"insertions":2,"deletions":0}}},{"hash":"fe2dd1d5ffea1a034daf3565e4101ca16c33a4f1","isMergeCommit":false,"messageTitle":"UiTest.java: Remove dead code","messageBody":"There are unused code commented out from previous testing of a removed method Ui.printIntroduction().\n\nRemoving dead code can improve the code quality and keep code clean of clutter.\n\nLet\u0027s\n* remove test printIntroduction_introductionMessage_success()\n","tags":["A-FullCommitMessage"],"fileTypesAndContributionMap":{"java":{"insertions":0,"deletions":13}}},{"hash":"765993dfbdf6ae3ae527050c90b46220c0ab9425","isMergeCommit":false,"messageTitle":"Remove dead code from Billy.java","messageBody":"","fileTypesAndContributionMap":{"java":{"insertions":0,"deletions":26}}},{"hash":"0010d6e75aee94c30b3f762ce91a9b5d8a49fb13","isMergeCommit":false,"messageTitle":"Change comments for main method to sound active","messageBody":"","fileTypesAndContributionMap":{"java":{"insertions":1,"deletions":1}}},{"hash":"16e9def1eea0ea1a8caf68ea4230715494d3ef4a","isMergeCommit":false,"messageTitle":"Refactor code from parseCommand method by extract method","messageBody":"","fileTypesAndContributionMap":{"java":{"insertions":124,"deletions":105}}},{"hash":"dfe1388fcad13cb9507526e895bebb301dee8e25","isMergeCommit":true,"messageTitle":"Merge pull request #2 from cyhni/branch-A-Assertions","messageBody":"Merge branch \u0027branch-A-Assertions\u0027","tags":["A-Assertions"],"fileTypesAndContributionMap":{}},{"hash":"5c8a0a54366334a9948be89c9aedbb5890bad1a7","isMergeCommit":true,"messageTitle":"Merge branch \u0027master\u0027 into branch-A-CodeQuality","messageBody":"","fileTypesAndContributionMap":{}},{"hash":"ba783e027ef3efeded418508367405297bc7bf19","isMergeCommit":true,"messageTitle":"Merge pull request #3 from cyhni/branch-A-CodeQuality","messageBody":"Merge branch \u0027branch-A-CodeQuality\u0027 to \u0027master\u0027","tags":["A-CodeQuality"],"fileTypesAndContributionMap":{}},{"hash":"a818cdaa3601e70697f84aa0279ec5acb6d96776","isMergeCommit":false,"messageTitle":"Update .gitignore","messageBody":"","fileTypesAndContributionMap":{"txt":{"insertions":41,"deletions":0}}},{"hash":"a2085de120690ef8f1774182047645fb10b7a353","isMergeCommit":false,"messageTitle":"Add extension C-FriendlierSyntax","messageBody":"","fileTypesAndContributionMap":{"txt":{"insertions":0,"deletions":1},"java":{"insertions":8,"deletions":0}}},{"hash":"b994e5c61f704895a665ad6c84bfe7c74235088e","isMergeCommit":true,"messageTitle":"Merge branch \u0027branch-BCD-Extension\u0027","messageBody":"","tags":["BCD-Extension"],"fileTypesAndContributionMap":{}}]},{"date":"2025-02-18","commitResults":[{"hash":"f2ad0770444772763d57a4bec9c67f6532f7db75","isMergeCommit":false,"messageTitle":"Update css","messageBody":"","tags":["A-Personality"],"fileTypesAndContributionMap":{"java":{"insertions":1,"deletions":0}}},{"hash":"2ec7a790eb2b4f12ea0fbdb310c01d84fa3387a9","isMergeCommit":false,"messageTitle":"Add user guide","messageBody":"","tags":["A-UserGuide"],"fileTypesAndContributionMap":{"txt":{"insertions":7,"deletions":4},"md":{"insertions":143,"deletions":37}}},{"hash":"7c4d7402a332925743e718c95c0537202c949556","isMergeCommit":false,"messageTitle":"Fix ui image extension","messageBody":"","fileTypesAndContributionMap":{"txt":{"insertions":1,"deletions":2}}},{"hash":"94f0e3216114eb85a9bbf45f98d0c51794dc4d75","isMergeCommit":false,"messageTitle":"Fix file paths","messageBody":"","fileTypesAndContributionMap":{"txt":{"insertions":1,"deletions":42},"java":{"insertions":1,"deletions":1}}},{"hash":"b77c29e1e21a075834ffd9fb5f2fe6230fc094f6","isMergeCommit":true,"messageTitle":"Merge branch \u0027master\u0027 of https://github.com/cyhni/ip","messageBody":"","fileTypesAndContributionMap":{}}]}]},"authorFileTypeContributionMap":{"cyhni":{"java":1579,"md":141,"fxml":41,"sh":0,"bat":1,"gradle":22,"txt":20}},"authorContributionVariance":{"cyhni":52485.336},"authorDisplayNameMap":{"cyhni":"CS2103T-F13-2 CHAN..IGEL"}}
