{"authorDailyContributionsMap":{"quantin96":[{"date":"2025-01-24T00:00:00","commitResults":[{"hash":"76a6bca033b62a1ac732542e7e9483125df42275","isMergeCommit":false,"messageTitle":"Renamed chatbot and implemented greet and exit","messageBody":"","tags":["Level-0"],"fileTypesAndContributionMap":{"java":{"insertions":12,"deletions":10}}},{"hash":"eacf8fc4a1564d8c4833135f4f28a3ec62f18c75","isMergeCommit":false,"messageTitle":"Implemented echo feature","messageBody":"","tags":["Level-1"],"fileTypesAndContributionMap":{"java":{"insertions":15,"deletions":3}}},{"hash":"472a8885e8e1b6edc0da837be1bdea4212055079","isMergeCommit":false,"messageTitle":"Implemented add tasks to list feature","messageBody":"","tags":["Level-2"],"fileTypesAndContributionMap":{"java":{"insertions":21,"deletions":2}}},{"hash":"5f6e0f291b802c6607c00a15e55853bafdb49e26","isMergeCommit":false,"messageTitle":"Added Task class and implemented a checkbox for tasks","messageBody":"","tags":["Level-3"],"fileTypesAndContributionMap":{"java":{"insertions":52,"deletions":18}}},{"hash":"cf43a2c745c7038b51b4762bffd1ed1c328ad8e8","isMergeCommit":false,"messageTitle":"Implemented sub-classes of Task (ToDo, Deadline, Event) and updated output format","messageBody":"","tags":["Level-4"],"fileTypesAndContributionMap":{"java":{"insertions":86,"deletions":13}}},{"hash":"93b4f6680cfb019eac53b5a00f85d44ba3e5a438","isMergeCommit":false,"messageTitle":"Updated Automated Text UI Testing for Dorito","messageBody":"","tags":["A-TextUiTesting"],"fileTypesAndContributionMap":{"txt":{"insertions":11,"deletions":0},"bat":{"insertions":1,"deletions":1}}},{"hash":"4506c1e69362f89a45fe9d5a5bde3fc2acf92fc5","isMergeCommit":false,"messageTitle":"Created DoritoException and implemented error-handling for two cases (invalid ToDo tasks and invalid commands)","messageBody":"","tags":["Level-5"],"fileTypesAndContributionMap":{"java":{"insertions":27,"deletions":8}}},{"hash":"6b276c744b9f1d738defcda9e6cb5b27b0b18f85","isMergeCommit":false,"messageTitle":"Changed implementation of tasks from Array to ArrayList and implemented Delete function","messageBody":"","tags":["Level-6"],"fileTypesAndContributionMap":{"java":{"insertions":17,"deletions":7}}}]},{"date":"2025-01-31T00:00:00","commitResults":[{"hash":"b7e6c79e9fbccfb148dc8eff86360d53ff423c5c","isMergeCommit":false,"messageTitle":"Add updateFile and loadFile","messageBody":"","fileTypesAndContributionMap":{"txt":{"insertions":5,"deletions":0},"java":{"insertions":60,"deletions":4}}},{"hash":"29889dd59963d9a4ea0dda530de158aa505ac1c5","isMergeCommit":true,"messageTitle":"Merge branch \u0027branch-Level-7\u0027","messageBody":"","tags":["Level-7"],"fileTypesAndContributionMap":{}},{"hash":"c173c3b2e6950297aaf3ee0d864a90058b3b46d9","isMergeCommit":false,"messageTitle":"Add date; Modify Deadline.java, Event.java","messageBody":"","fileTypesAndContributionMap":{"txt":{"insertions":0,"deletions":5},"java":{"insertions":23,"deletions":10}}},{"hash":"6e7350aff274d394ff88524eb42addc6979ae3ab","isMergeCommit":true,"messageTitle":"Merge branch \u0027branch-Level-8\u0027","messageBody":"","tags":["Level-8"],"fileTypesAndContributionMap":{}},{"hash":"d5cb54cee96ac953b57684253a39c456894ba51f","isMergeCommit":false,"messageTitle":"Add Storage and Ui","messageBody":"","fileTypesAndContributionMap":{"java":{"insertions":179,"deletions":143}}},{"hash":"05b46f625a0312600afc72eea25913a10d3dd23c","isMergeCommit":true,"messageTitle":"Merge branch \u0027branch-OOP\u0027","messageBody":"","tags":["A-MoreOOP"],"fileTypesAndContributionMap":{}},{"hash":"c5ae871a42e0037d7ea57d6783a6a9004b4cb15c","isMergeCommit":false,"messageTitle":"Add dorito package","messageBody":"","fileTypesAndContributionMap":{"java":{"insertions":16,"deletions":0}}},{"hash":"dd55cc9506288d89c24539e6db6206f70f47034b","isMergeCommit":true,"messageTitle":"Merge branch \u0027branch-package\u0027","messageBody":"","tags":["A-Packages"],"fileTypesAndContributionMap":{}},{"hash":"aea055d8f4293e5b29d2f6670d43abaa6860f6fc","isMergeCommit":true,"messageTitle":"Merge branch \u0027master\u0027 into add-gradle-support","messageBody":"","fileTypesAndContributionMap":{}},{"hash":"85bc4324d762b4ec8b89d0c674875fb3a3a4fa1e","isMergeCommit":false,"messageTitle":"Add Gradle","messageBody":"","fileTypesAndContributionMap":{"gradle":{"insertions":2,"deletions":2},"java":{"insertions":56,"deletions":0}}},{"hash":"846d2363e1ecec72e75a0817e21ce7ca47cd7b8b","isMergeCommit":true,"messageTitle":"Merge branch \u0027add-gradle-support\u0027","messageBody":"","tags":["A-Jar","A-JUnit","A-Gradle"],"fileTypesAndContributionMap":{}},{"hash":"559bf7442037dba60c749b40846d0d1874b5703c","isMergeCommit":false,"messageTitle":"Add JavaDoc","messageBody":"","fileTypesAndContributionMap":{"gradle":{"insertions":1,"deletions":1},"java":{"insertions":58,"deletions":0}}},{"hash":"f490e4045001cfb0f1b8c8c82fdeaf98912c5114","isMergeCommit":false,"messageTitle":"Fix coding standard","messageBody":"","fileTypesAndContributionMap":{"java":{"insertions":4,"deletions":4}}},{"hash":"37eca66347c7af7a364045ac39ab2c8d290c0ad0","isMergeCommit":false,"messageTitle":"Add find method","messageBody":"","fileTypesAndContributionMap":{"java":{"insertions":19,"deletions":0}}},{"hash":"966c34c4711ea66961d8afe9ceb008eb10de68d7","isMergeCommit":true,"messageTitle":"Merge branch \u0027branch-A-JavaDoc\u0027","messageBody":"","tags":["A-JavaDoc"],"fileTypesAndContributionMap":{}},{"hash":"4ac41a64644633c11705113cee5389e2aa1425e1","isMergeCommit":true,"messageTitle":"Merge branch \u0027branch-A-CodingStandard\u0027","messageBody":"","tags":["A-CodingStandard"],"fileTypesAndContributionMap":{}},{"hash":"d78f6600663743783cc98338e844a0835070215c","isMergeCommit":true,"messageTitle":"Merge branch \u0027branch-Level-9\u0027","messageBody":"","tags":["Level-9"],"fileTypesAndContributionMap":{}}]},{"date":"2025-02-06T00:00:00","commitResults":[{"hash":"f354785b367e962275475e7bbdb9d4179b546176","isMergeCommit":false,"messageTitle":"Add Parser.java","messageBody":"","fileTypesAndContributionMap":{"java":{"insertions":188,"deletions":102}}},{"hash":"2adb8f4610880acf888267caeddae0174a2382d0","isMergeCommit":false,"messageTitle":"Add GUI","messageBody":"","fileTypesAndContributionMap":{"gradle":{"insertions":16,"deletions":1},"fxml":{"insertions":67,"deletions":0},"java":{"insertions":185,"deletions":6}}},{"hash":"ec348570f0e86c64dc5461c3e6ebc993f3eaecb3","isMergeCommit":true,"messageTitle":"Merge branch \u0027branch-Level-10\u0027","messageBody":"","tags":["Level-10"],"fileTypesAndContributionMap":{}}]},{"date":"2025-02-14T00:00:00","commitResults":[{"hash":"9636705b86f2d01bb324845422a539a975eec5bb","isMergeCommit":false,"messageTitle":"Add assertions","messageBody":"Added assertions to verify Dorito runs as expected\n","fileTypesAndContributionMap":{"java":{"insertions":4,"deletions":0}}},{"hash":"8f57019673b9586a623d0f231165a00001f75050","isMergeCommit":false,"messageTitle":"Fix code quality issues","messageBody":"Redelegated tasks from long methods to extract methods such that the code looks cleaner.\n","fileTypesAndContributionMap":{"java":{"insertions":125,"deletions":42}}},{"hash":"a464a0a919bdef6f90ce85ded89d384c8871eeb4","isMergeCommit":true,"messageTitle":"Merge pull request #1 from quantin96/branch-A-Assertions","messageBody":"Add assertions","tags":["A-Assertions"],"fileTypesAndContributionMap":{}},{"hash":"1cce03c793dfe14b45c6894497c7af20595637cc","isMergeCommit":true,"messageTitle":"Merge branch \u0027master\u0027 into branch-A-CodeQuality","messageBody":"","fileTypesAndContributionMap":{}},{"hash":"b955af955c12f7a6e1b3c0e109a73d69f6c09d88","isMergeCommit":true,"messageTitle":"Merge pull request #2 from quantin96/branch-A-CodeQuality","messageBody":"Fix code quality issues","tags":["A-CodeQuality"],"fileTypesAndContributionMap":{}},{"hash":"772e80e4e8c91ffc272b344cd5356e22c33f5d33","isMergeCommit":false,"messageTitle":"Add priority","messageBody":"Implemented task priority levels HIGH, MEDIUM, LOW, DEFAULT.\nUsers can now set a priority for tasks.\n\nFeatures to be added:\n* filter by priority level.\n* sort tasks by priority level.\n","tags":["A-FullCommitMessage"],"fileTypesAndContributionMap":{"java":{"insertions":104,"deletions":7}}},{"hash":"f6bf1b1498c14379d29746df9fabde201d713d2d","isMergeCommit":true,"messageTitle":"Merge branch \u0027branch-C-Priority\u0027","messageBody":"","tags":["BCD-Extension"],"fileTypesAndContributionMap":{}}]},{"date":"2025-02-20T00:00:00","commitResults":[{"hash":"d73afd434a18e6a89851f6b298cb37d343425484","isMergeCommit":false,"messageTitle":"Refactor code and add more error handling and tests","messageBody":"","tags":["A-Personality","A-MoreTesting","A-MoreErrorHandling"],"fileTypesAndContributionMap":{"java":{"insertions":603,"deletions":67}}},{"hash":"83066ddb40f37e0521f46944fa64e9ea7f3a82db","isMergeCommit":false,"messageTitle":"Refactor error messages","messageBody":"","fileTypesAndContributionMap":{"java":{"insertions":97,"deletions":25}}},{"hash":"c8b7c8880ca82a49c6de6c0dc37635b017043f11","isMergeCommit":false,"messageTitle":"Add Ui.png","messageBody":"","fileTypesAndContributionMap":{"java":{"insertions":1,"deletions":0},"md":{"insertions":11,"deletions":9}}},{"hash":"7d2a2721d2fcfae8b61150c6240428943a9bae23","isMergeCommit":false,"messageTitle":"Update User Guide","messageBody":"","tags":["A-UserGuide"],"fileTypesAndContributionMap":{"md":{"insertions":151,"deletions":14}}},{"hash":"a5b96f51f46190efc80e522a997a7980aac40f8e","isMergeCommit":false,"messageTitle":"Update Storage.java","messageBody":"","fileTypesAndContributionMap":{"java":{"insertions":3,"deletions":0}}}]},{"date":"2025-02-21T00:00:00","commitResults":[{"hash":"849938705b948f9e4e387d7e550e825581d4510d","isMergeCommit":false,"messageTitle":"Fix Event bug","messageBody":"","tags":["A-Release"],"fileTypesAndContributionMap":{"java":{"insertions":3,"deletions":0}}}]}]},"authorFileTypeContributionMap":{"quantin96":{"java":1497,"md":162,"fxml":67,"sh":0,"bat":1,"gradle":17,"txt":11}},"authorContributionVariance":{"quantin96":37931.55},"authorDisplayNameMap":{"quantin96":"CS2103-W11-1 NG J..QUAN"}}
