{"authorDailyContributionsMap":{"zeotheburrito":[{"date":"2025-01-23","commitResults":[{"hash":"b7d864f7bc57d593a599efebb1083e60e62b0714","isMergeCommit":false,"messageTitle":"Finished Level 0. Renamed chatbot and added greetings.","messageBody":"","tags":["Level-0"],"fileTypesAndContributionMap":{"java":{"insertions":12,"deletions":10}}},{"hash":"f2a3655ff4d3dfbb6ddce9a0235d0a829ada118a","isMergeCommit":false,"messageTitle":"Finished Level 1. Echo","messageBody":"","tags":["Level-1"],"fileTypesAndContributionMap":{"java":{"insertions":24,"deletions":4}}},{"hash":"54599f0ce292faf6d26cf522243410fb65c8c998","isMergeCommit":false,"messageTitle":"Fixed bug for Level 1 where bye message does not end chat if it is the first message","messageBody":"","fileTypesAndContributionMap":{"java":{"insertions":2,"deletions":2}}},{"hash":"fa3502c5345f29a4d6eeab82277c17ef952a2e2e","isMergeCommit":false,"messageTitle":"Finished Level 2. Add, List","messageBody":"","tags":["Level-2"],"fileTypesAndContributionMap":{"java":{"insertions":18,"deletions":2}}},{"hash":"06fd91a9a5ad7ac664f3550a4b679c70cfc402f7","isMergeCommit":false,"messageTitle":"Finished Level 3. Mark as Done","messageBody":"","tags":["Level-3"],"fileTypesAndContributionMap":{"java":{"insertions":60,"deletions":17}}}]},{"date":"2025-02-16","commitResults":[{"hash":"cb7ebc80f13cb0a63539fbc9b6cddad233ec943d","isMergeCommit":false,"messageTitle":"Finish Level-4.","messageBody":"","tags":["Level-4"],"fileTypesAndContributionMap":{"java":{"insertions":156,"deletions":53}}},{"hash":"32615ed907601b7ea478fa5daff6e98d1947e169","isMergeCommit":false,"messageTitle":"Finish A-TextUiTesting","messageBody":"","tags":["A-TextUiTesting"],"fileTypesAndContributionMap":{"txt":{"insertions":10,"deletions":0},"java":{"insertions":1,"deletions":4},"bat":{"insertions":3,"deletions":3}}},{"hash":"237b6b8d02a13213bf3b8e3789e088a275cd54fa","isMergeCommit":false,"messageTitle":"Finish Level-5.","messageBody":"","tags":["Level-5"],"fileTypesAndContributionMap":{"java":{"insertions":39,"deletions":4}}},{"hash":"8f3c561164b9847e1e24239e777d62e454f3de64","isMergeCommit":false,"messageTitle":"Finish Level-6.","messageBody":"","tags":["Level-6"],"fileTypesAndContributionMap":{"java":{"insertions":15,"deletions":2}}},{"hash":"161087c567b7df1851bb70fab7ba45d2075c346c","isMergeCommit":false,"messageTitle":"Finish A-Enums.","messageBody":"","tags":["A-Enums"],"fileTypesAndContributionMap":{"java":{"insertions":18,"deletions":39}}},{"hash":"0f75ec837dd848461dda3dbf41d182b4fa3a9c18","isMergeCommit":false,"messageTitle":"Finish Level-7.","messageBody":"","fileTypesAndContributionMap":{"txt":{"insertions":5,"deletions":0},"java":{"insertions":102,"deletions":1}}},{"hash":"f7d68cfa0b7bb3d0b18f48a4f49f4a89032151ea","isMergeCommit":true,"messageTitle":"Merge branch \u0027branch-level-7\u0027","messageBody":"","tags":["Level-7"],"fileTypesAndContributionMap":{}}]},{"date":"2025-02-17","commitResults":[{"hash":"c61a69bfa640539b8e8eceb4475fb26d7bc6a6cd","isMergeCommit":false,"messageTitle":"Finish Level-8.","messageBody":"","fileTypesAndContributionMap":{"txt":{"insertions":2,"deletions":5},"java":{"insertions":44,"deletions":22}}},{"hash":"ce08952a9d47260c25573619ee7a7f132838a6a6","isMergeCommit":true,"messageTitle":"Merge branch \u0027branch-Level-8\u0027","messageBody":"","tags":["Level-8"],"fileTypesAndContributionMap":{}},{"hash":"3ab17d8fbc77d1d5b31d39e9e21a9295096b338e","isMergeCommit":false,"messageTitle":"Finish A-MoreOOP.","messageBody":"","tags":["A-MoreOOP"],"fileTypesAndContributionMap":{"txt":{"insertions":3,"deletions":2},"java":{"insertions":503,"deletions":189}}},{"hash":"af051ca15bc994da304e7873390dc4e72b4fb448","isMergeCommit":false,"messageTitle":"Finish A-Packages.","messageBody":"","tags":["A-Packages"],"fileTypesAndContributionMap":{"txt":{"insertions":1,"deletions":1},"java":{"insertions":21,"deletions":1}}},{"hash":"d6c8c0ff9ab53195cc7f57ef1838884241661b48","isMergeCommit":true,"messageTitle":"Merge branch \u0027add-gradle-support\u0027","messageBody":"","fileTypesAndContributionMap":{}},{"hash":"811ed28aafe7e4b9cf72f85aa4c2f6456a348ede","isMergeCommit":false,"messageTitle":"Finish A-Gradle.","messageBody":"","tags":["A-Gradle"],"fileTypesAndContributionMap":{"gradle":{"insertions":1,"deletions":1},"txt":{"insertions":2,"deletions":1}}}]},{"date":"2025-02-18","commitResults":[{"hash":"68e3b1c9439cf11c26ac47d1e28ad3038693edeb","isMergeCommit":false,"messageTitle":"Finish A-JUnit and A-Jar.","messageBody":"","tags":["A-Jar","A-JUnit"],"fileTypesAndContributionMap":{"gradle":{"insertions":1,"deletions":1},"java":{"insertions":118,"deletions":204}}},{"hash":"3370644e0135eb82645114f3b8daa8b0bf1acc47","isMergeCommit":false,"messageTitle":"Finish A-JavaDoc.","messageBody":"","fileTypesAndContributionMap":{"java":{"insertions":192,"deletions":11}}},{"hash":"e1ac8f35eb0fdea9b13836c5e55130f5a7ea995f","isMergeCommit":false,"messageTitle":"Finish A-CodingStandard.","messageBody":"","fileTypesAndContributionMap":{"java":{"insertions":17,"deletions":15}}},{"hash":"ae2f5ae84740636f631d74f5d6782a5f11467847","isMergeCommit":false,"messageTitle":"Finish Level-9.","messageBody":"","fileTypesAndContributionMap":{"java":{"insertions":47,"deletions":3}}},{"hash":"280d92a45614d98eb21f24a05ecefc051ce895fb","isMergeCommit":true,"messageTitle":"Merge branch \u0027branch-A-JavaDoc\u0027","messageBody":"","tags":["A-JavaDoc"],"fileTypesAndContributionMap":{}},{"hash":"d540f2b577ec99bfa75b91761be909f1fb179224","isMergeCommit":true,"messageTitle":"Merge branch \u0027branch-A-CodingStandard\u0027","messageBody":"","tags":["A-CodingStandard"],"fileTypesAndContributionMap":{}},{"hash":"fd6db7c0fc421d25fe133cc2d887293afbf6e97f","isMergeCommit":true,"messageTitle":"Resolve merge conflict","messageBody":"","tags":["Level-9"],"fileTypesAndContributionMap":{}}]},{"date":"2025-02-19","commitResults":[{"hash":"f37085e19fe85a4b823ef10d295c17b80aa57ab9","isMergeCommit":false,"messageTitle":"Finish A-Checkstyle.","messageBody":"","tags":["A-Checkstyle"],"fileTypesAndContributionMap":{"gradle":{"insertions":6,"deletions":1},"java":{"insertions":34,"deletions":47}}},{"hash":"a8c442dc0aa83824318dc3e1add2a3a6337ab305","isMergeCommit":true,"messageTitle":"Merge branch \u0027branch-A-Checkstyle\u0027","messageBody":"","fileTypesAndContributionMap":{}}]},{"date":"2025-02-22","commitResults":[{"hash":"b24a1f5a882e913e2c0ef40fe1311fa3b87bea4a","isMergeCommit":false,"messageTitle":"Finish Level-10","messageBody":"","tags":["Level-10"],"fileTypesAndContributionMap":{"gradle":{"insertions":16,"deletions":1},"txt":{"insertions":2,"deletions":1},"fxml":{"insertions":81,"deletions":0},"java":{"insertions":542,"deletions":297}}}]},{"date":"2025-02-23","commitResults":[{"hash":"85a3efdbbc44ed6edff2477a02149266ce368218","isMergeCommit":false,"messageTitle":"Finish A-Assertions","messageBody":"","fileTypesAndContributionMap":{"java":{"insertions":14,"deletions":10}}},{"hash":"32abe4e1bdb7f4b507f62030636799cc376ebe1f","isMergeCommit":false,"messageTitle":"Revert \"Finish A-Assertions\"","messageBody":"This reverts commit 85a3efdbbc44ed6edff2477a02149266ce368218.\n","fileTypesAndContributionMap":{"java":{"insertions":10,"deletions":14}}},{"hash":"0281b464cb09282983d37d4f7ffc3d7421d13fb9","isMergeCommit":false,"messageTitle":"Finish A-Assertions","messageBody":"","fileTypesAndContributionMap":{"java":{"insertions":6,"deletions":0}}},{"hash":"ca4f194ec42b097cc4019360e275d9c546524247","isMergeCommit":false,"messageTitle":"Finish A-CodeQuality","messageBody":"","fileTypesAndContributionMap":{"java":{"insertions":45,"deletions":22}}},{"hash":"15553a09c57481db7357963ccf778feebdb5072d","isMergeCommit":true,"messageTitle":"Merge pull request #2 from zeotheburrito/branch-A-Assertions","messageBody":"Merge Branch A-Assertions","tags":["A-Assertions"],"fileTypesAndContributionMap":{}},{"hash":"284fa92c7f5651511964723396aeb925898edca4","isMergeCommit":true,"messageTitle":"Merge branch \u0027master\u0027 into branch-A-CodeQuality","messageBody":"","fileTypesAndContributionMap":{}},{"hash":"58e20c1f4d2e721ed3c3996570daa4771d119dde","isMergeCommit":true,"messageTitle":"Merge pull request #3 from zeotheburrito/branch-A-CodeQuality","messageBody":"Merge Branch A-CodeQuality","tags":["A-CodeQuality"],"fileTypesAndContributionMap":{}}]},{"date":"2025-02-24","commitResults":[{"hash":"81aeedc7fff043d408f3d6b2ba857b288305627c","isMergeCommit":false,"messageTitle":"Finish D-Notes","messageBody":"","tags":["BCD-Extension","A-Release"],"fileTypesAndContributionMap":{"java":{"insertions":168,"deletions":21}}}]}]},"authorFileTypeContributionMap":{"zeotheburrito":{"java":1219,"md":0,"fxml":81,"sh":0,"bat":2,"gradle":22,"txt":15}},"authorContributionVariance":{"zeotheburrito":42099.023},"authorDisplayNameMap":{"zeotheburrito":"CS2103T-F13-3 WONG..NWEI"}}
