{"authorDailyContributionsMap":{"SociallyIneptWeeb":[{"date":"2025-01-18","commitResults":[{"hash":"1c0616a9e9cb027ff890484828de99dab90b24d1","isMergeCommit":false,"messageTitle":"Add better error handling and response with tests","messageBody":"","tags":["Level-5"],"fileTypesAndContributionMap":{"txt":{"insertions":6,"deletions":0},"java":{"insertions":32,"deletions":33}}},{"hash":"54ba92c2905e40bab180503b576e3723082a8d98","isMergeCommit":false,"messageTitle":"Use ArrayList to store tasks","messageBody":"","fileTypesAndContributionMap":{"java":{"insertions":14,"deletions":17}}},{"hash":"13d0445cfdce89c07f3a221f9cc49d4e536d25a1","isMergeCommit":false,"messageTitle":"Add support for deleting tasks with tests","messageBody":"","tags":["Level-6"],"fileTypesAndContributionMap":{"txt":{"insertions":2,"deletions":0},"java":{"insertions":28,"deletions":3}}},{"hash":"b184dd71ed8f3aaf166d862fcb867a937d3bb39d","isMergeCommit":false,"messageTitle":"Use enums for command and messages","messageBody":"","tags":["A-Enums"],"fileTypesAndContributionMap":{"java":{"insertions":107,"deletions":83}}}]},{"date":"2025-01-20","commitResults":[{"hash":"d7182489bf831ff16a32b74474b4db16bedd45ce","isMergeCommit":false,"messageTitle":"Fix indentation for switch case","messageBody":"","fileTypesAndContributionMap":{"java":{"insertions":84,"deletions":84}}}]},{"date":"2025-01-21","commitResults":[{"hash":"b68d8297fef2b3efe8e25f6f9477716520f895f2","isMergeCommit":false,"messageTitle":"Use task icon as enum","messageBody":"","fileTypesAndContributionMap":{"java":{"insertions":19,"deletions":3}}},{"hash":"1a4dabe52ad4cd8d60edeb47e5c87279925f7eac","isMergeCommit":false,"messageTitle":"Use status icon as enum","messageBody":"","fileTypesAndContributionMap":{"java":{"insertions":16,"deletions":1}}},{"hash":"3ba1c0cab31a1b71c51432cc661e2c4e8bd154a5","isMergeCommit":false,"messageTitle":"Save tasks on file functionality","messageBody":"","fileTypesAndContributionMap":{"java":{"insertions":160,"deletions":9},"bat":{"insertions":4,"deletions":0}}},{"hash":"56a53103dfe802e8529ee3ebe1223c23d39f0729","isMergeCommit":true,"messageTitle":"Merge branch \u0027branch-Level-7\u0027","messageBody":"","tags":["Level-7"],"fileTypesAndContributionMap":{}},{"hash":"defc18ab4e2005b0807698c7180256f01290745c","isMergeCommit":false,"messageTitle":"Convert message enum to class","messageBody":"","fileTypesAndContributionMap":{"java":{"insertions":41,"deletions":62}}},{"hash":"5b2712d8121cb78a6ae10c8f7eafe7ec21cdc357","isMergeCommit":false,"messageTitle":"Store/parse deadline dates as LocalDate instead of String","messageBody":"","fileTypesAndContributionMap":{"txt":{"insertions":1,"deletions":1},"java":{"insertions":60,"deletions":15}}},{"hash":"e527884322705b51372f4821fc5f59f0bb625d22","isMergeCommit":true,"messageTitle":"Merge branch \u0027branch-Level-8\u0027","messageBody":"","tags":["Level-8"],"fileTypesAndContributionMap":{}}]},{"date":"2025-01-22","commitResults":[{"hash":"fd40fe0bf247e0a622192baa301464a171013483","isMergeCommit":false,"messageTitle":"More OOP and major refactor","messageBody":"","tags":["A-MoreOOP"],"fileTypesAndContributionMap":{"java":{"insertions":385,"deletions":187}}},{"hash":"d1c53d09fbe3e523f56ff7c553111c4a6d856886","isMergeCommit":false,"messageTitle":"Organize classes into packages","messageBody":"","tags":["A-Packages"],"fileTypesAndContributionMap":{"java":{"insertions":113,"deletions":13}}}]},{"date":"2025-01-23","commitResults":[{"hash":"c2616f8aeb2eb802a573db4d1dd4cef52a42f198","isMergeCommit":true,"messageTitle":"Merge remote-tracking branch \u0027origin/add-gradle-support\u0027","messageBody":"","fileTypesAndContributionMap":{}},{"hash":"1ca52b0be2ddca46fa547dd84b9388519795e14a","isMergeCommit":false,"messageTitle":"Update gradle application mainClass and archiveBaseName","messageBody":"","tags":["A-Gradle"],"fileTypesAndContributionMap":{"gradle":{"insertions":3,"deletions":3}}},{"hash":"05de591ad1cff3325cba8c4800c33149c055877d","isMergeCommit":false,"messageTitle":"Change package name to lowercase","messageBody":"","fileTypesAndContributionMap":{"java":{"insertions":67,"deletions":67}}},{"hash":"d7d2377066397ebdfbde7a10dede938589c7dc25","isMergeCommit":false,"messageTitle":"Add junit tests for Parser and TaskList","messageBody":"","tags":["A-JUnit"],"fileTypesAndContributionMap":{"java":{"insertions":115,"deletions":0}}},{"hash":"771f135ffc7ad3cbbe044bf6e12c1ff7f7be0aac","isMergeCommit":false,"messageTitle":"Replace non cmd encoding compliant characters","messageBody":"","fileTypesAndContributionMap":{"java":{"insertions":20,"deletions":20}}},{"hash":"d66a9d674d0e53c20ce2c8a6178deb263407dc9a","isMergeCommit":false,"messageTitle":"Fix tab display for list tasks","messageBody":"","fileTypesAndContributionMap":{"java":{"insertions":1,"deletions":1}}}]}]},"authorFileTypeContributionMap":{"SociallyIneptWeeb":{"java":807,"md":0,"fxml":0,"sh":0,"bat":4,"gradle":2,"txt":9}},"authorContributionVariance":{"SociallyIneptWeeb":51144.53},"authorDisplayNameMap":{"SociallyIneptWeeb":"CS2103T-T17-3 LAM ..RYAN"}}
