{"authorDailyContributionsMap":{"weien02":[{"date":"2025-01-23","commitResults":[{"hash":"c0e1dbbe013e14092378991789799d9fe68298d0","isMergeCommit":false,"messageTitle":"Mark as Done","messageBody":"","tags":["Level-3"],"fileTypesAndContributionMap":{"java":{"insertions":52,"deletions":3}}}]}]},"authorFileTypeContributionMap":{"weien02":{"java":52,"md":0,"fxml":0,"sh":0,"bat":0,"gradle":0,"txt":0}},"authorContributionVariance":{"weien02":370.40817},"authorDisplayNameMap":{"weien02":"NG W..I EN"}}
