{"authorDailyContributionsMap":{"FabianHeng":[{"date":"2025-01-22","commitResults":[{"hash":"d96eb7ddb5761127ccade575e4f6f574b7380615","isMergeCommit":false,"messageTitle":"Changed filename to Lili","messageBody":"","fileTypesAndContributionMap":{"java":{"insertions":1,"deletions":1}}},{"hash":"6479332ceb7f9d6497aa91838270d0978be2f6da","isMergeCommit":false,"messageTitle":"Added greetings","messageBody":"","tags":["Level-0"],"fileTypesAndContributionMap":{"java":{"insertions":16,"deletions":6}}},{"hash":"2678f287129ed7a91fc9f6efbc31374a974d9a80","isMergeCommit":false,"messageTitle":"Added echo feature","messageBody":"","tags":["Level-1"],"fileTypesAndContributionMap":{"java":{"insertions":21,"deletions":2}}},{"hash":"0b3f1adbf4837e587833c02d7c282eabb01aae36","isMergeCommit":false,"messageTitle":"Added add and list features","messageBody":"","tags":["Level-2"],"fileTypesAndContributionMap":{"java":{"insertions":18,"deletions":3}}},{"hash":"c47301f732462d5652ddc28d005a6aa12b9a7343","isMergeCommit":false,"messageTitle":"Added marking and unmarking in list","messageBody":"","tags":["Level-3"],"fileTypesAndContributionMap":{"java":{"insertions":42,"deletions":12}}},{"hash":"d25a2e2f648dcc161925d10ebff4042eb33959e3","isMergeCommit":false,"messageTitle":"Added todo tasks","messageBody":"","fileTypesAndContributionMap":{"java":{"insertions":73,"deletions":4}}},{"hash":"b9c5dfbf1d71daa133165462e02b0367ee854a60","isMergeCommit":false,"messageTitle":"Added event and deadline tasks","messageBody":"","tags":["Level-4"],"fileTypesAndContributionMap":{"java":{"insertions":44,"deletions":18}}},{"hash":"3c6a12bfc038bb9e62bb70b7a6e4d4e999b0acae","isMergeCommit":false,"messageTitle":"Added exceptions","messageBody":"","fileTypesAndContributionMap":{"java":{"insertions":142,"deletions":67}}},{"hash":"4da4eba249958ee45e39308c32e7057d23f2eb44","isMergeCommit":false,"messageTitle":"Fixed mark text error","messageBody":"","tags":["Level-5"],"fileTypesAndContributionMap":{"java":{"insertions":1,"deletions":1}}},{"hash":"1095dcb33ad23b3329641f52e465b43e802725b7","isMergeCommit":false,"messageTitle":"Added delete feature","messageBody":"","tags":["Level-6"],"fileTypesAndContributionMap":{"java":{"insertions":18,"deletions":1}}},{"hash":"87773627adacb6f86bd4d85a702e0d48d0f50af2","isMergeCommit":false,"messageTitle":"Added Automated Text UI Testing","messageBody":"","tags":["A-TextUiTesting"],"fileTypesAndContributionMap":{"txt":{"insertions":13,"deletions":0},"bat":{"insertions":1,"deletions":1},"sh":{"insertions":1,"deletions":1}}},{"hash":"749cc8079f56954b2cd1f677fd4987c2b3879fa0","isMergeCommit":false,"messageTitle":"Removed extra whitespaces in logo","messageBody":"","fileTypesAndContributionMap":{"java":{"insertions":8,"deletions":8}}}]},{"date":"2025-01-24","commitResults":[{"hash":"edce796ffa42bb8216283475902115f1a5a29e30","isMergeCommit":false,"messageTitle":"Lili class: Add JavaDocs","messageBody":"","fileTypesAndContributionMap":{"java":{"insertions":216,"deletions":114}}},{"hash":"90467f685ce7170fc3a7a6c49cb33a2fe6bfdf96","isMergeCommit":false,"messageTitle":"Lili class: Add enums","messageBody":"","tags":["A-Enums"],"fileTypesAndContributionMap":{"java":{"insertions":48,"deletions":14}}},{"hash":"3e47a456785296831a6306ae9cf07e0a60dd9718","isMergeCommit":false,"messageTitle":"Add lili.txt","messageBody":"","fileTypesAndContributionMap":{"txt":{"insertions":0,"deletions":0}}}]},{"date":"2025-01-25","commitResults":[{"hash":"f1ee6e68c4bf602f391f4789b40aa21ec64a5e44","isMergeCommit":false,"messageTitle":"Update Task files","messageBody":"","fileTypesAndContributionMap":{"java":{"insertions":38,"deletions":2}}},{"hash":"d23506d1880dcd6af86ffd1c4fb256bc6ec4d86f","isMergeCommit":false,"messageTitle":"Lili class: Add save feature","messageBody":"","fileTypesAndContributionMap":{"java":{"insertions":65,"deletions":0}}},{"hash":"1393a7938e73818eb90282a955878256a3498605","isMergeCommit":false,"messageTitle":"Lili class: Add directory folder check","messageBody":"","fileTypesAndContributionMap":{"txt":{"insertions":0,"deletions":0},"java":{"insertions":16,"deletions":9}}},{"hash":"13a313c111e69d73062889c424ae78492d51c209","isMergeCommit":true,"messageTitle":"Merge branch-Level-7","messageBody":"","tags":["Level-7"],"fileTypesAndContributionMap":{}},{"hash":"4c9d0cc5dd442dcbba1a9eabd021bc77cdb00128","isMergeCommit":false,"messageTitle":"Deadline class: Add date formatter","messageBody":"","fileTypesAndContributionMap":{"java":{"insertions":15,"deletions":5}}},{"hash":"2cdf5b5b31371113606c93c548d92646c459ac09","isMergeCommit":false,"messageTitle":"Deadline class: Add support for default time","messageBody":"","fileTypesAndContributionMap":{"java":{"insertions":16,"deletions":6}}},{"hash":"38eef577cccbd5cb45a3c9a03dd039e24b4c0785","isMergeCommit":false,"messageTitle":"Lili class: Add date formatter feature to Deadline tasks","messageBody":"","fileTypesAndContributionMap":{"java":{"insertions":25,"deletions":12}}},{"hash":"542b16ba7f47ae09d08ba47770e1dc4373cf32e3","isMergeCommit":false,"messageTitle":"Deadline class: Clean up code","messageBody":"","fileTypesAndContributionMap":{"java":{"insertions":1,"deletions":1}}},{"hash":"d7dc2838053de03c639e996b6dbf6202bbef6718","isMergeCommit":false,"messageTitle":"Event class: Add date formatter","messageBody":"","fileTypesAndContributionMap":{"java":{"insertions":27,"deletions":3}}},{"hash":"6a6e9860d501b26cee4a79f6f1af13002fe9c2bd","isMergeCommit":false,"messageTitle":"Lili class: Add date formatter feature to Event tasks","messageBody":"","fileTypesAndContributionMap":{"java":{"insertions":8,"deletions":4}}},{"hash":"012bf857fdfdd9d1eec0a793157fd949070d7e7a","isMergeCommit":false,"messageTitle":"Lili class: Update JavaDocs","messageBody":"","fileTypesAndContributionMap":{"java":{"insertions":0,"deletions":1}}},{"hash":"6bd96216324db0d1136254e97ccada55d81b5db7","isMergeCommit":true,"messageTitle":"Merge branch \u0027branch-Level-8\u0027","messageBody":"","tags":["Level-8"],"fileTypesAndContributionMap":{}},{"hash":"c3bed4143bd95fa931cbdc7c38da5fca1b1025fc","isMergeCommit":false,"messageTitle":"Add Ui.class","messageBody":"","fileTypesAndContributionMap":{"java":{"insertions":17,"deletions":41}}},{"hash":"632d874608ec84332acc9cd3f1ab1e01dcf920c6","isMergeCommit":false,"messageTitle":"Add Storage.class","messageBody":"","fileTypesAndContributionMap":{"java":{"insertions":2,"deletions":0}}},{"hash":"7077ad9791089b42053e0d4877f8e296444d28f0","isMergeCommit":false,"messageTitle":"Update Ui.class","messageBody":"","fileTypesAndContributionMap":{"java":{"insertions":72,"deletions":2}}},{"hash":"7d5c7df3f405a70e4eb10d8476ae3ecaa99b7baa","isMergeCommit":false,"messageTitle":"Update Storage class","messageBody":"","fileTypesAndContributionMap":{"java":{"insertions":93,"deletions":0}}},{"hash":"e9e692bc05eef084cf3cefa38cee859720e2d65d","isMergeCommit":false,"messageTitle":"Lili class: Add Storage class implementation","messageBody":"","fileTypesAndContributionMap":{"java":{"insertions":4,"deletions":72}}},{"hash":"2afe2e549285608d3b1a65aaf7b3f2298cea5414","isMergeCommit":false,"messageTitle":"Lili class: Remove unused imports","messageBody":"","fileTypesAndContributionMap":{"java":{"insertions":1,"deletions":4}}},{"hash":"96f7f7bcda5b9f83b53bdd5cc17a340cf58fed40","isMergeCommit":false,"messageTitle":"Lili class: Remove unused variables","messageBody":"","fileTypesAndContributionMap":{"java":{"insertions":1,"deletions":13}}},{"hash":"526dcc2c2c67ca8eb8fd9d1823f28407acbf91be","isMergeCommit":false,"messageTitle":"Add abstract Command class","messageBody":"","fileTypesAndContributionMap":{"java":{"insertions":4,"deletions":0}}},{"hash":"0a67ff3088e0829be9911f5772c6f344af8fe034","isMergeCommit":false,"messageTitle":"Command class: Add abstract execute method","messageBody":"","fileTypesAndContributionMap":{"java":{"insertions":9,"deletions":2}}},{"hash":"b2e5e01014373ab9bcdce02687d1ad9918c186aa","isMergeCommit":false,"messageTitle":"Ui class: Remove unnecessary constructor method","messageBody":"","fileTypesAndContributionMap":{"java":{"insertions":4,"deletions":3}}},{"hash":"12e6973a75eff1c1df25549494f8f4a243010460","isMergeCommit":false,"messageTitle":"Add Command and CommandType classes","messageBody":"","fileTypesAndContributionMap":{"java":{"insertions":95,"deletions":9}}},{"hash":"3bb8bd2b9423a047347e21fa8f3bb513444130aa","isMergeCommit":false,"messageTitle":"Add DeadlineCommand class","messageBody":"","fileTypesAndContributionMap":{"java":{"insertions":35,"deletions":0}}},{"hash":"237b5e8ab6ea8ada4ef39a5fdc2b9e988572abd2","isMergeCommit":false,"messageTitle":"Add DeleteCommand class","messageBody":"","fileTypesAndContributionMap":{"java":{"insertions":31,"deletions":0}}},{"hash":"31e934a988d99e801b71eb376606eda1eacf200a","isMergeCommit":false,"messageTitle":"Add EventCommand class","messageBody":"","fileTypesAndContributionMap":{"java":{"insertions":35,"deletions":0}}},{"hash":"cfd1996f69106d3dd3e48c173cd8c72264f25f67","isMergeCommit":false,"messageTitle":"Add ListCommand class","messageBody":"","fileTypesAndContributionMap":{"java":{"insertions":22,"deletions":0}}},{"hash":"76e45e019fe0065353de2363d219fbe97da38d71","isMergeCommit":false,"messageTitle":"Add MarkCommand class","messageBody":"","fileTypesAndContributionMap":{"java":{"insertions":38,"deletions":0}}},{"hash":"19d6d346131df2eedf6b75bda0fbc73fc1e561d7","isMergeCommit":false,"messageTitle":"Add TodoCommand class","messageBody":"","fileTypesAndContributionMap":{"java":{"insertions":29,"deletions":0}}},{"hash":"512f5e36ec9e36b181bc51d253857a9cd4ca7ca1","isMergeCommit":false,"messageTitle":"Add UnmarkCommand class","messageBody":"","fileTypesAndContributionMap":{"java":{"insertions":38,"deletions":0}}},{"hash":"4441149c2ec4d41e3f939e15786a177c8bb2b4ba","isMergeCommit":false,"messageTitle":"Lili class: Update class to match OOP design","messageBody":"","tags":["A-MoreOOP"],"fileTypesAndContributionMap":{"java":{"insertions":103,"deletions":184}}},{"hash":"55eb0ecf7d424a989f9ee8ec0f4097c153745314","isMergeCommit":false,"messageTitle":"Add lili package","messageBody":"","fileTypesAndContributionMap":{"java":{"insertions":63,"deletions":31}}},{"hash":"f4e7a4c7a25ad1375c404b2005c7ef27dd2df7ff","isMergeCommit":false,"messageTitle":"Lili class: Remove comments","messageBody":"","tags":["A-Packages"],"fileTypesAndContributionMap":{"java":{"insertions":0,"deletions":99}}},{"hash":"31e61229c03e0df1e8f4e7561ad9637ef413dd9f","isMergeCommit":false,"messageTitle":"Add README and runtest file","messageBody":"","fileTypesAndContributionMap":{"bat":{"insertions":1,"deletions":1},"md":{"insertions":2,"deletions":2}}},{"hash":"8e663f9c468badeca64e53db11d21121d4953df9","isMergeCommit":true,"messageTitle":"Merge branch \u0027add-gradle-support\u0027","messageBody":"","fileTypesAndContributionMap":{}},{"hash":"06c038e2aad8684180d4d81631d51d13866af1b9","isMergeCommit":false,"messageTitle":"Update build.gradle to match Lili class","messageBody":"","tags":["A-Gradle"],"fileTypesAndContributionMap":{"gradle":{"insertions":2,"deletions":2}}}]},{"date":"2025-01-26","commitResults":[{"hash":"7b5ba5fd83edcd672bdbf846df9a4ec8aeabf44e","isMergeCommit":false,"messageTitle":"Add TodoTest and CommandTypeTest classes","messageBody":"","tags":["A-JUnit"],"fileTypesAndContributionMap":{"java":{"insertions":70,"deletions":0}}},{"hash":"5eb223593d218f12fe3320adc9811677a15e4620","isMergeCommit":false,"messageTitle":"Update execute check for InvalidTodoDescriptionException","messageBody":"","fileTypesAndContributionMap":{"java":{"insertions":1,"deletions":1}}},{"hash":"7d98ce7d4d2f9c5b24fd176c42bf5114cbe0e97c","isMergeCommit":false,"messageTitle":"Update build.gradle to produce jar files","messageBody":"","tags":["A-Jar"],"fileTypesAndContributionMap":{"gradle":{"insertions":1,"deletions":0}}},{"hash":"8904921c013df2ddf74548fa60d453fc09483a5e","isMergeCommit":false,"messageTitle":"Update Task subclasses with JavaDocs","messageBody":"","fileTypesAndContributionMap":{"java":{"insertions":54,"deletions":2}}},{"hash":"768a0ff29bc82d4ffacad7fa24fcfe3f1d5e6cfa","isMergeCommit":false,"messageTitle":"Update Command and DeleteCommand classes with JavaDocs","messageBody":"","fileTypesAndContributionMap":{"java":{"insertions":13,"deletions":1}}},{"hash":"57f57871a62a31ce68da8e3cb70a02ff3576f08b","isMergeCommit":false,"messageTitle":"Update Ui class with JavaDocs","messageBody":"","fileTypesAndContributionMap":{"java":{"insertions":8,"deletions":0}}},{"hash":"78a2d4a08ff810202fb58b74dcafcd06373e7c81","isMergeCommit":false,"messageTitle":"Update Task class with JavaDocs","messageBody":"","fileTypesAndContributionMap":{"java":{"insertions":37,"deletions":0}}},{"hash":"f99226442b630218bdb1b534722090fa303bafd5","isMergeCommit":false,"messageTitle":"Update Todo class with JavaDocs","messageBody":"","fileTypesAndContributionMap":{"java":{"insertions":21,"deletions":0}}},{"hash":"d74d370f6c05a71bee33b0866ab5fd35c12f16e8","isMergeCommit":true,"messageTitle":"Merge branch \u0027branch-A-JavaDoc\u0027","messageBody":"","tags":["A-JavaDoc"],"fileTypesAndContributionMap":{}},{"hash":"b105790485dafcce6167a65c2f5e21211cdbca7a","isMergeCommit":false,"messageTitle":"Update Deadline class to invert if statement","messageBody":"","fileTypesAndContributionMap":{"java":{"insertions":4,"deletions":4}}},{"hash":"8d3b704f2face5fa1f2f75c43c6bb0ecc0ecb21f","isMergeCommit":true,"messageTitle":"Merge branch \u0027branch-A-CodingStandard\u0027","messageBody":"","tags":["A-CodingStandard"],"fileTypesAndContributionMap":{}},{"hash":"d555eaa7afbfcfd67d12b5e5a8a54297e453a758","isMergeCommit":false,"messageTitle":"Add FindCommand class","messageBody":"","fileTypesAndContributionMap":{"java":{"insertions":4,"deletions":0}}},{"hash":"eaa6bdf63935d5aa88ccafc80cc50c2c42d45834","isMergeCommit":false,"messageTitle":"CommandType class: Update to add find feature","messageBody":"","fileTypesAndContributionMap":{"java":{"insertions":4,"deletions":0}}},{"hash":"fa8f5f7877df3129b6f364c5c2a1c90225c9a998","isMergeCommit":false,"messageTitle":"Ui class: Update to add find feature","messageBody":"","fileTypesAndContributionMap":{"java":{"insertions":3,"deletions":0}}},{"hash":"c5400f8cad768fa7e4f30e18a1c47ef9d83f457f","isMergeCommit":false,"messageTitle":"FindCommand class: Add find feature","messageBody":"","fileTypesAndContributionMap":{"java":{"insertions":45,"deletions":1}}},{"hash":"f16bc726360a5da0e9138a5ccfb0b7df3cdf73d4","isMergeCommit":true,"messageTitle":"Merge branch \u0027branch-Level-9\u0027","messageBody":"","tags":["Level-9"],"fileTypesAndContributionMap":{}}]},{"date":"2025-02-03","commitResults":[{"hash":"ae0f166481e8455c70a5b6f126dc1e67f7a576e3","isMergeCommit":false,"messageTitle":"Fix checkstyle errors","messageBody":"","fileTypesAndContributionMap":{"java":{"insertions":68,"deletions":14}}},{"hash":"18208c59b4ca5d9354a65c26d4e4abac841e9184","isMergeCommit":false,"messageTitle":"Fix checkstyle errors for test files","messageBody":"","fileTypesAndContributionMap":{"java":{"insertions":9,"deletions":9}}}]}]},"authorFileTypeContributionMap":{"FabianHeng":{"java":1119,"md":2,"fxml":0,"sh":1,"bat":1,"gradle":3,"txt":13}},"authorContributionVariance":{"FabianHeng":89438.05},"authorDisplayNameMap":{"FabianHeng":"CS2103-F10-2 HENG..BIAN"}}
