{"authorDailyContributionsMap":{"pastchum":[{"date":"2025-01-23","commitResults":[{"hash":"cdbf751763f468d72cd40a07984690aef83a2dac","isMergeCommit":false,"messageTitle":"changed name","messageBody":"","fileTypesAndContributionMap":{"java":{"insertions":26,"deletions":10},"bat":{"insertions":2,"deletions":2},"sh":{"insertions":2,"deletions":2}}},{"hash":"f663648cc5da93c8a2ae819073ae3db61498a91a","isMergeCommit":false,"messageTitle":"changed greeting message","messageBody":"","fileTypesAndContributionMap":{"java":{"insertions":1,"deletions":1}}},{"hash":"2f4553b4775d1fefd3f746ea713e0f7b767988a7","isMergeCommit":true,"messageTitle":"Merge pull request #1 from pastchum/level-0","messageBody":"Level 0","fileTypesAndContributionMap":{}}]}]},"authorFileTypeContributionMap":{"pastchum":{"java":26,"md":0,"fxml":0,"sh":2,"bat":2,"gradle":0,"txt":0}},"authorContributionVariance":{"pastchum":259.10202},"authorDisplayNameMap":{"pastchum":"CS2103T-T08-2 PATR..OMAS"}}
