[{"path":"README.md","fileType":"md","lines":[{"lineNumber":1,"author":{"gitId":"sunpterodactyl"},"content":"# Sunpter project template","lastModifiedDate":"2025-01-20","isFullCredit":false},{"lineNumber":2,"author":{"gitId":"-"},"content":"","lastModifiedDate":"2020-05-25","isFullCredit":false},{"lineNumber":3,"author":{"gitId":"-"},"content":"This is a project template for a greenfield Java project. It\u0027s named after the Java mascot _Duke_. Given below are instructions on how to use it.","lastModifiedDate":"2020-05-25","isFullCredit":false},{"lineNumber":4,"author":{"gitId":"-"},"content":"","lastModifiedDate":"2020-05-25","isFullCredit":false},{"lineNumber":5,"author":{"gitId":"-"},"content":"## Setting up in Intellij","lastModifiedDate":"2020-05-25","isFullCredit":false},{"lineNumber":6,"author":{"gitId":"-"},"content":"","lastModifiedDate":"2020-05-25","isFullCredit":false},{"lineNumber":7,"author":{"gitId":"-"},"content":"Prerequisites: JDK 17, update Intellij to the most recent version.","lastModifiedDate":"2024-07-11","isFullCredit":false},{"lineNumber":8,"author":{"gitId":"-"},"content":"","lastModifiedDate":"2020-05-25","isFullCredit":false},{"lineNumber":9,"author":{"gitId":"-"},"content":"1. Open Intellij (if you are not in the welcome screen, click `File` \u003e `Close Project` to close the existing project first)","lastModifiedDate":"2021-01-17","isFullCredit":false},{"lineNumber":10,"author":{"gitId":"-"},"content":"1. Open the project into Intellij as follows:","lastModifiedDate":"2021-01-17","isFullCredit":false},{"lineNumber":11,"author":{"gitId":"-"},"content":"   1. Click `Open`.","lastModifiedDate":"2021-01-17","isFullCredit":false},{"lineNumber":12,"author":{"gitId":"-"},"content":"   1. Select the project directory, and click `OK`.","lastModifiedDate":"2021-01-17","isFullCredit":false},{"lineNumber":13,"author":{"gitId":"-"},"content":"   1. If there are any further prompts, accept the defaults.","lastModifiedDate":"2020-05-25","isFullCredit":false},{"lineNumber":14,"author":{"gitId":"-"},"content":"1. Configure the project to use **JDK 17** (not other versions) as explained in [here](https://www.jetbrains.com/help/idea/sdk.html#set-up-jdk).\u003cbr\u003e","lastModifiedDate":"2024-07-11","isFullCredit":false},{"lineNumber":15,"author":{"gitId":"-"},"content":"   In the same dialog, set the **Project language level** field to the `SDK default` option.","lastModifiedDate":"2021-07-29","isFullCredit":false},{"lineNumber":16,"author":{"gitId":"sunpterodactyl"},"content":"1. After that, locate the `src/main/java/Sunpter.java` file, right-click it, and choose `Run Sunpter.main()` (if the code editor is showing compile errors, try restarting the IDE). If the setup is correct, you should see something like the below as the output:","lastModifiedDate":"2025-01-20","isFullCredit":false},{"lineNumber":17,"author":{"gitId":"-"},"content":"   ```","lastModifiedDate":"2020-05-25","isFullCredit":false},{"lineNumber":18,"author":{"gitId":"-"},"content":"   Hello from","lastModifiedDate":"2020-05-25","isFullCredit":false},{"lineNumber":19,"author":{"gitId":"-"},"content":"    ____        _        ","lastModifiedDate":"2020-05-25","isFullCredit":false},{"lineNumber":20,"author":{"gitId":"-"},"content":"   |  _ \\ _   _| | _____ ","lastModifiedDate":"2020-05-25","isFullCredit":false},{"lineNumber":21,"author":{"gitId":"-"},"content":"   | | | | | | | |/ / _ \\","lastModifiedDate":"2020-05-25","isFullCredit":false},{"lineNumber":22,"author":{"gitId":"-"},"content":"   | |_| | |_| |   \u003c  __/","lastModifiedDate":"2020-05-25","isFullCredit":false},{"lineNumber":23,"author":{"gitId":"-"},"content":"   |____/ \\__,_|_|\\_\\___|","lastModifiedDate":"2020-05-25","isFullCredit":false},{"lineNumber":24,"author":{"gitId":"-"},"content":"   ```","lastModifiedDate":"2020-05-25","isFullCredit":false},{"lineNumber":25,"author":{"gitId":"-"},"content":"","lastModifiedDate":"2025-01-04","isFullCredit":false},{"lineNumber":26,"author":{"gitId":"-"},"content":"**Warning:** Keep the `src\\main\\java` folder as the root folder for Java files (i.e., don\u0027t rename those folders or move Java files to another folder outside of this folder path), as this is the default location some tools (e.g., Gradle) expect to find Java files.","lastModifiedDate":"2025-01-04","isFullCredit":false}],"authorContributionMap":{"sunpterodactyl":2,"-":24}},{"path":"docs/README.md","fileType":"md","lines":[{"lineNumber":1,"author":{"gitId":"sunpterodactyl"},"content":"# Sunpter User Guide","lastModifiedDate":"2025-01-20","isFullCredit":false},{"lineNumber":2,"author":{"gitId":"-"},"content":"","lastModifiedDate":"2019-07-29","isFullCredit":false},{"lineNumber":3,"author":{"gitId":"-"},"content":"// Update the title above to match the actual product name","lastModifiedDate":"2024-01-07","isFullCredit":false},{"lineNumber":4,"author":{"gitId":"-"},"content":"","lastModifiedDate":"2019-07-29","isFullCredit":false},{"lineNumber":5,"author":{"gitId":"-"},"content":"// Product screenshot goes here","lastModifiedDate":"2024-01-07","isFullCredit":false},{"lineNumber":6,"author":{"gitId":"-"},"content":"","lastModifiedDate":"2021-07-17","isFullCredit":false},{"lineNumber":7,"author":{"gitId":"-"},"content":"// Product intro goes here","lastModifiedDate":"2024-01-07","isFullCredit":false},{"lineNumber":8,"author":{"gitId":"-"},"content":"","lastModifiedDate":"2021-07-17","isFullCredit":false},{"lineNumber":9,"author":{"gitId":"-"},"content":"## Adding deadlines","lastModifiedDate":"2024-01-07","isFullCredit":false},{"lineNumber":10,"author":{"gitId":"-"},"content":"","lastModifiedDate":"2021-07-17","isFullCredit":false},{"lineNumber":11,"author":{"gitId":"-"},"content":"// Describe the action and its outcome.","lastModifiedDate":"2024-01-07","isFullCredit":false},{"lineNumber":12,"author":{"gitId":"-"},"content":"","lastModifiedDate":"2019-07-29","isFullCredit":false},{"lineNumber":13,"author":{"gitId":"-"},"content":"// Give examples of usage","lastModifiedDate":"2024-01-07","isFullCredit":false},{"lineNumber":14,"author":{"gitId":"-"},"content":"","lastModifiedDate":"2019-07-29","isFullCredit":false},{"lineNumber":15,"author":{"gitId":"-"},"content":"Example: `keyword (optional arguments)`","lastModifiedDate":"2024-01-07","isFullCredit":false},{"lineNumber":16,"author":{"gitId":"-"},"content":"","lastModifiedDate":"2019-07-29","isFullCredit":false},{"lineNumber":17,"author":{"gitId":"-"},"content":"// A description of the expected outcome goes here","lastModifiedDate":"2024-01-07","isFullCredit":false},{"lineNumber":18,"author":{"gitId":"-"},"content":"","lastModifiedDate":"2019-07-29","isFullCredit":false},{"lineNumber":19,"author":{"gitId":"-"},"content":"```","lastModifiedDate":"2024-01-07","isFullCredit":false},{"lineNumber":20,"author":{"gitId":"-"},"content":"expected output","lastModifiedDate":"2024-01-07","isFullCredit":false},{"lineNumber":21,"author":{"gitId":"-"},"content":"```","lastModifiedDate":"2024-01-07","isFullCredit":false},{"lineNumber":22,"author":{"gitId":"-"},"content":"","lastModifiedDate":"2019-07-29","isFullCredit":false},{"lineNumber":23,"author":{"gitId":"-"},"content":"## Feature ABC","lastModifiedDate":"2024-01-07","isFullCredit":false},{"lineNumber":24,"author":{"gitId":"-"},"content":"","lastModifiedDate":"2019-07-29","isFullCredit":false},{"lineNumber":25,"author":{"gitId":"-"},"content":"// Feature details","lastModifiedDate":"2024-01-07","isFullCredit":false},{"lineNumber":26,"author":{"gitId":"-"},"content":"","lastModifiedDate":"2019-07-29","isFullCredit":false},{"lineNumber":27,"author":{"gitId":"-"},"content":"","lastModifiedDate":"2021-07-17","isFullCredit":false},{"lineNumber":28,"author":{"gitId":"-"},"content":"## Feature XYZ","lastModifiedDate":"2024-01-07","isFullCredit":false},{"lineNumber":29,"author":{"gitId":"-"},"content":"","lastModifiedDate":"2024-01-07","isFullCredit":false},{"lineNumber":30,"author":{"gitId":"-"},"content":"// Feature details","lastModifiedDate":"2024-01-07","isFullCredit":false}],"authorContributionMap":{"sunpterodactyl":1,"-":29}},{"path":"src/main/java/Command.java","fileType":"java","lines":[{"lineNumber":1,"author":{"gitId":"sunpterodactyl"},"content":"//add support for an unknown command","lastModifiedDate":"2025-01-24","isFullCredit":false},{"lineNumber":2,"author":{"gitId":"sunpterodactyl"},"content":"public enum Command {","lastModifiedDate":"2025-01-24","isFullCredit":false},{"lineNumber":3,"author":{"gitId":"sunpterodactyl"},"content":"    LIST, TODO, MARK, UNMARK, DEADLINE, EVENT, DELETE, BYE, EMPTY;","lastModifiedDate":"2025-01-24","isFullCredit":false},{"lineNumber":4,"author":{"gitId":"sunpterodactyl"},"content":"    public static final Roster roster \u003d new Roster();","lastModifiedDate":"2025-01-24","isFullCredit":false},{"lineNumber":5,"author":{"gitId":"sunpterodactyl"},"content":"","lastModifiedDate":"2025-01-24","isFullCredit":false},{"lineNumber":6,"author":{"gitId":"sunpterodactyl"},"content":"    public void inputCommand(String input) {","lastModifiedDate":"2025-01-24","isFullCredit":false},{"lineNumber":7,"author":{"gitId":"sunpterodactyl"},"content":"        String[] inputParts \u003d input.split(\"\\\\s+\",2);","lastModifiedDate":"2025-01-24","isFullCredit":false},{"lineNumber":8,"author":{"gitId":"sunpterodactyl"},"content":"        System.out.println(inputParts[0]);","lastModifiedDate":"2025-01-24","isFullCredit":false},{"lineNumber":9,"author":{"gitId":"sunpterodactyl"},"content":"        String commandInput \u003d inputParts[0].toUpperCase();","lastModifiedDate":"2025-01-24","isFullCredit":false},{"lineNumber":10,"author":{"gitId":"sunpterodactyl"},"content":"        Command command \u003d Command.valueOf(commandInput);","lastModifiedDate":"2025-01-24","isFullCredit":false},{"lineNumber":11,"author":{"gitId":"sunpterodactyl"},"content":"","lastModifiedDate":"2025-01-24","isFullCredit":false},{"lineNumber":12,"author":{"gitId":"sunpterodactyl"},"content":"        switch (command) {","lastModifiedDate":"2025-01-24","isFullCredit":false},{"lineNumber":13,"author":{"gitId":"sunpterodactyl"},"content":"            case DELETE:","lastModifiedDate":"2025-01-24","isFullCredit":false},{"lineNumber":14,"author":{"gitId":"sunpterodactyl"},"content":"                int number \u003d Integer.parseInt(inputParts[1]);","lastModifiedDate":"2025-01-24","isFullCredit":false},{"lineNumber":15,"author":{"gitId":"sunpterodactyl"},"content":"                Task task \u003d roster.getTask(number);","lastModifiedDate":"2025-01-24","isFullCredit":false},{"lineNumber":16,"author":{"gitId":"sunpterodactyl"},"content":"                roster.removeTask(number);","lastModifiedDate":"2025-01-24","isFullCredit":false},{"lineNumber":17,"author":{"gitId":"sunpterodactyl"},"content":"                String removedTask \u003d \"Noted. I\u0027ve removed this task:\\n\" +","lastModifiedDate":"2025-01-24","isFullCredit":false},{"lineNumber":18,"author":{"gitId":"sunpterodactyl"},"content":"                        \"\\n\" + task.toString() + \"\\n\" +","lastModifiedDate":"2025-01-24","isFullCredit":false},{"lineNumber":19,"author":{"gitId":"sunpterodactyl"},"content":"                        \"Now you have \" + roster.numberofTasks() + \" tasks in the list.\";","lastModifiedDate":"2025-01-24","isFullCredit":false},{"lineNumber":20,"author":{"gitId":"sunpterodactyl"},"content":"                System.out.println(Sunpter.encapsulateInLines(removedTask));","lastModifiedDate":"2025-01-24","isFullCredit":false},{"lineNumber":21,"author":{"gitId":"sunpterodactyl"},"content":"                break;","lastModifiedDate":"2025-01-24","isFullCredit":false},{"lineNumber":22,"author":{"gitId":"sunpterodactyl"},"content":"            case BYE:","lastModifiedDate":"2025-01-24","isFullCredit":false},{"lineNumber":23,"author":{"gitId":"sunpterodactyl"},"content":"                break;","lastModifiedDate":"2025-01-24","isFullCredit":false},{"lineNumber":24,"author":{"gitId":"sunpterodactyl"},"content":"            case UNMARK:","lastModifiedDate":"2025-01-24","isFullCredit":false},{"lineNumber":25,"author":{"gitId":"sunpterodactyl"},"content":"                int numberThree \u003d Integer.parseInt(inputParts[1].trim());","lastModifiedDate":"2025-01-24","isFullCredit":false},{"lineNumber":26,"author":{"gitId":"sunpterodactyl"},"content":"                roster.markTaskAsUncompleted(numberThree);","lastModifiedDate":"2025-01-24","isFullCredit":false},{"lineNumber":27,"author":{"gitId":"sunpterodactyl"},"content":"                System.out.println(Sunpter.encapsulateInLines(Sunpter.taskUnDone + \"\\n\" + roster.getTask(numberThree).toString()));","lastModifiedDate":"2025-01-24","isFullCredit":false},{"lineNumber":28,"author":{"gitId":"sunpterodactyl"},"content":"                break;","lastModifiedDate":"2025-01-24","isFullCredit":false},{"lineNumber":29,"author":{"gitId":"sunpterodactyl"},"content":"            case MARK:","lastModifiedDate":"2025-01-24","isFullCredit":false},{"lineNumber":30,"author":{"gitId":"sunpterodactyl"},"content":"                int numberTwo \u003d Integer.parseInt(inputParts[1].trim());","lastModifiedDate":"2025-01-24","isFullCredit":false},{"lineNumber":31,"author":{"gitId":"sunpterodactyl"},"content":"                roster.markTaskAsCompleted(numberTwo);","lastModifiedDate":"2025-01-24","isFullCredit":false},{"lineNumber":32,"author":{"gitId":"sunpterodactyl"},"content":"                System.out.println(Sunpter.encapsulateInLines(Sunpter.taskDone + \"\\n\" + roster.getTask(numberTwo).toString()));","lastModifiedDate":"2025-01-24","isFullCredit":false},{"lineNumber":33,"author":{"gitId":"sunpterodactyl"},"content":"                break;","lastModifiedDate":"2025-01-24","isFullCredit":false},{"lineNumber":34,"author":{"gitId":"sunpterodactyl"},"content":"            case EVENT:","lastModifiedDate":"2025-01-24","isFullCredit":false},{"lineNumber":35,"author":{"gitId":"sunpterodactyl"},"content":"                    String[] eventParts \u003d inputParts[1].split(\"/from|/to\");","lastModifiedDate":"2025-01-24","isFullCredit":false},{"lineNumber":36,"author":{"gitId":"sunpterodactyl"},"content":"                    String event \u003d eventParts[0]; String start \u003d eventParts[1].trim();String end \u003d eventParts[2].trim();","lastModifiedDate":"2025-01-24","isFullCredit":false},{"lineNumber":37,"author":{"gitId":"sunpterodactyl"},"content":"                    Task newEvent \u003d new Event(event, start, end);","lastModifiedDate":"2025-01-24","isFullCredit":false},{"lineNumber":38,"author":{"gitId":"sunpterodactyl"},"content":"                    roster.addTask(newEvent);","lastModifiedDate":"2025-01-24","isFullCredit":false},{"lineNumber":39,"author":{"gitId":"sunpterodactyl"},"content":"                    String eventAdded \u003d \"Got it. I\u0027ve added this task:\" +","lastModifiedDate":"2025-01-24","isFullCredit":false},{"lineNumber":40,"author":{"gitId":"sunpterodactyl"},"content":"                            \"\\n\" + newEvent.toString() + \"\\n\" +","lastModifiedDate":"2025-01-24","isFullCredit":false},{"lineNumber":41,"author":{"gitId":"sunpterodactyl"},"content":"                            \"Now you have \" + roster.numberofTasks() + \" tasks in the list.\";","lastModifiedDate":"2025-01-24","isFullCredit":false},{"lineNumber":42,"author":{"gitId":"sunpterodactyl"},"content":"                    System.out.println(Sunpter.encapsulateInLines(eventAdded));","lastModifiedDate":"2025-01-24","isFullCredit":false},{"lineNumber":43,"author":{"gitId":"sunpterodactyl"},"content":"                    break;","lastModifiedDate":"2025-01-24","isFullCredit":false},{"lineNumber":44,"author":{"gitId":"sunpterodactyl"},"content":"            case DEADLINE:","lastModifiedDate":"2025-01-24","isFullCredit":false},{"lineNumber":45,"author":{"gitId":"sunpterodactyl"},"content":"                    String[] deadlineParts \u003d inputParts[1].split(\"/by\");","lastModifiedDate":"2025-01-24","isFullCredit":false},{"lineNumber":46,"author":{"gitId":"sunpterodactyl"},"content":"                    String taskName \u003d deadlineParts[0].trim(); String deadline \u003d deadlineParts[1].trim();","lastModifiedDate":"2025-01-24","isFullCredit":false},{"lineNumber":47,"author":{"gitId":"sunpterodactyl"},"content":"                    Task newDeadline \u003d new Deadline(taskName, deadline);","lastModifiedDate":"2025-01-24","isFullCredit":false},{"lineNumber":48,"author":{"gitId":"sunpterodactyl"},"content":"                    roster.addTask(newDeadline);","lastModifiedDate":"2025-01-24","isFullCredit":false},{"lineNumber":49,"author":{"gitId":"sunpterodactyl"},"content":"                    String deadlineAdded \u003d \"Got it. I\u0027ve added this task:\" +","lastModifiedDate":"2025-01-24","isFullCredit":false},{"lineNumber":50,"author":{"gitId":"sunpterodactyl"},"content":"                            \"\\n\" + newDeadline.toString() + \"\\n\" +","lastModifiedDate":"2025-01-24","isFullCredit":false},{"lineNumber":51,"author":{"gitId":"sunpterodactyl"},"content":"                            \"Now you have \" + roster.numberofTasks() + \" tasks in the list.\";","lastModifiedDate":"2025-01-24","isFullCredit":false},{"lineNumber":52,"author":{"gitId":"sunpterodactyl"},"content":"                    System.out.println(Sunpter.encapsulateInLines(deadlineAdded));","lastModifiedDate":"2025-01-24","isFullCredit":false},{"lineNumber":53,"author":{"gitId":"sunpterodactyl"},"content":"                    break;","lastModifiedDate":"2025-01-24","isFullCredit":false},{"lineNumber":54,"author":{"gitId":"sunpterodactyl"},"content":"","lastModifiedDate":"2025-01-24","isFullCredit":false},{"lineNumber":55,"author":{"gitId":"sunpterodactyl"},"content":"            case TODO:","lastModifiedDate":"2025-01-24","isFullCredit":false},{"lineNumber":56,"author":{"gitId":"sunpterodactyl"},"content":"                    if(inputParts[1].isEmpty()) {","lastModifiedDate":"2025-01-24","isFullCredit":false},{"lineNumber":57,"author":{"gitId":"sunpterodactyl"},"content":"                        throw new SunpterException(\"Empty command\");","lastModifiedDate":"2025-01-24","isFullCredit":false},{"lineNumber":58,"author":{"gitId":"sunpterodactyl"},"content":"                    }","lastModifiedDate":"2025-01-24","isFullCredit":false},{"lineNumber":59,"author":{"gitId":"sunpterodactyl"},"content":"                    Task newtodo \u003d new ToDo(inputParts[1].trim());","lastModifiedDate":"2025-01-24","isFullCredit":false},{"lineNumber":60,"author":{"gitId":"sunpterodactyl"},"content":"                    roster.addTask(newtodo);","lastModifiedDate":"2025-01-24","isFullCredit":false},{"lineNumber":61,"author":{"gitId":"sunpterodactyl"},"content":"                    String todoAdded \u003d \"Got it. I\u0027ve added this task:\" +","lastModifiedDate":"2025-01-24","isFullCredit":false},{"lineNumber":62,"author":{"gitId":"sunpterodactyl"},"content":"                            \"\\n\" + newtodo.toString() + \"\\n\" +","lastModifiedDate":"2025-01-24","isFullCredit":false},{"lineNumber":63,"author":{"gitId":"sunpterodactyl"},"content":"                            \"Now you have \" + roster.numberofTasks() + \" tasks in the list.\";","lastModifiedDate":"2025-01-24","isFullCredit":false},{"lineNumber":64,"author":{"gitId":"sunpterodactyl"},"content":"                    System.out.println(Sunpter.encapsulateInLines(todoAdded));","lastModifiedDate":"2025-01-24","isFullCredit":false},{"lineNumber":65,"author":{"gitId":"sunpterodactyl"},"content":"                    break;","lastModifiedDate":"2025-01-24","isFullCredit":false},{"lineNumber":66,"author":{"gitId":"sunpterodactyl"},"content":"            case LIST:","lastModifiedDate":"2025-01-24","isFullCredit":false},{"lineNumber":67,"author":{"gitId":"sunpterodactyl"},"content":"                System.out.println(Sunpter.encapsulateInLines(roster.printRoster()));","lastModifiedDate":"2025-01-24","isFullCredit":false},{"lineNumber":68,"author":{"gitId":"sunpterodactyl"},"content":"                break;","lastModifiedDate":"2025-01-24","isFullCredit":false},{"lineNumber":69,"author":{"gitId":"sunpterodactyl"},"content":"            default:","lastModifiedDate":"2025-01-24","isFullCredit":false},{"lineNumber":70,"author":{"gitId":"sunpterodactyl"},"content":"        }","lastModifiedDate":"2025-01-24","isFullCredit":false},{"lineNumber":71,"author":{"gitId":"sunpterodactyl"},"content":"    }","lastModifiedDate":"2025-01-24","isFullCredit":false},{"lineNumber":72,"author":{"gitId":"sunpterodactyl"},"content":"}","lastModifiedDate":"2025-01-24","isFullCredit":false}],"authorContributionMap":{"sunpterodactyl":72}},{"path":"src/main/java/Deadline.java","fileType":"java","lines":[{"lineNumber":1,"author":{"gitId":"sunpterodactyl"},"content":"//remove local date time for now since there is no consistent format","lastModifiedDate":"2025-01-20","isFullCredit":false},{"lineNumber":2,"author":{"gitId":"sunpterodactyl"},"content":"public class Deadline extends Task{","lastModifiedDate":"2025-01-20","isFullCredit":false},{"lineNumber":3,"author":{"gitId":"sunpterodactyl"},"content":"    String deadline;","lastModifiedDate":"2025-01-20","isFullCredit":false},{"lineNumber":4,"author":{"gitId":"sunpterodactyl"},"content":"","lastModifiedDate":"2025-01-20","isFullCredit":false},{"lineNumber":5,"author":{"gitId":"sunpterodactyl"},"content":"    public Deadline(String name, String deadline) {","lastModifiedDate":"2025-01-20","isFullCredit":false},{"lineNumber":6,"author":{"gitId":"sunpterodactyl"},"content":"        super(name);","lastModifiedDate":"2025-01-20","isFullCredit":false},{"lineNumber":7,"author":{"gitId":"sunpterodactyl"},"content":"        this.deadline \u003d deadline;","lastModifiedDate":"2025-01-20","isFullCredit":false},{"lineNumber":8,"author":{"gitId":"sunpterodactyl"},"content":"    }","lastModifiedDate":"2025-01-20","isFullCredit":false},{"lineNumber":9,"author":{"gitId":"sunpterodactyl"},"content":"","lastModifiedDate":"2025-01-20","isFullCredit":false},{"lineNumber":10,"author":{"gitId":"sunpterodactyl"},"content":"    @Override","lastModifiedDate":"2025-01-20","isFullCredit":false},{"lineNumber":11,"author":{"gitId":"sunpterodactyl"},"content":"    public String toString() {","lastModifiedDate":"2025-01-20","isFullCredit":false},{"lineNumber":12,"author":{"gitId":"sunpterodactyl"},"content":"        return \"[D]\" + getStatusIcon() + \" \" + getName() + \"(by: \" + deadline +\")\";","lastModifiedDate":"2025-01-20","isFullCredit":false},{"lineNumber":13,"author":{"gitId":"sunpterodactyl"},"content":"    }","lastModifiedDate":"2025-01-20","isFullCredit":false},{"lineNumber":14,"author":{"gitId":"sunpterodactyl"},"content":"}","lastModifiedDate":"2025-01-20","isFullCredit":false}],"authorContributionMap":{"sunpterodactyl":14}},{"path":"src/main/java/Event.java","fileType":"java","lines":[{"lineNumber":1,"author":{"gitId":"sunpterodactyl"},"content":"","lastModifiedDate":"2025-01-20","isFullCredit":false},{"lineNumber":2,"author":{"gitId":"sunpterodactyl"},"content":"public class Event extends Task{","lastModifiedDate":"2025-01-20","isFullCredit":false},{"lineNumber":3,"author":{"gitId":"sunpterodactyl"},"content":"    private String start;","lastModifiedDate":"2025-01-20","isFullCredit":false},{"lineNumber":4,"author":{"gitId":"sunpterodactyl"},"content":"    private String end;","lastModifiedDate":"2025-01-20","isFullCredit":false},{"lineNumber":5,"author":{"gitId":"sunpterodactyl"},"content":"","lastModifiedDate":"2025-01-20","isFullCredit":false},{"lineNumber":6,"author":{"gitId":"sunpterodactyl"},"content":"    public Event(String name, String start, String end) {","lastModifiedDate":"2025-01-20","isFullCredit":false},{"lineNumber":7,"author":{"gitId":"sunpterodactyl"},"content":"        super(name);","lastModifiedDate":"2025-01-20","isFullCredit":false},{"lineNumber":8,"author":{"gitId":"sunpterodactyl"},"content":"        this.start \u003d start;","lastModifiedDate":"2025-01-20","isFullCredit":false},{"lineNumber":9,"author":{"gitId":"sunpterodactyl"},"content":"        this.end \u003d end;","lastModifiedDate":"2025-01-20","isFullCredit":false},{"lineNumber":10,"author":{"gitId":"sunpterodactyl"},"content":"    }","lastModifiedDate":"2025-01-20","isFullCredit":false},{"lineNumber":11,"author":{"gitId":"sunpterodactyl"},"content":"","lastModifiedDate":"2025-01-20","isFullCredit":false},{"lineNumber":12,"author":{"gitId":"sunpterodactyl"},"content":"    @Override","lastModifiedDate":"2025-01-20","isFullCredit":false},{"lineNumber":13,"author":{"gitId":"sunpterodactyl"},"content":"    public String toString() {","lastModifiedDate":"2025-01-20","isFullCredit":false},{"lineNumber":14,"author":{"gitId":"sunpterodactyl"},"content":"        return \"[E]\" + getStatusIcon() + \" \" + getName() + \"(from: \" + start + \" to: \"+end +\")\";","lastModifiedDate":"2025-01-20","isFullCredit":false},{"lineNumber":15,"author":{"gitId":"sunpterodactyl"},"content":"    }","lastModifiedDate":"2025-01-20","isFullCredit":false},{"lineNumber":16,"author":{"gitId":"sunpterodactyl"},"content":"}","lastModifiedDate":"2025-01-20","isFullCredit":false}],"authorContributionMap":{"sunpterodactyl":16}},{"path":"src/main/java/Roster.java","fileType":"java","lines":[{"lineNumber":1,"author":{"gitId":"sunpterodactyl"},"content":"/*","lastModifiedDate":"2025-01-20","isFullCredit":false},{"lineNumber":2,"author":{"gitId":"sunpterodactyl"},"content":"This class helps keep encapsulate and update a task list.","lastModifiedDate":"2025-01-20","isFullCredit":false},{"lineNumber":3,"author":{"gitId":"sunpterodactyl"},"content":" */","lastModifiedDate":"2025-01-20","isFullCredit":false},{"lineNumber":4,"author":{"gitId":"sunpterodactyl"},"content":"import java.sql.Array;","lastModifiedDate":"2025-01-20","isFullCredit":false},{"lineNumber":5,"author":{"gitId":"sunpterodactyl"},"content":"import java.util.ArrayList;","lastModifiedDate":"2025-01-20","isFullCredit":false},{"lineNumber":6,"author":{"gitId":"sunpterodactyl"},"content":"public class Roster {","lastModifiedDate":"2025-01-20","isFullCredit":false},{"lineNumber":7,"author":{"gitId":"sunpterodactyl"},"content":"    protected ArrayList\u003cTask\u003e rosterList \u003d new ArrayList\u003c\u003e(); //just use array for now","lastModifiedDate":"2025-01-20","isFullCredit":false},{"lineNumber":8,"author":{"gitId":"sunpterodactyl"},"content":"","lastModifiedDate":"2025-01-20","isFullCredit":false},{"lineNumber":9,"author":{"gitId":"sunpterodactyl"},"content":"    Roster() {}","lastModifiedDate":"2025-01-20","isFullCredit":false},{"lineNumber":10,"author":{"gitId":"sunpterodactyl"},"content":"","lastModifiedDate":"2025-01-20","isFullCredit":false},{"lineNumber":11,"author":{"gitId":"sunpterodactyl"},"content":"    //roster length","lastModifiedDate":"2025-01-20","isFullCredit":false},{"lineNumber":12,"author":{"gitId":"sunpterodactyl"},"content":"    public int numberofTasks() {","lastModifiedDate":"2025-01-20","isFullCredit":false},{"lineNumber":13,"author":{"gitId":"sunpterodactyl"},"content":"        return rosterList.size();","lastModifiedDate":"2025-01-20","isFullCredit":false},{"lineNumber":14,"author":{"gitId":"sunpterodactyl"},"content":"    }","lastModifiedDate":"2025-01-20","isFullCredit":false},{"lineNumber":15,"author":{"gitId":"sunpterodactyl"},"content":"","lastModifiedDate":"2025-01-20","isFullCredit":false},{"lineNumber":16,"author":{"gitId":"sunpterodactyl"},"content":"    //read from the roster","lastModifiedDate":"2025-01-20","isFullCredit":false},{"lineNumber":17,"author":{"gitId":"sunpterodactyl"},"content":"    public String printRoster() {","lastModifiedDate":"2025-01-20","isFullCredit":false},{"lineNumber":18,"author":{"gitId":"sunpterodactyl"},"content":"        StringBuilder sb \u003d new StringBuilder(\"Here are the tasks in your roster:\\n\");","lastModifiedDate":"2025-01-20","isFullCredit":false},{"lineNumber":19,"author":{"gitId":"sunpterodactyl"},"content":"        int taskIndex \u003d 1;","lastModifiedDate":"2025-01-20","isFullCredit":false},{"lineNumber":20,"author":{"gitId":"sunpterodactyl"},"content":"        for (Task task : rosterList) {","lastModifiedDate":"2025-01-20","isFullCredit":false},{"lineNumber":21,"author":{"gitId":"sunpterodactyl"},"content":"            sb.append(\"\\n\" + taskIndex + \". \" + task.toString());","lastModifiedDate":"2025-01-20","isFullCredit":false},{"lineNumber":22,"author":{"gitId":"sunpterodactyl"},"content":"            taskIndex++;","lastModifiedDate":"2025-01-20","isFullCredit":false},{"lineNumber":23,"author":{"gitId":"sunpterodactyl"},"content":"        }","lastModifiedDate":"2025-01-20","isFullCredit":false},{"lineNumber":24,"author":{"gitId":"sunpterodactyl"},"content":"        return sb.toString();","lastModifiedDate":"2025-01-20","isFullCredit":false},{"lineNumber":25,"author":{"gitId":"sunpterodactyl"},"content":"    }","lastModifiedDate":"2025-01-20","isFullCredit":false},{"lineNumber":26,"author":{"gitId":"sunpterodactyl"},"content":"    //add a task to the roster","lastModifiedDate":"2025-01-20","isFullCredit":false},{"lineNumber":27,"author":{"gitId":"sunpterodactyl"},"content":"    public void addTask(Task task) {","lastModifiedDate":"2025-01-20","isFullCredit":false},{"lineNumber":28,"author":{"gitId":"sunpterodactyl"},"content":"        rosterList.add(task);","lastModifiedDate":"2025-01-20","isFullCredit":false},{"lineNumber":29,"author":{"gitId":"sunpterodactyl"},"content":"    }","lastModifiedDate":"2025-01-20","isFullCredit":false},{"lineNumber":30,"author":{"gitId":"sunpterodactyl"},"content":"    //delete a task from the roster","lastModifiedDate":"2025-01-20","isFullCredit":false},{"lineNumber":31,"author":{"gitId":"sunpterodactyl"},"content":"    public void removeTask(int index) {","lastModifiedDate":"2025-01-20","isFullCredit":false},{"lineNumber":32,"author":{"gitId":"sunpterodactyl"},"content":"        rosterList.remove(index - 1);","lastModifiedDate":"2025-01-20","isFullCredit":false},{"lineNumber":33,"author":{"gitId":"sunpterodactyl"},"content":"    }","lastModifiedDate":"2025-01-20","isFullCredit":false},{"lineNumber":34,"author":{"gitId":"sunpterodactyl"},"content":"    //mark a task","lastModifiedDate":"2025-01-20","isFullCredit":false},{"lineNumber":35,"author":{"gitId":"sunpterodactyl"},"content":"    public void markTaskAsCompleted(int num) {","lastModifiedDate":"2025-01-20","isFullCredit":false},{"lineNumber":36,"author":{"gitId":"sunpterodactyl"},"content":"        Task completedTask \u003d getTask(num);","lastModifiedDate":"2025-01-20","isFullCredit":false},{"lineNumber":37,"author":{"gitId":"sunpterodactyl"},"content":"        completedTask.setCompleted();","lastModifiedDate":"2025-01-20","isFullCredit":false},{"lineNumber":38,"author":{"gitId":"sunpterodactyl"},"content":"    }","lastModifiedDate":"2025-01-20","isFullCredit":false},{"lineNumber":39,"author":{"gitId":"sunpterodactyl"},"content":"","lastModifiedDate":"2025-01-20","isFullCredit":false},{"lineNumber":40,"author":{"gitId":"sunpterodactyl"},"content":"    //unmark a task","lastModifiedDate":"2025-01-20","isFullCredit":false},{"lineNumber":41,"author":{"gitId":"sunpterodactyl"},"content":"    public void markTaskAsUncompleted(int num) {","lastModifiedDate":"2025-01-20","isFullCredit":false},{"lineNumber":42,"author":{"gitId":"sunpterodactyl"},"content":"        Task completedTask \u003d getTask(num);","lastModifiedDate":"2025-01-20","isFullCredit":false},{"lineNumber":43,"author":{"gitId":"sunpterodactyl"},"content":"        completedTask.setNotCompleted();","lastModifiedDate":"2025-01-20","isFullCredit":false},{"lineNumber":44,"author":{"gitId":"sunpterodactyl"},"content":"    }","lastModifiedDate":"2025-01-20","isFullCredit":false},{"lineNumber":45,"author":{"gitId":"sunpterodactyl"},"content":"","lastModifiedDate":"2025-01-20","isFullCredit":false},{"lineNumber":46,"author":{"gitId":"sunpterodactyl"},"content":"    //get the task","lastModifiedDate":"2025-01-20","isFullCredit":false},{"lineNumber":47,"author":{"gitId":"sunpterodactyl"},"content":"    public Task getTask(int num) {","lastModifiedDate":"2025-01-20","isFullCredit":false},{"lineNumber":48,"author":{"gitId":"sunpterodactyl"},"content":"        return rosterList.get(num - 1);","lastModifiedDate":"2025-01-20","isFullCredit":false},{"lineNumber":49,"author":{"gitId":"sunpterodactyl"},"content":"    }","lastModifiedDate":"2025-01-20","isFullCredit":false},{"lineNumber":50,"author":{"gitId":"sunpterodactyl"},"content":"}","lastModifiedDate":"2025-01-20","isFullCredit":false}],"authorContributionMap":{"sunpterodactyl":50}},{"path":"src/main/java/Sunpter.java","fileType":"java","lines":[{"lineNumber":1,"author":{"gitId":"sunpterodactyl"},"content":"import java.util.Scanner;","lastModifiedDate":"2025-01-20","isFullCredit":false},{"lineNumber":2,"author":{"gitId":"sunpterodactyl"},"content":"","lastModifiedDate":"2025-01-20","isFullCredit":false},{"lineNumber":3,"author":{"gitId":"sunpterodactyl"},"content":"public class Sunpter {","lastModifiedDate":"2025-01-20","isFullCredit":false},{"lineNumber":4,"author":{"gitId":"sunpterodactyl"},"content":"    public static void main(String[] args) {","lastModifiedDate":"2025-01-20","isFullCredit":false},{"lineNumber":5,"author":{"gitId":"sunpterodactyl"},"content":"        String logo \u003d \" ____        _        \\n\"","lastModifiedDate":"2025-01-20","isFullCredit":false},{"lineNumber":6,"author":{"gitId":"sunpterodactyl"},"content":"                + \"|  _ \\\\ _   _| | _____ \\n\"","lastModifiedDate":"2025-01-20","isFullCredit":false},{"lineNumber":7,"author":{"gitId":"sunpterodactyl"},"content":"                + \"| | | | | | | |/ / _ \\\\\\n\"","lastModifiedDate":"2025-01-20","isFullCredit":false},{"lineNumber":8,"author":{"gitId":"sunpterodactyl"},"content":"                + \"| |_| | |_| |   \u003c  __/\\n\"","lastModifiedDate":"2025-01-20","isFullCredit":false},{"lineNumber":9,"author":{"gitId":"sunpterodactyl"},"content":"                + \"|____/ \\\\__,_|_|\\\\_\\\\___|\\n\";","lastModifiedDate":"2025-01-20","isFullCredit":false},{"lineNumber":10,"author":{"gitId":"sunpterodactyl"},"content":"","lastModifiedDate":"2025-01-20","isFullCredit":false},{"lineNumber":11,"author":{"gitId":"sunpterodactyl"},"content":"        System.out.println(encapsulateInLines(GREETING));","lastModifiedDate":"2025-01-20","isFullCredit":false},{"lineNumber":12,"author":{"gitId":"sunpterodactyl"},"content":"        Scanner scanner \u003d new Scanner(System.in);","lastModifiedDate":"2025-01-24","isFullCredit":false},{"lineNumber":13,"author":{"gitId":"sunpterodactyl"},"content":"        Command commandEnum \u003d Command.EMPTY;","lastModifiedDate":"2025-01-24","isFullCredit":false},{"lineNumber":14,"author":{"gitId":"sunpterodactyl"},"content":"        String input \u003d \"\";","lastModifiedDate":"2025-01-24","isFullCredit":false},{"lineNumber":15,"author":{"gitId":"sunpterodactyl"},"content":"        while (true) {","lastModifiedDate":"2025-01-20","isFullCredit":false},{"lineNumber":16,"author":{"gitId":"sunpterodactyl"},"content":"            try {","lastModifiedDate":"2025-01-20","isFullCredit":false},{"lineNumber":17,"author":{"gitId":"sunpterodactyl"},"content":"                input \u003d scanner.nextLine();","lastModifiedDate":"2025-01-24","isFullCredit":false},{"lineNumber":18,"author":{"gitId":"sunpterodactyl"},"content":"                if (input \u003d\u003d null || input.trim().isEmpty()) {","lastModifiedDate":"2025-01-24","isFullCredit":false},{"lineNumber":19,"author":{"gitId":"sunpterodactyl"},"content":"                    throw new SunpterException(\"Empty input. Please enter a valid command.\");","lastModifiedDate":"2025-01-24","isFullCredit":false},{"lineNumber":20,"author":{"gitId":"sunpterodactyl"},"content":"                }","lastModifiedDate":"2025-01-20","isFullCredit":false},{"lineNumber":21,"author":{"gitId":"sunpterodactyl"},"content":"                String[] inputParts \u003d input.split(\" \", 2);","lastModifiedDate":"2025-01-24","isFullCredit":false},{"lineNumber":22,"author":{"gitId":"sunpterodactyl"},"content":"                String commandInput \u003d inputParts[0].toUpperCase();","lastModifiedDate":"2025-01-24","isFullCredit":false},{"lineNumber":23,"author":{"gitId":"sunpterodactyl"},"content":"                try {","lastModifiedDate":"2025-01-24","isFullCredit":false},{"lineNumber":24,"author":{"gitId":"sunpterodactyl"},"content":"                    commandEnum \u003d Command.valueOf(commandInput);","lastModifiedDate":"2025-01-24","isFullCredit":false},{"lineNumber":25,"author":{"gitId":"sunpterodactyl"},"content":"                } catch (IllegalArgumentException e) {","lastModifiedDate":"2025-01-24","isFullCredit":false},{"lineNumber":26,"author":{"gitId":"sunpterodactyl"},"content":"                    System.out.println(\"Invalid command. Please enter LIST, TODO, MARK, UNMARK, DEADLINE, EVENT, DELETE, or BYE.\");","lastModifiedDate":"2025-01-24","isFullCredit":false},{"lineNumber":27,"author":{"gitId":"sunpterodactyl"},"content":"                    continue;","lastModifiedDate":"2025-01-24","isFullCredit":false},{"lineNumber":28,"author":{"gitId":"sunpterodactyl"},"content":"                }","lastModifiedDate":"2025-01-20","isFullCredit":false},{"lineNumber":29,"author":{"gitId":"sunpterodactyl"},"content":"                if (commandEnum \u003d\u003d Command.BYE) {","lastModifiedDate":"2025-01-24","isFullCredit":false},{"lineNumber":30,"author":{"gitId":"sunpterodactyl"},"content":"                    break;","lastModifiedDate":"2025-01-20","isFullCredit":false},{"lineNumber":31,"author":{"gitId":"sunpterodactyl"},"content":"                }","lastModifiedDate":"2025-01-20","isFullCredit":false},{"lineNumber":32,"author":{"gitId":"sunpterodactyl"},"content":"                commandEnum.inputCommand(input);","lastModifiedDate":"2025-01-24","isFullCredit":false},{"lineNumber":33,"author":{"gitId":"sunpterodactyl"},"content":"            } catch (SunpterException e) {","lastModifiedDate":"2025-01-24","isFullCredit":false},{"lineNumber":34,"author":{"gitId":"sunpterodactyl"},"content":"                System.out.println(e.getMessage());","lastModifiedDate":"2025-01-24","isFullCredit":false},{"lineNumber":35,"author":{"gitId":"sunpterodactyl"},"content":"            }","lastModifiedDate":"2025-01-20","isFullCredit":false},{"lineNumber":36,"author":{"gitId":"sunpterodactyl"},"content":"        }","lastModifiedDate":"2025-01-20","isFullCredit":false},{"lineNumber":37,"author":{"gitId":"sunpterodactyl"},"content":"        scanner.close();","lastModifiedDate":"2025-01-20","isFullCredit":false},{"lineNumber":38,"author":{"gitId":"sunpterodactyl"},"content":"        System.out.println(encapsulateInLines(FIN));","lastModifiedDate":"2025-01-24","isFullCredit":false},{"lineNumber":39,"author":{"gitId":"sunpterodactyl"},"content":"    }","lastModifiedDate":"2025-01-20","isFullCredit":false},{"lineNumber":40,"author":{"gitId":"sunpterodactyl"},"content":"    public static String encapsulateInLines(String str) {","lastModifiedDate":"2025-01-20","isFullCredit":false},{"lineNumber":41,"author":{"gitId":"sunpterodactyl"},"content":"        String horizontalLine \u003d \"____________________________________________________________\";","lastModifiedDate":"2025-01-20","isFullCredit":false},{"lineNumber":42,"author":{"gitId":"sunpterodactyl"},"content":"        return horizontalLine + \"\\n\" + str + \"\\n\" + horizontalLine;","lastModifiedDate":"2025-01-20","isFullCredit":false},{"lineNumber":43,"author":{"gitId":"sunpterodactyl"},"content":"    }","lastModifiedDate":"2025-01-20","isFullCredit":false},{"lineNumber":44,"author":{"gitId":"sunpterodactyl"},"content":"    static String GREETING \u003d \"Bonjour, je m\u0027appelle Sunpter\\n\" + \"Que puis-je faire pour vous?\";","lastModifiedDate":"2025-01-24","isFullCredit":false},{"lineNumber":45,"author":{"gitId":"sunpterodactyl"},"content":"    static String FIN \u003d \"Alors, je suis fatigué. Tu parles trop! À bientôt.\";","lastModifiedDate":"2025-01-24","isFullCredit":false},{"lineNumber":46,"author":{"gitId":"sunpterodactyl"},"content":"    static String taskDone \u003d \"Incroyable! Alors cette tâche est finie.\";","lastModifiedDate":"2025-01-24","isFullCredit":false},{"lineNumber":47,"author":{"gitId":"sunpterodactyl"},"content":"    static String taskUnDone \u003d \"Alors, cette tâche n\u0027est pas terminée. Essaie plus fort!\";","lastModifiedDate":"2025-01-24","isFullCredit":false},{"lineNumber":48,"author":{"gitId":"sunpterodactyl"},"content":"}","lastModifiedDate":"2025-01-20","isFullCredit":false}],"authorContributionMap":{"sunpterodactyl":48}},{"path":"src/main/java/SunpterException.java","fileType":"java","lines":[{"lineNumber":1,"author":{"gitId":"sunpterodactyl"},"content":"public class SunpterException extends IllegalArgumentException{","lastModifiedDate":"2025-01-20","isFullCredit":false},{"lineNumber":2,"author":{"gitId":"sunpterodactyl"},"content":"    public SunpterException(String message) {","lastModifiedDate":"2025-01-24","isFullCredit":false},{"lineNumber":3,"author":{"gitId":"sunpterodactyl"},"content":"        super(message);","lastModifiedDate":"2025-01-24","isFullCredit":false},{"lineNumber":4,"author":{"gitId":"sunpterodactyl"},"content":"    }","lastModifiedDate":"2025-01-20","isFullCredit":false},{"lineNumber":5,"author":{"gitId":"sunpterodactyl"},"content":"}","lastModifiedDate":"2025-01-20","isFullCredit":false}],"authorContributionMap":{"sunpterodactyl":5}},{"path":"src/main/java/Task.java","fileType":"java","lines":[{"lineNumber":1,"author":{"gitId":"sunpterodactyl"},"content":"public class Task {","lastModifiedDate":"2025-01-20","isFullCredit":false},{"lineNumber":2,"author":{"gitId":"sunpterodactyl"},"content":"","lastModifiedDate":"2025-01-22","isFullCredit":false},{"lineNumber":3,"author":{"gitId":"sunpterodactyl"},"content":"    public enum Status{","lastModifiedDate":"2025-01-22","isFullCredit":false},{"lineNumber":4,"author":{"gitId":"sunpterodactyl"},"content":"        FINISHED, UNFINISHED;","lastModifiedDate":"2025-01-22","isFullCredit":false},{"lineNumber":5,"author":{"gitId":"sunpterodactyl"},"content":"    }","lastModifiedDate":"2025-01-22","isFullCredit":false},{"lineNumber":6,"author":{"gitId":"sunpterodactyl"},"content":"","lastModifiedDate":"2025-01-22","isFullCredit":false},{"lineNumber":7,"author":{"gitId":"sunpterodactyl"},"content":"    protected String name;","lastModifiedDate":"2025-01-20","isFullCredit":false},{"lineNumber":8,"author":{"gitId":"sunpterodactyl"},"content":"    protected Status status;","lastModifiedDate":"2025-01-22","isFullCredit":false},{"lineNumber":9,"author":{"gitId":"sunpterodactyl"},"content":"","lastModifiedDate":"2025-01-20","isFullCredit":false},{"lineNumber":10,"author":{"gitId":"sunpterodactyl"},"content":"    public Task(String name) {","lastModifiedDate":"2025-01-20","isFullCredit":false},{"lineNumber":11,"author":{"gitId":"sunpterodactyl"},"content":"        this.name \u003d name;","lastModifiedDate":"2025-01-20","isFullCredit":false},{"lineNumber":12,"author":{"gitId":"sunpterodactyl"},"content":"        this.status \u003d Status.UNFINISHED;","lastModifiedDate":"2025-01-22","isFullCredit":false},{"lineNumber":13,"author":{"gitId":"sunpterodactyl"},"content":"    }","lastModifiedDate":"2025-01-20","isFullCredit":false},{"lineNumber":14,"author":{"gitId":"sunpterodactyl"},"content":"","lastModifiedDate":"2025-01-20","isFullCredit":false},{"lineNumber":15,"author":{"gitId":"sunpterodactyl"},"content":"    public String getStatusIcon() {","lastModifiedDate":"2025-01-20","isFullCredit":false},{"lineNumber":16,"author":{"gitId":"sunpterodactyl"},"content":"        return status \u003d\u003d status.FINISHED ? \"[X]\" : \"[ ]\";","lastModifiedDate":"2025-01-22","isFullCredit":false},{"lineNumber":17,"author":{"gitId":"sunpterodactyl"},"content":"    }","lastModifiedDate":"2025-01-20","isFullCredit":false},{"lineNumber":18,"author":{"gitId":"sunpterodactyl"},"content":"","lastModifiedDate":"2025-01-20","isFullCredit":false},{"lineNumber":19,"author":{"gitId":"sunpterodactyl"},"content":"    public void setCompleted() {","lastModifiedDate":"2025-01-20","isFullCredit":false},{"lineNumber":20,"author":{"gitId":"sunpterodactyl"},"content":"        this.status \u003d status.FINISHED;","lastModifiedDate":"2025-01-22","isFullCredit":false},{"lineNumber":21,"author":{"gitId":"sunpterodactyl"},"content":"    }","lastModifiedDate":"2025-01-20","isFullCredit":false},{"lineNumber":22,"author":{"gitId":"sunpterodactyl"},"content":"","lastModifiedDate":"2025-01-20","isFullCredit":false},{"lineNumber":23,"author":{"gitId":"sunpterodactyl"},"content":"    public void setNotCompleted() {","lastModifiedDate":"2025-01-20","isFullCredit":false},{"lineNumber":24,"author":{"gitId":"sunpterodactyl"},"content":"        this.status \u003d status.UNFINISHED;","lastModifiedDate":"2025-01-22","isFullCredit":false},{"lineNumber":25,"author":{"gitId":"sunpterodactyl"},"content":"    }","lastModifiedDate":"2025-01-20","isFullCredit":false},{"lineNumber":26,"author":{"gitId":"sunpterodactyl"},"content":"","lastModifiedDate":"2025-01-20","isFullCredit":false},{"lineNumber":27,"author":{"gitId":"sunpterodactyl"},"content":"    public String getName() {","lastModifiedDate":"2025-01-20","isFullCredit":false},{"lineNumber":28,"author":{"gitId":"sunpterodactyl"},"content":"        return name;","lastModifiedDate":"2025-01-20","isFullCredit":false},{"lineNumber":29,"author":{"gitId":"sunpterodactyl"},"content":"    }","lastModifiedDate":"2025-01-20","isFullCredit":false},{"lineNumber":30,"author":{"gitId":"sunpterodactyl"},"content":"","lastModifiedDate":"2025-01-20","isFullCredit":false},{"lineNumber":31,"author":{"gitId":"sunpterodactyl"},"content":"    @Override","lastModifiedDate":"2025-01-20","isFullCredit":false},{"lineNumber":32,"author":{"gitId":"sunpterodactyl"},"content":"    public String toString() {","lastModifiedDate":"2025-01-20","isFullCredit":false},{"lineNumber":33,"author":{"gitId":"sunpterodactyl"},"content":"        return getStatusIcon() + \" \" + getName();","lastModifiedDate":"2025-01-20","isFullCredit":false},{"lineNumber":34,"author":{"gitId":"sunpterodactyl"},"content":"    }","lastModifiedDate":"2025-01-20","isFullCredit":false},{"lineNumber":35,"author":{"gitId":"sunpterodactyl"},"content":"}","lastModifiedDate":"2025-01-20","isFullCredit":false}],"authorContributionMap":{"sunpterodactyl":35}},{"path":"src/main/java/ToDo.java","fileType":"java","lines":[{"lineNumber":1,"author":{"gitId":"sunpterodactyl"},"content":"public class ToDo extends Task{","lastModifiedDate":"2025-01-20","isFullCredit":false},{"lineNumber":2,"author":{"gitId":"sunpterodactyl"},"content":"","lastModifiedDate":"2025-01-20","isFullCredit":false},{"lineNumber":3,"author":{"gitId":"sunpterodactyl"},"content":"    public ToDo(String name) {","lastModifiedDate":"2025-01-20","isFullCredit":false},{"lineNumber":4,"author":{"gitId":"sunpterodactyl"},"content":"        super(name);","lastModifiedDate":"2025-01-20","isFullCredit":false},{"lineNumber":5,"author":{"gitId":"sunpterodactyl"},"content":"    }","lastModifiedDate":"2025-01-20","isFullCredit":false},{"lineNumber":6,"author":{"gitId":"sunpterodactyl"},"content":"","lastModifiedDate":"2025-01-20","isFullCredit":false},{"lineNumber":7,"author":{"gitId":"sunpterodactyl"},"content":"    @Override","lastModifiedDate":"2025-01-20","isFullCredit":false},{"lineNumber":8,"author":{"gitId":"sunpterodactyl"},"content":"    public String toString() {","lastModifiedDate":"2025-01-20","isFullCredit":false},{"lineNumber":9,"author":{"gitId":"sunpterodactyl"},"content":"        return \"[T]\" + getStatusIcon() + \" \" + getName();","lastModifiedDate":"2025-01-20","isFullCredit":false},{"lineNumber":10,"author":{"gitId":"sunpterodactyl"},"content":"    }","lastModifiedDate":"2025-01-20","isFullCredit":false},{"lineNumber":11,"author":{"gitId":"sunpterodactyl"},"content":"}","lastModifiedDate":"2025-01-20","isFullCredit":false}],"authorContributionMap":{"sunpterodactyl":11}},{"path":"text-ui-test/input.txt","fileType":"txt","lines":[{"lineNumber":1,"author":{"gitId":"sunpterodactyl"},"content":"todo borrow book","lastModifiedDate":"2025-01-20","isFullCredit":false},{"lineNumber":2,"author":{"gitId":"sunpterodactyl"},"content":"liste","lastModifiedDate":"2025-01-20","isFullCredit":false},{"lineNumber":3,"author":{"gitId":"sunpterodactyl"},"content":"deadline return book /by Sunday","lastModifiedDate":"2025-01-20","isFullCredit":false},{"lineNumber":4,"author":{"gitId":"sunpterodactyl"},"content":"event project meeting /from Mon 2pm /to 4pm","lastModifiedDate":"2025-01-20","isFullCredit":false},{"lineNumber":5,"author":{"gitId":"sunpterodactyl"},"content":"mark 2","lastModifiedDate":"2025-01-20","isFullCredit":false},{"lineNumber":6,"author":{"gitId":"sunpterodactyl"},"content":"unmark 2","lastModifiedDate":"2025-01-20","isFullCredit":false},{"lineNumber":7,"author":{"gitId":"sunpterodactyl"},"content":"Bye","lastModifiedDate":"2025-01-20","isFullCredit":false}],"authorContributionMap":{"sunpterodactyl":7}},{"path":"text-ui-test/runtest.bat","fileType":"bat","lines":[{"lineNumber":1,"author":{"gitId":"-"},"content":"@ECHO OFF","lastModifiedDate":"2020-05-25","isFullCredit":false},{"lineNumber":2,"author":{"gitId":"-"},"content":"","lastModifiedDate":"2020-05-25","isFullCredit":false},{"lineNumber":3,"author":{"gitId":"-"},"content":"REM create bin directory if it doesn\u0027t exist","lastModifiedDate":"2020-05-25","isFullCredit":false},{"lineNumber":4,"author":{"gitId":"-"},"content":"if not exist ..\\bin mkdir ..\\bin","lastModifiedDate":"2020-05-25","isFullCredit":false},{"lineNumber":5,"author":{"gitId":"-"},"content":"","lastModifiedDate":"2020-05-25","isFullCredit":false},{"lineNumber":6,"author":{"gitId":"-"},"content":"REM delete output from previous run","lastModifiedDate":"2020-05-25","isFullCredit":false},{"lineNumber":7,"author":{"gitId":"-"},"content":"if exist ACTUAL.TXT del ACTUAL.TXT","lastModifiedDate":"2020-08-25","isFullCredit":false},{"lineNumber":8,"author":{"gitId":"-"},"content":"","lastModifiedDate":"2020-05-25","isFullCredit":false},{"lineNumber":9,"author":{"gitId":"-"},"content":"REM compile the code into the bin folder","lastModifiedDate":"2020-05-25","isFullCredit":false},{"lineNumber":10,"author":{"gitId":"-"},"content":"javac  -cp ..\\src\\main\\java -Xlint:none -d ..\\bin ..\\src\\main\\java\\*.java","lastModifiedDate":"2020-08-25","isFullCredit":false},{"lineNumber":11,"author":{"gitId":"-"},"content":"IF ERRORLEVEL 1 (","lastModifiedDate":"2020-05-25","isFullCredit":false},{"lineNumber":12,"author":{"gitId":"-"},"content":"    echo ********** BUILD FAILURE **********","lastModifiedDate":"2020-05-25","isFullCredit":false},{"lineNumber":13,"author":{"gitId":"-"},"content":"    exit /b 1","lastModifiedDate":"2020-05-25","isFullCredit":false},{"lineNumber":14,"author":{"gitId":"-"},"content":")","lastModifiedDate":"2020-05-25","isFullCredit":false},{"lineNumber":15,"author":{"gitId":"-"},"content":"REM no error here, errorlevel \u003d\u003d 0","lastModifiedDate":"2020-05-25","isFullCredit":false},{"lineNumber":16,"author":{"gitId":"-"},"content":"","lastModifiedDate":"2020-05-25","isFullCredit":false},{"lineNumber":17,"author":{"gitId":"-"},"content":"REM run the program, feed commands from input.txt file and redirect the output to the ACTUAL.TXT","lastModifiedDate":"2020-05-25","isFullCredit":false},{"lineNumber":18,"author":{"gitId":"sunpterodactyl"},"content":"java -classpath ..\\bin Sunpter \u003c input.txt \u003e ACTUAL.TXT","lastModifiedDate":"2025-01-20","isFullCredit":false},{"lineNumber":19,"author":{"gitId":"-"},"content":"","lastModifiedDate":"2020-05-25","isFullCredit":false},{"lineNumber":20,"author":{"gitId":"-"},"content":"REM compare the output to the expected output","lastModifiedDate":"2020-05-25","isFullCredit":false},{"lineNumber":21,"author":{"gitId":"-"},"content":"FC ACTUAL.TXT EXPECTED.TXT","lastModifiedDate":"2020-05-25","isFullCredit":false}],"authorContributionMap":{"sunpterodactyl":1,"-":20}},{"path":"text-ui-test/runtest.sh","fileType":"sh","lines":[{"lineNumber":1,"author":{"gitId":"-"},"content":"#!/usr/bin/env bash","lastModifiedDate":"2020-05-25","isFullCredit":false},{"lineNumber":2,"author":{"gitId":"-"},"content":"","lastModifiedDate":"2020-05-25","isFullCredit":false},{"lineNumber":3,"author":{"gitId":"-"},"content":"# create bin directory if it doesn\u0027t exist","lastModifiedDate":"2020-05-25","isFullCredit":false},{"lineNumber":4,"author":{"gitId":"-"},"content":"if [ ! -d \"../bin\" ]","lastModifiedDate":"2020-05-25","isFullCredit":false},{"lineNumber":5,"author":{"gitId":"-"},"content":"then","lastModifiedDate":"2020-05-25","isFullCredit":false},{"lineNumber":6,"author":{"gitId":"-"},"content":"    mkdir ../bin","lastModifiedDate":"2020-05-25","isFullCredit":false},{"lineNumber":7,"author":{"gitId":"-"},"content":"fi","lastModifiedDate":"2020-05-25","isFullCredit":false},{"lineNumber":8,"author":{"gitId":"-"},"content":"","lastModifiedDate":"2020-05-25","isFullCredit":false},{"lineNumber":9,"author":{"gitId":"-"},"content":"# delete output from previous run","lastModifiedDate":"2020-05-25","isFullCredit":false},{"lineNumber":10,"author":{"gitId":"-"},"content":"if [ -e \"./ACTUAL.TXT\" ]","lastModifiedDate":"2020-05-25","isFullCredit":false},{"lineNumber":11,"author":{"gitId":"-"},"content":"then","lastModifiedDate":"2020-05-25","isFullCredit":false},{"lineNumber":12,"author":{"gitId":"-"},"content":"    rm ACTUAL.TXT","lastModifiedDate":"2020-05-25","isFullCredit":false},{"lineNumber":13,"author":{"gitId":"-"},"content":"fi","lastModifiedDate":"2020-05-25","isFullCredit":false},{"lineNumber":14,"author":{"gitId":"-"},"content":"","lastModifiedDate":"2020-05-25","isFullCredit":false},{"lineNumber":15,"author":{"gitId":"-"},"content":"# compile the code into the bin folder, terminates if error occurred","lastModifiedDate":"2020-05-25","isFullCredit":false},{"lineNumber":16,"author":{"gitId":"-"},"content":"if ! javac -cp ../src/main/java -Xlint:none -d ../bin ../src/main/java/*.java","lastModifiedDate":"2020-08-25","isFullCredit":false},{"lineNumber":17,"author":{"gitId":"-"},"content":"then","lastModifiedDate":"2020-05-25","isFullCredit":false},{"lineNumber":18,"author":{"gitId":"-"},"content":"    echo \"********** BUILD FAILURE **********\"","lastModifiedDate":"2020-05-25","isFullCredit":false},{"lineNumber":19,"author":{"gitId":"-"},"content":"    exit 1","lastModifiedDate":"2020-05-25","isFullCredit":false},{"lineNumber":20,"author":{"gitId":"-"},"content":"fi","lastModifiedDate":"2020-05-25","isFullCredit":false},{"lineNumber":21,"author":{"gitId":"-"},"content":"","lastModifiedDate":"2020-05-25","isFullCredit":false},{"lineNumber":22,"author":{"gitId":"-"},"content":"# run the program, feed commands from input.txt file and redirect the output to the ACTUAL.TXT","lastModifiedDate":"2020-05-25","isFullCredit":false},{"lineNumber":23,"author":{"gitId":"sunpterodactyl"},"content":"java -classpath ../bin Sunpter \u003c input.txt \u003e ACTUAL.TXT","lastModifiedDate":"2025-01-20","isFullCredit":false},{"lineNumber":24,"author":{"gitId":"-"},"content":"","lastModifiedDate":"2020-05-25","isFullCredit":false},{"lineNumber":25,"author":{"gitId":"-"},"content":"# convert to UNIX format","lastModifiedDate":"2020-05-25","isFullCredit":false},{"lineNumber":26,"author":{"gitId":"-"},"content":"cp EXPECTED.TXT EXPECTED-UNIX.TXT","lastModifiedDate":"2020-05-25","isFullCredit":false},{"lineNumber":27,"author":{"gitId":"-"},"content":"dos2unix ACTUAL.TXT EXPECTED-UNIX.TXT","lastModifiedDate":"2020-05-25","isFullCredit":false},{"lineNumber":28,"author":{"gitId":"-"},"content":"","lastModifiedDate":"2020-05-25","isFullCredit":false},{"lineNumber":29,"author":{"gitId":"-"},"content":"# compare the output to the expected output","lastModifiedDate":"2020-05-25","isFullCredit":false},{"lineNumber":30,"author":{"gitId":"-"},"content":"diff ACTUAL.TXT EXPECTED-UNIX.TXT","lastModifiedDate":"2020-05-25","isFullCredit":false},{"lineNumber":31,"author":{"gitId":"-"},"content":"if [ $? -eq 0 ]","lastModifiedDate":"2020-05-25","isFullCredit":false},{"lineNumber":32,"author":{"gitId":"-"},"content":"then","lastModifiedDate":"2020-05-25","isFullCredit":false},{"lineNumber":33,"author":{"gitId":"-"},"content":"    echo \"Test result: PASSED\"","lastModifiedDate":"2020-05-25","isFullCredit":false},{"lineNumber":34,"author":{"gitId":"-"},"content":"    exit 0","lastModifiedDate":"2020-05-25","isFullCredit":false},{"lineNumber":35,"author":{"gitId":"-"},"content":"else","lastModifiedDate":"2020-05-25","isFullCredit":false},{"lineNumber":36,"author":{"gitId":"-"},"content":"    echo \"Test result: FAILED\"","lastModifiedDate":"2020-05-25","isFullCredit":false},{"lineNumber":37,"author":{"gitId":"-"},"content":"    exit 1","lastModifiedDate":"2020-05-25","isFullCredit":false},{"lineNumber":38,"author":{"gitId":"-"},"content":"fi","lastModifiedDate":"2020-05-25","isFullCredit":false}],"authorContributionMap":{"sunpterodactyl":1,"-":37}}]
