{"authorDailyContributionsMap":{"Kkenjji":[{"date":"2025-01-18","commitResults":[{"hash":"4ea75d2ba41829bdccc06eb43d1aea59e0dfa6f7","isMergeCommit":false,"messageTitle":"Rename Duke to Clank","messageBody":"","tags":["Level-0"],"fileTypesAndContributionMap":{"java":{"insertions":10,"deletions":10}}},{"hash":"170ff9235a59721a9c8b2d688667df352e12e1fe","isMergeCommit":false,"messageTitle":"Add echoing functionality","messageBody":"","tags":["Level-1"],"fileTypesAndContributionMap":{"java":{"insertions":28,"deletions":6}}},{"hash":"7de356dcf6c4fa241efe08447016b83c1280a603","isMergeCommit":false,"messageTitle":"Add ability to store and list out texts","messageBody":"","tags":["Level-2"],"fileTypesAndContributionMap":{"java":{"insertions":14,"deletions":5}}}]},{"date":"2025-01-30","commitResults":[{"hash":"b06970fb541428a2d0791662dd2e8ac3ade9f00f","isMergeCommit":false,"messageTitle":"Add mark/unmark feature","messageBody":"","fileTypesAndContributionMap":{"java":{"insertions":53,"deletions":8}}},{"hash":"21a22c1655d96bb07c4434e54f85eb702346f9a0","isMergeCommit":false,"messageTitle":"Add program exit for \"bye\"","messageBody":"","tags":["Level-3"],"fileTypesAndContributionMap":{"java":{"insertions":1,"deletions":0}}},{"hash":"5e8a659487d93916ef57a1b4a12dd06a3162cb8a","isMergeCommit":false,"messageTitle":"Add TaskManager to handle different tasks","messageBody":"","fileTypesAndContributionMap":{"java":{"insertions":116,"deletions":28}}},{"hash":"3c65f79c986ec10e83dd5e69433851b533f95ea1","isMergeCommit":false,"messageTitle":"Bug fixes","messageBody":"","tags":["Level-4"],"fileTypesAndContributionMap":{"java":{"insertions":10,"deletions":2}}}]},{"date":"2025-02-01","commitResults":[{"hash":"769280dbc5ba5b089754b5ed12c742154ec38bc0","isMergeCommit":false,"messageTitle":"Add program exit","messageBody":"","fileTypesAndContributionMap":{"java":{"insertions":12,"deletions":3}}},{"hash":"a9b0ce0f9cb0ac50c7031b3aa4a4e16f3818fea2","isMergeCommit":false,"messageTitle":"Add exceptions to handle invalid inputs","messageBody":"","tags":["Level-5"],"fileTypesAndContributionMap":{"java":{"insertions":85,"deletions":35}}},{"hash":"00956259b86415e6d884e0dba87b0ab74c98d56f","isMergeCommit":false,"messageTitle":"Add delete task feature","messageBody":"","tags":["Level-6"],"fileTypesAndContributionMap":{"java":{"insertions":33,"deletions":7}}},{"hash":"53241f18ff4a86ed05977a1637a3f62278471fe3","isMergeCommit":false,"messageTitle":"Add test cases for Clank","messageBody":"","tags":["A-TextUiTesting"],"fileTypesAndContributionMap":{"txt":{"insertions":20,"deletions":0},"sh":{"insertions":2,"deletions":2}}}]},{"date":"2025-02-02","commitResults":[{"hash":"bd9f0287efef43244896a67f9913db3ae1b6f097","isMergeCommit":false,"messageTitle":"Rename constants","messageBody":"","fileTypesAndContributionMap":{"java":{"insertions":11,"deletions":13}}}]},{"date":"2025-02-03","commitResults":[{"hash":"ecfa09ff209d6267ab598e9eeb24517c4de7f6f2","isMergeCommit":false,"messageTitle":"Add save feature","messageBody":"","fileTypesAndContributionMap":{"txt":{"insertions":4,"deletions":0},"java":{"insertions":146,"deletions":10}}},{"hash":"c0c32a570ef7cb2098081a9cdee47cd1ac1b7647","isMergeCommit":true,"messageTitle":"Merge branch \u0027branch-Level-7\u0027","messageBody":"* branch-Level-7:\n  Add save feature\n  Rename constants\n","tags":["Level-7"],"fileTypesAndContributionMap":{}},{"hash":"9ebccb9ddbd607fdd68d3087a6649b2a160f2131","isMergeCommit":false,"messageTitle":"Add save message","messageBody":"","fileTypesAndContributionMap":{"txt":{"insertions":1,"deletions":1},"java":{"insertions":1,"deletions":0}}}]},{"date":"2025-02-06","commitResults":[{"hash":"338b921c6fd734f2bbdf525b86dfe7ca195dc244","isMergeCommit":false,"messageTitle":"Refine code logic","messageBody":"","fileTypesAndContributionMap":{"txt":{"insertions":1,"deletions":4},"java":{"insertions":118,"deletions":67}}},{"hash":"22a40eaf349c464c7d83992c76f6874aa8316896","isMergeCommit":false,"messageTitle":"Add ability to understand inputs with time and date","messageBody":"","fileTypesAndContributionMap":{"txt":{"insertions":4,"deletions":1},"java":{"insertions":49,"deletions":69}}},{"hash":"a84d659ab5588f571948965df926b3388073c6d2","isMergeCommit":false,"messageTitle":"Rename list method in TaskManager class","messageBody":"","fileTypesAndContributionMap":{"java":{"insertions":11,"deletions":8}}},{"hash":"291803180795317fbd93c2c5cd4675bff44290a6","isMergeCommit":true,"messageTitle":"Merge branch \u0027branch-Level-8\u0027","messageBody":"* branch-Level-8:\n  Rename list method in TaskManager class\n  Add ability to understand inputs with time and date\n  Refine code logic\n","tags":["Level-8"],"fileTypesAndContributionMap":{}},{"hash":"1c5ace57d093ebf30ed2640a348f524695d425a2","isMergeCommit":false,"messageTitle":"Refactor code to extract more classes","messageBody":"","fileTypesAndContributionMap":{"txt":{"insertions":0,"deletions":4},"java":{"insertions":166,"deletions":68}}},{"hash":"bf90c93a35717ef47b568aae2518b25260527278","isMergeCommit":false,"messageTitle":"Add addCommand class","messageBody":"","fileTypesAndContributionMap":{"java":{"insertions":57,"deletions":6}}},{"hash":"3034b798e08125b58b56c4470b8b58ad5aaf3f0a","isMergeCommit":false,"messageTitle":"Add addTask method in TaskList","messageBody":"","fileTypesAndContributionMap":{"java":{"insertions":3,"deletions":55}}},{"hash":"1325034d9739447891c1ce1d6a48e5eb83103ae3","isMergeCommit":false,"messageTitle":"Extract multiple classes, Parser, Ui, Storage, TaskList, and classes","messageBody":"","fileTypesAndContributionMap":{"java":{"insertions":89,"deletions":57}}},{"hash":"0de76fcc04af2bcc6af40e20bc01275dee5e92da","isMergeCommit":false,"messageTitle":"Extract code into multiple classes","messageBody":"","fileTypesAndContributionMap":{"java":{"insertions":41,"deletions":40}}},{"hash":"b67662cbf6f017ce70bb9d6956beb82d824cf39b","isMergeCommit":true,"messageTitle":"Merge branch \u0027branch-MoreOOP\u0027","messageBody":"* branch-MoreOOP:\n  Extract code into multiple classes\n  Extract multiple classes, Parser, Ui, Storage, TaskList, and classes\n  Add addTask method in TaskList\n  Add addCommand class\n  Refactor code to extract more classes\n","tags":["A-MoreOOP"],"fileTypesAndContributionMap":{}},{"hash":"7cdedc612181287ef37d5422af7407703f95b565","isMergeCommit":false,"messageTitle":"Package all classes","messageBody":"","fileTypesAndContributionMap":{"java":{"insertions":105,"deletions":1}}},{"hash":"abaf55089fd608fd49d54eaa9330b008df858740","isMergeCommit":true,"messageTitle":"Merge branch \u0027branch-Packages\u0027","messageBody":"* branch-Packages:\n  Package all classes\n","tags":["A-Packages"],"fileTypesAndContributionMap":{}},{"hash":"33ba07bf94cbe09dfd90d0ba2497d6ae8a2ecfab","isMergeCommit":true,"messageTitle":"Merge branch \u0027add-gradle-support\u0027","messageBody":"* add-gradle-support:\n  build.gradle: Prevent generating a second JAR file\n  Bump gradle and lib version\n  Add Gradle support\n","fileTypesAndContributionMap":{}}]},{"date":"2025-02-07","commitResults":[{"hash":"ff57cd3451c166ae03c0b839fa0ca0423cdde912","isMergeCommit":false,"messageTitle":"Set mainClass to Clank","messageBody":"","fileTypesAndContributionMap":{"gradle":{"insertions":2,"deletions":1},"java":{"insertions":0,"deletions":1}}},{"hash":"4619cc7979e09d9dcf1ef81133902aedbabfae30","isMergeCommit":false,"messageTitle":"Add checkstyle files","messageBody":"","fileTypesAndContributionMap":{"gradle":{"insertions":4,"deletions":0}}},{"hash":"9bb70f1206533380fcdcdffe612993e14cbc33d9","isMergeCommit":true,"messageTitle":"Merge branch \u0027branch-Gradle\u0027","messageBody":"* branch-Gradle:\n  Add checkstyle files\n  Set mainClass to Clank\n","tags":["A-Gradle"],"fileTypesAndContributionMap":{}},{"hash":"dd584a6ed1647ad34af7d70b41f9d56e986c94b6","isMergeCommit":false,"messageTitle":"Add test cases for AddCommand, Deadline, Event, Todo, Parser","messageBody":"","fileTypesAndContributionMap":{"java":{"insertions":120,"deletions":0}}},{"hash":"a71dfee01d9ecec9700b6332e6f1d62a4b158dc9","isMergeCommit":true,"messageTitle":"Merge branch \u0027branch-JUnit\u0027","messageBody":"* branch-JUnit:\n  Add test cases for AddCommand, Deadline, Event, Todo, Parser\n","tags":["A-JUnit"],"fileTypesAndContributionMap":{}},{"hash":"edba05488ee5e8bbf5d94a5706a5f712afa0fa91","isMergeCommit":false,"messageTitle":"Add print messages for all commands","messageBody":"","fileTypesAndContributionMap":{"java":{"insertions":16,"deletions":29}}},{"hash":"cffa1dc23726e10f6a6e8bd4e24e52ea7b8cfa6f","isMergeCommit":false,"messageTitle":"Add JAR build configurations","messageBody":"","fileTypesAndContributionMap":{"gradle":{"insertions":3,"deletions":2},"java":{"insertions":12,"deletions":2}}},{"hash":"1018b2ffc690f06e9badd3482ee3907d76eb6d1f","isMergeCommit":true,"messageTitle":"Merge branch \u0027branch-Jar\u0027","messageBody":"* branch-Jar:\n  Add JAR build configurations\n  Add print messages for all commands\n","tags":["A-Jar"],"fileTypesAndContributionMap":{}},{"hash":"a47272d0ba278f091ce04754377c8f73feae5379","isMergeCommit":false,"messageTitle":"Add find command","messageBody":"","fileTypesAndContributionMap":{"java":{"insertions":61,"deletions":4}}}]},{"date":"2025-02-08","commitResults":[{"hash":"bcde75baf4b61182e29bc19ef68bcb4d8a429369","isMergeCommit":false,"messageTitle":"Fix style errors","messageBody":"","fileTypesAndContributionMap":{"java":{"insertions":60,"deletions":51}}},{"hash":"3cb5cc33edf5097a2b76907b8ab29b5e3395f673","isMergeCommit":false,"messageTitle":"Add Javadocs for Clank.java","messageBody":"","fileTypesAndContributionMap":{"java":{"insertions":16,"deletions":0}}},{"hash":"44da819ce7d011da47762632e8fa85a5aad81b38","isMergeCommit":false,"messageTitle":"Add Javadocs for classes in clank.utility","messageBody":"","fileTypesAndContributionMap":{"java":{"insertions":59,"deletions":0}}},{"hash":"c3481294d83c6145a048882fba9653d0aaa48bdd","isMergeCommit":false,"messageTitle":"Add Javadocs for Todo, Deadline, and Event","messageBody":"","fileTypesAndContributionMap":{"java":{"insertions":74,"deletions":0}}},{"hash":"749ca0e7fc0b50e2fb1e87b5d5d48750bfc321b8","isMergeCommit":false,"messageTitle":"Add Javadocs for Task and TaskList","messageBody":"","fileTypesAndContributionMap":{"java":{"insertions":89,"deletions":5}}},{"hash":"bee07cd3ec16b82d9b006818f23701f183488ce3","isMergeCommit":false,"messageTitle":"Add \u0027throws\u0027 keyword for methods in Storage.java","messageBody":"","fileTypesAndContributionMap":{"java":{"insertions":2,"deletions":2}}},{"hash":"50fae000af20c475fe5eb3ee117264618207bdf4","isMergeCommit":false,"messageTitle":"Add \u0027throws\u0027 keyword for parse method in Parser.java","messageBody":"","fileTypesAndContributionMap":{"java":{"insertions":1,"deletions":1}}},{"hash":"e5dd27dbf215166e1620f6b72fab1b735bc2ff7c","isMergeCommit":false,"messageTitle":"Add Javadocs for custom exceptions in clank.exception package","messageBody":"","fileTypesAndContributionMap":{"java":{"insertions":27,"deletions":0}}},{"hash":"ae63c5dc006ab385abcac5f842137a67c4cd9292","isMergeCommit":false,"messageTitle":"Add Javadocs for all classes in clank.command package","messageBody":"","fileTypesAndContributionMap":{"java":{"insertions":125,"deletions":4}}},{"hash":"06117db5b16e7fdcd70b0a4cae76c96cbf0377cc","isMergeCommit":false,"messageTitle":"Add Javadocs for test files","messageBody":"","fileTypesAndContributionMap":{"java":{"insertions":56,"deletions":0}}},{"hash":"d186292d92da8f4c070cb6f33339ac0528229e5f","isMergeCommit":true,"messageTitle":"Merge branch \u0027branch-A-CodingStandard\u0027","messageBody":"* branch-A-CodingStandard:\n  Fix style errors\n","tags":["A-CodingStandard"],"fileTypesAndContributionMap":{}},{"hash":"a61d04d9f384f0416b3348d032d0427943df84a1","isMergeCommit":true,"messageTitle":"Merge branch \u0027branch-Level-9\u0027","messageBody":"* branch-Level-9:\n  Add find command\n\n# Conflicts:\n#\tsrc/main/java/clank/utility/Parser.java\n","tags":["Level-9"],"fileTypesAndContributionMap":{}},{"hash":"811da9cb0492fefea55a38b220d7391a120a11a3","isMergeCommit":true,"messageTitle":"Merge branch \u0027branch-A-JavaDoc\u0027","messageBody":"* branch-A-JavaDoc:\n  Add Javadocs for test files\n  Add Javadocs for all classes in clank.command package\n  Add Javadocs for custom exceptions in clank.exception package\n  Add \u0027throws\u0027 keyword for parse method in Parser.java\n  Add \u0027throws\u0027 keyword for methods in Storage.java\n  Add Javadocs for Task and TaskList\n  Add Javadocs for Todo, Deadline, and Event\n  Add Javadocs for classes in clank.utility\n  Add Javadocs for Clank.java\n\n# Conflicts:\n#\tsrc/main/java/clank/command/Command.java\n#\tsrc/main/java/clank/task/Deadline.java\n#\tsrc/main/java/clank/task/Event.java\n#\tsrc/main/java/clank/task/TaskList.java\n#\tsrc/main/java/clank/utility/Storage.java\n#\tsrc/main/java/clank/utility/Ui.java\n#\tsrc/test/java/clank/command/AddCommandTest.java\n#\tsrc/test/java/clank/task/DeadlineTest.java\n#\tsrc/test/java/clank/task/EventTest.java\n#\tsrc/test/java/clank/task/TodoTest.java\n#\tsrc/test/java/clank/utility/ParserTest.java\n","tags":["A-JavaDoc"],"fileTypesAndContributionMap":{}},{"hash":"89adc12a12f7cd69cab644e159058b8ed9eb6f13","isMergeCommit":false,"messageTitle":"Add Javadocs for find command","messageBody":"","fileTypesAndContributionMap":{"java":{"insertions":36,"deletions":5}}},{"hash":"03e1677d8f7fc64a07e6837cdc148679a319c073","isMergeCommit":false,"messageTitle":"Reorder operators to align with coding conventions","messageBody":"","fileTypesAndContributionMap":{"java":{"insertions":5,"deletions":4}}},{"hash":"47c26031bf997f288ee9554909651e4da98526b9","isMergeCommit":true,"messageTitle":"Merge branch \u0027branch-A-CheckStyle\u0027","messageBody":"* branch-A-CheckStyle:\n  Reorder operators to align with coding conventions\n","fileTypesAndContributionMap":{}},{"hash":"3f11333f43bdeaf26859b4e23ff33d634c455a29","isMergeCommit":false,"messageTitle":"Edit welcome message","messageBody":"","fileTypesAndContributionMap":{"java":{"insertions":2,"deletions":2}}}]}]},"authorFileTypeContributionMap":{"Kkenjji":{"java":1321,"md":0,"fxml":0,"sh":1,"bat":0,"gradle":9,"txt":20}},"authorContributionVariance":{"Kkenjji":46784.383},"authorDisplayNameMap":{"Kkenjji":"CS2103T-W12-4 KENJ..EONG"}}
