{"authorDailyContributionsMap":{"YashvanGH":[{"date":"2025-01-18","commitResults":[{"hash":"16d33971c5570fda25feced044d26a71cff8c010","isMergeCommit":false,"messageTitle":"Renamed and edited Duke.java to Tyrese.java","messageBody":"","tags":["Level-0"],"fileTypesAndContributionMap":{"java":{"insertions":26,"deletions":10}}},{"hash":"18fe3d1c251ada720bfe55a58848a92a06d78de7","isMergeCommit":false,"messageTitle":"Added a Greeting Class with basic functionality","messageBody":"","tags":["Level-1"],"fileTypesAndContributionMap":{"java":{"insertions":58,"deletions":20}}}]},{"date":"2025-01-19","commitResults":[{"hash":"b25b98387e34ed0178e9e2eb711d176ac776e338","isMergeCommit":false,"messageTitle":"Added add, help and list functionality","messageBody":"","tags":["Level-2"],"fileTypesAndContributionMap":{"java":{"insertions":73,"deletions":25}}},{"hash":"e9c0f6c57dd246df4aa7588343f06bcabc70d8b9","isMergeCommit":false,"messageTitle":"Added functionality to mark tasks as done and undone","messageBody":"","tags":["Level-3"],"fileTypesAndContributionMap":{"java":{"insertions":115,"deletions":27}}},{"hash":"fcafaaed3fd1d40fa3a0685491fe9018432e7184","isMergeCommit":false,"messageTitle":"Added ToDo, Event and Deadline Classes to differentiate different types of tasks","messageBody":"","tags":["Level-4"],"fileTypesAndContributionMap":{"java":{"insertions":124,"deletions":15}}}]},{"date":"2025-01-21","commitResults":[{"hash":"c0ebc69b5169d0066c122891c7624e91a114b998","isMergeCommit":false,"messageTitle":"Added automated testing for all current user commands","messageBody":"","tags":["A-TextUiTesting"],"fileTypesAndContributionMap":{"txt":{"insertions":10,"deletions":0},"java":{"insertions":21,"deletions":6},"bat":{"insertions":1,"deletions":1},"sh":{"insertions":1,"deletions":1},"md":{"insertions":78,"deletions":16}}}]},{"date":"2025-01-22","commitResults":[{"hash":"039f2d1ab1d20534945823f0c34a9695489da322","isMergeCommit":false,"messageTitle":"Added error handling for errors such as incorrect inputs entered by the user","messageBody":"","fileTypesAndContributionMap":{"txt":{"insertions":11,"deletions":0},"java":{"insertions":21,"deletions":1}}},{"hash":"ece541963a00bc7a7858be067a9adab85b420eb2","isMergeCommit":false,"messageTitle":"Added error handling for errors such as invalid user input","messageBody":"","tags":["Level-5"],"fileTypesAndContributionMap":{"txt":{"insertions":10,"deletions":0},"java":{"insertions":363,"deletions":81},"md":{"insertions":16,"deletions":4}}},{"hash":"b5975ac0e25b06ee8b1c036f43ffd2241ab904e2","isMergeCommit":false,"messageTitle":"Added delete functionality to TaskManager Class","messageBody":"","tags":["Level-6"],"fileTypesAndContributionMap":{"java":{"insertions":3,"deletions":3}}}]},{"date":"2025-01-23","commitResults":[{"hash":"a39536dc56ac4f47a7ff2c381542e39d63df9851","isMergeCommit":false,"messageTitle":"Use enums to create basic TaskPriority Class","messageBody":"","tags":["A-Enums"],"fileTypesAndContributionMap":{"txt":{"insertions":4,"deletions":0},"java":{"insertions":109,"deletions":26}}}]},{"date":"2025-01-25","commitResults":[{"hash":"16f7c7ea1179760b1a48f086e8cddc10c0cd1ace","isMergeCommit":false,"messageTitle":"Implement save and load tasks to and from hard drive","messageBody":"","fileTypesAndContributionMap":{"java":{"insertions":295,"deletions":91},"md":{"insertions":3,"deletions":3}}},{"hash":"d7285c74decc2ccce0c2d5a3d5c754ae3cc59862","isMergeCommit":true,"messageTitle":"Merge branch-Level-7 with Level 7 features","messageBody":"","tags":["Level-7"],"fileTypesAndContributionMap":{}}]},{"date":"2025-01-26","commitResults":[{"hash":"6ebb64161cc4762416a4297a7632583797e5c955","isMergeCommit":false,"messageTitle":"Add TaskDateTimeParser Class to allow for recognition of date and time","messageBody":"","fileTypesAndContributionMap":{"txt":{"insertions":4,"deletions":4},"java":{"insertions":212,"deletions":31},"sh":{"insertions":7,"deletions":1}}},{"hash":"fed58a6bda6f39f667ac1742390acf272ce6c800","isMergeCommit":true,"messageTitle":"Merge branch-Level-8 with Level 8 features","messageBody":"","tags":["Level-8"],"fileTypesAndContributionMap":{}}]},{"date":"2025-01-28","commitResults":[{"hash":"2d2ee23a5b5802555ca475180b553a0a92905029","isMergeCommit":false,"messageTitle":"Add UserCommandParser Class to handle user input","messageBody":"","fileTypesAndContributionMap":{"txt":{"insertions":0,"deletions":0},"java":{"insertions":108,"deletions":147},"sh":{"insertions":5,"deletions":3}}},{"hash":"860b8581d72876d971cbb6baa31fb1ba47539879","isMergeCommit":true,"messageTitle":"Merge A-MoreOOP with OOP related features","messageBody":"","tags":["A-MoreOOP"],"fileTypesAndContributionMap":{}},{"hash":"5b3f1aadcbebd8a9b7bc4dc7ff999a6bebf38f85","isMergeCommit":false,"messageTitle":"Organise Classes into appropriate packages","messageBody":"","fileTypesAndContributionMap":{"java":{"insertions":11,"deletions":12}}},{"hash":"38ed0879aa152d71e64393cd532aed0faf0f8eed","isMergeCommit":true,"messageTitle":"Merge A-Packages with Classes in appropriate packages","messageBody":"","tags":["A-Packages"],"fileTypesAndContributionMap":{}},{"hash":"42b296905f8aa72cecf3a46874641cd89ccb8fac","isMergeCommit":true,"messageTitle":"Merge add-gradle-support into master","messageBody":"","fileTypesAndContributionMap":{}},{"hash":"7ed047d476610cacd6750eadc55d869be38e372f","isMergeCommit":false,"messageTitle":"Add basic gradle automation","messageBody":"","fileTypesAndContributionMap":{"gradle":{"insertions":7,"deletions":1},"txt":{"insertions":2,"deletions":0},"java":{"insertions":40,"deletions":38}}},{"hash":"a974945f6c0ca7cec1e36d37d60691c4685a4c9b","isMergeCommit":true,"messageTitle":"Add basic-gradle-automation branch which configured gradle","messageBody":"","tags":["A-Gradle"],"fileTypesAndContributionMap":{}},{"hash":"793e62a7b799590c03e820893b9a1aa84d00be28","isMergeCommit":false,"messageTitle":"Add basic task tests","messageBody":"","fileTypesAndContributionMap":{"java":{"insertions":152,"deletions":4}}},{"hash":"6959dc32099efabe54fa78bb45c2d2de698557fe","isMergeCommit":true,"messageTitle":"Merge basic-junit-tests branch with junit tests for tasks","messageBody":"","tags":["A-JUnit"],"fileTypesAndContributionMap":{}},{"hash":"8849bf4ad6467717e38646f64f057ae903ebc5af","isMergeCommit":false,"messageTitle":"Configure build.gradle to package app as JAR file","messageBody":"","tags":["A-Jar"],"fileTypesAndContributionMap":{"gradle":{"insertions":1,"deletions":1}}},{"hash":"d9cc7edb4d3ff7b95aa6a8b5b4a10a43dd6ae68c","isMergeCommit":false,"messageTitle":"Add JavaDoc comments for all classes and methods so far","messageBody":"","fileTypesAndContributionMap":{"java":{"insertions":109,"deletions":26}}},{"hash":"61139dc0b0fa9d3b3757f063fca4a4b371d9d2ba","isMergeCommit":true,"messageTitle":"Merge branch-A-JavaDoc with JavaDoc comments for all classes and methods","messageBody":"","tags":["A-JavaDoc"],"fileTypesAndContributionMap":{}},{"hash":"fe0004417a652245983cc100538be5f2dadc4622","isMergeCommit":false,"messageTitle":"Adjust code to fit coding standard","messageBody":"","fileTypesAndContributionMap":{"java":{"insertions":2,"deletions":2}}},{"hash":"a566163e7ef2edfd482583ba0051a51c663b587c","isMergeCommit":true,"messageTitle":"Merge branch-A-CodingStandard to update code to follow coding standard","messageBody":"","tags":["A-CodingStandard"],"fileTypesAndContributionMap":{}}]},{"date":"2025-01-30","commitResults":[{"hash":"6ace35e634573c58d71099906f89a1ae6be60da0","isMergeCommit":false,"messageTitle":"Add find function to TaskManager Class","messageBody":"","fileTypesAndContributionMap":{"txt":{"insertions":6,"deletions":2},"java":{"insertions":47,"deletions":0}}},{"hash":"cf948ccd8c0ea61cead07a59cd16c1ada7fb3922","isMergeCommit":true,"messageTitle":"Merge branch-Level-9 with find function in TaskManager Class","messageBody":"","tags":["Level-9"],"fileTypesAndContributionMap":{}}]},{"date":"2025-02-05","commitResults":[{"hash":"65fab4d56af31e9c32e429c53c597730fed40787","isMergeCommit":false,"messageTitle":"Add GUI for Tyrese Task Manager","messageBody":"","fileTypesAndContributionMap":{"gradle":{"insertions":15,"deletions":1},"txt":{"insertions":2,"deletions":41},"fxml":{"insertions":41,"deletions":0},"java":{"insertions":303,"deletions":158},"bat":{"insertions":0,"deletions":21},"sh":{"insertions":0,"deletions":46}}},{"hash":"4bc921072f9ccc877902928cf0d4ccfaee6c4868","isMergeCommit":true,"messageTitle":"Merge branch-Level-10 with GUI features","messageBody":"","tags":["Level-10"],"fileTypesAndContributionMap":{}},{"hash":"cae97120c420e18228f4455b42323974fff3e910","isMergeCommit":false,"messageTitle":"Configure checkstyle functionality","messageBody":"","fileTypesAndContributionMap":{"java":{"insertions":2,"deletions":2}}},{"hash":"884eda524d65de8de847456066ec23dd184fa2c9","isMergeCommit":true,"messageTitle":"Merge branch-A-Checkstyle with checkstyle config","messageBody":"","tags":["A-CheckStyle"],"fileTypesAndContributionMap":{}}]}]},"authorFileTypeContributionMap":{"YashvanGH":{"java":1479,"md":90,"fxml":41,"sh":0,"bat":0,"gradle":22,"txt":2}},"authorContributionVariance":{"YashvanGH":41856.973},"authorDisplayNameMap":{"YashvanGH":"CS2103T-T14-1 YASH..SAMY"}}
