{"authorDailyContributionsMap":{"deseansoh":[{"date":"2025-01-17","commitResults":[{"hash":"657440930ecc8dd49b62a71f7bb131b7ce39f9db","isMergeCommit":false,"messageTitle":"Edit variable names in ThoughtBot and Parser","messageBody":"","fileTypesAndContributionMap":{"java":{"insertions":6,"deletions":7}}},{"hash":"06d533dfa4b6d15a1f6b520b17afaa46b89e2e0b","isMergeCommit":false,"messageTitle":"Move println functions from TaskList to ThoughtBot","messageBody":"","fileTypesAndContributionMap":{"java":{"insertions":13,"deletions":11}}},{"hash":"e04e006b9480fb1eefb5958516045181c97d600a","isMergeCommit":false,"messageTitle":"Rename markUndone to unmarkDone","messageBody":"","fileTypesAndContributionMap":{"java":{"insertions":1,"deletions":1}}},{"hash":"f8b25420ac78893f21061d9cb1bb6a312193153a","isMergeCommit":false,"messageTitle":"Add unmark logic in ThoughtBot","messageBody":"","fileTypesAndContributionMap":{"java":{"insertions":2,"deletions":0}}},{"hash":"fe0c79167b49026802143f6225b8ccdf02e6b419","isMergeCommit":false,"messageTitle":"Add unmarkEntry method to TaskList, remove indents","messageBody":"","fileTypesAndContributionMap":{"java":{"insertions":25,"deletions":7}}},{"hash":"bcad254a0a82138a4024f7dd064e18e149f93f3d","isMergeCommit":false,"messageTitle":"Abstract indenting and formatting responses","messageBody":"","tags":["Level-3"],"fileTypesAndContributionMap":{"java":{"insertions":22,"deletions":15}}},{"hash":"cbe7e98c7b750f793748cea331ddadaefe75487d","isMergeCommit":false,"messageTitle":"Make Entry abstract class, add EntryToDo","messageBody":"","fileTypesAndContributionMap":{"java":{"insertions":12,"deletions":2}}},{"hash":"e0f5b5adaca2d8874c84a403566e4c2f498818d2","isMergeCommit":false,"messageTitle":"Override getName method in EntryToDo","messageBody":"","fileTypesAndContributionMap":{"java":{"insertions":13,"deletions":8}}},{"hash":"1b1ee32606c02a14235478fea88b928381519557","isMergeCommit":false,"messageTitle":"Add UserCommandTodo","messageBody":"","tags":["A-Inheritance"],"fileTypesAndContributionMap":{"java":{"insertions":16,"deletions":0}}},{"hash":"5efb2154afd9491c2ec22aaa393941ba69b8e557","isMergeCommit":false,"messageTitle":"Edit logic to work with UserCommandTodo","messageBody":"","fileTypesAndContributionMap":{"java":{"insertions":13,"deletions":4}}},{"hash":"d3e0c671358332b19dd94fb654a9e73dece46a9b","isMergeCommit":false,"messageTitle":"Add UserCommandDeadline","messageBody":"","fileTypesAndContributionMap":{"java":{"insertions":22,"deletions":0}}},{"hash":"f5fa8c341f6d21082fdb445b02aff7320d9a8449","isMergeCommit":false,"messageTitle":"Add EntryDeadline","messageBody":"","fileTypesAndContributionMap":{"java":{"insertions":15,"deletions":0}}},{"hash":"7c3e83d3fa4595edf9e72d3e270e236a49d7a398","isMergeCommit":false,"messageTitle":"Add deadline logic to rest of code","messageBody":"","fileTypesAndContributionMap":{"java":{"insertions":23,"deletions":6}}},{"hash":"7d9f791b332c0de7ebd0698523bfeaa76fc4f295","isMergeCommit":false,"messageTitle":"Add UserCommandEvent","messageBody":"","fileTypesAndContributionMap":{"java":{"insertions":28,"deletions":0}}},{"hash":"4da99b0f717defc2375d0bd564cc8034dc2264ff","isMergeCommit":false,"messageTitle":"Add EntryEvent","messageBody":"","fileTypesAndContributionMap":{"java":{"insertions":17,"deletions":0}}},{"hash":"9ca1ed18b5f4cac6c658288a19373d0566d2dd75","isMergeCommit":false,"messageTitle":"Add event logic to rest of code","messageBody":"","tags":["Level-4"],"fileTypesAndContributionMap":{"java":{"insertions":23,"deletions":4}}},{"hash":"f513fafce83ca233d076a16e2537b985d2ccd9fa","isMergeCommit":false,"messageTitle":"Add basic TextUI testing","messageBody":"","tags":["A-TextUiTesting"],"fileTypesAndContributionMap":{"txt":{"insertions":18,"deletions":0},"java":{"insertions":6,"deletions":3},"sh":{"insertions":1,"deletions":1}}},{"hash":"cdc125c5a38174757d544644fab38cc541478b2d","isMergeCommit":false,"messageTitle":"Add UserCommandError","messageBody":"","fileTypesAndContributionMap":{"java":{"insertions":16,"deletions":0}}},{"hash":"cdc03a3359cabb113bee759230efecac47b6c134","isMergeCommit":false,"messageTitle":"Add getTaskNumbersString to TaskList","messageBody":"","fileTypesAndContributionMap":{"java":{"insertions":4,"deletions":3}}},{"hash":"9db8ea146692858fb184eebf4361b28e50c76523","isMergeCommit":false,"messageTitle":"Add error handling for todo","messageBody":"","fileTypesAndContributionMap":{"java":{"insertions":19,"deletions":6}}},{"hash":"976e5066cb582ea1bfb5cd2ca3c13d65a4fa883e","isMergeCommit":false,"messageTitle":"Rework error message to use exceptions","messageBody":"","tags":["A-Exceptions"],"fileTypesAndContributionMap":{"java":{"insertions":59,"deletions":42}}},{"hash":"086ae196feb490f2f75f5e9c90e1592a58961cd7","isMergeCommit":false,"messageTitle":"Rework unrecognised command to be exception","messageBody":"","fileTypesAndContributionMap":{"java":{"insertions":10,"deletions":14}}}]},{"date":"2025-01-18","commitResults":[{"hash":"d7dba70dbfd5910555e3885afaf33f29fe07a6db","isMergeCommit":false,"messageTitle":"Add UnrecognisedKeywordException","messageBody":"","fileTypesAndContributionMap":{"java":{"insertions":9,"deletions":0}}},{"hash":"4248bbb538ec32e5d83819d1b02c9817f381846b","isMergeCommit":false,"messageTitle":"Add error handling for deadline","messageBody":"","fileTypesAndContributionMap":{"java":{"insertions":16,"deletions":5}}},{"hash":"3d66f2cdbded7ca2827e60469d8977f0d476f061","isMergeCommit":false,"messageTitle":"Add CommandFormats","messageBody":"","fileTypesAndContributionMap":{"java":{"insertions":16,"deletions":0}}},{"hash":"e6516e8294d4b2072f444ef6cb09eded0a603c93","isMergeCommit":false,"messageTitle":"User CommandFormats in Parser","messageBody":"","fileTypesAndContributionMap":{"java":{"insertions":5,"deletions":7}}},{"hash":"c4726910ec3c2e652c04837180118d07b75a0f3d","isMergeCommit":false,"messageTitle":"Add error handling for event","messageBody":"","fileTypesAndContributionMap":{"java":{"insertions":9,"deletions":1}}},{"hash":"afee29df2646d292f9f49872bead058b221beb43","isMergeCommit":false,"messageTitle":"Add error handling for mark/unmark","messageBody":"","fileTypesAndContributionMap":{"java":{"insertions":12,"deletions":4}}},{"hash":"d465f56c9d05b32d2d138f06df70dfa985c8f7af","isMergeCommit":false,"messageTitle":"Refactor Entry to Task","messageBody":"","fileTypesAndContributionMap":{"java":{"insertions":39,"deletions":40}}},{"hash":"d4d96df09eed10db5f3df9547196b2cfaa43947c","isMergeCommit":false,"messageTitle":"Add OutOfBoundsTaskException","messageBody":"","fileTypesAndContributionMap":{"java":{"insertions":7,"deletions":0}}},{"hash":"305b6a0a3e62c081ea4cf7e1a11b17d0f08b8863","isMergeCommit":false,"messageTitle":"Add tests for error handling","messageBody":"","fileTypesAndContributionMap":{"txt":{"insertions":14,"deletions":0},"sh":{"insertions":38,"deletions":0}}},{"hash":"a46889b96edb7203299a57483fa2b5cdf4e16893","isMergeCommit":false,"messageTitle":"Add UserCommandDelete","messageBody":"","fileTypesAndContributionMap":{"java":{"insertions":17,"deletions":0}}},{"hash":"00d86fcab176908c97722494da162e28dadf3bd9","isMergeCommit":false,"messageTitle":"Add delete functionality","messageBody":"","fileTypesAndContributionMap":{"java":{"insertions":20,"deletions":0}}},{"hash":"36ff91ee84b4289f050b4d1979cc99e3fcd8bf90","isMergeCommit":false,"messageTitle":"Add error handling for delete","messageBody":"","tags":["Level-6"],"fileTypesAndContributionMap":{"java":{"insertions":7,"deletions":2}}}]},{"date":"2025-01-20","commitResults":[{"hash":"c40a4ee79123409f5eec05279eab410cda8c3123","isMergeCommit":false,"messageTitle":"Remove wildcard import statements","messageBody":"","fileTypesAndContributionMap":{"java":{"insertions":28,"deletions":5}}}]},{"date":"2025-01-21","commitResults":[{"hash":"9fd11726cc45c047b8c9ab35aebad40cc5713b4d","isMergeCommit":false,"messageTitle":"Remove redundant UserCommandError class","messageBody":"","fileTypesAndContributionMap":{"java":{"insertions":0,"deletions":16}}},{"hash":"23620149c0f309df4c2c39b231a8a140bcd2b932","isMergeCommit":false,"messageTitle":"Add comments to all classes","messageBody":"","fileTypesAndContributionMap":{"java":{"insertions":181,"deletions":7}}}]}]},"authorFileTypeContributionMap":{"deseansoh":{"java":578,"md":0,"fxml":0,"sh":39,"bat":0,"gradle":0,"txt":32}},"authorContributionVariance":{"deseansoh":34709.44},"authorDisplayNameMap":{"deseansoh":"DESE.. SOH"}}
