{"authorDailyContributionsMap":{"reaneechua":[{"date":"2025-01-23","commitResults":[{"hash":"e16b98a04970618b0176a61f850e70a00b2e7156","isMergeCommit":false,"messageTitle":"hewwo kitty has been bown uwu","messageBody":"","tags":["Level-0"],"fileTypesAndContributionMap":{"java":{"insertions":18,"deletions":10}}},{"hash":"f2a3189d457048c2bc7c1aed84c5f4ce7923f170","isMergeCommit":false,"messageTitle":"wevew one compweted! weehee","messageBody":"","tags":["Level-1"],"fileTypesAndContributionMap":{"java":{"insertions":17,"deletions":2}}},{"hash":"3df24425f8ebc5d25f94738bf0a863b66b890825","isMergeCommit":false,"messageTitle":"uwu wist has been upwoaded","messageBody":"","tags":["Level-2"],"fileTypesAndContributionMap":{"java":{"insertions":20,"deletions":3}}}]},{"date":"2025-02-03","commitResults":[{"hash":"64b3076c02180169c17ca022e100e6f44eeae748","isMergeCommit":false,"messageTitle":"Add feature to mark and unmark tasks as done","messageBody":"","tags":["Level-3"],"fileTypesAndContributionMap":{"java":{"insertions":101,"deletions":26}}},{"hash":"b35bb7f6680485116b71126992d1fffd59bd7274","isMergeCommit":false,"messageTitle":"Add todo, deadline and events","messageBody":"","fileTypesAndContributionMap":{"java":{"insertions":69,"deletions":18}}}]},{"date":"2025-02-04","commitResults":[{"hash":"62bd9c90e15124b89fae208e286a82822f720f26","isMergeCommit":false,"messageTitle":"add error checking for invalid commands","messageBody":"","tags":["Level-4"],"fileTypesAndContributionMap":{"java":{"insertions":3,"deletions":1}}},{"hash":"f54a7897099fb5f19a50f76143ce0eb3a410b2d9","isMergeCommit":false,"messageTitle":"Add error handling for blank descriptions of todos","messageBody":"","tags":["Level-5","A-Inheritance"],"fileTypesAndContributionMap":{"java":{"insertions":4,"deletions":0}}}]},{"date":"2025-02-05","commitResults":[{"hash":"eb298971215001b843aa6864fa71e3d5baf37207","isMergeCommit":false,"messageTitle":"add delete from task list","messageBody":"","tags":["Level-6"],"fileTypesAndContributionMap":{"java":{"insertions":30,"deletions":11}}},{"hash":"da547f879de1a59c12e4161f3669e80dc2a7c149","isMergeCommit":false,"messageTitle":"Add delete from TaskList","messageBody":"","fileTypesAndContributionMap":{"java":{"insertions":11,"deletions":6}}},{"hash":"e3c50897d384ca93e959aa92a8215ee3e6bdc75a","isMergeCommit":false,"messageTitle":"Add some input test cases","messageBody":"","fileTypesAndContributionMap":{"txt":{"insertions":7,"deletions":0},"java":{"insertions":3,"deletions":2},"bat":{"insertions":1,"deletions":1}}}]},{"date":"2025-02-17","commitResults":[{"hash":"ddcb75ceae5abbd1d430dd2781c9540013dbc0bf","isMergeCommit":false,"messageTitle":"Add feature to save tasks to file called hewwo.txt","messageBody":"","fileTypesAndContributionMap":{"txt":{"insertions":4,"deletions":0},"java":{"insertions":23,"deletions":6}}},{"hash":"086781340c7ae8280a5eb0f376cc606a4f8b68e4","isMergeCommit":true,"messageTitle":"Merge branch \u0027branch-Level-7\u0027","messageBody":"","fileTypesAndContributionMap":{}},{"hash":"f600cad39a272b14a93893bfd8a98cab99aff22a","isMergeCommit":false,"messageTitle":"Add date formatting for Deadlines","messageBody":"","fileTypesAndContributionMap":{"txt":{"insertions":1,"deletions":2},"java":{"insertions":11,"deletions":3}}},{"hash":"27d50b5a9687b464b2601405ecafa7492a5c0299","isMergeCommit":true,"messageTitle":"Merge branch \u0027branch-Level-8\u0027","messageBody":"","fileTypesAndContributionMap":{}},{"hash":"4d95f396b6e5e7324c7b7488f5f26d2172f5eab7","isMergeCommit":false,"messageTitle":"Delete src/main/java/meow.java","messageBody":"","fileTypesAndContributionMap":{"java":{"insertions":0,"deletions":5}}}]}]},"authorFileTypeContributionMap":{"reaneechua":{"java":227,"md":0,"fxml":0,"sh":0,"bat":1,"gradle":0,"txt":10}},"authorContributionVariance":{"reaneechua":1396.6012},"authorDisplayNameMap":{"reaneechua":"CS2103T-F11-1 REAN.. LIN"}}
