{"authorDailyContributionsMap":{"lyhthaddeus":[{"date":"2025-01-23","commitResults":[{"hash":"84747cd67261eb8902dd267c6f9fca5ca3eb8494","isMergeCommit":false,"messageTitle":"Completed the task for level 0","messageBody":"","tags":["Level-0-Rename-Greet-Exit"],"fileTypesAndContributionMap":{"java":{"insertions":9,"deletions":10}}}]},{"date":"2025-01-25","commitResults":[{"hash":"c421b8fa02dff27d37fb9c786711b85bfb049840","isMergeCommit":false,"messageTitle":"\tmodified:   Daiyan.java \tnew file:   Logic.java","messageBody":"","fileTypesAndContributionMap":{"java":{"insertions":24,"deletions":0}}},{"hash":"afed851d34986d0d021385297ae0415d915454f1","isMergeCommit":false,"messageTitle":"\tmodified:   Daiyan.java \tmodified:   Logic.java","messageBody":"","tags":["Level-2-Add-List","Level-1-Echo"],"fileTypesAndContributionMap":{"java":{"insertions":4,"deletions":4}}},{"hash":"62ac467b020e71e00318992f7d2796dae2d82465","isMergeCommit":false,"messageTitle":"\tnew file:   Command.java \tnew file:   CommandList.java \tmodified:   Logic.java","messageBody":"","tags":["Level-3-Mark-as-Done"],"fileTypesAndContributionMap":{"java":{"insertions":53,"deletions":2}}},{"hash":"c92b9be355204ea3f75c47615d09c83483768880","isMergeCommit":false,"messageTitle":"\tmodified:   Command.java \tmodified:   CommandList.java \tmodified:   Logic.java","messageBody":"","fileTypesAndContributionMap":{"java":{"insertions":55,"deletions":13}}},{"hash":"eea58df6866e38ee8714e27f4e1b4cd27f93a7b6","isMergeCommit":false,"messageTitle":"Completed task for level 4","messageBody":"","tags":["Level-5-Handle-Errors","Level-4-ToDos-Events-Deadlines","A-TextUiTesting"],"fileTypesAndContributionMap":{"java":{"insertions":105,"deletions":27}}}]},{"date":"2025-01-28","commitResults":[{"hash":"28ae65fd162b2c435df4aab27c115a4e6cb1d380","isMergeCommit":false,"messageTitle":"\tnew file:   src/main/java/Controller/Logic.java \tmodified:   src/main/java/Daiyan.java \trenamed:    src/main/java/CommandList.java -\u003e src/main/java/DataStructure/CommandList.java \tdeleted:    src/main/java/Deadline.java \tdeleted:    src/main/java/Event.java \tnew file:   src/main/java/Exception/InvalidInputException.java \tnew file:   src/main/java/Exception/SyntaxException.java \tdeleted:    src/main/java/Logic.java \trenamed:    src/main/java/Command.java -\u003e src/main/java/TaskObjects/Command.java \tnew file:   src/main/java/TaskObjects/Deadline.java \tnew file:   src/main/java/TaskObjects/Event.java \trenamed:    src/main/java/Todo.java -\u003e src/main/java/TaskObjects/Todo.java \tmodified:   text-ui-test/EXPECTED.TXT \tmodified:   text-ui-test/input.txt \tmodified:   text-ui-test/runtest.bat","messageBody":"","tags":["Level-6-Delete"],"fileTypesAndContributionMap":{"txt":{"insertions":10,"deletions":0},"java":{"insertions":159,"deletions":99},"bat":{"insertions":1,"deletions":1}}},{"hash":"4b8e04f459c111fb49391de8e67f52a46b96282f","isMergeCommit":false,"messageTitle":"finish level 6 deletion of task","messageBody":"","fileTypesAndContributionMap":{"txt":{"insertions":10,"deletions":0},"java":{"insertions":37,"deletions":5}}},{"hash":"224955f62069f2d912321cf1804b7fd01b3720a2","isMergeCommit":false,"messageTitle":"added enums for better oop","messageBody":"","fileTypesAndContributionMap":{"java":{"insertions":36,"deletions":9}}},{"hash":"e22301074e92b194bcb72c59553b9ef6c06d3b9d","isMergeCommit":false,"messageTitle":"changed readme","messageBody":"","fileTypesAndContributionMap":{"md":{"insertions":9,"deletions":24}}},{"hash":"79e3a679ebb16a0a6e9dc775aee5ed1fa51b96e1","isMergeCommit":false,"messageTitle":"updated README","messageBody":"","fileTypesAndContributionMap":{"md":{"insertions":7,"deletions":1}}},{"hash":"aeb451feb5c60a6b8077c9bcd5dceba8e125c936","isMergeCommit":false,"messageTitle":"commit daiyan","messageBody":"","fileTypesAndContributionMap":{"md":{"insertions":1,"deletions":1}}},{"hash":"56df54ffb5d916d8bb666208ee26cc651e7835a8","isMergeCommit":false,"messageTitle":"added daiyan img","messageBody":"","fileTypesAndContributionMap":{"md":{"insertions":1,"deletions":1}}}]},{"date":"2025-01-31","commitResults":[{"hash":"c4aa42079cc24390325a02d2911648a132c2ad2d","isMergeCommit":false,"messageTitle":"Add Storage.java and StorageSyntaxException.java","messageBody":"App lacks the ability to Store information from\nprevious usage.\n\nEach use is isolated from each other and data\nis not brought forward\n\nAdd a Storage class to handle storage of data\ninto plain text as well as loading of said data\non start up\n\nNew Exception StorageSyntaxException created\nto handle potential exception arising from\nnew Class.\n\nCommand refactored to Task in all instance to\nbetter fit description.\n","fileTypesAndContributionMap":{"txt":{"insertions":2,"deletions":0},"java":{"insertions":237,"deletions":103}}},{"hash":"2cf6d04e9716bdab5f0608eeec40676bddf12e11","isMergeCommit":true,"messageTitle":"Merge branch-Level-7 into master","messageBody":"","tags":["Level-7-Save"],"fileTypesAndContributionMap":{}}]},{"date":"2025-02-06","commitResults":[{"hash":"49581eab9ab14858af81fb9d1b14d0de94a86663","isMergeCommit":false,"messageTitle":"Implement Level 8 DateTime feature","messageBody":"Deadline and Event class: add LocalDateTime\n\nBoth class have been dealing with time as plain string, usage of dateTime\nallow for future expandability\n\nLet\u0027s add DateTime funcationality to both Deadline and Event class\n\nAdding this allows for much easier and accurate comparison of time\ncompare to using plain string\n","fileTypesAndContributionMap":{"txt":{"insertions":3,"deletions":2},"java":{"insertions":34,"deletions":12}}},{"hash":"0c2ab968c66af914550a0ccd3e7e88502afe242f","isMergeCommit":true,"messageTitle":"Merge branch-Level-8 into master","messageBody":"","tags":["Level-8-Dates-And-Times"],"fileTypesAndContributionMap":{}},{"hash":"42af4854d5d2bd6cb2f8742623d83e6c29c66d9c","isMergeCommit":false,"messageTitle":"Add more OOP to code base","messageBody":"Add Ui class and Command package\n\nParser class was handling all the logic for parsing as\nwell as Ui. Tasklist was handling Command logic on top\nof being a datastructure.\n\nTasklist and Parser handles too many task which cause\nmessy monolithic codebase.\n\nExtracting a Ui class and a Command package will help\nthe codebase be easier to read and follow.\n\nLet\u0027s pull up these extra features into its own\nunique class.\n\nRefactored main to also handle basic logic flow.\n","fileTypesAndContributionMap":{"txt":{"insertions":3,"deletions":5},"java":{"insertions":348,"deletions":177}}},{"hash":"bc13ccbe98b94e14e0b5b7b50b1c57d3afb2be4d","isMergeCommit":true,"messageTitle":"Merge branch \u0027A-MoreOOP\u0027","messageBody":"","tags":["A-Packages","A-MoreOOP"],"fileTypesAndContributionMap":{}},{"hash":"45645a392133ba78994655ae9019b6bc8a24fd81","isMergeCommit":true,"messageTitle":"Merge branch \u0027add-gradle-support\u0027","messageBody":"","tags":["A-Jar","A-JUnit","A-Gradle"],"fileTypesAndContributionMap":{}},{"hash":"9b6e993f756efe6f5d1ac0d458df1c8a498a8fad","isMergeCommit":false,"messageTitle":"Add Find feature","messageBody":"Ability to filter task by keyword was added\n\nTask list would get hard for users to search through if\nlist gets too large\n\nCreate a feature for filtering task by keyword using\nsimple String matching. Tasklist has new method find()\nthat filters through the ArrayList and returns String\nof task that matches keyword. FindCommand also implmented\nand added to Enum and Parser logic.\n\nFeature was add on the same way other command like add\nwas implemented.\n","fileTypesAndContributionMap":{"gradle":{"insertions":3,"deletions":2},"txt":{"insertions":2,"deletions":0},"java":{"insertions":78,"deletions":9},"bat":{"insertions":2,"deletions":2},"md":{"insertions":4,"deletions":4}}},{"hash":"b018edcb02860038f8504fd6b3d3be02d5884fc9","isMergeCommit":false,"messageTitle":"Add JavaDoc","messageBody":"Add Java Doc for clear documentation for future reference\n","fileTypesAndContributionMap":{"java":{"insertions":672,"deletions":244}}},{"hash":"ba52c1d38d1c0aef929e5f9fc39fc4534be5cbb6","isMergeCommit":false,"messageTitle":"Fix Coding Style","messageBody":"Fix the coding style of the code base to comply with\ncoding standards\n","fileTypesAndContributionMap":{"java":{"insertions":2,"deletions":2}}},{"hash":"472747e9d78b1ba477654e8ea17709b69c7332e8","isMergeCommit":true,"messageTitle":"Merge branch \u0027branch-A-CodingStandard\u0027","messageBody":"","fileTypesAndContributionMap":{}},{"hash":"717e80e41d672e63bc34aec232540357341fcaa7","isMergeCommit":true,"messageTitle":"Merge branch-Level-9","messageBody":"Merge branch level 9 with the feature to filter task list\n","tags":["Level-9-Find","A-JavaDoc","A-CodingStandard"],"fileTypesAndContributionMap":{}}]},{"date":"2025-02-09","commitResults":[{"hash":"a2344cc211521a6a54a8bcb3498772c13b6db882","isMergeCommit":false,"messageTitle":"Add Checkstyle","messageBody":"Add checkstyle to assist in coding style\n\nto ensure a easier time coding and maintaining to conding\nstyle standards, checkstyle helps catches potential\nstyle errors that may slip our checks\n\nautomated process of checkstyle helps with speed\nof coding\n","tags":["A-CheckStyle"],"fileTypesAndContributionMap":{"gradle":{"insertions":4,"deletions":0},"java":{"insertions":115,"deletions":91}}}]},{"date":"2025-02-11","commitResults":[{"hash":"3ad1cb8dacea1f6ddf29e564a5182fb1dc6ee85e","isMergeCommit":false,"messageTitle":"Add JavaFX GUI","messageBody":"Daiyan class: extracted main and JavaFX GUI feature\n\nPrevious Ui of text based CLI commands may be hard for\nusers to parse and use\n\nCreating a simple GUI using JavaFX will greatly make\napp more readable to users and looks nicer on\nthe eyes as well\n\nLet\u0027s make a proper GUI for our app insted\nof CLI commands\n\nUsing JavaFX as its reccomended by lecturers\n","tags":["Level-10-GUI"],"fileTypesAndContributionMap":{"gradle":{"insertions":16,"deletions":1},"txt":{"insertions":1,"deletions":1},"fxml":{"insertions":51,"deletions":0},"java":{"insertions":277,"deletions":56},"md":{"insertions":1,"deletions":1}}}]},{"date":"2025-02-20","commitResults":[{"hash":"aa6d5b01197947740616ebfd74764f8c84065131","isMergeCommit":false,"messageTitle":"Add Assertions to code","messageBody":"Previous code did not have assertions and some values\ncould be pass through as unexpected values during\nruntime.\n\nthe use of assertions can help alleviate the issue\nand ensure the robustness of the code. Preventing\nthe runtime errors that could occur.\n","tags":["A-FullCommitMessage","A-CodeQuality"],"fileTypesAndContributionMap":{"gradle":{"insertions":0,"deletions":8},"txt":{"insertions":0,"deletions":3},"java":{"insertions":2,"deletions":8}}},{"hash":"2309fb35a799e75009f285955fd3bafc7ee67a9e","isMergeCommit":false,"messageTitle":"Add Sort feature","messageBody":"","tags":["BCD-Extension"],"fileTypesAndContributionMap":{"java":{"insertions":67,"deletions":1}}},{"hash":"d9ea54b39d297363b9e7eee1d980141a3118d672","isMergeCommit":false,"messageTitle":"Update User Guide","messageBody":"","fileTypesAndContributionMap":{"md":{"insertions":4,"deletions":4}}},{"hash":"32ab9a07b479408b5c939222528495616f464ed2","isMergeCommit":false,"messageTitle":"Update User Guide","messageBody":"","tags":["A-UserGuide"],"fileTypesAndContributionMap":{"md":{"insertions":3,"deletions":1}}}]}]},"authorFileTypeContributionMap":{"lyhthaddeus":{"java":1458,"md":18,"fxml":51,"sh":0,"bat":2,"gradle":14,"txt":20}},"authorContributionVariance":{"lyhthaddeus":69211.64},"authorDisplayNameMap":{"lyhthaddeus":"CS2103T-T12-1 LIM ..DEUS"}}
