{"authorDailyContributionsMap":{"lyhthaddeus":[{"date":"2025-01-23","commitResults":[{"hash":"84747cd67261eb8902dd267c6f9fca5ca3eb8494","isMergeCommit":false,"messageTitle":"Completed the task for level 0","messageBody":"","tags":["Level-0-Rename-Greet-Exit"],"fileTypesAndContributionMap":{"java":{"insertions":9,"deletions":10}}}]},{"date":"2025-01-25","commitResults":[{"hash":"c421b8fa02dff27d37fb9c786711b85bfb049840","isMergeCommit":false,"messageTitle":"\tmodified:   Daiyan.java \tnew file:   Logic.java","messageBody":"","fileTypesAndContributionMap":{"java":{"insertions":24,"deletions":0}}},{"hash":"afed851d34986d0d021385297ae0415d915454f1","isMergeCommit":false,"messageTitle":"\tmodified:   Daiyan.java \tmodified:   Logic.java","messageBody":"","tags":["Level-2-Add-List","Level-1-Echo"],"fileTypesAndContributionMap":{"java":{"insertions":4,"deletions":4}}},{"hash":"62ac467b020e71e00318992f7d2796dae2d82465","isMergeCommit":false,"messageTitle":"\tnew file:   Command.java \tnew file:   CommandList.java \tmodified:   Logic.java","messageBody":"","tags":["Level-3-Mark-as-Done"],"fileTypesAndContributionMap":{"java":{"insertions":53,"deletions":2}}},{"hash":"c92b9be355204ea3f75c47615d09c83483768880","isMergeCommit":false,"messageTitle":"\tmodified:   Command.java \tmodified:   CommandList.java \tmodified:   Logic.java","messageBody":"","fileTypesAndContributionMap":{"java":{"insertions":55,"deletions":13}}},{"hash":"eea58df6866e38ee8714e27f4e1b4cd27f93a7b6","isMergeCommit":false,"messageTitle":"Completed task for level 4","messageBody":"","tags":["Level-4-ToDos-Events-Deadlines","A-TextUiTesting"],"fileTypesAndContributionMap":{"java":{"insertions":105,"deletions":27}}}]}]},"authorFileTypeContributionMap":{"lyhthaddeus":{"java":204,"md":0,"fxml":0,"sh":0,"bat":0,"gradle":0,"txt":0}},"authorContributionVariance":{"lyhthaddeus":4804.8594},"authorDisplayNameMap":{"lyhthaddeus":"CS2103T-T12-1 LIM ..DEUS"}}
