{"authorDailyContributionsMap":{"Mil-leon":[{"date":"2025-01-22","commitResults":[{"hash":"4a434004092dc2c3fb35fd9af0c449c2d0c855d6","isMergeCommit":false,"messageTitle":"Changed the name from Duke to Bebop","messageBody":"","fileTypesAndContributionMap":{"java":{"insertions":1,"deletions":1},"bat":{"insertions":1,"deletions":1},"md":{"insertions":3,"deletions":3}}},{"hash":"1b0b50b016627c85ce95adeaf0acac74f3855519","isMergeCommit":false,"messageTitle":"Changed the greetings and the goodbyes","messageBody":"","tags":["Level-0"],"fileTypesAndContributionMap":{"java":{"insertions":3,"deletions":6}}},{"hash":"23dc69336505508ae0c105d105c4fd7cbdf33f45","isMergeCommit":false,"messageTitle":"Add echo feature to the chatbot","messageBody":"","tags":["Level-1"],"fileTypesAndContributionMap":{"java":{"insertions":17,"deletions":3}}},{"hash":"6c60920390672d91503d6958af2305ddefb9a424","isMergeCommit":false,"messageTitle":"Add Tasklist","messageBody":"","tags":["Level-2"],"fileTypesAndContributionMap":{"java":{"insertions":13,"deletions":3}}},{"hash":"c2717737ae7a78435361863842f54b3196070abf","isMergeCommit":false,"messageTitle":"Add Task class and Mark/Unmark features","messageBody":"","tags":["Level-3"],"fileTypesAndContributionMap":{"java":{"insertions":63,"deletions":16}}}]},{"date":"2025-01-24","commitResults":[{"hash":"b426b18276e5f10977e1317dedb1ff0c442029e2","isMergeCommit":false,"messageTitle":"Add ToDo, Deadline, Event classes and implemented their functions","messageBody":"","tags":["Level-4"],"fileTypesAndContributionMap":{"java":{"insertions":78,"deletions":8}}},{"hash":"856e9111900b53b49f34181225281638f08f88d8","isMergeCommit":false,"messageTitle":"Add Testcases and Expected","messageBody":"","tags":["TextUiTesting","A-TextUiTesting"],"fileTypesAndContributionMap":{"txt":{"insertions":8,"deletions":0},"java":{"insertions":10,"deletions":10},"sh":{"insertions":1,"deletions":1}}},{"hash":"e40bb809c2133d91a0e95cca08cf56a863d83aa5","isMergeCommit":false,"messageTitle":"String Validation for inputs and created BebopException","messageBody":"","tags":["Level-5"],"fileTypesAndContributionMap":{"java":{"insertions":59,"deletions":1}}},{"hash":"40e8fc4f630a280c4bdb5ea53834b686791c63ae","isMergeCommit":false,"messageTitle":"Completed delete function","messageBody":"","tags":["Level-6"],"fileTypesAndContributionMap":{"java":{"insertions":9,"deletions":2}}}]},{"date":"2025-01-26","commitResults":[{"hash":"f72716a85047ce29c4601df8c991c0d06e1f514f","isMergeCommit":false,"messageTitle":"Fix to follow coding standards","messageBody":"","fileTypesAndContributionMap":{"java":{"insertions":105,"deletions":106}}},{"hash":"8105f6d71f05eb2a0b860986ddb6dbed2118c85e","isMergeCommit":false,"messageTitle":"Create Bebop.txt to save data of task","messageBody":"","fileTypesAndContributionMap":{"txt":{"insertions":0,"deletions":0},"java":{"insertions":25,"deletions":4}}},{"hash":"ce324f0658bbff5ca2363832bd4fc8c89094774e","isMergeCommit":false,"messageTitle":"Change the format of BebopException","messageBody":"","fileTypesAndContributionMap":{"java":{"insertions":7,"deletions":4}}}]},{"date":"2025-01-27","commitResults":[{"hash":"917c77eb7ce044fc6962294056963c35cb30b83d","isMergeCommit":false,"messageTitle":"Implement save feature for Bebop and edit task classes","messageBody":"","fileTypesAndContributionMap":{"java":{"insertions":52,"deletions":14}}},{"hash":"f76e6d8877385784d00a1a9dbcd6bd54902c4a1c","isMergeCommit":true,"messageTitle":"Merge branch \u0027branch-level-7\u0027","messageBody":"","tags":["Level-7"],"fileTypesAndContributionMap":{}}]}]},"authorFileTypeContributionMap":{"Mil-leon":{"java":272,"md":3,"fxml":0,"sh":1,"bat":1,"gradle":0,"txt":8}},"authorContributionVariance":{"Mil-leon":5426.025},"authorDisplayNameMap":{"Mil-leon":"CS2103T-F13-2 NOEL.. LIM"}}
