{"authorDailyContributionsMap":{"hutongyan":[{"date":"2025-01-22","commitResults":[{"hash":"adb053d8cd0f4c25e45ffdb9f18e027147f8c6c5","isMergeCommit":false,"messageTitle":"Rename Duke.java to Baimi.java, add greet and exit","messageBody":"","tags":["Level_0"],"fileTypesAndContributionMap":{"java":{"insertions":12,"deletions":10}}},{"hash":"0403d9e590482b5f775df9f31deb167753078131","isMergeCommit":false,"messageTitle":"commit again to push tags","messageBody":"","fileTypesAndContributionMap":{"java":{"insertions":1,"deletions":1}}},{"hash":"165481b0011bea1a36374c76ae1223cc2db3603c","isMergeCommit":false,"messageTitle":"improve skeletal, echo commands, exit when type bye","messageBody":"","fileTypesAndContributionMap":{"java":{"insertions":19,"deletions":2}}},{"hash":"34bca27d792a8be29878299569d86fac5542b6ad","isMergeCommit":false,"messageTitle":"add the ability to store text typed","messageBody":"","fileTypesAndContributionMap":{"java":{"insertions":19,"deletions":2}}},{"hash":"152fbf596af81ae4b3470b2e82504e262c0d632f","isMergeCommit":false,"messageTitle":"add the ability to mark tasks, add Task class","messageBody":"","fileTypesAndContributionMap":{"java":{"insertions":54,"deletions":2}}}]}]},"authorFileTypeContributionMap":{"hutongyan":{"java":98,"md":0,"fxml":0,"sh":0,"bat":0,"gradle":0,"txt":0}},"authorContributionVariance":{"hutongyan":2067.2222},"authorDisplayNameMap":{"hutongyan":"HU T..GYAN"}}
