{"authorDailyContributionsMap":{"Neilchen863":[{"date":"2025-01-23","commitResults":[{"hash":"264d869901755ca3cf17df2fe6f909f69ede6bb6","isMergeCommit":false,"messageTitle":"Duke Level-0: Rename, Greet, Exit","messageBody":"","tags":["Level-0"],"fileTypesAndContributionMap":{"java":{"insertions":16,"deletions":10},"bat":{"insertions":1,"deletions":1},"md":{"insertions":3,"deletions":3}}},{"hash":"539c1f28c955d435faa73fadb3cf5e8399008e21","isMergeCommit":false,"messageTitle":"Duke Level-1: Echo","messageBody":"","tags":["Level-1"],"fileTypesAndContributionMap":{"java":{"insertions":21,"deletions":2}}},{"hash":"521c7da5a2c2148ad0b2a85a017deb487b7d13c8","isMergeCommit":false,"messageTitle":"Duke Level-2: Add, List","messageBody":"","tags":["Level-2"],"fileTypesAndContributionMap":{"java":{"insertions":20,"deletions":1}}},{"hash":"2ee60472e62f505111efb22dd63d954b9f8b8ec7","isMergeCommit":false,"messageTitle":"Duke Level-3: Mark as Done","messageBody":"","tags":["Level-3"],"fileTypesAndContributionMap":{"java":{"insertions":55,"deletions":2}}},{"hash":"5453db8a672d6aa10d0d210d93a8d2bafb1f2acc","isMergeCommit":false,"messageTitle":"Duke Level-4: ToDo, Event, Deadline","messageBody":"","tags":["Level-4"],"fileTypesAndContributionMap":{"java":{"insertions":134,"deletions":3}}},{"hash":"e42ebb1b17e94a34c0f34993a1e16d22af6b3a2b","isMergeCommit":false,"messageTitle":"Duke A-TextUiTesting: Automated Text UI Testing","messageBody":"","tags":["A-TextUiTesting"],"fileTypesAndContributionMap":{"sh":{"insertions":1,"deletions":1}}},{"hash":"fafc5ec936c3255a4a1fedd34d870d60362b3ca1","isMergeCommit":false,"messageTitle":"Duke Level-5: Handle Errors","messageBody":"","tags":["Level-5"],"fileTypesAndContributionMap":{"java":{"insertions":20,"deletions":2}}},{"hash":"3d9db972bfeec3d6e2a5b86b50f95eefb1044ad5","isMergeCommit":false,"messageTitle":"Duke Level-6: Delete","messageBody":"","tags":["Level-6"],"fileTypesAndContributionMap":{"java":{"insertions":13,"deletions":0}}}]},{"date":"2025-01-24","commitResults":[{"hash":"748c8ac82ba952312635275555168fb578ed0cdc","isMergeCommit":false,"messageTitle":"Move the classes to a package","messageBody":"","fileTypesAndContributionMap":{"java":{"insertions":109,"deletions":102}}}]},{"date":"2025-01-30","commitResults":[{"hash":"bda8149a0d3dc78b8bc82f44236cd271b1276b34","isMergeCommit":false,"messageTitle":"Duke Level-7: Save","messageBody":"","tags":["Level-7"],"fileTypesAndContributionMap":{"txt":{"insertions":3,"deletions":0},"java":{"insertions":71,"deletions":2}}}]},{"date":"2025-01-31","commitResults":[{"hash":"dee613c48e674f43c0638561e119eb108a725f06","isMergeCommit":false,"messageTitle":"Duke Level-8: Dates and Times","messageBody":"","tags":["Level-8"],"fileTypesAndContributionMap":{"txt":{"insertions":2,"deletions":2},"java":{"insertions":50,"deletions":17}}},{"hash":"b0a064d7ef4209674fe0da89f065e351515b5bfc","isMergeCommit":false,"messageTitle":"Duke A-MoreOOP: Use More OOP","messageBody":"","tags":["A-MoreOOP"],"fileTypesAndContributionMap":{"txt":{"insertions":4,"deletions":3},"java":{"insertions":242,"deletions":129}}},{"hash":"e289bfe99dbd16272735584bee2bde41fcacb7ef","isMergeCommit":false,"messageTitle":"Duke A-Packages: Organize into Packages","messageBody":"","tags":["A-Packages"],"fileTypesAndContributionMap":{"java":{"insertions":24,"deletions":17},"bat":{"insertions":1,"deletions":1},"md":{"insertions":3,"deletions":3}}},{"hash":"b988fe7bbbdd954902c6eb9bd52f4ce6eba7001d","isMergeCommit":true,"messageTitle":"Merge remote-tracking branch \u0027origin/add-gradle-support\u0027","messageBody":"","fileTypesAndContributionMap":{}},{"hash":"5942a02db038d0c24d1f366b1a45b574a672a2ce","isMergeCommit":false,"messageTitle":"Duke A-Gradle: Use Gradle","messageBody":"","tags":["A-Gradle"],"fileTypesAndContributionMap":{"gradle":{"insertions":1,"deletions":1},"txt":{"insertions":4,"deletions":4}}},{"hash":"cee7fb94044647f4c04f1b51a1ae760e57dba016","isMergeCommit":false,"messageTitle":"Duke A-JUnit: Add JUnit Tests","messageBody":"","tags":["A-Jar","A-JUnit"],"fileTypesAndContributionMap":{"java":{"insertions":44,"deletions":0}}}]},{"date":"2025-02-01","commitResults":[{"hash":"4ca8d69d63ee4ef8ed2057e00ff12a7a39577bc8","isMergeCommit":false,"messageTitle":"Duke A-JavaDoc: JavaDoc","messageBody":"","tags":["A-JavaDoc"],"fileTypesAndContributionMap":{"java":{"insertions":103,"deletions":0}}},{"hash":"5d63faf056ea0c34850fbffd0a1b87143bd88fc6","isMergeCommit":false,"messageTitle":"Duke A-CodingStandard: Follow the Coding Standard","messageBody":"","tags":["A-CodingStandard"],"fileTypesAndContributionMap":{"java":{"insertions":2,"deletions":4}}},{"hash":"5cf0630634857ceae4298ad5e5a1c25c3831da57","isMergeCommit":true,"messageTitle":"Merge branch \u0027refs/heads/branch-A-CodingStandard\u0027","messageBody":"","fileTypesAndContributionMap":{}},{"hash":"de97d2babbc52dd97bf7559b7b052b07e8cdd5cd","isMergeCommit":false,"messageTitle":"Duke Level-9: Find","messageBody":"","tags":["Level-9"],"fileTypesAndContributionMap":{"txt":{"insertions":4,"deletions":4},"java":{"insertions":36,"deletions":1}}},{"hash":"5c2685c29c086bfcbe35f92859ad7709d1dc5218","isMergeCommit":true,"messageTitle":"Merge branch \u0027refs/heads/branch-Level-9\u0027","messageBody":"","fileTypesAndContributionMap":{}}]},{"date":"2025-02-07","commitResults":[{"hash":"dabb46b052acb0393b877e5f7e4d4b0be125f980","isMergeCommit":false,"messageTitle":"Duke A-CheckStyle: Use CheckStyle optional","messageBody":"","tags":["A-CheckStyle"],"fileTypesAndContributionMap":{"gradle":{"insertions":5,"deletions":0}}}]}]},"authorFileTypeContributionMap":{"Neilchen863":{"java":678,"md":3,"fxml":0,"sh":1,"bat":1,"gradle":6,"txt":4}},"authorContributionVariance":{"Neilchen863":14321.307},"authorDisplayNameMap":{"Neilchen863":"CS2103T-T17-3 CHEN..AHAO"}}
