{"authorDailyContributionsMap":{"jonaturn":[{"date":"2025-01-22","commitResults":[{"hash":"7baf44f0c89fbd066118effbd7ee73d031ab3e1d","isMergeCommit":false,"messageTitle":"level-0","messageBody":"","tags":["level-1","level-0"],"fileTypesAndContributionMap":{"java":{"insertions":17,"deletions":10}}},{"hash":"6d815e7a5ac95fa7a201ed415a385f313442b5ac","isMergeCommit":false,"messageTitle":"level 1 echo","messageBody":"","fileTypesAndContributionMap":{"java":{"insertions":26,"deletions":2}}},{"hash":"0388a43436ef462644fddaf85a2cc501407f9c05","isMergeCommit":false,"messageTitle":"level-2 add list","messageBody":"","tags":["level-3","level-2"],"fileTypesAndContributionMap":{"java":{"insertions":27,"deletions":3}}}]},{"date":"2025-01-23","commitResults":[{"hash":"73829f412b3bfa00dff06195b93945fac28a9045","isMergeCommit":false,"messageTitle":"level-3 mark as done","messageBody":"","fileTypesAndContributionMap":{"java":{"insertions":46,"deletions":5}}},{"hash":"e5b2840b1d443ed9270bbc1afd31a8d1adbee060","isMergeCommit":false,"messageTitle":"level 4 added todos, events, deadlines","messageBody":"","tags":["level-4"],"fileTypesAndContributionMap":{"java":{"insertions":92,"deletions":14}}}]}]},"authorFileTypeContributionMap":{"jonaturn":{"java":184,"md":0,"fxml":0,"sh":0,"bat":0,"gradle":0,"txt":0}},"authorContributionVariance":{"jonaturn":3358.2449},"authorDisplayNameMap":{"jonaturn":"CS2103T-T10-2 JONA..UZHE"}}
