{"authorDailyContributionsMap":{"jonaturn":[{"date":"2025-01-22","commitResults":[{"hash":"7baf44f0c89fbd066118effbd7ee73d031ab3e1d","isMergeCommit":false,"messageTitle":"level-0","messageBody":"","tags":["level-1","level-0"],"fileTypesAndContributionMap":{"java":{"insertions":17,"deletions":10}}},{"hash":"6d815e7a5ac95fa7a201ed415a385f313442b5ac","isMergeCommit":false,"messageTitle":"level 1 echo","messageBody":"","fileTypesAndContributionMap":{"java":{"insertions":26,"deletions":2}}},{"hash":"0388a43436ef462644fddaf85a2cc501407f9c05","isMergeCommit":false,"messageTitle":"level-2 add list","messageBody":"","tags":["level-3","level-2"],"fileTypesAndContributionMap":{"java":{"insertions":27,"deletions":3}}}]},{"date":"2025-01-23","commitResults":[{"hash":"73829f412b3bfa00dff06195b93945fac28a9045","isMergeCommit":false,"messageTitle":"level-3 mark as done","messageBody":"","fileTypesAndContributionMap":{"java":{"insertions":46,"deletions":5}}},{"hash":"e5b2840b1d443ed9270bbc1afd31a8d1adbee060","isMergeCommit":false,"messageTitle":"level 4 added todos, events, deadlines","messageBody":"","tags":["level-4"],"fileTypesAndContributionMap":{"java":{"insertions":92,"deletions":14}}}]},{"date":"2025-01-24","commitResults":[{"hash":"7c38b2cc0e755acaea27d9bfde3821ea3c8ee700","isMergeCommit":false,"messageTitle":"level 5 added exception handling","messageBody":"","tags":["level-5","A-TextUiTesting"],"fileTypesAndContributionMap":{"txt":{"insertions":2,"deletions":0},"java":{"insertions":66,"deletions":25},"bat":{"insertions":2,"deletions":2}}},{"hash":"e2bccf18489052733c855e3ac7e0db013a313c35","isMergeCommit":false,"messageTitle":"todo: improve the string input handling","messageBody":"","tags":["level-6","enums","A-Enums2","A-Enums"],"fileTypesAndContributionMap":{"java":{"insertions":16,"deletions":0}}}]},{"date":"2025-01-26","commitResults":[{"hash":"75da6a2aed86249d46ce8f7e203dfb0db043572b","isMergeCommit":false,"messageTitle":"A-enums, input stringhandling using enums","messageBody":"","tags":["A-enum"],"fileTypesAndContributionMap":{"java":{"insertions":235,"deletions":82}}}]},{"date":"2025-01-30","commitResults":[{"hash":"dfdcfb8c56ab37f2808575ed8fc97ce5a9cc6c44","isMergeCommit":false,"messageTitle":"git branches","messageBody":"","fileTypesAndContributionMap":{"java":{"insertions":3,"deletions":1}}},{"hash":"76a48c0ac80e11cf7c9d70823385a40361ac9e4b","isMergeCommit":false,"messageTitle":"git merge","messageBody":"","fileTypesAndContributionMap":{"java":{"insertions":2,"deletions":1}}},{"hash":"64e3e82a9049d09fd9c7e0a699482a9069dca9df","isMergeCommit":true,"messageTitle":"merge conflict fix","messageBody":"","tags":["level-7"],"fileTypesAndContributionMap":{}},{"hash":"3e20a07a0154e76b87e03b72a161076a953876e4","isMergeCommit":false,"messageTitle":"merge example again","messageBody":"","fileTypesAndContributionMap":{"java":{"insertions":2,"deletions":0}}}]},{"date":"2025-01-31","commitResults":[{"hash":"cede07cb567077f2f818f59680fe8d3870e67178","isMergeCommit":false,"messageTitle":"added filewrite","messageBody":"","fileTypesAndContributionMap":{"java":{"insertions":45,"deletions":80}}},{"hash":"a6299cd5f9d57593bf51b8ba6b2aff4f0d7d526b","isMergeCommit":true,"messageTitle":"Merge branch \u0027master\u0027 of https://github.com/jonaturn/ip","messageBody":"","fileTypesAndContributionMap":{}},{"hash":"2d149f107e7da2ec323b2987f857d2c5ea1974ff","isMergeCommit":false,"messageTitle":"added localdatetime","messageBody":"","tags":["level-8","A-OOP"],"fileTypesAndContributionMap":{"java":{"insertions":27,"deletions":14}}},{"hash":"17e49be1f21651debadcd630b3897ab7842d2d09","isMergeCommit":false,"messageTitle":"add OOP and Packages","messageBody":"","fileTypesAndContributionMap":{"java":{"insertions":446,"deletions":354}}},{"hash":"58afb8973ad7bd359df4b6bdccea454d3a73974d","isMergeCommit":true,"messageTitle":"Merge branch \u0027add-gradle-support\u0027 of https://github.com/nus-cs2103-AY2425S2/ip into add-gradle-support","messageBody":"","fileTypesAndContributionMap":{}},{"hash":"aa966719552ffa50b91e19348b5c42b305077985","isMergeCommit":false,"messageTitle":"add packages","messageBody":"","tags":["A-moreOOP","A-Packages","A-Gradle"],"fileTypesAndContributionMap":{"gradle":{"insertions":7,"deletions":2},"java":{"insertions":95,"deletions":112}}},{"hash":"e6647b92854d3d17abafe29fbc530b35eb9d6a90","isMergeCommit":false,"messageTitle":"add unit tests","messageBody":"","fileTypesAndContributionMap":{"java":{"insertions":22,"deletions":0}}},{"hash":"f46d4f01dfc56fb6a9702e7f86df12d26953b8a0","isMergeCommit":false,"messageTitle":"add unit tests","messageBody":"","tags":["A-JUnit"],"fileTypesAndContributionMap":{"java":{"insertions":102,"deletions":51}}}]},{"date":"2025-02-01","commitResults":[{"hash":"20e08c89d801b694ed06489fba825283f5c54e98","isMergeCommit":false,"messageTitle":"A-JavaDoc","messageBody":"","tags":["A-JavaDoc","A-CodingStandard"],"fileTypesAndContributionMap":{"java":{"insertions":229,"deletions":87}}},{"hash":"db47f56391c50afb524c7126c96b0ccc9e3cc6d8","isMergeCommit":false,"messageTitle":"add find","messageBody":"","tags":["level-9"],"fileTypesAndContributionMap":{"java":{"insertions":28,"deletions":1}}},{"hash":"d779a0161ee5b1c6882abc517776256d4dc4415c","isMergeCommit":false,"messageTitle":"A-Jar","messageBody":"","fileTypesAndContributionMap":{"gradle":{"insertions":3,"deletions":1}}}]},{"date":"2025-02-07","commitResults":[{"hash":"3cae36b3c7823b0926005f3360c29514b93dc3de","isMergeCommit":false,"messageTitle":"A-CheckStyle","messageBody":"","fileTypesAndContributionMap":{"java":{"insertions":19,"deletions":19}}},{"hash":"5327d8f044f9413e33c4289bf50c3333aea0494c","isMergeCommit":false,"messageTitle":"add gui","messageBody":"","fileTypesAndContributionMap":{"gradle":{"insertions":16,"deletions":1},"fxml":{"insertions":60,"deletions":0},"java":{"insertions":201,"deletions":0}}}]},{"date":"2025-02-11","commitResults":[{"hash":"6867875e89e01173a7dd5d1e79d0b0a53e5b1a08","isMergeCommit":false,"messageTitle":"finish backlog","messageBody":"","fileTypesAndContributionMap":{"gradle":{"insertions":1,"deletions":1},"java":{"insertions":98,"deletions":9}}}]},{"date":"2025-02-13","commitResults":[{"hash":"bb15f8f5b371d7b2217353559c8ec871dd9e2953","isMergeCommit":false,"messageTitle":"fixed GUI","messageBody":"","fileTypesAndContributionMap":{"gradle":{"insertions":2,"deletions":1},"java":{"insertions":96,"deletions":61}}},{"hash":"bff8472f4ea0ec07feb6769b1878e39c3c227ba2","isMergeCommit":false,"messageTitle":"added assert","messageBody":"","tags":["A-Assertions"],"fileTypesAndContributionMap":{"java":{"insertions":5,"deletions":1}}},{"hash":"7c4324eb79a011f90eb0c643e5c1e454ac9a1d45","isMergeCommit":false,"messageTitle":"Fixed:\\nNot loading full list of tasks from file\\nFile type was not initialised properly on load\\n\\nCode refactoring:\\nCreated new Exception classes to abstract away code from Parser.java\\nCreated new methods in UI package to handle creating string responses for John","messageBody":"","tags":["A-CodeQuality"],"fileTypesAndContributionMap":{"java":{"insertions":104,"deletions":105}}}]},{"date":"2025-02-14","commitResults":[{"hash":"c758684f8ba21250de48508a57f6833b4d93dddc","isMergeCommit":false,"messageTitle":"Added Tagging:\\n\\n[tag] [index(int)] [tagDescription(String)]\\n\u0027tag\u0027 as keyword\\nInteger for task index \\nDescription of tag","messageBody":"","tags":["C-Tagging"],"fileTypesAndContributionMap":{"java":{"insertions":168,"deletions":36}}}]}]},"authorFileTypeContributionMap":{"jonaturn":{"java":1153,"md":0,"fxml":60,"sh":0,"bat":2,"gradle":25,"txt":2}},"authorContributionVariance":{"jonaturn":57861.89},"authorDisplayNameMap":{"jonaturn":"CS2103T-T10-2 JONA..UZHE"}}
