{"authorDailyContributionsMap":{"NhatMinh0208":[{"date":"2025-01-17","commitResults":[{"hash":"f70e6dc7d894966bcf84e14af4cba313b692862a","isMergeCommit":false,"messageTitle":"Rename bot to Merylwb","messageBody":"","fileTypesAndContributionMap":{"java":{"insertions":6,"deletions":10}}},{"hash":"6a8689ec254e9e9e20e2cbf9ce92639b3789fabf","isMergeCommit":false,"messageTitle":"Implement greet and exit","messageBody":"","fileTypesAndContributionMap":{"java":{"insertions":3,"deletions":1}}},{"hash":"af8dcdaf7bed72103bcf25d6f185f4bae277a64f","isMergeCommit":false,"messageTitle":"Rename bot to Sphene","messageBody":"","tags":["Level-0"],"fileTypesAndContributionMap":{"java":{"insertions":2,"deletions":2}}},{"hash":"df4a606cd294c2fb662fb330cfef6b8d22694bd2","isMergeCommit":false,"messageTitle":"Implement echo","messageBody":"","tags":["Level-1"],"fileTypesAndContributionMap":{"java":{"insertions":19,"deletions":3}}},{"hash":"71457adbcb818997d28e4b2530dc20f701c5028e","isMergeCommit":false,"messageTitle":"Bring constants out","messageBody":"","fileTypesAndContributionMap":{"java":{"insertions":5,"deletions":5}}},{"hash":"4787d65b6725b2c3b78599ac52d7814288ff479b","isMergeCommit":false,"messageTitle":"Implement ability to add items","messageBody":"","fileTypesAndContributionMap":{"java":{"insertions":19,"deletions":1}}},{"hash":"25abb299b8edc2548a07590ab017f4bde4b3c6ed","isMergeCommit":false,"messageTitle":"Implement ability to list items","messageBody":"","tags":["Level-2","A-Classes"],"fileTypesAndContributionMap":{"java":{"insertions":8,"deletions":0}}},{"hash":"bb9bb19917d150d5c37d62896449d256dbfd935e","isMergeCommit":false,"messageTitle":"Add task done status","messageBody":"","tags":["A-Collections"],"fileTypesAndContributionMap":{"java":{"insertions":24,"deletions":6}}},{"hash":"0b4e5512ce50b8bf5c29c5cad971568f008ad226","isMergeCommit":false,"messageTitle":"Add ability to mark tasks as done / not done","messageBody":"","tags":["Level-3"],"fileTypesAndContributionMap":{"java":{"insertions":51,"deletions":14}}}]},{"date":"2025-01-18","commitResults":[{"hash":"fd431be8d063624bd400ff7bbdc5754f3b40f6a7","isMergeCommit":false,"messageTitle":"Add task type ToDo","messageBody":"","fileTypesAndContributionMap":{"java":{"insertions":10,"deletions":0}}},{"hash":"f86695529607855d495e9c87a1a737690a874384","isMergeCommit":false,"messageTitle":"Add task type Deadline","messageBody":"","fileTypesAndContributionMap":{"java":{"insertions":4,"deletions":0}}},{"hash":"04b6cdf115d83c5165d3a9bf0adcd07c6fd0786b","isMergeCommit":false,"messageTitle":"Finish task type Deadline","messageBody":"","fileTypesAndContributionMap":{"java":{"insertions":11,"deletions":2}}},{"hash":"7daaa99b083cf7707ecea5e5b4403027e0482b4b","isMergeCommit":false,"messageTitle":"Add task type Event","messageBody":"","tags":["A-Inheritance"],"fileTypesAndContributionMap":{"java":{"insertions":15,"deletions":0}}},{"hash":"d6ce24007e169404f46fabb03a20947f980733c5","isMergeCommit":false,"messageTitle":"Add parsing for individual task types","messageBody":"","fileTypesAndContributionMap":{"java":{"insertions":66,"deletions":6}}},{"hash":"39eea458b94eb23d87e4fb82a2b257e92750d367","isMergeCommit":false,"messageTitle":"Fix event icon","messageBody":"","tags":["Level-4"],"fileTypesAndContributionMap":{"java":{"insertions":1,"deletions":1}}},{"hash":"c96a0675b3ea6e154a53509e02d3c22dc5cd2bd0","isMergeCommit":false,"messageTitle":"Add initial testing for all commands","messageBody":"","tags":["A-TextUiTesting"],"fileTypesAndContributionMap":{"txt":{"insertions":18,"deletions":0},"sh":{"insertions":1,"deletions":1}}},{"hash":"e335e6729e4421955929115788271f40053f47b9","isMergeCommit":false,"messageTitle":"Add exceptions for syntax errors and unknown command errors","messageBody":"","fileTypesAndContributionMap":{"java":{"insertions":100,"deletions":48}}},{"hash":"cb171ff23f5c5b69ab34d7ec7e904451cc1723e1","isMergeCommit":false,"messageTitle":"Add excpetions for empty field errors","messageBody":"","fileTypesAndContributionMap":{"java":{"insertions":75,"deletions":24}}},{"hash":"c759745bc5eae5334896670f87ccfae366b29979","isMergeCommit":false,"messageTitle":"Reorganize code for mark/unmark and add out of range exceptions","messageBody":"","fileTypesAndContributionMap":{"java":{"insertions":55,"deletions":4}}}]},{"date":"2025-01-20","commitResults":[{"hash":"7ad7f1401969c88b5af78584543eb19a1e5e2a3d","isMergeCommit":false,"messageTitle":"Add testing for new excpetions","messageBody":"","tags":["Level-5"],"fileTypesAndContributionMap":{"txt":{"insertions":6,"deletions":0}}},{"hash":"d75053816893d6f4fac61aeab8d133255332ea2a","isMergeCommit":false,"messageTitle":"Mark exception field as final","messageBody":"","fileTypesAndContributionMap":{"java":{"insertions":1,"deletions":1}}},{"hash":"b09f12594db5acb7add87bb918ee1ae266dbeaf5","isMergeCommit":false,"messageTitle":"Add ability to delete tasks","messageBody":"","fileTypesAndContributionMap":{"txt":{"insertions":4,"deletions":0}}},{"hash":"2b51cffa5b17daea36ea57ee0d36714f062c209a","isMergeCommit":false,"messageTitle":"Add ability to delete tasks","messageBody":"","tags":["Level-6"],"fileTypesAndContributionMap":{"java":{"insertions":27,"deletions":2}}}]}]},"authorFileTypeContributionMap":{"NhatMinh0208":{"java":382,"md":0,"fxml":0,"sh":1,"bat":0,"gradle":0,"txt":28}},"authorContributionVariance":{"NhatMinh0208":29881.25},"authorDisplayNameMap":{"NhatMinh0208":"CS2103T-W13-4 NGUY..MINH"}}
