{"authorDailyContributionsMap":{"namitdeb739":[{"date":"2025-01-22","commitResults":[{"hash":"dd38afcad3ffac2d691a1e1e72386fe699104b49","isMergeCommit":false,"messageTitle":"Name chatbot \u0027Cypher\u0027, add greeting and farewell text","messageBody":"","tags":["Level-0"],"fileTypesAndContributionMap":{"java":{"insertions":16,"deletions":10},"md":{"insertions":3,"deletions":2}}},{"hash":"7cae5a983abd3e3cc001b6a56107b47bc07e3211","isMergeCommit":false,"messageTitle":"Make Cypher echo user input until \u0027bye\u0027 is input","messageBody":"","tags":["Level-1"],"fileTypesAndContributionMap":{"java":{"insertions":25,"deletions":2}}},{"hash":"1bf963cdad0eee91576a8c638d49a4dfeba5f6e9","isMergeCommit":false,"messageTitle":"Add the ability to store user input as a list, which can be displayed upon inputting \u0027list\u0027","messageBody":"","tags":["Level-2"],"fileTypesAndContributionMap":{"java":{"insertions":13,"deletions":1}}},{"hash":"ac85aea6a470fe1f8c8272d83dee18953f485844","isMergeCommit":false,"messageTitle":"Create Task class to encapsulate tasks in the list, and add feature to mark and unmark tasks in a checklist style.","messageBody":"","tags":["Level-3"],"fileTypesAndContributionMap":{"java":{"insertions":88,"deletions":15}}},{"hash":"b91203ae04520c41f913c7d1fb674e7e4c6d1adc","isMergeCommit":false,"messageTitle":"Create classes Todo, Deadline, and Event which inherit from Task and handle different types of tasks on the list","messageBody":"","tags":["Level-4"],"fileTypesAndContributionMap":{"java":{"insertions":110,"deletions":15}}},{"hash":"4069ccedfee7b9423d3e8765473e8d72201ab099","isMergeCommit":false,"messageTitle":"Use input/output redirection technique to semi-automate testing","messageBody":"","tags":["A-TextUiTesting"],"fileTypesAndContributionMap":{"txt":{"insertions":9,"deletions":0},"java":{"insertions":7,"deletions":2},"bat":{"insertions":0,"deletions":21},"sh":{"insertions":2,"deletions":2}}},{"hash":"0796fb18a16a84528dfb19ffc18458caf9892c7b","isMergeCommit":false,"messageTitle":"Handle exceptions in event of empty input, invalid command format due to missing fields, or attempt to mark or unmark nonexistant task.","messageBody":"","tags":["Level-5"],"fileTypesAndContributionMap":{"java":{"insertions":203,"deletions":62}}},{"hash":"cd2a1a89c3c75a9d0cc397f49b4dbffd551d43f8","isMergeCommit":false,"messageTitle":"Add ability to delete tasks, refactored the tasks array into an ArrayList for dynamic sizing.","messageBody":"","tags":["Level-6"],"fileTypesAndContributionMap":{"java":{"insertions":43,"deletions":22}}},{"hash":"410e5a115c15d476b1f0e4e1fa84aa8cc7f434a7","isMergeCommit":false,"messageTitle":"Refactor commands to use enum Command class.","messageBody":"","tags":["A-Enums"],"fileTypesAndContributionMap":{"java":{"insertions":28,"deletions":9}}},{"hash":"204fe61d52599f63023da9e1af281095dff2cabe","isMergeCommit":false,"messageTitle":"Document classes and public methods through javadocs.","messageBody":"","fileTypesAndContributionMap":{"java":{"insertions":27,"deletions":0}}},{"hash":"2813bb1793fac3634ef8adf04941a32051956c3b","isMergeCommit":false,"messageTitle":"Document classes and public methods through javadocs.","messageBody":"","fileTypesAndContributionMap":{"java":{"insertions":5,"deletions":6}}}]}]},"authorFileTypeContributionMap":{"namitdeb739":{"java":431,"md":3,"fxml":0,"sh":2,"bat":0,"gradle":0,"txt":9}},"authorContributionVariance":{"namitdeb739":77708.88},"authorDisplayNameMap":{"namitdeb739":"CS2103T-W12-1 NAMI.. DEB"}}
