{"authorDailyContributionsMap":{"Bryce-3D":[{"date":"2025-01-17","commitResults":[{"hash":"045ce3a8846de3304d02ac21a6db17537db71dc6","isMergeCommit":false,"messageTitle":"Create Homura.java based on Duke.java","messageBody":"","fileTypesAndContributionMap":{"java":{"insertions":13,"deletions":0}}},{"hash":"50690fabda13b57ba5cd473bf51977324d1eb36c","isMergeCommit":false,"messageTitle":"Delete the original Duke.java","messageBody":"","fileTypesAndContributionMap":{"java":{"insertions":0,"deletions":10}}},{"hash":"a910c3fe7b80d8c3b735de11016126562ab39459","isMergeCommit":false,"messageTitle":"Romanize Homura\u0027s name","messageBody":"","tags":["Level-0"],"fileTypesAndContributionMap":{"java":{"insertions":1,"deletions":1}}},{"hash":"08b90e963c8c32635ff21cf8af086a1d5713534a","isMergeCommit":false,"messageTitle":"Create function to format echo string","messageBody":"","fileTypesAndContributionMap":{"java":{"insertions":9,"deletions":0}}},{"hash":"621d166fdbebfca6006d4ca93af05cfd737b0677","isMergeCommit":false,"messageTitle":"Separate intro message into another function","messageBody":"","fileTypesAndContributionMap":{"java":{"insertions":12,"deletions":8}}},{"hash":"f99c63cc7770562ab427be89ef5752935fa3eea1","isMergeCommit":false,"messageTitle":"Implement logic of main()","messageBody":"","fileTypesAndContributionMap":{"java":{"insertions":21,"deletions":0}}},{"hash":"7bac736a2830ef8aea1963246ba251582b3f08ce","isMergeCommit":false,"messageTitle":"Update messages from the chatbot","messageBody":"","tags":["Level-1"],"fileTypesAndContributionMap":{"java":{"insertions":10,"deletions":12}}},{"hash":"358dbae334f2648d47346f2517b0dae88cf97c68","isMergeCommit":false,"messageTitle":"Add function to print items","messageBody":"","tags":["A-Collections"],"fileTypesAndContributionMap":{"java":{"insertions":19,"deletions":3}}},{"hash":"19a288989c88f7589ed4e11166d50f173db2abe2","isMergeCommit":false,"messageTitle":"Modify divider to not end in a newline and made a function to format the printed list of items","messageBody":"","fileTypesAndContributionMap":{"java":{"insertions":21,"deletions":7}}},{"hash":"854a529b20068205f92bd9475b87960610fa2802","isMergeCommit":false,"messageTitle":"Add list logic to main and fix bug with number of new lines after printing the items","messageBody":"","fileTypesAndContributionMap":{"java":{"insertions":7,"deletions":3}}},{"hash":"5177d420e6cc186c20f500b2d02280e1fd531f6e","isMergeCommit":false,"messageTitle":"Make the divider pretty/cute","messageBody":"","tags":["Level-2"],"fileTypesAndContributionMap":{"java":{"insertions":5,"deletions":1}}}]},{"date":"2025-01-18","commitResults":[{"hash":"aafc082dc70dd65b1394aebe8c4c4e545521060f","isMergeCommit":false,"messageTitle":"Remove commented out tests","messageBody":"","fileTypesAndContributionMap":{"java":{"insertions":0,"deletions":8}}},{"hash":"1f074d2d17a8b088527a20dc18cff20b97f3edc3","isMergeCommit":false,"messageTitle":"Add Task class and incorporate in Homura","messageBody":"","tags":["A-Classes"],"fileTypesAndContributionMap":{"java":{"insertions":22,"deletions":4}}},{"hash":"2a16d4b0bc83046a4279c2f88c9ec230a2a84643","isMergeCommit":false,"messageTitle":"Add logic of marking and unmarking to main","messageBody":"","fileTypesAndContributionMap":{"java":{"insertions":29,"deletions":4}}},{"hash":"b7b00a10ff8aac563b403a097bf8a42320591ef0","isMergeCommit":false,"messageTitle":"Make `print_items()` 0-indexed","messageBody":"","fileTypesAndContributionMap":{"java":{"insertions":1,"deletions":1}}},{"hash":"b95ec03c4d8cf6cdb98d01283c61871f3912c0f9","isMergeCommit":false,"messageTitle":"Add status messages when marking or unmarking tasks","messageBody":"","fileTypesAndContributionMap":{"java":{"insertions":16,"deletions":0}}}]},{"date":"2025-01-20","commitResults":[{"hash":"b22cb2ba37495eed6768c9ba8e745a7b17c645dd","isMergeCommit":false,"messageTitle":"Make indices 1-indexed on the user\u0027s end","messageBody":"","tags":["Level-3"],"fileTypesAndContributionMap":{"java":{"insertions":3,"deletions":3}}},{"hash":"f1552c720d3e5310b47b5dd6b326903fc2df2e42","isMergeCommit":false,"messageTitle":"Rename Task to ToDo and make adding a task need the command `todo`","messageBody":"","fileTypesAndContributionMap":{"java":{"insertions":22,"deletions":12}}},{"hash":"571ac92e92533d9ccc91b85ff0f7081c2a4416c7","isMergeCommit":false,"messageTitle":"Move logic of generating status message to `ToDo.java`","messageBody":"","fileTypesAndContributionMap":{"java":{"insertions":22,"deletions":7}}},{"hash":"fca3f70fe1abd03b20278840dffd0f49311f7125","isMergeCommit":false,"messageTitle":"Move logic of generating messages when marking or unmarking tasks to `ToDo.java`","messageBody":"","fileTypesAndContributionMap":{"java":{"insertions":38,"deletions":21}}},{"hash":"bec7a317a2722302ae773d62b04e755cb5ab2577","isMergeCommit":false,"messageTitle":"Add Deadline and Event to extend ToDo","messageBody":"","tags":["A-Inheritance"],"fileTypesAndContributionMap":{"java":{"insertions":128,"deletions":6}}},{"hash":"38d6358d005b6a2f3c881684ecccb760d2d002fa","isMergeCommit":false,"messageTitle":"Rename class `ToDo` to `TODO`","messageBody":"","fileTypesAndContributionMap":{"java":{"insertions":6,"deletions":6}}},{"hash":"c00f314f6ebc1a6c0b09bf0d2e4496d8929cbdce","isMergeCommit":false,"messageTitle":"Allow commands to be in any case","messageBody":"","fileTypesAndContributionMap":{"java":{"insertions":6,"deletions":5}}},{"hash":"426ffc4724be07c53d68fb226556157766e6bbe5","isMergeCommit":false,"messageTitle":"Add indication of how many todos are in the list after adding a new one","messageBody":"","tags":["Level-4"],"fileTypesAndContributionMap":{"java":{"insertions":15,"deletions":3}}},{"hash":"c5079e35fde7bf091881e7c4f904f8d686ab5bff","isMergeCommit":false,"messageTitle":"Add missing new lines from marking or unmarking todos","messageBody":"","fileTypesAndContributionMap":{"java":{"insertions":2,"deletions":2}}},{"hash":"8379ead5dd4a9e23e27b9db4fd5a394865be430e","isMergeCommit":false,"messageTitle":"Remove wildcard imports as per https://github.com/nus-cs2103-AY2425S2/forum/issues/16","messageBody":"","fileTypesAndContributionMap":{"java":{"insertions":2,"deletions":1}}},{"hash":"a1adfb7e504f78ee72a9f96d8c1a9509ec28eaa8","isMergeCommit":false,"messageTitle":"Remove final new line and pretty ★☆\u0027s from Homura.java to prevent buggy testing","messageBody":"","fileTypesAndContributionMap":{"java":{"insertions":7,"deletions":6}}},{"hash":"942448ed21e254845d8a0e19fbc11e59aea8ba72","isMergeCommit":false,"messageTitle":"Add automated testing","messageBody":"","tags":["A-TextUiTesting"],"fileTypesAndContributionMap":{"txt":{"insertions":14,"deletions":0},"bat":{"insertions":1,"deletions":1},"sh":{"insertions":3,"deletions":1}}}]},{"date":"2025-01-21","commitResults":[{"hash":"ca2bea942ae50c93fbafe00e7c897f8f9d83d844","isMergeCommit":false,"messageTitle":"Move parsing logic to TODO and subclasses","messageBody":"","fileTypesAndContributionMap":{"java":{"insertions":41,"deletions":14}}},{"hash":"9870f9f87b824a0c0947963659d57f429c73a5a3","isMergeCommit":false,"messageTitle":"Remove unnecesary comments","messageBody":"","fileTypesAndContributionMap":{"java":{"insertions":0,"deletions":14}}},{"hash":"37adfc717414a822fa8fc5e2b8d5a244dbfd972b","isMergeCommit":false,"messageTitle":"Create HomuraRuntimeException and InvalidInputException","messageBody":"","fileTypesAndContributionMap":{"java":{"insertions":27,"deletions":0}}},{"hash":"c931cb506d23027850bb25b7cfe337df14964fbd","isMergeCommit":false,"messageTitle":"Incorporate InvalidInputException into TODO and subclasses","messageBody":"","fileTypesAndContributionMap":{"java":{"insertions":26,"deletions":14}}},{"hash":"0c53b4e8681d55b3491c910811bab8994bc2e80f","isMergeCommit":false,"messageTitle":"Rename InvalidInputException to InvalidInputHomuraException","messageBody":"","fileTypesAndContributionMap":{"java":{"insertions":5,"deletions":5}}},{"hash":"c6184b79ba8bef56cbd8e0d1f1278225652d85b6","isMergeCommit":false,"messageTitle":"Fix toString() of InvalidInputHomuraException","messageBody":"","fileTypesAndContributionMap":{"java":{"insertions":2,"deletions":2}}},{"hash":"e030b2a95f2a2f4c54a2dacc77f0478f9cbc15b7","isMergeCommit":false,"messageTitle":"Remove redundant exception check from TODO","messageBody":"","fileTypesAndContributionMap":{"java":{"insertions":2,"deletions":6}}},{"hash":"12a535881a19cb8afc74ddce2b36bd3970100f8d","isMergeCommit":false,"messageTitle":"Shorten attribute name","messageBody":"","fileTypesAndContributionMap":{"java":{"insertions":4,"deletions":4}}},{"hash":"b201bd61e5d628bcc2c28e0f892e4cbb2232e6fa","isMergeCommit":false,"messageTitle":"Implement EmptyInputHomuraException","messageBody":"","fileTypesAndContributionMap":{"java":{"insertions":22,"deletions":0}}},{"hash":"f66bd78fea21f92ccf064b0708d9d7038b0ab386","isMergeCommit":false,"messageTitle":"Incorporate EmptyInputHomuraException into TODO and subclasses","messageBody":"","fileTypesAndContributionMap":{"java":{"insertions":12,"deletions":0}}},{"hash":"5bc9565095b06b0a1d3a31e3ef868fe25314bcde","isMergeCommit":false,"messageTitle":"Correct extended exception in EmptyInputHomuraException","messageBody":"","fileTypesAndContributionMap":{"java":{"insertions":1,"deletions":1}}},{"hash":"e90348b7a6ea33242a73aac92c41af031aaa7c38","isMergeCommit":false,"messageTitle":"Implement InvalidCmdHomuraException and incorporate into Homura","messageBody":"","tags":["Level-5"],"fileTypesAndContributionMap":{"java":{"insertions":28,"deletions":5}}}]},{"date":"2025-01-23","commitResults":[{"hash":"b5e070fb39d58b7a2d78ed67a3b0703071156446","isMergeCommit":false,"messageTitle":"Implement delete functionality and add number of items to list","messageBody":"","tags":["Level-6"],"fileTypesAndContributionMap":{"java":{"insertions":23,"deletions":4}}},{"hash":"01211c4cd73da780948ebbd3df96637d942e5942","isMergeCommit":false,"messageTitle":"Update test case to reflect new behavior","messageBody":"","fileTypesAndContributionMap":{"txt":{"insertions":0,"deletions":1}}},{"hash":"d10a847d995188df61be1f6d2ec828368c584f42","isMergeCommit":false,"messageTitle":"Modularize code in Homura","messageBody":"","fileTypesAndContributionMap":{"java":{"insertions":71,"deletions":45}}},{"hash":"5b4c90773eae1022b7bc9edfb06afe8b59cae527","isMergeCommit":false,"messageTitle":"Change from if statements to a switch case statement in Homura","messageBody":"","fileTypesAndContributionMap":{"java":{"insertions":32,"deletions":6}}},{"hash":"a0ff181394d11408e6068725bd0fe956667cc87c","isMergeCommit":false,"messageTitle":"Fix codestyle in Deadline and Event","messageBody":"","fileTypesAndContributionMap":{"java":{"insertions":8,"deletions":8}}},{"hash":"01206a7905e17c820ac06a382f235d1a6b3bfabc","isMergeCommit":false,"messageTitle":"Refactor TODO.java to Todo.java","messageBody":"","fileTypesAndContributionMap":{"java":{"insertions":18,"deletions":18}}},{"hash":"a0fa381ebb7220f3c58546c9d941a856111c52a6","isMergeCommit":false,"messageTitle":"Rename indent to INDENT and is_done to isDone in Todo.java","messageBody":"","fileTypesAndContributionMap":{"java":{"insertions":20,"deletions":20}}},{"hash":"56da4c756661b32034a9669ee15563ceda73c67c","isMergeCommit":false,"messageTitle":"Shorten code in Todo.java","messageBody":"","fileTypesAndContributionMap":{"java":{"insertions":4,"deletions":4}}},{"hash":"aaafe33b24bae99ced4fd7ec9cdf8af32a3f04bf","isMergeCommit":false,"messageTitle":"Refactor Homura.indent and Homura.divider to Homura.INDENT and Homura.DIVIDER","messageBody":"","fileTypesAndContributionMap":{"java":{"insertions":27,"deletions":27}}},{"hash":"83f4077e72f15ca4bdcc8b9f48742325d426ec35","isMergeCommit":false,"messageTitle":"Refactor Homura.sc to Homura.SC","messageBody":"","fileTypesAndContributionMap":{"java":{"insertions":2,"deletions":2}}},{"hash":"5d31c871a40e6b08821323c61dc43b309daf1643","isMergeCommit":false,"messageTitle":"Tidy up Homura.java and refactor functions to follow codestyle","messageBody":"","fileTypesAndContributionMap":{"java":{"insertions":30,"deletions":27}}},{"hash":"5bb5fc01721e42cb6d63525846fb30d069d49c87","isMergeCommit":false,"messageTitle":"Rename variables in Homura.java from snake_case to camelCase","messageBody":"","fileTypesAndContributionMap":{"java":{"insertions":11,"deletions":11}}},{"hash":"4ddfb491ac6ce7ce87bb44cb46dd7e9ac5943aab","isMergeCommit":false,"messageTitle":"Change functions in Todo.java from snake_case to camelCase","messageBody":"","fileTypesAndContributionMap":{"java":{"insertions":10,"deletions":10}}},{"hash":"f3b799b20a2560662fd2fc096ed7c94860437742","isMergeCommit":false,"messageTitle":"Fix indentation levels to follow codestyle","messageBody":"","fileTypesAndContributionMap":{"java":{"insertions":39,"deletions":39}}}]},{"date":"2025-01-24","commitResults":[{"hash":"d87e34b19fbd86094a07e8307cbc1926b1c48187","isMergeCommit":false,"messageTitle":"Make attributes public in Todo.java","messageBody":"","fileTypesAndContributionMap":{"java":{"insertions":20,"deletions":16}}},{"hash":"06efffbeb8b643a30226f0a2f5bd9e077d0d17a1","isMergeCommit":false,"messageTitle":"Make attributes private in Deadline and Event","messageBody":"","fileTypesAndContributionMap":{"java":{"insertions":3,"deletions":3}}},{"hash":"6225cdaf0c2979835f5ef4add244744cf21fde63","isMergeCommit":false,"messageTitle":"Homura.java: Make attributes private","messageBody":"","fileTypesAndContributionMap":{"java":{"insertions":7,"deletions":5}}},{"hash":"af596c10a9bb9d3b63ce33b33ef2fcb66e975c00","isMergeCommit":false,"messageTitle":"Homura.java: Change constants to public","messageBody":"","fileTypesAndContributionMap":{"java":{"insertions":5,"deletions":7}}}]},{"date":"2025-01-25","commitResults":[{"hash":"87218941e40b7c9369ef4f624febe23f326cebcd","isMergeCommit":false,"messageTitle":"Add Storage.java to read and write files","messageBody":"","fileTypesAndContributionMap":{"java":{"insertions":48,"deletions":0}}},{"hash":"a1fc38a870206c193550162957bc5fd26e2f0a76","isMergeCommit":false,"messageTitle":"Rename Deadline.deadline to Deadline.by","messageBody":"","fileTypesAndContributionMap":{"java":{"insertions":6,"deletions":6}}},{"hash":"b17a71817b03dbf8e1f9d20297f66793dc623775","isMergeCommit":false,"messageTitle":"Add getters to Deadline and Event","messageBody":"","fileTypesAndContributionMap":{"java":{"insertions":11,"deletions":0}}},{"hash":"369482a63cf5f45740dfd8ca8bb95cee4fee4d33","isMergeCommit":false,"messageTitle":"Implement methods to convert todo, etc, to a string for storage","messageBody":"","fileTypesAndContributionMap":{"java":{"insertions":66,"deletions":2}}},{"hash":"6808c634b52ced4b04a627160762ebc7e4c5e72d","isMergeCommit":false,"messageTitle":"Create Playground.java so that I can test my code","messageBody":"","fileTypesAndContributionMap":{"java":{"insertions":16,"deletions":0}}},{"hash":"ede264313f40fd7bfcfb5f03f1da408b1acd0890","isMergeCommit":false,"messageTitle":"Implement split() in Storage.java","messageBody":"","fileTypesAndContributionMap":{"java":{"insertions":106,"deletions":5}}},{"hash":"916d4a90688b5cb5be4204d41c2116a80d578f43","isMergeCommit":false,"messageTitle":"Abstract out helper functions to HomuraUtils.java","messageBody":"","fileTypesAndContributionMap":{"java":{"insertions":91,"deletions":81}}},{"hash":"add5fcd2e71833470a4bbf5c87726cd3391eda22","isMergeCommit":false,"messageTitle":"Implement Storage.from_str()","messageBody":"","fileTypesAndContributionMap":{"java":{"insertions":50,"deletions":36}}}]},{"date":"2025-01-26","commitResults":[{"hash":"5ce29182a210943db70dd567b89b61e082911aa5","isMergeCommit":false,"messageTitle":"Add Javadocs for Storage.from_str()","messageBody":"","fileTypesAndContributionMap":{"java":{"insertions":6,"deletions":0}}},{"hash":"9fb95b971bb2a3881cbba25f3043d6267bab88b6","isMergeCommit":false,"messageTitle":"Rename functions to follow codestyle","messageBody":"","fileTypesAndContributionMap":{"java":{"insertions":41,"deletions":41}}},{"hash":"8ee29938f1fa20cf88bc765f102dd065e84c1e25","isMergeCommit":false,"messageTitle":"Implement HomuraUtils.printArrList()","messageBody":"","fileTypesAndContributionMap":{"java":{"insertions":6,"deletions":0}}},{"hash":"1208f1ece2eac99e51649f531fc544b1cb020b81","isMergeCommit":false,"messageTitle":"Implement Storage.readTodos() and Storage.writeTodos()","messageBody":"","fileTypesAndContributionMap":{"java":{"insertions":88,"deletions":7}}},{"hash":"737aa6ad7e9ed88909f3ea824027929f185fdf63","isMergeCommit":false,"messageTitle":"Add Javadocs to Homura.java","messageBody":"","fileTypesAndContributionMap":{"java":{"insertions":69,"deletions":17}}},{"hash":"cbbcf8d608a816d8c1d84055979d39a59197f1f9","isMergeCommit":false,"messageTitle":"Add newlines to Homura.java","messageBody":"","fileTypesAndContributionMap":{"java":{"insertions":3,"deletions":0}}},{"hash":"eec8f8f2b4f2309bc9ee9c0d618251805e540758","isMergeCommit":false,"messageTitle":"Rename Homura.tasks to Homura.todos","messageBody":"","fileTypesAndContributionMap":{"java":{"insertions":20,"deletions":19}}},{"hash":"3d327f399d0082f42bd6d941038e9946c4a86bb1","isMergeCommit":false,"messageTitle":"Update Storage.readTodos() to return an empty list if no file","messageBody":"","fileTypesAndContributionMap":{"java":{"insertions":1,"deletions":1}}},{"hash":"ddde4223c608dd593289f2871de48866517a3f35","isMergeCommit":false,"messageTitle":"Rearrange Storage.readTodos()","messageBody":"","fileTypesAndContributionMap":{"java":{"insertions":6,"deletions":3}}},{"hash":"5745de290a7fd855076be0c845ed70c46662497e","isMergeCommit":false,"messageTitle":"Implement Homura.on() and Homura.off() with storage","messageBody":"","fileTypesAndContributionMap":{"java":{"insertions":16,"deletions":1}}},{"hash":"86f7bc7c6b53513dbbdb05dfabcceeac3fa0c947","isMergeCommit":false,"messageTitle":"Fix Homura.on() and Homura.off() Javadocs","messageBody":"","fileTypesAndContributionMap":{"java":{"insertions":5,"deletions":2}}},{"hash":"c0a40a8bb4423eb580529ae223a803f453f6e9ca","isMergeCommit":false,"messageTitle":"Incorporate on() and off() into Homura.main()","messageBody":"","fileTypesAndContributionMap":{"java":{"insertions":3,"deletions":3}}},{"hash":"2dc7f5682883225638ea1f5be7cf92dda0b86daa","isMergeCommit":false,"messageTitle":"Fix bugs","messageBody":"","fileTypesAndContributionMap":{"java":{"insertions":5,"deletions":5}}},{"hash":"acba16d548a44a7ccf5b3a9c399d50bebd86a63e","isMergeCommit":true,"messageTitle":"Merge branch \u0027branch-Level-7\u0027","messageBody":"","tags":["Level-7"],"fileTypesAndContributionMap":{}},{"hash":"dcf9ab8438e69237997b91e08126eb0df8f2bba6","isMergeCommit":false,"messageTitle":"Simplify HomuraUtils.split() implementation","messageBody":"","fileTypesAndContributionMap":{"java":{"insertions":25,"deletions":7}}},{"hash":"16de921ef47b19ad79dcf1db5e3c3a041db2c160","isMergeCommit":false,"messageTitle":"Implement toStorageStr() in Todo and subclasses","messageBody":"","fileTypesAndContributionMap":{"java":{"insertions":63,"deletions":7}}},{"hash":"f6c3ee031b3179c4e4ac0b527ff31e474775e8a8","isMergeCommit":false,"messageTitle":"Incorporate toStorageStr() into Storage.wrtiteTodos()","messageBody":"","fileTypesAndContributionMap":{"java":{"insertions":83,"deletions":74}}}]},{"date":"2025-01-27","commitResults":[{"hash":"ff74d8fc80e4a766b040722bd1f3a6206dd8bc73","isMergeCommit":false,"messageTitle":"Implement part of LocalDate update","messageBody":"","fileTypesAndContributionMap":{"java":{"insertions":44,"deletions":15}}},{"hash":"f1954f4ad76f30543618d7bbe70c4e76d44fe754","isMergeCommit":false,"messageTitle":"Implement fromStorageStr() in Todo and subclasses","messageBody":"","fileTypesAndContributionMap":{"java":{"insertions":87,"deletions":43}}},{"hash":"91188cbfff9ac2e4c568645a9bf9a22a839e26a4","isMergeCommit":false,"messageTitle":"Change sta and end to LocalDate in Event.java","messageBody":"","fileTypesAndContributionMap":{"java":{"insertions":21,"deletions":7}}},{"hash":"a863dfb06a111ef3c718108e96b236247eb797e8","isMergeCommit":false,"messageTitle":"Incorporate new fromStorageStr() functions into Storage.java","messageBody":"","fileTypesAndContributionMap":{"java":{"insertions":4,"deletions":11}}},{"hash":"ed7895ae3f9ba84cfa2664cc69f3aa6e8f34240f","isMergeCommit":false,"messageTitle":"Organise code in Todo and subclasses","messageBody":"","fileTypesAndContributionMap":{"java":{"insertions":147,"deletions":112}}},{"hash":"f367abb4f61b0cd3274f3c486789b7f2ec3d4196","isMergeCommit":false,"messageTitle":"Organise Storage.java","messageBody":"","fileTypesAndContributionMap":{"java":{"insertions":0,"deletions":6}}},{"hash":"93a0bd78e4a69e2d7b922715831f9c85a38c5546","isMergeCommit":false,"messageTitle":"Add newlines to Homura.java","messageBody":"","fileTypesAndContributionMap":{"java":{"insertions":3,"deletions":0}}},{"hash":"5f0034254bbbc2c35854688983f23c0d2e0beec4","isMergeCommit":true,"messageTitle":"Merge branch \u0027branch-Level-8\u0027","messageBody":"","tags":["Level-8"],"fileTypesAndContributionMap":{}},{"hash":"02293c4907fab2d022bb13c1af92b14d04b52880","isMergeCommit":false,"messageTitle":"Add credits to ChatGPT in Deadline.java","messageBody":"","fileTypesAndContributionMap":{"java":{"insertions":5,"deletions":0}}},{"hash":"b189d1ac7502189d3bdfc732b361647e49c895a7","isMergeCommit":false,"messageTitle":"Implement Parser class","messageBody":"","fileTypesAndContributionMap":{"java":{"insertions":44,"deletions":0}}},{"hash":"b8968fa64547f2a593228811076a3fb6b238b461","isMergeCommit":false,"messageTitle":"Incorporate Parser.java into Homura.java","messageBody":"","fileTypesAndContributionMap":{"java":{"insertions":3,"deletions":5}}},{"hash":"069d69f3c2f572b12ec52a6414fe7073eb1a39bb","isMergeCommit":false,"messageTitle":"Deprecate parseUserInput() from Todo and subclasses","messageBody":"","fileTypesAndContributionMap":{"java":{"insertions":52,"deletions":40}}},{"hash":"612719cdf481ffc5395518a7e25e316d1266b894","isMergeCommit":false,"messageTitle":"Modify runtest.sh to delete HomuraTodos.txt after each test","messageBody":"","fileTypesAndContributionMap":{"sh":{"insertions":9,"deletions":0}}},{"hash":"e65453af18de81b7626ea793d131a6f5ef2e4a65","isMergeCommit":false,"messageTitle":"Create TODO.txt","messageBody":"","fileTypesAndContributionMap":{"txt":{"insertions":3,"deletions":0}}},{"hash":"5d4d8301dcf3104f799ddedefa4c86d185d7c048","isMergeCommit":false,"messageTitle":"Update Input and EXPECTED files","messageBody":"","fileTypesAndContributionMap":{"txt":{"insertions":2,"deletions":2}}},{"hash":"0caaad7957a87b325fc0b581122fafcf76bd5b2c","isMergeCommit":false,"messageTitle":"Fix bug where Homura crashes with an empty HomuraTodos.txt","messageBody":"","fileTypesAndContributionMap":{"java":{"insertions":1,"deletions":1}}},{"hash":"b73e20d4bc4399f0225632b8f4340158c852ea17","isMergeCommit":false,"messageTitle":"Update my TODO list","messageBody":"","fileTypesAndContributionMap":{"txt":{"insertions":0,"deletions":2}}},{"hash":"60a8a529bbcb4dbbfc10e731c4ea903aa2ca7dee","isMergeCommit":false,"messageTitle":"Update my TODO list","messageBody":"","fileTypesAndContributionMap":{"txt":{"insertions":18,"deletions":0}}},{"hash":"fccc7aa8c29f7f541a578086f0f10972e425252d","isMergeCommit":false,"messageTitle":"Update my TODO list","messageBody":"","fileTypesAndContributionMap":{"txt":{"insertions":1,"deletions":1}}},{"hash":"1e99bfa1982c8511600459f1cf8d1901f4a4495b","isMergeCommit":false,"messageTitle":"Update my TODO list","messageBody":"","fileTypesAndContributionMap":{"txt":{"insertions":1,"deletions":0}}},{"hash":"394e01e7edc6e638c35d12d6f823a6b632fa8d1c","isMergeCommit":false,"messageTitle":"Implement Ui.java","messageBody":"","fileTypesAndContributionMap":{"java":{"insertions":55,"deletions":0}}},{"hash":"1133895de93f916b49b8fff7a2c146064d1d7640","isMergeCommit":false,"messageTitle":"Implement Ui.java (forgot to stage Homura.java)","messageBody":"","fileTypesAndContributionMap":{"java":{"insertions":5,"deletions":1}}}]},{"date":"2025-01-28","commitResults":[{"hash":"7b445da589c07246ce9937f6c07a79234bc8aabc","isMergeCommit":false,"messageTitle":"Incorporate Ui into Homura and depracate old ones from Homura","messageBody":"","fileTypesAndContributionMap":{"java":{"insertions":54,"deletions":50}}},{"hash":"82f69be3bbff1a30e1f01a092bf775d0505d3693","isMergeCommit":false,"messageTitle":"Make runtest.bat delete HomuraTodos.txt and clean runtest.sh","messageBody":"","fileTypesAndContributionMap":{"bat":{"insertions":4,"deletions":0},"sh":{"insertions":0,"deletions":1}}},{"hash":"f506faa26f34c4c30adfcd7ada9cd3cdf055efd0","isMergeCommit":false,"messageTitle":"Implement TaskList.java","messageBody":"","fileTypesAndContributionMap":{"java":{"insertions":9,"deletions":0}}},{"hash":"3598ddc0f4253155bb9eb0fc68217bf9ce3334b8","isMergeCommit":false,"messageTitle":"Implement TaskList.java","messageBody":"","fileTypesAndContributionMap":{"java":{"insertions":17,"deletions":2}}},{"hash":"2c00865287edba31e163764d0a80a49a7dbdc05d","isMergeCommit":false,"messageTitle":"Change TaskList from all static to all non-static","messageBody":"","fileTypesAndContributionMap":{"java":{"insertions":71,"deletions":28}}},{"hash":"e8f0b2017b9fe7a57d57e9bb464d36837d53add0","isMergeCommit":false,"messageTitle":"Add new constructor to TaskList.java","messageBody":"","fileTypesAndContributionMap":{"java":{"insertions":2,"deletions":3}}},{"hash":"e9dcda0b9ec25bba6548e6d0a9e20e2656d67692","isMergeCommit":false,"messageTitle":"Incorporate TaskList into Homura and Storage","messageBody":"","fileTypesAndContributionMap":{"java":{"insertions":7,"deletions":7}}},{"hash":"1a41b286996c869c0c5acdcf14ae55a2e9463272","isMergeCommit":false,"messageTitle":"Update my TODO list","messageBody":"","fileTypesAndContributionMap":{"txt":{"insertions":0,"deletions":4}}},{"hash":"02e461bc80f82f82549f1ca2bd6f724c7e70c2e7","isMergeCommit":true,"messageTitle":"Merge branch \u0027branch-A-MoreOOP\u0027","messageBody":"","tags":["A-MoreOOP"],"fileTypesAndContributionMap":{}},{"hash":"affb6348f2a1673b6f15897e734412a796ba2a44","isMergeCommit":false,"messageTitle":"Shove everything into a package named Homura","messageBody":"","fileTypesAndContributionMap":{"txt":{"insertions":2,"deletions":3},"java":{"insertions":85,"deletions":1}}},{"hash":"3fcc10253fbda80e6cbce47e8c61c21c104b93dc","isMergeCommit":false,"messageTitle":"Fix runtest.sh after it got bricked by packages","messageBody":"","fileTypesAndContributionMap":{"txt":{"insertions":5,"deletions":1},"sh":{"insertions":124,"deletions":0}}},{"hash":"437044fdd87b45b4bae3bb3d2317d072c87dd023","isMergeCommit":false,"messageTitle":"Add ChatGPT\u0027s explanation into runtest.sh for future reference","messageBody":"","fileTypesAndContributionMap":{"sh":{"insertions":19,"deletions":0}}},{"hash":"8b2f8b523e2b819f3a7e06787ef22e508a0ff854","isMergeCommit":false,"messageTitle":"Fix runtest.bat after it got bricked by packages","messageBody":"","fileTypesAndContributionMap":{"txt":{"insertions":0,"deletions":2},"bat":{"insertions":155,"deletions":0},"sh":{"insertions":49,"deletions":15}}},{"hash":"3968b2db9b760156d41bc80ecafd2f97e1d1d0a7","isMergeCommit":true,"messageTitle":"Merge branch \u0027branch-A-Packages\u0027","messageBody":"","tags":["A-Packages"],"fileTypesAndContributionMap":{}},{"hash":"3ed45828a16048321d6e961c0433126a26d3085d","isMergeCommit":true,"messageTitle":"Merge branch \u0027add-gradle-support\u0027","messageBody":"","fileTypesAndContributionMap":{}},{"hash":"414294f581f95a22b66673fcaa31b7f50973367c","isMergeCommit":false,"messageTitle":"Setup Gradle and update my TODO list","messageBody":"","fileTypesAndContributionMap":{"txt":{"insertions":0,"deletions":1}}},{"hash":"8412708e79965e3b1d3e122e744ab6feb61a92dc","isMergeCommit":true,"messageTitle":"Merge branch \u0027branch-A-Gradle\u0027","messageBody":"","fileTypesAndContributionMap":{}},{"hash":"47282ba4d73cb62db3b8463d2e4cfe85dd7b2c58","isMergeCommit":false,"messageTitle":"Fix build.gradle so that it can actually run","messageBody":"","tags":["A-Gradle"],"fileTypesAndContributionMap":{"gradle":{"insertions":3,"deletions":1}}}]}]},"authorFileTypeContributionMap":{"Bryce-3D":{"java":1397,"md":0,"fxml":0,"sh":188,"bat":160,"gradle":3,"txt":29}},"authorContributionVariance":{"Bryce-3D":72542.77},"authorDisplayNameMap":{"Bryce-3D":"CS2103T-T17-2 SANC.. ANG"}}
