[{"path":"src/main/java/Deadline.java","fileType":"java","lines":[{"lineNumber":1,"author":{"gitId":"Terentwc"},"content":"public class Deadline extends Task{","lastModifiedDate":"2025-01-30","isFullCredit":false},{"lineNumber":2,"author":{"gitId":"Terentwc"},"content":"    protected String by;","lastModifiedDate":"2025-01-30","isFullCredit":false},{"lineNumber":3,"author":{"gitId":"Terentwc"},"content":"","lastModifiedDate":"2025-01-30","isFullCredit":false},{"lineNumber":4,"author":{"gitId":"Terentwc"},"content":"    public Deadline(String task, String by) {","lastModifiedDate":"2025-01-30","isFullCredit":false},{"lineNumber":5,"author":{"gitId":"Terentwc"},"content":"        super(task);","lastModifiedDate":"2025-01-30","isFullCredit":false},{"lineNumber":6,"author":{"gitId":"Terentwc"},"content":"        this.by \u003d by;","lastModifiedDate":"2025-01-30","isFullCredit":false},{"lineNumber":7,"author":{"gitId":"Terentwc"},"content":"    }","lastModifiedDate":"2025-01-30","isFullCredit":false},{"lineNumber":8,"author":{"gitId":"Terentwc"},"content":"","lastModifiedDate":"2025-01-30","isFullCredit":false},{"lineNumber":9,"author":{"gitId":"Terentwc"},"content":"    @Override","lastModifiedDate":"2025-01-30","isFullCredit":false},{"lineNumber":10,"author":{"gitId":"Terentwc"},"content":"    public String toString() {","lastModifiedDate":"2025-01-30","isFullCredit":false},{"lineNumber":11,"author":{"gitId":"Terentwc"},"content":"        return \"[D]\" + super.toString() + \" (by: \" + by + \")\";","lastModifiedDate":"2025-01-30","isFullCredit":false},{"lineNumber":12,"author":{"gitId":"Terentwc"},"content":"    }","lastModifiedDate":"2025-01-30","isFullCredit":false},{"lineNumber":13,"author":{"gitId":"Terentwc"},"content":"}","lastModifiedDate":"2025-01-30","isFullCredit":false}],"authorContributionMap":{"Terentwc":13}},{"path":"src/main/java/Event.java","fileType":"java","lines":[{"lineNumber":1,"author":{"gitId":"Terentwc"},"content":"public class Event extends Task {","lastModifiedDate":"2025-01-30","isFullCredit":false},{"lineNumber":2,"author":{"gitId":"Terentwc"},"content":"    protected String from;","lastModifiedDate":"2025-01-30","isFullCredit":false},{"lineNumber":3,"author":{"gitId":"Terentwc"},"content":"    protected String to;","lastModifiedDate":"2025-01-30","isFullCredit":false},{"lineNumber":4,"author":{"gitId":"Terentwc"},"content":"","lastModifiedDate":"2025-01-30","isFullCredit":false},{"lineNumber":5,"author":{"gitId":"Terentwc"},"content":"    public Event(String task, String from, String to) {","lastModifiedDate":"2025-01-30","isFullCredit":false},{"lineNumber":6,"author":{"gitId":"Terentwc"},"content":"        super(task);","lastModifiedDate":"2025-01-30","isFullCredit":false},{"lineNumber":7,"author":{"gitId":"Terentwc"},"content":"        this.from \u003d from;","lastModifiedDate":"2025-01-30","isFullCredit":false},{"lineNumber":8,"author":{"gitId":"Terentwc"},"content":"        this.to \u003d to;","lastModifiedDate":"2025-01-30","isFullCredit":false},{"lineNumber":9,"author":{"gitId":"Terentwc"},"content":"    }","lastModifiedDate":"2025-01-30","isFullCredit":false},{"lineNumber":10,"author":{"gitId":"Terentwc"},"content":"","lastModifiedDate":"2025-01-30","isFullCredit":false},{"lineNumber":11,"author":{"gitId":"Terentwc"},"content":"    public String toString() {","lastModifiedDate":"2025-01-30","isFullCredit":false},{"lineNumber":12,"author":{"gitId":"Terentwc"},"content":"        return \"[E]\" + super.toString() + \" (from: \" + from + \" to: \" + to + \")\";","lastModifiedDate":"2025-01-30","isFullCredit":false},{"lineNumber":13,"author":{"gitId":"Terentwc"},"content":"    }","lastModifiedDate":"2025-01-30","isFullCredit":false},{"lineNumber":14,"author":{"gitId":"Terentwc"},"content":"}","lastModifiedDate":"2025-01-30","isFullCredit":false}],"authorContributionMap":{"Terentwc":14}},{"path":"src/main/java/IllegalException.java","fileType":"java","lines":[{"lineNumber":1,"author":{"gitId":"Terentwc"},"content":"public class IllegalException extends Exception {","lastModifiedDate":"2025-01-30","isFullCredit":false},{"lineNumber":2,"author":{"gitId":"Terentwc"},"content":"    public IllegalException(String e) {","lastModifiedDate":"2025-01-30","isFullCredit":false},{"lineNumber":3,"author":{"gitId":"Terentwc"},"content":"        super(e);","lastModifiedDate":"2025-01-30","isFullCredit":false},{"lineNumber":4,"author":{"gitId":"Terentwc"},"content":"    }","lastModifiedDate":"2025-01-30","isFullCredit":false},{"lineNumber":5,"author":{"gitId":"Terentwc"},"content":"}","lastModifiedDate":"2025-01-30","isFullCredit":false}],"authorContributionMap":{"Terentwc":5}},{"path":"src/main/java/Krunch.java","fileType":"java","lines":[{"lineNumber":1,"author":{"gitId":"Terentwc"},"content":"import java.util.Scanner;","lastModifiedDate":"2025-01-25","isFullCredit":false},{"lineNumber":2,"author":{"gitId":"Terentwc"},"content":"import java.util.ArrayList;","lastModifiedDate":"2025-01-25","isFullCredit":false},{"lineNumber":3,"author":{"gitId":"Terentwc"},"content":"","lastModifiedDate":"2025-01-25","isFullCredit":false},{"lineNumber":4,"author":{"gitId":"Terentwc"},"content":"public class Krunch {","lastModifiedDate":"2025-01-25","isFullCredit":false},{"lineNumber":5,"author":{"gitId":"Terentwc"},"content":"    public static void main(String[] args) {","lastModifiedDate":"2025-01-25","isFullCredit":false},{"lineNumber":6,"author":{"gitId":"Terentwc"},"content":"        // Scanner for user stuff","lastModifiedDate":"2025-01-25","isFullCredit":false},{"lineNumber":7,"author":{"gitId":"Terentwc"},"content":"        Scanner scanner \u003d new Scanner(System.in);","lastModifiedDate":"2025-01-25","isFullCredit":false},{"lineNumber":8,"author":{"gitId":"Terentwc"},"content":"","lastModifiedDate":"2025-01-25","isFullCredit":false},{"lineNumber":9,"author":{"gitId":"Terentwc"},"content":"        //Greet","lastModifiedDate":"2025-01-25","isFullCredit":false},{"lineNumber":10,"author":{"gitId":"Terentwc"},"content":"        System.out.println(\"_____________________________________________________________________________\");","lastModifiedDate":"2025-01-25","isFullCredit":false},{"lineNumber":11,"author":{"gitId":"Terentwc"},"content":"        System.out.println(\"Oh, what a treat. Finally, you\u0027ve graced me with your presence.\");","lastModifiedDate":"2025-01-25","isFullCredit":false},{"lineNumber":12,"author":{"gitId":"Terentwc"},"content":"        //Ask","lastModifiedDate":"2025-01-25","isFullCredit":false},{"lineNumber":13,"author":{"gitId":"Terentwc"},"content":"        System.out.println(\"Name\u0027s Krunch. So, what mighty task are we tackling today?\");","lastModifiedDate":"2025-01-25","isFullCredit":false},{"lineNumber":14,"author":{"gitId":"Terentwc"},"content":"        System.out.println(\"_____________________________________________________________________________\");","lastModifiedDate":"2025-01-25","isFullCredit":false},{"lineNumber":15,"author":{"gitId":"Terentwc"},"content":"","lastModifiedDate":"2025-01-25","isFullCredit":false},{"lineNumber":16,"author":{"gitId":"Terentwc"},"content":"        // created a task list","lastModifiedDate":"2025-01-25","isFullCredit":false},{"lineNumber":17,"author":{"gitId":"Terentwc"},"content":"        ArrayList\u003cTask\u003e tasks \u003d new ArrayList\u003c\u003e();","lastModifiedDate":"2025-01-25","isFullCredit":false},{"lineNumber":18,"author":{"gitId":"Terentwc"},"content":"","lastModifiedDate":"2025-01-25","isFullCredit":false},{"lineNumber":19,"author":{"gitId":"Terentwc"},"content":"        while(true) {","lastModifiedDate":"2025-01-25","isFullCredit":false},{"lineNumber":20,"author":{"gitId":"Terentwc"},"content":"            String UserInput \u003d scanner.nextLine();","lastModifiedDate":"2025-01-25","isFullCredit":false},{"lineNumber":21,"author":{"gitId":"Terentwc"},"content":"            // splitting up words here [0] \u003d task [1]++ \u003d descriptions","lastModifiedDate":"2025-01-30","isFullCredit":false},{"lineNumber":22,"author":{"gitId":"Terentwc"},"content":"            String[] words \u003d UserInput.split(\" \");","lastModifiedDate":"2025-01-30","isFullCredit":false},{"lineNumber":23,"author":{"gitId":"Terentwc"},"content":"            if (words[0].equalsIgnoreCase(\"bye\")) {","lastModifiedDate":"2025-01-30","isFullCredit":false},{"lineNumber":24,"author":{"gitId":"Terentwc"},"content":"                System.out.println(\"Oh, I see how it is. No need to pretend you’ll miss me. Go on, then. Goodbye.\");","lastModifiedDate":"2025-01-25","isFullCredit":false},{"lineNumber":25,"author":{"gitId":"Terentwc"},"content":"                System.out.println(\"_____________________________________________________________________________\");","lastModifiedDate":"2025-01-25","isFullCredit":false},{"lineNumber":26,"author":{"gitId":"Terentwc"},"content":"                break;","lastModifiedDate":"2025-01-25","isFullCredit":false},{"lineNumber":27,"author":{"gitId":"Terentwc"},"content":"            // printing out the list","lastModifiedDate":"2025-01-30","isFullCredit":false},{"lineNumber":28,"author":{"gitId":"Terentwc"},"content":"            } else if (words[0].equals(\"list\")) {","lastModifiedDate":"2025-01-30","isFullCredit":false},{"lineNumber":29,"author":{"gitId":"Terentwc"},"content":"                try {","lastModifiedDate":"2025-01-30","isFullCredit":false},{"lineNumber":30,"author":{"gitId":"Terentwc"},"content":"                    if (tasks.isEmpty()) {","lastModifiedDate":"2025-01-30","isFullCredit":false},{"lineNumber":31,"author":{"gitId":"Terentwc"},"content":"                        throw new IllegalException(\"Oh you ain\u0027t getting me this time!\\n\" +","lastModifiedDate":"2025-01-30","isFullCredit":false},{"lineNumber":32,"author":{"gitId":"Terentwc"},"content":"                                \"Psst! Make a task first! Don\u0027t tell anyone I told you this!\");","lastModifiedDate":"2025-01-30","isFullCredit":false},{"lineNumber":33,"author":{"gitId":"Terentwc"},"content":"                    }","lastModifiedDate":"2025-01-30","isFullCredit":false},{"lineNumber":34,"author":{"gitId":"Terentwc"},"content":"                    System.out.println(\"Oh, just in case you totally forgot, here’s a little reminder of your super exciting tasks.\");","lastModifiedDate":"2025-01-25","isFullCredit":false},{"lineNumber":35,"author":{"gitId":"Terentwc"},"content":"                    for (int i \u003d 1; i \u003c\u003d tasks.size(); i++) {","lastModifiedDate":"2025-01-25","isFullCredit":false},{"lineNumber":36,"author":{"gitId":"Terentwc"},"content":"                        // 1.[] blah","lastModifiedDate":"2025-01-25","isFullCredit":false},{"lineNumber":37,"author":{"gitId":"Terentwc"},"content":"                        System.out.println(i + \". \" + tasks.get(i - 1));","lastModifiedDate":"2025-01-30","isFullCredit":false},{"lineNumber":38,"author":{"gitId":"Terentwc"},"content":"                    }","lastModifiedDate":"2025-01-25","isFullCredit":false},{"lineNumber":39,"author":{"gitId":"Terentwc"},"content":"                } catch (IllegalException e) {","lastModifiedDate":"2025-01-30","isFullCredit":false},{"lineNumber":40,"author":{"gitId":"Terentwc"},"content":"                    System.out.println(e.getMessage());","lastModifiedDate":"2025-01-30","isFullCredit":false},{"lineNumber":41,"author":{"gitId":"Terentwc"},"content":"                }","lastModifiedDate":"2025-01-30","isFullCredit":false},{"lineNumber":42,"author":{"gitId":"Terentwc"},"content":"            // unmarkng a task","lastModifiedDate":"2025-01-30","isFullCredit":false},{"lineNumber":43,"author":{"gitId":"Terentwc"},"content":"            } else if (words[0].contains(\"unmark\")){","lastModifiedDate":"2025-01-30","isFullCredit":false},{"lineNumber":44,"author":{"gitId":"Terentwc"},"content":"                // unmark (num)  \u003c- -1","lastModifiedDate":"2025-01-25","isFullCredit":false},{"lineNumber":45,"author":{"gitId":"Terentwc"},"content":"                try {","lastModifiedDate":"2025-01-30","isFullCredit":false},{"lineNumber":46,"author":{"gitId":"Terentwc"},"content":"                    if (tasks.isEmpty()) {","lastModifiedDate":"2025-01-30","isFullCredit":false},{"lineNumber":47,"author":{"gitId":"Terentwc"},"content":"                        throw new IllegalException(\"Oh you ain\u0027t getting me this time!\\n\" +","lastModifiedDate":"2025-01-30","isFullCredit":false},{"lineNumber":48,"author":{"gitId":"Terentwc"},"content":"                                \"Psst! Make a task first! Don\u0027t tell anyone I told you this!\");","lastModifiedDate":"2025-01-30","isFullCredit":false},{"lineNumber":49,"author":{"gitId":"Terentwc"},"content":"                    }","lastModifiedDate":"2025-01-30","isFullCredit":false},{"lineNumber":50,"author":{"gitId":"Terentwc"},"content":"                    if (words.length \u003c 2) {","lastModifiedDate":"2025-01-30","isFullCredit":false},{"lineNumber":51,"author":{"gitId":"Terentwc"},"content":"                        throw new IllegalException(\"Alright. It is unmar-... What did you want to unmark exactly?\\n\" +","lastModifiedDate":"2025-01-30","isFullCredit":false},{"lineNumber":52,"author":{"gitId":"Terentwc"},"content":"                                \"Come on, do it like this. unmark (task number). It\u0027s just that easy\");","lastModifiedDate":"2025-01-30","isFullCredit":false},{"lineNumber":53,"author":{"gitId":"Terentwc"},"content":"                    }","lastModifiedDate":"2025-01-30","isFullCredit":false},{"lineNumber":54,"author":{"gitId":"Terentwc"},"content":"                    int num \u003d Integer.parseInt(words[1]) - 1;","lastModifiedDate":"2025-01-30","isFullCredit":false},{"lineNumber":55,"author":{"gitId":"Terentwc"},"content":"                    if (num \u003e\u003d tasks.size()) {","lastModifiedDate":"2025-01-30","isFullCredit":false},{"lineNumber":56,"author":{"gitId":"Terentwc"},"content":"                        throw new IllegalException(\"You couldn\u0027t even do an imaginary task? Quickly! Start on it!\");","lastModifiedDate":"2025-01-30","isFullCredit":false},{"lineNumber":57,"author":{"gitId":"Terentwc"},"content":"                    }","lastModifiedDate":"2025-01-30","isFullCredit":false},{"lineNumber":58,"author":{"gitId":"Terentwc"},"content":"                    // checking if it is not done","lastModifiedDate":"2025-01-25","isFullCredit":false},{"lineNumber":59,"author":{"gitId":"Terentwc"},"content":"                    if (!tasks.get(num).isDone()) {","lastModifiedDate":"2025-01-25","isFullCredit":false},{"lineNumber":60,"author":{"gitId":"Terentwc"},"content":"                        System.out.println(\"So... when are you going to start exactly?\");","lastModifiedDate":"2025-01-25","isFullCredit":false},{"lineNumber":61,"author":{"gitId":"Terentwc"},"content":"                    } else { //changing to unmarked","lastModifiedDate":"2025-01-25","isFullCredit":false},{"lineNumber":62,"author":{"gitId":"Terentwc"},"content":"                        System.out.println(\"Hm... alright. It is unmarked.\");","lastModifiedDate":"2025-01-25","isFullCredit":false},{"lineNumber":63,"author":{"gitId":"Terentwc"},"content":"                        tasks.get(num).toggleDone();","lastModifiedDate":"2025-01-25","isFullCredit":false},{"lineNumber":64,"author":{"gitId":"Terentwc"},"content":"                    }","lastModifiedDate":"2025-01-25","isFullCredit":false},{"lineNumber":65,"author":{"gitId":"Terentwc"},"content":"                    // printing status","lastModifiedDate":"2025-01-25","isFullCredit":false},{"lineNumber":66,"author":{"gitId":"Terentwc"},"content":"                    System.out.println(tasks.get(num));","lastModifiedDate":"2025-01-30","isFullCredit":false},{"lineNumber":67,"author":{"gitId":"Terentwc"},"content":"                } catch (IllegalException e) {","lastModifiedDate":"2025-01-30","isFullCredit":false},{"lineNumber":68,"author":{"gitId":"Terentwc"},"content":"                    System.out.println(e.getMessage());","lastModifiedDate":"2025-01-30","isFullCredit":false},{"lineNumber":69,"author":{"gitId":"Terentwc"},"content":"                }","lastModifiedDate":"2025-01-30","isFullCredit":false},{"lineNumber":70,"author":{"gitId":"Terentwc"},"content":"            // marking a task","lastModifiedDate":"2025-01-30","isFullCredit":false},{"lineNumber":71,"author":{"gitId":"Terentwc"},"content":"            } else if (words[0].contains(\"mark\")) {","lastModifiedDate":"2025-01-30","isFullCredit":false},{"lineNumber":72,"author":{"gitId":"Terentwc"},"content":"                // mark (num)  \u003c- -1","lastModifiedDate":"2025-01-25","isFullCredit":false},{"lineNumber":73,"author":{"gitId":"Terentwc"},"content":"                try {","lastModifiedDate":"2025-01-30","isFullCredit":false},{"lineNumber":74,"author":{"gitId":"Terentwc"},"content":"                    //list empty","lastModifiedDate":"2025-01-30","isFullCredit":false},{"lineNumber":75,"author":{"gitId":"Terentwc"},"content":"                    if (tasks.isEmpty()) {","lastModifiedDate":"2025-01-30","isFullCredit":false},{"lineNumber":76,"author":{"gitId":"Terentwc"},"content":"                        throw new IllegalException(\"Oh you ain\u0027t getting me this time!\\n\" +","lastModifiedDate":"2025-01-30","isFullCredit":false},{"lineNumber":77,"author":{"gitId":"Terentwc"},"content":"                                \"Psst! Make a task first! Don\u0027t tell anyone I told you this!\");","lastModifiedDate":"2025-01-30","isFullCredit":false},{"lineNumber":78,"author":{"gitId":"Terentwc"},"content":"                    }","lastModifiedDate":"2025-01-30","isFullCredit":false},{"lineNumber":79,"author":{"gitId":"Terentwc"},"content":"                    //check for length","lastModifiedDate":"2025-01-30","isFullCredit":false},{"lineNumber":80,"author":{"gitId":"Terentwc"},"content":"                    if (words.length \u003c 2) {","lastModifiedDate":"2025-01-30","isFullCredit":false},{"lineNumber":81,"author":{"gitId":"Terentwc"},"content":"                        throw new IllegalException(\"Well done! Marking nothing new as being done!\\n\" +","lastModifiedDate":"2025-01-30","isFullCredit":false},{"lineNumber":82,"author":{"gitId":"Terentwc"},"content":"                                \"Come on, do it like this. mark (task number). It\u0027s just that easy\");","lastModifiedDate":"2025-01-30","isFullCredit":false},{"lineNumber":83,"author":{"gitId":"Terentwc"},"content":"                    }","lastModifiedDate":"2025-01-30","isFullCredit":false},{"lineNumber":84,"author":{"gitId":"Terentwc"},"content":"                    int num \u003d Integer.parseInt(words[1]) - 1;","lastModifiedDate":"2025-01-30","isFullCredit":false},{"lineNumber":85,"author":{"gitId":"Terentwc"},"content":"                    // marking a task that doesn\u0027t exist","lastModifiedDate":"2025-01-30","isFullCredit":false},{"lineNumber":86,"author":{"gitId":"Terentwc"},"content":"                    if (num \u003e\u003d tasks.size()) {","lastModifiedDate":"2025-01-30","isFullCredit":false},{"lineNumber":87,"author":{"gitId":"Terentwc"},"content":"                        throw new IllegalException(\"Marking imaginary task as done! Aren\u0027t I sooo... helpful?\");","lastModifiedDate":"2025-01-30","isFullCredit":false},{"lineNumber":88,"author":{"gitId":"Terentwc"},"content":"                    }","lastModifiedDate":"2025-01-30","isFullCredit":false},{"lineNumber":89,"author":{"gitId":"Terentwc"},"content":"                    // already done","lastModifiedDate":"2025-01-25","isFullCredit":false},{"lineNumber":90,"author":{"gitId":"Terentwc"},"content":"                    if (tasks.get(num).isDone()) {","lastModifiedDate":"2025-01-25","isFullCredit":false},{"lineNumber":91,"author":{"gitId":"Terentwc"},"content":"                        System.out.println(\"Wow... oh mighty and wise one... the task is already done\");","lastModifiedDate":"2025-01-25","isFullCredit":false},{"lineNumber":92,"author":{"gitId":"Terentwc"},"content":"                    } else { //changing to done","lastModifiedDate":"2025-01-25","isFullCredit":false},{"lineNumber":93,"author":{"gitId":"Terentwc"},"content":"                        System.out.println(\"Yes yes... very well done.\");","lastModifiedDate":"2025-01-25","isFullCredit":false},{"lineNumber":94,"author":{"gitId":"Terentwc"},"content":"                        tasks.get(num).toggleDone();","lastModifiedDate":"2025-01-25","isFullCredit":false},{"lineNumber":95,"author":{"gitId":"Terentwc"},"content":"                    }","lastModifiedDate":"2025-01-25","isFullCredit":false},{"lineNumber":96,"author":{"gitId":"Terentwc"},"content":"                    // printing status","lastModifiedDate":"2025-01-25","isFullCredit":false},{"lineNumber":97,"author":{"gitId":"Terentwc"},"content":"                    System.out.println(tasks.get(num));","lastModifiedDate":"2025-01-30","isFullCredit":false},{"lineNumber":98,"author":{"gitId":"Terentwc"},"content":"                } catch (IllegalException e) {","lastModifiedDate":"2025-01-30","isFullCredit":false},{"lineNumber":99,"author":{"gitId":"Terentwc"},"content":"                    System.out.println(e.getMessage());","lastModifiedDate":"2025-01-30","isFullCredit":false},{"lineNumber":100,"author":{"gitId":"Terentwc"},"content":"                }","lastModifiedDate":"2025-01-30","isFullCredit":false},{"lineNumber":101,"author":{"gitId":"Terentwc"},"content":"            // to do part","lastModifiedDate":"2025-01-30","isFullCredit":false},{"lineNumber":102,"author":{"gitId":"Terentwc"},"content":"            } else if (words[0].contains(\"todo\")) {","lastModifiedDate":"2025-01-30","isFullCredit":false},{"lineNumber":103,"author":{"gitId":"Terentwc"},"content":"                try {","lastModifiedDate":"2025-01-30","isFullCredit":false},{"lineNumber":104,"author":{"gitId":"Terentwc"},"content":"                    if (words.length \u003c 2) {","lastModifiedDate":"2025-01-31","isFullCredit":false},{"lineNumber":105,"author":{"gitId":"Terentwc"},"content":"                        throw new IllegalException(\"Hey hey, tli man... Give me something to work with.\");","lastModifiedDate":"2025-01-30","isFullCredit":false},{"lineNumber":106,"author":{"gitId":"Terentwc"},"content":"                    }","lastModifiedDate":"2025-01-30","isFullCredit":false},{"lineNumber":107,"author":{"gitId":"Terentwc"},"content":"                    System.out.println(\"It is added... anything else?\");","lastModifiedDate":"2025-01-30","isFullCredit":false},{"lineNumber":108,"author":{"gitId":"Terentwc"},"content":"                    String description \u003d UserInput.substring(words[0].length()).trim();","lastModifiedDate":"2025-01-30","isFullCredit":false},{"lineNumber":109,"author":{"gitId":"Terentwc"},"content":"                    Task addend \u003d new ToDo(description);","lastModifiedDate":"2025-01-30","isFullCredit":false},{"lineNumber":110,"author":{"gitId":"Terentwc"},"content":"                    tasks.add(addend);","lastModifiedDate":"2025-01-30","isFullCredit":false},{"lineNumber":111,"author":{"gitId":"Terentwc"},"content":"                    System.out.println(addend);","lastModifiedDate":"2025-01-30","isFullCredit":false},{"lineNumber":112,"author":{"gitId":"Terentwc"},"content":"                    System.out.println(\"In case you wanted to know, you have \" + tasks.size() + \" tasks in the list.\");","lastModifiedDate":"2025-01-30","isFullCredit":false},{"lineNumber":113,"author":{"gitId":"Terentwc"},"content":"                } catch (IllegalException e) {","lastModifiedDate":"2025-01-30","isFullCredit":false},{"lineNumber":114,"author":{"gitId":"Terentwc"},"content":"                    System.out.println(e.getMessage());","lastModifiedDate":"2025-01-30","isFullCredit":false},{"lineNumber":115,"author":{"gitId":"Terentwc"},"content":"                }","lastModifiedDate":"2025-01-30","isFullCredit":false},{"lineNumber":116,"author":{"gitId":"Terentwc"},"content":"            // deadline","lastModifiedDate":"2025-01-30","isFullCredit":false},{"lineNumber":117,"author":{"gitId":"Terentwc"},"content":"            } else if (words[0].contains(\"deadline\")) {","lastModifiedDate":"2025-01-30","isFullCredit":false},{"lineNumber":118,"author":{"gitId":"Terentwc"},"content":"                try {","lastModifiedDate":"2025-01-30","isFullCredit":false},{"lineNumber":119,"author":{"gitId":"Terentwc"},"content":"                    //check length","lastModifiedDate":"2025-01-30","isFullCredit":false},{"lineNumber":120,"author":{"gitId":"Terentwc"},"content":"                    if (words.length \u003c 2) {","lastModifiedDate":"2025-01-30","isFullCredit":false},{"lineNumber":121,"author":{"gitId":"Terentwc"},"content":"                        throw new IllegalException(\"Hey hey, tli man... Give me something to work with.\");","lastModifiedDate":"2025-01-30","isFullCredit":false},{"lineNumber":122,"author":{"gitId":"Terentwc"},"content":"                    }","lastModifiedDate":"2025-01-30","isFullCredit":false},{"lineNumber":123,"author":{"gitId":"Terentwc"},"content":"                    if (!UserInput.contains(\"/by\")) {","lastModifiedDate":"2025-01-30","isFullCredit":false},{"lineNumber":124,"author":{"gitId":"Terentwc"},"content":"                        throw new IllegalException(\"Getting somewhere... but not there yet. Try again.\" +","lastModifiedDate":"2025-01-30","isFullCredit":false},{"lineNumber":125,"author":{"gitId":"Terentwc"},"content":"                                \"Hint: Remember to use /by but you didn\u0027t hear this hint from me.\");","lastModifiedDate":"2025-01-30","isFullCredit":false},{"lineNumber":126,"author":{"gitId":"Terentwc"},"content":"                    }","lastModifiedDate":"2025-01-30","isFullCredit":false},{"lineNumber":127,"author":{"gitId":"Terentwc"},"content":"                    String[] parts \u003d UserInput.split(\"/by\");","lastModifiedDate":"2025-01-30","isFullCredit":false},{"lineNumber":128,"author":{"gitId":"Terentwc"},"content":"                    if (parts.length \u003c\u003d 1) {","lastModifiedDate":"2025-01-30","isFullCredit":false},{"lineNumber":129,"author":{"gitId":"Terentwc"},"content":"                        throw new IllegalException(\"Nicely done! You remembered the /by but not there yet.\" +","lastModifiedDate":"2025-01-30","isFullCredit":false},{"lineNumber":130,"author":{"gitId":"Terentwc"},"content":"                                \"Hint hint: You have to type something after the /by\");","lastModifiedDate":"2025-01-30","isFullCredit":false},{"lineNumber":131,"author":{"gitId":"Terentwc"},"content":"                    }","lastModifiedDate":"2025-01-30","isFullCredit":false},{"lineNumber":132,"author":{"gitId":"Terentwc"},"content":"                    String description \u003d parts[0].substring(words[0].length()).trim();","lastModifiedDate":"2025-01-30","isFullCredit":false},{"lineNumber":133,"author":{"gitId":"Terentwc"},"content":"                    if (description.isEmpty()) {","lastModifiedDate":"2025-01-30","isFullCredit":false},{"lineNumber":134,"author":{"gitId":"Terentwc"},"content":"                        throw new IllegalException(\"Okay. I think something is missing?...\" +","lastModifiedDate":"2025-01-30","isFullCredit":false},{"lineNumber":135,"author":{"gitId":"Terentwc"},"content":"                                \"I can\u0027t really put a DESCRIPTION on what\u0027s missing.\");","lastModifiedDate":"2025-01-30","isFullCredit":false},{"lineNumber":136,"author":{"gitId":"Terentwc"},"content":"                    }","lastModifiedDate":"2025-01-30","isFullCredit":false},{"lineNumber":137,"author":{"gitId":"Terentwc"},"content":"                    String timeframe \u003d parts[1].trim();","lastModifiedDate":"2025-01-30","isFullCredit":false},{"lineNumber":138,"author":{"gitId":"Terentwc"},"content":"                    Task addend \u003d new Deadline(description, timeframe);","lastModifiedDate":"2025-01-30","isFullCredit":false},{"lineNumber":139,"author":{"gitId":"Terentwc"},"content":"                    tasks.add(addend);","lastModifiedDate":"2025-01-30","isFullCredit":false},{"lineNumber":140,"author":{"gitId":"Terentwc"},"content":"                    System.out.println(\"It is added... anything else?\");","lastModifiedDate":"2025-01-30","isFullCredit":false},{"lineNumber":141,"author":{"gitId":"Terentwc"},"content":"                    System.out.println(addend);","lastModifiedDate":"2025-01-30","isFullCredit":false},{"lineNumber":142,"author":{"gitId":"Terentwc"},"content":"                    System.out.println(\"In case you wanted to know, you have \" + tasks.size() + \" tasks in the list.\");","lastModifiedDate":"2025-01-30","isFullCredit":false},{"lineNumber":143,"author":{"gitId":"Terentwc"},"content":"                } catch (IllegalException e) {","lastModifiedDate":"2025-01-30","isFullCredit":false},{"lineNumber":144,"author":{"gitId":"Terentwc"},"content":"                    System.out.println(e.getMessage());","lastModifiedDate":"2025-01-30","isFullCredit":false},{"lineNumber":145,"author":{"gitId":"Terentwc"},"content":"                }","lastModifiedDate":"2025-01-30","isFullCredit":false},{"lineNumber":146,"author":{"gitId":"Terentwc"},"content":"            } else if (words[0].contains(\"event\")) {","lastModifiedDate":"2025-01-30","isFullCredit":false},{"lineNumber":147,"author":{"gitId":"Terentwc"},"content":"                try {","lastModifiedDate":"2025-01-30","isFullCredit":false},{"lineNumber":148,"author":{"gitId":"Terentwc"},"content":"                    if (words.length \u003c\u003d 1) {","lastModifiedDate":"2025-01-30","isFullCredit":false},{"lineNumber":149,"author":{"gitId":"Terentwc"},"content":"                        throw new IllegalException(\"Hey hey, tli man... Give me something to work with.\");","lastModifiedDate":"2025-01-30","isFullCredit":false},{"lineNumber":150,"author":{"gitId":"Terentwc"},"content":"                    }","lastModifiedDate":"2025-01-30","isFullCredit":false},{"lineNumber":151,"author":{"gitId":"Terentwc"},"content":"                    if ((!UserInput.contains(\"/from\")) || (!UserInput.contains(\"/to\"))) {","lastModifiedDate":"2025-01-30","isFullCredit":false},{"lineNumber":152,"author":{"gitId":"Terentwc"},"content":"                        throw new IllegalException(\"event needs to be followed with a description\" +","lastModifiedDate":"2025-01-30","isFullCredit":false},{"lineNumber":153,"author":{"gitId":"Terentwc"},"content":"                                \"then with /from (time) /to (time)\");","lastModifiedDate":"2025-01-30","isFullCredit":false},{"lineNumber":154,"author":{"gitId":"Terentwc"},"content":"                    }","lastModifiedDate":"2025-01-30","isFullCredit":false},{"lineNumber":155,"author":{"gitId":"Terentwc"},"content":"                    if (UserInput.indexOf(\"/from\") \u003e UserInput.indexOf(\"/to\")) {","lastModifiedDate":"2025-01-30","isFullCredit":false},{"lineNumber":156,"author":{"gitId":"Terentwc"},"content":"                        throw new IllegalException(\"Ah... wise guy. I caught you. \" +","lastModifiedDate":"2025-01-30","isFullCredit":false},{"lineNumber":157,"author":{"gitId":"Terentwc"},"content":"                                \"It is /from and then /to.\");","lastModifiedDate":"2025-01-30","isFullCredit":false},{"lineNumber":158,"author":{"gitId":"Terentwc"},"content":"                    }","lastModifiedDate":"2025-01-30","isFullCredit":false},{"lineNumber":159,"author":{"gitId":"Terentwc"},"content":"                    String[] parts \u003d UserInput.split(\"/from\"); // first split parts","lastModifiedDate":"2025-01-30","isFullCredit":false},{"lineNumber":160,"author":{"gitId":"Terentwc"},"content":"                    // event description","lastModifiedDate":"2025-01-30","isFullCredit":false},{"lineNumber":161,"author":{"gitId":"Terentwc"},"content":"                    String description \u003d parts[0].substring(words[0].length()).trim();","lastModifiedDate":"2025-01-30","isFullCredit":false},{"lineNumber":162,"author":{"gitId":"Terentwc"},"content":"                    if (description.isEmpty()){","lastModifiedDate":"2025-01-30","isFullCredit":false},{"lineNumber":163,"author":{"gitId":"Terentwc"},"content":"                        throw new IllegalException(\"Hey smarty pants... Where\u0027s the description?\");","lastModifiedDate":"2025-01-30","isFullCredit":false},{"lineNumber":164,"author":{"gitId":"Terentwc"},"content":"                    }","lastModifiedDate":"2025-01-30","isFullCredit":false},{"lineNumber":165,"author":{"gitId":"Terentwc"},"content":"                    //timeframe from","lastModifiedDate":"2025-01-30","isFullCredit":false},{"lineNumber":166,"author":{"gitId":"Terentwc"},"content":"                    String[] parts2 \u003d parts[1].split(\"/to\");","lastModifiedDate":"2025-01-30","isFullCredit":false},{"lineNumber":167,"author":{"gitId":"Terentwc"},"content":"                    String from \u003d parts2[0].trim(); //from","lastModifiedDate":"2025-01-30","isFullCredit":false},{"lineNumber":168,"author":{"gitId":"Terentwc"},"content":"                    if (from.isEmpty()) {","lastModifiedDate":"2025-01-30","isFullCredit":false},{"lineNumber":169,"author":{"gitId":"Terentwc"},"content":"                        throw new IllegalException(\"When is it?! WHEN IS IT?!!!\");","lastModifiedDate":"2025-01-30","isFullCredit":false},{"lineNumber":170,"author":{"gitId":"Terentwc"},"content":"                    }","lastModifiedDate":"2025-01-30","isFullCredit":false},{"lineNumber":171,"author":{"gitId":"Terentwc"},"content":"                    //timeframe to","lastModifiedDate":"2025-01-30","isFullCredit":false},{"lineNumber":172,"author":{"gitId":"Terentwc"},"content":"                    if (parts2.length \u003c 2) {","lastModifiedDate":"2025-01-30","isFullCredit":false},{"lineNumber":173,"author":{"gitId":"Terentwc"},"content":"                        throw new IllegalException(\"I mean... I also procrastinate \" +","lastModifiedDate":"2025-01-30","isFullCredit":false},{"lineNumber":174,"author":{"gitId":"Terentwc"},"content":"                                \"but just leave an idk instead of a blank please...\");","lastModifiedDate":"2025-01-30","isFullCredit":false},{"lineNumber":175,"author":{"gitId":"Terentwc"},"content":"                    }","lastModifiedDate":"2025-01-30","isFullCredit":false},{"lineNumber":176,"author":{"gitId":"Terentwc"},"content":"                    String to \u003d parts2[1].trim(); //to","lastModifiedDate":"2025-01-30","isFullCredit":false},{"lineNumber":177,"author":{"gitId":"Terentwc"},"content":"                    Task addend \u003d new Event(description, from, to);","lastModifiedDate":"2025-01-30","isFullCredit":false},{"lineNumber":178,"author":{"gitId":"Terentwc"},"content":"                    tasks.add(addend);","lastModifiedDate":"2025-01-25","isFullCredit":false},{"lineNumber":179,"author":{"gitId":"Terentwc"},"content":"                    System.out.println(\"It is added... anything else?\");","lastModifiedDate":"2025-01-30","isFullCredit":false},{"lineNumber":180,"author":{"gitId":"Terentwc"},"content":"                    System.out.println(addend);","lastModifiedDate":"2025-01-30","isFullCredit":false},{"lineNumber":181,"author":{"gitId":"Terentwc"},"content":"                    System.out.println(\"In case you wanted to know, you have \" + tasks.size() + \" tasks in the list.\");","lastModifiedDate":"2025-01-30","isFullCredit":false},{"lineNumber":182,"author":{"gitId":"Terentwc"},"content":"                } catch (IllegalException e) {","lastModifiedDate":"2025-01-30","isFullCredit":false},{"lineNumber":183,"author":{"gitId":"Terentwc"},"content":"                    System.out.println(e.getMessage());","lastModifiedDate":"2025-01-30","isFullCredit":false},{"lineNumber":184,"author":{"gitId":"Terentwc"},"content":"                }","lastModifiedDate":"2025-01-30","isFullCredit":false},{"lineNumber":185,"author":{"gitId":"Terentwc"},"content":"            } else if (words[0].equals(\"delete\")) {","lastModifiedDate":"2025-01-30","isFullCredit":false},{"lineNumber":186,"author":{"gitId":"Terentwc"},"content":"                try {","lastModifiedDate":"2025-01-30","isFullCredit":false},{"lineNumber":187,"author":{"gitId":"Terentwc"},"content":"                    if (tasks.isEmpty()) {","lastModifiedDate":"2025-01-30","isFullCredit":false},{"lineNumber":188,"author":{"gitId":"Terentwc"},"content":"                        throw new IllegalException(\"Oh... And what do you want to delete? My memory is empty.\\n\" +","lastModifiedDate":"2025-01-30","isFullCredit":false},{"lineNumber":189,"author":{"gitId":"Terentwc"},"content":"                                \"Psst! Make a task first! Don\u0027t tell anyone I told you this!\");","lastModifiedDate":"2025-01-30","isFullCredit":false},{"lineNumber":190,"author":{"gitId":"Terentwc"},"content":"                    }","lastModifiedDate":"2025-01-30","isFullCredit":false},{"lineNumber":191,"author":{"gitId":"Terentwc"},"content":"                    if (words.length \u003c 2) {","lastModifiedDate":"2025-01-30","isFullCredit":false},{"lineNumber":192,"author":{"gitId":"Terentwc"},"content":"                        throw new IllegalException(\"Alright. What task do you want to delete?\\n\" +","lastModifiedDate":"2025-01-30","isFullCredit":false},{"lineNumber":193,"author":{"gitId":"Terentwc"},"content":"                                \"Come on, do it like this. delete (task number). It\u0027s just that easy\");","lastModifiedDate":"2025-01-30","isFullCredit":false},{"lineNumber":194,"author":{"gitId":"Terentwc"},"content":"                    }","lastModifiedDate":"2025-01-30","isFullCredit":false},{"lineNumber":195,"author":{"gitId":"Terentwc"},"content":"                    int num \u003d Integer.parseInt(words[1]) - 1;","lastModifiedDate":"2025-01-30","isFullCredit":false},{"lineNumber":196,"author":{"gitId":"Terentwc"},"content":"                    if (num \u003e\u003d tasks.size()) {","lastModifiedDate":"2025-01-30","isFullCredit":false},{"lineNumber":197,"author":{"gitId":"Terentwc"},"content":"                        throw new IllegalException(\"Deleting!... Deleted!! What did I delete? The imaginary task of course!\");","lastModifiedDate":"2025-01-30","isFullCredit":false},{"lineNumber":198,"author":{"gitId":"Terentwc"},"content":"                    }","lastModifiedDate":"2025-01-30","isFullCredit":false},{"lineNumber":199,"author":{"gitId":"Terentwc"},"content":"                    // Deleting the task","lastModifiedDate":"2025-01-30","isFullCredit":false},{"lineNumber":200,"author":{"gitId":"Terentwc"},"content":"                    Task removedTask \u003d tasks.remove(num);","lastModifiedDate":"2025-01-30","isFullCredit":false},{"lineNumber":201,"author":{"gitId":"Terentwc"},"content":"                    System.out.println(\"Task deleted: \" + removedTask);","lastModifiedDate":"2025-01-30","isFullCredit":false},{"lineNumber":202,"author":{"gitId":"Terentwc"},"content":"                    if (tasks.isEmpty()) {","lastModifiedDate":"2025-01-30","isFullCredit":false},{"lineNumber":203,"author":{"gitId":"Terentwc"},"content":"                        System.out.println(\"You now have 0 tasks left.\\n\" +","lastModifiedDate":"2025-01-30","isFullCredit":false},{"lineNumber":204,"author":{"gitId":"Terentwc"},"content":"                                \"Thank you for deleting parts of my memory. It sure feels nice to remember nothing.\");","lastModifiedDate":"2025-01-30","isFullCredit":false},{"lineNumber":205,"author":{"gitId":"Terentwc"},"content":"                    } else {","lastModifiedDate":"2025-01-30","isFullCredit":false},{"lineNumber":206,"author":{"gitId":"Terentwc"},"content":"                        System.out.println(\"You now have \" + tasks.size() + \" tasks left.\\n\" +","lastModifiedDate":"2025-01-30","isFullCredit":false},{"lineNumber":207,"author":{"gitId":"Terentwc"},"content":"                                \"Thank you for deleting parts of my memory. It sure feels nice to remember lesser things.\");","lastModifiedDate":"2025-01-30","isFullCredit":false},{"lineNumber":208,"author":{"gitId":"Terentwc"},"content":"                    }","lastModifiedDate":"2025-01-30","isFullCredit":false},{"lineNumber":209,"author":{"gitId":"Terentwc"},"content":"                } catch (IllegalException e) {","lastModifiedDate":"2025-01-30","isFullCredit":false},{"lineNumber":210,"author":{"gitId":"Terentwc"},"content":"                    System.out.println(e.getMessage());","lastModifiedDate":"2025-01-30","isFullCredit":false},{"lineNumber":211,"author":{"gitId":"Terentwc"},"content":"                }","lastModifiedDate":"2025-01-30","isFullCredit":false},{"lineNumber":212,"author":{"gitId":"Terentwc"},"content":"            }","lastModifiedDate":"2025-01-30","isFullCredit":false},{"lineNumber":213,"author":{"gitId":"Terentwc"},"content":"            else if (words[0].isEmpty()) {","lastModifiedDate":"2025-01-31","isFullCredit":false},{"lineNumber":214,"author":{"gitId":"Terentwc"},"content":"                System.out.println(\"W-wha?... h-hey! Don\u0027t give me the silent treatment!\");","lastModifiedDate":"2025-01-31","isFullCredit":false},{"lineNumber":215,"author":{"gitId":"Terentwc"},"content":"            } else { //echoing if anything else as an error message","lastModifiedDate":"2025-01-31","isFullCredit":false},{"lineNumber":216,"author":{"gitId":"Terentwc"},"content":"                    System.out.println(UserInput + \"! smartass.\");","lastModifiedDate":"2025-01-30","isFullCredit":false},{"lineNumber":217,"author":{"gitId":"Terentwc"},"content":"            }","lastModifiedDate":"2025-01-25","isFullCredit":false},{"lineNumber":218,"author":{"gitId":"Terentwc"},"content":"        }","lastModifiedDate":"2025-01-25","isFullCredit":false},{"lineNumber":219,"author":{"gitId":"Terentwc"},"content":"","lastModifiedDate":"2025-01-25","isFullCredit":false},{"lineNumber":220,"author":{"gitId":"Terentwc"},"content":"    }","lastModifiedDate":"2025-01-25","isFullCredit":false},{"lineNumber":221,"author":{"gitId":"Terentwc"},"content":"}","lastModifiedDate":"2025-01-25","isFullCredit":false}],"authorContributionMap":{"Terentwc":221}},{"path":"src/main/java/Task.java","fileType":"java","lines":[{"lineNumber":1,"author":{"gitId":"Terentwc"},"content":"public class Task {","lastModifiedDate":"2025-01-25","isFullCredit":false},{"lineNumber":2,"author":{"gitId":"Terentwc"},"content":"    protected String task;","lastModifiedDate":"2025-01-25","isFullCredit":false},{"lineNumber":3,"author":{"gitId":"Terentwc"},"content":"    protected boolean done;","lastModifiedDate":"2025-01-25","isFullCredit":false},{"lineNumber":4,"author":{"gitId":"Terentwc"},"content":"","lastModifiedDate":"2025-01-25","isFullCredit":false},{"lineNumber":5,"author":{"gitId":"Terentwc"},"content":"    // initialing task as not done","lastModifiedDate":"2025-01-25","isFullCredit":false},{"lineNumber":6,"author":{"gitId":"Terentwc"},"content":"    public Task (String task) {","lastModifiedDate":"2025-01-25","isFullCredit":false},{"lineNumber":7,"author":{"gitId":"Terentwc"},"content":"        this.task \u003d task;","lastModifiedDate":"2025-01-25","isFullCredit":false},{"lineNumber":8,"author":{"gitId":"Terentwc"},"content":"        this.done \u003d false;","lastModifiedDate":"2025-01-25","isFullCredit":false},{"lineNumber":9,"author":{"gitId":"Terentwc"},"content":"    }","lastModifiedDate":"2025-01-25","isFullCredit":false},{"lineNumber":10,"author":{"gitId":"Terentwc"},"content":"","lastModifiedDate":"2025-01-25","isFullCredit":false},{"lineNumber":11,"author":{"gitId":"Terentwc"},"content":"    public String stringDone() {","lastModifiedDate":"2025-01-25","isFullCredit":false},{"lineNumber":12,"author":{"gitId":"Terentwc"},"content":"        return done ? \"X\" : \" \";","lastModifiedDate":"2025-01-25","isFullCredit":false},{"lineNumber":13,"author":{"gitId":"Terentwc"},"content":"    }","lastModifiedDate":"2025-01-25","isFullCredit":false},{"lineNumber":14,"author":{"gitId":"Terentwc"},"content":"","lastModifiedDate":"2025-01-25","isFullCredit":false},{"lineNumber":15,"author":{"gitId":"Terentwc"},"content":"    // toggling between done and not done.","lastModifiedDate":"2025-01-25","isFullCredit":false},{"lineNumber":16,"author":{"gitId":"Terentwc"},"content":"    // don\u0027t need to care about done marked as done or undone marked as undone.","lastModifiedDate":"2025-01-25","isFullCredit":false},{"lineNumber":17,"author":{"gitId":"Terentwc"},"content":"    public void toggleDone() {","lastModifiedDate":"2025-01-25","isFullCredit":false},{"lineNumber":18,"author":{"gitId":"Terentwc"},"content":"        this.done \u003d !this.done;","lastModifiedDate":"2025-01-25","isFullCredit":false},{"lineNumber":19,"author":{"gitId":"Terentwc"},"content":"    }","lastModifiedDate":"2025-01-25","isFullCredit":false},{"lineNumber":20,"author":{"gitId":"Terentwc"},"content":"","lastModifiedDate":"2025-01-25","isFullCredit":false},{"lineNumber":21,"author":{"gitId":"Terentwc"},"content":"    // check to see if done or not","lastModifiedDate":"2025-01-25","isFullCredit":false},{"lineNumber":22,"author":{"gitId":"Terentwc"},"content":"    public boolean isDone () {","lastModifiedDate":"2025-01-25","isFullCredit":false},{"lineNumber":23,"author":{"gitId":"Terentwc"},"content":"        return this.done;","lastModifiedDate":"2025-01-25","isFullCredit":false},{"lineNumber":24,"author":{"gitId":"Terentwc"},"content":"    }","lastModifiedDate":"2025-01-25","isFullCredit":false},{"lineNumber":25,"author":{"gitId":"Terentwc"},"content":"","lastModifiedDate":"2025-01-25","isFullCredit":false},{"lineNumber":26,"author":{"gitId":"Terentwc"},"content":"    // Task name","lastModifiedDate":"2025-01-25","isFullCredit":false},{"lineNumber":27,"author":{"gitId":"Terentwc"},"content":"    public String getTask() {","lastModifiedDate":"2025-01-25","isFullCredit":false},{"lineNumber":28,"author":{"gitId":"Terentwc"},"content":"        return this.task;","lastModifiedDate":"2025-01-25","isFullCredit":false},{"lineNumber":29,"author":{"gitId":"Terentwc"},"content":"    }","lastModifiedDate":"2025-01-25","isFullCredit":false},{"lineNumber":30,"author":{"gitId":"Terentwc"},"content":"","lastModifiedDate":"2025-01-30","isFullCredit":false},{"lineNumber":31,"author":{"gitId":"Terentwc"},"content":"    @Override","lastModifiedDate":"2025-01-30","isFullCredit":false},{"lineNumber":32,"author":{"gitId":"Terentwc"},"content":"    public String toString() {","lastModifiedDate":"2025-01-30","isFullCredit":false},{"lineNumber":33,"author":{"gitId":"Terentwc"},"content":"        return \"[\" + stringDone() + \"] \" + getTask();","lastModifiedDate":"2025-01-30","isFullCredit":false},{"lineNumber":34,"author":{"gitId":"Terentwc"},"content":"    }","lastModifiedDate":"2025-01-30","isFullCredit":false},{"lineNumber":35,"author":{"gitId":"Terentwc"},"content":"}","lastModifiedDate":"2025-01-25","isFullCredit":false}],"authorContributionMap":{"Terentwc":35}},{"path":"src/main/java/TaskAction.java","fileType":"java","lines":[{"lineNumber":1,"author":{"gitId":"Terentwc"},"content":"public enum TaskAction {","lastModifiedDate":"2025-01-31","isFullCredit":false},{"lineNumber":2,"author":{"gitId":"Terentwc"},"content":"    TODO,","lastModifiedDate":"2025-01-31","isFullCredit":false},{"lineNumber":3,"author":{"gitId":"Terentwc"},"content":"    DEADLINE,","lastModifiedDate":"2025-01-31","isFullCredit":false},{"lineNumber":4,"author":{"gitId":"Terentwc"},"content":"    EVENT,","lastModifiedDate":"2025-01-31","isFullCredit":false},{"lineNumber":5,"author":{"gitId":"Terentwc"},"content":"    LIST,","lastModifiedDate":"2025-01-31","isFullCredit":false},{"lineNumber":6,"author":{"gitId":"Terentwc"},"content":"    MARK,","lastModifiedDate":"2025-01-31","isFullCredit":false},{"lineNumber":7,"author":{"gitId":"Terentwc"},"content":"    UNMARK,","lastModifiedDate":"2025-01-31","isFullCredit":false},{"lineNumber":8,"author":{"gitId":"Terentwc"},"content":"    DELETE,","lastModifiedDate":"2025-01-31","isFullCredit":false},{"lineNumber":9,"author":{"gitId":"Terentwc"},"content":"    BYE,","lastModifiedDate":"2025-01-31","isFullCredit":false},{"lineNumber":10,"author":{"gitId":"Terentwc"},"content":"    INVALID,","lastModifiedDate":"2025-01-31","isFullCredit":false},{"lineNumber":11,"author":{"gitId":"Terentwc"},"content":"    BLANK","lastModifiedDate":"2025-01-31","isFullCredit":false},{"lineNumber":12,"author":{"gitId":"Terentwc"},"content":"}","lastModifiedDate":"2025-01-31","isFullCredit":false}],"authorContributionMap":{"Terentwc":12}},{"path":"src/main/java/ToDo.java","fileType":"java","lines":[{"lineNumber":1,"author":{"gitId":"Terentwc"},"content":"public class ToDo extends Task{","lastModifiedDate":"2025-01-30","isFullCredit":false},{"lineNumber":2,"author":{"gitId":"Terentwc"},"content":"","lastModifiedDate":"2025-01-30","isFullCredit":false},{"lineNumber":3,"author":{"gitId":"Terentwc"},"content":"    public ToDo(String task) {","lastModifiedDate":"2025-01-30","isFullCredit":false},{"lineNumber":4,"author":{"gitId":"Terentwc"},"content":"        super(task);","lastModifiedDate":"2025-01-30","isFullCredit":false},{"lineNumber":5,"author":{"gitId":"Terentwc"},"content":"    }","lastModifiedDate":"2025-01-30","isFullCredit":false},{"lineNumber":6,"author":{"gitId":"Terentwc"},"content":"","lastModifiedDate":"2025-01-30","isFullCredit":false},{"lineNumber":7,"author":{"gitId":"Terentwc"},"content":"    @Override","lastModifiedDate":"2025-01-30","isFullCredit":false},{"lineNumber":8,"author":{"gitId":"Terentwc"},"content":"    public String toString() {","lastModifiedDate":"2025-01-30","isFullCredit":false},{"lineNumber":9,"author":{"gitId":"Terentwc"},"content":"        return \"[T]\" + super.toString();","lastModifiedDate":"2025-01-30","isFullCredit":false},{"lineNumber":10,"author":{"gitId":"Terentwc"},"content":"    }","lastModifiedDate":"2025-01-30","isFullCredit":false},{"lineNumber":11,"author":{"gitId":"Terentwc"},"content":"}","lastModifiedDate":"2025-01-30","isFullCredit":false}],"authorContributionMap":{"Terentwc":11}},{"path":"text-ui-test/input.txt","fileType":"txt","lines":[{"lineNumber":1,"author":{"gitId":"Terentwc"},"content":"todo Buy Groceries","lastModifiedDate":"2025-01-30","isFullCredit":false},{"lineNumber":2,"author":{"gitId":"Terentwc"},"content":"list","lastModifiedDate":"2025-01-30","isFullCredit":false},{"lineNumber":3,"author":{"gitId":"Terentwc"},"content":"mark 1","lastModifiedDate":"2025-01-30","isFullCredit":false},{"lineNumber":4,"author":{"gitId":"Terentwc"},"content":"list","lastModifiedDate":"2025-01-30","isFullCredit":false},{"lineNumber":5,"author":{"gitId":"Terentwc"},"content":"unmark 1","lastModifiedDate":"2025-01-30","isFullCredit":false},{"lineNumber":6,"author":{"gitId":"Terentwc"},"content":"deadline Sell Groceries /by idk what time yet","lastModifiedDate":"2025-01-30","isFullCredit":false},{"lineNumber":7,"author":{"gitId":"Terentwc"},"content":"list","lastModifiedDate":"2025-01-30","isFullCredit":false},{"lineNumber":8,"author":{"gitId":"Terentwc"},"content":"event Scam Con artists /from Sunesday 1am /to 5pm","lastModifiedDate":"2025-01-30","isFullCredit":false},{"lineNumber":9,"author":{"gitId":"Terentwc"},"content":"mark 3","lastModifiedDate":"2025-01-30","isFullCredit":false},{"lineNumber":10,"author":{"gitId":"Terentwc"},"content":"list","lastModifiedDate":"2025-01-30","isFullCredit":false},{"lineNumber":11,"author":{"gitId":"Terentwc"},"content":"bye","lastModifiedDate":"2025-01-30","isFullCredit":false}],"authorContributionMap":{"Terentwc":11}},{"path":"text-ui-test/runtest.bat","fileType":"bat","lines":[{"lineNumber":1,"author":{"gitId":"-"},"content":"@ECHO OFF","lastModifiedDate":"2020-05-25","isFullCredit":false},{"lineNumber":2,"author":{"gitId":"-"},"content":"","lastModifiedDate":"2020-05-25","isFullCredit":false},{"lineNumber":3,"author":{"gitId":"Terentwc"},"content":"REM Set command prompt to use UTF-8","lastModifiedDate":"2025-01-30","isFullCredit":false},{"lineNumber":4,"author":{"gitId":"Terentwc"},"content":"chcp 65001","lastModifiedDate":"2025-01-30","isFullCredit":false},{"lineNumber":5,"author":{"gitId":"Terentwc"},"content":"","lastModifiedDate":"2025-01-30","isFullCredit":false},{"lineNumber":6,"author":{"gitId":"-"},"content":"REM create bin directory if it doesn\u0027t exist","lastModifiedDate":"2020-05-25","isFullCredit":false},{"lineNumber":7,"author":{"gitId":"-"},"content":"if not exist ..\\bin mkdir ..\\bin","lastModifiedDate":"2020-05-25","isFullCredit":false},{"lineNumber":8,"author":{"gitId":"-"},"content":"","lastModifiedDate":"2020-05-25","isFullCredit":false},{"lineNumber":9,"author":{"gitId":"-"},"content":"REM delete output from previous run","lastModifiedDate":"2020-05-25","isFullCredit":false},{"lineNumber":10,"author":{"gitId":"-"},"content":"if exist ACTUAL.TXT del ACTUAL.TXT","lastModifiedDate":"2020-08-25","isFullCredit":false},{"lineNumber":11,"author":{"gitId":"-"},"content":"","lastModifiedDate":"2020-05-25","isFullCredit":false},{"lineNumber":12,"author":{"gitId":"-"},"content":"REM compile the code into the bin folder","lastModifiedDate":"2020-05-25","isFullCredit":false},{"lineNumber":13,"author":{"gitId":"-"},"content":"javac  -cp ..\\src\\main\\java -Xlint:none -d ..\\bin ..\\src\\main\\java\\*.java","lastModifiedDate":"2020-08-25","isFullCredit":false},{"lineNumber":14,"author":{"gitId":"-"},"content":"IF ERRORLEVEL 1 (","lastModifiedDate":"2020-05-25","isFullCredit":false},{"lineNumber":15,"author":{"gitId":"-"},"content":"    echo ********** BUILD FAILURE **********","lastModifiedDate":"2020-05-25","isFullCredit":false},{"lineNumber":16,"author":{"gitId":"-"},"content":"    exit /b 1","lastModifiedDate":"2020-05-25","isFullCredit":false},{"lineNumber":17,"author":{"gitId":"-"},"content":")","lastModifiedDate":"2020-05-25","isFullCredit":false},{"lineNumber":18,"author":{"gitId":"-"},"content":"REM no error here, errorlevel \u003d\u003d 0","lastModifiedDate":"2020-05-25","isFullCredit":false},{"lineNumber":19,"author":{"gitId":"-"},"content":"","lastModifiedDate":"2020-05-25","isFullCredit":false},{"lineNumber":20,"author":{"gitId":"-"},"content":"REM run the program, feed commands from input.txt file and redirect the output to the ACTUAL.TXT","lastModifiedDate":"2020-05-25","isFullCredit":false},{"lineNumber":21,"author":{"gitId":"Terentwc"},"content":"java -classpath ..\\bin Krunch \u003c input.txt \u003e ACTUAL.TXT","lastModifiedDate":"2025-01-30","isFullCredit":false},{"lineNumber":22,"author":{"gitId":"-"},"content":"","lastModifiedDate":"2020-05-25","isFullCredit":false},{"lineNumber":23,"author":{"gitId":"-"},"content":"REM compare the output to the expected output","lastModifiedDate":"2020-05-25","isFullCredit":false},{"lineNumber":24,"author":{"gitId":"-"},"content":"FC ACTUAL.TXT EXPECTED.TXT","lastModifiedDate":"2020-05-25","isFullCredit":false}],"authorContributionMap":{"-":20,"Terentwc":4}}]
