{"authorDailyContributionsMap":{"Terentwc":[{"date":"2025-01-25","commitResults":[{"hash":"6e99eb6d91ee1833cedfec5e74f67af4cc8f2a7b","isMergeCommit":false,"messageTitle":"Level 0 Renaming, Greeting/Asking/Farewell","messageBody":"","tags":["Level-0"],"fileTypesAndContributionMap":{"java":{"insertions":22,"deletions":10}}},{"hash":"be8f1c3522f51934dfd7bddbb57122f2530dd802","isMergeCommit":false,"messageTitle":"Level 1 Personality change, Echo","messageBody":"","tags":["Level-1"],"fileTypesAndContributionMap":{"java":{"insertions":25,"deletions":13}}},{"hash":"81e0b75120abf86415d14c60d1c606bf0a169bf5","isMergeCommit":false,"messageTitle":"Level 2 Add, List","messageBody":"","tags":["Level-2"],"fileTypesAndContributionMap":{"java":{"insertions":12,"deletions":8}}},{"hash":"11d7a27571ddfdba02b27b92a21e264327bd9ac9","isMergeCommit":false,"messageTitle":"Level 3 Mark/Unmark and A class","messageBody":"","tags":["Level-3"],"fileTypesAndContributionMap":{"java":{"insertions":69,"deletions":6}}}]},{"date":"2025-01-30","commitResults":[{"hash":"d88ddea0d39ada5f2e5544ac03bd1d88629589d8","isMergeCommit":false,"messageTitle":"Level 4 todo,event,deadline","messageBody":"","tags":["Level-4"],"fileTypesAndContributionMap":{"java":{"insertions":89,"deletions":20}}},{"hash":"49985efeb82c29dbc04cfe8396cd79ab15c9cc03","isMergeCommit":false,"messageTitle":"Automated text ui test","messageBody":"It sort of works but converting to UTF8 sucks. even with forcing intellij to use utf8 or whatever i found in google. the second run with the same exact code gives an error that says UTF8 is the wrong encoding type. (might come back later or smth to do this or not but it\u0027s sucking up so much of my time)\n","tags":["A-TextUiTesting"],"fileTypesAndContributionMap":{"txt":{"insertions":11,"deletions":0},"bat":{"insertions":4,"deletions":1}}},{"hash":"f8660983dbada65067bf636c7d130f08f75bda29","isMergeCommit":false,"messageTitle":"Level 5 Errors and Exception","messageBody":"","tags":["Level-5"],"fileTypesAndContributionMap":{"java":{"insertions":149,"deletions":50}}},{"hash":"067eaeaabe2ae76885191b68c91ef7dc50cbf22a","isMergeCommit":false,"messageTitle":"Level 6 Delete","messageBody":"","tags":["Level-6"],"fileTypesAndContributionMap":{"java":{"insertions":29,"deletions":1}}}]},{"date":"2025-01-31","commitResults":[{"hash":"4bda86b2d79a328fc4ddde424711424eac8f661b","isMergeCommit":false,"messageTitle":"Enum","messageBody":"Added Enum for possible future use\n","tags":["A-Enums"],"fileTypesAndContributionMap":{"java":{"insertions":17,"deletions":3}}}]},{"date":"2025-02-07","commitResults":[{"hash":"0500a621d5e9dac5908c72916d59929a7e45b337","isMergeCommit":false,"messageTitle":"branch level 7","messageBody":"saving to tasks.txt first\n","fileTypesAndContributionMap":{"txt":{"insertions":1,"deletions":0},"java":{"insertions":26,"deletions":4}}},{"hash":"e4c42d386352d8f3ab7e4465268c8266ed6b8c4e","isMergeCommit":false,"messageTitle":"branch level 7 2","messageBody":"Updated to save and load from file\n","tags":["Level-7"],"fileTypesAndContributionMap":{"txt":{"insertions":0,"deletions":1},"java":{"insertions":53,"deletions":6}}},{"hash":"6e0af0dbdf2e5217c70d61687d3e5a6ab398eafa","isMergeCommit":false,"messageTitle":"Level 8 Fixed Date","messageBody":"Deadline and Event now needs to follow yyyy-mm-dd. will make it be more flexible next time\n","tags":["Level-8"],"fileTypesAndContributionMap":{"java":{"insertions":34,"deletions":8}}}]}]},"authorFileTypeContributionMap":{"Terentwc":{"java":406,"md":0,"fxml":0,"sh":0,"bat":4,"gradle":0,"txt":11}},"authorContributionVariance":{"Terentwc":5346.83},"authorDisplayNameMap":{"Terentwc":"CS2103T-F12-4 TERE..HENG"}}
