[{"path":"src/main/java/App.java","fileType":"java","lines":[{"lineNumber":1,"author":{"gitId":"Timothy-Ho0203"},"content":"import Exceptions.*;","lastModifiedDate":"2025-01-24","isFullCredit":false},{"lineNumber":2,"author":{"gitId":"Timothy-Ho0203"},"content":"import Tasks.*;","lastModifiedDate":"2025-01-24","isFullCredit":false},{"lineNumber":3,"author":{"gitId":"Timothy-Ho0203"},"content":"","lastModifiedDate":"2025-01-24","isFullCredit":false},{"lineNumber":4,"author":{"gitId":"Timothy-Ho0203"},"content":"import java.util.Scanner;","lastModifiedDate":"2025-01-23","isFullCredit":false},{"lineNumber":5,"author":{"gitId":"Timothy-Ho0203"},"content":"import java.util.List;","lastModifiedDate":"2025-01-23","isFullCredit":false},{"lineNumber":6,"author":{"gitId":"Timothy-Ho0203"},"content":"import java.util.ArrayList;","lastModifiedDate":"2025-01-23","isFullCredit":false},{"lineNumber":7,"author":{"gitId":"Timothy-Ho0203"},"content":"","lastModifiedDate":"2025-01-23","isFullCredit":false},{"lineNumber":8,"author":{"gitId":"Timothy-Ho0203"},"content":"public class App {","lastModifiedDate":"2025-01-23","isFullCredit":false},{"lineNumber":9,"author":{"gitId":"Timothy-Ho0203"},"content":"    public static final String LINE \u003d \"    ------------------------------------\\n\";","lastModifiedDate":"2025-01-24","isFullCredit":false},{"lineNumber":10,"author":{"gitId":"Timothy-Ho0203"},"content":"    private List\u003cTask\u003e list;","lastModifiedDate":"2025-01-23","isFullCredit":false},{"lineNumber":11,"author":{"gitId":"Timothy-Ho0203"},"content":"    private boolean stupid;","lastModifiedDate":"2025-01-24","isFullCredit":false},{"lineNumber":12,"author":{"gitId":"Timothy-Ho0203"},"content":"    public App() {","lastModifiedDate":"2025-01-23","isFullCredit":false},{"lineNumber":13,"author":{"gitId":"Timothy-Ho0203"},"content":"        list \u003d new ArrayList\u003c\u003e();","lastModifiedDate":"2025-01-23","isFullCredit":false},{"lineNumber":14,"author":{"gitId":"Timothy-Ho0203"},"content":"        stupid \u003d false;","lastModifiedDate":"2025-01-24","isFullCredit":false},{"lineNumber":15,"author":{"gitId":"Timothy-Ho0203"},"content":"    }","lastModifiedDate":"2025-01-23","isFullCredit":false},{"lineNumber":16,"author":{"gitId":"Timothy-Ho0203"},"content":"","lastModifiedDate":"2025-01-23","isFullCredit":false},{"lineNumber":17,"author":{"gitId":"Timothy-Ho0203"},"content":"    public void run() {","lastModifiedDate":"2025-01-23","isFullCredit":false},{"lineNumber":18,"author":{"gitId":"Timothy-Ho0203"},"content":"        greet();","lastModifiedDate":"2025-01-23","isFullCredit":false},{"lineNumber":19,"author":{"gitId":"Timothy-Ho0203"},"content":"        Scanner input \u003d new Scanner(System.in);","lastModifiedDate":"2025-01-23","isFullCredit":false},{"lineNumber":20,"author":{"gitId":"Timothy-Ho0203"},"content":"        boolean run \u003d true;","lastModifiedDate":"2025-01-23","isFullCredit":false},{"lineNumber":21,"author":{"gitId":"Timothy-Ho0203"},"content":"        int count \u003d 0;","lastModifiedDate":"2025-01-24","isFullCredit":false},{"lineNumber":22,"author":{"gitId":"Timothy-Ho0203"},"content":"        while (run) {","lastModifiedDate":"2025-01-23","isFullCredit":false},{"lineNumber":23,"author":{"gitId":"Timothy-Ho0203"},"content":"            if (count \u003e 2) {","lastModifiedDate":"2025-01-24","isFullCredit":false},{"lineNumber":24,"author":{"gitId":"Timothy-Ho0203"},"content":"                stupid \u003d true;","lastModifiedDate":"2025-01-24","isFullCredit":false},{"lineNumber":25,"author":{"gitId":"Timothy-Ho0203"},"content":"            }","lastModifiedDate":"2025-01-24","isFullCredit":false},{"lineNumber":26,"author":{"gitId":"Timothy-Ho0203"},"content":"            String in \u003d input.nextLine();","lastModifiedDate":"2025-01-23","isFullCredit":false},{"lineNumber":27,"author":{"gitId":"Timothy-Ho0203"},"content":"            if (in.equalsIgnoreCase(\"bye\")) {","lastModifiedDate":"2025-01-24","isFullCredit":false},{"lineNumber":28,"author":{"gitId":"Timothy-Ho0203"},"content":"                exit();","lastModifiedDate":"2025-01-23","isFullCredit":false},{"lineNumber":29,"author":{"gitId":"Timothy-Ho0203"},"content":"                break;","lastModifiedDate":"2025-01-24","isFullCredit":false},{"lineNumber":30,"author":{"gitId":"Timothy-Ho0203"},"content":"            }","lastModifiedDate":"2025-01-24","isFullCredit":false},{"lineNumber":31,"author":{"gitId":"Timothy-Ho0203"},"content":"            try {","lastModifiedDate":"2025-01-24","isFullCredit":false},{"lineNumber":32,"author":{"gitId":"Timothy-Ho0203"},"content":"                parseInput(in);","lastModifiedDate":"2025-01-24","isFullCredit":false},{"lineNumber":33,"author":{"gitId":"Timothy-Ho0203"},"content":"            } catch (InvalidArgumentException | InvalidFormatException e) {","lastModifiedDate":"2025-01-24","isFullCredit":false},{"lineNumber":34,"author":{"gitId":"Timothy-Ho0203"},"content":"                count +\u003d 1;","lastModifiedDate":"2025-01-24","isFullCredit":false},{"lineNumber":35,"author":{"gitId":"Timothy-Ho0203"},"content":"                System.out.println(e.getMessage());","lastModifiedDate":"2025-01-24","isFullCredit":false},{"lineNumber":36,"author":{"gitId":"Timothy-Ho0203"},"content":"                System.out.print(LINE);","lastModifiedDate":"2025-01-24","isFullCredit":false},{"lineNumber":37,"author":{"gitId":"Timothy-Ho0203"},"content":"            }","lastModifiedDate":"2025-01-24","isFullCredit":false},{"lineNumber":38,"author":{"gitId":"Timothy-Ho0203"},"content":"        }","lastModifiedDate":"2025-01-24","isFullCredit":false},{"lineNumber":39,"author":{"gitId":"Timothy-Ho0203"},"content":"    }","lastModifiedDate":"2025-01-24","isFullCredit":false},{"lineNumber":40,"author":{"gitId":"Timothy-Ho0203"},"content":"","lastModifiedDate":"2025-01-24","isFullCredit":false},{"lineNumber":41,"author":{"gitId":"Timothy-Ho0203"},"content":"    private void parseInput(String inst) {","lastModifiedDate":"2025-01-24","isFullCredit":false},{"lineNumber":42,"author":{"gitId":"Timothy-Ho0203"},"content":"        String[] keyword \u003d inst.split(\" \", 2);","lastModifiedDate":"2025-01-24","isFullCredit":false},{"lineNumber":43,"author":{"gitId":"Timothy-Ho0203"},"content":"        String task \u003d keyword[0].toLowerCase();","lastModifiedDate":"2025-01-24","isFullCredit":false},{"lineNumber":44,"author":{"gitId":"Timothy-Ho0203"},"content":"        switch (task) {","lastModifiedDate":"2025-01-24","isFullCredit":false},{"lineNumber":45,"author":{"gitId":"Timothy-Ho0203"},"content":"            case \"help\":","lastModifiedDate":"2025-01-24","isFullCredit":false},{"lineNumber":46,"author":{"gitId":"Timothy-Ho0203"},"content":"                if (keyword.length !\u003d 1) {","lastModifiedDate":"2025-01-24","isFullCredit":false},{"lineNumber":47,"author":{"gitId":"Timothy-Ho0203"},"content":"                    throw new InvalidArgumentException(\"    Please make sure your command is a single word!\");","lastModifiedDate":"2025-01-24","isFullCredit":false},{"lineNumber":48,"author":{"gitId":"Timothy-Ho0203"},"content":"                }","lastModifiedDate":"2025-01-24","isFullCredit":false},{"lineNumber":49,"author":{"gitId":"Timothy-Ho0203"},"content":"                help();","lastModifiedDate":"2025-01-24","isFullCredit":false},{"lineNumber":50,"author":{"gitId":"Timothy-Ho0203"},"content":"                break;","lastModifiedDate":"2025-01-24","isFullCredit":false},{"lineNumber":51,"author":{"gitId":"Timothy-Ho0203"},"content":"            case \"list\":","lastModifiedDate":"2025-01-24","isFullCredit":false},{"lineNumber":52,"author":{"gitId":"Timothy-Ho0203"},"content":"                if (keyword.length !\u003d 1) {","lastModifiedDate":"2025-01-24","isFullCredit":false},{"lineNumber":53,"author":{"gitId":"Timothy-Ho0203"},"content":"                    throw new InvalidArgumentException(\"    Please make sure your command is a\\n    single word!\");","lastModifiedDate":"2025-01-24","isFullCredit":false},{"lineNumber":54,"author":{"gitId":"Timothy-Ho0203"},"content":"                }","lastModifiedDate":"2025-01-24","isFullCredit":false},{"lineNumber":55,"author":{"gitId":"Timothy-Ho0203"},"content":"                displayList();","lastModifiedDate":"2025-01-23","isFullCredit":false},{"lineNumber":56,"author":{"gitId":"Timothy-Ho0203"},"content":"                break;","lastModifiedDate":"2025-01-24","isFullCredit":false},{"lineNumber":57,"author":{"gitId":"Timothy-Ho0203"},"content":"            case \"mark\":","lastModifiedDate":"2025-01-24","isFullCredit":false},{"lineNumber":58,"author":{"gitId":"Timothy-Ho0203"},"content":"                if (keyword.length \u003d\u003d 1) {","lastModifiedDate":"2025-01-24","isFullCredit":false},{"lineNumber":59,"author":{"gitId":"Timothy-Ho0203"},"content":"                    throw new InvalidArgumentException(\"    Please make sure you specify a task\\n    to mark...\");","lastModifiedDate":"2025-01-24","isFullCredit":false},{"lineNumber":60,"author":{"gitId":"Timothy-Ho0203"},"content":"                }","lastModifiedDate":"2025-01-24","isFullCredit":false},{"lineNumber":61,"author":{"gitId":"Timothy-Ho0203"},"content":"                try {","lastModifiedDate":"2025-01-24","isFullCredit":false},{"lineNumber":62,"author":{"gitId":"Timothy-Ho0203"},"content":"                    markAsDone(Integer.parseInt(keyword[1]));","lastModifiedDate":"2025-01-24","isFullCredit":false},{"lineNumber":63,"author":{"gitId":"Timothy-Ho0203"},"content":"                } catch (NumberFormatException | NullPointerException e) {","lastModifiedDate":"2025-01-24","isFullCredit":false},{"lineNumber":64,"author":{"gitId":"Timothy-Ho0203"},"content":"                    throw new InvalidArgumentException(\"    That does not look like a number,\\n\" +","lastModifiedDate":"2025-01-24","isFullCredit":false},{"lineNumber":65,"author":{"gitId":"Timothy-Ho0203"},"content":"                            \"    please use a number...\");","lastModifiedDate":"2025-01-24","isFullCredit":false},{"lineNumber":66,"author":{"gitId":"Timothy-Ho0203"},"content":"                }","lastModifiedDate":"2025-01-24","isFullCredit":false},{"lineNumber":67,"author":{"gitId":"Timothy-Ho0203"},"content":"                break;","lastModifiedDate":"2025-01-24","isFullCredit":false},{"lineNumber":68,"author":{"gitId":"Timothy-Ho0203"},"content":"            case \"unmark\":","lastModifiedDate":"2025-01-24","isFullCredit":false},{"lineNumber":69,"author":{"gitId":"Timothy-Ho0203"},"content":"                if (keyword.length \u003d\u003d 1) {","lastModifiedDate":"2025-01-24","isFullCredit":false},{"lineNumber":70,"author":{"gitId":"Timothy-Ho0203"},"content":"                    throw new InvalidArgumentException(\"    Please make sure you specify a task\\n    to mark...\");","lastModifiedDate":"2025-01-24","isFullCredit":false},{"lineNumber":71,"author":{"gitId":"Timothy-Ho0203"},"content":"                }","lastModifiedDate":"2025-01-24","isFullCredit":false},{"lineNumber":72,"author":{"gitId":"Timothy-Ho0203"},"content":"                try {","lastModifiedDate":"2025-01-24","isFullCredit":false},{"lineNumber":73,"author":{"gitId":"Timothy-Ho0203"},"content":"                    markAsUndone(Integer.parseInt(keyword[1]));","lastModifiedDate":"2025-01-24","isFullCredit":false},{"lineNumber":74,"author":{"gitId":"Timothy-Ho0203"},"content":"                } catch (NumberFormatException | NullPointerException e) {","lastModifiedDate":"2025-01-24","isFullCredit":false},{"lineNumber":75,"author":{"gitId":"Timothy-Ho0203"},"content":"                    throw new InvalidArgumentException(\"    That does not look like a number,\\n\" +","lastModifiedDate":"2025-01-24","isFullCredit":false},{"lineNumber":76,"author":{"gitId":"Timothy-Ho0203"},"content":"                            \"    please use a number...\");","lastModifiedDate":"2025-01-24","isFullCredit":false},{"lineNumber":77,"author":{"gitId":"Timothy-Ho0203"},"content":"                }","lastModifiedDate":"2025-01-24","isFullCredit":false},{"lineNumber":78,"author":{"gitId":"Timothy-Ho0203"},"content":"                break;","lastModifiedDate":"2025-01-24","isFullCredit":false},{"lineNumber":79,"author":{"gitId":"Timothy-Ho0203"},"content":"            case \"delete\":","lastModifiedDate":"2025-01-24","isFullCredit":false},{"lineNumber":80,"author":{"gitId":"Timothy-Ho0203"},"content":"                if (keyword.length \u003d\u003d 1) {","lastModifiedDate":"2025-01-24","isFullCredit":false},{"lineNumber":81,"author":{"gitId":"Timothy-Ho0203"},"content":"                    throw new InvalidArgumentException(\"    Please make sure you specify a task\\n    to mark...\");","lastModifiedDate":"2025-01-24","isFullCredit":false},{"lineNumber":82,"author":{"gitId":"Timothy-Ho0203"},"content":"                }","lastModifiedDate":"2025-01-24","isFullCredit":false},{"lineNumber":83,"author":{"gitId":"Timothy-Ho0203"},"content":"                try {","lastModifiedDate":"2025-01-24","isFullCredit":false},{"lineNumber":84,"author":{"gitId":"Timothy-Ho0203"},"content":"                    delete(Integer.parseInt(keyword[1]));","lastModifiedDate":"2025-01-24","isFullCredit":false},{"lineNumber":85,"author":{"gitId":"Timothy-Ho0203"},"content":"                } catch (NumberFormatException | NullPointerException e) {","lastModifiedDate":"2025-01-24","isFullCredit":false},{"lineNumber":86,"author":{"gitId":"Timothy-Ho0203"},"content":"                    throw new InvalidArgumentException(\"    That does not look like a number,\\n\" +","lastModifiedDate":"2025-01-24","isFullCredit":false},{"lineNumber":87,"author":{"gitId":"Timothy-Ho0203"},"content":"                            \"    please use a number...\");","lastModifiedDate":"2025-01-24","isFullCredit":false},{"lineNumber":88,"author":{"gitId":"Timothy-Ho0203"},"content":"                }","lastModifiedDate":"2025-01-24","isFullCredit":false},{"lineNumber":89,"author":{"gitId":"Timothy-Ho0203"},"content":"                break;","lastModifiedDate":"2025-01-24","isFullCredit":false},{"lineNumber":90,"author":{"gitId":"Timothy-Ho0203"},"content":"            default:","lastModifiedDate":"2025-01-24","isFullCredit":false},{"lineNumber":91,"author":{"gitId":"Timothy-Ho0203"},"content":"                addToList(inst);","lastModifiedDate":"2025-01-24","isFullCredit":false},{"lineNumber":92,"author":{"gitId":"Timothy-Ho0203"},"content":"        }","lastModifiedDate":"2025-01-23","isFullCredit":false},{"lineNumber":93,"author":{"gitId":"Timothy-Ho0203"},"content":"    }","lastModifiedDate":"2025-01-23","isFullCredit":false},{"lineNumber":94,"author":{"gitId":"Timothy-Ho0203"},"content":"    private void greet() {","lastModifiedDate":"2025-01-23","isFullCredit":false},{"lineNumber":95,"author":{"gitId":"Timothy-Ho0203"},"content":"        String greetings \u003d \"\"\"","lastModifiedDate":"2025-01-23","isFullCredit":false},{"lineNumber":96,"author":{"gitId":"Timothy-Ho0203"},"content":"            -------------------------------","lastModifiedDate":"2025-01-23","isFullCredit":false},{"lineNumber":97,"author":{"gitId":"Timothy-Ho0203"},"content":"            Hello! Welcome to TommyTalks","lastModifiedDate":"2025-01-23","isFullCredit":false},{"lineNumber":98,"author":{"gitId":"Timothy-Ho0203"},"content":"            What can i do for you?","lastModifiedDate":"2025-01-23","isFullCredit":false},{"lineNumber":99,"author":{"gitId":"Timothy-Ho0203"},"content":"            -------------------------------","lastModifiedDate":"2025-01-23","isFullCredit":false},{"lineNumber":100,"author":{"gitId":"Timothy-Ho0203"},"content":"        \"\"\";","lastModifiedDate":"2025-01-23","isFullCredit":false},{"lineNumber":101,"author":{"gitId":"Timothy-Ho0203"},"content":"        System.out.print(greetings);","lastModifiedDate":"2025-01-23","isFullCredit":false},{"lineNumber":102,"author":{"gitId":"Timothy-Ho0203"},"content":"    }","lastModifiedDate":"2025-01-23","isFullCredit":false},{"lineNumber":103,"author":{"gitId":"Timothy-Ho0203"},"content":"","lastModifiedDate":"2025-01-23","isFullCredit":false},{"lineNumber":104,"author":{"gitId":"Timothy-Ho0203"},"content":"    private void exit() {","lastModifiedDate":"2025-01-23","isFullCredit":false},{"lineNumber":105,"author":{"gitId":"Timothy-Ho0203"},"content":"        String bye \u003d \"\"\"","lastModifiedDate":"2025-01-23","isFullCredit":false},{"lineNumber":106,"author":{"gitId":"Timothy-Ho0203"},"content":"            Bye, hope to see you again!","lastModifiedDate":"2025-01-23","isFullCredit":false},{"lineNumber":107,"author":{"gitId":"Timothy-Ho0203"},"content":"            -------------------------------","lastModifiedDate":"2025-01-23","isFullCredit":false},{"lineNumber":108,"author":{"gitId":"Timothy-Ho0203"},"content":"        \"\"\"","lastModifiedDate":"2025-01-23","isFullCredit":false},{"lineNumber":109,"author":{"gitId":"Timothy-Ho0203"},"content":"        ;","lastModifiedDate":"2025-01-23","isFullCredit":false},{"lineNumber":110,"author":{"gitId":"Timothy-Ho0203"},"content":"        System.out.println(bye);","lastModifiedDate":"2025-01-23","isFullCredit":false},{"lineNumber":111,"author":{"gitId":"Timothy-Ho0203"},"content":"    }","lastModifiedDate":"2025-01-23","isFullCredit":false},{"lineNumber":112,"author":{"gitId":"Timothy-Ho0203"},"content":"","lastModifiedDate":"2025-01-23","isFullCredit":false},{"lineNumber":113,"author":{"gitId":"Timothy-Ho0203"},"content":"    private void addToList(String task) {","lastModifiedDate":"2025-01-23","isFullCredit":false},{"lineNumber":114,"author":{"gitId":"Timothy-Ho0203"},"content":"        Task curr \u003d null;","lastModifiedDate":"2025-01-24","isFullCredit":false},{"lineNumber":115,"author":{"gitId":"Timothy-Ho0203"},"content":"        String type \u003d task.split(\" \")[0].toLowerCase();","lastModifiedDate":"2025-01-24","isFullCredit":false},{"lineNumber":116,"author":{"gitId":"Timothy-Ho0203"},"content":"        switch(type) {","lastModifiedDate":"2025-01-24","isFullCredit":false},{"lineNumber":117,"author":{"gitId":"Timothy-Ho0203"},"content":"            case \"todo\": {","lastModifiedDate":"2025-01-24","isFullCredit":false},{"lineNumber":118,"author":{"gitId":"Timothy-Ho0203"},"content":"                try {","lastModifiedDate":"2025-01-24","isFullCredit":false},{"lineNumber":119,"author":{"gitId":"Timothy-Ho0203"},"content":"                    String name \u003d task.substring(5);","lastModifiedDate":"2025-01-24","isFullCredit":false},{"lineNumber":120,"author":{"gitId":"Timothy-Ho0203"},"content":"                    if (name.isBlank()) {","lastModifiedDate":"2025-01-24","isFullCredit":false},{"lineNumber":121,"author":{"gitId":"Timothy-Ho0203"},"content":"                        throw new InvalidArgumentException(\"    Please put in a task at least\");","lastModifiedDate":"2025-01-24","isFullCredit":false},{"lineNumber":122,"author":{"gitId":"Timothy-Ho0203"},"content":"                    }","lastModifiedDate":"2025-01-24","isFullCredit":false},{"lineNumber":123,"author":{"gitId":"Timothy-Ho0203"},"content":"                    curr \u003d new ToDo(name.trim());","lastModifiedDate":"2025-01-24","isFullCredit":false},{"lineNumber":124,"author":{"gitId":"Timothy-Ho0203"},"content":"                } catch (StringIndexOutOfBoundsException e) {","lastModifiedDate":"2025-01-24","isFullCredit":false},{"lineNumber":125,"author":{"gitId":"Timothy-Ho0203"},"content":"                    throw new InvalidArgumentException(\"    Please put in a task at least\");","lastModifiedDate":"2025-01-24","isFullCredit":false},{"lineNumber":126,"author":{"gitId":"Timothy-Ho0203"},"content":"                }","lastModifiedDate":"2025-01-24","isFullCredit":false},{"lineNumber":127,"author":{"gitId":"Timothy-Ho0203"},"content":"                break;","lastModifiedDate":"2025-01-24","isFullCredit":false},{"lineNumber":128,"author":{"gitId":"Timothy-Ho0203"},"content":"            }","lastModifiedDate":"2025-01-24","isFullCredit":false},{"lineNumber":129,"author":{"gitId":"Timothy-Ho0203"},"content":"            case \"deadline\": {","lastModifiedDate":"2025-01-24","isFullCredit":false},{"lineNumber":130,"author":{"gitId":"Timothy-Ho0203"},"content":"                try {","lastModifiedDate":"2025-01-24","isFullCredit":false},{"lineNumber":131,"author":{"gitId":"Timothy-Ho0203"},"content":"                    String[] arr \u003d task.split(\"/\");","lastModifiedDate":"2025-01-24","isFullCredit":false},{"lineNumber":132,"author":{"gitId":"Timothy-Ho0203"},"content":"                    String name \u003d arr[0].substring(9);","lastModifiedDate":"2025-01-24","isFullCredit":false},{"lineNumber":133,"author":{"gitId":"Timothy-Ho0203"},"content":"                    String date \u003d arr[1].substring(3);","lastModifiedDate":"2025-01-24","isFullCredit":false},{"lineNumber":134,"author":{"gitId":"Timothy-Ho0203"},"content":"                    if (name.isBlank() || date.isBlank()) {","lastModifiedDate":"2025-01-24","isFullCredit":false},{"lineNumber":135,"author":{"gitId":"Timothy-Ho0203"},"content":"                        throw new InvalidArgumentException(\"    Please don\u0027t leave any blanks\");","lastModifiedDate":"2025-01-24","isFullCredit":false},{"lineNumber":136,"author":{"gitId":"Timothy-Ho0203"},"content":"                    }","lastModifiedDate":"2025-01-24","isFullCredit":false},{"lineNumber":137,"author":{"gitId":"Timothy-Ho0203"},"content":"                    curr \u003d new Deadline(name.trim(), date.trim());","lastModifiedDate":"2025-01-24","isFullCredit":false},{"lineNumber":138,"author":{"gitId":"Timothy-Ho0203"},"content":"                } catch (StringIndexOutOfBoundsException e) {","lastModifiedDate":"2025-01-24","isFullCredit":false},{"lineNumber":139,"author":{"gitId":"Timothy-Ho0203"},"content":"                    throw new InvalidArgumentException(\"    Please give some arguments\");","lastModifiedDate":"2025-01-24","isFullCredit":false},{"lineNumber":140,"author":{"gitId":"Timothy-Ho0203"},"content":"                } catch (ArrayIndexOutOfBoundsException e) {","lastModifiedDate":"2025-01-24","isFullCredit":false},{"lineNumber":141,"author":{"gitId":"Timothy-Ho0203"},"content":"                    throw new InvalidArgumentException(\"    Please put ur task in the right format\");","lastModifiedDate":"2025-01-24","isFullCredit":false},{"lineNumber":142,"author":{"gitId":"Timothy-Ho0203"},"content":"                }","lastModifiedDate":"2025-01-24","isFullCredit":false},{"lineNumber":143,"author":{"gitId":"Timothy-Ho0203"},"content":"                break;","lastModifiedDate":"2025-01-24","isFullCredit":false},{"lineNumber":144,"author":{"gitId":"Timothy-Ho0203"},"content":"            }","lastModifiedDate":"2025-01-24","isFullCredit":false},{"lineNumber":145,"author":{"gitId":"Timothy-Ho0203"},"content":"            case \"event\": {","lastModifiedDate":"2025-01-24","isFullCredit":false},{"lineNumber":146,"author":{"gitId":"Timothy-Ho0203"},"content":"                try {","lastModifiedDate":"2025-01-24","isFullCredit":false},{"lineNumber":147,"author":{"gitId":"Timothy-Ho0203"},"content":"                    String[] arr \u003d task.split(\"/\");","lastModifiedDate":"2025-01-24","isFullCredit":false},{"lineNumber":148,"author":{"gitId":"Timothy-Ho0203"},"content":"                    String name \u003d arr[0].substring(6);","lastModifiedDate":"2025-01-24","isFullCredit":false},{"lineNumber":149,"author":{"gitId":"Timothy-Ho0203"},"content":"                    String start \u003d arr[1].substring(5);","lastModifiedDate":"2025-01-24","isFullCredit":false},{"lineNumber":150,"author":{"gitId":"Timothy-Ho0203"},"content":"                    String end \u003d arr[2].substring(3);","lastModifiedDate":"2025-01-24","isFullCredit":false},{"lineNumber":151,"author":{"gitId":"Timothy-Ho0203"},"content":"                    if (name.isBlank() || start.isBlank() || end.isBlank()) {","lastModifiedDate":"2025-01-24","isFullCredit":false},{"lineNumber":152,"author":{"gitId":"Timothy-Ho0203"},"content":"                        throw new InvalidArgumentException(\"    Please don\u0027t leave any blanks\");","lastModifiedDate":"2025-01-24","isFullCredit":false},{"lineNumber":153,"author":{"gitId":"Timothy-Ho0203"},"content":"                    }","lastModifiedDate":"2025-01-24","isFullCredit":false},{"lineNumber":154,"author":{"gitId":"Timothy-Ho0203"},"content":"                    curr \u003d new Event(name.trim(), start.trim(), end.trim());","lastModifiedDate":"2025-01-24","isFullCredit":false},{"lineNumber":155,"author":{"gitId":"Timothy-Ho0203"},"content":"                } catch (StringIndexOutOfBoundsException e) {","lastModifiedDate":"2025-01-24","isFullCredit":false},{"lineNumber":156,"author":{"gitId":"Timothy-Ho0203"},"content":"                    throw new InvalidArgumentException(\"    Please give some arguments\");","lastModifiedDate":"2025-01-24","isFullCredit":false},{"lineNumber":157,"author":{"gitId":"Timothy-Ho0203"},"content":"                } catch (ArrayIndexOutOfBoundsException e) {","lastModifiedDate":"2025-01-24","isFullCredit":false},{"lineNumber":158,"author":{"gitId":"Timothy-Ho0203"},"content":"                    throw new InvalidArgumentException(\"    Please put ur task in the right format\");","lastModifiedDate":"2025-01-24","isFullCredit":false},{"lineNumber":159,"author":{"gitId":"Timothy-Ho0203"},"content":"                }","lastModifiedDate":"2025-01-24","isFullCredit":false},{"lineNumber":160,"author":{"gitId":"Timothy-Ho0203"},"content":"                break;","lastModifiedDate":"2025-01-24","isFullCredit":false},{"lineNumber":161,"author":{"gitId":"Timothy-Ho0203"},"content":"            }","lastModifiedDate":"2025-01-24","isFullCredit":false},{"lineNumber":162,"author":{"gitId":"Timothy-Ho0203"},"content":"            default:","lastModifiedDate":"2025-01-24","isFullCredit":false},{"lineNumber":163,"author":{"gitId":"Timothy-Ho0203"},"content":"                if (!stupid) {","lastModifiedDate":"2025-01-24","isFullCredit":false},{"lineNumber":164,"author":{"gitId":"Timothy-Ho0203"},"content":"                    String err \u003d \"\"\"","lastModifiedDate":"2025-01-24","isFullCredit":false},{"lineNumber":165,"author":{"gitId":"Timothy-Ho0203"},"content":"                            \\to.O What\u0027s that? Please specify","lastModifiedDate":"2025-01-24","isFullCredit":false},{"lineNumber":166,"author":{"gitId":"Timothy-Ho0203"},"content":"                            \\tthe type of event(todo, deadline,","lastModifiedDate":"2025-01-24","isFullCredit":false},{"lineNumber":167,"author":{"gitId":"Timothy-Ho0203"},"content":"                            \\tevent etc) in the appropriate","lastModifiedDate":"2025-01-24","isFullCredit":false},{"lineNumber":168,"author":{"gitId":"Timothy-Ho0203"},"content":"                            \\tformats. I would appreciate it!\"\"\";","lastModifiedDate":"2025-01-24","isFullCredit":false},{"lineNumber":169,"author":{"gitId":"Timothy-Ho0203"},"content":"                    throw new InvalidFormatException(err);","lastModifiedDate":"2025-01-24","isFullCredit":false},{"lineNumber":170,"author":{"gitId":"Timothy-Ho0203"},"content":"                } else {","lastModifiedDate":"2025-01-24","isFullCredit":false},{"lineNumber":171,"author":{"gitId":"Timothy-Ho0203"},"content":"                    String help \u003d \"\"\"","lastModifiedDate":"2025-01-24","isFullCredit":false},{"lineNumber":172,"author":{"gitId":"Timothy-Ho0203"},"content":"                            \\tYou seem a lil lost, would you","lastModifiedDate":"2025-01-24","isFullCredit":false},{"lineNumber":173,"author":{"gitId":"Timothy-Ho0203"},"content":"                            \\tlike to view all possible","lastModifiedDate":"2025-01-24","isFullCredit":false},{"lineNumber":174,"author":{"gitId":"Timothy-Ho0203"},"content":"                            \\tcommands using help?\"\"\";","lastModifiedDate":"2025-01-24","isFullCredit":false},{"lineNumber":175,"author":{"gitId":"Timothy-Ho0203"},"content":"                    throw new InvalidFormatException(help);","lastModifiedDate":"2025-01-24","isFullCredit":false},{"lineNumber":176,"author":{"gitId":"Timothy-Ho0203"},"content":"                }","lastModifiedDate":"2025-01-24","isFullCredit":false},{"lineNumber":177,"author":{"gitId":"Timothy-Ho0203"},"content":"        }","lastModifiedDate":"2025-01-24","isFullCredit":false},{"lineNumber":178,"author":{"gitId":"Timothy-Ho0203"},"content":"        list.add(curr);","lastModifiedDate":"2025-01-24","isFullCredit":false},{"lineNumber":179,"author":{"gitId":"Timothy-Ho0203"},"content":"        String base \u003d \"\"\"","lastModifiedDate":"2025-01-23","isFullCredit":false},{"lineNumber":180,"author":{"gitId":"Timothy-Ho0203"},"content":"            Added:","lastModifiedDate":"2025-01-24","isFullCredit":false},{"lineNumber":181,"author":{"gitId":"Timothy-Ho0203"},"content":"            %s","lastModifiedDate":"2025-01-24","isFullCredit":false},{"lineNumber":182,"author":{"gitId":"Timothy-Ho0203"},"content":"            You have %d tasks in the list.","lastModifiedDate":"2025-01-24","isFullCredit":false},{"lineNumber":183,"author":{"gitId":"Timothy-Ho0203"},"content":"        \"\"\";","lastModifiedDate":"2025-01-23","isFullCredit":false},{"lineNumber":184,"author":{"gitId":"Timothy-Ho0203"},"content":"        int size \u003d list.size();","lastModifiedDate":"2025-01-24","isFullCredit":false},{"lineNumber":185,"author":{"gitId":"Timothy-Ho0203"},"content":"        String result \u003d String.format(base, curr, size);","lastModifiedDate":"2025-01-24","isFullCredit":false},{"lineNumber":186,"author":{"gitId":"Timothy-Ho0203"},"content":"        System.out.print(result + LINE);","lastModifiedDate":"2025-01-23","isFullCredit":false},{"lineNumber":187,"author":{"gitId":"Timothy-Ho0203"},"content":"    }","lastModifiedDate":"2025-01-23","isFullCredit":false},{"lineNumber":188,"author":{"gitId":"Timothy-Ho0203"},"content":"","lastModifiedDate":"2025-01-23","isFullCredit":false},{"lineNumber":189,"author":{"gitId":"Timothy-Ho0203"},"content":"    private void displayList() {","lastModifiedDate":"2025-01-23","isFullCredit":false},{"lineNumber":190,"author":{"gitId":"Timothy-Ho0203"},"content":"        int count \u003d 1;","lastModifiedDate":"2025-01-23","isFullCredit":false},{"lineNumber":191,"author":{"gitId":"Timothy-Ho0203"},"content":"        StringBuilder sb \u003d new StringBuilder(\"    Here are the tasks you have: \\n\");","lastModifiedDate":"2025-01-23","isFullCredit":false},{"lineNumber":192,"author":{"gitId":"Timothy-Ho0203"},"content":"        String base \u003d \"%d. \";","lastModifiedDate":"2025-01-23","isFullCredit":false},{"lineNumber":193,"author":{"gitId":"Timothy-Ho0203"},"content":"        for (Task task : list) {","lastModifiedDate":"2025-01-23","isFullCredit":false},{"lineNumber":194,"author":{"gitId":"Timothy-Ho0203"},"content":"            String result \u003d String.format(base, count);","lastModifiedDate":"2025-01-23","isFullCredit":false},{"lineNumber":195,"author":{"gitId":"Timothy-Ho0203"},"content":"            sb.append(\"    \" + result + task.toString() + \"\\n\");","lastModifiedDate":"2025-01-23","isFullCredit":false},{"lineNumber":196,"author":{"gitId":"Timothy-Ho0203"},"content":"            count +\u003d 1;","lastModifiedDate":"2025-01-23","isFullCredit":false},{"lineNumber":197,"author":{"gitId":"Timothy-Ho0203"},"content":"        }","lastModifiedDate":"2025-01-23","isFullCredit":false},{"lineNumber":198,"author":{"gitId":"Timothy-Ho0203"},"content":"        String res \u003d sb.toString();","lastModifiedDate":"2025-01-23","isFullCredit":false},{"lineNumber":199,"author":{"gitId":"Timothy-Ho0203"},"content":"        System.out.print(res + LINE);","lastModifiedDate":"2025-01-23","isFullCredit":false},{"lineNumber":200,"author":{"gitId":"Timothy-Ho0203"},"content":"    }","lastModifiedDate":"2025-01-23","isFullCredit":false},{"lineNumber":201,"author":{"gitId":"Timothy-Ho0203"},"content":"","lastModifiedDate":"2025-01-23","isFullCredit":false},{"lineNumber":202,"author":{"gitId":"Timothy-Ho0203"},"content":"    private void markAsDone(int i) {","lastModifiedDate":"2025-01-23","isFullCredit":false},{"lineNumber":203,"author":{"gitId":"Timothy-Ho0203"},"content":"        Task curr \u003d list.get(i-1);","lastModifiedDate":"2025-01-23","isFullCredit":false},{"lineNumber":204,"author":{"gitId":"Timothy-Ho0203"},"content":"        curr.markAsDone();","lastModifiedDate":"2025-01-23","isFullCredit":false},{"lineNumber":205,"author":{"gitId":"Timothy-Ho0203"},"content":"        System.out.print(\"    Great! I\u0027ll mark this as done then.\\n\" + \"    \" + curr + \"\\n\" + LINE);","lastModifiedDate":"2025-01-24","isFullCredit":false},{"lineNumber":206,"author":{"gitId":"Timothy-Ho0203"},"content":"    }","lastModifiedDate":"2025-01-23","isFullCredit":false},{"lineNumber":207,"author":{"gitId":"Timothy-Ho0203"},"content":"","lastModifiedDate":"2025-01-23","isFullCredit":false},{"lineNumber":208,"author":{"gitId":"Timothy-Ho0203"},"content":"    private void markAsUndone(int i) {","lastModifiedDate":"2025-01-23","isFullCredit":false},{"lineNumber":209,"author":{"gitId":"Timothy-Ho0203"},"content":"        Task curr \u003d list.get(i-1);","lastModifiedDate":"2025-01-23","isFullCredit":false},{"lineNumber":210,"author":{"gitId":"Timothy-Ho0203"},"content":"        curr.markAsUndone();","lastModifiedDate":"2025-01-23","isFullCredit":false},{"lineNumber":211,"author":{"gitId":"Timothy-Ho0203"},"content":"        System.out.print(\"    Okay, I\u0027ll mark this as uncompleted.\\n\" + \"    \" + curr + \"\\n\" + LINE);","lastModifiedDate":"2025-01-24","isFullCredit":false},{"lineNumber":212,"author":{"gitId":"Timothy-Ho0203"},"content":"    }","lastModifiedDate":"2025-01-23","isFullCredit":false},{"lineNumber":213,"author":{"gitId":"Timothy-Ho0203"},"content":"","lastModifiedDate":"2025-01-24","isFullCredit":false},{"lineNumber":214,"author":{"gitId":"Timothy-Ho0203"},"content":"    private void delete(int i) {","lastModifiedDate":"2025-01-24","isFullCredit":false},{"lineNumber":215,"author":{"gitId":"Timothy-Ho0203"},"content":"        Task curr \u003d list.get(i-1);","lastModifiedDate":"2025-01-24","isFullCredit":false},{"lineNumber":216,"author":{"gitId":"Timothy-Ho0203"},"content":"        list.remove(i-1);","lastModifiedDate":"2025-01-24","isFullCredit":false},{"lineNumber":217,"author":{"gitId":"Timothy-Ho0203"},"content":"        String base \u003d \"\"\"","lastModifiedDate":"2025-01-24","isFullCredit":false},{"lineNumber":218,"author":{"gitId":"Timothy-Ho0203"},"content":"            Removed:","lastModifiedDate":"2025-01-24","isFullCredit":false},{"lineNumber":219,"author":{"gitId":"Timothy-Ho0203"},"content":"            %s","lastModifiedDate":"2025-01-24","isFullCredit":false},{"lineNumber":220,"author":{"gitId":"Timothy-Ho0203"},"content":"            Now, you have %d tasks in the list.","lastModifiedDate":"2025-01-24","isFullCredit":false},{"lineNumber":221,"author":{"gitId":"Timothy-Ho0203"},"content":"        \"\"\";","lastModifiedDate":"2025-01-24","isFullCredit":false},{"lineNumber":222,"author":{"gitId":"Timothy-Ho0203"},"content":"        int size \u003d list.size();","lastModifiedDate":"2025-01-24","isFullCredit":false},{"lineNumber":223,"author":{"gitId":"Timothy-Ho0203"},"content":"        String result \u003d String.format(base, curr, size);","lastModifiedDate":"2025-01-24","isFullCredit":false},{"lineNumber":224,"author":{"gitId":"Timothy-Ho0203"},"content":"        System.out.print(result + LINE);","lastModifiedDate":"2025-01-24","isFullCredit":false},{"lineNumber":225,"author":{"gitId":"Timothy-Ho0203"},"content":"    }","lastModifiedDate":"2025-01-24","isFullCredit":false},{"lineNumber":226,"author":{"gitId":"Timothy-Ho0203"},"content":"","lastModifiedDate":"2025-01-24","isFullCredit":false},{"lineNumber":227,"author":{"gitId":"Timothy-Ho0203"},"content":"    private void help() {","lastModifiedDate":"2025-01-24","isFullCredit":false},{"lineNumber":228,"author":{"gitId":"Timothy-Ho0203"},"content":"        String txt \u003d \"\"\"","lastModifiedDate":"2025-01-24","isFullCredit":false},{"lineNumber":229,"author":{"gitId":"Timothy-Ho0203"},"content":"                \\t------------------------------------","lastModifiedDate":"2025-01-24","isFullCredit":false},{"lineNumber":230,"author":{"gitId":"Timothy-Ho0203"},"content":"                \\tHere is the list of commands ","lastModifiedDate":"2025-01-24","isFullCredit":false},{"lineNumber":231,"author":{"gitId":"Timothy-Ho0203"},"content":"                \\t------------------------------------","lastModifiedDate":"2025-01-24","isFullCredit":false},{"lineNumber":232,"author":{"gitId":"Timothy-Ho0203"},"content":"                \\tlist","lastModifiedDate":"2025-01-24","isFullCredit":false},{"lineNumber":233,"author":{"gitId":"Timothy-Ho0203"},"content":"                \\tView all tasks","lastModifiedDate":"2025-01-24","isFullCredit":false},{"lineNumber":234,"author":{"gitId":"Timothy-Ho0203"},"content":"                \\t------------------------------------","lastModifiedDate":"2025-01-24","isFullCredit":false},{"lineNumber":235,"author":{"gitId":"Timothy-Ho0203"},"content":"                \\tmark \u003ci\u003e","lastModifiedDate":"2025-01-24","isFullCredit":false},{"lineNumber":236,"author":{"gitId":"Timothy-Ho0203"},"content":"                \\tMarks task i as completed","lastModifiedDate":"2025-01-24","isFullCredit":false},{"lineNumber":237,"author":{"gitId":"Timothy-Ho0203"},"content":"                \\t------------------------------------","lastModifiedDate":"2025-01-24","isFullCredit":false},{"lineNumber":238,"author":{"gitId":"Timothy-Ho0203"},"content":"                \\tunmark \u003ci\u003e","lastModifiedDate":"2025-01-24","isFullCredit":false},{"lineNumber":239,"author":{"gitId":"Timothy-Ho0203"},"content":"                \\tMarks task i as uncompleted","lastModifiedDate":"2025-01-24","isFullCredit":false},{"lineNumber":240,"author":{"gitId":"Timothy-Ho0203"},"content":"                \\t------------------------------------","lastModifiedDate":"2025-01-24","isFullCredit":false},{"lineNumber":241,"author":{"gitId":"Timothy-Ho0203"},"content":"                \\tdelete \u003ci\u003e","lastModifiedDate":"2025-01-24","isFullCredit":false},{"lineNumber":242,"author":{"gitId":"Timothy-Ho0203"},"content":"                \\tDeletes task i from the list","lastModifiedDate":"2025-01-24","isFullCredit":false},{"lineNumber":243,"author":{"gitId":"Timothy-Ho0203"},"content":"                \\t------------------------------------","lastModifiedDate":"2025-01-24","isFullCredit":false},{"lineNumber":244,"author":{"gitId":"Timothy-Ho0203"},"content":"                \\ttodo \u003cname\u003e","lastModifiedDate":"2025-01-24","isFullCredit":false},{"lineNumber":245,"author":{"gitId":"Timothy-Ho0203"},"content":"                \\tAdds ToDo Task \u003cname\u003e to list","lastModifiedDate":"2025-01-24","isFullCredit":false},{"lineNumber":246,"author":{"gitId":"Timothy-Ho0203"},"content":"                \\t------------------------------------","lastModifiedDate":"2025-01-24","isFullCredit":false},{"lineNumber":247,"author":{"gitId":"Timothy-Ho0203"},"content":"                \\tdeadline \u003cname\u003e /by \u003cdate\u003e","lastModifiedDate":"2025-01-24","isFullCredit":false},{"lineNumber":248,"author":{"gitId":"Timothy-Ho0203"},"content":"                \\tAdds Deadline Task \u003cname\u003e due ","lastModifiedDate":"2025-01-24","isFullCredit":false},{"lineNumber":249,"author":{"gitId":"Timothy-Ho0203"},"content":"                \\ton \u003cdate\u003e to list","lastModifiedDate":"2025-01-24","isFullCredit":false},{"lineNumber":250,"author":{"gitId":"Timothy-Ho0203"},"content":"                \\t------------------------------------","lastModifiedDate":"2025-01-24","isFullCredit":false},{"lineNumber":251,"author":{"gitId":"Timothy-Ho0203"},"content":"                \\tevent \u003cname\u003e /from \u003cstart\u003e /to \u003cend\u003e","lastModifiedDate":"2025-01-24","isFullCredit":false},{"lineNumber":252,"author":{"gitId":"Timothy-Ho0203"},"content":"                \\tAdds Event Task \u003cname\u003e starting from","lastModifiedDate":"2025-01-24","isFullCredit":false},{"lineNumber":253,"author":{"gitId":"Timothy-Ho0203"},"content":"                \\t\u003cstart\u003e to \u003cend\u003e to list","lastModifiedDate":"2025-01-24","isFullCredit":false},{"lineNumber":254,"author":{"gitId":"Timothy-Ho0203"},"content":"                \\t------------------------------------","lastModifiedDate":"2025-01-24","isFullCredit":false},{"lineNumber":255,"author":{"gitId":"Timothy-Ho0203"},"content":"                \"\"\";","lastModifiedDate":"2025-01-24","isFullCredit":false},{"lineNumber":256,"author":{"gitId":"Timothy-Ho0203"},"content":"        System.out.print(txt);","lastModifiedDate":"2025-01-24","isFullCredit":false},{"lineNumber":257,"author":{"gitId":"Timothy-Ho0203"},"content":"    }","lastModifiedDate":"2025-01-24","isFullCredit":false},{"lineNumber":258,"author":{"gitId":"Timothy-Ho0203"},"content":"}","lastModifiedDate":"2025-01-23","isFullCredit":false}],"authorContributionMap":{"Timothy-Ho0203":258}},{"path":"src/main/java/Exceptions/InvalidArgumentException.java","fileType":"java","lines":[{"lineNumber":1,"author":{"gitId":"Timothy-Ho0203"},"content":"package Exceptions;","lastModifiedDate":"2025-01-24","isFullCredit":false},{"lineNumber":2,"author":{"gitId":"Timothy-Ho0203"},"content":"","lastModifiedDate":"2025-01-24","isFullCredit":false},{"lineNumber":3,"author":{"gitId":"Timothy-Ho0203"},"content":"public class InvalidArgumentException extends RuntimeException {","lastModifiedDate":"2025-01-24","isFullCredit":false},{"lineNumber":4,"author":{"gitId":"Timothy-Ho0203"},"content":"    public InvalidArgumentException(String msg) {","lastModifiedDate":"2025-01-24","isFullCredit":false},{"lineNumber":5,"author":{"gitId":"Timothy-Ho0203"},"content":"        super(msg);","lastModifiedDate":"2025-01-24","isFullCredit":false},{"lineNumber":6,"author":{"gitId":"Timothy-Ho0203"},"content":"    }","lastModifiedDate":"2025-01-24","isFullCredit":false},{"lineNumber":7,"author":{"gitId":"Timothy-Ho0203"},"content":"}","lastModifiedDate":"2025-01-24","isFullCredit":false}],"authorContributionMap":{"Timothy-Ho0203":7}},{"path":"src/main/java/Exceptions/InvalidFormatException.java","fileType":"java","lines":[{"lineNumber":1,"author":{"gitId":"Timothy-Ho0203"},"content":"package Exceptions;","lastModifiedDate":"2025-01-24","isFullCredit":false},{"lineNumber":2,"author":{"gitId":"Timothy-Ho0203"},"content":"","lastModifiedDate":"2025-01-24","isFullCredit":false},{"lineNumber":3,"author":{"gitId":"Timothy-Ho0203"},"content":"public class InvalidFormatException extends RuntimeException {","lastModifiedDate":"2025-01-24","isFullCredit":false},{"lineNumber":4,"author":{"gitId":"Timothy-Ho0203"},"content":"    public InvalidFormatException(String msg) {","lastModifiedDate":"2025-01-24","isFullCredit":false},{"lineNumber":5,"author":{"gitId":"Timothy-Ho0203"},"content":"        super(msg);","lastModifiedDate":"2025-01-24","isFullCredit":false},{"lineNumber":6,"author":{"gitId":"Timothy-Ho0203"},"content":"    }","lastModifiedDate":"2025-01-24","isFullCredit":false},{"lineNumber":7,"author":{"gitId":"Timothy-Ho0203"},"content":"}","lastModifiedDate":"2025-01-24","isFullCredit":false}],"authorContributionMap":{"Timothy-Ho0203":7}},{"path":"src/main/java/Tasks/Deadline.java","fileType":"java","lines":[{"lineNumber":1,"author":{"gitId":"Timothy-Ho0203"},"content":"package Tasks;","lastModifiedDate":"2025-01-24","isFullCredit":false},{"lineNumber":2,"author":{"gitId":"Timothy-Ho0203"},"content":"","lastModifiedDate":"2025-01-24","isFullCredit":false},{"lineNumber":3,"author":{"gitId":"Timothy-Ho0203"},"content":"import java.util.Arrays;","lastModifiedDate":"2025-01-24","isFullCredit":false},{"lineNumber":4,"author":{"gitId":"Timothy-Ho0203"},"content":"","lastModifiedDate":"2025-01-24","isFullCredit":false},{"lineNumber":5,"author":{"gitId":"Timothy-Ho0203"},"content":"public class Deadline extends Task {","lastModifiedDate":"2025-01-24","isFullCredit":false},{"lineNumber":6,"author":{"gitId":"Timothy-Ho0203"},"content":"    protected String date;","lastModifiedDate":"2025-01-24","isFullCredit":false},{"lineNumber":7,"author":{"gitId":"Timothy-Ho0203"},"content":"    public Deadline(String name, String date) {","lastModifiedDate":"2025-01-24","isFullCredit":false},{"lineNumber":8,"author":{"gitId":"Timothy-Ho0203"},"content":"        super(name);","lastModifiedDate":"2025-01-24","isFullCredit":false},{"lineNumber":9,"author":{"gitId":"Timothy-Ho0203"},"content":"        this.date \u003d date;","lastModifiedDate":"2025-01-24","isFullCredit":false},{"lineNumber":10,"author":{"gitId":"Timothy-Ho0203"},"content":"    }","lastModifiedDate":"2025-01-24","isFullCredit":false},{"lineNumber":11,"author":{"gitId":"Timothy-Ho0203"},"content":"","lastModifiedDate":"2025-01-24","isFullCredit":false},{"lineNumber":12,"author":{"gitId":"Timothy-Ho0203"},"content":"    @Override","lastModifiedDate":"2025-01-24","isFullCredit":false},{"lineNumber":13,"author":{"gitId":"Timothy-Ho0203"},"content":"    public String toString() {","lastModifiedDate":"2025-01-24","isFullCredit":false},{"lineNumber":14,"author":{"gitId":"Timothy-Ho0203"},"content":"        return \"[D]\" + super.toString() + \"(by: \" + date + \")\";","lastModifiedDate":"2025-01-24","isFullCredit":false},{"lineNumber":15,"author":{"gitId":"Timothy-Ho0203"},"content":"    }","lastModifiedDate":"2025-01-24","isFullCredit":false},{"lineNumber":16,"author":{"gitId":"Timothy-Ho0203"},"content":"}","lastModifiedDate":"2025-01-24","isFullCredit":false}],"authorContributionMap":{"Timothy-Ho0203":16}},{"path":"src/main/java/Tasks/Event.java","fileType":"java","lines":[{"lineNumber":1,"author":{"gitId":"Timothy-Ho0203"},"content":"package Tasks;","lastModifiedDate":"2025-01-24","isFullCredit":false},{"lineNumber":2,"author":{"gitId":"Timothy-Ho0203"},"content":"","lastModifiedDate":"2025-01-24","isFullCredit":false},{"lineNumber":3,"author":{"gitId":"Timothy-Ho0203"},"content":"import Tasks.Task;","lastModifiedDate":"2025-01-24","isFullCredit":false},{"lineNumber":4,"author":{"gitId":"Timothy-Ho0203"},"content":"","lastModifiedDate":"2025-01-24","isFullCredit":false},{"lineNumber":5,"author":{"gitId":"Timothy-Ho0203"},"content":"public class Event extends Task {","lastModifiedDate":"2025-01-24","isFullCredit":false},{"lineNumber":6,"author":{"gitId":"Timothy-Ho0203"},"content":"    protected String start;","lastModifiedDate":"2025-01-24","isFullCredit":false},{"lineNumber":7,"author":{"gitId":"Timothy-Ho0203"},"content":"    protected String end;","lastModifiedDate":"2025-01-24","isFullCredit":false},{"lineNumber":8,"author":{"gitId":"Timothy-Ho0203"},"content":"    public Event(String name, String start, String end) {","lastModifiedDate":"2025-01-24","isFullCredit":false},{"lineNumber":9,"author":{"gitId":"Timothy-Ho0203"},"content":"        super(name);","lastModifiedDate":"2025-01-24","isFullCredit":false},{"lineNumber":10,"author":{"gitId":"Timothy-Ho0203"},"content":"        this.start \u003d start;","lastModifiedDate":"2025-01-24","isFullCredit":false},{"lineNumber":11,"author":{"gitId":"Timothy-Ho0203"},"content":"        this.end \u003d end;","lastModifiedDate":"2025-01-24","isFullCredit":false},{"lineNumber":12,"author":{"gitId":"Timothy-Ho0203"},"content":"    }","lastModifiedDate":"2025-01-24","isFullCredit":false},{"lineNumber":13,"author":{"gitId":"Timothy-Ho0203"},"content":"","lastModifiedDate":"2025-01-24","isFullCredit":false},{"lineNumber":14,"author":{"gitId":"Timothy-Ho0203"},"content":"    @Override","lastModifiedDate":"2025-01-24","isFullCredit":false},{"lineNumber":15,"author":{"gitId":"Timothy-Ho0203"},"content":"    public String toString() {","lastModifiedDate":"2025-01-24","isFullCredit":false},{"lineNumber":16,"author":{"gitId":"Timothy-Ho0203"},"content":"        return \"[E]\" + super.toString() + \"(from: \" + start + \" to: \" + end + \")\";","lastModifiedDate":"2025-01-24","isFullCredit":false},{"lineNumber":17,"author":{"gitId":"Timothy-Ho0203"},"content":"    }","lastModifiedDate":"2025-01-24","isFullCredit":false},{"lineNumber":18,"author":{"gitId":"Timothy-Ho0203"},"content":"}","lastModifiedDate":"2025-01-24","isFullCredit":false}],"authorContributionMap":{"Timothy-Ho0203":18}},{"path":"src/main/java/Tasks/Task.java","fileType":"java","lines":[{"lineNumber":1,"author":{"gitId":"Timothy-Ho0203"},"content":"package Tasks;","lastModifiedDate":"2025-01-24","isFullCredit":false},{"lineNumber":2,"author":{"gitId":"Timothy-Ho0203"},"content":"","lastModifiedDate":"2025-01-24","isFullCredit":false},{"lineNumber":3,"author":{"gitId":"Timothy-Ho0203"},"content":"public class Task {","lastModifiedDate":"2025-01-23","isFullCredit":false},{"lineNumber":4,"author":{"gitId":"Timothy-Ho0203"},"content":"    protected String name;","lastModifiedDate":"2025-01-23","isFullCredit":false},{"lineNumber":5,"author":{"gitId":"Timothy-Ho0203"},"content":"    protected boolean done;","lastModifiedDate":"2025-01-23","isFullCredit":false},{"lineNumber":6,"author":{"gitId":"Timothy-Ho0203"},"content":"","lastModifiedDate":"2025-01-23","isFullCredit":false},{"lineNumber":7,"author":{"gitId":"Timothy-Ho0203"},"content":"    public Task(String name) {","lastModifiedDate":"2025-01-23","isFullCredit":false},{"lineNumber":8,"author":{"gitId":"Timothy-Ho0203"},"content":"        this.name \u003d name;","lastModifiedDate":"2025-01-23","isFullCredit":false},{"lineNumber":9,"author":{"gitId":"Timothy-Ho0203"},"content":"        this.done \u003d false;","lastModifiedDate":"2025-01-23","isFullCredit":false},{"lineNumber":10,"author":{"gitId":"Timothy-Ho0203"},"content":"    }","lastModifiedDate":"2025-01-23","isFullCredit":false},{"lineNumber":11,"author":{"gitId":"Timothy-Ho0203"},"content":"","lastModifiedDate":"2025-01-23","isFullCredit":false},{"lineNumber":12,"author":{"gitId":"Timothy-Ho0203"},"content":"    public void markAsDone() {","lastModifiedDate":"2025-01-23","isFullCredit":false},{"lineNumber":13,"author":{"gitId":"Timothy-Ho0203"},"content":"        this.done \u003d true;","lastModifiedDate":"2025-01-23","isFullCredit":false},{"lineNumber":14,"author":{"gitId":"Timothy-Ho0203"},"content":"    }","lastModifiedDate":"2025-01-23","isFullCredit":false},{"lineNumber":15,"author":{"gitId":"Timothy-Ho0203"},"content":"","lastModifiedDate":"2025-01-23","isFullCredit":false},{"lineNumber":16,"author":{"gitId":"Timothy-Ho0203"},"content":"    public void markAsUndone() {","lastModifiedDate":"2025-01-23","isFullCredit":false},{"lineNumber":17,"author":{"gitId":"Timothy-Ho0203"},"content":"        this.done \u003d false;","lastModifiedDate":"2025-01-23","isFullCredit":false},{"lineNumber":18,"author":{"gitId":"Timothy-Ho0203"},"content":"    }","lastModifiedDate":"2025-01-23","isFullCredit":false},{"lineNumber":19,"author":{"gitId":"Timothy-Ho0203"},"content":"","lastModifiedDate":"2025-01-23","isFullCredit":false},{"lineNumber":20,"author":{"gitId":"Timothy-Ho0203"},"content":"    private String getStatus() {","lastModifiedDate":"2025-01-23","isFullCredit":false},{"lineNumber":21,"author":{"gitId":"Timothy-Ho0203"},"content":"        return (done ? \"X\" : \" \");","lastModifiedDate":"2025-01-23","isFullCredit":false},{"lineNumber":22,"author":{"gitId":"Timothy-Ho0203"},"content":"    }","lastModifiedDate":"2025-01-23","isFullCredit":false},{"lineNumber":23,"author":{"gitId":"Timothy-Ho0203"},"content":"    @Override","lastModifiedDate":"2025-01-23","isFullCredit":false},{"lineNumber":24,"author":{"gitId":"Timothy-Ho0203"},"content":"    public String toString(){","lastModifiedDate":"2025-01-23","isFullCredit":false},{"lineNumber":25,"author":{"gitId":"Timothy-Ho0203"},"content":"        return \"[\" + getStatus() + \"] \" + this.name;","lastModifiedDate":"2025-01-23","isFullCredit":false},{"lineNumber":26,"author":{"gitId":"Timothy-Ho0203"},"content":"    }","lastModifiedDate":"2025-01-23","isFullCredit":false},{"lineNumber":27,"author":{"gitId":"Timothy-Ho0203"},"content":"","lastModifiedDate":"2025-01-23","isFullCredit":false},{"lineNumber":28,"author":{"gitId":"Timothy-Ho0203"},"content":"}","lastModifiedDate":"2025-01-23","isFullCredit":false}],"authorContributionMap":{"Timothy-Ho0203":28}},{"path":"src/main/java/Tasks/ToDo.java","fileType":"java","lines":[{"lineNumber":1,"author":{"gitId":"Timothy-Ho0203"},"content":"package Tasks;","lastModifiedDate":"2025-01-24","isFullCredit":false},{"lineNumber":2,"author":{"gitId":"Timothy-Ho0203"},"content":"","lastModifiedDate":"2025-01-24","isFullCredit":false},{"lineNumber":3,"author":{"gitId":"Timothy-Ho0203"},"content":"public class ToDo extends Task {","lastModifiedDate":"2025-01-24","isFullCredit":false},{"lineNumber":4,"author":{"gitId":"Timothy-Ho0203"},"content":"    public ToDo(String name) {","lastModifiedDate":"2025-01-24","isFullCredit":false},{"lineNumber":5,"author":{"gitId":"Timothy-Ho0203"},"content":"        super(name);","lastModifiedDate":"2025-01-24","isFullCredit":false},{"lineNumber":6,"author":{"gitId":"Timothy-Ho0203"},"content":"    }","lastModifiedDate":"2025-01-24","isFullCredit":false},{"lineNumber":7,"author":{"gitId":"Timothy-Ho0203"},"content":"","lastModifiedDate":"2025-01-24","isFullCredit":false},{"lineNumber":8,"author":{"gitId":"Timothy-Ho0203"},"content":"    @Override","lastModifiedDate":"2025-01-24","isFullCredit":false},{"lineNumber":9,"author":{"gitId":"Timothy-Ho0203"},"content":"    public String toString() {","lastModifiedDate":"2025-01-24","isFullCredit":false},{"lineNumber":10,"author":{"gitId":"Timothy-Ho0203"},"content":"        return \"[T]\" + super.toString();","lastModifiedDate":"2025-01-24","isFullCredit":false},{"lineNumber":11,"author":{"gitId":"Timothy-Ho0203"},"content":"    }","lastModifiedDate":"2025-01-24","isFullCredit":false},{"lineNumber":12,"author":{"gitId":"Timothy-Ho0203"},"content":"}","lastModifiedDate":"2025-01-24","isFullCredit":false}],"authorContributionMap":{"Timothy-Ho0203":12}},{"path":"src/main/java/TommyTalks.java","fileType":"java","lines":[{"lineNumber":1,"author":{"gitId":"Timothy-Ho0203"},"content":"public class TommyTalks {","lastModifiedDate":"2025-01-23","isFullCredit":false},{"lineNumber":2,"author":{"gitId":"Timothy-Ho0203"},"content":"    public static void main(String[] args) {","lastModifiedDate":"2025-01-23","isFullCredit":false},{"lineNumber":3,"author":{"gitId":"Timothy-Ho0203"},"content":"        String logo \u003d \"\"\"","lastModifiedDate":"2025-01-23","isFullCredit":false},{"lineNumber":4,"author":{"gitId":"Timothy-Ho0203"},"content":"                ___________                           ___________       __   __           \\s","lastModifiedDate":"2025-01-23","isFullCredit":false},{"lineNumber":5,"author":{"gitId":"Timothy-Ho0203"},"content":"                \\\\__    ___/___   _____   _____ ___.__.\\\\__    ___/____  |  | |  | __  ______","lastModifiedDate":"2025-01-23","isFullCredit":false},{"lineNumber":6,"author":{"gitId":"Timothy-Ho0203"},"content":"                  |    | /  _ \\\\ /     \\\\ /     \u003c   |  |  |    |  \\\\__  \\\\ |  | |  |/ / /  ___/","lastModifiedDate":"2025-01-23","isFullCredit":false},{"lineNumber":7,"author":{"gitId":"Timothy-Ho0203"},"content":"                  |    |(  \u003c_\u003e )  Y Y  \\\\  Y Y  \\\\___  |  |    |   / __ \\\\|  |_|    \u003c  \\\\___ \\\\\\s","lastModifiedDate":"2025-01-23","isFullCredit":false},{"lineNumber":8,"author":{"gitId":"Timothy-Ho0203"},"content":"                  |____| \\\\____/|__|_|__/__|_|__/ ____|  |____|  (______/____/__|_|\\\\/____  \u003e","lastModifiedDate":"2025-01-23","isFullCredit":false},{"lineNumber":9,"author":{"gitId":"Timothy-Ho0203"},"content":"                                               \\\\/                                       \\\\/\\s","lastModifiedDate":"2025-01-23","isFullCredit":false},{"lineNumber":10,"author":{"gitId":"Timothy-Ho0203"},"content":"                \"\"\";","lastModifiedDate":"2025-01-23","isFullCredit":false},{"lineNumber":11,"author":{"gitId":"Timothy-Ho0203"},"content":"        System.out.println(\"Hello from\\n\" + logo);","lastModifiedDate":"2025-01-23","isFullCredit":false},{"lineNumber":12,"author":{"gitId":"Timothy-Ho0203"},"content":"        App chatBot \u003d new App();","lastModifiedDate":"2025-01-23","isFullCredit":false},{"lineNumber":13,"author":{"gitId":"Timothy-Ho0203"},"content":"        chatBot.run();","lastModifiedDate":"2025-01-23","isFullCredit":false},{"lineNumber":14,"author":{"gitId":"Timothy-Ho0203"},"content":"    }","lastModifiedDate":"2025-01-23","isFullCredit":false},{"lineNumber":15,"author":{"gitId":"Timothy-Ho0203"},"content":"}","lastModifiedDate":"2025-01-23","isFullCredit":false}],"authorContributionMap":{"Timothy-Ho0203":15}},{"path":"text-ui-test/input.txt","fileType":"txt","lines":[{"lineNumber":1,"author":{"gitId":"Timothy-Ho0203"},"content":"todo borrow book","lastModifiedDate":"2025-01-24","isFullCredit":false},{"lineNumber":2,"author":{"gitId":"Timothy-Ho0203"},"content":"DeadLine return book /by Sunday","lastModifiedDate":"2025-01-24","isFullCredit":false},{"lineNumber":3,"author":{"gitId":"Timothy-Ho0203"},"content":"LIST","lastModifiedDate":"2025-01-24","isFullCredit":false},{"lineNumber":4,"author":{"gitId":"Timothy-Ho0203"},"content":"event project meeting /from Mon 2pm /to 4pm","lastModifiedDate":"2025-01-24","isFullCredit":false},{"lineNumber":5,"author":{"gitId":"Timothy-Ho0203"},"content":"mark 2","lastModifiedDate":"2025-01-24","isFullCredit":false},{"lineNumber":6,"author":{"gitId":"Timothy-Ho0203"},"content":"list","lastModifiedDate":"2025-01-24","isFullCredit":false},{"lineNumber":7,"author":{"gitId":"Timothy-Ho0203"},"content":"unmark 2","lastModifiedDate":"2025-01-24","isFullCredit":false},{"lineNumber":8,"author":{"gitId":"Timothy-Ho0203"},"content":"list","lastModifiedDate":"2025-01-24","isFullCredit":false},{"lineNumber":9,"author":{"gitId":"Timothy-Ho0203"},"content":"bye","lastModifiedDate":"2025-01-24","isFullCredit":false}],"authorContributionMap":{"Timothy-Ho0203":9}},{"path":"text-ui-test/runtest.bat","fileType":"bat","lines":[{"lineNumber":1,"author":{"gitId":"-"},"content":"@ECHO OFF","lastModifiedDate":"2020-05-25","isFullCredit":false},{"lineNumber":2,"author":{"gitId":"-"},"content":"","lastModifiedDate":"2020-05-25","isFullCredit":false},{"lineNumber":3,"author":{"gitId":"-"},"content":"REM create bin directory if it doesn\u0027t exist","lastModifiedDate":"2020-05-25","isFullCredit":false},{"lineNumber":4,"author":{"gitId":"-"},"content":"if not exist ..\\bin mkdir ..\\bin","lastModifiedDate":"2020-05-25","isFullCredit":false},{"lineNumber":5,"author":{"gitId":"-"},"content":"","lastModifiedDate":"2020-05-25","isFullCredit":false},{"lineNumber":6,"author":{"gitId":"-"},"content":"REM delete output from previous run","lastModifiedDate":"2020-05-25","isFullCredit":false},{"lineNumber":7,"author":{"gitId":"-"},"content":"if exist ACTUAL.TXT del ACTUAL.TXT","lastModifiedDate":"2020-08-25","isFullCredit":false},{"lineNumber":8,"author":{"gitId":"-"},"content":"","lastModifiedDate":"2020-05-25","isFullCredit":false},{"lineNumber":9,"author":{"gitId":"-"},"content":"REM compile the code into the bin folder","lastModifiedDate":"2020-05-25","isFullCredit":false},{"lineNumber":10,"author":{"gitId":"-"},"content":"javac  -cp ..\\src\\main\\java -Xlint:none -d ..\\bin ..\\src\\main\\java\\*.java","lastModifiedDate":"2020-08-25","isFullCredit":false},{"lineNumber":11,"author":{"gitId":"-"},"content":"IF ERRORLEVEL 1 (","lastModifiedDate":"2020-05-25","isFullCredit":false},{"lineNumber":12,"author":{"gitId":"-"},"content":"    echo ********** BUILD FAILURE **********","lastModifiedDate":"2020-05-25","isFullCredit":false},{"lineNumber":13,"author":{"gitId":"-"},"content":"    exit /b 1","lastModifiedDate":"2020-05-25","isFullCredit":false},{"lineNumber":14,"author":{"gitId":"-"},"content":")","lastModifiedDate":"2020-05-25","isFullCredit":false},{"lineNumber":15,"author":{"gitId":"-"},"content":"REM no error here, errorlevel \u003d\u003d 0","lastModifiedDate":"2020-05-25","isFullCredit":false},{"lineNumber":16,"author":{"gitId":"-"},"content":"","lastModifiedDate":"2020-05-25","isFullCredit":false},{"lineNumber":17,"author":{"gitId":"-"},"content":"REM run the program, feed commands from input.txt file and redirect the output to the ACTUAL.TXT","lastModifiedDate":"2020-05-25","isFullCredit":false},{"lineNumber":18,"author":{"gitId":"Timothy-Ho0203"},"content":"java -classpath ..\\bin TommyTalks \u003c input.txt \u003e ACTUAL.TXT","lastModifiedDate":"2025-01-24","isFullCredit":false},{"lineNumber":19,"author":{"gitId":"-"},"content":"","lastModifiedDate":"2020-05-25","isFullCredit":false},{"lineNumber":20,"author":{"gitId":"-"},"content":"REM compare the output to the expected output","lastModifiedDate":"2020-05-25","isFullCredit":false},{"lineNumber":21,"author":{"gitId":"-"},"content":"FC ACTUAL.TXT EXPECTED.TXT","lastModifiedDate":"2020-05-25","isFullCredit":false}],"authorContributionMap":{"Timothy-Ho0203":1,"-":20}}]
