{"authorDailyContributionsMap":{"Timothy-Ho0203":[{"date":"2025-01-23","commitResults":[{"hash":"ec55003d5177dc7453078bb7153d6c5a9e651568","isMergeCommit":false,"messageTitle":"refactor: add new class to store helper functions","messageBody":"","tags":["Level-0"],"fileTypesAndContributionMap":{"java":{"insertions":41,"deletions":10}}},{"hash":"832f5e9b5b1531034eb410e6895fbc994d4d8ccf","isMergeCommit":false,"messageTitle":"feat: add feature for bot to echo instructions","messageBody":"","tags":["Level-1"],"fileTypesAndContributionMap":{"java":{"insertions":21,"deletions":8}}},{"hash":"8ce66845c194f20c19ddfb1017bc5e168daa7147","isMergeCommit":false,"messageTitle":"feat: Add feature to store text and display back to user when requested","messageBody":"","tags":["Level-2"],"fileTypesAndContributionMap":{"java":{"insertions":35,"deletions":6}}},{"hash":"d16a94f30c8cd3b87dcdebe1347ba67b801716f5","isMergeCommit":false,"messageTitle":"feat: Add ability to mark task as done or undone","messageBody":"refactor: Add new class Task to organise tasks\n","tags":["Level-3"],"fileTypesAndContributionMap":{"java":{"insertions":53,"deletions":10}}}]},{"date":"2025-01-24","commitResults":[{"hash":"f13d82fb2d0adbdf9c6b279c630ee61848dfedaf","isMergeCommit":false,"messageTitle":"refactor: Added 3 classes to extend Task class for specific behaviour","messageBody":"","tags":["Level-4"],"fileTypesAndContributionMap":{"java":{"insertions":100,"deletions":15}}},{"hash":"9164bebf38ddc9205ff8db7a3de48a5407d4250b","isMergeCommit":false,"messageTitle":"feat: Add Automatic Text UI Testing feature","messageBody":"","tags":["A-TextUiTesting"],"fileTypesAndContributionMap":{"txt":{"insertions":9,"deletions":0},"java":{"insertions":3,"deletions":3},"bat":{"insertions":1,"deletions":1}}},{"hash":"52a6cc15ac070bc18d0cfd8e8c7a6b686a4ba2d0","isMergeCommit":false,"messageTitle":"feat: Add error handling and messages","messageBody":"","tags":["Level-5","A-Exceptions"],"fileTypesAndContributionMap":{"java":{"insertions":41,"deletions":23}}},{"hash":"7338ae845d14a4aa26c735209b1f5db68efa0d23","isMergeCommit":false,"messageTitle":"feat: Add support for deleting tasks from list","messageBody":"","tags":["Level-6"],"fileTypesAndContributionMap":{"java":{"insertions":16,"deletions":0}}},{"hash":"6eaaa42e5bc6de8bff43583ddcfa02544a1a1432","isMergeCommit":false,"messageTitle":"refactor: Add packages for Task and Exceptions, Optimize error handling, Add help feature","messageBody":"","fileTypesAndContributionMap":{"java":{"insertions":163,"deletions":47}}}]},{"date":"2025-01-30","commitResults":[{"hash":"d40d36846c8104a9f93beda31ca06281715bc2be","isMergeCommit":false,"messageTitle":"Add Storage.java","messageBody":"TommyTalks does not save tasks, causing users to restart their lists of\ntasks every session.\n\nAdding a storage class to keep track of tasks improves user-experience\nsince it makes the app more practical.\n","fileTypesAndContributionMap":{"java":{"insertions":173,"deletions":56}}},{"hash":"b1d5d58c2acb186051079c7164731925e39930f3","isMergeCommit":true,"messageTitle":"Merge branch \u0027branch-Level-7\u0027 Add Storage.java class","messageBody":"Changes have been made in branch-Level-7 regarding data storage.\n\nTo update master branch, we will do a merge commit with branch-Level-7.\n","tags":["Level-7"],"fileTypesAndContributionMap":{}},{"hash":"fd029d3043d76faae3d33df95de70ebff1b9ef58","isMergeCommit":false,"messageTitle":"Update Tasks to take in date and time objects","messageBody":"Tasks track dates/times as Strings.\n\nLet\u0027s update the app to track dates/times better so that it can track\nusers\u0027 tasks more accurately.\n","fileTypesAndContributionMap":{"txt":{"insertions":3,"deletions":0},"java":{"insertions":52,"deletions":16}}},{"hash":"7234cfa84c263cf978c88a14c320a5e6f68aab8e","isMergeCommit":true,"messageTitle":"Merge branch \u0027branch-Level-8\u0027 Update Tasks to be able to parse date/time","messageBody":"Changes have been made in branch-Level-8 regarding the storage and\nunderstanding of date/time in the app.\n\nTo update master branch, we will do a merge commit with branch-Level-8.\n","tags":["Level-8"],"fileTypesAndContributionMap":{}},{"hash":"fd4aed67769c08536c1868a88abfe041cad56f17","isMergeCommit":false,"messageTitle":"Refactor App for more OOP","messageBody":"There is repeated and similar code when determining input commands.\n\nLet\u0027s create a seperate Command class handle the actions outside of App\nclass to imrpove readability of code.\n","fileTypesAndContributionMap":{"java":{"insertions":288,"deletions":224}}},{"hash":"48a3cd61954318e2172f3ce31cbec486670debc3","isMergeCommit":true,"messageTitle":"Merge branch \u0027branch-A-MoreOOP\u0027 Refactor code in App class","messageBody":"Changes have been made in branch-A-MoreOOP to create new Command classes\nto improve readability of the code.\n\nTo update master branch, we will do a merge commit with\nbranch-A-MoreOOP.\n","tags":["A-MoreOOP"],"fileTypesAndContributionMap":{}},{"hash":"c9c157786006375c33e1aa8067ed9b6c4d14cd80","isMergeCommit":false,"messageTitle":"Organise classes into packages","messageBody":"","fileTypesAndContributionMap":{"txt":{"insertions":2,"deletions":2},"java":{"insertions":38,"deletions":6}}},{"hash":"cf5dcb227d78bf2399d9155af3ecbfc1de7b7145","isMergeCommit":true,"messageTitle":"Merge branch \u0027branch-A-Packages\u0027 Organise classes into packages","messageBody":"","tags":["A-Packages"],"fileTypesAndContributionMap":{}},{"hash":"55274b318aa3a16a1cec6e4a2c2de8e8ac2350b3","isMergeCommit":true,"messageTitle":"Merge branch \u0027add-gradle-support\u0027 Automate build tasks of the project","messageBody":"","fileTypesAndContributionMap":{}},{"hash":"c25d1586229d9238f32522571ce729118005bcb4","isMergeCommit":false,"messageTitle":"Add Gradle support to the project","messageBody":"","fileTypesAndContributionMap":{"gradle":{"insertions":1,"deletions":0}}},{"hash":"0048e850da547252efefd52307d229df8cceca1e","isMergeCommit":true,"messageTitle":"Merge branch \u0027branch-A-Gradle\u0027 Add Gradle support to the project","messageBody":"","tags":["A-Gradle"],"fileTypesAndContributionMap":{}},{"hash":"33c0d09a185c04dd6a8be8ec2827958c520310c8","isMergeCommit":false,"messageTitle":"Add JUnit tests","messageBody":"","fileTypesAndContributionMap":{"txt":{"insertions":0,"deletions":0},"java":{"insertions":42,"deletions":1}}},{"hash":"889a7d3ec8e8de6f6ec418ec195008e33c8bc64c","isMergeCommit":true,"messageTitle":"Merge branch \u0027branch-A-JUnit\u0027 Add JUnit tests","messageBody":"","tags":["A-Jar","A-JUnit"],"fileTypesAndContributionMap":{}}]}]},"authorFileTypeContributionMap":{"Timothy-Ho0203":{"java":651,"md":0,"fxml":0,"sh":0,"bat":1,"gradle":1,"txt":12}},"authorContributionVariance":{"Timothy-Ho0203":43837.133},"authorDisplayNameMap":{"Timothy-Ho0203":"CS2103T-T08-4 TIMO..F HO"}}
