{"authorDailyContributionsMap":{"CoreySiah":[{"date":"2025-01-27","commitResults":[{"hash":"b4b21cd5a830582814926776bb463e8644d05669","isMergeCommit":false,"messageTitle":"Committed Duke Level-0: Rename, Greet, Exit","messageBody":"","tags":["level-0"],"fileTypesAndContributionMap":{"java":{"insertions":31,"deletions":10}}},{"hash":"fd5aebd4893016309f46dd9986144568fac3a08c","isMergeCommit":false,"messageTitle":"Committed Duke Level-1: Echo","messageBody":"","tags":["level-1"],"fileTypesAndContributionMap":{"java":{"insertions":25,"deletions":14}}},{"hash":"82580ec316d14ee24b74d02c06ce340387fb9650","isMergeCommit":false,"messageTitle":"Committed Duke Level-2: Add, List","messageBody":"","tags":["level-2"],"fileTypesAndContributionMap":{"java":{"insertions":37,"deletions":13}}},{"hash":"a173720b731db51c27a6164b0e088121317c579a","isMergeCommit":false,"messageTitle":"Committed Duke Level-3: Mark as Done","messageBody":"","tags":["level-3"],"fileTypesAndContributionMap":{"java":{"insertions":98,"deletions":23}}},{"hash":"d01c24e22103ee572937bb6833596a2cfc945396","isMergeCommit":false,"messageTitle":"Halfway Level 4","messageBody":"","fileTypesAndContributionMap":{"java":{"insertions":24,"deletions":13}}}]},{"date":"2025-01-29","commitResults":[{"hash":"6515a20f8e15af1ecbcd6302b45d9e46eba23a32","isMergeCommit":false,"messageTitle":"75% Level:4","messageBody":"","fileTypesAndContributionMap":{"java":{"insertions":44,"deletions":3}}}]},{"date":"2025-01-31","commitResults":[{"hash":"e1fce6490de1a62102ee85a5d0abdfc260ec2190","isMergeCommit":false,"messageTitle":"Completed Duke Level-4: ToDo, Event, Deadline","messageBody":"","tags":["level-4"],"fileTypesAndContributionMap":{"txt":{"insertions":10,"deletions":0},"java":{"insertions":38,"deletions":8},"bat":{"insertions":1,"deletions":1}}},{"hash":"48d6032d0f4e2023ac3f9c89a5156ddc1129eafa","isMergeCommit":false,"messageTitle":"Completed Duke Level-5: Handle Errors","messageBody":"","tags":["level-5"],"fileTypesAndContributionMap":{"java":{"insertions":11,"deletions":4}}},{"hash":"e3fe2b1c430c86b82caff83878225d38cc0ddd63","isMergeCommit":false,"messageTitle":"Add Duke Level-6: Delete","messageBody":"","tags":["level-6"],"fileTypesAndContributionMap":{"java":{"insertions":26,"deletions":9}}},{"hash":"516545101b9774f001106277bf678bd97bb5a153","isMergeCommit":false,"messageTitle":"Update","messageBody":"","tags":["A-TextUiTesting"],"fileTypesAndContributionMap":{"java":{"insertions":15,"deletions":0}}},{"hash":"f9bb381961bea6387b180363f8d1c200eabd54f3","isMergeCommit":false,"messageTitle":"Update","messageBody":"","tags":["A-Enums"],"fileTypesAndContributionMap":{"java":{"insertions":1,"deletions":1}}}]},{"date":"2025-02-01","commitResults":[{"hash":"9c6b77e73fc2b4ea86afa6a13f65997d31e034fb","isMergeCommit":false,"messageTitle":"Add 50% of Duke Level-7: Save","messageBody":"","fileTypesAndContributionMap":{"txt":{"insertions":1,"deletions":0},"java":{"insertions":50,"deletions":1}}}]},{"date":"2025-02-05","commitResults":[{"hash":"4bf2895cbbe158b7fd08228894edbcde6ddc4aa2","isMergeCommit":false,"messageTitle":"Add Level-7","messageBody":"","fileTypesAndContributionMap":{"txt":{"insertions":3,"deletions":1},"java":{"insertions":99,"deletions":7}}},{"hash":"74b1db8ae6025b5f14a6939a4d5c92cb1af68a25","isMergeCommit":false,"messageTitle":"Add Level-8","messageBody":"","fileTypesAndContributionMap":{"txt":{"insertions":1,"deletions":2},"java":{"insertions":36,"deletions":10}}},{"hash":"68d8c03b8f950295119df4f6b446541705d8e037","isMergeCommit":false,"messageTitle":"Add OOP classes","messageBody":"","fileTypesAndContributionMap":{"java":{"insertions":10,"deletions":0}}}]},{"date":"2025-02-06","commitResults":[{"hash":"b2ef596cb04728ae57004a43dbe2611faf91eed6","isMergeCommit":false,"messageTitle":"Add Duke A-MoreOOP: Use More OOP","messageBody":"","tags":["A-MoreOOP"],"fileTypesAndContributionMap":{"txt":{"insertions":3,"deletions":1},"java":{"insertions":383,"deletions":234}}},{"hash":"b5a020075d29c71246f7ddb07d432adfa052c4ae","isMergeCommit":false,"messageTitle":"Add Duke A-Packages: Organize into Packages","messageBody":"","fileTypesAndContributionMap":{"txt":{"insertions":0,"deletions":0},"java":{"insertions":17,"deletions":5}}},{"hash":"90e1ea9f59d88d7bb944a5613579b5cc5a6c0da8","isMergeCommit":true,"messageTitle":"Merge remote-tracking branch \u0027origin/add-gradle-support\u0027","messageBody":"","fileTypesAndContributionMap":{}},{"hash":"311ee7d22f836b9f653163aa8ef8e89685f33a4c","isMergeCommit":false,"messageTitle":"Add Duke A-JUnit: Add JUnit Tests","messageBody":"","fileTypesAndContributionMap":{"java":{"insertions":126,"deletions":0}}}]}]},"authorFileTypeContributionMap":{"CoreySiah":{"java":726,"md":0,"fxml":0,"sh":0,"bat":1,"gradle":0,"txt":14}},"authorContributionVariance":{"CoreySiah":23154.098},"authorDisplayNameMap":{"CoreySiah":"CS2103T-T15-1 CORE..RONG"}}
