[{"path":"src/main/java/Deadline.java","fileType":"java","lines":[{"lineNumber":1,"author":{"gitId":"iamanoob44"},"content":"public class Deadline extends Task {","lastModifiedDate":"2025-01-19","isFullCredit":false},{"lineNumber":2,"author":{"gitId":"iamanoob44"},"content":"    private final String byTiming;","lastModifiedDate":"2025-01-19","isFullCredit":false},{"lineNumber":3,"author":{"gitId":"iamanoob44"},"content":"","lastModifiedDate":"2025-01-19","isFullCredit":false},{"lineNumber":4,"author":{"gitId":"iamanoob44"},"content":"    /**","lastModifiedDate":"2025-01-19","isFullCredit":false},{"lineNumber":5,"author":{"gitId":"iamanoob44"},"content":"     * Constructor for the Deadline class","lastModifiedDate":"2025-01-19","isFullCredit":false},{"lineNumber":6,"author":{"gitId":"iamanoob44"},"content":"     *","lastModifiedDate":"2025-01-19","isFullCredit":false},{"lineNumber":7,"author":{"gitId":"iamanoob44"},"content":"     * @param desc the description of the task.","lastModifiedDate":"2025-01-19","isFullCredit":false},{"lineNumber":8,"author":{"gitId":"iamanoob44"},"content":"     * @param byTiming the deadline for the task.","lastModifiedDate":"2025-01-19","isFullCredit":false},{"lineNumber":9,"author":{"gitId":"iamanoob44"},"content":"     */","lastModifiedDate":"2025-01-19","isFullCredit":false},{"lineNumber":10,"author":{"gitId":"iamanoob44"},"content":"    public Deadline(String desc, String byTiming) {","lastModifiedDate":"2025-01-19","isFullCredit":false},{"lineNumber":11,"author":{"gitId":"iamanoob44"},"content":"        super(desc);","lastModifiedDate":"2025-01-19","isFullCredit":false},{"lineNumber":12,"author":{"gitId":"iamanoob44"},"content":"        this.byTiming \u003d byTiming;","lastModifiedDate":"2025-01-19","isFullCredit":false},{"lineNumber":13,"author":{"gitId":"iamanoob44"},"content":"    }","lastModifiedDate":"2025-01-19","isFullCredit":false},{"lineNumber":14,"author":{"gitId":"iamanoob44"},"content":"","lastModifiedDate":"2025-01-19","isFullCredit":false},{"lineNumber":15,"author":{"gitId":"iamanoob44"},"content":"    @Override","lastModifiedDate":"2025-01-19","isFullCredit":false},{"lineNumber":16,"author":{"gitId":"iamanoob44"},"content":"    public String toString() {","lastModifiedDate":"2025-01-19","isFullCredit":false},{"lineNumber":17,"author":{"gitId":"iamanoob44"},"content":"        return \"[D]\" + super.toString() + \" (by: \" + byTiming + \")\";","lastModifiedDate":"2025-01-19","isFullCredit":false},{"lineNumber":18,"author":{"gitId":"iamanoob44"},"content":"    }","lastModifiedDate":"2025-01-19","isFullCredit":false},{"lineNumber":19,"author":{"gitId":"iamanoob44"},"content":"}","lastModifiedDate":"2025-01-19","isFullCredit":false},{"lineNumber":20,"author":{"gitId":"iamanoob44"},"content":"","lastModifiedDate":"2025-01-19","isFullCredit":false}],"authorContributionMap":{"iamanoob44":20}},{"path":"src/main/java/Event.java","fileType":"java","lines":[{"lineNumber":1,"author":{"gitId":"iamanoob44"},"content":"public class Event extends Task {","lastModifiedDate":"2025-01-19","isFullCredit":false},{"lineNumber":2,"author":{"gitId":"iamanoob44"},"content":"    private final String start;","lastModifiedDate":"2025-01-19","isFullCredit":false},{"lineNumber":3,"author":{"gitId":"iamanoob44"},"content":"    private final String end;","lastModifiedDate":"2025-01-19","isFullCredit":false},{"lineNumber":4,"author":{"gitId":"iamanoob44"},"content":"","lastModifiedDate":"2025-01-19","isFullCredit":false},{"lineNumber":5,"author":{"gitId":"iamanoob44"},"content":"    /**","lastModifiedDate":"2025-01-19","isFullCredit":false},{"lineNumber":6,"author":{"gitId":"iamanoob44"},"content":"     * Constructor for Event task","lastModifiedDate":"2025-01-19","isFullCredit":false},{"lineNumber":7,"author":{"gitId":"iamanoob44"},"content":"     *","lastModifiedDate":"2025-01-19","isFullCredit":false},{"lineNumber":8,"author":{"gitId":"iamanoob44"},"content":"     * @param desc the description of the task.","lastModifiedDate":"2025-01-19","isFullCredit":false},{"lineNumber":9,"author":{"gitId":"iamanoob44"},"content":"     * @param start the start time of the event.","lastModifiedDate":"2025-01-19","isFullCredit":false},{"lineNumber":10,"author":{"gitId":"iamanoob44"},"content":"     * @param end the end time of the event.","lastModifiedDate":"2025-01-19","isFullCredit":false},{"lineNumber":11,"author":{"gitId":"iamanoob44"},"content":"     */","lastModifiedDate":"2025-01-19","isFullCredit":false},{"lineNumber":12,"author":{"gitId":"iamanoob44"},"content":"    public Event(String desc, String start, String end) {","lastModifiedDate":"2025-01-19","isFullCredit":false},{"lineNumber":13,"author":{"gitId":"iamanoob44"},"content":"        super(desc);","lastModifiedDate":"2025-01-19","isFullCredit":false},{"lineNumber":14,"author":{"gitId":"iamanoob44"},"content":"        this.start \u003d start;","lastModifiedDate":"2025-01-19","isFullCredit":false},{"lineNumber":15,"author":{"gitId":"iamanoob44"},"content":"        this.end \u003d end;","lastModifiedDate":"2025-01-19","isFullCredit":false},{"lineNumber":16,"author":{"gitId":"iamanoob44"},"content":"    }","lastModifiedDate":"2025-01-19","isFullCredit":false},{"lineNumber":17,"author":{"gitId":"iamanoob44"},"content":"","lastModifiedDate":"2025-01-19","isFullCredit":false},{"lineNumber":18,"author":{"gitId":"iamanoob44"},"content":"    @Override","lastModifiedDate":"2025-01-19","isFullCredit":false},{"lineNumber":19,"author":{"gitId":"iamanoob44"},"content":"    public String toString() {","lastModifiedDate":"2025-01-19","isFullCredit":false},{"lineNumber":20,"author":{"gitId":"iamanoob44"},"content":"        return \"[E]\" + super.toString() + \" (from: \" + start + \" to: \" + end + \")\";","lastModifiedDate":"2025-01-19","isFullCredit":false},{"lineNumber":21,"author":{"gitId":"iamanoob44"},"content":"    }","lastModifiedDate":"2025-01-19","isFullCredit":false},{"lineNumber":22,"author":{"gitId":"iamanoob44"},"content":"}","lastModifiedDate":"2025-01-19","isFullCredit":false}],"authorContributionMap":{"iamanoob44":22}},{"path":"src/main/java/ManageTasks.java","fileType":"java","lines":[{"lineNumber":1,"author":{"gitId":"iamanoob44"},"content":"import java.util.ArrayList;","lastModifiedDate":"2025-01-20","isFullCredit":false},{"lineNumber":2,"author":{"gitId":"iamanoob44"},"content":"","lastModifiedDate":"2025-01-20","isFullCredit":false},{"lineNumber":3,"author":{"gitId":"iamanoob44"},"content":"public class ManageTasks {","lastModifiedDate":"2025-01-19","isFullCredit":false},{"lineNumber":4,"author":{"gitId":"iamanoob44"},"content":"    private final ArrayList\u003cTask\u003e tasks;","lastModifiedDate":"2025-01-20","isFullCredit":false},{"lineNumber":5,"author":{"gitId":"iamanoob44"},"content":"    private int taskCount;","lastModifiedDate":"2025-01-19","isFullCredit":false},{"lineNumber":6,"author":{"gitId":"iamanoob44"},"content":"","lastModifiedDate":"2025-01-19","isFullCredit":false},{"lineNumber":7,"author":{"gitId":"iamanoob44"},"content":"","lastModifiedDate":"2025-01-19","isFullCredit":false},{"lineNumber":8,"author":{"gitId":"iamanoob44"},"content":"    /**","lastModifiedDate":"2025-01-19","isFullCredit":false},{"lineNumber":9,"author":{"gitId":"iamanoob44"},"content":"     * Constructor for ManageTasks","lastModifiedDate":"2025-01-19","isFullCredit":false},{"lineNumber":10,"author":{"gitId":"iamanoob44"},"content":"     */","lastModifiedDate":"2025-01-19","isFullCredit":false},{"lineNumber":11,"author":{"gitId":"iamanoob44"},"content":"    public ManageTasks() {","lastModifiedDate":"2025-01-19","isFullCredit":false},{"lineNumber":12,"author":{"gitId":"iamanoob44"},"content":"        this.tasks \u003d new ArrayList\u003c\u003e();","lastModifiedDate":"2025-01-20","isFullCredit":false},{"lineNumber":13,"author":{"gitId":"iamanoob44"},"content":"    }","lastModifiedDate":"2025-01-19","isFullCredit":false},{"lineNumber":14,"author":{"gitId":"iamanoob44"},"content":"","lastModifiedDate":"2025-01-19","isFullCredit":false},{"lineNumber":15,"author":{"gitId":"iamanoob44"},"content":"    /**","lastModifiedDate":"2025-01-19","isFullCredit":false},{"lineNumber":16,"author":{"gitId":"iamanoob44"},"content":"     * Adds a task to the arraylist of tasks","lastModifiedDate":"2025-01-20","isFullCredit":false},{"lineNumber":17,"author":{"gitId":"iamanoob44"},"content":"     *","lastModifiedDate":"2025-01-19","isFullCredit":false},{"lineNumber":18,"author":{"gitId":"iamanoob44"},"content":"     * @param task the task to add.","lastModifiedDate":"2025-01-19","isFullCredit":false},{"lineNumber":19,"author":{"gitId":"iamanoob44"},"content":"     */","lastModifiedDate":"2025-01-19","isFullCredit":false},{"lineNumber":20,"author":{"gitId":"iamanoob44"},"content":"    public void addTask(Task task) {","lastModifiedDate":"2025-01-19","isFullCredit":false},{"lineNumber":21,"author":{"gitId":"iamanoob44"},"content":"            tasks.add(task);","lastModifiedDate":"2025-01-20","isFullCredit":false},{"lineNumber":22,"author":{"gitId":"iamanoob44"},"content":"    }","lastModifiedDate":"2025-01-20","isFullCredit":false},{"lineNumber":23,"author":{"gitId":"iamanoob44"},"content":"","lastModifiedDate":"2025-01-20","isFullCredit":false},{"lineNumber":24,"author":{"gitId":"iamanoob44"},"content":"","lastModifiedDate":"2025-01-20","isFullCredit":false},{"lineNumber":25,"author":{"gitId":"iamanoob44"},"content":"    /**","lastModifiedDate":"2025-01-20","isFullCredit":false},{"lineNumber":26,"author":{"gitId":"iamanoob44"},"content":"     * Deletes a task from the arraylist by index.","lastModifiedDate":"2025-01-20","isFullCredit":false},{"lineNumber":27,"author":{"gitId":"iamanoob44"},"content":"     *","lastModifiedDate":"2025-01-20","isFullCredit":false},{"lineNumber":28,"author":{"gitId":"iamanoob44"},"content":"     * @param index the index of the task to be deleted.","lastModifiedDate":"2025-01-20","isFullCredit":false},{"lineNumber":29,"author":{"gitId":"iamanoob44"},"content":"     * @return the task that is deleted.","lastModifiedDate":"2025-01-20","isFullCredit":false},{"lineNumber":30,"author":{"gitId":"iamanoob44"},"content":"     */","lastModifiedDate":"2025-01-20","isFullCredit":false},{"lineNumber":31,"author":{"gitId":"iamanoob44"},"content":"    public Task deleteTask(int index) {","lastModifiedDate":"2025-01-20","isFullCredit":false},{"lineNumber":32,"author":{"gitId":"iamanoob44"},"content":"        return tasks.remove(index);","lastModifiedDate":"2025-01-20","isFullCredit":false},{"lineNumber":33,"author":{"gitId":"iamanoob44"},"content":"    }","lastModifiedDate":"2025-01-19","isFullCredit":false},{"lineNumber":34,"author":{"gitId":"iamanoob44"},"content":"","lastModifiedDate":"2025-01-19","isFullCredit":false},{"lineNumber":35,"author":{"gitId":"iamanoob44"},"content":"    /**","lastModifiedDate":"2025-01-19","isFullCredit":false},{"lineNumber":36,"author":{"gitId":"iamanoob44"},"content":"     * Retrieves all tasks stored in the arraylist","lastModifiedDate":"2025-01-20","isFullCredit":false},{"lineNumber":37,"author":{"gitId":"iamanoob44"},"content":"     *","lastModifiedDate":"2025-01-19","isFullCredit":false},{"lineNumber":38,"author":{"gitId":"iamanoob44"},"content":"     * @return an arraylist of tasks.","lastModifiedDate":"2025-01-20","isFullCredit":false},{"lineNumber":39,"author":{"gitId":"iamanoob44"},"content":"     */","lastModifiedDate":"2025-01-19","isFullCredit":false},{"lineNumber":40,"author":{"gitId":"iamanoob44"},"content":"    public Task[] getTasks() {","lastModifiedDate":"2025-01-19","isFullCredit":false},{"lineNumber":41,"author":{"gitId":"iamanoob44"},"content":"        return tasks.toArray(new Task[0]);","lastModifiedDate":"2025-01-20","isFullCredit":false},{"lineNumber":42,"author":{"gitId":"iamanoob44"},"content":"    }","lastModifiedDate":"2025-01-19","isFullCredit":false},{"lineNumber":43,"author":{"gitId":"iamanoob44"},"content":"","lastModifiedDate":"2025-01-19","isFullCredit":false},{"lineNumber":44,"author":{"gitId":"iamanoob44"},"content":"    /**","lastModifiedDate":"2025-01-19","isFullCredit":false},{"lineNumber":45,"author":{"gitId":"iamanoob44"},"content":"     * Retrieves a specific task by index.","lastModifiedDate":"2025-01-19","isFullCredit":false},{"lineNumber":46,"author":{"gitId":"iamanoob44"},"content":"     *","lastModifiedDate":"2025-01-19","isFullCredit":false},{"lineNumber":47,"author":{"gitId":"iamanoob44"},"content":"     * @param index the index of the task to retrieve.","lastModifiedDate":"2025-01-19","isFullCredit":false},{"lineNumber":48,"author":{"gitId":"iamanoob44"},"content":"     * @return the task at the specified index.","lastModifiedDate":"2025-01-19","isFullCredit":false},{"lineNumber":49,"author":{"gitId":"iamanoob44"},"content":"     */","lastModifiedDate":"2025-01-19","isFullCredit":false},{"lineNumber":50,"author":{"gitId":"iamanoob44"},"content":"    public Task getTask(int index) {","lastModifiedDate":"2025-01-19","isFullCredit":false},{"lineNumber":51,"author":{"gitId":"iamanoob44"},"content":"            return tasks.get(index);","lastModifiedDate":"2025-01-20","isFullCredit":false},{"lineNumber":52,"author":{"gitId":"iamanoob44"},"content":"    }","lastModifiedDate":"2025-01-19","isFullCredit":false},{"lineNumber":53,"author":{"gitId":"iamanoob44"},"content":"","lastModifiedDate":"2025-01-19","isFullCredit":false},{"lineNumber":54,"author":{"gitId":"iamanoob44"},"content":"","lastModifiedDate":"2025-01-19","isFullCredit":false},{"lineNumber":55,"author":{"gitId":"iamanoob44"},"content":"    /**","lastModifiedDate":"2025-01-19","isFullCredit":false},{"lineNumber":56,"author":{"gitId":"iamanoob44"},"content":"     * Marks a task as done by index.","lastModifiedDate":"2025-01-19","isFullCredit":false},{"lineNumber":57,"author":{"gitId":"iamanoob44"},"content":"     *","lastModifiedDate":"2025-01-19","isFullCredit":false},{"lineNumber":58,"author":{"gitId":"iamanoob44"},"content":"     * @param index the index of the task to mark.","lastModifiedDate":"2025-01-19","isFullCredit":false},{"lineNumber":59,"author":{"gitId":"iamanoob44"},"content":"     */","lastModifiedDate":"2025-01-19","isFullCredit":false},{"lineNumber":60,"author":{"gitId":"iamanoob44"},"content":"    public void markTask(int index) {","lastModifiedDate":"2025-01-19","isFullCredit":false},{"lineNumber":61,"author":{"gitId":"iamanoob44"},"content":"            tasks.get(index).mark();","lastModifiedDate":"2025-01-20","isFullCredit":false},{"lineNumber":62,"author":{"gitId":"iamanoob44"},"content":"    }","lastModifiedDate":"2025-01-19","isFullCredit":false},{"lineNumber":63,"author":{"gitId":"iamanoob44"},"content":"","lastModifiedDate":"2025-01-19","isFullCredit":false},{"lineNumber":64,"author":{"gitId":"iamanoob44"},"content":"    /**","lastModifiedDate":"2025-01-19","isFullCredit":false},{"lineNumber":65,"author":{"gitId":"iamanoob44"},"content":"     * Marks a task as not done by index.","lastModifiedDate":"2025-01-19","isFullCredit":false},{"lineNumber":66,"author":{"gitId":"iamanoob44"},"content":"     *","lastModifiedDate":"2025-01-19","isFullCredit":false},{"lineNumber":67,"author":{"gitId":"iamanoob44"},"content":"     * @param index the index of the task to unmark.","lastModifiedDate":"2025-01-19","isFullCredit":false},{"lineNumber":68,"author":{"gitId":"iamanoob44"},"content":"     */","lastModifiedDate":"2025-01-19","isFullCredit":false},{"lineNumber":69,"author":{"gitId":"iamanoob44"},"content":"    public void unmarkTask(int index) {","lastModifiedDate":"2025-01-19","isFullCredit":false},{"lineNumber":70,"author":{"gitId":"iamanoob44"},"content":"            tasks.get(index).unmark();","lastModifiedDate":"2025-01-20","isFullCredit":false},{"lineNumber":71,"author":{"gitId":"iamanoob44"},"content":"    }","lastModifiedDate":"2025-01-19","isFullCredit":false},{"lineNumber":72,"author":{"gitId":"iamanoob44"},"content":"","lastModifiedDate":"2025-01-19","isFullCredit":false},{"lineNumber":73,"author":{"gitId":"iamanoob44"},"content":"}","lastModifiedDate":"2025-01-19","isFullCredit":false}],"authorContributionMap":{"iamanoob44":73}},{"path":"src/main/java/Parser.java","fileType":"java","lines":[{"lineNumber":1,"author":{"gitId":"iamanoob44"},"content":"public class Parser {","lastModifiedDate":"2025-01-19","isFullCredit":false},{"lineNumber":2,"author":{"gitId":"iamanoob44"},"content":"    private final ManageTasks manageTasks;","lastModifiedDate":"2025-01-19","isFullCredit":false},{"lineNumber":3,"author":{"gitId":"iamanoob44"},"content":"    private final Ui ui;","lastModifiedDate":"2025-01-19","isFullCredit":false},{"lineNumber":4,"author":{"gitId":"iamanoob44"},"content":"","lastModifiedDate":"2025-01-19","isFullCredit":false},{"lineNumber":5,"author":{"gitId":"iamanoob44"},"content":"    /**","lastModifiedDate":"2025-01-19","isFullCredit":false},{"lineNumber":6,"author":{"gitId":"iamanoob44"},"content":"     * Constructor for Parser class","lastModifiedDate":"2025-01-19","isFullCredit":false},{"lineNumber":7,"author":{"gitId":"iamanoob44"},"content":"     *","lastModifiedDate":"2025-01-19","isFullCredit":false},{"lineNumber":8,"author":{"gitId":"iamanoob44"},"content":"     * @param manageTasks the ManageTasks to help manage tasks.","lastModifiedDate":"2025-01-19","isFullCredit":false},{"lineNumber":9,"author":{"gitId":"iamanoob44"},"content":"     * @param ui the Ui to handle user interactions.","lastModifiedDate":"2025-01-19","isFullCredit":false},{"lineNumber":10,"author":{"gitId":"iamanoob44"},"content":"     */","lastModifiedDate":"2025-01-19","isFullCredit":false},{"lineNumber":11,"author":{"gitId":"iamanoob44"},"content":"    public Parser(ManageTasks manageTasks, Ui ui) {","lastModifiedDate":"2025-01-19","isFullCredit":false},{"lineNumber":12,"author":{"gitId":"iamanoob44"},"content":"        this.manageTasks \u003d manageTasks;","lastModifiedDate":"2025-01-19","isFullCredit":false},{"lineNumber":13,"author":{"gitId":"iamanoob44"},"content":"        this.ui \u003d ui;","lastModifiedDate":"2025-01-19","isFullCredit":false},{"lineNumber":14,"author":{"gitId":"iamanoob44"},"content":"    }","lastModifiedDate":"2025-01-19","isFullCredit":false},{"lineNumber":15,"author":{"gitId":"iamanoob44"},"content":"","lastModifiedDate":"2025-01-19","isFullCredit":false},{"lineNumber":16,"author":{"gitId":"iamanoob44"},"content":"    /**","lastModifiedDate":"2025-01-19","isFullCredit":false},{"lineNumber":17,"author":{"gitId":"iamanoob44"},"content":"     * Parses a user command and executes the corresponding action.","lastModifiedDate":"2025-01-19","isFullCredit":false},{"lineNumber":18,"author":{"gitId":"iamanoob44"},"content":"     *","lastModifiedDate":"2025-01-19","isFullCredit":false},{"lineNumber":19,"author":{"gitId":"iamanoob44"},"content":"     * @param command the user command to parse.","lastModifiedDate":"2025-01-19","isFullCredit":false},{"lineNumber":20,"author":{"gitId":"iamanoob44"},"content":"     * @return true if Shagbot continues running, false to exit.","lastModifiedDate":"2025-01-19","isFullCredit":false},{"lineNumber":21,"author":{"gitId":"iamanoob44"},"content":"     */","lastModifiedDate":"2025-01-19","isFullCredit":false},{"lineNumber":22,"author":{"gitId":"iamanoob44"},"content":"    public boolean parseCommand(String command) {","lastModifiedDate":"2025-01-19","isFullCredit":false},{"lineNumber":23,"author":{"gitId":"iamanoob44"},"content":"        try {","lastModifiedDate":"2025-01-20","isFullCredit":false},{"lineNumber":24,"author":{"gitId":"iamanoob44"},"content":"            if (command.equalsIgnoreCase(\"bye\")) {","lastModifiedDate":"2025-01-19","isFullCredit":false},{"lineNumber":25,"author":{"gitId":"iamanoob44"},"content":"                ui.printExit();","lastModifiedDate":"2025-01-19","isFullCredit":false},{"lineNumber":26,"author":{"gitId":"iamanoob44"},"content":"                return false;","lastModifiedDate":"2025-01-19","isFullCredit":false},{"lineNumber":27,"author":{"gitId":"iamanoob44"},"content":"            } else if (command.equalsIgnoreCase(\"list\")) {","lastModifiedDate":"2025-01-19","isFullCredit":false},{"lineNumber":28,"author":{"gitId":"iamanoob44"},"content":"                ui.printTaskList(manageTasks.getTasks());","lastModifiedDate":"2025-01-19","isFullCredit":false},{"lineNumber":29,"author":{"gitId":"iamanoob44"},"content":"            } else if (command.startsWith(\"mark \")) {","lastModifiedDate":"2025-01-19","isFullCredit":false},{"lineNumber":30,"author":{"gitId":"iamanoob44"},"content":"                handleMarkCommand(command, true);","lastModifiedDate":"2025-01-19","isFullCredit":false},{"lineNumber":31,"author":{"gitId":"iamanoob44"},"content":"            } else if (command.startsWith(\"unmark \")) {","lastModifiedDate":"2025-01-19","isFullCredit":false},{"lineNumber":32,"author":{"gitId":"iamanoob44"},"content":"                handleMarkCommand(command, false);","lastModifiedDate":"2025-01-19","isFullCredit":false},{"lineNumber":33,"author":{"gitId":"iamanoob44"},"content":"            } else if (command.startsWith(\"todo \")) {","lastModifiedDate":"2025-01-19","isFullCredit":false},{"lineNumber":34,"author":{"gitId":"iamanoob44"},"content":"                String description \u003d command.substring(5).trim();","lastModifiedDate":"2025-01-19","isFullCredit":false},{"lineNumber":35,"author":{"gitId":"iamanoob44"},"content":"                Todo todo \u003d new Todo(description);","lastModifiedDate":"2025-01-19","isFullCredit":false},{"lineNumber":36,"author":{"gitId":"iamanoob44"},"content":"                manageTasks.addTask(todo);","lastModifiedDate":"2025-01-19","isFullCredit":false},{"lineNumber":37,"author":{"gitId":"iamanoob44"},"content":"                ui.printTaskAdded(todo.toString(), manageTasks.getTasks().length);","lastModifiedDate":"2025-01-19","isFullCredit":false},{"lineNumber":38,"author":{"gitId":"iamanoob44"},"content":"            } else if (command.startsWith(\"deadline \")) {","lastModifiedDate":"2025-01-19","isFullCredit":false},{"lineNumber":39,"author":{"gitId":"iamanoob44"},"content":"                String[] cmd \u003d command.substring(9).split(\" /by \");","lastModifiedDate":"2025-01-19","isFullCredit":false},{"lineNumber":40,"author":{"gitId":"iamanoob44"},"content":"                String description \u003d cmd[0].trim();","lastModifiedDate":"2025-01-19","isFullCredit":false},{"lineNumber":41,"author":{"gitId":"iamanoob44"},"content":"                String byTiming \u003d cmd[1].trim();","lastModifiedDate":"2025-01-19","isFullCredit":false},{"lineNumber":42,"author":{"gitId":"iamanoob44"},"content":"                Deadline deadline \u003d new Deadline(description, byTiming);","lastModifiedDate":"2025-01-19","isFullCredit":false},{"lineNumber":43,"author":{"gitId":"iamanoob44"},"content":"                manageTasks.addTask(deadline);","lastModifiedDate":"2025-01-19","isFullCredit":false},{"lineNumber":44,"author":{"gitId":"iamanoob44"},"content":"                ui.printTaskAdded(deadline.toString(), manageTasks.getTasks().length);","lastModifiedDate":"2025-01-19","isFullCredit":false},{"lineNumber":45,"author":{"gitId":"iamanoob44"},"content":"            } else if (command.startsWith(\"event \")) {","lastModifiedDate":"2025-01-19","isFullCredit":false},{"lineNumber":46,"author":{"gitId":"iamanoob44"},"content":"                String[] cmd \u003d command.substring(6).split(\" /from | /to \");","lastModifiedDate":"2025-01-19","isFullCredit":false},{"lineNumber":47,"author":{"gitId":"iamanoob44"},"content":"                String description \u003d cmd[0].trim();","lastModifiedDate":"2025-01-19","isFullCredit":false},{"lineNumber":48,"author":{"gitId":"iamanoob44"},"content":"                String start \u003d cmd[1].trim();","lastModifiedDate":"2025-01-19","isFullCredit":false},{"lineNumber":49,"author":{"gitId":"iamanoob44"},"content":"                String end \u003d cmd[2].trim();","lastModifiedDate":"2025-01-19","isFullCredit":false},{"lineNumber":50,"author":{"gitId":"iamanoob44"},"content":"                Event event \u003d new Event(description, start, end);","lastModifiedDate":"2025-01-19","isFullCredit":false},{"lineNumber":51,"author":{"gitId":"iamanoob44"},"content":"                manageTasks.addTask(event);","lastModifiedDate":"2025-01-19","isFullCredit":false},{"lineNumber":52,"author":{"gitId":"iamanoob44"},"content":"                ui.printTaskAdded(event.toString(), manageTasks.getTasks().length);","lastModifiedDate":"2025-01-19","isFullCredit":false},{"lineNumber":53,"author":{"gitId":"iamanoob44"},"content":"            } else if (command.startsWith(\"delete \")) {","lastModifiedDate":"2025-01-20","isFullCredit":false},{"lineNumber":54,"author":{"gitId":"iamanoob44"},"content":"                handleDeleteCommand(command);","lastModifiedDate":"2025-01-20","isFullCredit":false},{"lineNumber":55,"author":{"gitId":"iamanoob44"},"content":"            } else if (command.trim().isEmpty()) {","lastModifiedDate":"2025-01-20","isFullCredit":false},{"lineNumber":56,"author":{"gitId":"iamanoob44"},"content":"                throw new ShagBotException(\"You did not enter anything... \" +","lastModifiedDate":"2025-01-20","isFullCredit":false},{"lineNumber":57,"author":{"gitId":"iamanoob44"},"content":"                        \"Please \" +","lastModifiedDate":"2025-01-20","isFullCredit":false},{"lineNumber":58,"author":{"gitId":"iamanoob44"},"content":"                        \"enter a valid input : todo, deadline, event, \" +","lastModifiedDate":"2025-01-20","isFullCredit":false},{"lineNumber":59,"author":{"gitId":"iamanoob44"},"content":"                        \"mark, unmark, delete or bye!\");","lastModifiedDate":"2025-01-20","isFullCredit":false},{"lineNumber":60,"author":{"gitId":"iamanoob44"},"content":"            } else {","lastModifiedDate":"2025-01-19","isFullCredit":false},{"lineNumber":61,"author":{"gitId":"iamanoob44"},"content":"                throw new ShagBotException(\"Oopsiee! Your input is\" +","lastModifiedDate":"2025-01-20","isFullCredit":false},{"lineNumber":62,"author":{"gitId":"iamanoob44"},"content":"                        \" invalid. Please try again by entering a valid input : todo, \" +","lastModifiedDate":"2025-01-20","isFullCredit":false},{"lineNumber":63,"author":{"gitId":"iamanoob44"},"content":"                        \"deadline, event, \" +","lastModifiedDate":"2025-01-20","isFullCredit":false},{"lineNumber":64,"author":{"gitId":"iamanoob44"},"content":"                        \"mark, unmark, delete or bye!\");","lastModifiedDate":"2025-01-20","isFullCredit":false},{"lineNumber":65,"author":{"gitId":"iamanoob44"},"content":"            }","lastModifiedDate":"2025-01-20","isFullCredit":false},{"lineNumber":66,"author":{"gitId":"iamanoob44"},"content":"        } catch (ShagBotException e) {","lastModifiedDate":"2025-01-20","isFullCredit":false},{"lineNumber":67,"author":{"gitId":"iamanoob44"},"content":"            ui.printErrorMessage(e.getMessage());","lastModifiedDate":"2025-01-20","isFullCredit":false},{"lineNumber":68,"author":{"gitId":"iamanoob44"},"content":"        } catch (Exception e) {","lastModifiedDate":"2025-01-20","isFullCredit":false},{"lineNumber":69,"author":{"gitId":"iamanoob44"},"content":"            ui.printErrorMessage(\"Weird, unrecognisable error... Please contact help services.\");","lastModifiedDate":"2025-01-20","isFullCredit":false},{"lineNumber":70,"author":{"gitId":"iamanoob44"},"content":"        }","lastModifiedDate":"2025-01-19","isFullCredit":false},{"lineNumber":71,"author":{"gitId":"iamanoob44"},"content":"        return true;","lastModifiedDate":"2025-01-19","isFullCredit":false},{"lineNumber":72,"author":{"gitId":"iamanoob44"},"content":"    }","lastModifiedDate":"2025-01-19","isFullCredit":false},{"lineNumber":73,"author":{"gitId":"iamanoob44"},"content":"","lastModifiedDate":"2025-01-19","isFullCredit":false},{"lineNumber":74,"author":{"gitId":"iamanoob44"},"content":"","lastModifiedDate":"2025-01-19","isFullCredit":false},{"lineNumber":75,"author":{"gitId":"iamanoob44"},"content":"    /**","lastModifiedDate":"2025-01-19","isFullCredit":false},{"lineNumber":76,"author":{"gitId":"iamanoob44"},"content":"     * Mark or unmark the task.","lastModifiedDate":"2025-01-19","isFullCredit":false},{"lineNumber":77,"author":{"gitId":"iamanoob44"},"content":"     *","lastModifiedDate":"2025-01-19","isFullCredit":false},{"lineNumber":78,"author":{"gitId":"iamanoob44"},"content":"     * @param command the command given, that is, mark or unmark","lastModifiedDate":"2025-01-20","isFullCredit":false},{"lineNumber":79,"author":{"gitId":"iamanoob44"},"content":"     * @param isMark mark or unmark for a task.","lastModifiedDate":"2025-01-19","isFullCredit":false},{"lineNumber":80,"author":{"gitId":"iamanoob44"},"content":"     * @throws ShagBotException throws an error for invalid inputs","lastModifiedDate":"2025-01-20","isFullCredit":false},{"lineNumber":81,"author":{"gitId":"iamanoob44"},"content":"     */","lastModifiedDate":"2025-01-19","isFullCredit":false},{"lineNumber":82,"author":{"gitId":"iamanoob44"},"content":"    private void handleMarkCommand(String command, boolean isMark) throws ShagBotException {","lastModifiedDate":"2025-01-20","isFullCredit":false},{"lineNumber":83,"author":{"gitId":"iamanoob44"},"content":"        try {","lastModifiedDate":"2025-01-20","isFullCredit":false},{"lineNumber":84,"author":{"gitId":"iamanoob44"},"content":"            int taskIndex \u003d Integer.parseInt(command.split(\" \")[1]) - 1;","lastModifiedDate":"2025-01-19","isFullCredit":false},{"lineNumber":85,"author":{"gitId":"iamanoob44"},"content":"            Integer numOfTask \u003d manageTasks.getTasks().length;","lastModifiedDate":"2025-01-20","isFullCredit":false},{"lineNumber":86,"author":{"gitId":"iamanoob44"},"content":"            if (taskIndex \u003c 0) {","lastModifiedDate":"2025-01-20","isFullCredit":false},{"lineNumber":87,"author":{"gitId":"iamanoob44"},"content":"                if (taskIndex \u003d\u003d -1) {","lastModifiedDate":"2025-01-20","isFullCredit":false},{"lineNumber":88,"author":{"gitId":"iamanoob44"},"content":"                    throw new ShagBotException(\"Task number 0 is invalid! Task numbers start from 1.\");","lastModifiedDate":"2025-01-20","isFullCredit":false},{"lineNumber":89,"author":{"gitId":"iamanoob44"},"content":"                }","lastModifiedDate":"2025-01-20","isFullCredit":false},{"lineNumber":90,"author":{"gitId":"iamanoob44"},"content":"                throw new ShagBotException(\"Task number cannot be less than 1! Please try again.\");","lastModifiedDate":"2025-01-20","isFullCredit":false},{"lineNumber":91,"author":{"gitId":"iamanoob44"},"content":"            }","lastModifiedDate":"2025-01-20","isFullCredit":false},{"lineNumber":92,"author":{"gitId":"iamanoob44"},"content":"            if (taskIndex \u003e\u003d numOfTask) {","lastModifiedDate":"2025-01-20","isFullCredit":false},{"lineNumber":93,"author":{"gitId":"iamanoob44"},"content":"                if (numOfTask \u003d\u003d 0) {","lastModifiedDate":"2025-01-20","isFullCredit":false},{"lineNumber":94,"author":{"gitId":"iamanoob44"},"content":"                    throw new ShagBotException(\"No tasks at the moment.\");","lastModifiedDate":"2025-01-20","isFullCredit":false},{"lineNumber":95,"author":{"gitId":"iamanoob44"},"content":"                } else {","lastModifiedDate":"2025-01-20","isFullCredit":false},{"lineNumber":96,"author":{"gitId":"iamanoob44"},"content":"                    throw new ShagBotException(\"Task number is out of range! Enter a number from 1 to \" +","lastModifiedDate":"2025-01-20","isFullCredit":false},{"lineNumber":97,"author":{"gitId":"iamanoob44"},"content":"                            numOfTask + \".\");","lastModifiedDate":"2025-01-20","isFullCredit":false},{"lineNumber":98,"author":{"gitId":"iamanoob44"},"content":"                }","lastModifiedDate":"2025-01-20","isFullCredit":false},{"lineNumber":99,"author":{"gitId":"iamanoob44"},"content":"            }","lastModifiedDate":"2025-01-20","isFullCredit":false},{"lineNumber":100,"author":{"gitId":"iamanoob44"},"content":"","lastModifiedDate":"2025-01-20","isFullCredit":false},{"lineNumber":101,"author":{"gitId":"iamanoob44"},"content":"            if (isMark) {","lastModifiedDate":"2025-01-19","isFullCredit":false},{"lineNumber":102,"author":{"gitId":"iamanoob44"},"content":"                manageTasks.markTask(taskIndex);","lastModifiedDate":"2025-01-19","isFullCredit":false},{"lineNumber":103,"author":{"gitId":"iamanoob44"},"content":"                ui.printTaskMarked(manageTasks.getTask(taskIndex));","lastModifiedDate":"2025-01-19","isFullCredit":false},{"lineNumber":104,"author":{"gitId":"iamanoob44"},"content":"            } else {","lastModifiedDate":"2025-01-19","isFullCredit":false},{"lineNumber":105,"author":{"gitId":"iamanoob44"},"content":"                manageTasks.unmarkTask(taskIndex);","lastModifiedDate":"2025-01-19","isFullCredit":false},{"lineNumber":106,"author":{"gitId":"iamanoob44"},"content":"                ui.printTaskUnmarked(manageTasks.getTask(taskIndex));","lastModifiedDate":"2025-01-19","isFullCredit":false},{"lineNumber":107,"author":{"gitId":"iamanoob44"},"content":"            }","lastModifiedDate":"2025-01-19","isFullCredit":false},{"lineNumber":108,"author":{"gitId":"iamanoob44"},"content":"        } catch (NumberFormatException e) {","lastModifiedDate":"2025-01-20","isFullCredit":false},{"lineNumber":109,"author":{"gitId":"iamanoob44"},"content":"            throw new ShagBotException(\"Invalid task number entered. Please try again!!\");","lastModifiedDate":"2025-01-20","isFullCredit":false},{"lineNumber":110,"author":{"gitId":"iamanoob44"},"content":"        }","lastModifiedDate":"2025-01-20","isFullCredit":false},{"lineNumber":111,"author":{"gitId":"iamanoob44"},"content":"    }","lastModifiedDate":"2025-01-19","isFullCredit":false},{"lineNumber":112,"author":{"gitId":"iamanoob44"},"content":"","lastModifiedDate":"2025-01-19","isFullCredit":false},{"lineNumber":113,"author":{"gitId":"iamanoob44"},"content":"    /**","lastModifiedDate":"2025-01-20","isFullCredit":false},{"lineNumber":114,"author":{"gitId":"iamanoob44"},"content":"     *","lastModifiedDate":"2025-01-20","isFullCredit":false},{"lineNumber":115,"author":{"gitId":"iamanoob44"},"content":"     * @param command the command given, that is, delete","lastModifiedDate":"2025-01-20","isFullCredit":false},{"lineNumber":116,"author":{"gitId":"iamanoob44"},"content":"     * @throws ShagBotException throws an error for invalid inputs","lastModifiedDate":"2025-01-20","isFullCredit":false},{"lineNumber":117,"author":{"gitId":"iamanoob44"},"content":"     */","lastModifiedDate":"2025-01-20","isFullCredit":false},{"lineNumber":118,"author":{"gitId":"iamanoob44"},"content":"    private void handleDeleteCommand(String command) throws ShagBotException {","lastModifiedDate":"2025-01-20","isFullCredit":false},{"lineNumber":119,"author":{"gitId":"iamanoob44"},"content":"        try {","lastModifiedDate":"2025-01-20","isFullCredit":false},{"lineNumber":120,"author":{"gitId":"iamanoob44"},"content":"            int taskIndex \u003d Integer.parseInt(command.split(\" \")[1]) - 1;","lastModifiedDate":"2025-01-20","isFullCredit":false},{"lineNumber":121,"author":{"gitId":"iamanoob44"},"content":"            if (taskIndex \u003c 0) {","lastModifiedDate":"2025-01-20","isFullCredit":false},{"lineNumber":122,"author":{"gitId":"iamanoob44"},"content":"                if (taskIndex \u003d\u003d -1) {","lastModifiedDate":"2025-01-20","isFullCredit":false},{"lineNumber":123,"author":{"gitId":"iamanoob44"},"content":"                    throw new ShagBotException(\"Task number 0 is invalid! Task numbers start from 1.\");","lastModifiedDate":"2025-01-20","isFullCredit":false},{"lineNumber":124,"author":{"gitId":"iamanoob44"},"content":"                }","lastModifiedDate":"2025-01-20","isFullCredit":false},{"lineNumber":125,"author":{"gitId":"iamanoob44"},"content":"                throw new ShagBotException(\"Task number cannot be less than 1! Please try again.\");","lastModifiedDate":"2025-01-20","isFullCredit":false},{"lineNumber":126,"author":{"gitId":"iamanoob44"},"content":"            }","lastModifiedDate":"2025-01-20","isFullCredit":false},{"lineNumber":127,"author":{"gitId":"iamanoob44"},"content":"","lastModifiedDate":"2025-01-20","isFullCredit":false},{"lineNumber":128,"author":{"gitId":"iamanoob44"},"content":"            if (taskIndex \u003e\u003d manageTasks.getTasks().length) {","lastModifiedDate":"2025-01-20","isFullCredit":false},{"lineNumber":129,"author":{"gitId":"iamanoob44"},"content":"                if (manageTasks.getTasks().length \u003d\u003d 0) {","lastModifiedDate":"2025-01-20","isFullCredit":false},{"lineNumber":130,"author":{"gitId":"iamanoob44"},"content":"                    throw new ShagBotException(\"No tasks at the moment.\");","lastModifiedDate":"2025-01-20","isFullCredit":false},{"lineNumber":131,"author":{"gitId":"iamanoob44"},"content":"                } else {","lastModifiedDate":"2025-01-20","isFullCredit":false},{"lineNumber":132,"author":{"gitId":"iamanoob44"},"content":"                    throw new ShagBotException(\"Task number is out of range! Enter a number from 1 to \" +","lastModifiedDate":"2025-01-20","isFullCredit":false},{"lineNumber":133,"author":{"gitId":"iamanoob44"},"content":"                            manageTasks.getTasks().length + \".\");","lastModifiedDate":"2025-01-20","isFullCredit":false},{"lineNumber":134,"author":{"gitId":"iamanoob44"},"content":"                }","lastModifiedDate":"2025-01-20","isFullCredit":false},{"lineNumber":135,"author":{"gitId":"iamanoob44"},"content":"            }","lastModifiedDate":"2025-01-20","isFullCredit":false},{"lineNumber":136,"author":{"gitId":"iamanoob44"},"content":"","lastModifiedDate":"2025-01-20","isFullCredit":false},{"lineNumber":137,"author":{"gitId":"iamanoob44"},"content":"            Task removedTask \u003d manageTasks.deleteTask(taskIndex);","lastModifiedDate":"2025-01-20","isFullCredit":false},{"lineNumber":138,"author":{"gitId":"iamanoob44"},"content":"            ui.printTaskDeleted(removedTask, manageTasks.getTasks().length);","lastModifiedDate":"2025-01-20","isFullCredit":false},{"lineNumber":139,"author":{"gitId":"iamanoob44"},"content":"        } catch (NumberFormatException e) {","lastModifiedDate":"2025-01-20","isFullCredit":false},{"lineNumber":140,"author":{"gitId":"iamanoob44"},"content":"            throw new ShagBotException(\"Invalid task number entered. Please try again!\");","lastModifiedDate":"2025-01-20","isFullCredit":false},{"lineNumber":141,"author":{"gitId":"iamanoob44"},"content":"        }","lastModifiedDate":"2025-01-20","isFullCredit":false},{"lineNumber":142,"author":{"gitId":"iamanoob44"},"content":"    }","lastModifiedDate":"2025-01-20","isFullCredit":false},{"lineNumber":143,"author":{"gitId":"iamanoob44"},"content":"","lastModifiedDate":"2025-01-20","isFullCredit":false},{"lineNumber":144,"author":{"gitId":"iamanoob44"},"content":"}","lastModifiedDate":"2025-01-19","isFullCredit":false},{"lineNumber":145,"author":{"gitId":"iamanoob44"},"content":"","lastModifiedDate":"2025-01-19","isFullCredit":false}],"authorContributionMap":{"iamanoob44":145}},{"path":"src/main/java/ShagBotException.java","fileType":"java","lines":[{"lineNumber":1,"author":{"gitId":"iamanoob44"},"content":"public class ShagBotException extends Exception{","lastModifiedDate":"2025-01-20","isFullCredit":false},{"lineNumber":2,"author":{"gitId":"iamanoob44"},"content":"","lastModifiedDate":"2025-01-20","isFullCredit":false},{"lineNumber":3,"author":{"gitId":"iamanoob44"},"content":"    /**","lastModifiedDate":"2025-01-20","isFullCredit":false},{"lineNumber":4,"author":{"gitId":"iamanoob44"},"content":"     * Constructor for ShagBotException","lastModifiedDate":"2025-01-20","isFullCredit":false},{"lineNumber":5,"author":{"gitId":"iamanoob44"},"content":"     *","lastModifiedDate":"2025-01-20","isFullCredit":false},{"lineNumber":6,"author":{"gitId":"iamanoob44"},"content":"     * @param message error message displayed for exceptions","lastModifiedDate":"2025-01-20","isFullCredit":false},{"lineNumber":7,"author":{"gitId":"iamanoob44"},"content":"     */","lastModifiedDate":"2025-01-20","isFullCredit":false},{"lineNumber":8,"author":{"gitId":"iamanoob44"},"content":"    public ShagBotException(String message) {","lastModifiedDate":"2025-01-20","isFullCredit":false},{"lineNumber":9,"author":{"gitId":"iamanoob44"},"content":"        super(message);","lastModifiedDate":"2025-01-20","isFullCredit":false},{"lineNumber":10,"author":{"gitId":"iamanoob44"},"content":"    }","lastModifiedDate":"2025-01-20","isFullCredit":false},{"lineNumber":11,"author":{"gitId":"iamanoob44"},"content":"","lastModifiedDate":"2025-01-20","isFullCredit":false},{"lineNumber":12,"author":{"gitId":"iamanoob44"},"content":"}","lastModifiedDate":"2025-01-20","isFullCredit":false}],"authorContributionMap":{"iamanoob44":12}},{"path":"src/main/java/Shagbot.java","fileType":"java","lines":[{"lineNumber":1,"author":{"gitId":"iamanoob44"},"content":"import java.util.Scanner;","lastModifiedDate":"2025-01-19","isFullCredit":false},{"lineNumber":2,"author":{"gitId":"iamanoob44"},"content":"","lastModifiedDate":"2025-01-19","isFullCredit":false},{"lineNumber":3,"author":{"gitId":"iamanoob44"},"content":"public class Shagbot {","lastModifiedDate":"2025-01-19","isFullCredit":false},{"lineNumber":4,"author":{"gitId":"iamanoob44"},"content":"","lastModifiedDate":"2025-01-19","isFullCredit":false},{"lineNumber":5,"author":{"gitId":"iamanoob44"},"content":"    private final String botName;","lastModifiedDate":"2025-01-19","isFullCredit":false},{"lineNumber":6,"author":{"gitId":"iamanoob44"},"content":"    private final Ui ui;","lastModifiedDate":"2025-01-19","isFullCredit":false},{"lineNumber":7,"author":{"gitId":"iamanoob44"},"content":"    private final ManageTasks manageTask;","lastModifiedDate":"2025-01-19","isFullCredit":false},{"lineNumber":8,"author":{"gitId":"iamanoob44"},"content":"    private final Parser parser;","lastModifiedDate":"2025-01-19","isFullCredit":false},{"lineNumber":9,"author":{"gitId":"iamanoob44"},"content":"","lastModifiedDate":"2025-01-19","isFullCredit":false},{"lineNumber":10,"author":{"gitId":"iamanoob44"},"content":"    /**","lastModifiedDate":"2025-01-19","isFullCredit":false},{"lineNumber":11,"author":{"gitId":"iamanoob44"},"content":"     * Constructor for Shagbot","lastModifiedDate":"2025-01-19","isFullCredit":false},{"lineNumber":12,"author":{"gitId":"iamanoob44"},"content":"     *","lastModifiedDate":"2025-01-19","isFullCredit":false},{"lineNumber":13,"author":{"gitId":"iamanoob44"},"content":"     * @param name the name of the chatbot.","lastModifiedDate":"2025-01-19","isFullCredit":false},{"lineNumber":14,"author":{"gitId":"iamanoob44"},"content":"     */","lastModifiedDate":"2025-01-19","isFullCredit":false},{"lineNumber":15,"author":{"gitId":"iamanoob44"},"content":"    public Shagbot(String name) {","lastModifiedDate":"2025-01-19","isFullCredit":false},{"lineNumber":16,"author":{"gitId":"iamanoob44"},"content":"        botName \u003d name;","lastModifiedDate":"2025-01-19","isFullCredit":false},{"lineNumber":17,"author":{"gitId":"iamanoob44"},"content":"        this.ui \u003d new Ui(name);","lastModifiedDate":"2025-01-19","isFullCredit":false},{"lineNumber":18,"author":{"gitId":"iamanoob44"},"content":"        this.manageTask \u003d new ManageTasks();","lastModifiedDate":"2025-01-19","isFullCredit":false},{"lineNumber":19,"author":{"gitId":"iamanoob44"},"content":"        this.parser \u003d new Parser(manageTask, ui);","lastModifiedDate":"2025-01-19","isFullCredit":false},{"lineNumber":20,"author":{"gitId":"iamanoob44"},"content":"    }","lastModifiedDate":"2025-01-19","isFullCredit":false},{"lineNumber":21,"author":{"gitId":"iamanoob44"},"content":"","lastModifiedDate":"2025-01-19","isFullCredit":false},{"lineNumber":22,"author":{"gitId":"iamanoob44"},"content":"    /**","lastModifiedDate":"2025-01-19","isFullCredit":false},{"lineNumber":23,"author":{"gitId":"iamanoob44"},"content":"     * Starts the chatbot and handles user input.","lastModifiedDate":"2025-01-19","isFullCredit":false},{"lineNumber":24,"author":{"gitId":"iamanoob44"},"content":"     */","lastModifiedDate":"2025-01-19","isFullCredit":false},{"lineNumber":25,"author":{"gitId":"iamanoob44"},"content":"    public void start() {","lastModifiedDate":"2025-01-19","isFullCredit":false},{"lineNumber":26,"author":{"gitId":"iamanoob44"},"content":"        ui.printGreeting();","lastModifiedDate":"2025-01-19","isFullCredit":false},{"lineNumber":27,"author":{"gitId":"iamanoob44"},"content":"        Scanner scanner \u003d new java.util.Scanner(System.in);","lastModifiedDate":"2025-01-19","isFullCredit":false},{"lineNumber":28,"author":{"gitId":"iamanoob44"},"content":"","lastModifiedDate":"2025-01-19","isFullCredit":false},{"lineNumber":29,"author":{"gitId":"iamanoob44"},"content":"        while (true) {","lastModifiedDate":"2025-01-19","isFullCredit":false},{"lineNumber":30,"author":{"gitId":"iamanoob44"},"content":"            String userInput \u003d scanner.nextLine().trim();","lastModifiedDate":"2025-01-19","isFullCredit":false},{"lineNumber":31,"author":{"gitId":"iamanoob44"},"content":"            if (!parser.parseCommand(userInput)) {","lastModifiedDate":"2025-01-19","isFullCredit":false},{"lineNumber":32,"author":{"gitId":"iamanoob44"},"content":"                break;","lastModifiedDate":"2025-01-19","isFullCredit":false},{"lineNumber":33,"author":{"gitId":"iamanoob44"},"content":"            }","lastModifiedDate":"2025-01-19","isFullCredit":false},{"lineNumber":34,"author":{"gitId":"iamanoob44"},"content":"        }","lastModifiedDate":"2025-01-19","isFullCredit":false},{"lineNumber":35,"author":{"gitId":"iamanoob44"},"content":"        scanner.close();","lastModifiedDate":"2025-01-19","isFullCredit":false},{"lineNumber":36,"author":{"gitId":"iamanoob44"},"content":"    }","lastModifiedDate":"2025-01-19","isFullCredit":false},{"lineNumber":37,"author":{"gitId":"iamanoob44"},"content":"","lastModifiedDate":"2025-01-19","isFullCredit":false},{"lineNumber":38,"author":{"gitId":"iamanoob44"},"content":"","lastModifiedDate":"2025-01-19","isFullCredit":false},{"lineNumber":39,"author":{"gitId":"iamanoob44"},"content":"","lastModifiedDate":"2025-01-19","isFullCredit":false},{"lineNumber":40,"author":{"gitId":"-"},"content":"    public static void main(String[] args) {","lastModifiedDate":"2019-07-29","isFullCredit":false},{"lineNumber":41,"author":{"gitId":"iamanoob44"},"content":"        Shagbot shagbot \u003d new Shagbot(\"Shagbot\");","lastModifiedDate":"2025-01-19","isFullCredit":false},{"lineNumber":42,"author":{"gitId":"iamanoob44"},"content":"        shagbot.start();","lastModifiedDate":"2025-01-19","isFullCredit":false},{"lineNumber":43,"author":{"gitId":"-"},"content":"    }","lastModifiedDate":"2019-07-29","isFullCredit":false},{"lineNumber":44,"author":{"gitId":"iamanoob44"},"content":"","lastModifiedDate":"2025-01-19","isFullCredit":false},{"lineNumber":45,"author":{"gitId":"iamanoob44"},"content":"    /**","lastModifiedDate":"2025-01-19","isFullCredit":false},{"lineNumber":46,"author":{"gitId":"iamanoob44"},"content":"     * Returns the greeting.","lastModifiedDate":"2025-01-19","isFullCredit":false},{"lineNumber":47,"author":{"gitId":"iamanoob44"},"content":"     */","lastModifiedDate":"2025-01-19","isFullCredit":false},{"lineNumber":48,"author":{"gitId":"iamanoob44"},"content":"    public static String printGreeting() {","lastModifiedDate":"2025-01-19","isFullCredit":false},{"lineNumber":49,"author":{"gitId":"iamanoob44"},"content":"        return \"Hello! I\u0027m Shagbot\\n\" + \"What can I do for you?\\n\";","lastModifiedDate":"2025-01-19","isFullCredit":false},{"lineNumber":50,"author":{"gitId":"iamanoob44"},"content":"    }","lastModifiedDate":"2025-01-19","isFullCredit":false},{"lineNumber":51,"author":{"gitId":"iamanoob44"},"content":"","lastModifiedDate":"2025-01-19","isFullCredit":false},{"lineNumber":52,"author":{"gitId":"iamanoob44"},"content":"    /*","lastModifiedDate":"2025-01-19","isFullCredit":false},{"lineNumber":53,"author":{"gitId":"iamanoob44"},"content":"     * Returns the exit message.","lastModifiedDate":"2025-01-19","isFullCredit":false},{"lineNumber":54,"author":{"gitId":"iamanoob44"},"content":"     */","lastModifiedDate":"2025-01-19","isFullCredit":false},{"lineNumber":55,"author":{"gitId":"iamanoob44"},"content":"    public static String printExit() {","lastModifiedDate":"2025-01-19","isFullCredit":false},{"lineNumber":56,"author":{"gitId":"iamanoob44"},"content":"        return \"Bye. Hope to see you again soon!\\n\";","lastModifiedDate":"2025-01-19","isFullCredit":false},{"lineNumber":57,"author":{"gitId":"iamanoob44"},"content":"    }","lastModifiedDate":"2025-01-19","isFullCredit":false},{"lineNumber":58,"author":{"gitId":"iamanoob44"},"content":"","lastModifiedDate":"2025-01-19","isFullCredit":false},{"lineNumber":59,"author":{"gitId":"iamanoob44"},"content":"}","lastModifiedDate":"2025-01-19","isFullCredit":false},{"lineNumber":60,"author":{"gitId":"iamanoob44"},"content":"","lastModifiedDate":"2025-01-19","isFullCredit":false}],"authorContributionMap":{"-":2,"iamanoob44":58}},{"path":"src/main/java/Task.java","fileType":"java","lines":[{"lineNumber":1,"author":{"gitId":"iamanoob44"},"content":"public class Task {","lastModifiedDate":"2025-01-19","isFullCredit":false},{"lineNumber":2,"author":{"gitId":"iamanoob44"},"content":"    private final String description;","lastModifiedDate":"2025-01-19","isFullCredit":false},{"lineNumber":3,"author":{"gitId":"iamanoob44"},"content":"    private boolean isDone;","lastModifiedDate":"2025-01-19","isFullCredit":false},{"lineNumber":4,"author":{"gitId":"iamanoob44"},"content":"","lastModifiedDate":"2025-01-19","isFullCredit":false},{"lineNumber":5,"author":{"gitId":"iamanoob44"},"content":"    /**","lastModifiedDate":"2025-01-19","isFullCredit":false},{"lineNumber":6,"author":{"gitId":"iamanoob44"},"content":"     * Constructor for Task class","lastModifiedDate":"2025-01-19","isFullCredit":false},{"lineNumber":7,"author":{"gitId":"iamanoob44"},"content":"     *","lastModifiedDate":"2025-01-19","isFullCredit":false},{"lineNumber":8,"author":{"gitId":"iamanoob44"},"content":"     * @param desc the description of the task.","lastModifiedDate":"2025-01-19","isFullCredit":false},{"lineNumber":9,"author":{"gitId":"iamanoob44"},"content":"     */","lastModifiedDate":"2025-01-19","isFullCredit":false},{"lineNumber":10,"author":{"gitId":"iamanoob44"},"content":"    public Task(String desc) {","lastModifiedDate":"2025-01-19","isFullCredit":false},{"lineNumber":11,"author":{"gitId":"iamanoob44"},"content":"        this.description \u003d desc;","lastModifiedDate":"2025-01-19","isFullCredit":false},{"lineNumber":12,"author":{"gitId":"iamanoob44"},"content":"        this.isDone \u003d false;","lastModifiedDate":"2025-01-19","isFullCredit":false},{"lineNumber":13,"author":{"gitId":"iamanoob44"},"content":"    }","lastModifiedDate":"2025-01-19","isFullCredit":false},{"lineNumber":14,"author":{"gitId":"iamanoob44"},"content":"","lastModifiedDate":"2025-01-19","isFullCredit":false},{"lineNumber":15,"author":{"gitId":"iamanoob44"},"content":"    /**","lastModifiedDate":"2025-01-19","isFullCredit":false},{"lineNumber":16,"author":{"gitId":"iamanoob44"},"content":"     * Marks the task as done.","lastModifiedDate":"2025-01-19","isFullCredit":false},{"lineNumber":17,"author":{"gitId":"iamanoob44"},"content":"     */","lastModifiedDate":"2025-01-19","isFullCredit":false},{"lineNumber":18,"author":{"gitId":"iamanoob44"},"content":"    public void mark() {","lastModifiedDate":"2025-01-19","isFullCredit":false},{"lineNumber":19,"author":{"gitId":"iamanoob44"},"content":"        this.isDone \u003d true;","lastModifiedDate":"2025-01-19","isFullCredit":false},{"lineNumber":20,"author":{"gitId":"iamanoob44"},"content":"    }","lastModifiedDate":"2025-01-19","isFullCredit":false},{"lineNumber":21,"author":{"gitId":"iamanoob44"},"content":"","lastModifiedDate":"2025-01-19","isFullCredit":false},{"lineNumber":22,"author":{"gitId":"iamanoob44"},"content":"    /**","lastModifiedDate":"2025-01-19","isFullCredit":false},{"lineNumber":23,"author":{"gitId":"iamanoob44"},"content":"     * Marks the task as undone.","lastModifiedDate":"2025-01-19","isFullCredit":false},{"lineNumber":24,"author":{"gitId":"iamanoob44"},"content":"     */","lastModifiedDate":"2025-01-19","isFullCredit":false},{"lineNumber":25,"author":{"gitId":"iamanoob44"},"content":"    public void unmark() {","lastModifiedDate":"2025-01-19","isFullCredit":false},{"lineNumber":26,"author":{"gitId":"iamanoob44"},"content":"        this.isDone \u003d false;","lastModifiedDate":"2025-01-19","isFullCredit":false},{"lineNumber":27,"author":{"gitId":"iamanoob44"},"content":"    }","lastModifiedDate":"2025-01-19","isFullCredit":false},{"lineNumber":28,"author":{"gitId":"iamanoob44"},"content":"","lastModifiedDate":"2025-01-19","isFullCredit":false},{"lineNumber":29,"author":{"gitId":"iamanoob44"},"content":"    /**","lastModifiedDate":"2025-01-19","isFullCredit":false},{"lineNumber":30,"author":{"gitId":"iamanoob44"},"content":"     * Returns the string representation of the task.","lastModifiedDate":"2025-01-19","isFullCredit":false},{"lineNumber":31,"author":{"gitId":"iamanoob44"},"content":"     *","lastModifiedDate":"2025-01-19","isFullCredit":false},{"lineNumber":32,"author":{"gitId":"iamanoob44"},"content":"     * @return the string representation of the task.","lastModifiedDate":"2025-01-19","isFullCredit":false},{"lineNumber":33,"author":{"gitId":"iamanoob44"},"content":"     */","lastModifiedDate":"2025-01-19","isFullCredit":false},{"lineNumber":34,"author":{"gitId":"iamanoob44"},"content":"    @Override","lastModifiedDate":"2025-01-19","isFullCredit":false},{"lineNumber":35,"author":{"gitId":"iamanoob44"},"content":"    public String toString() {","lastModifiedDate":"2025-01-19","isFullCredit":false},{"lineNumber":36,"author":{"gitId":"iamanoob44"},"content":"        return \"[\" + (isDone ? \"X\" : \" \") + \"] \" + description;","lastModifiedDate":"2025-01-19","isFullCredit":false},{"lineNumber":37,"author":{"gitId":"iamanoob44"},"content":"    }","lastModifiedDate":"2025-01-19","isFullCredit":false},{"lineNumber":38,"author":{"gitId":"iamanoob44"},"content":"","lastModifiedDate":"2025-01-19","isFullCredit":false},{"lineNumber":39,"author":{"gitId":"iamanoob44"},"content":"}","lastModifiedDate":"2025-01-19","isFullCredit":false},{"lineNumber":40,"author":{"gitId":"iamanoob44"},"content":"","lastModifiedDate":"2025-01-19","isFullCredit":false}],"authorContributionMap":{"iamanoob44":40}},{"path":"src/main/java/Todo.java","fileType":"java","lines":[{"lineNumber":1,"author":{"gitId":"iamanoob44"},"content":"public class Todo extends Task{","lastModifiedDate":"2025-01-19","isFullCredit":false},{"lineNumber":2,"author":{"gitId":"iamanoob44"},"content":"","lastModifiedDate":"2025-01-19","isFullCredit":false},{"lineNumber":3,"author":{"gitId":"iamanoob44"},"content":"    /**","lastModifiedDate":"2025-01-19","isFullCredit":false},{"lineNumber":4,"author":{"gitId":"iamanoob44"},"content":"     * Constructor for the Todo class","lastModifiedDate":"2025-01-19","isFullCredit":false},{"lineNumber":5,"author":{"gitId":"iamanoob44"},"content":"     *","lastModifiedDate":"2025-01-19","isFullCredit":false},{"lineNumber":6,"author":{"gitId":"iamanoob44"},"content":"     * @param desc the description of the task.","lastModifiedDate":"2025-01-19","isFullCredit":false},{"lineNumber":7,"author":{"gitId":"iamanoob44"},"content":"     */","lastModifiedDate":"2025-01-19","isFullCredit":false},{"lineNumber":8,"author":{"gitId":"iamanoob44"},"content":"    public Todo(String desc) {","lastModifiedDate":"2025-01-19","isFullCredit":false},{"lineNumber":9,"author":{"gitId":"iamanoob44"},"content":"        super(desc);","lastModifiedDate":"2025-01-19","isFullCredit":false},{"lineNumber":10,"author":{"gitId":"iamanoob44"},"content":"    }","lastModifiedDate":"2025-01-19","isFullCredit":false},{"lineNumber":11,"author":{"gitId":"iamanoob44"},"content":"","lastModifiedDate":"2025-01-19","isFullCredit":false},{"lineNumber":12,"author":{"gitId":"iamanoob44"},"content":"    @Override","lastModifiedDate":"2025-01-19","isFullCredit":false},{"lineNumber":13,"author":{"gitId":"iamanoob44"},"content":"    public String toString() {","lastModifiedDate":"2025-01-19","isFullCredit":false},{"lineNumber":14,"author":{"gitId":"iamanoob44"},"content":"        return \"[T]\" + super.toString();","lastModifiedDate":"2025-01-19","isFullCredit":false},{"lineNumber":15,"author":{"gitId":"iamanoob44"},"content":"    }","lastModifiedDate":"2025-01-19","isFullCredit":false},{"lineNumber":16,"author":{"gitId":"iamanoob44"},"content":"","lastModifiedDate":"2025-01-19","isFullCredit":false},{"lineNumber":17,"author":{"gitId":"iamanoob44"},"content":"}","lastModifiedDate":"2025-01-19","isFullCredit":false}],"authorContributionMap":{"iamanoob44":17}},{"path":"src/main/java/Ui.java","fileType":"java","lines":[{"lineNumber":1,"author":{"gitId":"iamanoob44"},"content":"public class Ui {","lastModifiedDate":"2025-01-19","isFullCredit":false},{"lineNumber":2,"author":{"gitId":"iamanoob44"},"content":"    private final String botName;","lastModifiedDate":"2025-01-19","isFullCredit":false},{"lineNumber":3,"author":{"gitId":"iamanoob44"},"content":"","lastModifiedDate":"2025-01-19","isFullCredit":false},{"lineNumber":4,"author":{"gitId":"iamanoob44"},"content":"    /**","lastModifiedDate":"2025-01-19","isFullCredit":false},{"lineNumber":5,"author":{"gitId":"iamanoob44"},"content":"     * Constructor for Ui object for the given chatbot name.","lastModifiedDate":"2025-01-19","isFullCredit":false},{"lineNumber":6,"author":{"gitId":"iamanoob44"},"content":"     *","lastModifiedDate":"2025-01-19","isFullCredit":false},{"lineNumber":7,"author":{"gitId":"iamanoob44"},"content":"     * @param botName the name of the chatbot.","lastModifiedDate":"2025-01-19","isFullCredit":false},{"lineNumber":8,"author":{"gitId":"iamanoob44"},"content":"     */","lastModifiedDate":"2025-01-19","isFullCredit":false},{"lineNumber":9,"author":{"gitId":"iamanoob44"},"content":"    public Ui(String botName) {","lastModifiedDate":"2025-01-19","isFullCredit":false},{"lineNumber":10,"author":{"gitId":"iamanoob44"},"content":"        this.botName \u003d botName;","lastModifiedDate":"2025-01-19","isFullCredit":false},{"lineNumber":11,"author":{"gitId":"iamanoob44"},"content":"    }","lastModifiedDate":"2025-01-19","isFullCredit":false},{"lineNumber":12,"author":{"gitId":"iamanoob44"},"content":"","lastModifiedDate":"2025-01-19","isFullCredit":false},{"lineNumber":13,"author":{"gitId":"iamanoob44"},"content":"    /*","lastModifiedDate":"2025-01-19","isFullCredit":false},{"lineNumber":14,"author":{"gitId":"iamanoob44"},"content":"     * Returns the greeting.","lastModifiedDate":"2025-01-19","isFullCredit":false},{"lineNumber":15,"author":{"gitId":"iamanoob44"},"content":"     */","lastModifiedDate":"2025-01-19","isFullCredit":false},{"lineNumber":16,"author":{"gitId":"iamanoob44"},"content":"    public void printGreeting() {","lastModifiedDate":"2025-01-19","isFullCredit":false},{"lineNumber":17,"author":{"gitId":"iamanoob44"},"content":"        System.out.println(\"     ____________________________________________________________\");","lastModifiedDate":"2025-01-19","isFullCredit":false},{"lineNumber":18,"author":{"gitId":"iamanoob44"},"content":"        System.out.println(\"     Hello! I\u0027m \" + botName);","lastModifiedDate":"2025-01-19","isFullCredit":false},{"lineNumber":19,"author":{"gitId":"iamanoob44"},"content":"        System.out.println(\"     What can I do for you?\");","lastModifiedDate":"2025-01-19","isFullCredit":false},{"lineNumber":20,"author":{"gitId":"iamanoob44"},"content":"        System.out.println(\"     ____________________________________________________________\");","lastModifiedDate":"2025-01-19","isFullCredit":false},{"lineNumber":21,"author":{"gitId":"iamanoob44"},"content":"    }","lastModifiedDate":"2025-01-19","isFullCredit":false},{"lineNumber":22,"author":{"gitId":"iamanoob44"},"content":"","lastModifiedDate":"2025-01-19","isFullCredit":false},{"lineNumber":23,"author":{"gitId":"iamanoob44"},"content":"    /*","lastModifiedDate":"2025-01-19","isFullCredit":false},{"lineNumber":24,"author":{"gitId":"iamanoob44"},"content":"     * Returns the exit message.","lastModifiedDate":"2025-01-19","isFullCredit":false},{"lineNumber":25,"author":{"gitId":"iamanoob44"},"content":"     */","lastModifiedDate":"2025-01-19","isFullCredit":false},{"lineNumber":26,"author":{"gitId":"iamanoob44"},"content":"    public void printExit() {","lastModifiedDate":"2025-01-19","isFullCredit":false},{"lineNumber":27,"author":{"gitId":"iamanoob44"},"content":"        System.out.println(\"     ____________________________________________________________\");","lastModifiedDate":"2025-01-19","isFullCredit":false},{"lineNumber":28,"author":{"gitId":"iamanoob44"},"content":"        System.out.println(\"     Bye. Hope to see you again soon!\");","lastModifiedDate":"2025-01-19","isFullCredit":false},{"lineNumber":29,"author":{"gitId":"iamanoob44"},"content":"        System.out.println(\"     ____________________________________________________________\");","lastModifiedDate":"2025-01-19","isFullCredit":false},{"lineNumber":30,"author":{"gitId":"iamanoob44"},"content":"    }","lastModifiedDate":"2025-01-19","isFullCredit":false},{"lineNumber":31,"author":{"gitId":"iamanoob44"},"content":"","lastModifiedDate":"2025-01-19","isFullCredit":false},{"lineNumber":32,"author":{"gitId":"iamanoob44"},"content":"    /**","lastModifiedDate":"2025-01-19","isFullCredit":false},{"lineNumber":33,"author":{"gitId":"iamanoob44"},"content":"     * Echoes input by user back to the user.","lastModifiedDate":"2025-01-19","isFullCredit":false},{"lineNumber":34,"author":{"gitId":"iamanoob44"},"content":"     *","lastModifiedDate":"2025-01-19","isFullCredit":false},{"lineNumber":35,"author":{"gitId":"iamanoob44"},"content":"     * @param input input by user to echo.","lastModifiedDate":"2025-01-19","isFullCredit":false},{"lineNumber":36,"author":{"gitId":"iamanoob44"},"content":"     */","lastModifiedDate":"2025-01-19","isFullCredit":false},{"lineNumber":37,"author":{"gitId":"iamanoob44"},"content":"    public void echo(String input) {","lastModifiedDate":"2025-01-19","isFullCredit":false},{"lineNumber":38,"author":{"gitId":"iamanoob44"},"content":"        System.out.println(\"     ____________________________________________________________\");","lastModifiedDate":"2025-01-19","isFullCredit":false},{"lineNumber":39,"author":{"gitId":"iamanoob44"},"content":"        System.out.println(\"     \" + input);","lastModifiedDate":"2025-01-19","isFullCredit":false},{"lineNumber":40,"author":{"gitId":"iamanoob44"},"content":"        System.out.println(\"     ____________________________________________________________\");","lastModifiedDate":"2025-01-19","isFullCredit":false},{"lineNumber":41,"author":{"gitId":"iamanoob44"},"content":"    }","lastModifiedDate":"2025-01-19","isFullCredit":false},{"lineNumber":42,"author":{"gitId":"iamanoob44"},"content":"","lastModifiedDate":"2025-01-19","isFullCredit":false},{"lineNumber":43,"author":{"gitId":"iamanoob44"},"content":"    /**","lastModifiedDate":"2025-01-19","isFullCredit":false},{"lineNumber":44,"author":{"gitId":"iamanoob44"},"content":"     * Prints a message when task is added.","lastModifiedDate":"2025-01-19","isFullCredit":false},{"lineNumber":45,"author":{"gitId":"iamanoob44"},"content":"     *","lastModifiedDate":"2025-01-19","isFullCredit":false},{"lineNumber":46,"author":{"gitId":"iamanoob44"},"content":"     * @param task the task to add.","lastModifiedDate":"2025-01-19","isFullCredit":false},{"lineNumber":47,"author":{"gitId":"iamanoob44"},"content":"     */","lastModifiedDate":"2025-01-19","isFullCredit":false},{"lineNumber":48,"author":{"gitId":"iamanoob44"},"content":"    public void printTaskAdded(String task, int taskcount) {","lastModifiedDate":"2025-01-19","isFullCredit":false},{"lineNumber":49,"author":{"gitId":"iamanoob44"},"content":"        System.out.println(\"     ____________________________________________________________\");","lastModifiedDate":"2025-01-19","isFullCredit":false},{"lineNumber":50,"author":{"gitId":"iamanoob44"},"content":"        System.out.println(\"     Got it. I\u0027ve added this task:\");","lastModifiedDate":"2025-01-19","isFullCredit":false},{"lineNumber":51,"author":{"gitId":"iamanoob44"},"content":"        System.out.println(\"       \" + task);","lastModifiedDate":"2025-01-19","isFullCredit":false},{"lineNumber":52,"author":{"gitId":"iamanoob44"},"content":"        System.out.println(\"     Now you have \" + taskcount + \" tasks in the list.\");","lastModifiedDate":"2025-01-19","isFullCredit":false},{"lineNumber":53,"author":{"gitId":"iamanoob44"},"content":"        System.out.println(\"     ____________________________________________________________\");","lastModifiedDate":"2025-01-19","isFullCredit":false},{"lineNumber":54,"author":{"gitId":"iamanoob44"},"content":"    }","lastModifiedDate":"2025-01-19","isFullCredit":false},{"lineNumber":55,"author":{"gitId":"iamanoob44"},"content":"","lastModifiedDate":"2025-01-19","isFullCredit":false},{"lineNumber":56,"author":{"gitId":"iamanoob44"},"content":"","lastModifiedDate":"2025-01-19","isFullCredit":false},{"lineNumber":57,"author":{"gitId":"iamanoob44"},"content":"    /**","lastModifiedDate":"2025-01-19","isFullCredit":false},{"lineNumber":58,"author":{"gitId":"iamanoob44"},"content":"     * Prints the list of tasks.","lastModifiedDate":"2025-01-19","isFullCredit":false},{"lineNumber":59,"author":{"gitId":"iamanoob44"},"content":"     *","lastModifiedDate":"2025-01-19","isFullCredit":false},{"lineNumber":60,"author":{"gitId":"iamanoob44"},"content":"     * @param tasks an array of added tasks to display.","lastModifiedDate":"2025-01-19","isFullCredit":false},{"lineNumber":61,"author":{"gitId":"iamanoob44"},"content":"     */","lastModifiedDate":"2025-01-19","isFullCredit":false},{"lineNumber":62,"author":{"gitId":"iamanoob44"},"content":"    public void printTaskList(Task[] tasks) {","lastModifiedDate":"2025-01-19","isFullCredit":false},{"lineNumber":63,"author":{"gitId":"iamanoob44"},"content":"        System.out.println(\"     ____________________________________________________________\");","lastModifiedDate":"2025-01-19","isFullCredit":false},{"lineNumber":64,"author":{"gitId":"iamanoob44"},"content":"        System.out.println(\"     Here are the tasks in your list:\");","lastModifiedDate":"2025-01-19","isFullCredit":false},{"lineNumber":65,"author":{"gitId":"iamanoob44"},"content":"        for (int i \u003d 0; i \u003c tasks.length; i++) {","lastModifiedDate":"2025-01-19","isFullCredit":false},{"lineNumber":66,"author":{"gitId":"iamanoob44"},"content":"            System.out.println(\"     \" + (i + 1) + \".\" + tasks[i]);","lastModifiedDate":"2025-01-19","isFullCredit":false},{"lineNumber":67,"author":{"gitId":"iamanoob44"},"content":"        }","lastModifiedDate":"2025-01-19","isFullCredit":false},{"lineNumber":68,"author":{"gitId":"iamanoob44"},"content":"        System.out.println(\"     ____________________________________________________________\");","lastModifiedDate":"2025-01-19","isFullCredit":false},{"lineNumber":69,"author":{"gitId":"iamanoob44"},"content":"    }","lastModifiedDate":"2025-01-19","isFullCredit":false},{"lineNumber":70,"author":{"gitId":"iamanoob44"},"content":"","lastModifiedDate":"2025-01-19","isFullCredit":false},{"lineNumber":71,"author":{"gitId":"iamanoob44"},"content":"","lastModifiedDate":"2025-01-19","isFullCredit":false},{"lineNumber":72,"author":{"gitId":"iamanoob44"},"content":"    /**","lastModifiedDate":"2025-01-19","isFullCredit":false},{"lineNumber":73,"author":{"gitId":"iamanoob44"},"content":"     * Prints a message indicating that the task has been marked as done.","lastModifiedDate":"2025-01-19","isFullCredit":false},{"lineNumber":74,"author":{"gitId":"iamanoob44"},"content":"     *","lastModifiedDate":"2025-01-19","isFullCredit":false},{"lineNumber":75,"author":{"gitId":"iamanoob44"},"content":"     * @param task the task that was marked as done.","lastModifiedDate":"2025-01-19","isFullCredit":false},{"lineNumber":76,"author":{"gitId":"iamanoob44"},"content":"     */","lastModifiedDate":"2025-01-19","isFullCredit":false},{"lineNumber":77,"author":{"gitId":"iamanoob44"},"content":"    public void printTaskMarked(Task task) {","lastModifiedDate":"2025-01-19","isFullCredit":false},{"lineNumber":78,"author":{"gitId":"iamanoob44"},"content":"        System.out.println(\"     ____________________________________________________________\");","lastModifiedDate":"2025-01-19","isFullCredit":false},{"lineNumber":79,"author":{"gitId":"iamanoob44"},"content":"        System.out.println(\"     Nice! I\u0027ve marked this task as done:\");","lastModifiedDate":"2025-01-19","isFullCredit":false},{"lineNumber":80,"author":{"gitId":"iamanoob44"},"content":"        System.out.println(\"     \" + task);","lastModifiedDate":"2025-01-19","isFullCredit":false},{"lineNumber":81,"author":{"gitId":"iamanoob44"},"content":"        System.out.println(\"     ____________________________________________________________\");","lastModifiedDate":"2025-01-19","isFullCredit":false},{"lineNumber":82,"author":{"gitId":"iamanoob44"},"content":"    }","lastModifiedDate":"2025-01-19","isFullCredit":false},{"lineNumber":83,"author":{"gitId":"iamanoob44"},"content":"","lastModifiedDate":"2025-01-19","isFullCredit":false},{"lineNumber":84,"author":{"gitId":"iamanoob44"},"content":"    /**","lastModifiedDate":"2025-01-19","isFullCredit":false},{"lineNumber":85,"author":{"gitId":"iamanoob44"},"content":"     * Prints message indicating that the task has been marked as not done.","lastModifiedDate":"2025-01-19","isFullCredit":false},{"lineNumber":86,"author":{"gitId":"iamanoob44"},"content":"     *","lastModifiedDate":"2025-01-19","isFullCredit":false},{"lineNumber":87,"author":{"gitId":"iamanoob44"},"content":"     * @param task the task that was marked as not done.","lastModifiedDate":"2025-01-19","isFullCredit":false},{"lineNumber":88,"author":{"gitId":"iamanoob44"},"content":"     */","lastModifiedDate":"2025-01-19","isFullCredit":false},{"lineNumber":89,"author":{"gitId":"iamanoob44"},"content":"    public void printTaskUnmarked(Task task) {","lastModifiedDate":"2025-01-19","isFullCredit":false},{"lineNumber":90,"author":{"gitId":"iamanoob44"},"content":"        System.out.println(\"     ____________________________________________________________\");","lastModifiedDate":"2025-01-19","isFullCredit":false},{"lineNumber":91,"author":{"gitId":"iamanoob44"},"content":"        System.out.println(\"     OK, I\u0027ve marked this task as not done yet:\");","lastModifiedDate":"2025-01-19","isFullCredit":false},{"lineNumber":92,"author":{"gitId":"iamanoob44"},"content":"        System.out.println(\"     \" + task);","lastModifiedDate":"2025-01-19","isFullCredit":false},{"lineNumber":93,"author":{"gitId":"iamanoob44"},"content":"        System.out.println(\"     ____________________________________________________________\");","lastModifiedDate":"2025-01-19","isFullCredit":false},{"lineNumber":94,"author":{"gitId":"iamanoob44"},"content":"    }","lastModifiedDate":"2025-01-19","isFullCredit":false},{"lineNumber":95,"author":{"gitId":"iamanoob44"},"content":"","lastModifiedDate":"2025-01-19","isFullCredit":false},{"lineNumber":96,"author":{"gitId":"iamanoob44"},"content":"","lastModifiedDate":"2025-01-20","isFullCredit":false},{"lineNumber":97,"author":{"gitId":"iamanoob44"},"content":"    /**","lastModifiedDate":"2025-01-19","isFullCredit":false},{"lineNumber":98,"author":{"gitId":"iamanoob44"},"content":"     * Prints messages when errors are encountered","lastModifiedDate":"2025-01-20","isFullCredit":false},{"lineNumber":99,"author":{"gitId":"iamanoob44"},"content":"     *","lastModifiedDate":"2025-01-19","isFullCredit":false},{"lineNumber":100,"author":{"gitId":"iamanoob44"},"content":"     * @param message the error message","lastModifiedDate":"2025-01-20","isFullCredit":false},{"lineNumber":101,"author":{"gitId":"iamanoob44"},"content":"     */","lastModifiedDate":"2025-01-19","isFullCredit":false},{"lineNumber":102,"author":{"gitId":"iamanoob44"},"content":"    public void printErrorMessage(String message) {","lastModifiedDate":"2025-01-20","isFullCredit":false},{"lineNumber":103,"author":{"gitId":"iamanoob44"},"content":"        System.out.println(\"     WOOP WOOP!!! \" + message);","lastModifiedDate":"2025-01-20","isFullCredit":false},{"lineNumber":104,"author":{"gitId":"iamanoob44"},"content":"    }","lastModifiedDate":"2025-01-19","isFullCredit":false},{"lineNumber":105,"author":{"gitId":"iamanoob44"},"content":"","lastModifiedDate":"2025-01-19","isFullCredit":false},{"lineNumber":106,"author":{"gitId":"iamanoob44"},"content":"    /**","lastModifiedDate":"2025-01-20","isFullCredit":false},{"lineNumber":107,"author":{"gitId":"iamanoob44"},"content":"     * Prints message indicating a task is deleted.","lastModifiedDate":"2025-01-20","isFullCredit":false},{"lineNumber":108,"author":{"gitId":"iamanoob44"},"content":"     *","lastModifiedDate":"2025-01-20","isFullCredit":false},{"lineNumber":109,"author":{"gitId":"iamanoob44"},"content":"     * @param task the task that was deleted.","lastModifiedDate":"2025-01-20","isFullCredit":false},{"lineNumber":110,"author":{"gitId":"iamanoob44"},"content":"     * @param tasksSoFar the number of tasks that remains in the arraylist.","lastModifiedDate":"2025-01-20","isFullCredit":false},{"lineNumber":111,"author":{"gitId":"iamanoob44"},"content":"     */","lastModifiedDate":"2025-01-20","isFullCredit":false},{"lineNumber":112,"author":{"gitId":"iamanoob44"},"content":"    public void printTaskDeleted(Task task, int tasksSoFar) {","lastModifiedDate":"2025-01-20","isFullCredit":false},{"lineNumber":113,"author":{"gitId":"iamanoob44"},"content":"        System.out.println(\"     ____________________________________________________________\");","lastModifiedDate":"2025-01-20","isFullCredit":false},{"lineNumber":114,"author":{"gitId":"iamanoob44"},"content":"        System.out.println(\"     Noted. I\u0027ve removed this task:\");","lastModifiedDate":"2025-01-20","isFullCredit":false},{"lineNumber":115,"author":{"gitId":"iamanoob44"},"content":"        System.out.println(\"       \" + task);","lastModifiedDate":"2025-01-20","isFullCredit":false},{"lineNumber":116,"author":{"gitId":"iamanoob44"},"content":"        System.out.println(\"     Now you have \" + tasksSoFar + \" tasks in the list.\");","lastModifiedDate":"2025-01-20","isFullCredit":false},{"lineNumber":117,"author":{"gitId":"iamanoob44"},"content":"        System.out.println(\"     ____________________________________________________________\");","lastModifiedDate":"2025-01-20","isFullCredit":false},{"lineNumber":118,"author":{"gitId":"iamanoob44"},"content":"    }","lastModifiedDate":"2025-01-20","isFullCredit":false},{"lineNumber":119,"author":{"gitId":"iamanoob44"},"content":"}","lastModifiedDate":"2025-01-19","isFullCredit":false}],"authorContributionMap":{"iamanoob44":119}},{"path":"text-ui-test/input.txt","fileType":"txt","lines":[{"lineNumber":1,"author":{"gitId":"iamanoob44"},"content":"todo borrow book","lastModifiedDate":"2025-01-19","isFullCredit":false},{"lineNumber":2,"author":{"gitId":"iamanoob44"},"content":"deadline return book /by Thursday 6pm","lastModifiedDate":"2025-01-19","isFullCredit":false},{"lineNumber":3,"author":{"gitId":"iamanoob44"},"content":"event student meeting /from Tues 2pm /to 6pm","lastModifiedDate":"2025-01-19","isFullCredit":false},{"lineNumber":4,"author":{"gitId":"iamanoob44"},"content":"mark 2","lastModifiedDate":"2025-01-19","isFullCredit":false},{"lineNumber":5,"author":{"gitId":"iamanoob44"},"content":"todo tutorial 2","lastModifiedDate":"2025-01-19","isFullCredit":false},{"lineNumber":6,"author":{"gitId":"iamanoob44"},"content":"mark 3","lastModifiedDate":"2025-01-19","isFullCredit":false},{"lineNumber":7,"author":{"gitId":"iamanoob44"},"content":"unmark 2","lastModifiedDate":"2025-01-19","isFullCredit":false},{"lineNumber":8,"author":{"gitId":"iamanoob44"},"content":"list","lastModifiedDate":"2025-01-19","isFullCredit":false},{"lineNumber":9,"author":{"gitId":"iamanoob44"},"content":"bye","lastModifiedDate":"2025-01-19","isFullCredit":false},{"lineNumber":10,"author":{"gitId":"iamanoob44"},"content":"","lastModifiedDate":"2025-01-19","isFullCredit":false},{"lineNumber":11,"author":{"gitId":"iamanoob44"},"content":"","lastModifiedDate":"2025-01-19","isFullCredit":false},{"lineNumber":12,"author":{"gitId":"iamanoob44"},"content":"","lastModifiedDate":"2025-01-19","isFullCredit":false}],"authorContributionMap":{"iamanoob44":12}},{"path":"text-ui-test/runtest.bat","fileType":"bat","lines":[{"lineNumber":1,"author":{"gitId":"-"},"content":"@ECHO OFF","lastModifiedDate":"2020-05-25","isFullCredit":false},{"lineNumber":2,"author":{"gitId":"-"},"content":"","lastModifiedDate":"2020-05-25","isFullCredit":false},{"lineNumber":3,"author":{"gitId":"-"},"content":"REM create bin directory if it doesn\u0027t exist","lastModifiedDate":"2020-05-25","isFullCredit":false},{"lineNumber":4,"author":{"gitId":"-"},"content":"if not exist ..\\bin mkdir ..\\bin","lastModifiedDate":"2020-05-25","isFullCredit":false},{"lineNumber":5,"author":{"gitId":"-"},"content":"","lastModifiedDate":"2020-05-25","isFullCredit":false},{"lineNumber":6,"author":{"gitId":"-"},"content":"REM delete output from previous run","lastModifiedDate":"2020-05-25","isFullCredit":false},{"lineNumber":7,"author":{"gitId":"-"},"content":"if exist ACTUAL.TXT del ACTUAL.TXT","lastModifiedDate":"2020-08-25","isFullCredit":false},{"lineNumber":8,"author":{"gitId":"-"},"content":"","lastModifiedDate":"2020-05-25","isFullCredit":false},{"lineNumber":9,"author":{"gitId":"-"},"content":"REM compile the code into the bin folder","lastModifiedDate":"2020-05-25","isFullCredit":false},{"lineNumber":10,"author":{"gitId":"-"},"content":"javac  -cp ..\\src\\main\\java -Xlint:none -d ..\\bin ..\\src\\main\\java\\*.java","lastModifiedDate":"2020-08-25","isFullCredit":false},{"lineNumber":11,"author":{"gitId":"-"},"content":"IF ERRORLEVEL 1 (","lastModifiedDate":"2020-05-25","isFullCredit":false},{"lineNumber":12,"author":{"gitId":"-"},"content":"    echo ********** BUILD FAILURE **********","lastModifiedDate":"2020-05-25","isFullCredit":false},{"lineNumber":13,"author":{"gitId":"-"},"content":"    exit /b 1","lastModifiedDate":"2020-05-25","isFullCredit":false},{"lineNumber":14,"author":{"gitId":"-"},"content":")","lastModifiedDate":"2020-05-25","isFullCredit":false},{"lineNumber":15,"author":{"gitId":"-"},"content":"REM no error here, errorlevel \u003d\u003d 0","lastModifiedDate":"2020-05-25","isFullCredit":false},{"lineNumber":16,"author":{"gitId":"-"},"content":"","lastModifiedDate":"2020-05-25","isFullCredit":false},{"lineNumber":17,"author":{"gitId":"-"},"content":"REM run the program, feed commands from input.txt file and redirect the output to the ACTUAL.TXT","lastModifiedDate":"2020-05-25","isFullCredit":false},{"lineNumber":18,"author":{"gitId":"iamanoob44"},"content":"java -classpath ..\\bin Shagbot \u003c input.txt \u003e ACTUAL.TXT","lastModifiedDate":"2025-01-19","isFullCredit":false},{"lineNumber":19,"author":{"gitId":"-"},"content":"","lastModifiedDate":"2020-05-25","isFullCredit":false},{"lineNumber":20,"author":{"gitId":"-"},"content":"REM compare the output to the expected output","lastModifiedDate":"2020-05-25","isFullCredit":false},{"lineNumber":21,"author":{"gitId":"-"},"content":"FC ACTUAL.TXT EXPECTED.TXT","lastModifiedDate":"2020-05-25","isFullCredit":false}],"authorContributionMap":{"-":20,"iamanoob44":1}},{"path":"text-ui-test/runtest.sh","fileType":"sh","lines":[{"lineNumber":1,"author":{"gitId":"-"},"content":"#!/usr/bin/env bash","lastModifiedDate":"2020-05-25","isFullCredit":false},{"lineNumber":2,"author":{"gitId":"-"},"content":"","lastModifiedDate":"2020-05-25","isFullCredit":false},{"lineNumber":3,"author":{"gitId":"-"},"content":"# create bin directory if it doesn\u0027t exist","lastModifiedDate":"2020-05-25","isFullCredit":false},{"lineNumber":4,"author":{"gitId":"-"},"content":"if [ ! -d \"../bin\" ]","lastModifiedDate":"2020-05-25","isFullCredit":false},{"lineNumber":5,"author":{"gitId":"-"},"content":"then","lastModifiedDate":"2020-05-25","isFullCredit":false},{"lineNumber":6,"author":{"gitId":"-"},"content":"    mkdir ../bin","lastModifiedDate":"2020-05-25","isFullCredit":false},{"lineNumber":7,"author":{"gitId":"-"},"content":"fi","lastModifiedDate":"2020-05-25","isFullCredit":false},{"lineNumber":8,"author":{"gitId":"-"},"content":"","lastModifiedDate":"2020-05-25","isFullCredit":false},{"lineNumber":9,"author":{"gitId":"-"},"content":"# delete output from previous run","lastModifiedDate":"2020-05-25","isFullCredit":false},{"lineNumber":10,"author":{"gitId":"-"},"content":"if [ -e \"./ACTUAL.TXT\" ]","lastModifiedDate":"2020-05-25","isFullCredit":false},{"lineNumber":11,"author":{"gitId":"-"},"content":"then","lastModifiedDate":"2020-05-25","isFullCredit":false},{"lineNumber":12,"author":{"gitId":"-"},"content":"    rm ACTUAL.TXT","lastModifiedDate":"2020-05-25","isFullCredit":false},{"lineNumber":13,"author":{"gitId":"-"},"content":"fi","lastModifiedDate":"2020-05-25","isFullCredit":false},{"lineNumber":14,"author":{"gitId":"-"},"content":"","lastModifiedDate":"2020-05-25","isFullCredit":false},{"lineNumber":15,"author":{"gitId":"-"},"content":"# compile the code into the bin folder, terminates if error occurred","lastModifiedDate":"2020-05-25","isFullCredit":false},{"lineNumber":16,"author":{"gitId":"-"},"content":"if ! javac -cp ../src/main/java -Xlint:none -d ../bin ../src/main/java/*.java","lastModifiedDate":"2020-08-25","isFullCredit":false},{"lineNumber":17,"author":{"gitId":"-"},"content":"then","lastModifiedDate":"2020-05-25","isFullCredit":false},{"lineNumber":18,"author":{"gitId":"-"},"content":"    echo \"********** BUILD FAILURE **********\"","lastModifiedDate":"2020-05-25","isFullCredit":false},{"lineNumber":19,"author":{"gitId":"-"},"content":"    exit 1","lastModifiedDate":"2020-05-25","isFullCredit":false},{"lineNumber":20,"author":{"gitId":"-"},"content":"fi","lastModifiedDate":"2020-05-25","isFullCredit":false},{"lineNumber":21,"author":{"gitId":"-"},"content":"","lastModifiedDate":"2020-05-25","isFullCredit":false},{"lineNumber":22,"author":{"gitId":"-"},"content":"# run the program, feed commands from input.txt file and redirect the output to the ACTUAL.TXT","lastModifiedDate":"2020-05-25","isFullCredit":false},{"lineNumber":23,"author":{"gitId":"iamanoob44"},"content":"java -classpath ../bin Shagbot \u003c input.txt \u003e ACTUAL.TXT","lastModifiedDate":"2025-01-19","isFullCredit":false},{"lineNumber":24,"author":{"gitId":"-"},"content":"","lastModifiedDate":"2020-05-25","isFullCredit":false},{"lineNumber":25,"author":{"gitId":"-"},"content":"# convert to UNIX format","lastModifiedDate":"2020-05-25","isFullCredit":false},{"lineNumber":26,"author":{"gitId":"-"},"content":"cp EXPECTED.TXT EXPECTED-UNIX.TXT","lastModifiedDate":"2020-05-25","isFullCredit":false},{"lineNumber":27,"author":{"gitId":"-"},"content":"dos2unix ACTUAL.TXT EXPECTED-UNIX.TXT","lastModifiedDate":"2020-05-25","isFullCredit":false},{"lineNumber":28,"author":{"gitId":"-"},"content":"","lastModifiedDate":"2020-05-25","isFullCredit":false},{"lineNumber":29,"author":{"gitId":"-"},"content":"# compare the output to the expected output","lastModifiedDate":"2020-05-25","isFullCredit":false},{"lineNumber":30,"author":{"gitId":"-"},"content":"diff ACTUAL.TXT EXPECTED-UNIX.TXT","lastModifiedDate":"2020-05-25","isFullCredit":false},{"lineNumber":31,"author":{"gitId":"-"},"content":"if [ $? -eq 0 ]","lastModifiedDate":"2020-05-25","isFullCredit":false},{"lineNumber":32,"author":{"gitId":"-"},"content":"then","lastModifiedDate":"2020-05-25","isFullCredit":false},{"lineNumber":33,"author":{"gitId":"-"},"content":"    echo \"Test result: PASSED\"","lastModifiedDate":"2020-05-25","isFullCredit":false},{"lineNumber":34,"author":{"gitId":"-"},"content":"    exit 0","lastModifiedDate":"2020-05-25","isFullCredit":false},{"lineNumber":35,"author":{"gitId":"-"},"content":"else","lastModifiedDate":"2020-05-25","isFullCredit":false},{"lineNumber":36,"author":{"gitId":"-"},"content":"    echo \"Test result: FAILED\"","lastModifiedDate":"2020-05-25","isFullCredit":false},{"lineNumber":37,"author":{"gitId":"-"},"content":"    exit 1","lastModifiedDate":"2020-05-25","isFullCredit":false},{"lineNumber":38,"author":{"gitId":"-"},"content":"fi","lastModifiedDate":"2020-05-25","isFullCredit":false}],"authorContributionMap":{"-":37,"iamanoob44":1}}]
