{"authorDailyContributionsMap":{"blacksesamezongzi":[{"date":"2025-01-31T00:00:00","commitResults":[{"hash":"78b446c57e5057d6e428f70ab641002a1b097b88","isMergeCommit":false,"messageTitle":"Rename main class","messageBody":"","tags":["Level-0"],"fileTypesAndContributionMap":{"java":{"insertions":10,"deletions":10}}},{"hash":"17d97197ca3c2cdbc5637a0bc91d2992d128232c","isMergeCommit":false,"messageTitle":"Add echo feature in AdventureGuide.java","messageBody":"","tags":["Level-1"],"fileTypesAndContributionMap":{"java":{"insertions":18,"deletions":2}}},{"hash":"a70138509d787a3cf0ba3554263a0926643bb1ee","isMergeCommit":false,"messageTitle":"Add storage feature to AdventureGuide","messageBody":"","tags":["Level-2"],"fileTypesAndContributionMap":{"java":{"insertions":19,"deletions":0}}},{"hash":"2d2e2b815ebbab96ffc9039563dd8b4664bc7a9a","isMergeCommit":false,"messageTitle":"Add Task.java, move main code to AdventureGuideBot.java","messageBody":"","tags":["Level-3"],"fileTypesAndContributionMap":{"java":{"insertions":90,"deletions":40}}},{"hash":"6c0c26a320d42894522b7c3ecfdbb09818d17b4c","isMergeCommit":false,"messageTitle":"Add deadline, event, todo as subclass of Task","messageBody":"","tags":["Level-4"],"fileTypesAndContributionMap":{"java":{"insertions":78,"deletions":4}}},{"hash":"68ce5b8c904e31e08dead638b5c164f6ace74a5c","isMergeCommit":false,"messageTitle":"Add Exceptions pacage to handle exceptions more easily. Extract actions as methods in adventureGuide.java","messageBody":"","tags":["Level-5","A-TextUiTesting"],"fileTypesAndContributionMap":{"java":{"insertions":140,"deletions":61}}},{"hash":"74f048bb7d65b7f12c1ce8043a4724bcb9bbc6e4","isMergeCommit":false,"messageTitle":"Add remove feature in AdventureGuideBot.java","messageBody":"","tags":["Level-6"],"fileTypesAndContributionMap":{"java":{"insertions":36,"deletions":22}}}]},{"date":"2025-02-06T00:00:00","commitResults":[{"hash":"5b27320117a0cdce1d867944bbb1f5aec026c7c1","isMergeCommit":false,"messageTitle":"Add save and load feature","messageBody":"The user previously had to restate all their tasks once they have exit,\nwhich can be disturbing.\n\nTo handle this problem we add follwing features in this stage:\n* Store the tasks locally once an update is made\n* Load the tasks once the user start the program\n","tags":["Level-7"],"fileTypesAndContributionMap":{"txt":{"insertions":3,"deletions":0},"java":{"insertions":138,"deletions":6}}}]},{"date":"2025-02-07T00:00:00","commitResults":[{"hash":"59aec122f06801779f44371b7a4ba26e760461cc","isMergeCommit":false,"messageTitle":"Update date formate of Deadline","messageBody":"","fileTypesAndContributionMap":{"java":{"insertions":8,"deletions":5}}},{"hash":"2a03fe7551e38f3c3238c8085611aa808473ee02","isMergeCommit":false,"messageTitle":"Update date format of Event","messageBody":"","fileTypesAndContributionMap":{"java":{"insertions":12,"deletions":8}}},{"hash":"2ec6ab5732763685f63ac3b084c74e3c30aac39d","isMergeCommit":false,"messageTitle":"Remove extra import in Event.java","messageBody":"","fileTypesAndContributionMap":{"java":{"insertions":0,"deletions":1}}},{"hash":"6de332b00f0029968e67a652e31ed82a31afefb6","isMergeCommit":false,"messageTitle":"Add methods to get dates of different types from Event and Deadline","messageBody":"","fileTypesAndContributionMap":{"txt":{"insertions":0,"deletions":3},"java":{"insertions":54,"deletions":37}}},{"hash":"ca9e1051afd5dd03f5338e7d1f6396ba446b3161","isMergeCommit":false,"messageTitle":"Ignore data/tasks/txt","messageBody":"","fileTypesAndContributionMap":{"txt":{"insertions":0,"deletions":3}}},{"hash":"2bdae65caca4b71782cf7024d5f46947b4a15dde","isMergeCommit":true,"messageTitle":"Merge branch \u0027branch-Level-8\u0027","messageBody":"","tags":["Level-8"],"fileTypesAndContributionMap":{}},{"hash":"5a1dc82a9b0d78a588b08ec4d379bf273d8262c7","isMergeCommit":false,"messageTitle":"Add Ui.java","messageBody":"","fileTypesAndContributionMap":{"java":{"insertions":38,"deletions":0}}},{"hash":"752eb1b4096e006c60b346ee2da0e358f3b5c580","isMergeCommit":false,"messageTitle":"Add Parser.java, TaskList.java","messageBody":"","fileTypesAndContributionMap":{"java":{"insertions":61,"deletions":0}}},{"hash":"2bd4b9d50eb3469297762474b720a487625cc4a0","isMergeCommit":false,"messageTitle":"Use Parser, TaskList, ui, Storage in AdtureGuideBot.java","messageBody":"","tags":["A-MoreOOP"],"fileTypesAndContributionMap":{"java":{"insertions":104,"deletions":121}}},{"hash":"96cb9c1bbf9819a40004675cef05685ac0677e9f","isMergeCommit":false,"messageTitle":"Categorize classes with packages","messageBody":"","tags":["A-Packages"],"fileTypesAndContributionMap":{"java":{"insertions":28,"deletions":18}}},{"hash":"79f305c62e3835bcf9d12f8f45c7c29bfded1c0b","isMergeCommit":true,"messageTitle":"Merge branch \u0027add-gradle-support\u0027 of https://github.com/blacksesamezongzi/ip","messageBody":"","fileTypesAndContributionMap":{}},{"hash":"1011884895e86fd5f8de8ef72a76d583caba8483","isMergeCommit":false,"messageTitle":"Add Gradle feature, configure build.gradle file","messageBody":"","tags":["A-Gradle"],"fileTypesAndContributionMap":{"gradle":{"insertions":3,"deletions":3}}},{"hash":"e6ae67f3d02ecc27277d3f5d9a8f14a37b92fb58","isMergeCommit":false,"messageTitle":"Add Testcases for gradlew test","messageBody":"","tags":["A_JUnit","A-JUnit"],"fileTypesAndContributionMap":{"java":{"insertions":46,"deletions":0}}},{"hash":"91fa2f653854623c1c6b92352a3d1d6a7a8a90de","isMergeCommit":false,"messageTitle":"Add TaskListTest.java","messageBody":"","tags":["v0.1","A-Jar"],"fileTypesAndContributionMap":{"gradle":{"insertions":1,"deletions":1},"java":{"insertions":37,"deletions":0}}},{"hash":"a4cef5b66f25ea6ae7a2f9d914ddee8258496eca","isMergeCommit":false,"messageTitle":"Add comments to describe methods and classes","messageBody":"","tags":["A-JavaDoc"],"fileTypesAndContributionMap":{"java":{"insertions":134,"deletions":3}}},{"hash":"7d621ba6203032c86d14146cdace18e62334db63","isMergeCommit":false,"messageTitle":"Modify Coding Standard","messageBody":"","fileTypesAndContributionMap":{"java":{"insertions":49,"deletions":49}}},{"hash":"b19f8eb3b1185d44b23ca21819f2da959cd2bb9b","isMergeCommit":false,"messageTitle":"Add find feature","messageBody":"","fileTypesAndContributionMap":{"java":{"insertions":24,"deletions":1}}},{"hash":"7fef9c6bb532f02418388041aeb9194431891681","isMergeCommit":true,"messageTitle":"Merge branch \u0027branch-A-CodingStandard\u0027","messageBody":"","tags":["A-CodingStandard"],"fileTypesAndContributionMap":{}},{"hash":"002313527fff4b3aeb7e572b689c4f9ed5fa3d02","isMergeCommit":true,"messageTitle":"Merge branch \u0027branch-Level-9\u0027","messageBody":"# Conflicts:\n#\tsrc/main/java/duke/components/Parser.java\n#\tsrc/main/java/duke/ui/AdventureGuideBot.java\n","tags":["Level-9"],"fileTypesAndContributionMap":{}}]},{"date":"2025-02-14T00:00:00","commitResults":[{"hash":"f3fdc5badb8a92056bebc628088c2af82b34c655","isMergeCommit":false,"messageTitle":"Update depencencies","messageBody":"","fileTypesAndContributionMap":{"gradle":{"insertions":3,"deletions":1}}},{"hash":"48639d377365d49267b0a92e043ecf26df123fe2","isMergeCommit":false,"messageTitle":"Update entry point as Main.java","messageBody":"","fileTypesAndContributionMap":{"java":{"insertions":0,"deletions":0}}},{"hash":"86b26ca9e596c118bcc52c494bfe24d0fa159a0f","isMergeCommit":false,"messageTitle":"Add MainWindow.java","messageBody":"","fileTypesAndContributionMap":{"java":{"insertions":0,"deletions":0}}},{"hash":"5c76059d65a4872b84b0a5dd00a8189e6fe946e3","isMergeCommit":false,"messageTitle":"Correct package name of MainWindow","messageBody":"","fileTypesAndContributionMap":{"java":{"insertions":45,"deletions":0}}},{"hash":"377bb2e28166c88582bd5114dd3736ba639aa602","isMergeCommit":false,"messageTitle":"Add DialogBox.java","messageBody":"","tags":["Level-10"],"fileTypesAndContributionMap":{"java":{"insertions":53,"deletions":0}}},{"hash":"3918a0bb4293c34bbdbd4305b85da2ca0187f975","isMergeCommit":false,"messageTitle":"Add varargs features in DialogBox.java and MainWindow.java","messageBody":"","tags":["A-Varargs"],"fileTypesAndContributionMap":{"java":{"insertions":13,"deletions":8}}}]},{"date":"2025-02-18T00:00:00","commitResults":[{"hash":"4821e56e36386922770a18c28e648f1646283dc6","isMergeCommit":false,"messageTitle":"Update depencencies of gradle","messageBody":"","fileTypesAndContributionMap":{"gradle":{"insertions":15,"deletions":0}}},{"hash":"a4be7d8d973df1c2373ba777f727d2dd5279a899","isMergeCommit":false,"messageTitle":"Add UI feature with responses being echo as placeholder","messageBody":"","fileTypesAndContributionMap":{"gradle":{"insertions":1,"deletions":1},"fxml":{"insertions":74,"deletions":0},"java":{"insertions":145,"deletions":3}}}]},{"date":"2025-02-19T00:00:00","commitResults":[{"hash":"fbcdec3fe6750f80dbbe2db10abdc9fab5ecb2cf","isMergeCommit":false,"messageTitle":"Add UI feature to AdventureGuide","messageBody":"","fileTypesAndContributionMap":{"java":{"insertions":129,"deletions":132}}}]},{"date":"2025-02-20T00:00:00","commitResults":[{"hash":"fee21a6695e293e164ce42c003efd5944c0f24c6","isMergeCommit":false,"messageTitle":"Add assertions to AdventureGuideBot.java","messageBody":"There are only exception handlers to check exceptions.\n\nAssertions can be added to check assumptions that should hold at\nvarious points in the code.\n\nLet\u0027s,\n* add assertions in handle methods in AdventureGuideBot.java\n","fileTypesAndContributionMap":{"java":{"insertions":6,"deletions":0}}},{"hash":"7d6e832d2d402589ee9246b52f2e351bd29f32e9","isMergeCommit":false,"messageTitle":"Delete unused methods in Ui.java and AdventureGuideBot.java","messageBody":"There are unused methods left in Ui.java and AdventureGuideBot.java\nafter updating the UI feature.\n\nThe unused methods takes additional space, the showLoadingError()\nmethod called by AdventureGuideBot.java fails to show error text in\nthe main window.\n\nLet\u0027s\n* Delete unused methods in Ui.java\n* Update method for handling loading error\n","tags":["A-FullCommitMessage"],"fileTypesAndContributionMap":{"java":{"insertions":1,"deletions":24}}},{"hash":"172f56b80fbe5fd42a8bada97e117f6ba4c0c89b","isMergeCommit":false,"messageTitle":"Extract command execution out from getResponse method","messageBody":"","fileTypesAndContributionMap":{"java":{"insertions":91,"deletions":83}}},{"hash":"8bc64700330e84ebecfa607e45de771652f72fdb","isMergeCommit":false,"messageTitle":"Extract handleLoadingError() and showWelcomeMessage() out of handleUserInput() method","messageBody":"","fileTypesAndContributionMap":{"java":{"insertions":25,"deletions":9}}},{"hash":"259ca167890bc45148152bc93642cab223826bc3","isMergeCommit":false,"messageTitle":"Add Streams feature of java","messageBody":"","fileTypesAndContributionMap":{"java":{"insertions":7,"deletions":8}}},{"hash":"f1f170e6eb16e0f660ffe06c53bbd36d3cea1c70","isMergeCommit":true,"messageTitle":"Merge pull request #2 from blacksesamezongzi/branch-A-Assertions","messageBody":"branch-A-Assertions","tags":["A-Assertions"],"fileTypesAndContributionMap":{}},{"hash":"6f94273dbe90c765a6feebefd32b85d85169e06b","isMergeCommit":true,"messageTitle":"Merge branch \u0027master\u0027 into branch-A-CodeQuality","messageBody":"# Conflicts:\n#\tsrc/main/java/duke/ui/AdventureGuideBot.java\n","fileTypesAndContributionMap":{}},{"hash":"432c2eb0ac7264a9b9ff7670d8248f093044e42b","isMergeCommit":true,"messageTitle":"Merge branch \u0027master\u0027 into branch-A-Streams","messageBody":"","fileTypesAndContributionMap":{}},{"hash":"c412a01d6dae785ed527b014a2163cc182d47dbe","isMergeCommit":true,"messageTitle":"Merge pull request #3 from blacksesamezongzi/branch-A-CodeQuality","messageBody":"Branch-A-code-quality","tags":["A-CodeQuality"],"fileTypesAndContributionMap":{}},{"hash":"862a6c6687b32dd4758112d9d29d3a4ae2a74efc","isMergeCommit":true,"messageTitle":"Merge branch \u0027master\u0027 into branch-A-Streams","messageBody":"# Conflicts:\n#\tsrc/main/java/duke/ui/AdventureGuideBot.java\n","fileTypesAndContributionMap":{}},{"hash":"dfad4b367335001fe968771afd9e2c36f7576ca8","isMergeCommit":true,"messageTitle":"Merge pull request #4 from blacksesamezongzi/branch-A-Streams","messageBody":"Add Streams feature of java","tags":["A-Streams"],"fileTypesAndContributionMap":{}},{"hash":"af2392122b867ff3ae36b1ed9234afce35ae7347","isMergeCommit":false,"messageTitle":"Remove unused import statement","messageBody":"","fileTypesAndContributionMap":{"java":{"insertions":0,"deletions":3}}},{"hash":"527638ab9868aa035ec5a8b9e37642bc02b8c266","isMergeCommit":false,"messageTitle":"Add C-tagging feature","messageBody":"","tags":["BCD-Extension"],"fileTypesAndContributionMap":{"java":{"insertions":59,"deletions":1}}},{"hash":"2cdd824381dc9451d6f3950c90b9196c8e983e08","isMergeCommit":false,"messageTitle":"Add title to window","messageBody":"","fileTypesAndContributionMap":{"java":{"insertions":1,"deletions":0}}},{"hash":"bc455c23e41e3550e170653420843fa73466438c","isMergeCommit":false,"messageTitle":"Add a period after tagging message","messageBody":"","fileTypesAndContributionMap":{"java":{"insertions":1,"deletions":1}}},{"hash":"b28fd722dc4fc054b85b7b695215c48ae7dd7880","isMergeCommit":false,"messageTitle":"Update user guide","messageBody":"","fileTypesAndContributionMap":{"md":{"insertions":163,"deletions":13}}},{"hash":"2528fd764dd8fc81a759441040cbb9b2cb92096d","isMergeCommit":false,"messageTitle":"Add exit feature in user guide","messageBody":"","fileTypesAndContributionMap":{"md":{"insertions":4,"deletions":0}}},{"hash":"50b81cfb7c964d1e97f509a8ea0fe8c779dcce75","isMergeCommit":false,"messageTitle":"Update README.md","messageBody":"","fileTypesAndContributionMap":{"md":{"insertions":184,"deletions":26}}},{"hash":"ff849ca8989833888a08c015e303ce06a75b0c98","isMergeCommit":false,"messageTitle":"Update image path in README","messageBody":"","fileTypesAndContributionMap":{"md":{"insertions":1,"deletions":1}}},{"hash":"9cfc6673d8c2fd426db46604d8c171239c8b4413","isMergeCommit":false,"messageTitle":"Add emojis in README","messageBody":"","fileTypesAndContributionMap":{"md":{"insertions":18,"deletions":18}}},{"hash":"cad43f63fc59c9e912d655804a95d9137a4075f0","isMergeCommit":false,"messageTitle":"Update Italic characters in README","messageBody":"","tags":["A-UserGuide"],"fileTypesAndContributionMap":{"md":{"insertions":2,"deletions":2}}}]},{"date":"2025-02-21T00:00:00","commitResults":[{"hash":"4dacd98c32efaa6f9f3d73af2c9a44b46d2de40c","isMergeCommit":false,"messageTitle":"Add javadoc to public classes and methods","messageBody":"","tags":["A-Release"],"fileTypesAndContributionMap":{"java":{"insertions":236,"deletions":4}}},{"hash":"88fbdb6acfd91be515ca4a93c97e7a98b3f4be9b","isMergeCommit":false,"messageTitle":"Remove println statement used for debugging","messageBody":"","fileTypesAndContributionMap":{"java":{"insertions":0,"deletions":1}}},{"hash":"5d11a125aa987d6710b24c037912216d5d621de4","isMergeCommit":false,"messageTitle":"Update JUnit test cases","messageBody":"","tags":["v0.2"],"fileTypesAndContributionMap":{"java":{"insertions":146,"deletions":53}}},{"hash":"fa2015495a4d67c4ceec9a198e15efb13b5a432d","isMergeCommit":true,"messageTitle":"Merge branch \u0027branch-A-Varargs\u0027","messageBody":"# Conflicts:\n#\tbuild.gradle\n#\tsrc/main/java/duke/ui/MainWindow.java\n","fileTypesAndContributionMap":{}}]}]},"authorFileTypeContributionMap":{"blacksesamezongzi":{"java":1283,"md":335,"fxml":74,"sh":0,"bat":0,"gradle":17,"txt":0}},"authorContributionVariance":{"blacksesamezongzi":38786.824},"authorDisplayNameMap":{"blacksesamezongzi":"CS2103T-T11-3 SUN ..IAEN"}}
