[{"path":"data/duke.txt","fileType":"txt","lines":[{"lineNumber":1,"author":{"gitId":"bhavinaa"},"content":"T | 0 | lmc","lastModifiedDate":"2025-01-30","isFullCredit":false},{"lineNumber":2,"author":{"gitId":"bhavinaa"},"content":"T | 0 | fncekcme,wifnweifn,ifnwe","lastModifiedDate":"2025-01-30","isFullCredit":false},{"lineNumber":3,"author":{"gitId":"bhavinaa"},"content":"T | 0 | Added: [T][ ] cmedcime\\dicme","lastModifiedDate":"2025-01-30","isFullCredit":false},{"lineNumber":4,"author":{"gitId":"bhavinaa"},"content":"T | 0 | kdn","lastModifiedDate":"2025-01-30","isFullCredit":false},{"lineNumber":5,"author":{"gitId":"bhavinaa"},"content":"D | 0 | dmkv | dvidnv","lastModifiedDate":"2025-01-30","isFullCredit":false},{"lineNumber":6,"author":{"gitId":"bhavinaa"},"content":"E | 0 | mcd | vcddicneiv | incewiv","lastModifiedDate":"2025-01-30","isFullCredit":false},{"lineNumber":7,"author":{"gitId":"bhavinaa"},"content":"T | 0 | mark","lastModifiedDate":"2025-01-30","isFullCredit":false},{"lineNumber":8,"author":{"gitId":"bhavinaa"},"content":"D | 0 | uefe | eifneiv","lastModifiedDate":"2025-01-30","isFullCredit":false},{"lineNumber":9,"author":{"gitId":"bhavinaa"},"content":"D | 0 | geinge | ienfiw","lastModifiedDate":"2025-01-30","isFullCredit":false},{"lineNumber":10,"author":{"gitId":"bhavinaa"},"content":"T | 0 | clear","lastModifiedDate":"2025-01-30","isFullCredit":false},{"lineNumber":11,"author":{"gitId":"bhavinaa"},"content":"T | 0 | coc","lastModifiedDate":"2025-01-30","isFullCredit":false},{"lineNumber":12,"author":{"gitId":"bhavinaa"},"content":"T | 0 | dkmc","lastModifiedDate":"2025-01-31","isFullCredit":false},{"lineNumber":13,"author":{"gitId":"bhavinaa"},"content":"E | 0 | dmcd | dicmd | icndc","lastModifiedDate":"2025-01-31","isFullCredit":false},{"lineNumber":14,"author":{"gitId":"bhavinaa"},"content":"E | 0 | kdnc | kdncdk | dicnie","lastModifiedDate":"2025-01-31","isFullCredit":false},{"lineNumber":15,"author":{"gitId":"bhavinaa"},"content":"T | 0 | kcd","lastModifiedDate":"2025-01-31","isFullCredit":false},{"lineNumber":16,"author":{"gitId":"bhavinaa"},"content":"T | 0 | kdnc","lastModifiedDate":"2025-01-31","isFullCredit":false},{"lineNumber":17,"author":{"gitId":"bhavinaa"},"content":"T | 0 | sat","lastModifiedDate":"2025-01-31","isFullCredit":false},{"lineNumber":18,"author":{"gitId":"bhavinaa"},"content":"T | 1 | kcdm","lastModifiedDate":"2025-01-31","isFullCredit":false},{"lineNumber":19,"author":{"gitId":"bhavinaa"},"content":"E | 1 | kmce | incekc | neicnev","lastModifiedDate":"2025-01-31","isFullCredit":false},{"lineNumber":20,"author":{"gitId":"bhavinaa"},"content":"T | 0 | mark 17","lastModifiedDate":"2025-01-31","isFullCredit":false}],"authorContributionMap":{"bhavinaa":20}},{"path":"src/main/java/Deadlines.java","fileType":"java","lines":[{"lineNumber":1,"author":{"gitId":"bhavinaa"},"content":"","lastModifiedDate":"2025-01-23","isFullCredit":false},{"lineNumber":2,"author":{"gitId":"bhavinaa"},"content":"class Deadlines extends Task {","lastModifiedDate":"2025-01-30","isFullCredit":false},{"lineNumber":3,"author":{"gitId":"bhavinaa"},"content":"    private String deadline;","lastModifiedDate":"2025-01-30","isFullCredit":false},{"lineNumber":4,"author":{"gitId":"bhavinaa"},"content":"","lastModifiedDate":"2025-01-30","isFullCredit":false},{"lineNumber":5,"author":{"gitId":"bhavinaa"},"content":"    public Deadlines(String description, String deadline) {","lastModifiedDate":"2025-01-30","isFullCredit":false},{"lineNumber":6,"author":{"gitId":"bhavinaa"},"content":"        super(description);","lastModifiedDate":"2025-01-23","isFullCredit":false},{"lineNumber":7,"author":{"gitId":"bhavinaa"},"content":"        this.deadline \u003d deadline;","lastModifiedDate":"2025-01-30","isFullCredit":false},{"lineNumber":8,"author":{"gitId":"bhavinaa"},"content":"    }","lastModifiedDate":"2025-01-30","isFullCredit":false},{"lineNumber":9,"author":{"gitId":"bhavinaa"},"content":"","lastModifiedDate":"2025-01-30","isFullCredit":false},{"lineNumber":10,"author":{"gitId":"bhavinaa"},"content":"    // ✅ Add a second constructor for file loading","lastModifiedDate":"2025-01-30","isFullCredit":false},{"lineNumber":11,"author":{"gitId":"bhavinaa"},"content":"    public Deadlines(String description, boolean isDone, String deadline) {","lastModifiedDate":"2025-01-30","isFullCredit":false},{"lineNumber":12,"author":{"gitId":"bhavinaa"},"content":"        super(description, isDone);","lastModifiedDate":"2025-01-30","isFullCredit":false},{"lineNumber":13,"author":{"gitId":"bhavinaa"},"content":"        this.deadline \u003d deadline;","lastModifiedDate":"2025-01-30","isFullCredit":false},{"lineNumber":14,"author":{"gitId":"bhavinaa"},"content":"    }","lastModifiedDate":"2025-01-23","isFullCredit":false},{"lineNumber":15,"author":{"gitId":"bhavinaa"},"content":"","lastModifiedDate":"2025-01-23","isFullCredit":false},{"lineNumber":16,"author":{"gitId":"bhavinaa"},"content":"    @Override","lastModifiedDate":"2025-01-23","isFullCredit":false},{"lineNumber":17,"author":{"gitId":"bhavinaa"},"content":"    public String toString() {","lastModifiedDate":"2025-01-23","isFullCredit":false},{"lineNumber":18,"author":{"gitId":"bhavinaa"},"content":"        return \"[D]\" + super.toString() + \" (by: \" + deadline + \")\";","lastModifiedDate":"2025-01-30","isFullCredit":false},{"lineNumber":19,"author":{"gitId":"bhavinaa"},"content":"    }","lastModifiedDate":"2025-01-30","isFullCredit":false},{"lineNumber":20,"author":{"gitId":"bhavinaa"},"content":"","lastModifiedDate":"2025-01-30","isFullCredit":false},{"lineNumber":21,"author":{"gitId":"bhavinaa"},"content":"    // ✅ Convert task to file format","lastModifiedDate":"2025-01-30","isFullCredit":false},{"lineNumber":22,"author":{"gitId":"bhavinaa"},"content":"    @Override","lastModifiedDate":"2025-01-30","isFullCredit":false},{"lineNumber":23,"author":{"gitId":"bhavinaa"},"content":"    public String toFileFormat() {","lastModifiedDate":"2025-01-30","isFullCredit":false},{"lineNumber":24,"author":{"gitId":"bhavinaa"},"content":"        return \"D | \" + (isDone ? \"1\" : \"0\") + \" | \" + description + \" | \" + deadline;","lastModifiedDate":"2025-01-30","isFullCredit":false},{"lineNumber":25,"author":{"gitId":"bhavinaa"},"content":"    }","lastModifiedDate":"2025-01-23","isFullCredit":false},{"lineNumber":26,"author":{"gitId":"bhavinaa"},"content":"}","lastModifiedDate":"2025-01-23","isFullCredit":false}],"authorContributionMap":{"bhavinaa":26}},{"path":"src/main/java/Events.java","fileType":"java","lines":[{"lineNumber":1,"author":{"gitId":"bhavinaa"},"content":"class Events extends Task {","lastModifiedDate":"2025-01-30","isFullCredit":false},{"lineNumber":2,"author":{"gitId":"bhavinaa"},"content":"    private String start;","lastModifiedDate":"2025-01-30","isFullCredit":false},{"lineNumber":3,"author":{"gitId":"bhavinaa"},"content":"    private String end;","lastModifiedDate":"2025-01-30","isFullCredit":false},{"lineNumber":4,"author":{"gitId":"bhavinaa"},"content":"","lastModifiedDate":"2025-01-23","isFullCredit":false},{"lineNumber":5,"author":{"gitId":"bhavinaa"},"content":"    public Events(String description, String start, String end) {","lastModifiedDate":"2025-01-30","isFullCredit":false},{"lineNumber":6,"author":{"gitId":"bhavinaa"},"content":"        super(description);","lastModifiedDate":"2025-01-23","isFullCredit":false},{"lineNumber":7,"author":{"gitId":"bhavinaa"},"content":"        this.start \u003d start;","lastModifiedDate":"2025-01-30","isFullCredit":false},{"lineNumber":8,"author":{"gitId":"bhavinaa"},"content":"        this.end \u003d end;","lastModifiedDate":"2025-01-30","isFullCredit":false},{"lineNumber":9,"author":{"gitId":"bhavinaa"},"content":"    }","lastModifiedDate":"2025-01-30","isFullCredit":false},{"lineNumber":10,"author":{"gitId":"bhavinaa"},"content":"","lastModifiedDate":"2025-01-30","isFullCredit":false},{"lineNumber":11,"author":{"gitId":"bhavinaa"},"content":"","lastModifiedDate":"2025-01-30","isFullCredit":false},{"lineNumber":12,"author":{"gitId":"bhavinaa"},"content":"    public Events(String description, boolean isDone, String start, String end) {","lastModifiedDate":"2025-01-30","isFullCredit":false},{"lineNumber":13,"author":{"gitId":"bhavinaa"},"content":"        super(description, isDone);","lastModifiedDate":"2025-01-30","isFullCredit":false},{"lineNumber":14,"author":{"gitId":"bhavinaa"},"content":"        this.start \u003d start;","lastModifiedDate":"2025-01-30","isFullCredit":false},{"lineNumber":15,"author":{"gitId":"bhavinaa"},"content":"        this.end \u003d end;","lastModifiedDate":"2025-01-30","isFullCredit":false},{"lineNumber":16,"author":{"gitId":"bhavinaa"},"content":"    }","lastModifiedDate":"2025-01-23","isFullCredit":false},{"lineNumber":17,"author":{"gitId":"bhavinaa"},"content":"","lastModifiedDate":"2025-01-23","isFullCredit":false},{"lineNumber":18,"author":{"gitId":"bhavinaa"},"content":"    @Override","lastModifiedDate":"2025-01-23","isFullCredit":false},{"lineNumber":19,"author":{"gitId":"bhavinaa"},"content":"    public String toString() {","lastModifiedDate":"2025-01-23","isFullCredit":false},{"lineNumber":20,"author":{"gitId":"bhavinaa"},"content":"        return \"[E]\" + super.toString() + \" (from: \" + start + \" to: \" + end + \")\";","lastModifiedDate":"2025-01-30","isFullCredit":false},{"lineNumber":21,"author":{"gitId":"bhavinaa"},"content":"    }","lastModifiedDate":"2025-01-30","isFullCredit":false},{"lineNumber":22,"author":{"gitId":"bhavinaa"},"content":"","lastModifiedDate":"2025-01-30","isFullCredit":false},{"lineNumber":23,"author":{"gitId":"bhavinaa"},"content":"    // ✅ Convert task to file format (needed for saving)","lastModifiedDate":"2025-01-30","isFullCredit":false},{"lineNumber":24,"author":{"gitId":"bhavinaa"},"content":"    @Override","lastModifiedDate":"2025-01-30","isFullCredit":false},{"lineNumber":25,"author":{"gitId":"bhavinaa"},"content":"    public String toFileFormat() {","lastModifiedDate":"2025-01-30","isFullCredit":false},{"lineNumber":26,"author":{"gitId":"bhavinaa"},"content":"        return \"E | \" + (isDone ? \"1\" : \"0\") + \" | \" + description + \" | \" + start + \" | \" + end;","lastModifiedDate":"2025-01-30","isFullCredit":false},{"lineNumber":27,"author":{"gitId":"bhavinaa"},"content":"    }","lastModifiedDate":"2025-01-23","isFullCredit":false},{"lineNumber":28,"author":{"gitId":"bhavinaa"},"content":"}","lastModifiedDate":"2025-01-23","isFullCredit":false}],"authorContributionMap":{"bhavinaa":28}},{"path":"src/main/java/IllegalArgumentException.java","fileType":"java","lines":[{"lineNumber":1,"author":{"gitId":"bhavinaa"},"content":"public class IllegalArgumentException extends Exception {","lastModifiedDate":"2025-01-23","isFullCredit":false},{"lineNumber":2,"author":{"gitId":"bhavinaa"},"content":"","lastModifiedDate":"2025-01-23","isFullCredit":false},{"lineNumber":3,"author":{"gitId":"bhavinaa"},"content":"    public IllegalArgumentException() {","lastModifiedDate":"2025-01-23","isFullCredit":false},{"lineNumber":4,"author":{"gitId":"bhavinaa"},"content":"        super(\"the argument cannot be empty\");","lastModifiedDate":"2025-01-23","isFullCredit":false},{"lineNumber":5,"author":{"gitId":"bhavinaa"},"content":"    }","lastModifiedDate":"2025-01-23","isFullCredit":false},{"lineNumber":6,"author":{"gitId":"bhavinaa"},"content":"}","lastModifiedDate":"2025-01-23","isFullCredit":false}],"authorContributionMap":{"bhavinaa":6}},{"path":"src/main/java/InvalidFormatException.java","fileType":"java","lines":[{"lineNumber":1,"author":{"gitId":"bhavinaa"},"content":"public class InvalidFormatException extends Exception{","lastModifiedDate":"2025-01-23","isFullCredit":false},{"lineNumber":2,"author":{"gitId":"bhavinaa"},"content":"","lastModifiedDate":"2025-01-23","isFullCredit":false},{"lineNumber":3,"author":{"gitId":"bhavinaa"},"content":"    public InvalidFormatException() {","lastModifiedDate":"2025-01-23","isFullCredit":false},{"lineNumber":4,"author":{"gitId":"bhavinaa"},"content":"        super(\"Wrong format of the items! should be limited\" +","lastModifiedDate":"2025-01-23","isFullCredit":false},{"lineNumber":5,"author":{"gitId":"bhavinaa"},"content":"                \" to atleast 2 commas maximum and 2 parts only\");","lastModifiedDate":"2025-01-23","isFullCredit":false},{"lineNumber":6,"author":{"gitId":"bhavinaa"},"content":"    }","lastModifiedDate":"2025-01-23","isFullCredit":false},{"lineNumber":7,"author":{"gitId":"bhavinaa"},"content":"}","lastModifiedDate":"2025-01-23","isFullCredit":false}],"authorContributionMap":{"bhavinaa":7}},{"path":"src/main/java/Parser.java","fileType":"java","lines":[{"lineNumber":1,"author":{"gitId":"bhavinaa"},"content":"public class Parser {","lastModifiedDate":"2025-01-31","isFullCredit":false},{"lineNumber":2,"author":{"gitId":"bhavinaa"},"content":"","lastModifiedDate":"2025-01-31","isFullCredit":false},{"lineNumber":3,"author":{"gitId":"bhavinaa"},"content":"","lastModifiedDate":"2025-01-31","isFullCredit":false},{"lineNumber":4,"author":{"gitId":"bhavinaa"},"content":"","lastModifiedDate":"2025-01-31","isFullCredit":false},{"lineNumber":5,"author":{"gitId":"bhavinaa"},"content":"    public Task parseTask(String line) {","lastModifiedDate":"2025-01-31","isFullCredit":false},{"lineNumber":6,"author":{"gitId":"bhavinaa"},"content":"        String[] parts \u003d line.split(\" \\\\| \");","lastModifiedDate":"2025-01-31","isFullCredit":false},{"lineNumber":7,"author":{"gitId":"bhavinaa"},"content":"        if (parts.length \u003c 3) {","lastModifiedDate":"2025-01-31","isFullCredit":false},{"lineNumber":8,"author":{"gitId":"bhavinaa"},"content":"            System.out.println(\"Skipping corrupted task entry: \" + line);","lastModifiedDate":"2025-01-31","isFullCredit":false},{"lineNumber":9,"author":{"gitId":"bhavinaa"},"content":"            return null;","lastModifiedDate":"2025-01-31","isFullCredit":false},{"lineNumber":10,"author":{"gitId":"bhavinaa"},"content":"        }","lastModifiedDate":"2025-01-31","isFullCredit":false},{"lineNumber":11,"author":{"gitId":"bhavinaa"},"content":"","lastModifiedDate":"2025-01-31","isFullCredit":false},{"lineNumber":12,"author":{"gitId":"bhavinaa"},"content":"        String type \u003d parts[0];","lastModifiedDate":"2025-01-31","isFullCredit":false},{"lineNumber":13,"author":{"gitId":"bhavinaa"},"content":"        boolean isDone \u003d parts[1].equals(\"1\");","lastModifiedDate":"2025-01-31","isFullCredit":false},{"lineNumber":14,"author":{"gitId":"bhavinaa"},"content":"        String description \u003d parts[2];","lastModifiedDate":"2025-01-31","isFullCredit":false},{"lineNumber":15,"author":{"gitId":"bhavinaa"},"content":"","lastModifiedDate":"2025-01-31","isFullCredit":false},{"lineNumber":16,"author":{"gitId":"bhavinaa"},"content":"        switch (type) {","lastModifiedDate":"2025-01-31","isFullCredit":false},{"lineNumber":17,"author":{"gitId":"bhavinaa"},"content":"            case \"T\":","lastModifiedDate":"2025-01-31","isFullCredit":false},{"lineNumber":18,"author":{"gitId":"bhavinaa"},"content":"                return new ToDos(description, isDone);","lastModifiedDate":"2025-01-31","isFullCredit":false},{"lineNumber":19,"author":{"gitId":"bhavinaa"},"content":"            case \"D\":","lastModifiedDate":"2025-01-31","isFullCredit":false},{"lineNumber":20,"author":{"gitId":"bhavinaa"},"content":"                return new Deadlines(description, isDone, parts[3]);","lastModifiedDate":"2025-01-31","isFullCredit":false},{"lineNumber":21,"author":{"gitId":"bhavinaa"},"content":"            case \"E\":","lastModifiedDate":"2025-01-31","isFullCredit":false},{"lineNumber":22,"author":{"gitId":"bhavinaa"},"content":"                return new Events(description, isDone, parts[3], parts[4]);","lastModifiedDate":"2025-01-31","isFullCredit":false},{"lineNumber":23,"author":{"gitId":"bhavinaa"},"content":"            default:","lastModifiedDate":"2025-01-31","isFullCredit":false},{"lineNumber":24,"author":{"gitId":"bhavinaa"},"content":"                return null;","lastModifiedDate":"2025-01-31","isFullCredit":false},{"lineNumber":25,"author":{"gitId":"bhavinaa"},"content":"        }","lastModifiedDate":"2025-01-31","isFullCredit":false},{"lineNumber":26,"author":{"gitId":"bhavinaa"},"content":"    }","lastModifiedDate":"2025-01-31","isFullCredit":false},{"lineNumber":27,"author":{"gitId":"bhavinaa"},"content":"}","lastModifiedDate":"2025-01-31","isFullCredit":false}],"authorContributionMap":{"bhavinaa":27}},{"path":"src/main/java/Storage.java","fileType":"java","lines":[{"lineNumber":1,"author":{"gitId":"bhavinaa"},"content":"import java.io.*;","lastModifiedDate":"2025-01-31","isFullCredit":false},{"lineNumber":2,"author":{"gitId":"bhavinaa"},"content":"","lastModifiedDate":"2025-01-31","isFullCredit":false},{"lineNumber":3,"author":{"gitId":"bhavinaa"},"content":"","lastModifiedDate":"2025-01-31","isFullCredit":false},{"lineNumber":4,"author":{"gitId":"bhavinaa"},"content":"public class Storage {","lastModifiedDate":"2025-01-31","isFullCredit":false},{"lineNumber":5,"author":{"gitId":"bhavinaa"},"content":"","lastModifiedDate":"2025-01-31","isFullCredit":false},{"lineNumber":6,"author":{"gitId":"bhavinaa"},"content":"    private String filePath;","lastModifiedDate":"2025-01-31","isFullCredit":false},{"lineNumber":7,"author":{"gitId":"bhavinaa"},"content":"    public TaskList taskList;","lastModifiedDate":"2025-01-31","isFullCredit":false},{"lineNumber":8,"author":{"gitId":"bhavinaa"},"content":"","lastModifiedDate":"2025-01-31","isFullCredit":false},{"lineNumber":9,"author":{"gitId":"bhavinaa"},"content":"    private Parser parser \u003d new Parser();","lastModifiedDate":"2025-01-31","isFullCredit":false},{"lineNumber":10,"author":{"gitId":"bhavinaa"},"content":"    public Storage(String filePath, TaskList taskList) {","lastModifiedDate":"2025-01-31","isFullCredit":false},{"lineNumber":11,"author":{"gitId":"bhavinaa"},"content":"        this.filePath \u003d filePath;","lastModifiedDate":"2025-01-31","isFullCredit":false},{"lineNumber":12,"author":{"gitId":"bhavinaa"},"content":"        this.taskList \u003d taskList;","lastModifiedDate":"2025-01-31","isFullCredit":false},{"lineNumber":13,"author":{"gitId":"bhavinaa"},"content":"        this.taskList.storedIn \u003d this;","lastModifiedDate":"2025-01-31","isFullCredit":false},{"lineNumber":14,"author":{"gitId":"bhavinaa"},"content":"","lastModifiedDate":"2025-01-31","isFullCredit":false},{"lineNumber":15,"author":{"gitId":"bhavinaa"},"content":"    }","lastModifiedDate":"2025-01-31","isFullCredit":false},{"lineNumber":16,"author":{"gitId":"bhavinaa"},"content":"","lastModifiedDate":"2025-01-31","isFullCredit":false},{"lineNumber":17,"author":{"gitId":"bhavinaa"},"content":"    public void saveTasksToFile() {","lastModifiedDate":"2025-01-31","isFullCredit":false},{"lineNumber":18,"author":{"gitId":"bhavinaa"},"content":"        try {","lastModifiedDate":"2025-01-31","isFullCredit":false},{"lineNumber":19,"author":{"gitId":"bhavinaa"},"content":"            File file \u003d new File(filePath);","lastModifiedDate":"2025-01-31","isFullCredit":false},{"lineNumber":20,"author":{"gitId":"bhavinaa"},"content":"            file.getParentFile().mkdirs();","lastModifiedDate":"2025-01-31","isFullCredit":false},{"lineNumber":21,"author":{"gitId":"bhavinaa"},"content":"            BufferedWriter bw \u003d new BufferedWriter(new FileWriter(file));","lastModifiedDate":"2025-01-31","isFullCredit":false},{"lineNumber":22,"author":{"gitId":"bhavinaa"},"content":"","lastModifiedDate":"2025-01-31","isFullCredit":false},{"lineNumber":23,"author":{"gitId":"bhavinaa"},"content":"            for (Task task : taskList.getTasks()) {","lastModifiedDate":"2025-01-31","isFullCredit":false},{"lineNumber":24,"author":{"gitId":"bhavinaa"},"content":"                bw.write(task.toFileFormat());","lastModifiedDate":"2025-01-31","isFullCredit":false},{"lineNumber":25,"author":{"gitId":"bhavinaa"},"content":"                bw.newLine();","lastModifiedDate":"2025-01-31","isFullCredit":false},{"lineNumber":26,"author":{"gitId":"bhavinaa"},"content":"            }","lastModifiedDate":"2025-01-31","isFullCredit":false},{"lineNumber":27,"author":{"gitId":"bhavinaa"},"content":"","lastModifiedDate":"2025-01-31","isFullCredit":false},{"lineNumber":28,"author":{"gitId":"bhavinaa"},"content":"            bw.close();","lastModifiedDate":"2025-01-31","isFullCredit":false},{"lineNumber":29,"author":{"gitId":"bhavinaa"},"content":"        } catch (IOException e) {","lastModifiedDate":"2025-01-31","isFullCredit":false},{"lineNumber":30,"author":{"gitId":"bhavinaa"},"content":"            System.out.println(\"Error saving tasks: \" + e.getMessage());","lastModifiedDate":"2025-01-31","isFullCredit":false},{"lineNumber":31,"author":{"gitId":"bhavinaa"},"content":"        }","lastModifiedDate":"2025-01-31","isFullCredit":false},{"lineNumber":32,"author":{"gitId":"bhavinaa"},"content":"    }","lastModifiedDate":"2025-01-31","isFullCredit":false},{"lineNumber":33,"author":{"gitId":"bhavinaa"},"content":"    public void loadTasksFromFile() {","lastModifiedDate":"2025-01-31","isFullCredit":false},{"lineNumber":34,"author":{"gitId":"bhavinaa"},"content":"        File file \u003d new File(filePath);","lastModifiedDate":"2025-01-31","isFullCredit":false},{"lineNumber":35,"author":{"gitId":"bhavinaa"},"content":"        if (!file.exists()) {","lastModifiedDate":"2025-01-31","isFullCredit":false},{"lineNumber":36,"author":{"gitId":"bhavinaa"},"content":"            System.out.println(\"No previous tasks found. Starting fresh.\");","lastModifiedDate":"2025-01-31","isFullCredit":false},{"lineNumber":37,"author":{"gitId":"bhavinaa"},"content":"            return;","lastModifiedDate":"2025-01-31","isFullCredit":false},{"lineNumber":38,"author":{"gitId":"bhavinaa"},"content":"        }","lastModifiedDate":"2025-01-31","isFullCredit":false},{"lineNumber":39,"author":{"gitId":"bhavinaa"},"content":"","lastModifiedDate":"2025-01-31","isFullCredit":false},{"lineNumber":40,"author":{"gitId":"bhavinaa"},"content":"        try (BufferedReader br \u003d new BufferedReader(new FileReader(file))) {","lastModifiedDate":"2025-01-31","isFullCredit":false},{"lineNumber":41,"author":{"gitId":"bhavinaa"},"content":"            String line;","lastModifiedDate":"2025-01-31","isFullCredit":false},{"lineNumber":42,"author":{"gitId":"bhavinaa"},"content":"            while ((line \u003d br.readLine()) !\u003d null) {","lastModifiedDate":"2025-01-31","isFullCredit":false},{"lineNumber":43,"author":{"gitId":"bhavinaa"},"content":"                Task task \u003d parser.parseTask(line);","lastModifiedDate":"2025-01-31","isFullCredit":false},{"lineNumber":44,"author":{"gitId":"bhavinaa"},"content":"                if (task !\u003d null) {","lastModifiedDate":"2025-01-31","isFullCredit":false},{"lineNumber":45,"author":{"gitId":"bhavinaa"},"content":"                    taskList.add(task);","lastModifiedDate":"2025-01-31","isFullCredit":false},{"lineNumber":46,"author":{"gitId":"bhavinaa"},"content":"                }","lastModifiedDate":"2025-01-31","isFullCredit":false},{"lineNumber":47,"author":{"gitId":"bhavinaa"},"content":"            }","lastModifiedDate":"2025-01-31","isFullCredit":false},{"lineNumber":48,"author":{"gitId":"bhavinaa"},"content":"        } catch (IOException e) {","lastModifiedDate":"2025-01-31","isFullCredit":false},{"lineNumber":49,"author":{"gitId":"bhavinaa"},"content":"            System.out.println(\"Error loading tasks: \" + e.getMessage());","lastModifiedDate":"2025-01-31","isFullCredit":false},{"lineNumber":50,"author":{"gitId":"bhavinaa"},"content":"        }","lastModifiedDate":"2025-01-31","isFullCredit":false},{"lineNumber":51,"author":{"gitId":"bhavinaa"},"content":"    }","lastModifiedDate":"2025-01-31","isFullCredit":false},{"lineNumber":52,"author":{"gitId":"bhavinaa"},"content":"","lastModifiedDate":"2025-01-31","isFullCredit":false},{"lineNumber":53,"author":{"gitId":"bhavinaa"},"content":"","lastModifiedDate":"2025-01-31","isFullCredit":false},{"lineNumber":54,"author":{"gitId":"bhavinaa"},"content":"}","lastModifiedDate":"2025-01-31","isFullCredit":false}],"authorContributionMap":{"bhavinaa":54}},{"path":"src/main/java/Task.java","fileType":"java","lines":[{"lineNumber":1,"author":{"gitId":"bhavinaa"},"content":"class Task {","lastModifiedDate":"2025-01-23","isFullCredit":false},{"lineNumber":2,"author":{"gitId":"bhavinaa"},"content":"    protected String description;","lastModifiedDate":"2025-01-23","isFullCredit":false},{"lineNumber":3,"author":{"gitId":"bhavinaa"},"content":"    protected boolean isDone;","lastModifiedDate":"2025-01-23","isFullCredit":false},{"lineNumber":4,"author":{"gitId":"bhavinaa"},"content":"","lastModifiedDate":"2025-01-22","isFullCredit":false},{"lineNumber":5,"author":{"gitId":"bhavinaa"},"content":"    public Task(String description) {","lastModifiedDate":"2025-01-23","isFullCredit":false},{"lineNumber":6,"author":{"gitId":"bhavinaa"},"content":"        this.description \u003d description;","lastModifiedDate":"2025-01-23","isFullCredit":false},{"lineNumber":7,"author":{"gitId":"bhavinaa"},"content":"        this.isDone \u003d false;","lastModifiedDate":"2025-01-23","isFullCredit":false},{"lineNumber":8,"author":{"gitId":"bhavinaa"},"content":"    }","lastModifiedDate":"2025-01-22","isFullCredit":false},{"lineNumber":9,"author":{"gitId":"bhavinaa"},"content":"","lastModifiedDate":"2025-01-22","isFullCredit":false},{"lineNumber":10,"author":{"gitId":"bhavinaa"},"content":"    public Task(String description, boolean isDone) { // Constructor for loading tasks","lastModifiedDate":"2025-01-30","isFullCredit":false},{"lineNumber":11,"author":{"gitId":"bhavinaa"},"content":"        this.description \u003d description;","lastModifiedDate":"2025-01-30","isFullCredit":false},{"lineNumber":12,"author":{"gitId":"bhavinaa"},"content":"        this.isDone \u003d isDone;","lastModifiedDate":"2025-01-30","isFullCredit":false},{"lineNumber":13,"author":{"gitId":"bhavinaa"},"content":"    }","lastModifiedDate":"2025-01-30","isFullCredit":false},{"lineNumber":14,"author":{"gitId":"bhavinaa"},"content":"","lastModifiedDate":"2025-01-30","isFullCredit":false},{"lineNumber":15,"author":{"gitId":"bhavinaa"},"content":"    public void markAsComplete() {","lastModifiedDate":"2025-01-23","isFullCredit":false},{"lineNumber":16,"author":{"gitId":"bhavinaa"},"content":"        this.isDone \u003d true;","lastModifiedDate":"2025-01-23","isFullCredit":false},{"lineNumber":17,"author":{"gitId":"bhavinaa"},"content":"    }","lastModifiedDate":"2025-01-22","isFullCredit":false},{"lineNumber":18,"author":{"gitId":"bhavinaa"},"content":"","lastModifiedDate":"2025-01-22","isFullCredit":false},{"lineNumber":19,"author":{"gitId":"bhavinaa"},"content":"    public void markAsIncomplete() {","lastModifiedDate":"2025-01-23","isFullCredit":false},{"lineNumber":20,"author":{"gitId":"bhavinaa"},"content":"        this.isDone \u003d false;","lastModifiedDate":"2025-01-23","isFullCredit":false},{"lineNumber":21,"author":{"gitId":"bhavinaa"},"content":"    }","lastModifiedDate":"2025-01-23","isFullCredit":false},{"lineNumber":22,"author":{"gitId":"bhavinaa"},"content":"","lastModifiedDate":"2025-01-23","isFullCredit":false},{"lineNumber":23,"author":{"gitId":"bhavinaa"},"content":"    public boolean isCompleted() {","lastModifiedDate":"2025-01-23","isFullCredit":false},{"lineNumber":24,"author":{"gitId":"bhavinaa"},"content":"        return isDone;","lastModifiedDate":"2025-01-23","isFullCredit":false},{"lineNumber":25,"author":{"gitId":"bhavinaa"},"content":"    }","lastModifiedDate":"2025-01-22","isFullCredit":false},{"lineNumber":26,"author":{"gitId":"bhavinaa"},"content":"","lastModifiedDate":"2025-01-22","isFullCredit":false},{"lineNumber":27,"author":{"gitId":"bhavinaa"},"content":"    // ✅ Convert task to file format (needed for saving)","lastModifiedDate":"2025-01-30","isFullCredit":false},{"lineNumber":28,"author":{"gitId":"bhavinaa"},"content":"    public String toFileFormat() {","lastModifiedDate":"2025-01-30","isFullCredit":false},{"lineNumber":29,"author":{"gitId":"bhavinaa"},"content":"        return (isDone ? \"1\" : \"0\") + \" | \" + description;","lastModifiedDate":"2025-01-30","isFullCredit":false},{"lineNumber":30,"author":{"gitId":"bhavinaa"},"content":"    }","lastModifiedDate":"2025-01-30","isFullCredit":false},{"lineNumber":31,"author":{"gitId":"bhavinaa"},"content":"","lastModifiedDate":"2025-01-30","isFullCredit":false},{"lineNumber":32,"author":{"gitId":"bhavinaa"},"content":"    @Override","lastModifiedDate":"2025-01-23","isFullCredit":false},{"lineNumber":33,"author":{"gitId":"bhavinaa"},"content":"    public String toString() {","lastModifiedDate":"2025-01-22","isFullCredit":false},{"lineNumber":34,"author":{"gitId":"bhavinaa"},"content":"        return \"[\" + (isDone ? \"X\" : \" \") + \"] \" + description;","lastModifiedDate":"2025-01-23","isFullCredit":false},{"lineNumber":35,"author":{"gitId":"bhavinaa"},"content":"    }","lastModifiedDate":"2025-01-22","isFullCredit":false},{"lineNumber":36,"author":{"gitId":"bhavinaa"},"content":"}","lastModifiedDate":"2025-01-22","isFullCredit":false}],"authorContributionMap":{"bhavinaa":36}},{"path":"src/main/java/TaskList.java","fileType":"java","lines":[{"lineNumber":1,"author":{"gitId":"bhavinaa"},"content":"","lastModifiedDate":"2025-01-31","isFullCredit":false},{"lineNumber":2,"author":{"gitId":"bhavinaa"},"content":"import java.util.ArrayList;","lastModifiedDate":"2025-01-31","isFullCredit":false},{"lineNumber":3,"author":{"gitId":"bhavinaa"},"content":"import java.util.List;","lastModifiedDate":"2025-01-31","isFullCredit":false},{"lineNumber":4,"author":{"gitId":"bhavinaa"},"content":"import java.util.Scanner;","lastModifiedDate":"2025-01-31","isFullCredit":false},{"lineNumber":5,"author":{"gitId":"bhavinaa"},"content":"","lastModifiedDate":"2025-01-31","isFullCredit":false},{"lineNumber":6,"author":{"gitId":"bhavinaa"},"content":"public class TaskList {","lastModifiedDate":"2025-01-31","isFullCredit":false},{"lineNumber":7,"author":{"gitId":"bhavinaa"},"content":"","lastModifiedDate":"2025-01-31","isFullCredit":false},{"lineNumber":8,"author":{"gitId":"bhavinaa"},"content":"    private List\u003cTask\u003e taskList \u003d new ArrayList\u003c\u003e();","lastModifiedDate":"2025-01-31","isFullCredit":false},{"lineNumber":9,"author":{"gitId":"bhavinaa"},"content":"    public Storage storedIn;","lastModifiedDate":"2025-01-31","isFullCredit":false},{"lineNumber":10,"author":{"gitId":"bhavinaa"},"content":"","lastModifiedDate":"2025-01-31","isFullCredit":false},{"lineNumber":11,"author":{"gitId":"bhavinaa"},"content":"    public void deleteTask(Scanner scanner) {","lastModifiedDate":"2025-01-31","isFullCredit":false},{"lineNumber":12,"author":{"gitId":"bhavinaa"},"content":"        if (taskList.isEmpty()) {","lastModifiedDate":"2025-01-31","isFullCredit":false},{"lineNumber":13,"author":{"gitId":"bhavinaa"},"content":"            System.out.println(\"No tasks to delete.\");","lastModifiedDate":"2025-01-31","isFullCredit":false},{"lineNumber":14,"author":{"gitId":"bhavinaa"},"content":"            return;","lastModifiedDate":"2025-01-31","isFullCredit":false},{"lineNumber":15,"author":{"gitId":"bhavinaa"},"content":"        }","lastModifiedDate":"2025-01-31","isFullCredit":false},{"lineNumber":16,"author":{"gitId":"bhavinaa"},"content":"","lastModifiedDate":"2025-01-31","isFullCredit":false},{"lineNumber":17,"author":{"gitId":"bhavinaa"},"content":"        int taskIndex \u003d getTaskIndex(scanner, \"Which task number to delete?\", taskList.size());","lastModifiedDate":"2025-01-31","isFullCredit":false},{"lineNumber":18,"author":{"gitId":"bhavinaa"},"content":"        Task removedTask \u003d taskList.remove(taskIndex);","lastModifiedDate":"2025-01-31","isFullCredit":false},{"lineNumber":19,"author":{"gitId":"bhavinaa"},"content":"        storedIn.saveTasksToFile();","lastModifiedDate":"2025-01-31","isFullCredit":false},{"lineNumber":20,"author":{"gitId":"bhavinaa"},"content":"        System.out.println(\"Task removed: \" + removedTask);","lastModifiedDate":"2025-01-31","isFullCredit":false},{"lineNumber":21,"author":{"gitId":"bhavinaa"},"content":"    }","lastModifiedDate":"2025-01-31","isFullCredit":false},{"lineNumber":22,"author":{"gitId":"bhavinaa"},"content":"","lastModifiedDate":"2025-01-31","isFullCredit":false},{"lineNumber":23,"author":{"gitId":"bhavinaa"},"content":"    public void markTask(Scanner scanner) {","lastModifiedDate":"2025-01-31","isFullCredit":false},{"lineNumber":24,"author":{"gitId":"bhavinaa"},"content":"        if (taskList.isEmpty()) {","lastModifiedDate":"2025-01-31","isFullCredit":false},{"lineNumber":25,"author":{"gitId":"bhavinaa"},"content":"            System.out.println(\"Your task list is empty.\");","lastModifiedDate":"2025-01-31","isFullCredit":false},{"lineNumber":26,"author":{"gitId":"bhavinaa"},"content":"            return;","lastModifiedDate":"2025-01-31","isFullCredit":false},{"lineNumber":27,"author":{"gitId":"bhavinaa"},"content":"        }","lastModifiedDate":"2025-01-31","isFullCredit":false},{"lineNumber":28,"author":{"gitId":"bhavinaa"},"content":"","lastModifiedDate":"2025-01-31","isFullCredit":false},{"lineNumber":29,"author":{"gitId":"bhavinaa"},"content":"        int taskIndex \u003d getTaskIndex(scanner, \"Which task number to mark as done?\", taskList.size());","lastModifiedDate":"2025-01-31","isFullCredit":false},{"lineNumber":30,"author":{"gitId":"bhavinaa"},"content":"        taskList.get(taskIndex).markAsComplete();","lastModifiedDate":"2025-01-31","isFullCredit":false},{"lineNumber":31,"author":{"gitId":"bhavinaa"},"content":"        storedIn.saveTasksToFile();","lastModifiedDate":"2025-01-31","isFullCredit":false},{"lineNumber":32,"author":{"gitId":"bhavinaa"},"content":"    }","lastModifiedDate":"2025-01-31","isFullCredit":false},{"lineNumber":33,"author":{"gitId":"bhavinaa"},"content":"","lastModifiedDate":"2025-01-31","isFullCredit":false},{"lineNumber":34,"author":{"gitId":"bhavinaa"},"content":"    public void unmarkTask(Scanner scanner) {","lastModifiedDate":"2025-01-31","isFullCredit":false},{"lineNumber":35,"author":{"gitId":"bhavinaa"},"content":"        if (taskList.isEmpty()) {","lastModifiedDate":"2025-01-31","isFullCredit":false},{"lineNumber":36,"author":{"gitId":"bhavinaa"},"content":"            System.out.println(\"No tasks to unmark.\");","lastModifiedDate":"2025-01-31","isFullCredit":false},{"lineNumber":37,"author":{"gitId":"bhavinaa"},"content":"            return;","lastModifiedDate":"2025-01-31","isFullCredit":false},{"lineNumber":38,"author":{"gitId":"bhavinaa"},"content":"        }","lastModifiedDate":"2025-01-31","isFullCredit":false},{"lineNumber":39,"author":{"gitId":"bhavinaa"},"content":"","lastModifiedDate":"2025-01-31","isFullCredit":false},{"lineNumber":40,"author":{"gitId":"bhavinaa"},"content":"        int taskIndex \u003d getTaskIndex(scanner, \"Which task number to unmark?\", taskList.size());","lastModifiedDate":"2025-01-31","isFullCredit":false},{"lineNumber":41,"author":{"gitId":"bhavinaa"},"content":"        taskList.get(taskIndex).markAsIncomplete();","lastModifiedDate":"2025-01-31","isFullCredit":false},{"lineNumber":42,"author":{"gitId":"bhavinaa"},"content":"        storedIn.saveTasksToFile();","lastModifiedDate":"2025-01-31","isFullCredit":false},{"lineNumber":43,"author":{"gitId":"bhavinaa"},"content":"    }","lastModifiedDate":"2025-01-31","isFullCredit":false},{"lineNumber":44,"author":{"gitId":"bhavinaa"},"content":"","lastModifiedDate":"2025-01-31","isFullCredit":false},{"lineNumber":45,"author":{"gitId":"bhavinaa"},"content":"    public int getTaskIndex(Scanner scanner, String prompt, int listSize) {","lastModifiedDate":"2025-01-31","isFullCredit":false},{"lineNumber":46,"author":{"gitId":"bhavinaa"},"content":"        System.out.println(prompt);","lastModifiedDate":"2025-01-31","isFullCredit":false},{"lineNumber":47,"author":{"gitId":"bhavinaa"},"content":"        int index \u003d scanner.nextInt() - 1;","lastModifiedDate":"2025-01-31","isFullCredit":false},{"lineNumber":48,"author":{"gitId":"bhavinaa"},"content":"        scanner.nextLine(); // Consume newline","lastModifiedDate":"2025-01-31","isFullCredit":false},{"lineNumber":49,"author":{"gitId":"bhavinaa"},"content":"        if (index \u003c 0 || index \u003e\u003d listSize) {","lastModifiedDate":"2025-01-31","isFullCredit":false},{"lineNumber":50,"author":{"gitId":"bhavinaa"},"content":"            System.out.println(\"Invalid task number. Please try again.\");","lastModifiedDate":"2025-01-31","isFullCredit":false},{"lineNumber":51,"author":{"gitId":"bhavinaa"},"content":"            return getTaskIndex(scanner, prompt, listSize);","lastModifiedDate":"2025-01-31","isFullCredit":false},{"lineNumber":52,"author":{"gitId":"bhavinaa"},"content":"        }","lastModifiedDate":"2025-01-31","isFullCredit":false},{"lineNumber":53,"author":{"gitId":"bhavinaa"},"content":"        return index;","lastModifiedDate":"2025-01-31","isFullCredit":false},{"lineNumber":54,"author":{"gitId":"bhavinaa"},"content":"    }","lastModifiedDate":"2025-01-31","isFullCredit":false},{"lineNumber":55,"author":{"gitId":"bhavinaa"},"content":"","lastModifiedDate":"2025-01-31","isFullCredit":false},{"lineNumber":56,"author":{"gitId":"bhavinaa"},"content":"    public void add(Task task) {","lastModifiedDate":"2025-01-31","isFullCredit":false},{"lineNumber":57,"author":{"gitId":"bhavinaa"},"content":"        this.taskList.add(task);","lastModifiedDate":"2025-01-31","isFullCredit":false},{"lineNumber":58,"author":{"gitId":"bhavinaa"},"content":"    }","lastModifiedDate":"2025-01-31","isFullCredit":false},{"lineNumber":59,"author":{"gitId":"bhavinaa"},"content":"","lastModifiedDate":"2025-01-31","isFullCredit":false},{"lineNumber":60,"author":{"gitId":"bhavinaa"},"content":"    public boolean isEmpty() {","lastModifiedDate":"2025-01-31","isFullCredit":false},{"lineNumber":61,"author":{"gitId":"bhavinaa"},"content":"        return this.taskList.isEmpty();","lastModifiedDate":"2025-01-31","isFullCredit":false},{"lineNumber":62,"author":{"gitId":"bhavinaa"},"content":"    }","lastModifiedDate":"2025-01-31","isFullCredit":false},{"lineNumber":63,"author":{"gitId":"bhavinaa"},"content":"","lastModifiedDate":"2025-01-31","isFullCredit":false},{"lineNumber":64,"author":{"gitId":"bhavinaa"},"content":"    public int size() {","lastModifiedDate":"2025-01-31","isFullCredit":false},{"lineNumber":65,"author":{"gitId":"bhavinaa"},"content":"        return this.taskList.size();","lastModifiedDate":"2025-01-31","isFullCredit":false},{"lineNumber":66,"author":{"gitId":"bhavinaa"},"content":"    }","lastModifiedDate":"2025-01-31","isFullCredit":false},{"lineNumber":67,"author":{"gitId":"bhavinaa"},"content":"","lastModifiedDate":"2025-01-31","isFullCredit":false},{"lineNumber":68,"author":{"gitId":"bhavinaa"},"content":"    public Task get(int i) {","lastModifiedDate":"2025-01-31","isFullCredit":false},{"lineNumber":69,"author":{"gitId":"bhavinaa"},"content":"        return this.taskList.get(i);","lastModifiedDate":"2025-01-31","isFullCredit":false},{"lineNumber":70,"author":{"gitId":"bhavinaa"},"content":"    }","lastModifiedDate":"2025-01-31","isFullCredit":false},{"lineNumber":71,"author":{"gitId":"bhavinaa"},"content":"","lastModifiedDate":"2025-01-31","isFullCredit":false},{"lineNumber":72,"author":{"gitId":"bhavinaa"},"content":"    public List\u003cTask\u003e getTasks() {","lastModifiedDate":"2025-01-31","isFullCredit":false},{"lineNumber":73,"author":{"gitId":"bhavinaa"},"content":"        return this.taskList;","lastModifiedDate":"2025-01-31","isFullCredit":false},{"lineNumber":74,"author":{"gitId":"bhavinaa"},"content":"    }","lastModifiedDate":"2025-01-31","isFullCredit":false},{"lineNumber":75,"author":{"gitId":"bhavinaa"},"content":"}","lastModifiedDate":"2025-01-31","isFullCredit":false}],"authorContributionMap":{"bhavinaa":75}},{"path":"src/main/java/ToDos.java","fileType":"java","lines":[{"lineNumber":1,"author":{"gitId":"bhavinaa"},"content":"class ToDos extends Task {","lastModifiedDate":"2025-01-23","isFullCredit":false},{"lineNumber":2,"author":{"gitId":"bhavinaa"},"content":"    public ToDos(String description) {","lastModifiedDate":"2025-01-23","isFullCredit":false},{"lineNumber":3,"author":{"gitId":"bhavinaa"},"content":"        super(description);","lastModifiedDate":"2025-01-23","isFullCredit":false},{"lineNumber":4,"author":{"gitId":"bhavinaa"},"content":"    }","lastModifiedDate":"2025-01-23","isFullCredit":false},{"lineNumber":5,"author":{"gitId":"bhavinaa"},"content":"","lastModifiedDate":"2025-01-23","isFullCredit":false},{"lineNumber":6,"author":{"gitId":"bhavinaa"},"content":"    // ✅ Add a second constructor for loading from file","lastModifiedDate":"2025-01-30","isFullCredit":false},{"lineNumber":7,"author":{"gitId":"bhavinaa"},"content":"    public ToDos(String description, boolean isDone) {","lastModifiedDate":"2025-01-30","isFullCredit":false},{"lineNumber":8,"author":{"gitId":"bhavinaa"},"content":"        super(description, isDone);","lastModifiedDate":"2025-01-30","isFullCredit":false},{"lineNumber":9,"author":{"gitId":"bhavinaa"},"content":"    }","lastModifiedDate":"2025-01-30","isFullCredit":false},{"lineNumber":10,"author":{"gitId":"bhavinaa"},"content":"","lastModifiedDate":"2025-01-30","isFullCredit":false},{"lineNumber":11,"author":{"gitId":"bhavinaa"},"content":"    @Override","lastModifiedDate":"2025-01-23","isFullCredit":false},{"lineNumber":12,"author":{"gitId":"bhavinaa"},"content":"    public String toString() {","lastModifiedDate":"2025-01-23","isFullCredit":false},{"lineNumber":13,"author":{"gitId":"bhavinaa"},"content":"        return \"[T]\" + super.toString();","lastModifiedDate":"2025-01-23","isFullCredit":false},{"lineNumber":14,"author":{"gitId":"bhavinaa"},"content":"    }","lastModifiedDate":"2025-01-23","isFullCredit":false},{"lineNumber":15,"author":{"gitId":"bhavinaa"},"content":"","lastModifiedDate":"2025-01-30","isFullCredit":false},{"lineNumber":16,"author":{"gitId":"bhavinaa"},"content":"    // ✅ Convert task to file format (needed for saving)","lastModifiedDate":"2025-01-30","isFullCredit":false},{"lineNumber":17,"author":{"gitId":"bhavinaa"},"content":"    @Override","lastModifiedDate":"2025-01-30","isFullCredit":false},{"lineNumber":18,"author":{"gitId":"bhavinaa"},"content":"    public String toFileFormat() {","lastModifiedDate":"2025-01-30","isFullCredit":false},{"lineNumber":19,"author":{"gitId":"bhavinaa"},"content":"        return \"T | \" + super.toFileFormat();","lastModifiedDate":"2025-01-30","isFullCredit":false},{"lineNumber":20,"author":{"gitId":"bhavinaa"},"content":"    }","lastModifiedDate":"2025-01-30","isFullCredit":false},{"lineNumber":21,"author":{"gitId":"bhavinaa"},"content":"}","lastModifiedDate":"2025-01-23","isFullCredit":false}],"authorContributionMap":{"bhavinaa":21}},{"path":"src/main/java/UI.java","fileType":"java","lines":[{"lineNumber":1,"author":{"gitId":"bhavinaa"},"content":"import java.io.*;","lastModifiedDate":"2025-01-31","isFullCredit":false},{"lineNumber":2,"author":{"gitId":"bhavinaa"},"content":"import java.util.List;","lastModifiedDate":"2025-01-31","isFullCredit":false},{"lineNumber":3,"author":{"gitId":"bhavinaa"},"content":"import java.util.Scanner;","lastModifiedDate":"2025-01-31","isFullCredit":false},{"lineNumber":4,"author":{"gitId":"bhavinaa"},"content":"","lastModifiedDate":"2025-01-31","isFullCredit":false},{"lineNumber":5,"author":{"gitId":"bhavinaa"},"content":"/*","lastModifiedDate":"2025-01-31","isFullCredit":false},{"lineNumber":6,"author":{"gitId":"bhavinaa"},"content":"","lastModifiedDate":"2025-01-31","isFullCredit":false},{"lineNumber":7,"author":{"gitId":"bhavinaa"},"content":"the UI was made so i","lastModifiedDate":"2025-01-31","isFullCredit":false},{"lineNumber":8,"author":{"gitId":"bhavinaa"},"content":"can consolidate where the input and the output of the","lastModifiedDate":"2025-01-31","isFullCredit":false},{"lineNumber":9,"author":{"gitId":"bhavinaa"},"content":"code functions is","lastModifiedDate":"2025-01-31","isFullCredit":false},{"lineNumber":10,"author":{"gitId":"bhavinaa"},"content":"","lastModifiedDate":"2025-01-31","isFullCredit":false},{"lineNumber":11,"author":{"gitId":"bhavinaa"},"content":"","lastModifiedDate":"2025-01-31","isFullCredit":false},{"lineNumber":12,"author":{"gitId":"bhavinaa"},"content":"*/","lastModifiedDate":"2025-01-31","isFullCredit":false},{"lineNumber":13,"author":{"gitId":"bhavinaa"},"content":"public class UI {","lastModifiedDate":"2025-01-31","isFullCredit":false},{"lineNumber":14,"author":{"gitId":"bhavinaa"},"content":"","lastModifiedDate":"2025-01-31","isFullCredit":false},{"lineNumber":15,"author":{"gitId":"bhavinaa"},"content":"    private String userName;","lastModifiedDate":"2025-01-31","isFullCredit":false},{"lineNumber":16,"author":{"gitId":"bhavinaa"},"content":"","lastModifiedDate":"2025-01-31","isFullCredit":false},{"lineNumber":17,"author":{"gitId":"bhavinaa"},"content":"    private Storage storage;","lastModifiedDate":"2025-01-31","isFullCredit":false},{"lineNumber":18,"author":{"gitId":"bhavinaa"},"content":"    private Scanner scanner \u003d new Scanner(System.in);","lastModifiedDate":"2025-01-31","isFullCredit":false},{"lineNumber":19,"author":{"gitId":"bhavinaa"},"content":"    private String filePath;","lastModifiedDate":"2025-01-31","isFullCredit":false},{"lineNumber":20,"author":{"gitId":"bhavinaa"},"content":"    private TaskList taskList; // List of tasks","lastModifiedDate":"2025-01-31","isFullCredit":false},{"lineNumber":21,"author":{"gitId":"bhavinaa"},"content":"    public UI(String filePath, TaskList taskList) {","lastModifiedDate":"2025-01-31","isFullCredit":false},{"lineNumber":22,"author":{"gitId":"bhavinaa"},"content":"        this.taskList \u003d taskList;","lastModifiedDate":"2025-01-31","isFullCredit":false},{"lineNumber":23,"author":{"gitId":"bhavinaa"},"content":"        this.filePath \u003d filePath;","lastModifiedDate":"2025-01-31","isFullCredit":false},{"lineNumber":24,"author":{"gitId":"bhavinaa"},"content":"        this.storage \u003d new Storage(filePath, taskList);","lastModifiedDate":"2025-01-31","isFullCredit":false},{"lineNumber":25,"author":{"gitId":"bhavinaa"},"content":"    }","lastModifiedDate":"2025-01-31","isFullCredit":false},{"lineNumber":26,"author":{"gitId":"bhavinaa"},"content":"","lastModifiedDate":"2025-01-31","isFullCredit":false},{"lineNumber":27,"author":{"gitId":"bhavinaa"},"content":"    public void printAllComands() {","lastModifiedDate":"2025-01-31","isFullCredit":false},{"lineNumber":28,"author":{"gitId":"bhavinaa"},"content":"        System.out.println(\"Here are the available commands:\");","lastModifiedDate":"2025-01-31","isFullCredit":false},{"lineNumber":29,"author":{"gitId":"bhavinaa"},"content":"        System.out.println(\"-----------------------------------\");","lastModifiedDate":"2025-01-31","isFullCredit":false},{"lineNumber":30,"author":{"gitId":"bhavinaa"},"content":"        System.out.println(\"1. list          - Display all tasks\");","lastModifiedDate":"2025-01-31","isFullCredit":false},{"lineNumber":31,"author":{"gitId":"bhavinaa"},"content":"        System.out.println(\"2. mark          - Mark a task as completed\");","lastModifiedDate":"2025-01-31","isFullCredit":false},{"lineNumber":32,"author":{"gitId":"bhavinaa"},"content":"        System.out.println(\"3. unmark        - Unmark a completed task\");","lastModifiedDate":"2025-01-31","isFullCredit":false},{"lineNumber":33,"author":{"gitId":"bhavinaa"},"content":"        System.out.println(\"4. delete        - Delete a task\");","lastModifiedDate":"2025-01-31","isFullCredit":false},{"lineNumber":34,"author":{"gitId":"bhavinaa"},"content":"        System.out.println(\"5. save          - Manually save tasks to file\");","lastModifiedDate":"2025-01-31","isFullCredit":false},{"lineNumber":35,"author":{"gitId":"bhavinaa"},"content":"        System.out.println(\"6. quit          - Exit the program\");","lastModifiedDate":"2025-01-31","isFullCredit":false},{"lineNumber":36,"author":{"gitId":"bhavinaa"},"content":"        System.out.println(\"7. commands      - Show this list of commands\");","lastModifiedDate":"2025-01-31","isFullCredit":false},{"lineNumber":37,"author":{"gitId":"bhavinaa"},"content":"        System.out.println(\"8. [Task input]  - Add a new ToDo, Deadline, or Event\");","lastModifiedDate":"2025-01-31","isFullCredit":false},{"lineNumber":38,"author":{"gitId":"bhavinaa"},"content":"","lastModifiedDate":"2025-01-31","isFullCredit":false},{"lineNumber":39,"author":{"gitId":"bhavinaa"},"content":"        System.out.println(\"-----------------------------------\");","lastModifiedDate":"2025-01-31","isFullCredit":false},{"lineNumber":40,"author":{"gitId":"bhavinaa"},"content":"        System.out.println(\"\\nTask Input Formats:\");","lastModifiedDate":"2025-01-31","isFullCredit":false},{"lineNumber":41,"author":{"gitId":"bhavinaa"},"content":"        System.out.println(\"ToDo:        read book\");","lastModifiedDate":"2025-01-31","isFullCredit":false},{"lineNumber":42,"author":{"gitId":"bhavinaa"},"content":"        System.out.println(\"Deadline:    return book, June 6th\");","lastModifiedDate":"2025-01-31","isFullCredit":false},{"lineNumber":43,"author":{"gitId":"bhavinaa"},"content":"        System.out.println(\"Event:       birthday, April 5th, 10-4pm\");","lastModifiedDate":"2025-01-31","isFullCredit":false},{"lineNumber":44,"author":{"gitId":"bhavinaa"},"content":"        System.out.println(\"you have to separate the task commands by the comma to differentiate it\");","lastModifiedDate":"2025-01-31","isFullCredit":false},{"lineNumber":45,"author":{"gitId":"bhavinaa"},"content":"    }","lastModifiedDate":"2025-01-31","isFullCredit":false},{"lineNumber":46,"author":{"gitId":"bhavinaa"},"content":"","lastModifiedDate":"2025-01-31","isFullCredit":false},{"lineNumber":47,"author":{"gitId":"bhavinaa"},"content":"    public void printWelcomeMessage() {","lastModifiedDate":"2025-01-31","isFullCredit":false},{"lineNumber":48,"author":{"gitId":"bhavinaa"},"content":"        System.out.println(\"Hello! I help keep track of your tasks.\");","lastModifiedDate":"2025-01-31","isFullCredit":false},{"lineNumber":49,"author":{"gitId":"bhavinaa"},"content":"        System.out.println(\"Type \u0027list\u0027 to see tasks, \u0027command\u0027 to see the list of commands, \u0027bye\u0027 to exit.\");","lastModifiedDate":"2025-01-31","isFullCredit":false},{"lineNumber":50,"author":{"gitId":"bhavinaa"},"content":"        System.out.println(\"____________________________________________________________\");","lastModifiedDate":"2025-01-31","isFullCredit":false},{"lineNumber":51,"author":{"gitId":"bhavinaa"},"content":"    }","lastModifiedDate":"2025-01-31","isFullCredit":false},{"lineNumber":52,"author":{"gitId":"bhavinaa"},"content":"","lastModifiedDate":"2025-01-31","isFullCredit":false},{"lineNumber":53,"author":{"gitId":"bhavinaa"},"content":"    public void personalWelcomeToGuest(){","lastModifiedDate":"2025-01-31","isFullCredit":false},{"lineNumber":54,"author":{"gitId":"bhavinaa"},"content":"","lastModifiedDate":"2025-01-31","isFullCredit":false},{"lineNumber":55,"author":{"gitId":"bhavinaa"},"content":"        String userName \u003d getUserInput(scanner, \"What is your name?\");","lastModifiedDate":"2025-01-31","isFullCredit":false},{"lineNumber":56,"author":{"gitId":"bhavinaa"},"content":"        this.userName \u003d userName;","lastModifiedDate":"2025-01-31","isFullCredit":false},{"lineNumber":57,"author":{"gitId":"bhavinaa"},"content":"        System.out.println(\"Hi \" + userName + \"! You have a cool name.\");","lastModifiedDate":"2025-01-31","isFullCredit":false},{"lineNumber":58,"author":{"gitId":"bhavinaa"},"content":"        System.out.println(\"What can I add to the list?\");","lastModifiedDate":"2025-01-31","isFullCredit":false},{"lineNumber":59,"author":{"gitId":"bhavinaa"},"content":"    }","lastModifiedDate":"2025-01-31","isFullCredit":false},{"lineNumber":60,"author":{"gitId":"bhavinaa"},"content":"","lastModifiedDate":"2025-01-31","isFullCredit":false},{"lineNumber":61,"author":{"gitId":"bhavinaa"},"content":"    public String getUserInput(Scanner scanner, String prompt) {","lastModifiedDate":"2025-01-31","isFullCredit":false},{"lineNumber":62,"author":{"gitId":"bhavinaa"},"content":"        if (prompt !\u003d null) {","lastModifiedDate":"2025-01-31","isFullCredit":false},{"lineNumber":63,"author":{"gitId":"bhavinaa"},"content":"            System.out.println(prompt);","lastModifiedDate":"2025-01-31","isFullCredit":false},{"lineNumber":64,"author":{"gitId":"bhavinaa"},"content":"        }","lastModifiedDate":"2025-01-31","isFullCredit":false},{"lineNumber":65,"author":{"gitId":"bhavinaa"},"content":"        return scanner.nextLine();","lastModifiedDate":"2025-01-31","isFullCredit":false},{"lineNumber":66,"author":{"gitId":"bhavinaa"},"content":"    }","lastModifiedDate":"2025-01-31","isFullCredit":false},{"lineNumber":67,"author":{"gitId":"bhavinaa"},"content":"","lastModifiedDate":"2025-01-31","isFullCredit":false},{"lineNumber":68,"author":{"gitId":"bhavinaa"},"content":"    public void processComands() {","lastModifiedDate":"2025-01-31","isFullCredit":false},{"lineNumber":69,"author":{"gitId":"bhavinaa"},"content":"        while (true) {","lastModifiedDate":"2025-01-31","isFullCredit":false},{"lineNumber":70,"author":{"gitId":"bhavinaa"},"content":"            String userCommand \u003d getUserInput(scanner, null);","lastModifiedDate":"2025-01-31","isFullCredit":false},{"lineNumber":71,"author":{"gitId":"bhavinaa"},"content":"","lastModifiedDate":"2025-01-31","isFullCredit":false},{"lineNumber":72,"author":{"gitId":"bhavinaa"},"content":"            if (\"bye\".equalsIgnoreCase(userCommand)) {","lastModifiedDate":"2025-01-31","isFullCredit":false},{"lineNumber":73,"author":{"gitId":"bhavinaa"},"content":"                System.out.println(\"Bye, \" + userName + \"! Hope to see you again soon!\");","lastModifiedDate":"2025-01-31","isFullCredit":false},{"lineNumber":74,"author":{"gitId":"bhavinaa"},"content":"                break;","lastModifiedDate":"2025-01-31","isFullCredit":false},{"lineNumber":75,"author":{"gitId":"bhavinaa"},"content":"            }","lastModifiedDate":"2025-01-31","isFullCredit":false},{"lineNumber":76,"author":{"gitId":"bhavinaa"},"content":"","lastModifiedDate":"2025-01-31","isFullCredit":false},{"lineNumber":77,"author":{"gitId":"bhavinaa"},"content":"            switch (userCommand.toLowerCase()) {","lastModifiedDate":"2025-01-31","isFullCredit":false},{"lineNumber":78,"author":{"gitId":"bhavinaa"},"content":"                case \"list\":","lastModifiedDate":"2025-01-31","isFullCredit":false},{"lineNumber":79,"author":{"gitId":"bhavinaa"},"content":"                    displayTasks();","lastModifiedDate":"2025-01-31","isFullCredit":false},{"lineNumber":80,"author":{"gitId":"bhavinaa"},"content":"                    break;","lastModifiedDate":"2025-01-31","isFullCredit":false},{"lineNumber":81,"author":{"gitId":"bhavinaa"},"content":"                case \"mark\":","lastModifiedDate":"2025-01-31","isFullCredit":false},{"lineNumber":82,"author":{"gitId":"bhavinaa"},"content":"                    this.taskList.markTask(scanner);","lastModifiedDate":"2025-01-31","isFullCredit":false},{"lineNumber":83,"author":{"gitId":"bhavinaa"},"content":"                    break;","lastModifiedDate":"2025-01-31","isFullCredit":false},{"lineNumber":84,"author":{"gitId":"bhavinaa"},"content":"                case \"unmark\":","lastModifiedDate":"2025-01-31","isFullCredit":false},{"lineNumber":85,"author":{"gitId":"bhavinaa"},"content":"                    this.taskList.unmarkTask(scanner);","lastModifiedDate":"2025-01-31","isFullCredit":false},{"lineNumber":86,"author":{"gitId":"bhavinaa"},"content":"                    break;","lastModifiedDate":"2025-01-31","isFullCredit":false},{"lineNumber":87,"author":{"gitId":"bhavinaa"},"content":"                case \"delete\":","lastModifiedDate":"2025-01-31","isFullCredit":false},{"lineNumber":88,"author":{"gitId":"bhavinaa"},"content":"                    this.taskList.deleteTask(scanner);","lastModifiedDate":"2025-01-31","isFullCredit":false},{"lineNumber":89,"author":{"gitId":"bhavinaa"},"content":"                    break;","lastModifiedDate":"2025-01-31","isFullCredit":false},{"lineNumber":90,"author":{"gitId":"bhavinaa"},"content":"                case \"save\":","lastModifiedDate":"2025-01-31","isFullCredit":false},{"lineNumber":91,"author":{"gitId":"bhavinaa"},"content":"                    this.storage.saveTasksToFile();","lastModifiedDate":"2025-01-31","isFullCredit":false},{"lineNumber":92,"author":{"gitId":"bhavinaa"},"content":"                    System.out.println(\"Tasks saved successfully.\");","lastModifiedDate":"2025-01-31","isFullCredit":false},{"lineNumber":93,"author":{"gitId":"bhavinaa"},"content":"                    break;","lastModifiedDate":"2025-01-31","isFullCredit":false},{"lineNumber":94,"author":{"gitId":"bhavinaa"},"content":"                case \"quit\":","lastModifiedDate":"2025-01-31","isFullCredit":false},{"lineNumber":95,"author":{"gitId":"bhavinaa"},"content":"                    System.out.println(\"Ending the program.\");","lastModifiedDate":"2025-01-31","isFullCredit":false},{"lineNumber":96,"author":{"gitId":"bhavinaa"},"content":"                    return;","lastModifiedDate":"2025-01-31","isFullCredit":false},{"lineNumber":97,"author":{"gitId":"bhavinaa"},"content":"                case \"commands\":","lastModifiedDate":"2025-01-31","isFullCredit":false},{"lineNumber":98,"author":{"gitId":"bhavinaa"},"content":"                    printAllComands();","lastModifiedDate":"2025-01-31","isFullCredit":false},{"lineNumber":99,"author":{"gitId":"bhavinaa"},"content":"                    break;","lastModifiedDate":"2025-01-31","isFullCredit":false},{"lineNumber":100,"author":{"gitId":"bhavinaa"},"content":"                default:","lastModifiedDate":"2025-01-31","isFullCredit":false},{"lineNumber":101,"author":{"gitId":"bhavinaa"},"content":"                    processRequest(userCommand);","lastModifiedDate":"2025-01-31","isFullCredit":false},{"lineNumber":102,"author":{"gitId":"bhavinaa"},"content":"            }","lastModifiedDate":"2025-01-31","isFullCredit":false},{"lineNumber":103,"author":{"gitId":"bhavinaa"},"content":"        }","lastModifiedDate":"2025-01-31","isFullCredit":false},{"lineNumber":104,"author":{"gitId":"bhavinaa"},"content":"","lastModifiedDate":"2025-01-31","isFullCredit":false},{"lineNumber":105,"author":{"gitId":"bhavinaa"},"content":"    }","lastModifiedDate":"2025-01-31","isFullCredit":false},{"lineNumber":106,"author":{"gitId":"bhavinaa"},"content":"    public void processRequest(String userCommand) {","lastModifiedDate":"2025-01-31","isFullCredit":false},{"lineNumber":107,"author":{"gitId":"bhavinaa"},"content":"        Task newTask \u003d make_correct_entry(userCommand);","lastModifiedDate":"2025-01-31","isFullCredit":false},{"lineNumber":108,"author":{"gitId":"bhavinaa"},"content":"","lastModifiedDate":"2025-01-31","isFullCredit":false},{"lineNumber":109,"author":{"gitId":"bhavinaa"},"content":"        if (newTask !\u003d null) {","lastModifiedDate":"2025-01-31","isFullCredit":false},{"lineNumber":110,"author":{"gitId":"bhavinaa"},"content":"            taskList.add(newTask);","lastModifiedDate":"2025-01-31","isFullCredit":false},{"lineNumber":111,"author":{"gitId":"bhavinaa"},"content":"            storage.saveTasksToFile();","lastModifiedDate":"2025-01-31","isFullCredit":false},{"lineNumber":112,"author":{"gitId":"bhavinaa"},"content":"            System.out.println(\"Got it. I\u0027ve added this task:\");","lastModifiedDate":"2025-01-31","isFullCredit":false},{"lineNumber":113,"author":{"gitId":"bhavinaa"},"content":"            System.out.println(\"  \" + newTask);","lastModifiedDate":"2025-01-31","isFullCredit":false},{"lineNumber":114,"author":{"gitId":"bhavinaa"},"content":"            System.out.println(\"Now you have \" + taskList.size() + \" tasks in the list.\");","lastModifiedDate":"2025-01-31","isFullCredit":false},{"lineNumber":115,"author":{"gitId":"bhavinaa"},"content":"        } else {","lastModifiedDate":"2025-01-31","isFullCredit":false},{"lineNumber":116,"author":{"gitId":"bhavinaa"},"content":"            System.out.println(\"Invalid task format. Please try again.\");","lastModifiedDate":"2025-01-31","isFullCredit":false},{"lineNumber":117,"author":{"gitId":"bhavinaa"},"content":"        }","lastModifiedDate":"2025-01-31","isFullCredit":false},{"lineNumber":118,"author":{"gitId":"bhavinaa"},"content":"    }","lastModifiedDate":"2025-01-31","isFullCredit":false},{"lineNumber":119,"author":{"gitId":"bhavinaa"},"content":"","lastModifiedDate":"2025-01-31","isFullCredit":false},{"lineNumber":120,"author":{"gitId":"bhavinaa"},"content":"","lastModifiedDate":"2025-01-31","isFullCredit":false},{"lineNumber":121,"author":{"gitId":"bhavinaa"},"content":"","lastModifiedDate":"2025-01-31","isFullCredit":false},{"lineNumber":122,"author":{"gitId":"bhavinaa"},"content":"","lastModifiedDate":"2025-01-31","isFullCredit":false},{"lineNumber":123,"author":{"gitId":"bhavinaa"},"content":"    public void displayTasks() {","lastModifiedDate":"2025-01-31","isFullCredit":false},{"lineNumber":124,"author":{"gitId":"bhavinaa"},"content":"        if (taskList.isEmpty()) {","lastModifiedDate":"2025-01-31","isFullCredit":false},{"lineNumber":125,"author":{"gitId":"bhavinaa"},"content":"            System.out.println(\"Your task list is empty.\");","lastModifiedDate":"2025-01-31","isFullCredit":false},{"lineNumber":126,"author":{"gitId":"bhavinaa"},"content":"        } else {","lastModifiedDate":"2025-01-31","isFullCredit":false},{"lineNumber":127,"author":{"gitId":"bhavinaa"},"content":"            System.out.println(\"Here are your tasks:\");","lastModifiedDate":"2025-01-31","isFullCredit":false},{"lineNumber":128,"author":{"gitId":"bhavinaa"},"content":"            for (int i \u003d 0; i \u003c taskList.size(); i++) {","lastModifiedDate":"2025-01-31","isFullCredit":false},{"lineNumber":129,"author":{"gitId":"bhavinaa"},"content":"                System.out.println((i + 1) + \". \" + taskList.get(i));","lastModifiedDate":"2025-01-31","isFullCredit":false},{"lineNumber":130,"author":{"gitId":"bhavinaa"},"content":"            }","lastModifiedDate":"2025-01-31","isFullCredit":false},{"lineNumber":131,"author":{"gitId":"bhavinaa"},"content":"        }","lastModifiedDate":"2025-01-31","isFullCredit":false},{"lineNumber":132,"author":{"gitId":"bhavinaa"},"content":"    }","lastModifiedDate":"2025-01-31","isFullCredit":false},{"lineNumber":133,"author":{"gitId":"bhavinaa"},"content":"","lastModifiedDate":"2025-01-31","isFullCredit":false},{"lineNumber":134,"author":{"gitId":"bhavinaa"},"content":"","lastModifiedDate":"2025-01-31","isFullCredit":false},{"lineNumber":135,"author":{"gitId":"bhavinaa"},"content":"","lastModifiedDate":"2025-01-31","isFullCredit":false},{"lineNumber":136,"author":{"gitId":"bhavinaa"},"content":"","lastModifiedDate":"2025-01-31","isFullCredit":false},{"lineNumber":137,"author":{"gitId":"bhavinaa"},"content":"","lastModifiedDate":"2025-01-31","isFullCredit":false},{"lineNumber":138,"author":{"gitId":"bhavinaa"},"content":"","lastModifiedDate":"2025-01-31","isFullCredit":false},{"lineNumber":139,"author":{"gitId":"bhavinaa"},"content":"    public Task make_correct_entry(String userCommand) {","lastModifiedDate":"2025-01-31","isFullCredit":false},{"lineNumber":140,"author":{"gitId":"bhavinaa"},"content":"        String[] parts \u003d userCommand.split(\",\\\\s*\"); // Split by comma, allowing spaces","lastModifiedDate":"2025-01-31","isFullCredit":false},{"lineNumber":141,"author":{"gitId":"bhavinaa"},"content":"","lastModifiedDate":"2025-01-31","isFullCredit":false},{"lineNumber":142,"author":{"gitId":"bhavinaa"},"content":"        if (parts.length \u003d\u003d 3) {","lastModifiedDate":"2025-01-31","isFullCredit":false},{"lineNumber":143,"author":{"gitId":"bhavinaa"},"content":"            return new Events(parts[0].trim(), parts[1].trim(), parts[2].trim());","lastModifiedDate":"2025-01-31","isFullCredit":false},{"lineNumber":144,"author":{"gitId":"bhavinaa"},"content":"        } else if (parts.length \u003d\u003d 2) {","lastModifiedDate":"2025-01-31","isFullCredit":false},{"lineNumber":145,"author":{"gitId":"bhavinaa"},"content":"            return new Deadlines(parts[0].trim(), parts[1].trim());","lastModifiedDate":"2025-01-31","isFullCredit":false},{"lineNumber":146,"author":{"gitId":"bhavinaa"},"content":"        } else if (parts.length \u003d\u003d 1) {","lastModifiedDate":"2025-01-31","isFullCredit":false},{"lineNumber":147,"author":{"gitId":"bhavinaa"},"content":"            return new ToDos(parts[0].trim());","lastModifiedDate":"2025-01-31","isFullCredit":false},{"lineNumber":148,"author":{"gitId":"bhavinaa"},"content":"        } else {","lastModifiedDate":"2025-01-31","isFullCredit":false},{"lineNumber":149,"author":{"gitId":"bhavinaa"},"content":"            System.out.println(\"Invalid input format! Use \u0027description, date\u0027 for deadlines or \u0027description, start, end\u0027 for events.\");","lastModifiedDate":"2025-01-31","isFullCredit":false},{"lineNumber":150,"author":{"gitId":"bhavinaa"},"content":"            return null;","lastModifiedDate":"2025-01-31","isFullCredit":false},{"lineNumber":151,"author":{"gitId":"bhavinaa"},"content":"        }","lastModifiedDate":"2025-01-31","isFullCredit":false},{"lineNumber":152,"author":{"gitId":"bhavinaa"},"content":"    }","lastModifiedDate":"2025-01-31","isFullCredit":false},{"lineNumber":153,"author":{"gitId":"bhavinaa"},"content":"","lastModifiedDate":"2025-01-31","isFullCredit":false},{"lineNumber":154,"author":{"gitId":"bhavinaa"},"content":"    public void loadTasks() {","lastModifiedDate":"2025-01-31","isFullCredit":false},{"lineNumber":155,"author":{"gitId":"bhavinaa"},"content":"        this.storage.loadTasksFromFile();","lastModifiedDate":"2025-01-31","isFullCredit":false},{"lineNumber":156,"author":{"gitId":"bhavinaa"},"content":"    }","lastModifiedDate":"2025-01-31","isFullCredit":false},{"lineNumber":157,"author":{"gitId":"bhavinaa"},"content":"","lastModifiedDate":"2025-01-31","isFullCredit":false},{"lineNumber":158,"author":{"gitId":"bhavinaa"},"content":"}","lastModifiedDate":"2025-01-31","isFullCredit":false},{"lineNumber":159,"author":{"gitId":"bhavinaa"},"content":"","lastModifiedDate":"2025-01-31","isFullCredit":false}],"authorContributionMap":{"bhavinaa":159}},{"path":"src/main/java/bhavs.java","fileType":"java","lines":[{"lineNumber":1,"author":{"gitId":"bhavinaa"},"content":"","lastModifiedDate":"2025-01-31","isFullCredit":false},{"lineNumber":2,"author":{"gitId":"bhavinaa"},"content":"import java.util.ArrayList;","lastModifiedDate":"2025-01-22","isFullCredit":false},{"lineNumber":3,"author":{"gitId":"bhavinaa"},"content":"import java.util.List;","lastModifiedDate":"2025-01-22","isFullCredit":false},{"lineNumber":4,"author":{"gitId":"bhavinaa"},"content":"","lastModifiedDate":"2025-01-22","isFullCredit":false},{"lineNumber":5,"author":{"gitId":"bhavinaa"},"content":"class bhavs {","lastModifiedDate":"2025-01-23","isFullCredit":false},{"lineNumber":6,"author":{"gitId":"bhavinaa"},"content":"    private static final String FILE_PATH \u003d \"./data/duke.txt\"; // File path for saving tasks (not sure how to give this)","lastModifiedDate":"2025-01-31","isFullCredit":false},{"lineNumber":7,"author":{"gitId":"bhavinaa"},"content":"    private TaskList taskList; // List of tasks","lastModifiedDate":"2025-01-31","isFullCredit":false},{"lineNumber":8,"author":{"gitId":"bhavinaa"},"content":"","lastModifiedDate":"2025-01-30","isFullCredit":false},{"lineNumber":9,"author":{"gitId":"bhavinaa"},"content":"    public static void main(String[] args) {","lastModifiedDate":"2025-01-22","isFullCredit":false},{"lineNumber":10,"author":{"gitId":"bhavinaa"},"content":"        bhavs chatBot \u003d new bhavs();","lastModifiedDate":"2025-01-23","isFullCredit":false},{"lineNumber":11,"author":{"gitId":"bhavinaa"},"content":"        chatBot.run();","lastModifiedDate":"2025-01-23","isFullCredit":false},{"lineNumber":12,"author":{"gitId":"bhavinaa"},"content":"    }","lastModifiedDate":"2025-01-23","isFullCredit":false},{"lineNumber":13,"author":{"gitId":"bhavinaa"},"content":"","lastModifiedDate":"2025-01-23","isFullCredit":false},{"lineNumber":14,"author":{"gitId":"bhavinaa"},"content":"    public bhavs() {","lastModifiedDate":"2025-01-30","isFullCredit":false},{"lineNumber":15,"author":{"gitId":"bhavinaa"},"content":"        this.taskList \u003d new TaskList();","lastModifiedDate":"2025-01-31","isFullCredit":false},{"lineNumber":16,"author":{"gitId":"bhavinaa"},"content":"    }","lastModifiedDate":"2025-01-30","isFullCredit":false},{"lineNumber":17,"author":{"gitId":"bhavinaa"},"content":"","lastModifiedDate":"2025-01-23","isFullCredit":false},{"lineNumber":18,"author":{"gitId":"bhavinaa"},"content":"    public void run() {","lastModifiedDate":"2025-01-30","isFullCredit":false},{"lineNumber":19,"author":{"gitId":"bhavinaa"},"content":"        UI ui \u003d new UI(FILE_PATH, taskList);","lastModifiedDate":"2025-01-31","isFullCredit":false},{"lineNumber":20,"author":{"gitId":"bhavinaa"},"content":"        ui.loadTasks();","lastModifiedDate":"2025-01-31","isFullCredit":false},{"lineNumber":21,"author":{"gitId":"bhavinaa"},"content":"        ui.printWelcomeMessage();","lastModifiedDate":"2025-01-31","isFullCredit":false},{"lineNumber":22,"author":{"gitId":"bhavinaa"},"content":"        ui.personalWelcomeToGuest();","lastModifiedDate":"2025-01-31","isFullCredit":false},{"lineNumber":23,"author":{"gitId":"bhavinaa"},"content":"        ui.processComands();","lastModifiedDate":"2025-01-31","isFullCredit":false},{"lineNumber":24,"author":{"gitId":"bhavinaa"},"content":"    }","lastModifiedDate":"2025-01-30","isFullCredit":false},{"lineNumber":25,"author":{"gitId":"bhavinaa"},"content":"}","lastModifiedDate":"2025-01-30","isFullCredit":false}],"authorContributionMap":{"bhavinaa":25}},{"path":"text-ui-test/input.txt","fileType":"txt","lines":[{"lineNumber":1,"author":{"gitId":"bhavinaa"},"content":"bhavs","lastModifiedDate":"2025-01-23","isFullCredit":false},{"lineNumber":2,"author":{"gitId":"bhavinaa"},"content":"cs2103T","lastModifiedDate":"2025-01-23","isFullCredit":false},{"lineNumber":3,"author":{"gitId":"bhavinaa"},"content":"cs2106","lastModifiedDate":"2025-01-23","isFullCredit":false},{"lineNumber":4,"author":{"gitId":"bhavinaa"},"content":"cs2109s","lastModifiedDate":"2025-01-23","isFullCredit":false},{"lineNumber":5,"author":{"gitId":"bhavinaa"},"content":"cs2101","lastModifiedDate":"2025-01-23","isFullCredit":false},{"lineNumber":6,"author":{"gitId":"bhavinaa"},"content":"list","lastModifiedDate":"2025-01-23","isFullCredit":false},{"lineNumber":7,"author":{"gitId":"bhavinaa"},"content":"mark","lastModifiedDate":"2025-01-23","isFullCredit":false},{"lineNumber":8,"author":{"gitId":"bhavinaa"},"content":"2","lastModifiedDate":"2025-01-23","isFullCredit":false},{"lineNumber":9,"author":{"gitId":"bhavinaa"},"content":"mark","lastModifiedDate":"2025-01-23","isFullCredit":false},{"lineNumber":10,"author":{"gitId":"bhavinaa"},"content":"4","lastModifiedDate":"2025-01-23","isFullCredit":false},{"lineNumber":11,"author":{"gitId":"bhavinaa"},"content":"list","lastModifiedDate":"2025-01-23","isFullCredit":false},{"lineNumber":12,"author":{"gitId":"bhavinaa"},"content":"mark","lastModifiedDate":"2025-01-23","isFullCredit":false},{"lineNumber":13,"author":{"gitId":"bhavinaa"},"content":"3","lastModifiedDate":"2025-01-23","isFullCredit":false},{"lineNumber":14,"author":{"gitId":"bhavinaa"},"content":"unmark","lastModifiedDate":"2025-01-23","isFullCredit":false},{"lineNumber":15,"author":{"gitId":"bhavinaa"},"content":"4","lastModifiedDate":"2025-01-23","isFullCredit":false},{"lineNumber":16,"author":{"gitId":"bhavinaa"},"content":"list","lastModifiedDate":"2025-01-23","isFullCredit":false},{"lineNumber":17,"author":{"gitId":"bhavinaa"},"content":"delete","lastModifiedDate":"2025-01-23","isFullCredit":false},{"lineNumber":18,"author":{"gitId":"bhavinaa"},"content":"4","lastModifiedDate":"2025-01-23","isFullCredit":false},{"lineNumber":19,"author":{"gitId":"bhavinaa"},"content":"list","lastModifiedDate":"2025-01-23","isFullCredit":false}],"authorContributionMap":{"bhavinaa":19}},{"path":"text-ui-test/runtest.bat","fileType":"bat","lines":[{"lineNumber":1,"author":{"gitId":"-"},"content":"@ECHO OFF","lastModifiedDate":"2020-05-25","isFullCredit":false},{"lineNumber":2,"author":{"gitId":"-"},"content":"","lastModifiedDate":"2020-05-25","isFullCredit":false},{"lineNumber":3,"author":{"gitId":"-"},"content":"REM create bin directory if it doesn\u0027t exist","lastModifiedDate":"2020-05-25","isFullCredit":false},{"lineNumber":4,"author":{"gitId":"-"},"content":"if not exist ..\\bin mkdir ..\\bin","lastModifiedDate":"2020-05-25","isFullCredit":false},{"lineNumber":5,"author":{"gitId":"-"},"content":"","lastModifiedDate":"2020-05-25","isFullCredit":false},{"lineNumber":6,"author":{"gitId":"-"},"content":"REM delete output from previous run","lastModifiedDate":"2020-05-25","isFullCredit":false},{"lineNumber":7,"author":{"gitId":"bhavinaa"},"content":"del ACTUAL.TXT","lastModifiedDate":"2025-01-23","isFullCredit":false},{"lineNumber":8,"author":{"gitId":"-"},"content":"","lastModifiedDate":"2020-05-25","isFullCredit":false},{"lineNumber":9,"author":{"gitId":"-"},"content":"REM compile the code into the bin folder","lastModifiedDate":"2020-05-25","isFullCredit":false},{"lineNumber":10,"author":{"gitId":"-"},"content":"javac  -cp ..\\src\\main\\java -Xlint:none -d ..\\bin ..\\src\\main\\java\\*.java","lastModifiedDate":"2020-08-25","isFullCredit":false},{"lineNumber":11,"author":{"gitId":"-"},"content":"IF ERRORLEVEL 1 (","lastModifiedDate":"2020-05-25","isFullCredit":false},{"lineNumber":12,"author":{"gitId":"-"},"content":"    echo ********** BUILD FAILURE **********","lastModifiedDate":"2020-05-25","isFullCredit":false},{"lineNumber":13,"author":{"gitId":"-"},"content":"    exit /b 1","lastModifiedDate":"2020-05-25","isFullCredit":false},{"lineNumber":14,"author":{"gitId":"-"},"content":")","lastModifiedDate":"2020-05-25","isFullCredit":false},{"lineNumber":15,"author":{"gitId":"-"},"content":"REM no error here, errorlevel \u003d\u003d 0","lastModifiedDate":"2020-05-25","isFullCredit":false},{"lineNumber":16,"author":{"gitId":"-"},"content":"","lastModifiedDate":"2020-05-25","isFullCredit":false},{"lineNumber":17,"author":{"gitId":"-"},"content":"REM run the program, feed commands from input.txt file and redirect the output to the ACTUAL.TXT","lastModifiedDate":"2020-05-25","isFullCredit":false},{"lineNumber":18,"author":{"gitId":"bhavinaa"},"content":"java -classpath ..\\bin bhavs \u003c input.txt \u003e ACTUAL.TXT","lastModifiedDate":"2025-01-23","isFullCredit":false},{"lineNumber":19,"author":{"gitId":"-"},"content":"","lastModifiedDate":"2020-05-25","isFullCredit":false},{"lineNumber":20,"author":{"gitId":"-"},"content":"REM compare the output to the expected output","lastModifiedDate":"2020-05-25","isFullCredit":false},{"lineNumber":21,"author":{"gitId":"-"},"content":"FC ACTUAL.TXT EXPECTED.TXT","lastModifiedDate":"2020-05-25","isFullCredit":false}],"authorContributionMap":{"bhavinaa":2,"-":19}},{"path":"text-ui-test/runtest.sh","fileType":"sh","lines":[{"lineNumber":1,"author":{"gitId":"-"},"content":"#!/usr/bin/env bash","lastModifiedDate":"2020-05-25","isFullCredit":false},{"lineNumber":2,"author":{"gitId":"-"},"content":"","lastModifiedDate":"2020-05-25","isFullCredit":false},{"lineNumber":3,"author":{"gitId":"-"},"content":"# create bin directory if it doesn\u0027t exist","lastModifiedDate":"2020-05-25","isFullCredit":false},{"lineNumber":4,"author":{"gitId":"-"},"content":"if [ ! -d \"../bin\" ]","lastModifiedDate":"2020-05-25","isFullCredit":false},{"lineNumber":5,"author":{"gitId":"-"},"content":"then","lastModifiedDate":"2020-05-25","isFullCredit":false},{"lineNumber":6,"author":{"gitId":"-"},"content":"    mkdir ../bin","lastModifiedDate":"2020-05-25","isFullCredit":false},{"lineNumber":7,"author":{"gitId":"-"},"content":"fi","lastModifiedDate":"2020-05-25","isFullCredit":false},{"lineNumber":8,"author":{"gitId":"-"},"content":"","lastModifiedDate":"2020-05-25","isFullCredit":false},{"lineNumber":9,"author":{"gitId":"-"},"content":"# delete output from previous run","lastModifiedDate":"2020-05-25","isFullCredit":false},{"lineNumber":10,"author":{"gitId":"-"},"content":"if [ -e \"./ACTUAL.TXT\" ]","lastModifiedDate":"2020-05-25","isFullCredit":false},{"lineNumber":11,"author":{"gitId":"-"},"content":"then","lastModifiedDate":"2020-05-25","isFullCredit":false},{"lineNumber":12,"author":{"gitId":"-"},"content":"    rm ACTUAL.TXT","lastModifiedDate":"2020-05-25","isFullCredit":false},{"lineNumber":13,"author":{"gitId":"-"},"content":"fi","lastModifiedDate":"2020-05-25","isFullCredit":false},{"lineNumber":14,"author":{"gitId":"-"},"content":"","lastModifiedDate":"2020-05-25","isFullCredit":false},{"lineNumber":15,"author":{"gitId":"-"},"content":"# compile the code into the bin folder, terminates if error occurred","lastModifiedDate":"2020-05-25","isFullCredit":false},{"lineNumber":16,"author":{"gitId":"-"},"content":"if ! javac -cp ../src/main/java -Xlint:none -d ../bin ../src/main/java/*.java","lastModifiedDate":"2025-01-23","isFullCredit":false},{"lineNumber":17,"author":{"gitId":"-"},"content":"then","lastModifiedDate":"2020-05-25","isFullCredit":false},{"lineNumber":18,"author":{"gitId":"-"},"content":"    echo \"********** BUILD FAILURE **********\"","lastModifiedDate":"2020-05-25","isFullCredit":false},{"lineNumber":19,"author":{"gitId":"-"},"content":"    exit 1","lastModifiedDate":"2020-05-25","isFullCredit":false},{"lineNumber":20,"author":{"gitId":"-"},"content":"fi","lastModifiedDate":"2020-05-25","isFullCredit":false},{"lineNumber":21,"author":{"gitId":"-"},"content":"","lastModifiedDate":"2020-05-25","isFullCredit":false},{"lineNumber":22,"author":{"gitId":"-"},"content":"# run the program, feed commands from input.txt file and redirect the output to the ACTUAL.TXT","lastModifiedDate":"2020-05-25","isFullCredit":false},{"lineNumber":23,"author":{"gitId":"bhavinaa"},"content":"java -classpath C:\\NUS_CS\\CS2103T\\ip\\out\\production\\ip bhavs \u003c input.txt \u003e ACTUAL.TXT","lastModifiedDate":"2025-01-23","isFullCredit":false},{"lineNumber":24,"author":{"gitId":"-"},"content":"","lastModifiedDate":"2020-05-25","isFullCredit":false},{"lineNumber":25,"author":{"gitId":"-"},"content":"# compare the output to the expected output","lastModifiedDate":"2020-05-25","isFullCredit":false},{"lineNumber":26,"author":{"gitId":"bhavinaa"},"content":"diff ACTUAL.TXT EXPECTED.TXT","lastModifiedDate":"2025-01-23","isFullCredit":false},{"lineNumber":27,"author":{"gitId":"-"},"content":"if [ $? -eq 0 ]","lastModifiedDate":"2020-05-25","isFullCredit":false},{"lineNumber":28,"author":{"gitId":"-"},"content":"then","lastModifiedDate":"2020-05-25","isFullCredit":false},{"lineNumber":29,"author":{"gitId":"-"},"content":"    echo \"Test result: PASSED\"","lastModifiedDate":"2020-05-25","isFullCredit":false},{"lineNumber":30,"author":{"gitId":"-"},"content":"    exit 0","lastModifiedDate":"2020-05-25","isFullCredit":false},{"lineNumber":31,"author":{"gitId":"-"},"content":"else","lastModifiedDate":"2020-05-25","isFullCredit":false},{"lineNumber":32,"author":{"gitId":"-"},"content":"    echo \"Test result: FAILED\"","lastModifiedDate":"2020-05-25","isFullCredit":false},{"lineNumber":33,"author":{"gitId":"-"},"content":"    exit 1","lastModifiedDate":"2020-05-25","isFullCredit":false},{"lineNumber":34,"author":{"gitId":"-"},"content":"fi","lastModifiedDate":"2020-05-25","isFullCredit":false}],"authorContributionMap":{"bhavinaa":2,"-":32}}]
