{"authorDailyContributionsMap":{"bhavinaa":[{"date":"2025-01-22","commitResults":[{"hash":"bf76c25daf6a216e8932bad10d73a3253535cfa0","isMergeCommit":false,"messageTitle":"Level 0. Rename, Greet, Exit","messageBody":"","fileTypesAndContributionMap":{"java":{"insertions":15,"deletions":10}}},{"hash":"297fde5577294519ba95cf1b7a521dab14aa6cdf","isMergeCommit":false,"messageTitle":"Level 1. Echo","messageBody":"","tags":["v0.1"],"fileTypesAndContributionMap":{"java":{"insertions":16,"deletions":3}}},{"hash":"d39a9a45b85c4f22754c82dc6e6cfcaa33625b8f","isMergeCommit":false,"messageTitle":"Level 2. Add, List","messageBody":"","tags":["Level-2","Level-1","Level-0"],"fileTypesAndContributionMap":{"java":{"insertions":30,"deletions":7}}},{"hash":"a1f30d480dc15178424b220291eee1d24fba16ac","isMergeCommit":false,"messageTitle":"added the task class","messageBody":"","fileTypesAndContributionMap":{"java":{"insertions":32,"deletions":6}}},{"hash":"0c0ce650d5c68a57142d57750023a4c9b1744631","isMergeCommit":false,"messageTitle":"started on level 3, with an option to toggle","messageBody":"","fileTypesAndContributionMap":{"java":{"insertions":45,"deletions":1}}}]},{"date":"2025-01-23","commitResults":[{"hash":"5eb0a7776665f2163e4156828cc92b4af3d8935b","isMergeCommit":false,"messageTitle":"final level 3 work","messageBody":"","tags":["Level-3"],"fileTypesAndContributionMap":{"java":{"insertions":9,"deletions":1}}},{"hash":"4dbd118457e1ea418922aac309e796bcaf10c89c","isMergeCommit":false,"messageTitle":"refactored the code and broke it down to functions","messageBody":"","fileTypesAndContributionMap":{"java":{"insertions":107,"deletions":71}}},{"hash":"926c71e56385b9b6e3129163095263e66e25235d","isMergeCommit":false,"messageTitle":"rough qns 4","messageBody":"","fileTypesAndContributionMap":{"java":{"insertions":67,"deletions":3}}},{"hash":"4f2706e785437e279716610dde39b229addbff48","isMergeCommit":false,"messageTitle":"almost done with level 4","messageBody":"","tags":["Level-4"],"fileTypesAndContributionMap":{"java":{"insertions":66,"deletions":83}}},{"hash":"1605a360b261f988c51bd45177e020e4b3cf56c6","isMergeCommit":false,"messageTitle":"added the level 4, and level 6, as i try to see if i can add more error/exception checks","messageBody":"","fileTypesAndContributionMap":{"txt":{"insertions":9,"deletions":0},"java":{"insertions":63,"deletions":28},"bat":{"insertions":1,"deletions":1},"sh":{"insertions":2,"deletions":2}}},{"hash":"e015436c90b81fe9abd0d1e1652bc6e293d55410","isMergeCommit":false,"messageTitle":"prev version had an error.. it does not compile","messageBody":"","fileTypesAndContributionMap":{"java":{"insertions":2,"deletions":2}}},{"hash":"95104889f7fed1c737865295c8aabf9a316aaf67","isMergeCommit":false,"messageTitle":"fixed the mark list as i was double subtracting it","messageBody":"","tags":["Level-6","Level-5"],"fileTypesAndContributionMap":{"java":{"insertions":19,"deletions":4}}},{"hash":"54df13a2a7d294e2200bc6134a74fa940dd3a04f","isMergeCommit":false,"messageTitle":"made the default test cases","messageBody":"","tags":["A-TextUiTesting"],"fileTypesAndContributionMap":{"txt":{"insertions":14,"deletions":4},"java":{"insertions":3,"deletions":1},"bat":{"insertions":3,"deletions":3},"sh":{"insertions":4,"deletions":8}}}]},{"date":"2025-01-30","commitResults":[{"hash":"bf7b9aff75e14beb1a1ad60076274bfb78be0989","isMergeCommit":false,"messageTitle":"edited grammer","messageBody":"","fileTypesAndContributionMap":{"java":{"insertions":1,"deletions":1}}},{"hash":"f68fd201e080146d89db081bf1f51263e997f1dc","isMergeCommit":false,"messageTitle":"branch Level-7","messageBody":"","fileTypesAndContributionMap":{"txt":{"insertions":19,"deletions":0},"java":{"insertions":209,"deletions":127}}},{"hash":"2f4f3697253b6afdc491834588d7ae5b51e0bce9","isMergeCommit":true,"messageTitle":"Merge branch-Level-7 with Level 7 implementation","messageBody":"","tags":["Level-7"],"fileTypesAndContributionMap":{}}]},{"date":"2025-01-31","commitResults":[{"hash":"827f084923cef7ec5bf534d26facd83f31663258","isMergeCommit":false,"messageTitle":"add the command feature to show all possible commands","messageBody":"","fileTypesAndContributionMap":{"txt":{"insertions":1,"deletions":0},"java":{"insertions":24,"deletions":0}}},{"hash":"4c756d162ee280dfb446aa4fc9d093e221857f3b","isMergeCommit":false,"messageTitle":"added the UI class to increase OOP","messageBody":"","fileTypesAndContributionMap":{"txt":{"insertions":0,"deletions":6},"java":{"insertions":262,"deletions":228}}},{"hash":"772799c95c44bd7c3871d7895a7df260d85426d4","isMergeCommit":false,"messageTitle":"added the storage class","messageBody":"","fileTypesAndContributionMap":{"java":{"insertions":2,"deletions":0}}},{"hash":"b6ad433f36a7ce6ae5dfefc85919f47e37ef347f","isMergeCommit":false,"messageTitle":"added the parser in the code","messageBody":"","tags":["A-MoreOOP"],"fileTypesAndContributionMap":{"java":{"insertions":2,"deletions":0}}},{"hash":"947cf502ae63bd8624a6c6f66e6a2b93d8076163","isMergeCommit":false,"messageTitle":"added more OOP","messageBody":"","fileTypesAndContributionMap":{"txt":{"insertions":9,"deletions":3},"java":{"insertions":171,"deletions":115}}},{"hash":"ecd47a8e3e5e61970bccdeccdfe76890026a3d96","isMergeCommit":true,"messageTitle":"Merged A-MoreOOP refactoring into main","messageBody":"","fileTypesAndContributionMap":{}},{"hash":"38128ea9bf2f9db71ec78fca38bdaed3654a94fa","isMergeCommit":true,"messageTitle":"Merge branch \u0027A-MoreOOP\u0027","messageBody":"","fileTypesAndContributionMap":{}},{"hash":"f014b2404ed3dc1c666626ab4ef7306abf36d2be","isMergeCommit":false,"messageTitle":"draft of the time class","messageBody":"","fileTypesAndContributionMap":{"txt":{"insertions":19,"deletions":8},"java":{"insertions":82,"deletions":15}}},{"hash":"99c8064bc669bf1d0b3c667057fe2e324e900d61","isMergeCommit":false,"messageTitle":"to merge later","messageBody":"","tags":["Level-8"],"fileTypesAndContributionMap":{"txt":{"insertions":2,"deletions":31},"java":{"insertions":4,"deletions":3}}},{"hash":"f7ee8558d9ef39b632dfdac1a15bd6533caa5d2a","isMergeCommit":false,"messageTitle":"refactored to packages","messageBody":"","tags":["A-Packages"],"fileTypesAndContributionMap":{"txt":{"insertions":4,"deletions":0},"java":{"insertions":48,"deletions":13}}},{"hash":"2283bc44c71fd153a66a797cbab0412b27d34e10","isMergeCommit":true,"messageTitle":"Merge remote-tracking branch \u0027origin/add-gradle-support\u0027","messageBody":"","fileTypesAndContributionMap":{}},{"hash":"c161fcb6552f7e3426dc59528fa4e755c89ecb22","isMergeCommit":false,"messageTitle":"add gradle support","messageBody":"","tags":["A-Gradle"],"fileTypesAndContributionMap":{"gradle":{"insertions":1,"deletions":1},"txt":{"insertions":4,"deletions":2}}},{"hash":"6e37638322d209ec5c6ccf3a65a463f8fcce5357","isMergeCommit":false,"messageTitle":"test work in progress","messageBody":"","fileTypesAndContributionMap":{"gradle":{"insertions":5,"deletions":0},"txt":{"insertions":1,"deletions":0},"java":{"insertions":89,"deletions":0},"sh":{"insertions":0,"deletions":0}}},{"hash":"96d4642f613b90ecb4342a69302e3b74ca001bf6","isMergeCommit":false,"messageTitle":"added the Junit tests","messageBody":"","fileTypesAndContributionMap":{"java":{"insertions":7,"deletions":4}}},{"hash":"97159da9a963c42ff9c37ea3fd9b91e8f2790d52","isMergeCommit":false,"messageTitle":"add the events file","messageBody":"","tags":["A-Jar","A-JUnit"],"fileTypesAndContributionMap":{"java":{"insertions":1,"deletions":1}}},{"hash":"a7e75beceafe1030474c75745064f5e540c50479","isMergeCommit":false,"messageTitle":"add JavaDocs","messageBody":"","tags":["A-JavaDoc"],"fileTypesAndContributionMap":{"gradle":{"insertions":2,"deletions":1},"txt":{"insertions":1,"deletions":0},"java":{"insertions":129,"deletions":4}}}]},{"date":"2025-02-01","commitResults":[{"hash":"32b57e214d4040ff6c44721bcf59de5d629c4b5b","isMergeCommit":false,"messageTitle":"wrote javaDocs","messageBody":"","fileTypesAndContributionMap":{"txt":{"insertions":4,"deletions":0},"java":{"insertions":23,"deletions":0}}},{"hash":"24cc4d0739df90e69cbeed83416e8f90d5b478d1","isMergeCommit":false,"messageTitle":"Add JavaDocs for the events class","messageBody":"","fileTypesAndContributionMap":{"java":{"insertions":6,"deletions":0}}},{"hash":"619b810ead948a4bf15760f37e1cc7a1ee3bf4fa","isMergeCommit":true,"messageTitle":"Merge branch \u0027branch-A-JavaDoc\u0027","messageBody":"","fileTypesAndContributionMap":{}},{"hash":"9fbf61ac9dc5e9bde0db8e24fd63484fac7002b6","isMergeCommit":false,"messageTitle":"added JavaDocs","messageBody":"","fileTypesAndContributionMap":{"txt":{"insertions":2,"deletions":0},"java":{"insertions":1,"deletions":1}}},{"hash":"8593bf185df9ff4703e40975ec1e1e1960f6e3fc","isMergeCommit":true,"messageTitle":"Resolved merge conflict in Events.java","messageBody":"","fileTypesAndContributionMap":{}},{"hash":"7080e4d34c95cd7a80abea0aaa005a9f2cd7fdab","isMergeCommit":false,"messageTitle":"added the refactored code","messageBody":"","fileTypesAndContributionMap":{"java":{"insertions":3,"deletions":16}}},{"hash":"66e66ac65baddc4b9ea50011bfddf6fd6ec5f48a","isMergeCommit":false,"messageTitle":"refactored code","messageBody":"","fileTypesAndContributionMap":{"java":{"insertions":30,"deletions":27}}},{"hash":"140897e40473591844a94bb92060977538f27653","isMergeCommit":true,"messageTitle":"Merge branch \u0027branch-A-CodingStandard\u0027","messageBody":"","fileTypesAndContributionMap":{}},{"hash":"678a21874f079a774e3de48c54d60ddc37e5f7c8","isMergeCommit":false,"messageTitle":"refactored the classes","messageBody":"","fileTypesAndContributionMap":{"txt":{"insertions":7,"deletions":0},"java":{"insertions":6,"deletions":6}}},{"hash":"80c7c288c6e358cff19be3e3ee9ddf44cb080e0e","isMergeCommit":false,"messageTitle":"add all the relevant stuff","messageBody":"","fileTypesAndContributionMap":{"txt":{"insertions":2,"deletions":1},"java":{"insertions":5,"deletions":4}}},{"hash":"06dddf543a872f64d44364f5a557d4bde30e72f1","isMergeCommit":false,"messageTitle":"added Level-9","messageBody":"","fileTypesAndContributionMap":{"java":{"insertions":1,"deletions":1}}},{"hash":"afac63177e38238cceb98def521dbbd0b56b26b9","isMergeCommit":true,"messageTitle":"Merging branch-Level-9 into master","messageBody":"","tags":["Level-9","A-CodingStandard"],"fileTypesAndContributionMap":{}},{"hash":"44be81475c5b2197a16fc89503b016cd4bada565","isMergeCommit":false,"messageTitle":"Check coding style","messageBody":"","fileTypesAndContributionMap":{"java":{"insertions":0,"deletions":4}}},{"hash":"8b37d609f7897760f0a54df72a16813f78e62df2","isMergeCommit":true,"messageTitle":"Merge branch \u0027git-standard\u0027","messageBody":"","fileTypesAndContributionMap":{}}]},{"date":"2025-02-07","commitResults":[{"hash":"af95e5de87746484cf327f31670bdbbfe7fbd945","isMergeCommit":false,"messageTitle":"Update README.md","messageBody":"","fileTypesAndContributionMap":{"md":{"insertions":29,"deletions":26}}},{"hash":"811789722fff74570491d0d2748eaea38b349abe","isMergeCommit":false,"messageTitle":"Update README.md","messageBody":"","fileTypesAndContributionMap":{"md":{"insertions":34,"deletions":17}}},{"hash":"01ee69e8ffcd145a66a4fe42492590c9f53d4680","isMergeCommit":false,"messageTitle":"Update README.md for version 1.0","messageBody":"","fileTypesAndContributionMap":{"md":{"insertions":9,"deletions":12}}},{"hash":"e6ac404c035a2ed89bdf206e2b055d63a95a886d","isMergeCommit":false,"messageTitle":"Add and Run the checkstyle","messageBody":"","fileTypesAndContributionMap":{"gradle":{"insertions":5,"deletions":0},"txt":{"insertions":7,"deletions":0},"java":{"insertions":144,"deletions":41}}},{"hash":"3a58029dc7c354a4e514cac6aaea11fe6b47f69d","isMergeCommit":true,"messageTitle":"Merge branch \u0027checkStyle\u0027","messageBody":"","tags":["A-CheckStyle"],"fileTypesAndContributionMap":{}}]},{"date":"2025-02-08","commitResults":[{"hash":"20cd9be20605e4c8f207beda3bd35fec0d51b960","isMergeCommit":false,"messageTitle":"Add the launcher class and start GUI migration","messageBody":"","tags":["Level-10-draft1"],"fileTypesAndContributionMap":{"gradle":{"insertions":17,"deletions":1},"txt":{"insertions":3,"deletions":0},"java":{"insertions":166,"deletions":6}}},{"hash":"921ddfae2b05b2e956bf797dc80ddd0c94fc4f4e","isMergeCommit":false,"messageTitle":"Add the FXML file - test","messageBody":"","fileTypesAndContributionMap":{"fxml":{"insertions":66,"deletions":0},"java":{"insertions":106,"deletions":107}}}]},{"date":"2025-02-09","commitResults":[{"hash":"9b13ff3190a55d6d9ac12551bde2137f2da151ae","isMergeCommit":false,"messageTitle":"works more now","messageBody":"","fileTypesAndContributionMap":{"txt":{"insertions":7,"deletions":0},"java":{"insertions":441,"deletions":10}}},{"hash":"bde860749ca12c30e8c0d8a0cbe790ec5b67bb8b","isMergeCommit":false,"messageTitle":"Refactored to remove unnecessary code and made it state persistent","messageBody":"","tags":["push"],"fileTypesAndContributionMap":{"txt":{"insertions":10,"deletions":6},"java":{"insertions":580,"deletions":597}}},{"hash":"5bbd090475862d66cd73287784e179fee2920ace","isMergeCommit":true,"messageTitle":"Resolve Merge Conflicts","messageBody":"","tags":["Level-10"],"fileTypesAndContributionMap":{}}]},{"date":"2025-02-18","commitResults":[{"hash":"8adbd54a9e59632a21fb292f5b58c0a73c69590f","isMergeCommit":false,"messageTitle":"Save changes before switching branches","messageBody":"","fileTypesAndContributionMap":{"gradle":{"insertions":14,"deletions":0},"txt":{"insertions":9,"deletions":0}}}]},{"date":"2025-02-19","commitResults":[{"hash":"2d26977fba0420fcf73588182299c1dc168f2f39","isMergeCommit":false,"messageTitle":"Update sample data","messageBody":"","fileTypesAndContributionMap":{"txt":{"insertions":1,"deletions":0}}},{"hash":"cf9430b638264d03c430ce9bd6acd0be968f8190","isMergeCommit":true,"messageTitle":"Resolved merge conflicts","messageBody":"","fileTypesAndContributionMap":{}},{"hash":"91a1c8e3e1294988f306e6a2c0d6bcba0d2f9e02","isMergeCommit":false,"messageTitle":"Update the gradle","messageBody":"","fileTypesAndContributionMap":{"gradle":{"insertions":8,"deletions":9}}},{"hash":"0a46e90e8fe9bb9007ef1ca6199475ba1643c349","isMergeCommit":false,"messageTitle":"Add Assertions","messageBody":"","fileTypesAndContributionMap":{"gradle":{"insertions":9,"deletions":0},"java":{"insertions":28,"deletions":5}}},{"hash":"8c6c617281552b6a7d80efdd0de29705577300cc","isMergeCommit":false,"messageTitle":"Refactor the UI class","messageBody":"","fileTypesAndContributionMap":{"txt":{"insertions":3,"deletions":0},"java":{"insertions":301,"deletions":181}}},{"hash":"532c495efee9c35bfa3f019bfb29c32e1aec4cc1","isMergeCommit":true,"messageTitle":"Merge the Refactored Code","messageBody":"","fileTypesAndContributionMap":{}},{"hash":"06662a14dbc9c3b6d71ebb5844cc0961ee12ba64","isMergeCommit":false,"messageTitle":"Refactor the Code","messageBody":"","fileTypesAndContributionMap":{"java":{"insertions":9,"deletions":78}}},{"hash":"81637af5b8b5004505c3429633a6d939fd586693","isMergeCommit":true,"messageTitle":"Merge source-branch into target-branch","messageBody":"","fileTypesAndContributionMap":{}},{"hash":"46c690670f34065685f9a314a121b9035aaf0219","isMergeCommit":false,"messageTitle":"Add the processCommand function","messageBody":"","fileTypesAndContributionMap":{"java":{"insertions":4,"deletions":0}}},{"hash":"5dfbe4576fb2e6372478d2b42bffdaddaa2d636c","isMergeCommit":true,"messageTitle":"Merge source-branch into Master","messageBody":"","tags":["A-CodeQuality","A-Assertions"],"fileTypesAndContributionMap":{}},{"hash":"0ca16ca613455744855a7cb3acfecf57c8ca09c6","isMergeCommit":false,"messageTitle":"Add Assertions","messageBody":"","fileTypesAndContributionMap":{"java":{"insertions":2,"deletions":0}}},{"hash":"b1250a15b499013f614ba3f4b9f577a96171cc92","isMergeCommit":false,"messageTitle":"Refactor the code","messageBody":"","fileTypesAndContributionMap":{"java":{"insertions":2,"deletions":3}}},{"hash":"d5e0bc450f4c604138cc71697073ac16f8c953b7","isMergeCommit":true,"messageTitle":"Merge pull request #2 from bhavinaa/branch-A-codeQuality","messageBody":"Refactor the code","fileTypesAndContributionMap":{}},{"hash":"2e866811ed0b123585a3e98b0713921c69b1fa47","isMergeCommit":false,"messageTitle":"Change the data","messageBody":"","fileTypesAndContributionMap":{"txt":{"insertions":1,"deletions":0}}},{"hash":"a90203f8e30393bf3a5dec1f3cdc52ca4fbe50f5","isMergeCommit":true,"messageTitle":"Merge branch \u0027master\u0027 into branch-A-Assertions","messageBody":"","fileTypesAndContributionMap":{}},{"hash":"77cc22baac241d30768bcf45781f839d0e190cfe","isMergeCommit":true,"messageTitle":"Merge pull request #3 from bhavinaa/branch-A-Assertions","messageBody":"Add Assertions","fileTypesAndContributionMap":{}},{"hash":"c5c02bedbc80c88bec7057c17e72a19ba1219d32","isMergeCommit":true,"messageTitle":"Merge branch \u0027branch-A-Assertions\u0027 of github.com:bhavinaa/ip into branch-A-Assertions","messageBody":"","fileTypesAndContributionMap":{}},{"hash":"e13ab5a8bccfaa739edac89720a37c5afd13a5f8","isMergeCommit":false,"messageTitle":"Added GitHub Actions CI workflow","messageBody":"","fileTypesAndContributionMap":{"java":{"insertions":1,"deletions":0}}},{"hash":"56366037c4dd253193b981115981061441d1f393","isMergeCommit":false,"messageTitle":"Update the .yml file","messageBody":"","fileTypesAndContributionMap":{"java":{"insertions":1,"deletions":1}}},{"hash":"cc6c6520e9e028447ecd8fa10dce1b2dd08c692f","isMergeCommit":false,"messageTitle":"Process Commands","messageBody":"","fileTypesAndContributionMap":{"java":{"insertions":1,"deletions":0}}},{"hash":"bd6542fcca21dfabf40e2c2da60f2a4100a56d54","isMergeCommit":false,"messageTitle":"Refactor TaskManager class","messageBody":"Refactored the UI class to separatecommand processing logic.\nExtracted CommandProcessor into its own class\nImproved method naming for better readability\nUpdated relevant tests to reflect the changes\n\nThis changes makes the code more modular and easier to maintain.\n","tags":["A-FullCommitMessage"],"fileTypesAndContributionMap":{"java":{"insertions":1,"deletions":0}}},{"hash":"084a92008005ca00313252716a0e6613bc8c46e2","isMergeCommit":false,"messageTitle":"Add the Extension Feature C-Sort","messageBody":"","fileTypesAndContributionMap":{"java":{"insertions":51,"deletions":2}}},{"hash":"227889fc541f780663ddb2576c63ea3a1f491a43","isMergeCommit":false,"messageTitle":"Change the .yml file","messageBody":"","fileTypesAndContributionMap":{"txt":{"insertions":2,"deletions":0}}},{"hash":"f328ab026bfda5aec3959e1e6f5cd57e72f78d80","isMergeCommit":false,"messageTitle":"Disable Checkstyle","messageBody":"","fileTypesAndContributionMap":{"gradle":{"insertions":2,"deletions":0}}},{"hash":"5f806f3953e96a4cfb6d3f3a003a3610257a558e","isMergeCommit":false,"messageTitle":"Remove CheckStyle","messageBody":"","fileTypesAndContributionMap":{"gradle":{"insertions":1,"deletions":6}}}]}]},"authorFileTypeContributionMap":{"bhavinaa":{"java":1561,"md":43,"fxml":66,"sh":2,"bat":2,"gradle":52,"txt":77}},"authorContributionVariance":{"bhavinaa":121352.63},"authorDisplayNameMap":{"bhavinaa":"CS2103T-F12-3 BHAV..UMAR"}}
