{"authorDailyContributionsMap":{"bhavinaa":[{"date":"2025-01-22","commitResults":[{"hash":"bf76c25daf6a216e8932bad10d73a3253535cfa0","isMergeCommit":false,"messageTitle":"Level 0. Rename, Greet, Exit","messageBody":"","fileTypesAndContributionMap":{"java":{"insertions":15,"deletions":10}}},{"hash":"297fde5577294519ba95cf1b7a521dab14aa6cdf","isMergeCommit":false,"messageTitle":"Level 1. Echo","messageBody":"","tags":["v0.1"],"fileTypesAndContributionMap":{"java":{"insertions":16,"deletions":3}}},{"hash":"d39a9a45b85c4f22754c82dc6e6cfcaa33625b8f","isMergeCommit":false,"messageTitle":"Level 2. Add, List","messageBody":"","tags":["Level-2","Level-1","Level-0"],"fileTypesAndContributionMap":{"java":{"insertions":30,"deletions":7}}},{"hash":"a1f30d480dc15178424b220291eee1d24fba16ac","isMergeCommit":false,"messageTitle":"added the task class","messageBody":"","fileTypesAndContributionMap":{"java":{"insertions":32,"deletions":6}}},{"hash":"0c0ce650d5c68a57142d57750023a4c9b1744631","isMergeCommit":false,"messageTitle":"started on level 3, with an option to toggle","messageBody":"","fileTypesAndContributionMap":{"java":{"insertions":45,"deletions":1}}}]}]},"authorFileTypeContributionMap":{"bhavinaa":{"java":121,"md":0,"fxml":0,"sh":0,"bat":0,"gradle":0,"txt":0}},"authorContributionVariance":{"bhavinaa":3781.25},"authorDisplayNameMap":{"bhavinaa":"BHAV..UMAR"}}
