{"authorDailyContributionsMap":{"huangtian666":[{"date":"2025-01-23","commitResults":[{"hash":"cb8938c2190474fee3b4d37cd449e10f1d52c39e","isMergeCommit":false,"messageTitle":"renamed chatbot and added initial skeleton","messageBody":"","tags":["Level-0"],"fileTypesAndContributionMap":{"java":{"insertions":9,"deletions":10}}},{"hash":"6eb40b0b0461eae4dd202947322d54883c9ce184","isMergeCommit":false,"messageTitle":"improved skeletal version","messageBody":"","tags":["Level-1"],"fileTypesAndContributionMap":{"java":{"insertions":12,"deletions":2}}}]},{"date":"2025-01-24","commitResults":[{"hash":"e8dbefc3e86f2c8b2e4dc3ecdc558ac7389defbb","isMergeCommit":false,"messageTitle":"added to do list","messageBody":"","fileTypesAndContributionMap":{"java":{"insertions":23,"deletions":0}}},{"hash":"bacf7eeea27793ac1e627e0b4aa894bc138dc87b","isMergeCommit":false,"messageTitle":"added to do list","messageBody":"","tags":["Level-2"],"fileTypesAndContributionMap":{"java":{"insertions":18,"deletions":2}}},{"hash":"163b18647464568c0d5bcfa02f34418fb84398eb","isMergeCommit":false,"messageTitle":"added mark and unmark features","messageBody":"","tags":["Level-3"],"fileTypesAndContributionMap":{"java":{"insertions":41,"deletions":4}}},{"hash":"a913e9c64d5c3deb97c6330f394f6f741561c75a","isMergeCommit":false,"messageTitle":"updated deadline and event files","messageBody":"","tags":["Level-4"],"fileTypesAndContributionMap":{"java":{"insertions":104,"deletions":43}}},{"hash":"2eb6062bb5cc625b4b53a2eed585d06de4b3acb8","isMergeCommit":false,"messageTitle":"cleaned files","messageBody":"","fileTypesAndContributionMap":{"java":{"insertions":72,"deletions":15}}},{"hash":"3ee178dd4029cd141c67c1d5e3d9b11025bc9af0","isMergeCommit":false,"messageTitle":"added delete feature","messageBody":"","tags":["Level-6"],"fileTypesAndContributionMap":{"java":{"insertions":20,"deletions":11}}},{"hash":"4a8cb04fd0d84ff3e3d388dff0541522d3f1c532","isMergeCommit":false,"messageTitle":"cleaned main file and added error handling","messageBody":"","tags":["Level-5"],"fileTypesAndContributionMap":{"java":{"insertions":47,"deletions":24}}},{"hash":"8a6de44ee041805647a9027099cb545c5cd46050","isMergeCommit":false,"messageTitle":"fixed some logic in main file","messageBody":"","fileTypesAndContributionMap":{"java":{"insertions":11,"deletions":4}}},{"hash":"8893f42a13b96a6fcd38116a6aa14a6d3fe7088c","isMergeCommit":false,"messageTitle":"cleaned files","messageBody":"","fileTypesAndContributionMap":{"java":{"insertions":0,"deletions":1}}},{"hash":"d319bd9a1e96d1e9abfe5e39d46b213d55395091","isMergeCommit":false,"messageTitle":"added testing","messageBody":"","tags":["A-TextUiTesting"],"fileTypesAndContributionMap":{"txt":{"insertions":7,"deletions":0},"sh":{"insertions":1,"deletions":1}}}]},{"date":"2025-01-25","commitResults":[{"hash":"a2826bef1a450ea0e7df04b12892a0dc3196d02e","isMergeCommit":false,"messageTitle":"updated delete","messageBody":"","fileTypesAndContributionMap":{"java":{"insertions":69,"deletions":7}}}]},{"date":"2025-01-30","commitResults":[{"hash":"f48932deba40d26e316d93a7d7e0341c79f8162a","isMergeCommit":false,"messageTitle":"Add storage function","messageBody":"","fileTypesAndContributionMap":{"txt":{"insertions":0,"deletions":0},"java":{"insertions":189,"deletions":65}}},{"hash":"a69e790a206c7310131e005bd18c0aa90685f876","isMergeCommit":false,"messageTitle":"Revert \"Add storage function\"","messageBody":"This reverts commit f48932deba40d26e316d93a7d7e0341c79f8162a.\n","fileTypesAndContributionMap":{"txt":{"insertions":0,"deletions":0},"java":{"insertions":65,"deletions":189}}},{"hash":"691ee84a4b3d8f6cbde1f48c5c564024e03db09b","isMergeCommit":false,"messageTitle":"Reapply \"Add storage function\"","messageBody":"This reverts commit a69e790a206c7310131e005bd18c0aa90685f876.\n","fileTypesAndContributionMap":{"txt":{"insertions":0,"deletions":0},"java":{"insertions":189,"deletions":65}}},{"hash":"742a8e0fc7f82dc37e225ee6decd0b140e9923eb","isMergeCommit":false,"messageTitle":"Fix logic of mark tasks","messageBody":"","tags":["Level-7"],"fileTypesAndContributionMap":{"java":{"insertions":1,"deletions":1}}},{"hash":"f89a897be447825b78ca2b4de695332663aeb7a6","isMergeCommit":false,"messageTitle":"Add features to recognise basic date format","messageBody":"","fileTypesAndContributionMap":{"java":{"insertions":115,"deletions":27}}},{"hash":"3b75e048091c56e0eb84df19fbc3d22326ef9396","isMergeCommit":true,"messageTitle":"Merge branch \u0027branch-Level-8\u0027","messageBody":"","tags":["Level-8"],"fileTypesAndContributionMap":{}}]},{"date":"2025-01-31","commitResults":[{"hash":"dc7d2809038a4ed29f68adeb3240c35a7344e14a","isMergeCommit":false,"messageTitle":"Ensure a more OOP implementation","messageBody":"","tags":["A-MoreOOP"],"fileTypesAndContributionMap":{"txt":{"insertions":0,"deletions":0},"java":{"insertions":483,"deletions":15}}},{"hash":"713b1902beb3fcef5f7073b3c5987fba2d454246","isMergeCommit":false,"messageTitle":"Split into packages","messageBody":"","tags":["A-Packages"],"fileTypesAndContributionMap":{"txt":{"insertions":1,"deletions":0},"java":{"insertions":373,"deletions":447}}},{"hash":"8ac654b744b116e487a70da4e05240c4ecbd7f20","isMergeCommit":false,"messageTitle":"Clear files","messageBody":"","tags":["A-Gradle"],"fileTypesAndContributionMap":{"txt":{"insertions":0,"deletions":0},"java":{"insertions":0,"deletions":3}}},{"hash":"b3e5cb313ee7ccd2a4e4379c3ef6425f641eb708","isMergeCommit":false,"messageTitle":"Comply to coding standard","messageBody":"","fileTypesAndContributionMap":{"java":{"insertions":38,"deletions":39}}},{"hash":"7c327daf71477a9c9fa7c7890e5beb6fe9d3aecf","isMergeCommit":false,"messageTitle":"Follow coding standard","messageBody":"","fileTypesAndContributionMap":{"java":{"insertions":3,"deletions":3}}},{"hash":"cf351efaa655420fdf8cdb0dabd64beb42a44e8f","isMergeCommit":false,"messageTitle":"Fix welcome statement","messageBody":"","fileTypesAndContributionMap":{"java":{"insertions":1,"deletions":1}}}]}]},"authorFileTypeContributionMap":{"huangtian666":{"java":915,"md":0,"fxml":0,"sh":1,"bat":0,"gradle":0,"txt":8}},"authorContributionVariance":{"huangtian666":119740.25},"authorDisplayNameMap":{"huangtian666":"CS2103-F10-4 HUAN..TIAN"}}
