{"authorDailyContributionsMap":{"huangtian666":[{"date":"2025-01-23","commitResults":[{"hash":"cb8938c2190474fee3b4d37cd449e10f1d52c39e","isMergeCommit":false,"messageTitle":"renamed chatbot and added initial skeleton","messageBody":"","tags":["Level-0"],"fileTypesAndContributionMap":{"java":{"insertions":9,"deletions":10}}},{"hash":"6eb40b0b0461eae4dd202947322d54883c9ce184","isMergeCommit":false,"messageTitle":"improved skeletal version","messageBody":"","tags":["Level-1"],"fileTypesAndContributionMap":{"java":{"insertions":12,"deletions":2}}}]},{"date":"2025-01-24","commitResults":[{"hash":"e8dbefc3e86f2c8b2e4dc3ecdc558ac7389defbb","isMergeCommit":false,"messageTitle":"added to do list","messageBody":"","fileTypesAndContributionMap":{"java":{"insertions":23,"deletions":0}}},{"hash":"bacf7eeea27793ac1e627e0b4aa894bc138dc87b","isMergeCommit":false,"messageTitle":"added to do list","messageBody":"","tags":["Level-2"],"fileTypesAndContributionMap":{"java":{"insertions":18,"deletions":2}}},{"hash":"163b18647464568c0d5bcfa02f34418fb84398eb","isMergeCommit":false,"messageTitle":"added mark and unmark features","messageBody":"","tags":["Level-3"],"fileTypesAndContributionMap":{"java":{"insertions":41,"deletions":4}}},{"hash":"a913e9c64d5c3deb97c6330f394f6f741561c75a","isMergeCommit":false,"messageTitle":"updated deadline and event files","messageBody":"","tags":["Level-4"],"fileTypesAndContributionMap":{"java":{"insertions":104,"deletions":43}}},{"hash":"2eb6062bb5cc625b4b53a2eed585d06de4b3acb8","isMergeCommit":false,"messageTitle":"cleaned files","messageBody":"","fileTypesAndContributionMap":{"java":{"insertions":72,"deletions":15}}},{"hash":"3ee178dd4029cd141c67c1d5e3d9b11025bc9af0","isMergeCommit":false,"messageTitle":"added delete feature","messageBody":"","tags":["Level-6"],"fileTypesAndContributionMap":{"java":{"insertions":20,"deletions":11}}},{"hash":"4a8cb04fd0d84ff3e3d388dff0541522d3f1c532","isMergeCommit":false,"messageTitle":"cleaned main file and added error handling","messageBody":"","tags":["Level-5"],"fileTypesAndContributionMap":{"java":{"insertions":47,"deletions":24}}},{"hash":"8a6de44ee041805647a9027099cb545c5cd46050","isMergeCommit":false,"messageTitle":"fixed some logic in main file","messageBody":"","fileTypesAndContributionMap":{"java":{"insertions":11,"deletions":4}}},{"hash":"8893f42a13b96a6fcd38116a6aa14a6d3fe7088c","isMergeCommit":false,"messageTitle":"cleaned files","messageBody":"","tags":["C-Help"],"fileTypesAndContributionMap":{"java":{"insertions":0,"deletions":1}}},{"hash":"d319bd9a1e96d1e9abfe5e39d46b213d55395091","isMergeCommit":false,"messageTitle":"added testing","messageBody":"","tags":["A-TextUiTesting"],"fileTypesAndContributionMap":{"txt":{"insertions":7,"deletions":0},"sh":{"insertions":1,"deletions":1}}}]},{"date":"2025-01-25","commitResults":[{"hash":"a2826bef1a450ea0e7df04b12892a0dc3196d02e","isMergeCommit":false,"messageTitle":"updated delete","messageBody":"","fileTypesAndContributionMap":{"java":{"insertions":69,"deletions":7}}}]},{"date":"2025-01-30","commitResults":[{"hash":"f48932deba40d26e316d93a7d7e0341c79f8162a","isMergeCommit":false,"messageTitle":"Add storage function","messageBody":"","fileTypesAndContributionMap":{"txt":{"insertions":0,"deletions":0},"java":{"insertions":189,"deletions":65}}},{"hash":"a69e790a206c7310131e005bd18c0aa90685f876","isMergeCommit":false,"messageTitle":"Revert \"Add storage function\"","messageBody":"This reverts commit f48932deba40d26e316d93a7d7e0341c79f8162a.\n","fileTypesAndContributionMap":{"txt":{"insertions":0,"deletions":0},"java":{"insertions":65,"deletions":189}}},{"hash":"691ee84a4b3d8f6cbde1f48c5c564024e03db09b","isMergeCommit":false,"messageTitle":"Reapply \"Add storage function\"","messageBody":"This reverts commit a69e790a206c7310131e005bd18c0aa90685f876.\n","tags":["C-DetectDuplicates"],"fileTypesAndContributionMap":{"txt":{"insertions":0,"deletions":0},"java":{"insertions":189,"deletions":65}}},{"hash":"742a8e0fc7f82dc37e225ee6decd0b140e9923eb","isMergeCommit":false,"messageTitle":"Fix logic of mark tasks","messageBody":"","tags":["Level-7"],"fileTypesAndContributionMap":{"java":{"insertions":1,"deletions":1}}},{"hash":"f89a897be447825b78ca2b4de695332663aeb7a6","isMergeCommit":false,"messageTitle":"Add features to recognise basic date format","messageBody":"","fileTypesAndContributionMap":{"java":{"insertions":115,"deletions":27}}},{"hash":"3b75e048091c56e0eb84df19fbc3d22326ef9396","isMergeCommit":true,"messageTitle":"Merge branch \u0027branch-Level-8\u0027","messageBody":"","tags":["Level-8"],"fileTypesAndContributionMap":{}}]},{"date":"2025-01-31","commitResults":[{"hash":"dc7d2809038a4ed29f68adeb3240c35a7344e14a","isMergeCommit":false,"messageTitle":"Ensure a more OOP implementation","messageBody":"","tags":["A-MoreOOP"],"fileTypesAndContributionMap":{"txt":{"insertions":0,"deletions":0},"java":{"insertions":483,"deletions":15}}},{"hash":"713b1902beb3fcef5f7073b3c5987fba2d454246","isMergeCommit":false,"messageTitle":"Split into packages","messageBody":"","tags":["A-Packages"],"fileTypesAndContributionMap":{"txt":{"insertions":1,"deletions":0},"java":{"insertions":373,"deletions":447}}},{"hash":"8ac654b744b116e487a70da4e05240c4ecbd7f20","isMergeCommit":false,"messageTitle":"Clear files","messageBody":"","tags":["A-Gradle"],"fileTypesAndContributionMap":{"txt":{"insertions":0,"deletions":0},"java":{"insertions":0,"deletions":3}}},{"hash":"b3e5cb313ee7ccd2a4e4379c3ef6425f641eb708","isMergeCommit":false,"messageTitle":"Comply to coding standard","messageBody":"","fileTypesAndContributionMap":{"java":{"insertions":38,"deletions":39}}},{"hash":"7c327daf71477a9c9fa7c7890e5beb6fe9d3aecf","isMergeCommit":false,"messageTitle":"Follow coding standard","messageBody":"","fileTypesAndContributionMap":{"java":{"insertions":3,"deletions":3}}},{"hash":"cf351efaa655420fdf8cdb0dabd64beb42a44e8f","isMergeCommit":false,"messageTitle":"Fix welcome statement","messageBody":"","fileTypesAndContributionMap":{"java":{"insertions":1,"deletions":1}}},{"hash":"5b9fc80c1c243ce41fd4153fe91533acab9d16bb","isMergeCommit":true,"messageTitle":"Merge branch \u0027add-gradle-support\u0027","messageBody":"","fileTypesAndContributionMap":{}},{"hash":"5fd4aa78c7267f0e5f6032c1cf87268acad4468b","isMergeCommit":false,"messageTitle":"Add test files","messageBody":"","tags":["A-JUnit"],"fileTypesAndContributionMap":{"gradle":{"insertions":2,"deletions":1},"txt":{"insertions":1,"deletions":1},"java":{"insertions":57,"deletions":4}}},{"hash":"8428a415fdcd59f86fdf54a49283124632b0d875","isMergeCommit":false,"messageTitle":"Fix gradle.build file","messageBody":"","tags":["A-Jar"],"fileTypesAndContributionMap":{"gradle":{"insertions":2,"deletions":1}}}]},{"date":"2025-02-01","commitResults":[{"hash":"e429da929277c6c9c9a161b1fd46a9e88bd66e21","isMergeCommit":false,"messageTitle":"Add JavaDoc","messageBody":"","tags":["A-JavaDoc"],"fileTypesAndContributionMap":{"java":{"insertions":467,"deletions":5}}},{"hash":"f5402dc703371032f688799e83b1ea9951e27a20","isMergeCommit":false,"messageTitle":"Add find function to branch 9","messageBody":"","tags":["Level-9"],"fileTypesAndContributionMap":{"java":{"insertions":46,"deletions":0}}},{"hash":"4304e22e24f0fd5a4b13bab0d4f70779750b5e68","isMergeCommit":true,"messageTitle":"Merge branch \u0027branch-Level-9\u0027","messageBody":"","fileTypesAndContributionMap":{}},{"hash":"9ed8cc4c269f881455d99c5d461e70736dc1f3c5","isMergeCommit":false,"messageTitle":"Fix syntax error","messageBody":"","fileTypesAndContributionMap":{"java":{"insertions":1,"deletions":1}}},{"hash":"7bee4e7b57d51f94dbf50ac7bb2b2f6e88ce6e61","isMergeCommit":false,"messageTitle":"Follow Coding Standard","messageBody":"","tags":["A-CodingStandard"],"fileTypesAndContributionMap":{"java":{"insertions":3,"deletions":3}}}]},{"date":"2025-02-05","commitResults":[{"hash":"7c5f8d313af7343311aeacd09815b5b5c17bc2ec","isMergeCommit":false,"messageTitle":"Transfer all UI components to UI file","messageBody":"","fileTypesAndContributionMap":{"java":{"insertions":35,"deletions":21}}},{"hash":"75a28293d4eb7ace63ce2b938fa949eb79071cbe","isMergeCommit":false,"messageTitle":"Set up JavaFX","messageBody":"","fileTypesAndContributionMap":{"gradle":{"insertions":15,"deletions":0}}},{"hash":"12d1c9309f049c04d6a9d1753565ab9263a67da6","isMergeCommit":false,"messageTitle":"Set up JavaFX","messageBody":"","fileTypesAndContributionMap":{"java":{"insertions":119,"deletions":0}}},{"hash":"71e2e31316d24ada1be46a4d8e9456e244b75961","isMergeCommit":false,"messageTitle":"Set up interactive user interface","messageBody":"","tags":["Level-10"],"fileTypesAndContributionMap":{"fxml":{"insertions":71,"deletions":0},"java":{"insertions":137,"deletions":95}}}]},{"date":"2025-02-06","commitResults":[{"hash":"4899496e767f0e5bb3a30fa47e720dc459343003","isMergeCommit":false,"messageTitle":"Fix launcher file","messageBody":"","fileTypesAndContributionMap":{"gradle":{"insertions":1,"deletions":1},"java":{"insertions":12,"deletions":0}}},{"hash":"e817d521255b48bdabc74b5c5d948540ef4cb992","isMergeCommit":false,"messageTitle":"Anchor send button and text field","messageBody":"","fileTypesAndContributionMap":{"fxml":{"insertions":39,"deletions":29}}},{"hash":"2dab3b4e7080c4dbbbec85b97069f4dddddba92a","isMergeCommit":false,"messageTitle":"Link JavaFX to CSS","messageBody":"","fileTypesAndContributionMap":{"fxml":{"insertions":18,"deletions":55},"java":{"insertions":3,"deletions":0}}}]},{"date":"2025-02-09","commitResults":[{"hash":"856847ae3481875abb80095af7d6baccc44f193b","isMergeCommit":false,"messageTitle":"Improve UI","messageBody":"","fileTypesAndContributionMap":{"fxml":{"insertions":2,"deletions":2},"java":{"insertions":1,"deletions":0}}}]},{"date":"2025-02-11","commitResults":[{"hash":"9a3f8a2875074a4b6aba98f186717d33e6bdc932","isMergeCommit":false,"messageTitle":"Adjust package","messageBody":"","tags":["A-FullCommitMessage"],"fileTypesAndContributionMap":{"fxml":{"insertions":1,"deletions":1},"java":{"insertions":3,"deletions":7}}},{"hash":"0ce9ef7f1d211e82b087f98d736580e04a537d09","isMergeCommit":false,"messageTitle":"Add assertions for null and empty task descriptions","messageBody":"Added assertion statements to enforce task validity before adding it to the task list\n\nThese assertions prevent potential runtime errors by ensuring that:\n- The task object is not null.\n- The task description is not empty or whitespace.\n\nThis improves code reliability and helps catch logical issues early during development.\n","tags":["A-Assertions"],"fileTypesAndContributionMap":{"java":{"insertions":5,"deletions":2}}},{"hash":"c205cd4f7f61dbd19515583ef414ce6a4416f2fa","isMergeCommit":false,"messageTitle":"Fix code quality","messageBody":"","tags":["A-CodeQuality"],"fileTypesAndContributionMap":{"java":{"insertions":89,"deletions":56}}},{"hash":"83e14c92aaf3b665100205a3c6c8a50c3ed85e29","isMergeCommit":true,"messageTitle":"Merge pull request #1 from huangtian666/branch-A-Assertions","messageBody":"Add assertions for null and empty task descriptions","fileTypesAndContributionMap":{}},{"hash":"0172744f48f6983e91feaf690b1f66848c5481fe","isMergeCommit":true,"messageTitle":"Merge branch \u0027master\u0027 of https://github.com/huangtian666/ip","messageBody":"","fileTypesAndContributionMap":{}},{"hash":"1ad653246a77863a2158e9c5bdd2ae28f6a32512","isMergeCommit":true,"messageTitle":"Merge pull request #2 from huangtian666/branch-A-CodeQuality","messageBody":"Fix code quality","fileTypesAndContributionMap":{}},{"hash":"3a2a44f413924967cf69a1987562c22a094c8524","isMergeCommit":true,"messageTitle":"Merge branch \u0027master\u0027 of https://github.com/huangtian666/ip","messageBody":"","fileTypesAndContributionMap":{}}]},{"date":"2025-02-15","commitResults":[{"hash":"afb705746eb9bb87afecc667a403e4105232a3dd","isMergeCommit":false,"messageTitle":"Combine GUI with chatbot","messageBody":"","fileTypesAndContributionMap":{"txt":{"insertions":3,"deletions":0},"java":{"insertions":134,"deletions":205}}},{"hash":"7666cdbca3af4eae111a101daec5cc11e7c6a478","isMergeCommit":false,"messageTitle":"Fix list_on feature logic","messageBody":"","fileTypesAndContributionMap":{"txt":{"insertions":1,"deletions":1},"java":{"insertions":7,"deletions":6}}}]},{"date":"2025-02-16","commitResults":[{"hash":"d7807c045bc89df37acc7557a5e8a08d27551db2","isMergeCommit":false,"messageTitle":"Improve GUI","messageBody":"","tags":["A-BetterGui"],"fileTypesAndContributionMap":{"fxml":{"insertions":2,"deletions":2},"java":{"insertions":37,"deletions":5}}},{"hash":"0539cc59a8819c061c15560964b3d072cbe087f1","isMergeCommit":false,"messageTitle":"Fix test files","messageBody":"","fileTypesAndContributionMap":{"java":{"insertions":12,"deletions":6}}},{"hash":"20303397b85fb2bf01de96866a21e9a9b0e10c8d","isMergeCommit":false,"messageTitle":"Improve UI when exiting","messageBody":"","fileTypesAndContributionMap":{"java":{"insertions":36,"deletions":16}}},{"hash":"992bf0b990b33add7eeec1cfcb891c5246d681b6","isMergeCommit":false,"messageTitle":"Improve GUI for text input and button","messageBody":"","tags":["A-Personality"],"fileTypesAndContributionMap":{"fxml":{"insertions":2,"deletions":2}}},{"hash":"0260ce67a3a78e055237a1fa203b6b7a55c21399","isMergeCommit":false,"messageTitle":"Improve conversation","messageBody":"","tags":["A-AiAssisted"],"fileTypesAndContributionMap":{"txt":{"insertions":2,"deletions":1},"java":{"insertions":54,"deletions":69}}},{"hash":"bcc6c5d09636e752d60583a6a069deb7c06c5d49","isMergeCommit":false,"messageTitle":"Add Ui.png","messageBody":"","fileTypesAndContributionMap":{"txt":{"insertions":3,"deletions":1}}},{"hash":"b40adf7c505a519c0eea435be4e868531e91997d","isMergeCommit":false,"messageTitle":"Update user guide","messageBody":"","tags":["A-UserGuide"],"fileTypesAndContributionMap":{"md":{"insertions":67,"deletions":14}}},{"hash":"165b8954eb0c50c991baa41fe7757eba5b15f6ca","isMergeCommit":false,"messageTitle":"Change ReadME file","messageBody":"","fileTypesAndContributionMap":{"md":{"insertions":1,"deletions":1}}},{"hash":"21106dbb220c7b5627db8326bd182c84ffda70af","isMergeCommit":false,"messageTitle":"Update ReadME file","messageBody":"","fileTypesAndContributionMap":{"md":{"insertions":0,"deletions":2}}},{"hash":"81951b7948383f7c462974c29644aa97e84885bb","isMergeCommit":false,"messageTitle":"Delete the extra readme file","messageBody":"","fileTypesAndContributionMap":{"md":{"insertions":0,"deletions":26}}},{"hash":"31aea44161f61d2327326f785f15d31f409364c1","isMergeCommit":false,"messageTitle":"Improve readme","messageBody":"","fileTypesAndContributionMap":{"md":{"insertions":4,"deletions":1}}},{"hash":"5b0b356be565793481169fc957f117c1391da0f7","isMergeCommit":false,"messageTitle":"Increase the size of UI photo","messageBody":"","fileTypesAndContributionMap":{"md":{"insertions":1,"deletions":1}}},{"hash":"e4a5a146dd02927fcf90f53b1e15e46678b4dbac","isMergeCommit":false,"messageTitle":"Generate new jar file","messageBody":"","fileTypesAndContributionMap":{"gradle":{"insertions":1,"deletions":1}}},{"hash":"2e7dbcf5a066ab4ac58d9347539e1250fbb5be86","isMergeCommit":false,"messageTitle":"Comply to code convention","messageBody":"","tags":["v1.0.0"],"fileTypesAndContributionMap":{"java":{"insertions":2,"deletions":1}}}]},{"date":"2025-02-20","commitResults":[{"hash":"e6bb4a4e376a74266cb8707bc81fcb3479fb54c5","isMergeCommit":false,"messageTitle":"Release version 1.0","messageBody":"","tags":["A-Release"],"fileTypesAndContributionMap":{"txt":{"insertions":3,"deletions":1}}},{"hash":"855c69f019d932ab9e7307fc7fb74610735b6624","isMergeCommit":false,"messageTitle":"Update ReadME","messageBody":"","fileTypesAndContributionMap":{"md":{"insertions":5,"deletions":1}}}]},{"date":"2025-02-21","commitResults":[{"hash":"002537e0ace0a80bb75fc8b8a1ca63dbdd10ff7d","isMergeCommit":false,"messageTitle":"Fix error in delete task","messageBody":"","fileTypesAndContributionMap":{"txt":{"insertions":5,"deletions":8},"java":{"insertions":4,"deletions":3}}}]},{"date":"2025-02-22","commitResults":[{"hash":"2480fbbf951df2e3a9efdfd2b40af80e4901818d","isMergeCommit":false,"messageTitle":"Improve GUI of delete task","messageBody":"","fileTypesAndContributionMap":{"txt":{"insertions":0,"deletions":5},"java":{"insertions":1,"deletions":1}}}]},{"date":"2025-02-23","commitResults":[{"hash":"2bb907a8a0cc291a4340562e512db52bb517ef32","isMergeCommit":false,"messageTitle":"Update ReadME","messageBody":"","fileTypesAndContributionMap":{"md":{"insertions":6,"deletions":4}}},{"hash":"4c9f17a6cb5fe82e3b130c1f1644145cfb34b20f","isMergeCommit":false,"messageTitle":"Update Readme file","messageBody":"","fileTypesAndContributionMap":{"md":{"insertions":1,"deletions":1}}},{"hash":"5a02aa74b72ef07c7276d9af78262c1945741b37","isMergeCommit":false,"messageTitle":"Update Readme","messageBody":"","fileTypesAndContributionMap":{"md":{"insertions":2,"deletions":0}}}]}]},"authorFileTypeContributionMap":{"huangtian666":{"java":1674,"md":75,"fxml":44,"sh":1,"bat":0,"gradle":19,"txt":8}},"authorContributionVariance":{"huangtian666":77250.375},"authorDisplayNameMap":{"huangtian666":"CS2103-F10-4 HUAN..TIAN"}}
