[{"path":"build.gradle","fileType":"gradle","lines":[{"lineNumber":1,"author":{"gitId":"-"},"content":"plugins {","lastModifiedDate":"2020-05-25","isFullCredit":false},{"lineNumber":2,"author":{"gitId":"-"},"content":"    id \u0027java\u0027","lastModifiedDate":"2020-05-25","isFullCredit":false},{"lineNumber":3,"author":{"gitId":"-"},"content":"    id \u0027application\u0027","lastModifiedDate":"2020-05-25","isFullCredit":false},{"lineNumber":4,"author":{"gitId":"-"},"content":"    id \u0027com.github.johnrengelman.shadow\u0027 version \u00277.1.2\u0027","lastModifiedDate":"2023-08-05","isFullCredit":false},{"lineNumber":5,"author":{"gitId":"caando"},"content":"    id \u0027checkstyle\u0027","lastModifiedDate":"2025-01-24","isFullCredit":false},{"lineNumber":6,"author":{"gitId":"-"},"content":"}","lastModifiedDate":"2020-05-25","isFullCredit":false},{"lineNumber":7,"author":{"gitId":"-"},"content":"","lastModifiedDate":"2020-05-25","isFullCredit":false},{"lineNumber":8,"author":{"gitId":"-"},"content":"repositories {","lastModifiedDate":"2020-05-25","isFullCredit":false},{"lineNumber":9,"author":{"gitId":"-"},"content":"    mavenCentral()","lastModifiedDate":"2020-05-25","isFullCredit":false},{"lineNumber":10,"author":{"gitId":"-"},"content":"}","lastModifiedDate":"2020-05-25","isFullCredit":false},{"lineNumber":11,"author":{"gitId":"-"},"content":"","lastModifiedDate":"2020-05-25","isFullCredit":false},{"lineNumber":12,"author":{"gitId":"-"},"content":"dependencies {","lastModifiedDate":"2020-05-25","isFullCredit":false},{"lineNumber":13,"author":{"gitId":"-"},"content":"    testImplementation group: \u0027org.junit.jupiter\u0027, name: \u0027junit-jupiter-api\u0027, version: \u00275.10.0\u0027","lastModifiedDate":"2023-08-05","isFullCredit":false},{"lineNumber":14,"author":{"gitId":"-"},"content":"    testRuntimeOnly group: \u0027org.junit.jupiter\u0027, name: \u0027junit-jupiter-engine\u0027, version: \u00275.10.0\u0027","lastModifiedDate":"2023-08-05","isFullCredit":false},{"lineNumber":15,"author":{"gitId":"-"},"content":"}","lastModifiedDate":"2020-05-25","isFullCredit":false},{"lineNumber":16,"author":{"gitId":"-"},"content":"","lastModifiedDate":"2020-05-25","isFullCredit":false},{"lineNumber":17,"author":{"gitId":"-"},"content":"test {","lastModifiedDate":"2020-05-25","isFullCredit":false},{"lineNumber":18,"author":{"gitId":"-"},"content":"    useJUnitPlatform()","lastModifiedDate":"2020-05-25","isFullCredit":false},{"lineNumber":19,"author":{"gitId":"-"},"content":"","lastModifiedDate":"2020-05-25","isFullCredit":false},{"lineNumber":20,"author":{"gitId":"-"},"content":"    testLogging {","lastModifiedDate":"2020-05-25","isFullCredit":false},{"lineNumber":21,"author":{"gitId":"-"},"content":"        events \"passed\", \"skipped\", \"failed\"","lastModifiedDate":"2020-05-25","isFullCredit":false},{"lineNumber":22,"author":{"gitId":"-"},"content":"","lastModifiedDate":"2020-05-25","isFullCredit":false},{"lineNumber":23,"author":{"gitId":"-"},"content":"        showExceptions true","lastModifiedDate":"2020-05-25","isFullCredit":false},{"lineNumber":24,"author":{"gitId":"-"},"content":"        exceptionFormat \"full\"","lastModifiedDate":"2020-05-25","isFullCredit":false},{"lineNumber":25,"author":{"gitId":"-"},"content":"        showCauses true","lastModifiedDate":"2020-05-25","isFullCredit":false},{"lineNumber":26,"author":{"gitId":"-"},"content":"        showStackTraces true","lastModifiedDate":"2020-05-25","isFullCredit":false},{"lineNumber":27,"author":{"gitId":"-"},"content":"        showStandardStreams \u003d false","lastModifiedDate":"2020-05-25","isFullCredit":false},{"lineNumber":28,"author":{"gitId":"-"},"content":"    }","lastModifiedDate":"2020-05-25","isFullCredit":false},{"lineNumber":29,"author":{"gitId":"-"},"content":"}","lastModifiedDate":"2020-05-25","isFullCredit":false},{"lineNumber":30,"author":{"gitId":"-"},"content":"","lastModifiedDate":"2020-05-25","isFullCredit":false},{"lineNumber":31,"author":{"gitId":"-"},"content":"application {","lastModifiedDate":"2020-05-25","isFullCredit":false},{"lineNumber":32,"author":{"gitId":"caando"},"content":"    mainClass.set(\"duke.Duke\")","lastModifiedDate":"2025-01-31","isFullCredit":false},{"lineNumber":33,"author":{"gitId":"-"},"content":"}","lastModifiedDate":"2020-05-25","isFullCredit":false},{"lineNumber":34,"author":{"gitId":"-"},"content":"","lastModifiedDate":"2020-05-25","isFullCredit":false},{"lineNumber":35,"author":{"gitId":"-"},"content":"shadowJar {","lastModifiedDate":"2020-05-25","isFullCredit":false},{"lineNumber":36,"author":{"gitId":"-"},"content":"    archiveBaseName \u003d \"duke\"","lastModifiedDate":"2020-05-25","isFullCredit":false},{"lineNumber":37,"author":{"gitId":"-"},"content":"    archiveClassifier \u003d null","lastModifiedDate":"2020-05-25","isFullCredit":false},{"lineNumber":38,"author":{"gitId":"-"},"content":"}","lastModifiedDate":"2020-05-25","isFullCredit":false},{"lineNumber":39,"author":{"gitId":"-"},"content":"","lastModifiedDate":"2020-05-25","isFullCredit":false},{"lineNumber":40,"author":{"gitId":"-"},"content":"run{","lastModifiedDate":"2020-05-25","isFullCredit":false},{"lineNumber":41,"author":{"gitId":"-"},"content":"    standardInput \u003d System.in","lastModifiedDate":"2020-05-25","isFullCredit":false},{"lineNumber":42,"author":{"gitId":"-"},"content":"}","lastModifiedDate":"2020-05-25","isFullCredit":false}],"authorContributionMap":{"caando":2,"-":40}},{"path":"src/main/java/command/AddDeadlineCommand.java","fileType":"java","lines":[{"lineNumber":1,"author":{"gitId":"caando"},"content":"package command;","lastModifiedDate":"2025-01-24","isFullCredit":false},{"lineNumber":2,"author":{"gitId":"caando"},"content":"","lastModifiedDate":"2025-01-24","isFullCredit":false},{"lineNumber":3,"author":{"gitId":"caando"},"content":"import java.time.LocalDate;","lastModifiedDate":"2025-01-31","isFullCredit":false},{"lineNumber":4,"author":{"gitId":"caando"},"content":"import java.time.format.DateTimeParseException;","lastModifiedDate":"2025-01-31","isFullCredit":false},{"lineNumber":5,"author":{"gitId":"caando"},"content":"","lastModifiedDate":"2025-01-31","isFullCredit":false},{"lineNumber":6,"author":{"gitId":"caando"},"content":"import exception.DukeException;","lastModifiedDate":"2025-01-31","isFullCredit":false},{"lineNumber":7,"author":{"gitId":"caando"},"content":"import task.Deadline;","lastModifiedDate":"2025-01-24","isFullCredit":false},{"lineNumber":8,"author":{"gitId":"caando"},"content":"import task.TaskList;","lastModifiedDate":"2025-01-24","isFullCredit":false},{"lineNumber":9,"author":{"gitId":"caando"},"content":"","lastModifiedDate":"2025-01-24","isFullCredit":false},{"lineNumber":10,"author":{"gitId":"caando"},"content":"public class AddDeadlineCommand implements Command {","lastModifiedDate":"2025-01-24","isFullCredit":false},{"lineNumber":11,"author":{"gitId":"caando"},"content":"","lastModifiedDate":"2025-01-24","isFullCredit":false},{"lineNumber":12,"author":{"gitId":"caando"},"content":"    private final String taskDescription;","lastModifiedDate":"2025-01-24","isFullCredit":false},{"lineNumber":13,"author":{"gitId":"caando"},"content":"    private final LocalDate by;","lastModifiedDate":"2025-01-31","isFullCredit":false},{"lineNumber":14,"author":{"gitId":"caando"},"content":"","lastModifiedDate":"2025-01-24","isFullCredit":false},{"lineNumber":15,"author":{"gitId":"caando"},"content":"    public AddDeadlineCommand(String taskDescription, LocalDate by) {","lastModifiedDate":"2025-01-31","isFullCredit":false},{"lineNumber":16,"author":{"gitId":"caando"},"content":"        this.taskDescription \u003d taskDescription;","lastModifiedDate":"2025-01-24","isFullCredit":false},{"lineNumber":17,"author":{"gitId":"caando"},"content":"        this.by \u003d by;","lastModifiedDate":"2025-01-24","isFullCredit":false},{"lineNumber":18,"author":{"gitId":"caando"},"content":"    }","lastModifiedDate":"2025-01-24","isFullCredit":false},{"lineNumber":19,"author":{"gitId":"caando"},"content":"","lastModifiedDate":"2025-01-24","isFullCredit":false},{"lineNumber":20,"author":{"gitId":"caando"},"content":"    public static Command parse(String[] parts) {","lastModifiedDate":"2025-01-24","isFullCredit":false},{"lineNumber":21,"author":{"gitId":"caando"},"content":"        if (parts.length \u003c 2) {","lastModifiedDate":"2025-01-24","isFullCredit":false},{"lineNumber":22,"author":{"gitId":"caando"},"content":"            return new InvalidCommand(new DukeException(\"     OOPS!!! The given deadline is invalid.\"));","lastModifiedDate":"2025-01-24","isFullCredit":false},{"lineNumber":23,"author":{"gitId":"caando"},"content":"        }","lastModifiedDate":"2025-01-24","isFullCredit":false},{"lineNumber":24,"author":{"gitId":"caando"},"content":"        String[] deadlineParts \u003d parts[1].split(\"/by\", 2);","lastModifiedDate":"2025-01-24","isFullCredit":false},{"lineNumber":25,"author":{"gitId":"caando"},"content":"        if (deadlineParts.length \u003c 2) {","lastModifiedDate":"2025-01-24","isFullCredit":false},{"lineNumber":26,"author":{"gitId":"caando"},"content":"            return new InvalidCommand(new DukeException(\"     OOPS!!! The given deadline is invalid.\"));","lastModifiedDate":"2025-01-24","isFullCredit":false},{"lineNumber":27,"author":{"gitId":"caando"},"content":"        }","lastModifiedDate":"2025-01-24","isFullCredit":false},{"lineNumber":28,"author":{"gitId":"caando"},"content":"        try {","lastModifiedDate":"2025-01-31","isFullCredit":false},{"lineNumber":29,"author":{"gitId":"caando"},"content":"            LocalDate by \u003d LocalDate.parse(deadlineParts[1].trim());","lastModifiedDate":"2025-01-31","isFullCredit":false},{"lineNumber":30,"author":{"gitId":"caando"},"content":"            return new AddDeadlineCommand(deadlineParts[0].trim(), by);","lastModifiedDate":"2025-01-31","isFullCredit":false},{"lineNumber":31,"author":{"gitId":"caando"},"content":"        } catch (DateTimeParseException e) {","lastModifiedDate":"2025-01-31","isFullCredit":false},{"lineNumber":32,"author":{"gitId":"caando"},"content":"            return new InvalidCommand(new DukeException(String.format(","lastModifiedDate":"2025-01-31","isFullCredit":false},{"lineNumber":33,"author":{"gitId":"caando"},"content":"                    \"     OOPS!!! Unable to parse [%s] to date\", deadlineParts[1])));","lastModifiedDate":"2025-01-31","isFullCredit":false},{"lineNumber":34,"author":{"gitId":"caando"},"content":"        }","lastModifiedDate":"2025-01-31","isFullCredit":false},{"lineNumber":35,"author":{"gitId":"caando"},"content":"    }","lastModifiedDate":"2025-01-24","isFullCredit":false},{"lineNumber":36,"author":{"gitId":"caando"},"content":"","lastModifiedDate":"2025-01-24","isFullCredit":false},{"lineNumber":37,"author":{"gitId":"caando"},"content":"    @Override","lastModifiedDate":"2025-01-24","isFullCredit":false},{"lineNumber":38,"author":{"gitId":"caando"},"content":"    public void execute(TaskList taskList) {","lastModifiedDate":"2025-01-24","isFullCredit":false},{"lineNumber":39,"author":{"gitId":"caando"},"content":"        Deadline deadline \u003d new Deadline(taskDescription, by);","lastModifiedDate":"2025-01-24","isFullCredit":false},{"lineNumber":40,"author":{"gitId":"caando"},"content":"        taskList.add(deadline); // Add to the task list","lastModifiedDate":"2025-01-24","isFullCredit":false},{"lineNumber":41,"author":{"gitId":"caando"},"content":"        System.out.println(\"     Got it. I\u0027ve added this task:\");","lastModifiedDate":"2025-01-24","isFullCredit":false},{"lineNumber":42,"author":{"gitId":"caando"},"content":"        System.out.println(\"       \" + deadline);","lastModifiedDate":"2025-01-24","isFullCredit":false},{"lineNumber":43,"author":{"gitId":"caando"},"content":"        System.out.println(\"     Now you have \" + taskList.size() + \" tasks in the list.\");","lastModifiedDate":"2025-01-24","isFullCredit":false},{"lineNumber":44,"author":{"gitId":"caando"},"content":"        System.out.println(\"    ____________________________________________________________\");","lastModifiedDate":"2025-01-24","isFullCredit":false},{"lineNumber":45,"author":{"gitId":"caando"},"content":"    }","lastModifiedDate":"2025-01-24","isFullCredit":false},{"lineNumber":46,"author":{"gitId":"caando"},"content":"}","lastModifiedDate":"2025-01-24","isFullCredit":false}],"authorContributionMap":{"caando":46}},{"path":"src/main/java/command/AddEventCommand.java","fileType":"java","lines":[{"lineNumber":1,"author":{"gitId":"caando"},"content":"package command;","lastModifiedDate":"2025-01-24","isFullCredit":false},{"lineNumber":2,"author":{"gitId":"caando"},"content":"","lastModifiedDate":"2025-01-24","isFullCredit":false},{"lineNumber":3,"author":{"gitId":"caando"},"content":"import java.time.LocalDate;","lastModifiedDate":"2025-01-31","isFullCredit":false},{"lineNumber":4,"author":{"gitId":"caando"},"content":"import java.time.format.DateTimeParseException;","lastModifiedDate":"2025-01-31","isFullCredit":false},{"lineNumber":5,"author":{"gitId":"caando"},"content":"","lastModifiedDate":"2025-01-31","isFullCredit":false},{"lineNumber":6,"author":{"gitId":"caando"},"content":"import exception.DukeException;","lastModifiedDate":"2025-01-31","isFullCredit":false},{"lineNumber":7,"author":{"gitId":"caando"},"content":"import task.Event;","lastModifiedDate":"2025-01-24","isFullCredit":false},{"lineNumber":8,"author":{"gitId":"caando"},"content":"import task.TaskList;","lastModifiedDate":"2025-01-24","isFullCredit":false},{"lineNumber":9,"author":{"gitId":"caando"},"content":"","lastModifiedDate":"2025-01-24","isFullCredit":false},{"lineNumber":10,"author":{"gitId":"caando"},"content":"public class AddEventCommand implements Command {","lastModifiedDate":"2025-01-24","isFullCredit":false},{"lineNumber":11,"author":{"gitId":"caando"},"content":"","lastModifiedDate":"2025-01-24","isFullCredit":false},{"lineNumber":12,"author":{"gitId":"caando"},"content":"    private final String taskDescription;","lastModifiedDate":"2025-01-24","isFullCredit":false},{"lineNumber":13,"author":{"gitId":"caando"},"content":"    private final LocalDate from;","lastModifiedDate":"2025-01-31","isFullCredit":false},{"lineNumber":14,"author":{"gitId":"caando"},"content":"    private final LocalDate to;","lastModifiedDate":"2025-01-31","isFullCredit":false},{"lineNumber":15,"author":{"gitId":"caando"},"content":"","lastModifiedDate":"2025-01-24","isFullCredit":false},{"lineNumber":16,"author":{"gitId":"caando"},"content":"    public AddEventCommand(String taskDescription, LocalDate from, LocalDate to) {","lastModifiedDate":"2025-01-31","isFullCredit":false},{"lineNumber":17,"author":{"gitId":"caando"},"content":"        this.taskDescription \u003d taskDescription;","lastModifiedDate":"2025-01-24","isFullCredit":false},{"lineNumber":18,"author":{"gitId":"caando"},"content":"        this.from \u003d from;","lastModifiedDate":"2025-01-24","isFullCredit":false},{"lineNumber":19,"author":{"gitId":"caando"},"content":"        this.to \u003d to;","lastModifiedDate":"2025-01-24","isFullCredit":false},{"lineNumber":20,"author":{"gitId":"caando"},"content":"    }","lastModifiedDate":"2025-01-24","isFullCredit":false},{"lineNumber":21,"author":{"gitId":"caando"},"content":"","lastModifiedDate":"2025-01-24","isFullCredit":false},{"lineNumber":22,"author":{"gitId":"caando"},"content":"    public static Command parse(String[] parts) {","lastModifiedDate":"2025-01-24","isFullCredit":false},{"lineNumber":23,"author":{"gitId":"caando"},"content":"        String[] eventParts \u003d parts[1].split(\"/from\", 2);","lastModifiedDate":"2025-01-24","isFullCredit":false},{"lineNumber":24,"author":{"gitId":"caando"},"content":"        if (eventParts.length \u003c 2) {","lastModifiedDate":"2025-01-24","isFullCredit":false},{"lineNumber":25,"author":{"gitId":"caando"},"content":"            return new InvalidCommand(new DukeException(\"     OOPS!!! The duration of the event is invalid.\"));","lastModifiedDate":"2025-01-24","isFullCredit":false},{"lineNumber":26,"author":{"gitId":"caando"},"content":"        }","lastModifiedDate":"2025-01-24","isFullCredit":false},{"lineNumber":27,"author":{"gitId":"caando"},"content":"        String[] toParts \u003d eventParts[1].split(\"/to\", 2);","lastModifiedDate":"2025-01-24","isFullCredit":false},{"lineNumber":28,"author":{"gitId":"caando"},"content":"        if (toParts.length \u003c 2) {","lastModifiedDate":"2025-01-24","isFullCredit":false},{"lineNumber":29,"author":{"gitId":"caando"},"content":"            return new InvalidCommand(new DukeException(\"     OOPS!!! The duration of the event is invalid.\"));","lastModifiedDate":"2025-01-24","isFullCredit":false},{"lineNumber":30,"author":{"gitId":"caando"},"content":"        }","lastModifiedDate":"2025-01-24","isFullCredit":false},{"lineNumber":31,"author":{"gitId":"caando"},"content":"        try {","lastModifiedDate":"2025-01-31","isFullCredit":false},{"lineNumber":32,"author":{"gitId":"caando"},"content":"            LocalDate from \u003d LocalDate.parse(toParts[0].trim());","lastModifiedDate":"2025-01-31","isFullCredit":false},{"lineNumber":33,"author":{"gitId":"caando"},"content":"            LocalDate to \u003d LocalDate.parse(toParts[1].trim());","lastModifiedDate":"2025-01-31","isFullCredit":false},{"lineNumber":34,"author":{"gitId":"caando"},"content":"            return new AddEventCommand(eventParts[0].trim(), from, to);","lastModifiedDate":"2025-01-31","isFullCredit":false},{"lineNumber":35,"author":{"gitId":"caando"},"content":"        } catch (DateTimeParseException e) {","lastModifiedDate":"2025-01-31","isFullCredit":false},{"lineNumber":36,"author":{"gitId":"caando"},"content":"            return new InvalidCommand(new DukeException(String.format(","lastModifiedDate":"2025-01-31","isFullCredit":false},{"lineNumber":37,"author":{"gitId":"caando"},"content":"                    \"     OOPS!!! Unable to parse [%s] or [%s] to date\", toParts[0] , toParts[1])));","lastModifiedDate":"2025-01-31","isFullCredit":false},{"lineNumber":38,"author":{"gitId":"caando"},"content":"        }","lastModifiedDate":"2025-01-31","isFullCredit":false},{"lineNumber":39,"author":{"gitId":"caando"},"content":"    }","lastModifiedDate":"2025-01-24","isFullCredit":false},{"lineNumber":40,"author":{"gitId":"caando"},"content":"","lastModifiedDate":"2025-01-24","isFullCredit":false},{"lineNumber":41,"author":{"gitId":"caando"},"content":"    @Override","lastModifiedDate":"2025-01-24","isFullCredit":false},{"lineNumber":42,"author":{"gitId":"caando"},"content":"    public void execute(TaskList taskList) {","lastModifiedDate":"2025-01-24","isFullCredit":false},{"lineNumber":43,"author":{"gitId":"caando"},"content":"        Event event \u003d new Event(taskDescription, from, to);","lastModifiedDate":"2025-01-24","isFullCredit":false},{"lineNumber":44,"author":{"gitId":"caando"},"content":"        taskList.add(event); // Add to the task list","lastModifiedDate":"2025-01-24","isFullCredit":false},{"lineNumber":45,"author":{"gitId":"caando"},"content":"        System.out.println(\"     Got it. I\u0027ve added this task:\");","lastModifiedDate":"2025-01-24","isFullCredit":false},{"lineNumber":46,"author":{"gitId":"caando"},"content":"        System.out.println(\"       \" + event);","lastModifiedDate":"2025-01-24","isFullCredit":false},{"lineNumber":47,"author":{"gitId":"caando"},"content":"        System.out.println(\"     Now you have \" + taskList.size() + \" tasks in the list.\");","lastModifiedDate":"2025-01-24","isFullCredit":false},{"lineNumber":48,"author":{"gitId":"caando"},"content":"        System.out.println(\"    ____________________________________________________________\");","lastModifiedDate":"2025-01-24","isFullCredit":false},{"lineNumber":49,"author":{"gitId":"caando"},"content":"    }","lastModifiedDate":"2025-01-24","isFullCredit":false},{"lineNumber":50,"author":{"gitId":"caando"},"content":"}","lastModifiedDate":"2025-01-24","isFullCredit":false}],"authorContributionMap":{"caando":50}},{"path":"src/main/java/command/AddTodoCommand.java","fileType":"java","lines":[{"lineNumber":1,"author":{"gitId":"caando"},"content":"package command;","lastModifiedDate":"2025-01-24","isFullCredit":false},{"lineNumber":2,"author":{"gitId":"caando"},"content":"","lastModifiedDate":"2025-01-24","isFullCredit":false},{"lineNumber":3,"author":{"gitId":"caando"},"content":"import exception.DukeException;","lastModifiedDate":"2025-01-31","isFullCredit":false},{"lineNumber":4,"author":{"gitId":"caando"},"content":"import task.TaskList;","lastModifiedDate":"2025-01-24","isFullCredit":false},{"lineNumber":5,"author":{"gitId":"caando"},"content":"import task.Todo;","lastModifiedDate":"2025-01-24","isFullCredit":false},{"lineNumber":6,"author":{"gitId":"caando"},"content":"","lastModifiedDate":"2025-01-24","isFullCredit":false},{"lineNumber":7,"author":{"gitId":"caando"},"content":"public class AddTodoCommand implements Command {","lastModifiedDate":"2025-01-24","isFullCredit":false},{"lineNumber":8,"author":{"gitId":"caando"},"content":"","lastModifiedDate":"2025-01-24","isFullCredit":false},{"lineNumber":9,"author":{"gitId":"caando"},"content":"    private final String taskDescription;","lastModifiedDate":"2025-01-24","isFullCredit":false},{"lineNumber":10,"author":{"gitId":"caando"},"content":"","lastModifiedDate":"2025-01-24","isFullCredit":false},{"lineNumber":11,"author":{"gitId":"caando"},"content":"    public AddTodoCommand(String taskDescription) {","lastModifiedDate":"2025-01-24","isFullCredit":false},{"lineNumber":12,"author":{"gitId":"caando"},"content":"        this.taskDescription \u003d taskDescription;","lastModifiedDate":"2025-01-24","isFullCredit":false},{"lineNumber":13,"author":{"gitId":"caando"},"content":"    }","lastModifiedDate":"2025-01-24","isFullCredit":false},{"lineNumber":14,"author":{"gitId":"caando"},"content":"","lastModifiedDate":"2025-01-24","isFullCredit":false},{"lineNumber":15,"author":{"gitId":"caando"},"content":"    public static Command parse(String[] parts) {","lastModifiedDate":"2025-01-24","isFullCredit":false},{"lineNumber":16,"author":{"gitId":"caando"},"content":"        if (parts.length \u003c 2) {","lastModifiedDate":"2025-01-24","isFullCredit":false},{"lineNumber":17,"author":{"gitId":"caando"},"content":"            return new InvalidCommand(new DukeException(\"     OOPS!!! The description of a todo cannot be empty.\"));","lastModifiedDate":"2025-01-24","isFullCredit":false},{"lineNumber":18,"author":{"gitId":"caando"},"content":"        }","lastModifiedDate":"2025-01-24","isFullCredit":false},{"lineNumber":19,"author":{"gitId":"caando"},"content":"        return new AddTodoCommand(parts[1]);","lastModifiedDate":"2025-01-24","isFullCredit":false},{"lineNumber":20,"author":{"gitId":"caando"},"content":"    }","lastModifiedDate":"2025-01-24","isFullCredit":false},{"lineNumber":21,"author":{"gitId":"caando"},"content":"","lastModifiedDate":"2025-01-24","isFullCredit":false},{"lineNumber":22,"author":{"gitId":"caando"},"content":"    @Override","lastModifiedDate":"2025-01-24","isFullCredit":false},{"lineNumber":23,"author":{"gitId":"caando"},"content":"    public void execute(TaskList taskList) {","lastModifiedDate":"2025-01-24","isFullCredit":false},{"lineNumber":24,"author":{"gitId":"caando"},"content":"        Todo todo \u003d new Todo(taskDescription);","lastModifiedDate":"2025-01-24","isFullCredit":false},{"lineNumber":25,"author":{"gitId":"caando"},"content":"        taskList.add(todo); // Add to the task list","lastModifiedDate":"2025-01-24","isFullCredit":false},{"lineNumber":26,"author":{"gitId":"caando"},"content":"        System.out.println(\"     Got it. I\u0027ve added this task:\");","lastModifiedDate":"2025-01-24","isFullCredit":false},{"lineNumber":27,"author":{"gitId":"caando"},"content":"        System.out.println(\"       \" + todo);","lastModifiedDate":"2025-01-24","isFullCredit":false},{"lineNumber":28,"author":{"gitId":"caando"},"content":"        System.out.println(\"     Now you have \" + taskList.size() + \" tasks in the list.\");","lastModifiedDate":"2025-01-24","isFullCredit":false},{"lineNumber":29,"author":{"gitId":"caando"},"content":"        System.out.println(\"    ____________________________________________________________\");","lastModifiedDate":"2025-01-24","isFullCredit":false},{"lineNumber":30,"author":{"gitId":"caando"},"content":"    }","lastModifiedDate":"2025-01-24","isFullCredit":false},{"lineNumber":31,"author":{"gitId":"caando"},"content":"}","lastModifiedDate":"2025-01-24","isFullCredit":false},{"lineNumber":32,"author":{"gitId":"caando"},"content":"","lastModifiedDate":"2025-01-24","isFullCredit":false}],"authorContributionMap":{"caando":32}},{"path":"src/main/java/command/Command.java","fileType":"java","lines":[{"lineNumber":1,"author":{"gitId":"caando"},"content":"package command;","lastModifiedDate":"2025-01-24","isFullCredit":false},{"lineNumber":2,"author":{"gitId":"caando"},"content":"","lastModifiedDate":"2025-01-24","isFullCredit":false},{"lineNumber":3,"author":{"gitId":"caando"},"content":"import task.TaskList;","lastModifiedDate":"2025-01-24","isFullCredit":false},{"lineNumber":4,"author":{"gitId":"caando"},"content":"","lastModifiedDate":"2025-01-24","isFullCredit":false},{"lineNumber":5,"author":{"gitId":"caando"},"content":"public interface Command {","lastModifiedDate":"2025-01-24","isFullCredit":false},{"lineNumber":6,"author":{"gitId":"caando"},"content":"    void execute(TaskList taskList);","lastModifiedDate":"2025-01-24","isFullCredit":false},{"lineNumber":7,"author":{"gitId":"caando"},"content":"}","lastModifiedDate":"2025-01-24","isFullCredit":false}],"authorContributionMap":{"caando":7}},{"path":"src/main/java/command/CommandType.java","fileType":"java","lines":[{"lineNumber":1,"author":{"gitId":"caando"},"content":"package command;","lastModifiedDate":"2025-01-24","isFullCredit":false},{"lineNumber":2,"author":{"gitId":"caando"},"content":"","lastModifiedDate":"2025-01-24","isFullCredit":false},{"lineNumber":3,"author":{"gitId":"caando"},"content":"public enum CommandType {","lastModifiedDate":"2025-01-24","isFullCredit":false},{"lineNumber":4,"author":{"gitId":"caando"},"content":"    DEADLINE,","lastModifiedDate":"2025-01-24","isFullCredit":false},{"lineNumber":5,"author":{"gitId":"caando"},"content":"    EVENT,","lastModifiedDate":"2025-01-24","isFullCredit":false},{"lineNumber":6,"author":{"gitId":"caando"},"content":"    TODO,","lastModifiedDate":"2025-01-24","isFullCredit":false},{"lineNumber":7,"author":{"gitId":"caando"},"content":"    DELETE,","lastModifiedDate":"2025-01-24","isFullCredit":false},{"lineNumber":8,"author":{"gitId":"caando"},"content":"    INVALID,","lastModifiedDate":"2025-01-24","isFullCredit":false},{"lineNumber":9,"author":{"gitId":"caando"},"content":"    LIST,","lastModifiedDate":"2025-01-24","isFullCredit":false},{"lineNumber":10,"author":{"gitId":"caando"},"content":"    MARK,","lastModifiedDate":"2025-01-24","isFullCredit":false},{"lineNumber":11,"author":{"gitId":"caando"},"content":"    UNMARK","lastModifiedDate":"2025-01-24","isFullCredit":false},{"lineNumber":12,"author":{"gitId":"caando"},"content":"}","lastModifiedDate":"2025-01-24","isFullCredit":false}],"authorContributionMap":{"caando":12}},{"path":"src/main/java/command/DeleteCommand.java","fileType":"java","lines":[{"lineNumber":1,"author":{"gitId":"caando"},"content":"package command;","lastModifiedDate":"2025-01-24","isFullCredit":false},{"lineNumber":2,"author":{"gitId":"caando"},"content":"","lastModifiedDate":"2025-01-24","isFullCredit":false},{"lineNumber":3,"author":{"gitId":"caando"},"content":"import exception.DukeException;","lastModifiedDate":"2025-01-31","isFullCredit":false},{"lineNumber":4,"author":{"gitId":"caando"},"content":"import task.Task;","lastModifiedDate":"2025-01-24","isFullCredit":false},{"lineNumber":5,"author":{"gitId":"caando"},"content":"import task.TaskList;","lastModifiedDate":"2025-01-24","isFullCredit":false},{"lineNumber":6,"author":{"gitId":"caando"},"content":"","lastModifiedDate":"2025-01-24","isFullCredit":false},{"lineNumber":7,"author":{"gitId":"caando"},"content":"public class DeleteCommand implements Command {","lastModifiedDate":"2025-01-24","isFullCredit":false},{"lineNumber":8,"author":{"gitId":"caando"},"content":"","lastModifiedDate":"2025-01-24","isFullCredit":false},{"lineNumber":9,"author":{"gitId":"caando"},"content":"    private int index;","lastModifiedDate":"2025-01-24","isFullCredit":false},{"lineNumber":10,"author":{"gitId":"caando"},"content":"","lastModifiedDate":"2025-01-24","isFullCredit":false},{"lineNumber":11,"author":{"gitId":"caando"},"content":"    // Constructor to initialize index","lastModifiedDate":"2025-01-24","isFullCredit":false},{"lineNumber":12,"author":{"gitId":"caando"},"content":"    public DeleteCommand(int index) {","lastModifiedDate":"2025-01-24","isFullCredit":false},{"lineNumber":13,"author":{"gitId":"caando"},"content":"        this.index \u003d index;","lastModifiedDate":"2025-01-24","isFullCredit":false},{"lineNumber":14,"author":{"gitId":"caando"},"content":"    }","lastModifiedDate":"2025-01-24","isFullCredit":false},{"lineNumber":15,"author":{"gitId":"caando"},"content":"","lastModifiedDate":"2025-01-24","isFullCredit":false},{"lineNumber":16,"author":{"gitId":"caando"},"content":"    @Override","lastModifiedDate":"2025-01-24","isFullCredit":false},{"lineNumber":17,"author":{"gitId":"caando"},"content":"    public void execute(TaskList taskList) {","lastModifiedDate":"2025-01-24","isFullCredit":false},{"lineNumber":18,"author":{"gitId":"caando"},"content":"        // Validate index","lastModifiedDate":"2025-01-24","isFullCredit":false},{"lineNumber":19,"author":{"gitId":"caando"},"content":"        if (index \u003c 0 || index \u003e\u003d taskList.size()) {","lastModifiedDate":"2025-01-24","isFullCredit":false},{"lineNumber":20,"author":{"gitId":"caando"},"content":"            DukeException error \u003d new DukeException(\"     OOPS!!! Invalid task number. Please provide a valid task index.\");","lastModifiedDate":"2025-01-24","isFullCredit":false},{"lineNumber":21,"author":{"gitId":"caando"},"content":"            System.out.println(error.getMessage());","lastModifiedDate":"2025-01-24","isFullCredit":false},{"lineNumber":22,"author":{"gitId":"caando"},"content":"            System.out.println(\"    ____________________________________________________________\");","lastModifiedDate":"2025-01-24","isFullCredit":false},{"lineNumber":23,"author":{"gitId":"caando"},"content":"            return;","lastModifiedDate":"2025-01-24","isFullCredit":false},{"lineNumber":24,"author":{"gitId":"caando"},"content":"        }","lastModifiedDate":"2025-01-24","isFullCredit":false},{"lineNumber":25,"author":{"gitId":"caando"},"content":"","lastModifiedDate":"2025-01-24","isFullCredit":false},{"lineNumber":26,"author":{"gitId":"caando"},"content":"        // Get the task to be removed","lastModifiedDate":"2025-01-24","isFullCredit":false},{"lineNumber":27,"author":{"gitId":"caando"},"content":"        Task task \u003d taskList.get(index);","lastModifiedDate":"2025-01-24","isFullCredit":false},{"lineNumber":28,"author":{"gitId":"caando"},"content":"        taskList.remove(index); // Remove the task from the list","lastModifiedDate":"2025-01-24","isFullCredit":false},{"lineNumber":29,"author":{"gitId":"caando"},"content":"","lastModifiedDate":"2025-01-24","isFullCredit":false},{"lineNumber":30,"author":{"gitId":"caando"},"content":"        // Output the result","lastModifiedDate":"2025-01-24","isFullCredit":false},{"lineNumber":31,"author":{"gitId":"caando"},"content":"        System.out.println(\"     Noted. I\u0027ve removed this task:\");","lastModifiedDate":"2025-01-24","isFullCredit":false},{"lineNumber":32,"author":{"gitId":"caando"},"content":"        System.out.println(\"       \" + task);","lastModifiedDate":"2025-01-24","isFullCredit":false},{"lineNumber":33,"author":{"gitId":"caando"},"content":"        System.out.println(\"     Now you have \" + taskList.size() + \" tasks in the list.\");","lastModifiedDate":"2025-01-24","isFullCredit":false},{"lineNumber":34,"author":{"gitId":"caando"},"content":"        System.out.println(\"    ____________________________________________________________\");","lastModifiedDate":"2025-01-24","isFullCredit":false},{"lineNumber":35,"author":{"gitId":"caando"},"content":"    }","lastModifiedDate":"2025-01-24","isFullCredit":false},{"lineNumber":36,"author":{"gitId":"caando"},"content":"","lastModifiedDate":"2025-01-24","isFullCredit":false},{"lineNumber":37,"author":{"gitId":"caando"},"content":"    // Static parse method to create DeleteCommand from input","lastModifiedDate":"2025-01-24","isFullCredit":false},{"lineNumber":38,"author":{"gitId":"caando"},"content":"    public static Command parse(String[] parts) {","lastModifiedDate":"2025-01-24","isFullCredit":false},{"lineNumber":39,"author":{"gitId":"caando"},"content":"        if (parts.length \u003c 2) {","lastModifiedDate":"2025-01-24","isFullCredit":false},{"lineNumber":40,"author":{"gitId":"caando"},"content":"            return new InvalidCommand(new DukeException(\"     OOPS!!! The \u0027delete\u0027 command requires a task number.\"));","lastModifiedDate":"2025-01-24","isFullCredit":false},{"lineNumber":41,"author":{"gitId":"caando"},"content":"        }","lastModifiedDate":"2025-01-24","isFullCredit":false},{"lineNumber":42,"author":{"gitId":"caando"},"content":"","lastModifiedDate":"2025-01-24","isFullCredit":false},{"lineNumber":43,"author":{"gitId":"caando"},"content":"        try {","lastModifiedDate":"2025-01-24","isFullCredit":false},{"lineNumber":44,"author":{"gitId":"caando"},"content":"            int index \u003d Integer.parseInt(parts[1]) - 1; // Convert to 0-based index","lastModifiedDate":"2025-01-24","isFullCredit":false},{"lineNumber":45,"author":{"gitId":"caando"},"content":"            return new DeleteCommand(index);","lastModifiedDate":"2025-01-24","isFullCredit":false},{"lineNumber":46,"author":{"gitId":"caando"},"content":"        } catch (NumberFormatException e) {","lastModifiedDate":"2025-01-24","isFullCredit":false},{"lineNumber":47,"author":{"gitId":"caando"},"content":"            return new InvalidCommand(new DukeException(\"     OOPS!!! Invalid task number. Please provide a valid task index.\"));","lastModifiedDate":"2025-01-24","isFullCredit":false},{"lineNumber":48,"author":{"gitId":"caando"},"content":"        }","lastModifiedDate":"2025-01-24","isFullCredit":false},{"lineNumber":49,"author":{"gitId":"caando"},"content":"    }","lastModifiedDate":"2025-01-24","isFullCredit":false},{"lineNumber":50,"author":{"gitId":"caando"},"content":"}","lastModifiedDate":"2025-01-24","isFullCredit":false}],"authorContributionMap":{"caando":50}},{"path":"src/main/java/command/InvalidCommand.java","fileType":"java","lines":[{"lineNumber":1,"author":{"gitId":"caando"},"content":"package command;","lastModifiedDate":"2025-01-24","isFullCredit":false},{"lineNumber":2,"author":{"gitId":"caando"},"content":"","lastModifiedDate":"2025-01-24","isFullCredit":false},{"lineNumber":3,"author":{"gitId":"caando"},"content":"import exception.DukeException;","lastModifiedDate":"2025-01-31","isFullCredit":false},{"lineNumber":4,"author":{"gitId":"caando"},"content":"import task.TaskList;","lastModifiedDate":"2025-01-24","isFullCredit":false},{"lineNumber":5,"author":{"gitId":"caando"},"content":"","lastModifiedDate":"2025-01-24","isFullCredit":false},{"lineNumber":6,"author":{"gitId":"caando"},"content":"public class InvalidCommand implements Command {","lastModifiedDate":"2025-01-24","isFullCredit":false},{"lineNumber":7,"author":{"gitId":"caando"},"content":"","lastModifiedDate":"2025-01-24","isFullCredit":false},{"lineNumber":8,"author":{"gitId":"caando"},"content":"    private final DukeException exception;","lastModifiedDate":"2025-01-24","isFullCredit":false},{"lineNumber":9,"author":{"gitId":"caando"},"content":"","lastModifiedDate":"2025-01-24","isFullCredit":false},{"lineNumber":10,"author":{"gitId":"caando"},"content":"    public InvalidCommand(DukeException exception) {","lastModifiedDate":"2025-01-24","isFullCredit":false},{"lineNumber":11,"author":{"gitId":"caando"},"content":"        this.exception \u003d exception;","lastModifiedDate":"2025-01-24","isFullCredit":false},{"lineNumber":12,"author":{"gitId":"caando"},"content":"    }","lastModifiedDate":"2025-01-24","isFullCredit":false},{"lineNumber":13,"author":{"gitId":"caando"},"content":"","lastModifiedDate":"2025-01-24","isFullCredit":false},{"lineNumber":14,"author":{"gitId":"caando"},"content":"    @Override","lastModifiedDate":"2025-01-24","isFullCredit":false},{"lineNumber":15,"author":{"gitId":"caando"},"content":"    public void execute(TaskList taskList) {","lastModifiedDate":"2025-01-24","isFullCredit":false},{"lineNumber":16,"author":{"gitId":"caando"},"content":"        System.out.println(exception.getMessage());","lastModifiedDate":"2025-01-24","isFullCredit":false},{"lineNumber":17,"author":{"gitId":"caando"},"content":"        System.out.println(\"    ____________________________________________________________\");","lastModifiedDate":"2025-01-24","isFullCredit":false},{"lineNumber":18,"author":{"gitId":"caando"},"content":"    }","lastModifiedDate":"2025-01-24","isFullCredit":false},{"lineNumber":19,"author":{"gitId":"caando"},"content":"}","lastModifiedDate":"2025-01-24","isFullCredit":false}],"authorContributionMap":{"caando":19}},{"path":"src/main/java/command/ListCommand.java","fileType":"java","lines":[{"lineNumber":1,"author":{"gitId":"caando"},"content":"package command;","lastModifiedDate":"2025-01-24","isFullCredit":false},{"lineNumber":2,"author":{"gitId":"caando"},"content":"","lastModifiedDate":"2025-01-24","isFullCredit":false},{"lineNumber":3,"author":{"gitId":"caando"},"content":"import task.TaskList;","lastModifiedDate":"2025-01-24","isFullCredit":false},{"lineNumber":4,"author":{"gitId":"caando"},"content":"","lastModifiedDate":"2025-01-24","isFullCredit":false},{"lineNumber":5,"author":{"gitId":"caando"},"content":"public class ListCommand implements Command {","lastModifiedDate":"2025-01-24","isFullCredit":false},{"lineNumber":6,"author":{"gitId":"caando"},"content":"","lastModifiedDate":"2025-01-24","isFullCredit":false},{"lineNumber":7,"author":{"gitId":"caando"},"content":"    public static Command parse(String[] args) {","lastModifiedDate":"2025-01-24","isFullCredit":false},{"lineNumber":8,"author":{"gitId":"caando"},"content":"        return new ListCommand();","lastModifiedDate":"2025-01-24","isFullCredit":false},{"lineNumber":9,"author":{"gitId":"caando"},"content":"    }","lastModifiedDate":"2025-01-24","isFullCredit":false},{"lineNumber":10,"author":{"gitId":"caando"},"content":"","lastModifiedDate":"2025-01-24","isFullCredit":false},{"lineNumber":11,"author":{"gitId":"caando"},"content":"    @Override","lastModifiedDate":"2025-01-24","isFullCredit":false},{"lineNumber":12,"author":{"gitId":"caando"},"content":"    public void execute(TaskList taskList) {","lastModifiedDate":"2025-01-24","isFullCredit":false},{"lineNumber":13,"author":{"gitId":"caando"},"content":"        taskList.list((index, task) -\u003e {","lastModifiedDate":"2025-01-24","isFullCredit":false},{"lineNumber":14,"author":{"gitId":"caando"},"content":"            System.out.println(\"    \" + index + \". \" + task);","lastModifiedDate":"2025-01-24","isFullCredit":false},{"lineNumber":15,"author":{"gitId":"caando"},"content":"        });","lastModifiedDate":"2025-01-24","isFullCredit":false},{"lineNumber":16,"author":{"gitId":"caando"},"content":"        System.out.println(\"    ____________________________________________________________\");","lastModifiedDate":"2025-01-24","isFullCredit":false},{"lineNumber":17,"author":{"gitId":"caando"},"content":"    }","lastModifiedDate":"2025-01-24","isFullCredit":false},{"lineNumber":18,"author":{"gitId":"caando"},"content":"}","lastModifiedDate":"2025-01-24","isFullCredit":false}],"authorContributionMap":{"caando":18}},{"path":"src/main/java/command/MarkCommand.java","fileType":"java","lines":[{"lineNumber":1,"author":{"gitId":"caando"},"content":"package command;","lastModifiedDate":"2025-01-24","isFullCredit":false},{"lineNumber":2,"author":{"gitId":"caando"},"content":"","lastModifiedDate":"2025-01-24","isFullCredit":false},{"lineNumber":3,"author":{"gitId":"caando"},"content":"import exception.DukeException;","lastModifiedDate":"2025-01-31","isFullCredit":false},{"lineNumber":4,"author":{"gitId":"caando"},"content":"import task.Task;","lastModifiedDate":"2025-01-24","isFullCredit":false},{"lineNumber":5,"author":{"gitId":"caando"},"content":"import task.TaskList;","lastModifiedDate":"2025-01-24","isFullCredit":false},{"lineNumber":6,"author":{"gitId":"caando"},"content":"","lastModifiedDate":"2025-01-24","isFullCredit":false},{"lineNumber":7,"author":{"gitId":"caando"},"content":"public class MarkCommand implements Command {","lastModifiedDate":"2025-01-24","isFullCredit":false},{"lineNumber":8,"author":{"gitId":"caando"},"content":"","lastModifiedDate":"2025-01-24","isFullCredit":false},{"lineNumber":9,"author":{"gitId":"caando"},"content":"    private final int taskIndex;","lastModifiedDate":"2025-01-24","isFullCredit":false},{"lineNumber":10,"author":{"gitId":"caando"},"content":"","lastModifiedDate":"2025-01-24","isFullCredit":false},{"lineNumber":11,"author":{"gitId":"caando"},"content":"    private MarkCommand(int taskIndex) {","lastModifiedDate":"2025-01-24","isFullCredit":false},{"lineNumber":12,"author":{"gitId":"caando"},"content":"        this.taskIndex \u003d taskIndex;","lastModifiedDate":"2025-01-24","isFullCredit":false},{"lineNumber":13,"author":{"gitId":"caando"},"content":"    }","lastModifiedDate":"2025-01-24","isFullCredit":false},{"lineNumber":14,"author":{"gitId":"caando"},"content":"","lastModifiedDate":"2025-01-24","isFullCredit":false},{"lineNumber":15,"author":{"gitId":"caando"},"content":"    public static Command parse(String[] parts) {","lastModifiedDate":"2025-01-24","isFullCredit":false},{"lineNumber":16,"author":{"gitId":"caando"},"content":"        try {","lastModifiedDate":"2025-01-24","isFullCredit":false},{"lineNumber":17,"author":{"gitId":"caando"},"content":"            String[] args \u003d parts[1].split(\" \"); // Split the command argument","lastModifiedDate":"2025-01-24","isFullCredit":false},{"lineNumber":18,"author":{"gitId":"caando"},"content":"            int taskIndex \u003d Integer.parseInt(args[0].trim());","lastModifiedDate":"2025-01-24","isFullCredit":false},{"lineNumber":19,"author":{"gitId":"caando"},"content":"            return new MarkCommand(taskIndex);","lastModifiedDate":"2025-01-24","isFullCredit":false},{"lineNumber":20,"author":{"gitId":"caando"},"content":"        } catch (NumberFormatException | ArrayIndexOutOfBoundsException e) {","lastModifiedDate":"2025-01-24","isFullCredit":false},{"lineNumber":21,"author":{"gitId":"caando"},"content":"            return new InvalidCommand(new DukeException(\"     OOPS!!! Invalid task number. Please provide a valid task index.\"));","lastModifiedDate":"2025-01-24","isFullCredit":false},{"lineNumber":22,"author":{"gitId":"caando"},"content":"        }","lastModifiedDate":"2025-01-24","isFullCredit":false},{"lineNumber":23,"author":{"gitId":"caando"},"content":"    }","lastModifiedDate":"2025-01-24","isFullCredit":false},{"lineNumber":24,"author":{"gitId":"caando"},"content":"","lastModifiedDate":"2025-01-24","isFullCredit":false},{"lineNumber":25,"author":{"gitId":"caando"},"content":"    @Override","lastModifiedDate":"2025-01-24","isFullCredit":false},{"lineNumber":26,"author":{"gitId":"caando"},"content":"    public void execute(TaskList taskList) {","lastModifiedDate":"2025-01-24","isFullCredit":false},{"lineNumber":27,"author":{"gitId":"caando"},"content":"        if (taskIndex \u003e\u003d 1 \u0026\u0026 taskIndex \u003c\u003d taskList.size()) {","lastModifiedDate":"2025-01-24","isFullCredit":false},{"lineNumber":28,"author":{"gitId":"caando"},"content":"            Task task \u003d taskList.get(taskIndex - 1);","lastModifiedDate":"2025-01-24","isFullCredit":false},{"lineNumber":29,"author":{"gitId":"caando"},"content":"            task.markAsDone();","lastModifiedDate":"2025-01-24","isFullCredit":false},{"lineNumber":30,"author":{"gitId":"caando"},"content":"            System.out.println(\"     Nice! I\u0027ve marked this task as done:\");","lastModifiedDate":"2025-01-24","isFullCredit":false},{"lineNumber":31,"author":{"gitId":"caando"},"content":"            System.out.println(\"       \" + task);","lastModifiedDate":"2025-01-24","isFullCredit":false},{"lineNumber":32,"author":{"gitId":"caando"},"content":"            System.out.println(\"    ____________________________________________________________\");","lastModifiedDate":"2025-01-24","isFullCredit":false},{"lineNumber":33,"author":{"gitId":"caando"},"content":"        } else {","lastModifiedDate":"2025-01-24","isFullCredit":false},{"lineNumber":34,"author":{"gitId":"caando"},"content":"            DukeException error \u003d new DukeException(\"     OOPS!!! Invalid task number. Please provide a valid task index.\");","lastModifiedDate":"2025-01-24","isFullCredit":false},{"lineNumber":35,"author":{"gitId":"caando"},"content":"            System.out.println(error.getMessage());","lastModifiedDate":"2025-01-24","isFullCredit":false},{"lineNumber":36,"author":{"gitId":"caando"},"content":"            System.out.println(\"    ____________________________________________________________\");","lastModifiedDate":"2025-01-24","isFullCredit":false},{"lineNumber":37,"author":{"gitId":"caando"},"content":"        }","lastModifiedDate":"2025-01-24","isFullCredit":false},{"lineNumber":38,"author":{"gitId":"caando"},"content":"    }","lastModifiedDate":"2025-01-24","isFullCredit":false},{"lineNumber":39,"author":{"gitId":"caando"},"content":"}","lastModifiedDate":"2025-01-24","isFullCredit":false}],"authorContributionMap":{"caando":39}},{"path":"src/main/java/command/UnmarkCommand.java","fileType":"java","lines":[{"lineNumber":1,"author":{"gitId":"caando"},"content":"package command;","lastModifiedDate":"2025-01-24","isFullCredit":false},{"lineNumber":2,"author":{"gitId":"caando"},"content":"","lastModifiedDate":"2025-01-24","isFullCredit":false},{"lineNumber":3,"author":{"gitId":"caando"},"content":"import exception.DukeException;","lastModifiedDate":"2025-01-31","isFullCredit":false},{"lineNumber":4,"author":{"gitId":"caando"},"content":"import task.Task;","lastModifiedDate":"2025-01-24","isFullCredit":false},{"lineNumber":5,"author":{"gitId":"caando"},"content":"import task.TaskList;","lastModifiedDate":"2025-01-24","isFullCredit":false},{"lineNumber":6,"author":{"gitId":"caando"},"content":"","lastModifiedDate":"2025-01-24","isFullCredit":false},{"lineNumber":7,"author":{"gitId":"caando"},"content":"public class UnmarkCommand implements Command {","lastModifiedDate":"2025-01-24","isFullCredit":false},{"lineNumber":8,"author":{"gitId":"caando"},"content":"","lastModifiedDate":"2025-01-24","isFullCredit":false},{"lineNumber":9,"author":{"gitId":"caando"},"content":"    private final int taskIndex;","lastModifiedDate":"2025-01-24","isFullCredit":false},{"lineNumber":10,"author":{"gitId":"caando"},"content":"","lastModifiedDate":"2025-01-24","isFullCredit":false},{"lineNumber":11,"author":{"gitId":"caando"},"content":"    private UnmarkCommand(int taskIndex) {","lastModifiedDate":"2025-01-24","isFullCredit":false},{"lineNumber":12,"author":{"gitId":"caando"},"content":"        this.taskIndex \u003d taskIndex;","lastModifiedDate":"2025-01-24","isFullCredit":false},{"lineNumber":13,"author":{"gitId":"caando"},"content":"    }","lastModifiedDate":"2025-01-24","isFullCredit":false},{"lineNumber":14,"author":{"gitId":"caando"},"content":"","lastModifiedDate":"2025-01-24","isFullCredit":false},{"lineNumber":15,"author":{"gitId":"caando"},"content":"    public static Command parse(String[] parts) {","lastModifiedDate":"2025-01-24","isFullCredit":false},{"lineNumber":16,"author":{"gitId":"caando"},"content":"        try {","lastModifiedDate":"2025-01-24","isFullCredit":false},{"lineNumber":17,"author":{"gitId":"caando"},"content":"            String[] args \u003d parts[1].split(\" \"); // Split the command argument","lastModifiedDate":"2025-01-24","isFullCredit":false},{"lineNumber":18,"author":{"gitId":"caando"},"content":"            int taskIndex \u003d Integer.parseInt(args[0].trim());","lastModifiedDate":"2025-01-24","isFullCredit":false},{"lineNumber":19,"author":{"gitId":"caando"},"content":"            return new UnmarkCommand(taskIndex);","lastModifiedDate":"2025-01-24","isFullCredit":false},{"lineNumber":20,"author":{"gitId":"caando"},"content":"        } catch (NumberFormatException | ArrayIndexOutOfBoundsException e) {","lastModifiedDate":"2025-01-24","isFullCredit":false},{"lineNumber":21,"author":{"gitId":"caando"},"content":"            return new InvalidCommand(new DukeException(\"     OOPS!!! Invalid task number. Please provide a valid task index.\"));","lastModifiedDate":"2025-01-24","isFullCredit":false},{"lineNumber":22,"author":{"gitId":"caando"},"content":"        }","lastModifiedDate":"2025-01-24","isFullCredit":false},{"lineNumber":23,"author":{"gitId":"caando"},"content":"    }","lastModifiedDate":"2025-01-24","isFullCredit":false},{"lineNumber":24,"author":{"gitId":"caando"},"content":"","lastModifiedDate":"2025-01-24","isFullCredit":false},{"lineNumber":25,"author":{"gitId":"caando"},"content":"    @Override","lastModifiedDate":"2025-01-24","isFullCredit":false},{"lineNumber":26,"author":{"gitId":"caando"},"content":"    public void execute(TaskList taskList) {","lastModifiedDate":"2025-01-24","isFullCredit":false},{"lineNumber":27,"author":{"gitId":"caando"},"content":"        if (taskIndex \u003e\u003d 1 \u0026\u0026 taskIndex \u003c\u003d taskList.size()) {","lastModifiedDate":"2025-01-24","isFullCredit":false},{"lineNumber":28,"author":{"gitId":"caando"},"content":"            Task task \u003d taskList.get(taskIndex - 1);","lastModifiedDate":"2025-01-24","isFullCredit":false},{"lineNumber":29,"author":{"gitId":"caando"},"content":"            task.markAsNotDone();","lastModifiedDate":"2025-01-24","isFullCredit":false},{"lineNumber":30,"author":{"gitId":"caando"},"content":"            System.out.println(\"     OK, I\u0027ve marked this task as not done yet:\");","lastModifiedDate":"2025-01-24","isFullCredit":false},{"lineNumber":31,"author":{"gitId":"caando"},"content":"            System.out.println(\"       \" + task);","lastModifiedDate":"2025-01-24","isFullCredit":false},{"lineNumber":32,"author":{"gitId":"caando"},"content":"            System.out.println(\"    ____________________________________________________________\");","lastModifiedDate":"2025-01-24","isFullCredit":false},{"lineNumber":33,"author":{"gitId":"caando"},"content":"        } else {","lastModifiedDate":"2025-01-24","isFullCredit":false},{"lineNumber":34,"author":{"gitId":"caando"},"content":"            DukeException error \u003d new DukeException(\"     OOPS!!! Invalid task number. Please provide a valid task index.\");","lastModifiedDate":"2025-01-24","isFullCredit":false},{"lineNumber":35,"author":{"gitId":"caando"},"content":"            System.out.println(error.getMessage());","lastModifiedDate":"2025-01-24","isFullCredit":false},{"lineNumber":36,"author":{"gitId":"caando"},"content":"            System.out.println(\"    ____________________________________________________________\");","lastModifiedDate":"2025-01-24","isFullCredit":false},{"lineNumber":37,"author":{"gitId":"caando"},"content":"        }","lastModifiedDate":"2025-01-24","isFullCredit":false},{"lineNumber":38,"author":{"gitId":"caando"},"content":"    }","lastModifiedDate":"2025-01-24","isFullCredit":false},{"lineNumber":39,"author":{"gitId":"caando"},"content":"}","lastModifiedDate":"2025-01-24","isFullCredit":false}],"authorContributionMap":{"caando":39}},{"path":"src/main/java/duke/Duke.java","fileType":"java","lines":[{"lineNumber":1,"author":{"gitId":"caando"},"content":"package duke;","lastModifiedDate":"2025-01-31","isFullCredit":false},{"lineNumber":2,"author":{"gitId":"caando"},"content":"","lastModifiedDate":"2025-01-31","isFullCredit":false},{"lineNumber":3,"author":{"gitId":"caando"},"content":"import java.io.BufferedWriter;","lastModifiedDate":"2025-01-31","isFullCredit":false},{"lineNumber":4,"author":{"gitId":"caando"},"content":"import java.io.File;","lastModifiedDate":"2025-01-31","isFullCredit":false},{"lineNumber":5,"author":{"gitId":"caando"},"content":"import java.io.FileWriter;","lastModifiedDate":"2025-01-31","isFullCredit":false},{"lineNumber":6,"author":{"gitId":"caando"},"content":"import java.io.IOException;","lastModifiedDate":"2025-01-31","isFullCredit":false},{"lineNumber":7,"author":{"gitId":"caando"},"content":"import java.util.Scanner;","lastModifiedDate":"2025-01-24","isFullCredit":false},{"lineNumber":8,"author":{"gitId":"caando"},"content":"","lastModifiedDate":"2025-01-24","isFullCredit":false},{"lineNumber":9,"author":{"gitId":"caando"},"content":"import command.AddDeadlineCommand;","lastModifiedDate":"2025-01-24","isFullCredit":false},{"lineNumber":10,"author":{"gitId":"caando"},"content":"import command.AddEventCommand;","lastModifiedDate":"2025-01-24","isFullCredit":false},{"lineNumber":11,"author":{"gitId":"caando"},"content":"import command.AddTodoCommand;","lastModifiedDate":"2025-01-24","isFullCredit":false},{"lineNumber":12,"author":{"gitId":"caando"},"content":"import command.Command;","lastModifiedDate":"2025-01-24","isFullCredit":false},{"lineNumber":13,"author":{"gitId":"caando"},"content":"import command.CommandType;","lastModifiedDate":"2025-01-24","isFullCredit":false},{"lineNumber":14,"author":{"gitId":"caando"},"content":"import command.DeleteCommand;","lastModifiedDate":"2025-01-24","isFullCredit":false},{"lineNumber":15,"author":{"gitId":"caando"},"content":"import command.InvalidCommand;","lastModifiedDate":"2025-01-24","isFullCredit":false},{"lineNumber":16,"author":{"gitId":"caando"},"content":"import command.ListCommand;","lastModifiedDate":"2025-01-24","isFullCredit":false},{"lineNumber":17,"author":{"gitId":"caando"},"content":"import command.MarkCommand;","lastModifiedDate":"2025-01-24","isFullCredit":false},{"lineNumber":18,"author":{"gitId":"caando"},"content":"import command.UnmarkCommand;","lastModifiedDate":"2025-01-24","isFullCredit":false},{"lineNumber":19,"author":{"gitId":"caando"},"content":"import exception.DukeException;","lastModifiedDate":"2025-01-31","isFullCredit":false},{"lineNumber":20,"author":{"gitId":"caando"},"content":"import task.TaskList;","lastModifiedDate":"2025-01-24","isFullCredit":false},{"lineNumber":21,"author":{"gitId":"caando"},"content":"","lastModifiedDate":"2025-01-24","isFullCredit":false},{"lineNumber":22,"author":{"gitId":"-"},"content":"public class Duke {","lastModifiedDate":"2019-07-29","isFullCredit":false},{"lineNumber":23,"author":{"gitId":"caando"},"content":"","lastModifiedDate":"2025-01-24","isFullCredit":false},{"lineNumber":24,"author":{"gitId":"caando"},"content":"    private static final String LINE_SEPARATOR \u003d \"____________________________________________________________\";","lastModifiedDate":"2025-01-24","isFullCredit":false},{"lineNumber":25,"author":{"gitId":"caando"},"content":"","lastModifiedDate":"2025-01-24","isFullCredit":false},{"lineNumber":26,"author":{"gitId":"caando"},"content":"    private static void start() {","lastModifiedDate":"2025-01-24","isFullCredit":false},{"lineNumber":27,"author":{"gitId":"caando"},"content":"        System.out.println(\"    \" + LINE_SEPARATOR);","lastModifiedDate":"2025-01-24","isFullCredit":false},{"lineNumber":28,"author":{"gitId":"caando"},"content":"    }","lastModifiedDate":"2025-01-24","isFullCredit":false},{"lineNumber":29,"author":{"gitId":"caando"},"content":"","lastModifiedDate":"2025-01-24","isFullCredit":false},{"lineNumber":30,"author":{"gitId":"caando"},"content":"    private static void greet() {","lastModifiedDate":"2025-01-24","isFullCredit":false},{"lineNumber":31,"author":{"gitId":"caando"},"content":"        System.out.println(\"    Hello! I\u0027m Mr Meeseeks\");","lastModifiedDate":"2025-01-24","isFullCredit":false},{"lineNumber":32,"author":{"gitId":"caando"},"content":"        System.out.println(\"    What can I do for you?\");","lastModifiedDate":"2025-01-24","isFullCredit":false},{"lineNumber":33,"author":{"gitId":"caando"},"content":"        System.out.println(\"    \" + LINE_SEPARATOR);","lastModifiedDate":"2025-01-24","isFullCredit":false},{"lineNumber":34,"author":{"gitId":"caando"},"content":"    }","lastModifiedDate":"2025-01-24","isFullCredit":false},{"lineNumber":35,"author":{"gitId":"caando"},"content":"","lastModifiedDate":"2025-01-24","isFullCredit":false},{"lineNumber":36,"author":{"gitId":"caando"},"content":"    private static void bye() {","lastModifiedDate":"2025-01-24","isFullCredit":false},{"lineNumber":37,"author":{"gitId":"caando"},"content":"        System.out.println(\"    Bye. Hope to see you again soon!\");","lastModifiedDate":"2025-01-24","isFullCredit":false},{"lineNumber":38,"author":{"gitId":"caando"},"content":"        System.out.println(\"    \" + LINE_SEPARATOR);","lastModifiedDate":"2025-01-24","isFullCredit":false},{"lineNumber":39,"author":{"gitId":"caando"},"content":"    }","lastModifiedDate":"2025-01-24","isFullCredit":false},{"lineNumber":40,"author":{"gitId":"caando"},"content":"","lastModifiedDate":"2025-01-24","isFullCredit":false},{"lineNumber":41,"author":{"gitId":"caando"},"content":"    private static void processCommands(TaskList taskList, File saveFile) {","lastModifiedDate":"2025-01-31","isFullCredit":false},{"lineNumber":42,"author":{"gitId":"caando"},"content":"        try (Scanner scanner \u003d new Scanner(System.in)) {","lastModifiedDate":"2025-01-24","isFullCredit":false},{"lineNumber":43,"author":{"gitId":"caando"},"content":"            while (true) {","lastModifiedDate":"2025-01-24","isFullCredit":false},{"lineNumber":44,"author":{"gitId":"caando"},"content":"                String input \u003d scanner.nextLine().trim();","lastModifiedDate":"2025-01-24","isFullCredit":false},{"lineNumber":45,"author":{"gitId":"caando"},"content":"                System.out.println(\"    \" + LINE_SEPARATOR);","lastModifiedDate":"2025-01-24","isFullCredit":false},{"lineNumber":46,"author":{"gitId":"caando"},"content":"","lastModifiedDate":"2025-01-24","isFullCredit":false},{"lineNumber":47,"author":{"gitId":"caando"},"content":"                if (input.equals(\"bye\")) {","lastModifiedDate":"2025-01-24","isFullCredit":false},{"lineNumber":48,"author":{"gitId":"caando"},"content":"                    break;","lastModifiedDate":"2025-01-24","isFullCredit":false},{"lineNumber":49,"author":{"gitId":"caando"},"content":"                }","lastModifiedDate":"2025-01-24","isFullCredit":false},{"lineNumber":50,"author":{"gitId":"caando"},"content":"","lastModifiedDate":"2025-01-24","isFullCredit":false},{"lineNumber":51,"author":{"gitId":"caando"},"content":"                Command command \u003d parseCommand(input);","lastModifiedDate":"2025-01-24","isFullCredit":false},{"lineNumber":52,"author":{"gitId":"caando"},"content":"                command.execute(taskList);","lastModifiedDate":"2025-01-24","isFullCredit":false},{"lineNumber":53,"author":{"gitId":"caando"},"content":"","lastModifiedDate":"2025-01-31","isFullCredit":false},{"lineNumber":54,"author":{"gitId":"caando"},"content":"                try {","lastModifiedDate":"2025-01-31","isFullCredit":false},{"lineNumber":55,"author":{"gitId":"caando"},"content":"                    if (!saveFile.exists()) {","lastModifiedDate":"2025-01-31","isFullCredit":false},{"lineNumber":56,"author":{"gitId":"caando"},"content":"                        saveFile.getParentFile().mkdirs();","lastModifiedDate":"2025-01-31","isFullCredit":false},{"lineNumber":57,"author":{"gitId":"caando"},"content":"                        saveFile.createNewFile();","lastModifiedDate":"2025-01-31","isFullCredit":false},{"lineNumber":58,"author":{"gitId":"caando"},"content":"                    }","lastModifiedDate":"2025-01-31","isFullCredit":false},{"lineNumber":59,"author":{"gitId":"caando"},"content":"","lastModifiedDate":"2025-01-31","isFullCredit":false},{"lineNumber":60,"author":{"gitId":"caando"},"content":"                    BufferedWriter writer \u003d new BufferedWriter(new FileWriter(saveFile));","lastModifiedDate":"2025-01-31","isFullCredit":false},{"lineNumber":61,"author":{"gitId":"caando"},"content":"                    taskList.writePsvString(writer);","lastModifiedDate":"2025-01-31","isFullCredit":false},{"lineNumber":62,"author":{"gitId":"caando"},"content":"                    writer.flush();","lastModifiedDate":"2025-01-31","isFullCredit":false},{"lineNumber":63,"author":{"gitId":"caando"},"content":"                } catch (IOException e) {","lastModifiedDate":"2025-01-31","isFullCredit":false},{"lineNumber":64,"author":{"gitId":"caando"},"content":"                    System.err.println(\"Error writing tasklist to PSV: \" + e.getMessage());","lastModifiedDate":"2025-01-31","isFullCredit":false},{"lineNumber":65,"author":{"gitId":"caando"},"content":"                }","lastModifiedDate":"2025-01-31","isFullCredit":false},{"lineNumber":66,"author":{"gitId":"caando"},"content":"            }","lastModifiedDate":"2025-01-24","isFullCredit":false},{"lineNumber":67,"author":{"gitId":"caando"},"content":"        }","lastModifiedDate":"2025-01-24","isFullCredit":false},{"lineNumber":68,"author":{"gitId":"caando"},"content":"    }","lastModifiedDate":"2025-01-24","isFullCredit":false},{"lineNumber":69,"author":{"gitId":"caando"},"content":"","lastModifiedDate":"2025-01-24","isFullCredit":false},{"lineNumber":70,"author":{"gitId":"caando"},"content":"    private static Command parseCommand(String input) {","lastModifiedDate":"2025-01-24","isFullCredit":false},{"lineNumber":71,"author":{"gitId":"caando"},"content":"        String[] parts \u003d input.split(\" \", 2);","lastModifiedDate":"2025-01-24","isFullCredit":false},{"lineNumber":72,"author":{"gitId":"caando"},"content":"        String command \u003d parts[0].toUpperCase();","lastModifiedDate":"2025-01-24","isFullCredit":false},{"lineNumber":73,"author":{"gitId":"caando"},"content":"","lastModifiedDate":"2025-01-24","isFullCredit":false},{"lineNumber":74,"author":{"gitId":"caando"},"content":"        CommandType commandType;","lastModifiedDate":"2025-01-24","isFullCredit":false},{"lineNumber":75,"author":{"gitId":"caando"},"content":"","lastModifiedDate":"2025-01-24","isFullCredit":false},{"lineNumber":76,"author":{"gitId":"caando"},"content":"        try {","lastModifiedDate":"2025-01-24","isFullCredit":false},{"lineNumber":77,"author":{"gitId":"caando"},"content":"            commandType \u003d CommandType.valueOf(command); // Use enum to match the command","lastModifiedDate":"2025-01-24","isFullCredit":false},{"lineNumber":78,"author":{"gitId":"caando"},"content":"        } catch (IllegalArgumentException e) {","lastModifiedDate":"2025-01-24","isFullCredit":false},{"lineNumber":79,"author":{"gitId":"caando"},"content":"            // If the command is invalid, set it to ADD as default","lastModifiedDate":"2025-01-24","isFullCredit":false},{"lineNumber":80,"author":{"gitId":"caando"},"content":"            commandType \u003d CommandType.INVALID;","lastModifiedDate":"2025-01-24","isFullCredit":false},{"lineNumber":81,"author":{"gitId":"caando"},"content":"        }","lastModifiedDate":"2025-01-24","isFullCredit":false},{"lineNumber":82,"author":{"gitId":"caando"},"content":"","lastModifiedDate":"2025-01-24","isFullCredit":false},{"lineNumber":83,"author":{"gitId":"caando"},"content":"        return switch (commandType) {","lastModifiedDate":"2025-01-24","isFullCredit":false},{"lineNumber":84,"author":{"gitId":"caando"},"content":"        case DEADLINE -\u003e AddDeadlineCommand.parse(parts);","lastModifiedDate":"2025-01-24","isFullCredit":false},{"lineNumber":85,"author":{"gitId":"caando"},"content":"        case DELETE -\u003e DeleteCommand.parse(parts);","lastModifiedDate":"2025-01-24","isFullCredit":false},{"lineNumber":86,"author":{"gitId":"caando"},"content":"        case EVENT -\u003e AddEventCommand.parse(parts);","lastModifiedDate":"2025-01-24","isFullCredit":false},{"lineNumber":87,"author":{"gitId":"caando"},"content":"        case LIST -\u003e ListCommand.parse(parts);","lastModifiedDate":"2025-01-24","isFullCredit":false},{"lineNumber":88,"author":{"gitId":"caando"},"content":"        case MARK -\u003e MarkCommand.parse(parts);","lastModifiedDate":"2025-01-24","isFullCredit":false},{"lineNumber":89,"author":{"gitId":"caando"},"content":"        case TODO -\u003e AddTodoCommand.parse(parts);","lastModifiedDate":"2025-01-24","isFullCredit":false},{"lineNumber":90,"author":{"gitId":"caando"},"content":"        case UNMARK -\u003e UnmarkCommand.parse(parts);","lastModifiedDate":"2025-01-24","isFullCredit":false},{"lineNumber":91,"author":{"gitId":"caando"},"content":"        case INVALID -\u003e new InvalidCommand(new DukeException(\"     OOPS!!! I\u0027m sorry, but I don\u0027t know what that means :-(\"));","lastModifiedDate":"2025-01-24","isFullCredit":false},{"lineNumber":92,"author":{"gitId":"caando"},"content":"        };","lastModifiedDate":"2025-01-24","isFullCredit":false},{"lineNumber":93,"author":{"gitId":"caando"},"content":"    }","lastModifiedDate":"2025-01-24","isFullCredit":false},{"lineNumber":94,"author":{"gitId":"caando"},"content":"","lastModifiedDate":"2025-01-24","isFullCredit":false},{"lineNumber":95,"author":{"gitId":"-"},"content":"    public static void main(String[] args) {","lastModifiedDate":"2019-07-29","isFullCredit":false},{"lineNumber":96,"author":{"gitId":"caando"},"content":"        start();","lastModifiedDate":"2025-01-24","isFullCredit":false},{"lineNumber":97,"author":{"gitId":"caando"},"content":"        greet();","lastModifiedDate":"2025-01-24","isFullCredit":false},{"lineNumber":98,"author":{"gitId":"caando"},"content":"        TaskList taskList \u003d new TaskList();","lastModifiedDate":"2025-01-24","isFullCredit":false},{"lineNumber":99,"author":{"gitId":"caando"},"content":"        File saveFile \u003d new File(\"./data/duke.txt\");","lastModifiedDate":"2025-01-31","isFullCredit":false},{"lineNumber":100,"author":{"gitId":"caando"},"content":"        processCommands(taskList, saveFile);","lastModifiedDate":"2025-01-31","isFullCredit":false},{"lineNumber":101,"author":{"gitId":"caando"},"content":"        bye();","lastModifiedDate":"2025-01-24","isFullCredit":false},{"lineNumber":102,"author":{"gitId":"-"},"content":"    }","lastModifiedDate":"2019-07-29","isFullCredit":false},{"lineNumber":103,"author":{"gitId":"-"},"content":"}","lastModifiedDate":"2019-07-29","isFullCredit":false}],"authorContributionMap":{"caando":99,"-":4}},{"path":"src/main/java/exception/DukeException.java","fileType":"java","lines":[{"lineNumber":1,"author":{"gitId":"caando"},"content":"package exception;","lastModifiedDate":"2025-01-31","isFullCredit":false},{"lineNumber":2,"author":{"gitId":"caando"},"content":"","lastModifiedDate":"2025-01-24","isFullCredit":false},{"lineNumber":3,"author":{"gitId":"caando"},"content":"public class DukeException extends Exception {","lastModifiedDate":"2025-01-24","isFullCredit":false},{"lineNumber":4,"author":{"gitId":"caando"},"content":"    public DukeException(String message) {","lastModifiedDate":"2025-01-24","isFullCredit":false},{"lineNumber":5,"author":{"gitId":"caando"},"content":"        super(message);","lastModifiedDate":"2025-01-24","isFullCredit":false},{"lineNumber":6,"author":{"gitId":"caando"},"content":"    }","lastModifiedDate":"2025-01-24","isFullCredit":false},{"lineNumber":7,"author":{"gitId":"caando"},"content":"}","lastModifiedDate":"2025-01-24","isFullCredit":false}],"authorContributionMap":{"caando":7}},{"path":"src/main/java/task/Deadline.java","fileType":"java","lines":[{"lineNumber":1,"author":{"gitId":"caando"},"content":"package task;","lastModifiedDate":"2025-01-24","isFullCredit":false},{"lineNumber":2,"author":{"gitId":"caando"},"content":"","lastModifiedDate":"2025-01-24","isFullCredit":false},{"lineNumber":3,"author":{"gitId":"caando"},"content":"import java.time.LocalDate;","lastModifiedDate":"2025-01-31","isFullCredit":false},{"lineNumber":4,"author":{"gitId":"caando"},"content":"import java.time.format.DateTimeFormatter;","lastModifiedDate":"2025-01-31","isFullCredit":false},{"lineNumber":5,"author":{"gitId":"caando"},"content":"","lastModifiedDate":"2025-01-31","isFullCredit":false},{"lineNumber":6,"author":{"gitId":"caando"},"content":"public class Deadline extends Task {","lastModifiedDate":"2025-01-24","isFullCredit":false},{"lineNumber":7,"author":{"gitId":"caando"},"content":"","lastModifiedDate":"2025-01-24","isFullCredit":false},{"lineNumber":8,"author":{"gitId":"caando"},"content":"    private final LocalDate by;","lastModifiedDate":"2025-01-31","isFullCredit":false},{"lineNumber":9,"author":{"gitId":"caando"},"content":"","lastModifiedDate":"2025-01-24","isFullCredit":false},{"lineNumber":10,"author":{"gitId":"caando"},"content":"    public Deadline(String description, LocalDate by) {","lastModifiedDate":"2025-01-31","isFullCredit":false},{"lineNumber":11,"author":{"gitId":"caando"},"content":"        super(description);","lastModifiedDate":"2025-01-24","isFullCredit":false},{"lineNumber":12,"author":{"gitId":"caando"},"content":"        this.by \u003d by;","lastModifiedDate":"2025-01-24","isFullCredit":false},{"lineNumber":13,"author":{"gitId":"caando"},"content":"    }","lastModifiedDate":"2025-01-24","isFullCredit":false},{"lineNumber":14,"author":{"gitId":"caando"},"content":"","lastModifiedDate":"2025-01-24","isFullCredit":false},{"lineNumber":15,"author":{"gitId":"caando"},"content":"    @Override","lastModifiedDate":"2025-01-31","isFullCredit":false},{"lineNumber":16,"author":{"gitId":"caando"},"content":"    public String getTaskIcon() {","lastModifiedDate":"2025-01-31","isFullCredit":false},{"lineNumber":17,"author":{"gitId":"caando"},"content":"        return \"D\";","lastModifiedDate":"2025-01-31","isFullCredit":false},{"lineNumber":18,"author":{"gitId":"caando"},"content":"    }","lastModifiedDate":"2025-01-31","isFullCredit":false},{"lineNumber":19,"author":{"gitId":"caando"},"content":"","lastModifiedDate":"2025-01-31","isFullCredit":false},{"lineNumber":20,"author":{"gitId":"caando"},"content":"    @Override","lastModifiedDate":"2025-01-31","isFullCredit":false},{"lineNumber":21,"author":{"gitId":"caando"},"content":"    public String toPsvString() {","lastModifiedDate":"2025-01-31","isFullCredit":false},{"lineNumber":22,"author":{"gitId":"caando"},"content":"        return String.format(\"%s | %s | %s | %s\", getTaskIcon(), getStatusIcon(), this.description,","lastModifiedDate":"2025-01-31","isFullCredit":false},{"lineNumber":23,"author":{"gitId":"caando"},"content":"                this.by.format(DateTimeFormatter.ofPattern(\"MMM d yyyy\")));","lastModifiedDate":"2025-01-31","isFullCredit":false},{"lineNumber":24,"author":{"gitId":"caando"},"content":"    }","lastModifiedDate":"2025-01-31","isFullCredit":false},{"lineNumber":25,"author":{"gitId":"caando"},"content":"","lastModifiedDate":"2025-01-31","isFullCredit":false},{"lineNumber":26,"author":{"gitId":"caando"},"content":"    @Override","lastModifiedDate":"2025-01-24","isFullCredit":false},{"lineNumber":27,"author":{"gitId":"caando"},"content":"    public String toString() {","lastModifiedDate":"2025-01-24","isFullCredit":false},{"lineNumber":28,"author":{"gitId":"caando"},"content":"        return String.format(\"[%s][%s] %s (by: %s)\", getTaskIcon(), getStatusIcon(), this.description,","lastModifiedDate":"2025-01-31","isFullCredit":false},{"lineNumber":29,"author":{"gitId":"caando"},"content":"                this.by.format(DateTimeFormatter.ofPattern(\"MMM d yyyy\")));","lastModifiedDate":"2025-01-31","isFullCredit":false},{"lineNumber":30,"author":{"gitId":"caando"},"content":"    }","lastModifiedDate":"2025-01-24","isFullCredit":false},{"lineNumber":31,"author":{"gitId":"caando"},"content":"}","lastModifiedDate":"2025-01-24","isFullCredit":false},{"lineNumber":32,"author":{"gitId":"caando"},"content":"","lastModifiedDate":"2025-01-24","isFullCredit":false}],"authorContributionMap":{"caando":32}},{"path":"src/main/java/task/Event.java","fileType":"java","lines":[{"lineNumber":1,"author":{"gitId":"caando"},"content":"package task;","lastModifiedDate":"2025-01-24","isFullCredit":false},{"lineNumber":2,"author":{"gitId":"caando"},"content":"","lastModifiedDate":"2025-01-24","isFullCredit":false},{"lineNumber":3,"author":{"gitId":"caando"},"content":"import java.time.LocalDate;","lastModifiedDate":"2025-01-31","isFullCredit":false},{"lineNumber":4,"author":{"gitId":"caando"},"content":"import java.time.format.DateTimeFormatter;","lastModifiedDate":"2025-01-31","isFullCredit":false},{"lineNumber":5,"author":{"gitId":"caando"},"content":"","lastModifiedDate":"2025-01-31","isFullCredit":false},{"lineNumber":6,"author":{"gitId":"caando"},"content":"public class Event extends Task {","lastModifiedDate":"2025-01-24","isFullCredit":false},{"lineNumber":7,"author":{"gitId":"caando"},"content":"","lastModifiedDate":"2025-01-24","isFullCredit":false},{"lineNumber":8,"author":{"gitId":"caando"},"content":"    private final LocalDate from;","lastModifiedDate":"2025-01-31","isFullCredit":false},{"lineNumber":9,"author":{"gitId":"caando"},"content":"    private final LocalDate to;","lastModifiedDate":"2025-01-31","isFullCredit":false},{"lineNumber":10,"author":{"gitId":"caando"},"content":"","lastModifiedDate":"2025-01-24","isFullCredit":false},{"lineNumber":11,"author":{"gitId":"caando"},"content":"    public Event(String description, LocalDate from, LocalDate to) {","lastModifiedDate":"2025-01-31","isFullCredit":false},{"lineNumber":12,"author":{"gitId":"caando"},"content":"        super(description);","lastModifiedDate":"2025-01-24","isFullCredit":false},{"lineNumber":13,"author":{"gitId":"caando"},"content":"        this.from \u003d from;","lastModifiedDate":"2025-01-24","isFullCredit":false},{"lineNumber":14,"author":{"gitId":"caando"},"content":"        this.to \u003d to;","lastModifiedDate":"2025-01-24","isFullCredit":false},{"lineNumber":15,"author":{"gitId":"caando"},"content":"    }","lastModifiedDate":"2025-01-24","isFullCredit":false},{"lineNumber":16,"author":{"gitId":"caando"},"content":"","lastModifiedDate":"2025-01-24","isFullCredit":false},{"lineNumber":17,"author":{"gitId":"caando"},"content":"    @Override","lastModifiedDate":"2025-01-31","isFullCredit":false},{"lineNumber":18,"author":{"gitId":"caando"},"content":"    public String getTaskIcon() {","lastModifiedDate":"2025-01-31","isFullCredit":false},{"lineNumber":19,"author":{"gitId":"caando"},"content":"        return \"E\";","lastModifiedDate":"2025-01-31","isFullCredit":false},{"lineNumber":20,"author":{"gitId":"caando"},"content":"    }","lastModifiedDate":"2025-01-31","isFullCredit":false},{"lineNumber":21,"author":{"gitId":"caando"},"content":"","lastModifiedDate":"2025-01-31","isFullCredit":false},{"lineNumber":22,"author":{"gitId":"caando"},"content":"    @Override","lastModifiedDate":"2025-01-31","isFullCredit":false},{"lineNumber":23,"author":{"gitId":"caando"},"content":"    public String toPsvString() {","lastModifiedDate":"2025-01-31","isFullCredit":false},{"lineNumber":24,"author":{"gitId":"caando"},"content":"        return String.format(\"%s | %s | %s | %s | %s\", getTaskIcon(), getStatusIcon(), this.description,","lastModifiedDate":"2025-01-31","isFullCredit":false},{"lineNumber":25,"author":{"gitId":"caando"},"content":"                this.from.format(DateTimeFormatter.ofPattern(\"MMM d yyy\")),","lastModifiedDate":"2025-01-31","isFullCredit":false},{"lineNumber":26,"author":{"gitId":"caando"},"content":"                        this.to.format(DateTimeFormatter.ofPattern(\"MMM d yyy\")));","lastModifiedDate":"2025-01-31","isFullCredit":false},{"lineNumber":27,"author":{"gitId":"caando"},"content":"    }","lastModifiedDate":"2025-01-31","isFullCredit":false},{"lineNumber":28,"author":{"gitId":"caando"},"content":"","lastModifiedDate":"2025-01-31","isFullCredit":false},{"lineNumber":29,"author":{"gitId":"caando"},"content":"    @Override","lastModifiedDate":"2025-01-24","isFullCredit":false},{"lineNumber":30,"author":{"gitId":"caando"},"content":"    public String toString() {","lastModifiedDate":"2025-01-24","isFullCredit":false},{"lineNumber":31,"author":{"gitId":"caando"},"content":"        return String.format(\"[%s][%s] %s (from: %s to: %s)\", getTaskIcon(), getStatusIcon(), this.description,","lastModifiedDate":"2025-01-31","isFullCredit":false},{"lineNumber":32,"author":{"gitId":"caando"},"content":"                this.from.format(DateTimeFormatter.ofPattern(\"MMM d yyy\")),","lastModifiedDate":"2025-01-31","isFullCredit":false},{"lineNumber":33,"author":{"gitId":"caando"},"content":"                        this.to.format(DateTimeFormatter.ofPattern(\"MMM d yyy\")));","lastModifiedDate":"2025-01-31","isFullCredit":false},{"lineNumber":34,"author":{"gitId":"caando"},"content":"    }","lastModifiedDate":"2025-01-24","isFullCredit":false},{"lineNumber":35,"author":{"gitId":"caando"},"content":"}","lastModifiedDate":"2025-01-24","isFullCredit":false},{"lineNumber":36,"author":{"gitId":"caando"},"content":"","lastModifiedDate":"2025-01-24","isFullCredit":false},{"lineNumber":37,"author":{"gitId":"caando"},"content":"","lastModifiedDate":"2025-01-24","isFullCredit":false}],"authorContributionMap":{"caando":37}},{"path":"src/main/java/task/Task.java","fileType":"java","lines":[{"lineNumber":1,"author":{"gitId":"caando"},"content":"package task;","lastModifiedDate":"2025-01-24","isFullCredit":false},{"lineNumber":2,"author":{"gitId":"caando"},"content":"","lastModifiedDate":"2025-01-24","isFullCredit":false},{"lineNumber":3,"author":{"gitId":"caando"},"content":"public abstract class Task {","lastModifiedDate":"2025-01-24","isFullCredit":false},{"lineNumber":4,"author":{"gitId":"caando"},"content":"","lastModifiedDate":"2025-01-24","isFullCredit":false},{"lineNumber":5,"author":{"gitId":"caando"},"content":"    protected String description;","lastModifiedDate":"2025-01-24","isFullCredit":false},{"lineNumber":6,"author":{"gitId":"caando"},"content":"    protected boolean isDone;","lastModifiedDate":"2025-01-24","isFullCredit":false},{"lineNumber":7,"author":{"gitId":"caando"},"content":"","lastModifiedDate":"2025-01-24","isFullCredit":false},{"lineNumber":8,"author":{"gitId":"caando"},"content":"    public Task(String description) {","lastModifiedDate":"2025-01-24","isFullCredit":false},{"lineNumber":9,"author":{"gitId":"caando"},"content":"        this.description \u003d description;","lastModifiedDate":"2025-01-24","isFullCredit":false},{"lineNumber":10,"author":{"gitId":"caando"},"content":"        this.isDone \u003d false;","lastModifiedDate":"2025-01-24","isFullCredit":false},{"lineNumber":11,"author":{"gitId":"caando"},"content":"    }","lastModifiedDate":"2025-01-24","isFullCredit":false},{"lineNumber":12,"author":{"gitId":"caando"},"content":"","lastModifiedDate":"2025-01-24","isFullCredit":false},{"lineNumber":13,"author":{"gitId":"caando"},"content":"    public String getStatusIcon() {","lastModifiedDate":"2025-01-24","isFullCredit":false},{"lineNumber":14,"author":{"gitId":"caando"},"content":"        return (isDone ? \"X\" : \" \"); // mark done task with X","lastModifiedDate":"2025-01-24","isFullCredit":false},{"lineNumber":15,"author":{"gitId":"caando"},"content":"    }","lastModifiedDate":"2025-01-24","isFullCredit":false},{"lineNumber":16,"author":{"gitId":"caando"},"content":"","lastModifiedDate":"2025-01-24","isFullCredit":false},{"lineNumber":17,"author":{"gitId":"caando"},"content":"    public void markAsDone() {","lastModifiedDate":"2025-01-24","isFullCredit":false},{"lineNumber":18,"author":{"gitId":"caando"},"content":"        isDone \u003d true;","lastModifiedDate":"2025-01-24","isFullCredit":false},{"lineNumber":19,"author":{"gitId":"caando"},"content":"    }","lastModifiedDate":"2025-01-24","isFullCredit":false},{"lineNumber":20,"author":{"gitId":"caando"},"content":"","lastModifiedDate":"2025-01-24","isFullCredit":false},{"lineNumber":21,"author":{"gitId":"caando"},"content":"    public void markAsNotDone() {","lastModifiedDate":"2025-01-24","isFullCredit":false},{"lineNumber":22,"author":{"gitId":"caando"},"content":"        isDone \u003d false;","lastModifiedDate":"2025-01-24","isFullCredit":false},{"lineNumber":23,"author":{"gitId":"caando"},"content":"    }","lastModifiedDate":"2025-01-24","isFullCredit":false},{"lineNumber":24,"author":{"gitId":"caando"},"content":"","lastModifiedDate":"2025-01-24","isFullCredit":false},{"lineNumber":25,"author":{"gitId":"caando"},"content":"    public String toPsvString() {","lastModifiedDate":"2025-01-31","isFullCredit":false},{"lineNumber":26,"author":{"gitId":"caando"},"content":"        return String.format(\"%s | %s | %s\", getTaskIcon(), getStatusIcon(), this.description);","lastModifiedDate":"2025-01-31","isFullCredit":false},{"lineNumber":27,"author":{"gitId":"caando"},"content":"    }","lastModifiedDate":"2025-01-31","isFullCredit":false},{"lineNumber":28,"author":{"gitId":"caando"},"content":"","lastModifiedDate":"2025-01-31","isFullCredit":false},{"lineNumber":29,"author":{"gitId":"caando"},"content":"    public abstract String getTaskIcon();","lastModifiedDate":"2025-01-31","isFullCredit":false},{"lineNumber":30,"author":{"gitId":"caando"},"content":"","lastModifiedDate":"2025-01-31","isFullCredit":false},{"lineNumber":31,"author":{"gitId":"caando"},"content":"    @Override","lastModifiedDate":"2025-01-24","isFullCredit":false},{"lineNumber":32,"author":{"gitId":"caando"},"content":"    public abstract String toString();","lastModifiedDate":"2025-01-24","isFullCredit":false},{"lineNumber":33,"author":{"gitId":"caando"},"content":"}","lastModifiedDate":"2025-01-24","isFullCredit":false}],"authorContributionMap":{"caando":33}},{"path":"src/main/java/task/TaskList.java","fileType":"java","lines":[{"lineNumber":1,"author":{"gitId":"caando"},"content":"package task;","lastModifiedDate":"2025-01-24","isFullCredit":false},{"lineNumber":2,"author":{"gitId":"caando"},"content":"import java.io.IOException;","lastModifiedDate":"2025-01-31","isFullCredit":false},{"lineNumber":3,"author":{"gitId":"caando"},"content":"import java.util.ArrayList;","lastModifiedDate":"2025-01-24","isFullCredit":false},{"lineNumber":4,"author":{"gitId":"caando"},"content":"import java.util.List;","lastModifiedDate":"2025-01-24","isFullCredit":false},{"lineNumber":5,"author":{"gitId":"caando"},"content":"","lastModifiedDate":"2025-01-24","isFullCredit":false},{"lineNumber":6,"author":{"gitId":"caando"},"content":"public class TaskList {","lastModifiedDate":"2025-01-24","isFullCredit":false},{"lineNumber":7,"author":{"gitId":"caando"},"content":"","lastModifiedDate":"2025-01-24","isFullCredit":false},{"lineNumber":8,"author":{"gitId":"caando"},"content":"    private final List\u003cTask\u003e tasks;","lastModifiedDate":"2025-01-24","isFullCredit":false},{"lineNumber":9,"author":{"gitId":"caando"},"content":"","lastModifiedDate":"2025-01-24","isFullCredit":false},{"lineNumber":10,"author":{"gitId":"caando"},"content":"    public TaskList() {","lastModifiedDate":"2025-01-24","isFullCredit":false},{"lineNumber":11,"author":{"gitId":"caando"},"content":"        this.tasks \u003d new ArrayList\u003c\u003e();","lastModifiedDate":"2025-01-24","isFullCredit":false},{"lineNumber":12,"author":{"gitId":"caando"},"content":"    }","lastModifiedDate":"2025-01-24","isFullCredit":false},{"lineNumber":13,"author":{"gitId":"caando"},"content":"","lastModifiedDate":"2025-01-24","isFullCredit":false},{"lineNumber":14,"author":{"gitId":"caando"},"content":"    public void add(Task task) {","lastModifiedDate":"2025-01-24","isFullCredit":false},{"lineNumber":15,"author":{"gitId":"caando"},"content":"        tasks.add(task);","lastModifiedDate":"2025-01-24","isFullCredit":false},{"lineNumber":16,"author":{"gitId":"caando"},"content":"    }","lastModifiedDate":"2025-01-24","isFullCredit":false},{"lineNumber":17,"author":{"gitId":"caando"},"content":"","lastModifiedDate":"2025-01-24","isFullCredit":false},{"lineNumber":18,"author":{"gitId":"caando"},"content":"    public void list(TaskListConsumer consumer) {","lastModifiedDate":"2025-01-24","isFullCredit":false},{"lineNumber":19,"author":{"gitId":"caando"},"content":"        for (int i \u003d 0; i \u003c tasks.size(); i++) {","lastModifiedDate":"2025-01-24","isFullCredit":false},{"lineNumber":20,"author":{"gitId":"caando"},"content":"            consumer.accept(i + 1, tasks.get(i));","lastModifiedDate":"2025-01-24","isFullCredit":false},{"lineNumber":21,"author":{"gitId":"caando"},"content":"        }","lastModifiedDate":"2025-01-24","isFullCredit":false},{"lineNumber":22,"author":{"gitId":"caando"},"content":"    }","lastModifiedDate":"2025-01-24","isFullCredit":false},{"lineNumber":23,"author":{"gitId":"caando"},"content":"","lastModifiedDate":"2025-01-24","isFullCredit":false},{"lineNumber":24,"author":{"gitId":"caando"},"content":"    public Task get(int index) {","lastModifiedDate":"2025-01-24","isFullCredit":false},{"lineNumber":25,"author":{"gitId":"caando"},"content":"        return tasks.get(index);","lastModifiedDate":"2025-01-24","isFullCredit":false},{"lineNumber":26,"author":{"gitId":"caando"},"content":"    }","lastModifiedDate":"2025-01-24","isFullCredit":false},{"lineNumber":27,"author":{"gitId":"caando"},"content":"","lastModifiedDate":"2025-01-24","isFullCredit":false},{"lineNumber":28,"author":{"gitId":"caando"},"content":"    public void remove(int index) {","lastModifiedDate":"2025-01-24","isFullCredit":false},{"lineNumber":29,"author":{"gitId":"caando"},"content":"        tasks.remove(index);","lastModifiedDate":"2025-01-24","isFullCredit":false},{"lineNumber":30,"author":{"gitId":"caando"},"content":"    }","lastModifiedDate":"2025-01-24","isFullCredit":false},{"lineNumber":31,"author":{"gitId":"caando"},"content":"","lastModifiedDate":"2025-01-24","isFullCredit":false},{"lineNumber":32,"author":{"gitId":"caando"},"content":"    public int size() {","lastModifiedDate":"2025-01-24","isFullCredit":false},{"lineNumber":33,"author":{"gitId":"caando"},"content":"        return tasks.size();","lastModifiedDate":"2025-01-24","isFullCredit":false},{"lineNumber":34,"author":{"gitId":"caando"},"content":"    }","lastModifiedDate":"2025-01-24","isFullCredit":false},{"lineNumber":35,"author":{"gitId":"caando"},"content":"","lastModifiedDate":"2025-01-24","isFullCredit":false},{"lineNumber":36,"author":{"gitId":"caando"},"content":"    @FunctionalInterface","lastModifiedDate":"2025-01-24","isFullCredit":false},{"lineNumber":37,"author":{"gitId":"caando"},"content":"    public interface TaskListConsumer {","lastModifiedDate":"2025-01-24","isFullCredit":false},{"lineNumber":38,"author":{"gitId":"caando"},"content":"        void accept(int index, Task task);","lastModifiedDate":"2025-01-24","isFullCredit":false},{"lineNumber":39,"author":{"gitId":"caando"},"content":"    }","lastModifiedDate":"2025-01-24","isFullCredit":false},{"lineNumber":40,"author":{"gitId":"caando"},"content":"","lastModifiedDate":"2025-01-31","isFullCredit":false},{"lineNumber":41,"author":{"gitId":"caando"},"content":"    public void writePsvString(java.io.Writer writer) {","lastModifiedDate":"2025-01-31","isFullCredit":false},{"lineNumber":42,"author":{"gitId":"caando"},"content":"        this.list((index, task) -\u003e {","lastModifiedDate":"2025-01-31","isFullCredit":false},{"lineNumber":43,"author":{"gitId":"caando"},"content":"            try {","lastModifiedDate":"2025-01-31","isFullCredit":false},{"lineNumber":44,"author":{"gitId":"caando"},"content":"                writer.write(task.toPsvString());","lastModifiedDate":"2025-01-31","isFullCredit":false},{"lineNumber":45,"author":{"gitId":"caando"},"content":"                writer.write(\u0027\\n\u0027);","lastModifiedDate":"2025-01-31","isFullCredit":false},{"lineNumber":46,"author":{"gitId":"caando"},"content":"            } catch (IOException e) {","lastModifiedDate":"2025-01-31","isFullCredit":false},{"lineNumber":47,"author":{"gitId":"caando"},"content":"                System.err.println(\"Error writing task to PSV: \" + e.getMessage());","lastModifiedDate":"2025-01-31","isFullCredit":false},{"lineNumber":48,"author":{"gitId":"caando"},"content":"            }","lastModifiedDate":"2025-01-31","isFullCredit":false},{"lineNumber":49,"author":{"gitId":"caando"},"content":"        });","lastModifiedDate":"2025-01-31","isFullCredit":false},{"lineNumber":50,"author":{"gitId":"caando"},"content":"    }","lastModifiedDate":"2025-01-31","isFullCredit":false},{"lineNumber":51,"author":{"gitId":"caando"},"content":"}","lastModifiedDate":"2025-01-24","isFullCredit":false}],"authorContributionMap":{"caando":51}},{"path":"src/main/java/task/Todo.java","fileType":"java","lines":[{"lineNumber":1,"author":{"gitId":"caando"},"content":"package task;","lastModifiedDate":"2025-01-24","isFullCredit":false},{"lineNumber":2,"author":{"gitId":"caando"},"content":"","lastModifiedDate":"2025-01-24","isFullCredit":false},{"lineNumber":3,"author":{"gitId":"caando"},"content":"public class Todo extends Task {","lastModifiedDate":"2025-01-24","isFullCredit":false},{"lineNumber":4,"author":{"gitId":"caando"},"content":"","lastModifiedDate":"2025-01-24","isFullCredit":false},{"lineNumber":5,"author":{"gitId":"caando"},"content":"    public Todo(String description) {","lastModifiedDate":"2025-01-24","isFullCredit":false},{"lineNumber":6,"author":{"gitId":"caando"},"content":"        super(description);","lastModifiedDate":"2025-01-24","isFullCredit":false},{"lineNumber":7,"author":{"gitId":"caando"},"content":"    }","lastModifiedDate":"2025-01-24","isFullCredit":false},{"lineNumber":8,"author":{"gitId":"caando"},"content":"","lastModifiedDate":"2025-01-24","isFullCredit":false},{"lineNumber":9,"author":{"gitId":"caando"},"content":"    @Override","lastModifiedDate":"2025-01-31","isFullCredit":false},{"lineNumber":10,"author":{"gitId":"caando"},"content":"    public String getTaskIcon() {","lastModifiedDate":"2025-01-31","isFullCredit":false},{"lineNumber":11,"author":{"gitId":"caando"},"content":"        return \"T\";","lastModifiedDate":"2025-01-31","isFullCredit":false},{"lineNumber":12,"author":{"gitId":"caando"},"content":"    }","lastModifiedDate":"2025-01-31","isFullCredit":false},{"lineNumber":13,"author":{"gitId":"caando"},"content":"","lastModifiedDate":"2025-01-31","isFullCredit":false},{"lineNumber":14,"author":{"gitId":"caando"},"content":"    @Override","lastModifiedDate":"2025-01-24","isFullCredit":false},{"lineNumber":15,"author":{"gitId":"caando"},"content":"    public String toString() {","lastModifiedDate":"2025-01-24","isFullCredit":false},{"lineNumber":16,"author":{"gitId":"caando"},"content":"        return String.format(\"[%s][%s] %s\", getTaskIcon(), getStatusIcon(), description);","lastModifiedDate":"2025-01-31","isFullCredit":false},{"lineNumber":17,"author":{"gitId":"caando"},"content":"    }","lastModifiedDate":"2025-01-24","isFullCredit":false},{"lineNumber":18,"author":{"gitId":"caando"},"content":"}","lastModifiedDate":"2025-01-24","isFullCredit":false},{"lineNumber":19,"author":{"gitId":"caando"},"content":"","lastModifiedDate":"2025-01-24","isFullCredit":false}],"authorContributionMap":{"caando":19}},{"path":"text-ui-test/input.txt","fileType":"txt","lines":[{"lineNumber":1,"author":{"gitId":"caando"},"content":"hi","lastModifiedDate":"2025-01-24","isFullCredit":false},{"lineNumber":2,"author":{"gitId":"caando"},"content":"todo borrow book","lastModifiedDate":"2025-01-24","isFullCredit":false},{"lineNumber":3,"author":{"gitId":"caando"},"content":"list","lastModifiedDate":"2025-01-24","isFullCredit":false},{"lineNumber":4,"author":{"gitId":"caando"},"content":"deadline return /by 2019-12-01","lastModifiedDate":"2025-01-31","isFullCredit":false},{"lineNumber":5,"author":{"gitId":"caando"},"content":"event project meeting /from 2019-12-01 /to 2019-12-02","lastModifiedDate":"2025-01-31","isFullCredit":false},{"lineNumber":6,"author":{"gitId":"caando"},"content":"list","lastModifiedDate":"2025-01-24","isFullCredit":false},{"lineNumber":7,"author":{"gitId":"caando"},"content":"todo","lastModifiedDate":"2025-01-24","isFullCredit":false},{"lineNumber":8,"author":{"gitId":"caando"},"content":"deadline do homework /by no idea :-p","lastModifiedDate":"2025-01-24","isFullCredit":false},{"lineNumber":9,"author":{"gitId":"caando"},"content":"list","lastModifiedDate":"2025-01-24","isFullCredit":false},{"lineNumber":10,"author":{"gitId":"caando"},"content":"event mysterious meeting","lastModifiedDate":"2025-01-24","isFullCredit":false},{"lineNumber":11,"author":{"gitId":"caando"},"content":"deadline mysterious deadline","lastModifiedDate":"2025-01-24","isFullCredit":false},{"lineNumber":12,"author":{"gitId":"caando"},"content":"delete 1","lastModifiedDate":"2025-01-24","isFullCredit":false},{"lineNumber":13,"author":{"gitId":"caando"},"content":"list","lastModifiedDate":"2025-01-24","isFullCredit":false},{"lineNumber":14,"author":{"gitId":"caando"},"content":"mark 2","lastModifiedDate":"2025-01-24","isFullCredit":false},{"lineNumber":15,"author":{"gitId":"caando"},"content":"unmark 2","lastModifiedDate":"2025-01-24","isFullCredit":false},{"lineNumber":16,"author":{"gitId":"caando"},"content":"delete 10","lastModifiedDate":"2025-01-24","isFullCredit":false},{"lineNumber":17,"author":{"gitId":"caando"},"content":"bye","lastModifiedDate":"2025-01-24","isFullCredit":false}],"authorContributionMap":{"caando":17}},{"path":"text-ui-test/runtest.sh","fileType":"sh","lines":[{"lineNumber":1,"author":{"gitId":"-"},"content":"#!/usr/bin/env bash","lastModifiedDate":"2020-05-25","isFullCredit":false},{"lineNumber":2,"author":{"gitId":"-"},"content":"","lastModifiedDate":"2020-05-25","isFullCredit":false},{"lineNumber":3,"author":{"gitId":"-"},"content":"# create bin directory if it doesn\u0027t exist","lastModifiedDate":"2020-05-25","isFullCredit":false},{"lineNumber":4,"author":{"gitId":"-"},"content":"if [ ! -d \"../bin\" ]","lastModifiedDate":"2020-05-25","isFullCredit":false},{"lineNumber":5,"author":{"gitId":"-"},"content":"then","lastModifiedDate":"2020-05-25","isFullCredit":false},{"lineNumber":6,"author":{"gitId":"-"},"content":"    mkdir ../bin","lastModifiedDate":"2020-05-25","isFullCredit":false},{"lineNumber":7,"author":{"gitId":"-"},"content":"fi","lastModifiedDate":"2020-05-25","isFullCredit":false},{"lineNumber":8,"author":{"gitId":"-"},"content":"","lastModifiedDate":"2020-05-25","isFullCredit":false},{"lineNumber":9,"author":{"gitId":"-"},"content":"# delete output from previous run","lastModifiedDate":"2020-05-25","isFullCredit":false},{"lineNumber":10,"author":{"gitId":"-"},"content":"if [ -e \"./ACTUAL.TXT\" ]","lastModifiedDate":"2020-05-25","isFullCredit":false},{"lineNumber":11,"author":{"gitId":"-"},"content":"then","lastModifiedDate":"2020-05-25","isFullCredit":false},{"lineNumber":12,"author":{"gitId":"-"},"content":"    rm ACTUAL.TXT","lastModifiedDate":"2020-05-25","isFullCredit":false},{"lineNumber":13,"author":{"gitId":"-"},"content":"fi","lastModifiedDate":"2020-05-25","isFullCredit":false},{"lineNumber":14,"author":{"gitId":"-"},"content":"","lastModifiedDate":"2020-05-25","isFullCredit":false},{"lineNumber":15,"author":{"gitId":"-"},"content":"# compile the code into the bin folder, terminates if error occurred","lastModifiedDate":"2020-05-25","isFullCredit":false},{"lineNumber":16,"author":{"gitId":"caando"},"content":"if ! javac -cp ../src/main/java -Xlint:none -d ../bin ../src/main/java/*/*.java","lastModifiedDate":"2025-01-31","isFullCredit":false},{"lineNumber":17,"author":{"gitId":"-"},"content":"then","lastModifiedDate":"2020-05-25","isFullCredit":false},{"lineNumber":18,"author":{"gitId":"-"},"content":"    echo \"********** BUILD FAILURE **********\"","lastModifiedDate":"2020-05-25","isFullCredit":false},{"lineNumber":19,"author":{"gitId":"-"},"content":"    exit 1","lastModifiedDate":"2020-05-25","isFullCredit":false},{"lineNumber":20,"author":{"gitId":"-"},"content":"fi","lastModifiedDate":"2020-05-25","isFullCredit":false},{"lineNumber":21,"author":{"gitId":"-"},"content":"","lastModifiedDate":"2020-05-25","isFullCredit":false},{"lineNumber":22,"author":{"gitId":"-"},"content":"# run the program, feed commands from input.txt file and redirect the output to the ACTUAL.TXT","lastModifiedDate":"2020-05-25","isFullCredit":false},{"lineNumber":23,"author":{"gitId":"caando"},"content":"java -classpath ../bin duke/Duke \u003c input.txt \u003e ACTUAL.TXT","lastModifiedDate":"2025-01-31","isFullCredit":false},{"lineNumber":24,"author":{"gitId":"-"},"content":"","lastModifiedDate":"2020-05-25","isFullCredit":false},{"lineNumber":25,"author":{"gitId":"-"},"content":"# convert to UNIX format","lastModifiedDate":"2020-05-25","isFullCredit":false},{"lineNumber":26,"author":{"gitId":"-"},"content":"cp EXPECTED.TXT EXPECTED-UNIX.TXT","lastModifiedDate":"2020-05-25","isFullCredit":false},{"lineNumber":27,"author":{"gitId":"-"},"content":"dos2unix ACTUAL.TXT EXPECTED-UNIX.TXT","lastModifiedDate":"2020-05-25","isFullCredit":false},{"lineNumber":28,"author":{"gitId":"-"},"content":"","lastModifiedDate":"2020-05-25","isFullCredit":false},{"lineNumber":29,"author":{"gitId":"-"},"content":"# compare the output to the expected output","lastModifiedDate":"2020-05-25","isFullCredit":false},{"lineNumber":30,"author":{"gitId":"-"},"content":"diff ACTUAL.TXT EXPECTED-UNIX.TXT","lastModifiedDate":"2020-05-25","isFullCredit":false},{"lineNumber":31,"author":{"gitId":"-"},"content":"if [ $? -eq 0 ]","lastModifiedDate":"2020-05-25","isFullCredit":false},{"lineNumber":32,"author":{"gitId":"-"},"content":"then","lastModifiedDate":"2020-05-25","isFullCredit":false},{"lineNumber":33,"author":{"gitId":"-"},"content":"    echo \"Test result: PASSED\"","lastModifiedDate":"2020-05-25","isFullCredit":false},{"lineNumber":34,"author":{"gitId":"-"},"content":"    exit 0","lastModifiedDate":"2020-05-25","isFullCredit":false},{"lineNumber":35,"author":{"gitId":"-"},"content":"else","lastModifiedDate":"2020-05-25","isFullCredit":false},{"lineNumber":36,"author":{"gitId":"-"},"content":"    echo \"Test result: FAILED\"","lastModifiedDate":"2020-05-25","isFullCredit":false},{"lineNumber":37,"author":{"gitId":"-"},"content":"    exit 1","lastModifiedDate":"2020-05-25","isFullCredit":false},{"lineNumber":38,"author":{"gitId":"-"},"content":"fi","lastModifiedDate":"2020-05-25","isFullCredit":false}],"authorContributionMap":{"caando":2,"-":36}}]
