{"authorDailyContributionsMap":{"TasmiaH0508":[{"date":"2025-01-23","commitResults":[{"hash":"c084e74f843e79691766c2fdc515d941153eb42d","isMergeCommit":false,"messageTitle":"Rename chatbot to Bob. Add exit function for chatbot.","messageBody":"","tags":["Level-0"],"fileTypesAndContributionMap":{"java":{"insertions":13,"deletions":10},"md":{"insertions":3,"deletions":3}}},{"hash":"b2050ab2ebd4dc4fe92b69eadeabefbbec53cbc3","isMergeCommit":false,"messageTitle":"Add echo function to chatbot","messageBody":"","tags":["Level-1"],"fileTypesAndContributionMap":{"java":{"insertions":43,"deletions":2}}},{"hash":"7bde5a0761b2c399f8e6226684b5db77d07ecf94","isMergeCommit":false,"messageTitle":"Add addTask and display taskList functions.","messageBody":"","tags":["Level-2"],"fileTypesAndContributionMap":{"java":{"insertions":38,"deletions":3}}},{"hash":"b2b734b39e8507ac54308dba3536a30883efca8e","isMergeCommit":false,"messageTitle":"Add functions to mark tasks as done or not done","messageBody":"","tags":["Level-3"],"fileTypesAndContributionMap":{"java":{"insertions":75,"deletions":4}}}]},{"date":"2025-01-24","commitResults":[{"hash":"14429f3cec0058d465fd4bbbf2d62c2d758c6e4b","isMergeCommit":false,"messageTitle":"Add tracking function for event, todo and deadline","messageBody":"","tags":["Level-4"],"fileTypesAndContributionMap":{"java":{"insertions":75,"deletions":7}}},{"hash":"c307711a5b310ab7fd0a4f32e5a244b304c6278e","isMergeCommit":false,"messageTitle":"Perform automated text UI testing","messageBody":"","tags":["A-TextUiTesting"],"fileTypesAndContributionMap":{"txt":{"insertions":8,"deletions":0},"java":{"insertions":4,"deletions":4},"sh":{"insertions":1,"deletions":1}}},{"hash":"d606c99303aaf22d8273ea81d1f0f4aa46da660b","isMergeCommit":false,"messageTitle":"Tidy code to make code more readable","messageBody":"","fileTypesAndContributionMap":{"java":{"insertions":81,"deletions":40}}}]},{"date":"2025-01-25","commitResults":[{"hash":"6e63029cf3d1ec09e09749536141550ce9671f71","isMergeCommit":false,"messageTitle":"Handle incorrect inputs error","messageBody":"","tags":["Level-5"],"fileTypesAndContributionMap":{"txt":{"insertions":3,"deletions":0},"java":{"insertions":39,"deletions":28}}},{"hash":"33b2c81ada626e08ed19a3434b71a27258cfdfc1","isMergeCommit":false,"messageTitle":"Add delete task functionality","messageBody":"","tags":["Level-6"],"fileTypesAndContributionMap":{"txt":{"insertions":2,"deletions":0},"java":{"insertions":39,"deletions":12}}}]},{"date":"2025-01-30","commitResults":[{"hash":"8ab3dc28fa89b5bd990ec484f7898f53d57f1be5","isMergeCommit":false,"messageTitle":"Implement part of Level-7","messageBody":"","fileTypesAndContributionMap":{"java":{"insertions":129,"deletions":12}}},{"hash":"2ab31a3a96d2f5f543e672ee03ad1936b18270ab","isMergeCommit":false,"messageTitle":"Complete level-7","messageBody":"","fileTypesAndContributionMap":{"java":{"insertions":7,"deletions":10}}},{"hash":"efcaf41c023962c500c5bba9ab7bd8d0f687af71","isMergeCommit":true,"messageTitle":"Merge branch-Level-7 into master","messageBody":"","tags":["Level-7"],"fileTypesAndContributionMap":{}}]},{"date":"2025-01-31","commitResults":[{"hash":"92c231f2e7e8148980348f317d9ce47fe2097ef4","isMergeCommit":false,"messageTitle":"Complete Level 8","messageBody":"","fileTypesAndContributionMap":{"java":{"insertions":51,"deletions":32}}},{"hash":"00ed6ac22fec0ccf7fa6d3f2a93fce8b3ac22917","isMergeCommit":true,"messageTitle":"Merge branch \u0027branch-Level-8\u0027 Merge branch-Level-7 into master","messageBody":"","tags":["Level-8"],"fileTypesAndContributionMap":{}},{"hash":"f2ee2928c4a63bfb73b8d4762d0cfb7744805e70","isMergeCommit":false,"messageTitle":"Add Storage class","messageBody":"","tags":["A-MoreOOP"],"fileTypesAndContributionMap":{"java":{"insertions":66,"deletions":56}}},{"hash":"a4f2ceaf73c66528f6fc131778aa55cd8ee1f100","isMergeCommit":false,"messageTitle":"Package classes","messageBody":"","tags":["A-Packages"],"fileTypesAndContributionMap":{"java":{"insertions":44,"deletions":7}}},{"hash":"30029cfd6f9bcc753c9ad1bd8d12f3ddc5d82ecf","isMergeCommit":true,"messageTitle":"Merge branch \u0027add-gradle-support\u0027 Add gradle support","messageBody":"","tags":["A-Gradle"],"fileTypesAndContributionMap":{}}]},{"date":"2025-02-01","commitResults":[{"hash":"35384acca398a7dec6f79f23a517be76c7f594ff","isMergeCommit":false,"messageTitle":"Add JUnit tests","messageBody":"","tags":["A-Jar","A-JUnit"],"fileTypesAndContributionMap":{"gradle":{"insertions":5,"deletions":1},"java":{"insertions":136,"deletions":1}}},{"hash":"e422d7bdc1febe84cc9052b1aae6dba1d8b98e12","isMergeCommit":false,"messageTitle":"Tidy code to follow coding standard","messageBody":"","fileTypesAndContributionMap":{"java":{"insertions":53,"deletions":33}}},{"hash":"ceca7c22c9be13146a328bd0622e38ed95bfbf0a","isMergeCommit":false,"messageTitle":"Add java doc","messageBody":"","fileTypesAndContributionMap":{"java":{"insertions":180,"deletions":2}}},{"hash":"d648a6b1d8127cb9c23dbfb491034f672c1957a9","isMergeCommit":false,"messageTitle":"Add search feature","messageBody":"","fileTypesAndContributionMap":{"java":{"insertions":100,"deletions":13}}},{"hash":"ffc4eae439579c26562846205042b3a306b5b3bf","isMergeCommit":true,"messageTitle":"Resolve merge conflicts from branch-A-CodingStandard","messageBody":"","fileTypesAndContributionMap":{}},{"hash":"70fc7683f5059acbb9eb0339684ba5b274bad3b9","isMergeCommit":true,"messageTitle":"Resolve merge conflicts between master and branch-Level-9","messageBody":"","fileTypesAndContributionMap":{}},{"hash":"64b163a37b48a72e4a533604555a70aafe0e6bda","isMergeCommit":true,"messageTitle":"Resolve merge conflicts between master and branch-Level-9","messageBody":"","tags":["Level-9","A-JavaDoc","A-CodingStandard"],"fileTypesAndContributionMap":{}}]},{"date":"2025-02-03","commitResults":[{"hash":"c46c2325a8ce17bdb0266b0459e792fc800db1ff","isMergeCommit":false,"messageTitle":"Re-implement search","messageBody":"","fileTypesAndContributionMap":{"java":{"insertions":77,"deletions":66}}},{"hash":"cff75daf34d3b9cea21552ba7c7ee7419fa8bb5d","isMergeCommit":false,"messageTitle":"Add java doc","messageBody":"","fileTypesAndContributionMap":{"java":{"insertions":26,"deletions":11}}}]},{"date":"2025-02-07","commitResults":[{"hash":"600b0c3143a504fa3a3fbaf0365999594bd52e52","isMergeCommit":false,"messageTitle":"Add javadoc","messageBody":"","fileTypesAndContributionMap":{"java":{"insertions":55,"deletions":15}}},{"hash":"d86e1ca6079714b64aa632eb89d46f00d7f38c44","isMergeCommit":false,"messageTitle":"Complete Level 10","messageBody":"","fileTypesAndContributionMap":{"gradle":{"insertions":16,"deletions":1},"fxml":{"insertions":66,"deletions":0},"java":{"insertions":361,"deletions":93}}},{"hash":"d2d7edd5f3f7d9552c6807dc63a0edcfee53719c","isMergeCommit":true,"messageTitle":"Merge branch-Level-10 into master","messageBody":"","tags":["Level-10"],"fileTypesAndContributionMap":{}}]},{"date":"2025-02-14","commitResults":[{"hash":"5f01cbf5b6110c86ed23ffd4392f73282d448887","isMergeCommit":false,"messageTitle":"Squash bugs related to search","messageBody":"","fileTypesAndContributionMap":{"java":{"insertions":63,"deletions":86}}},{"hash":"caf2f6379f290d1456c7de01e1842b75cd55d7ae","isMergeCommit":false,"messageTitle":"Remove unneccessary file and check for code quality issues","messageBody":"","fileTypesAndContributionMap":{"java":{"insertions":1,"deletions":39}}},{"hash":"5581414935c8ea6390c80e176e1fedfb6d4af161","isMergeCommit":false,"messageTitle":"Apply assertions and check code standards","messageBody":"Most of code standards were checked and violations were fixed while in branch-A-Assertions to improve code quality.\n\nAssertions were applied where neccessary (mainly in the Bob.java file). Doing so allows for improved safety.\n","tags":["A-FullCommitMessage"],"fileTypesAndContributionMap":{"java":{"insertions":49,"deletions":16}}},{"hash":"de1e2d3ee601132179af61618fc3c850353a8c79","isMergeCommit":false,"messageTitle":"Squash bug","messageBody":"When user keyed in an incorrect date format, program exited due to runtime exception.\nBug squashed so that such runtime exception will not happen again.\n","fileTypesAndContributionMap":{"java":{"insertions":8,"deletions":5}}},{"hash":"11ff9d85be98ec1307ea6cfe118387186f7a1aff","isMergeCommit":true,"messageTitle":"Merge pull request #1 from TasmiaH0508/branch-A-CodeQuality","messageBody":"Remove unneccessary file and check for code quality issues","fileTypesAndContributionMap":{}},{"hash":"502eca7f4318de90c1a904dc2a88dbcb7d84da9a","isMergeCommit":true,"messageTitle":"Merge branch \u0027master\u0027 into branch-A-Assertions Merge master branch onto branch-A-Assertions","messageBody":"","fileTypesAndContributionMap":{}},{"hash":"c62c28509fbca8ae47b9d9e2f80d635f102744c9","isMergeCommit":true,"messageTitle":"Merge pull request #2 from TasmiaH0508/branch-A-Assertions","messageBody":"Branch a assertions","fileTypesAndContributionMap":{}},{"hash":"d1956d05893675a5d34a5ca123f5ae8242be75da","isMergeCommit":false,"messageTitle":"Tidy code","messageBody":"","tags":["A-CodeQuality","A-Assertions"],"fileTypesAndContributionMap":{"java":{"insertions":7,"deletions":12}}},{"hash":"f89a59ac182f73d2fabce555875ad619fb3e9e37","isMergeCommit":false,"messageTitle":"Implement mass-delete and mass-marking of tasks","messageBody":"","fileTypesAndContributionMap":{"java":{"insertions":103,"deletions":49}}},{"hash":"50ae0c069e51d5761683232eef1406a89287c4b5","isMergeCommit":true,"messageTitle":"Merge branch \u0027branch-BCD-extension\u0027 Merge branch-BCD-extension to master","messageBody":"","tags":["BCD-Extension"],"fileTypesAndContributionMap":{}}]},{"date":"2025-02-15","commitResults":[{"hash":"97e150f6f9afb957a4d347221140733573d512b8","isMergeCommit":false,"messageTitle":"Add clean command to remove completed tasks","messageBody":"","fileTypesAndContributionMap":{"java":{"insertions":79,"deletions":14}}}]},{"date":"2025-02-21","commitResults":[{"hash":"8ce0543d103d1db1c240ce4cb99671e338a09244","isMergeCommit":false,"messageTitle":"Fix package name to follow convention","messageBody":"","fileTypesAndContributionMap":{"java":{"insertions":3,"deletions":3}}},{"hash":"c4c7be613eaf2e69310ed210d7e4d22c87460cf9","isMergeCommit":false,"messageTitle":"Fix import statements","messageBody":"","fileTypesAndContributionMap":{"java":{"insertions":7,"deletions":5}}},{"hash":"e6a0ad56d69bcc33784c1b8ab7fa82a172d3ed29","isMergeCommit":false,"messageTitle":"Rename chatbot","messageBody":"","fileTypesAndContributionMap":{"java":{"insertions":49,"deletions":47},"md":{"insertions":2,"deletions":10}}}]}]},"authorFileTypeContributionMap":{"TasmiaH0508":{"java":1375,"md":3,"fxml":66,"sh":1,"bat":0,"gradle":20,"txt":13}},"authorContributionVariance":{"TasmiaH0508":20595.623},"authorDisplayNameMap":{"TasmiaH0508":"CS2103T-T14-3 TASM..AQUE"}}
