{"authorDailyContributionsMap":{"bryantjandra":[{"date":"2025-01-25","commitResults":[{"hash":"0b490b6e39d184c1a132a2ff56874870f4966dc2","isMergeCommit":false,"messageTitle":"Rename chatbot to Robert and add greeting and farewell","messageBody":"","tags":["Level-0"],"fileTypesAndContributionMap":{"java":{"insertions":11,"deletions":10},"bat":{"insertions":1,"deletions":1}}},{"hash":"4300c9ad3e57884752fd1eeb624baf23976a5149","isMergeCommit":false,"messageTitle":"Add echo functionality and handle bye command","messageBody":"","tags":["Level-1"],"fileTypesAndContributionMap":{"java":{"insertions":22,"deletions":2}}},{"hash":"fb11be07409f475db98ed5d01f6d173c13bede5d","isMergeCommit":false,"messageTitle":"Add storage and list functionality to store and display user input","messageBody":"","tags":["Level-2"],"fileTypesAndContributionMap":{"java":{"insertions":15,"deletions":3}}},{"hash":"5b90a1b38c149c5f9c70079c74b3cdd43cb6483b","isMergeCommit":false,"messageTitle":"Add Task class and integrate mark/unmark commands","messageBody":"","tags":["Level-3"],"fileTypesAndContributionMap":{"java":{"insertions":59,"deletions":4}}}]},{"date":"2025-01-26","commitResults":[{"hash":"4832e74768f6ec8d7d89ed866c5f92eaab9322a1","isMergeCommit":false,"messageTitle":"Add support for todos, deadlines, and events with inheritance to handle different types of tasks","messageBody":"","tags":["Level-4"],"fileTypesAndContributionMap":{"java":{"insertions":107,"deletions":20}}},{"hash":"f3ab3294b56461f14ed2c26fd378742e3e669db9","isMergeCommit":false,"messageTitle":"Add input/output redirection technique to semi-automate testing","messageBody":"","tags":["A-TextUiTesting"],"fileTypesAndContributionMap":{"txt":{"insertions":13,"deletions":0},"java":{"insertions":1,"deletions":9},"sh":{"insertions":1,"deletions":1}}},{"hash":"5ee9209f22444519c74f5cf640a9cdacb7bad0be","isMergeCommit":false,"messageTitle":"Add exception handling for user input validation","messageBody":"","fileTypesAndContributionMap":{"java":{"insertions":147,"deletions":78}}},{"hash":"f7aa5a44e7af53ce79445598ed52a9db2115abac","isMergeCommit":false,"messageTitle":"Refactor codebase to add javadoc comments","messageBody":"","tags":["Level-5"],"fileTypesAndContributionMap":{"java":{"insertions":89,"deletions":0}}},{"hash":"b9edb7b0d0d454c5d5cf857a0201a2b1739f5ed1","isMergeCommit":false,"messageTitle":"Add delete command and switch to ArrayList to store tasks","messageBody":"","tags":["Level-6"],"fileTypesAndContributionMap":{"java":{"insertions":33,"deletions":25}}}]},{"date":"2025-01-27","commitResults":[{"hash":"2ce1d0f63714f5f544fcafdc28f21c4221f7c5d9","isMergeCommit":false,"messageTitle":"Use an enum-based command approach","messageBody":"","tags":["A-Enums"],"fileTypesAndContributionMap":{"java":{"insertions":175,"deletions":144}}}]}]},"authorFileTypeContributionMap":{"bryantjandra":{"java":374,"md":0,"fxml":0,"sh":1,"bat":1,"gradle":0,"txt":13}},"authorContributionVariance":{"bryantjandra":18907.828},"authorDisplayNameMap":{"bryantjandra":"CS2103T-F14-3 BENE..NDRA"}}
