{"authorDailyContributionsMap":{"ambertan77":[{"date":"2025-01-21","commitResults":[{"hash":"addf7f0ccff483ec2773cce3a96b179ff9746b52","isMergeCommit":false,"messageTitle":"implement greeting and exit messages","messageBody":"","tags":["Level-0"],"fileTypesAndContributionMap":{"java":{"insertions":10,"deletions":10}}},{"hash":"10ae866c6114f89c3eb2194e3a78895531cb72fe","isMergeCommit":false,"messageTitle":"implement echoing and exit command","messageBody":"","tags":["Level-1"],"fileTypesAndContributionMap":{"java":{"insertions":14,"deletions":3}}},{"hash":"e3e460760dfb2d78d612eb5531255264b71b406e","isMergeCommit":false,"messageTitle":"implement storing and displaying user input","messageBody":"","tags":["Level-2"],"fileTypesAndContributionMap":{"java":{"insertions":20,"deletions":4}}},{"hash":"ab7695e5b0585c4b2cc3bf00bbdc79b7cc3ad410","isMergeCommit":false,"messageTitle":"add task class","messageBody":"","fileTypesAndContributionMap":{"java":{"insertions":26,"deletions":0}}},{"hash":"c8354477f78609c130f6327467e357980999f894","isMergeCommit":false,"messageTitle":"add mark and unmark features","messageBody":"","tags":["Level-3"],"fileTypesAndContributionMap":{"java":{"insertions":29,"deletions":11}}},{"hash":"88c1c115e7daf7e5db55735c32ed9b60bbb85a9b","isMergeCommit":false,"messageTitle":"add deadline class","messageBody":"","fileTypesAndContributionMap":{"java":{"insertions":15,"deletions":0}}},{"hash":"a36a684bc49c20c7d82488dc43a7eb782804a07b","isMergeCommit":false,"messageTitle":"add event class","messageBody":"","fileTypesAndContributionMap":{"java":{"insertions":16,"deletions":0}}},{"hash":"2563b211b14871aec20ae0cc78698da642cece00","isMergeCommit":false,"messageTitle":"add todos class","messageBody":"","fileTypesAndContributionMap":{"java":{"insertions":11,"deletions":0}}},{"hash":"a88929cc9edbb97c0c067ab97e7d9e1a0e900668","isMergeCommit":false,"messageTitle":"make minor edits to deadline class","messageBody":"","fileTypesAndContributionMap":{"java":{"insertions":1,"deletions":1}}}]},{"date":"2025-01-22","commitResults":[{"hash":"8bbcdf22bbe9f6771c9d444faa40970cceeaca9b","isMergeCommit":false,"messageTitle":"fix minor typos in todos class","messageBody":"","fileTypesAndContributionMap":{"java":{"insertions":2,"deletions":2}}},{"hash":"e5a9fed2841da85dfe3e5af1f6cb8ffd18ee11cf","isMergeCommit":false,"messageTitle":"add support for tracking todos, deadlines and events","messageBody":"","tags":["Level-4"],"fileTypesAndContributionMap":{"java":{"insertions":23,"deletions":4}}},{"hash":"c5b4f2b846486dfd09ca14f78f38e769667b66dc","isMergeCommit":false,"messageTitle":"fix minor typos in greeting","messageBody":"","fileTypesAndContributionMap":{"java":{"insertions":1,"deletions":1}}},{"hash":"b44f49d7f7725cd8923c4eed83dd085cc7fa4f40","isMergeCommit":false,"messageTitle":"fix minor typos in string output for addition of new tasks","messageBody":"","fileTypesAndContributionMap":{"java":{"insertions":2,"deletions":2}}},{"hash":"ea18a27f41828a52c9eda95b2f2823495171f2ae","isMergeCommit":false,"messageTitle":"add string header for list","messageBody":"","fileTypesAndContributionMap":{"java":{"insertions":1,"deletions":0}}},{"hash":"6d103797967695d07218da3fb08cce70ec466c65","isMergeCommit":false,"messageTitle":"change name of main class","messageBody":"","fileTypesAndContributionMap":{"sh":{"insertions":1,"deletions":1}}},{"hash":"e3aa9598fe42653b02cb19e5d7dc6a7487c1ebc4","isMergeCommit":false,"messageTitle":"add test cases for supported user commands","messageBody":"","tags":["A-TextUiTesting"],"fileTypesAndContributionMap":{"txt":{"insertions":15,"deletions":0}}},{"hash":"62f41d2d1d2d8a67800df61de4913ec73f051e90","isMergeCommit":false,"messageTitle":"add exceptions to deal with incorrect input","messageBody":"","tags":["Level-5"],"fileTypesAndContributionMap":{"java":{"insertions":65,"deletions":15}}},{"hash":"68efdb32e07851426827cf0729d78618c86d0235","isMergeCommit":false,"messageTitle":"change data type that stores the list of tasks","messageBody":"","fileTypesAndContributionMap":{"java":{"insertions":7,"deletions":7}}},{"hash":"781b4b8500ec11fc5e0be3602cce9abdccac84bd","isMergeCommit":false,"messageTitle":"implement deleting command","messageBody":"","tags":["Level-6"],"fileTypesAndContributionMap":{"java":{"insertions":10,"deletions":0}}},{"hash":"c6498d064aae96a7d68026a83e037d30b6cce855","isMergeCommit":false,"messageTitle":"add code comments and clean up code","messageBody":"","fileTypesAndContributionMap":{"java":{"insertions":44,"deletions":6}}}]},{"date":"2025-01-23","commitResults":[{"hash":"589f6146b1fa9870bca63585495f88d7a64a47b6","isMergeCommit":false,"messageTitle":"add enum for types of tasks","messageBody":"","fileTypesAndContributionMap":{"java":{"insertions":9,"deletions":4}}},{"hash":"9d507af9810872090710c2ac8e8da697d576bba8","isMergeCommit":false,"messageTitle":"add enum for supported user commands","messageBody":"","tags":["A-Enums"],"fileTypesAndContributionMap":{"java":{"insertions":74,"deletions":38}}}]},{"date":"2025-01-28","commitResults":[{"hash":"124a194b2686003c6542005221c10d7c8209e81e","isMergeCommit":false,"messageTitle":"Format code to meet coding standard","messageBody":"","fileTypesAndContributionMap":{"java":{"insertions":51,"deletions":52}}}]},{"date":"2025-01-29","commitResults":[{"hash":"89948a2470835cbb8abad32ff95d7e90e2711681","isMergeCommit":false,"messageTitle":"Add getters to the Task class and its subclasses","messageBody":"","fileTypesAndContributionMap":{"java":{"insertions":48,"deletions":0}}},{"hash":"53f7b37848388158ada2180c953e096dc629d779","isMergeCommit":false,"messageTitle":"Bob.java: Add logic to create, write and append to tasks file","messageBody":"Previously, there was no logic to save the task list into a file in the\nhard disk automatically.\n\nSuch logic will allow users to remember what they have previously input.\n\nLet\u0027s,\n* add the relevant logic to create the new directory and file if needed\n* add a method to write to the file\n* add a method to append text to the file\n","fileTypesAndContributionMap":{"java":{"insertions":97,"deletions":1}}},{"hash":"3f8dc2cf4383b95150652e049ba8f775f4b7b6c8","isMergeCommit":true,"messageTitle":"Merge branch \u0027branch-Level-7\u0027","messageBody":"* branch-Level-7:\n  Bob.java: Add logic to create, write and append to tasks file\n  Add getters to the Task class and its subclasses\n","tags":["Level-7"],"fileTypesAndContributionMap":{}},{"hash":"5d443fffe76a6af57743e2d3899b016c28c1226a","isMergeCommit":false,"messageTitle":"Bob.java: Add references for code","messageBody":"","fileTypesAndContributionMap":{"java":{"insertions":4,"deletions":0}}},{"hash":"8ff6f122afad9fd000133b9704cc51e5d248c343","isMergeCommit":false,"messageTitle":"Bob.java: Load data from hard disk when chatbot is loaded up","messageBody":"Previously, there was no logic to support loading data from saved on the\nhard disk.\n\nSuch logic will allow users to be able to access the list of tasks sent\nto the chatbot previously.\n\nLet\u0027s,\n* add a method to add file contents into the current task list\n* add a helper method to create tasks from the string inputs scanned\n* add file contents to task list whenever data.txt file already exists\n","fileTypesAndContributionMap":{"java":{"insertions":40,"deletions":10}}},{"hash":"18f54a4bba412f1708bdf07dc691a9df295d49df","isMergeCommit":false,"messageTitle":"Fix typo errors that occur when appending text to file in hard disk","messageBody":"","fileTypesAndContributionMap":{"java":{"insertions":17,"deletions":9}}}]},{"date":"2025-01-30","commitResults":[{"hash":"be4c6da71a3a7d2706a2c97033ad88f74cf9bcba","isMergeCommit":false,"messageTitle":"Change type of time-sensitive fields from String to LocalDateTime","messageBody":"","fileTypesAndContributionMap":{"java":{"insertions":22,"deletions":10}}},{"hash":"8bd988e147813a322201927bc0b37bfe3609223f","isMergeCommit":false,"messageTitle":"Bob.java: Add support for reading user-input date/time strings","messageBody":"","fileTypesAndContributionMap":{"java":{"insertions":19,"deletions":4}}},{"hash":"301aa5a5a1b816d720c564452e5bf02594313811","isMergeCommit":true,"messageTitle":"Merge branch \u0027branch-Level-8\u0027","messageBody":"* branch-Level-8:\n  Bob.java: Add support for reading user-input date/time strings\n  Change type of time-sensitive fields from String to LocalDateTime\n  Fix typo errors that occur when appending text to file in hard disk\n  Bob.java: Load data from hard disk when chatbot is loaded up\n","tags":["Level-8"],"fileTypesAndContributionMap":{}},{"hash":"37b500fddf80026962ca4906888ecf1415d0fd3d","isMergeCommit":false,"messageTitle":"Add TaskList class","messageBody":"","fileTypesAndContributionMap":{"java":{"insertions":25,"deletions":0}}},{"hash":"5306095a934dedb9c2e01a22157f11b22869da1a","isMergeCommit":false,"messageTitle":"Add support for TaskList class","messageBody":"","fileTypesAndContributionMap":{"java":{"insertions":12,"deletions":15}}},{"hash":"818584dffc17e26ea60d8c8448a58e5adb0c782f","isMergeCommit":false,"messageTitle":"Add Storage class","messageBody":"","fileTypesAndContributionMap":{"java":{"insertions":96,"deletions":0}}},{"hash":"7a83b65a18adf4d991eee140a60d3cf6cb8efb0e","isMergeCommit":false,"messageTitle":"Add support for Storage class","messageBody":"","fileTypesAndContributionMap":{"java":{"insertions":96,"deletions":176}}},{"hash":"0fef44ad0c0cbec06c5d4283275ee487c103ac4a","isMergeCommit":false,"messageTitle":"Add Parser class","messageBody":"","fileTypesAndContributionMap":{"java":{"insertions":208,"deletions":0}}},{"hash":"500fc6c511af2e852bca45ef1854b9b74edb1397","isMergeCommit":false,"messageTitle":"Add support for Parser class","messageBody":"","fileTypesAndContributionMap":{"java":{"insertions":6,"deletions":195}}},{"hash":"e6fa3d4cc3b458afac2ae42adaf272c4bc03a747","isMergeCommit":false,"messageTitle":"Add method for loading file when chatbot first starts","messageBody":"","fileTypesAndContributionMap":{"java":{"insertions":22,"deletions":26}}},{"hash":"ebcf8465c93a88d7dc1827553f8818f9ecc303b1","isMergeCommit":false,"messageTitle":"Fix minor typos when printing date/time","messageBody":"","fileTypesAndContributionMap":{"java":{"insertions":3,"deletions":3}}},{"hash":"23ee0c2e904e72e38a2e9f19207198463a184d10","isMergeCommit":false,"messageTitle":"Add Ui class","messageBody":"","fileTypesAndContributionMap":{"java":{"insertions":50,"deletions":0}}},{"hash":"0209800fc48fc3d03e4af19c4c5237d8e52d388f","isMergeCommit":false,"messageTitle":"Add support for Ui class","messageBody":"","tags":["A-MoreOOP"],"fileTypesAndContributionMap":{"java":{"insertions":18,"deletions":42}}},{"hash":"8f1e205291c160747a84d0e340afdfada4fd991d","isMergeCommit":false,"messageTitle":"Organise classes into packages","messageBody":"","tags":["A-Packages"],"fileTypesAndContributionMap":{"java":{"insertions":32,"deletions":7}}},{"hash":"ba62cad60aa863e2bf02449bf9709fd16c1fbb45","isMergeCommit":true,"messageTitle":"Merge branch \u0027add-gradle-support\u0027","messageBody":"* add-gradle-support:\n  build.gradle: Prevent generating a second JAR file\n  Bump gradle and lib version\n  Add Gradle support\n","tags":["A-Gradle"],"fileTypesAndContributionMap":{}},{"hash":"c391ec84f2ac44c30e99b7b3d9ea5f4715892d7f","isMergeCommit":false,"messageTitle":"Fix typo in code comments","messageBody":"","fileTypesAndContributionMap":{"java":{"insertions":12,"deletions":4}}},{"hash":"0295c67119197064faca4b39fb89b36e9f2105e8","isMergeCommit":false,"messageTitle":"Remove constructor for Ui class","messageBody":"","fileTypesAndContributionMap":{"java":{"insertions":6,"deletions":12}}},{"hash":"f904e16bcf103df70330b719bd3b71d974d2e213","isMergeCommit":false,"messageTitle":"Parser.java: Create different methods for different types of tasks","messageBody":"","fileTypesAndContributionMap":{"java":{"insertions":82,"deletions":70}}},{"hash":"b0421b3304d61550b5588e781db529c7d490560e","isMergeCommit":false,"messageTitle":"Fix the return type for methods creating the different types of tasks","messageBody":"","fileTypesAndContributionMap":{"java":{"insertions":3,"deletions":3}}},{"hash":"0380a7a9e3db010c5a692921064aec1240785bd2","isMergeCommit":false,"messageTitle":"Add instructions on the format to follow for creation of Deadline tasks","messageBody":"","fileTypesAndContributionMap":{"java":{"insertions":2,"deletions":2}}},{"hash":"856cb93ebd8aff4cbfe7af630b0cafe85c783377","isMergeCommit":false,"messageTitle":"Build.gradle: Change file names","messageBody":"","fileTypesAndContributionMap":{"gradle":{"insertions":2,"deletions":2}}},{"hash":"a4c74bb3d0230c51aeeff01bee5c1d91a3558266","isMergeCommit":false,"messageTitle":"Add tests for the createDeadlineTask method in Parser.java","messageBody":"","fileTypesAndContributionMap":{"java":{"insertions":81,"deletions":0}}},{"hash":"84724c34557610ad5a37ef5f13606a531ece9c70","isMergeCommit":false,"messageTitle":"Storage.java: Handle tasks incorrectly formatted in file","messageBody":"","fileTypesAndContributionMap":{"java":{"insertions":28,"deletions":9}}},{"hash":"cf212b5837b029c77633a3d0aa7091db99030b0e","isMergeCommit":false,"messageTitle":"Storage.java: Edit minor typos","messageBody":"","fileTypesAndContributionMap":{"java":{"insertions":3,"deletions":3}}}]},{"date":"2025-01-31","commitResults":[{"hash":"e305f04e7533bae4d99297759e509bb06d0dce4e","isMergeCommit":false,"messageTitle":"Add tests for the createTaskFromFile method in Storage.java","messageBody":"","tags":["v0.1","A-JUnit"],"fileTypesAndContributionMap":{"java":{"insertions":130,"deletions":0}}},{"hash":"6b3960435857efcb524fff7382d2162e33edebce","isMergeCommit":false,"messageTitle":"Specify name of jar file","messageBody":"","tags":["A-Jar"],"fileTypesAndContributionMap":{"gradle":{"insertions":1,"deletions":0}}},{"hash":"0c27fd63999d9a900b8eb27dc897166908a4cb09","isMergeCommit":false,"messageTitle":"Deadline.java: Add JavaDoc comments","messageBody":"","fileTypesAndContributionMap":{"java":{"insertions":26,"deletions":0}}},{"hash":"6c354bcf1826803556a2089ae22665deaba58168","isMergeCommit":false,"messageTitle":"Deadline.java: Fix typos in JavaDoc comments","messageBody":"","fileTypesAndContributionMap":{"java":{"insertions":2,"deletions":2}}},{"hash":"433925b86481b574dea8fc88fca590dfe990c6ac","isMergeCommit":false,"messageTitle":"Event.java: Add JavaDoc comments","messageBody":"","fileTypesAndContributionMap":{"java":{"insertions":32,"deletions":0}}},{"hash":"8e8cf4e967626e5d6cfe8a42bf41a4cac1a918b2","isMergeCommit":false,"messageTitle":"Add JavaDoc comment for constructors","messageBody":"","fileTypesAndContributionMap":{"java":{"insertions":13,"deletions":0}}},{"hash":"1f19ce52a38425ca2e9fb58bcafcfea8370d6fa4","isMergeCommit":false,"messageTitle":"Todos.java: Add JavaDoc comments","messageBody":"","fileTypesAndContributionMap":{"java":{"insertions":25,"deletions":0}}},{"hash":"f72518947ff458aadf7635a8ecf8915d5395ba86","isMergeCommit":false,"messageTitle":"Task.java: Add JavaDoc comments","messageBody":"","fileTypesAndContributionMap":{"java":{"insertions":45,"deletions":0}}},{"hash":"b288a09817b9322f10de52ec0793a7784b754e08","isMergeCommit":false,"messageTitle":"Bob.java: Add JavaDoc comments","messageBody":"","fileTypesAndContributionMap":{"java":{"insertions":23,"deletions":0}}},{"hash":"160c502fb619665f9066e90423e9388a2a76746f","isMergeCommit":false,"messageTitle":"Parser.java: Add JavaDoc comments","messageBody":"","fileTypesAndContributionMap":{"java":{"insertions":52,"deletions":0}}},{"hash":"7ace58748fcdb80047565a5ac2e0afe0f22cb159","isMergeCommit":false,"messageTitle":"Storage.java: Add JavaDoc comments","messageBody":"","fileTypesAndContributionMap":{"java":{"insertions":45,"deletions":0}}},{"hash":"8ce4762214a18f1753107722624e8b4dc032fe9f","isMergeCommit":false,"messageTitle":"TaskList.java: Add JavaDoc comments","messageBody":"","fileTypesAndContributionMap":{"java":{"insertions":24,"deletions":0}}},{"hash":"790c9f12a3c43c18d818780e5aa546ddd0fb0b03","isMergeCommit":false,"messageTitle":"Ui.java: Add JavaDoc comments","messageBody":"","fileTypesAndContributionMap":{"java":{"insertions":10,"deletions":0}}},{"hash":"967452c4de1367f8425d3160b1135b3d845a4e2e","isMergeCommit":false,"messageTitle":"Change import order to match coding standards","messageBody":"","fileTypesAndContributionMap":{"java":{"insertions":20,"deletions":21}}},{"hash":"0ae966146c546474221dbda4f2fa7ed264b3ede3","isMergeCommit":false,"messageTitle":"Task.java: Place conditionals on a separate line","messageBody":"","fileTypesAndContributionMap":{"java":{"insertions":14,"deletions":6}}},{"hash":"efae740e5f4189ec80ba3123e129db28f4d63b96","isMergeCommit":false,"messageTitle":"TaskList.java: Add logic to find tasks by keyword","messageBody":"","fileTypesAndContributionMap":{"java":{"insertions":11,"deletions":0}}},{"hash":"48806b31da0af8d5e0a808ab624977d0b6c99ad2","isMergeCommit":false,"messageTitle":"Add support for the find command","messageBody":"","fileTypesAndContributionMap":{"java":{"insertions":20,"deletions":1}}},{"hash":"243c266fe238c9387df49eedd2b2c5adec497181","isMergeCommit":true,"messageTitle":"Merge branch \u0027branch-A-JavaDoc\u0027","messageBody":"* branch-A-JavaDoc:\n  Ui.java: Add JavaDoc comments\n  TaskList.java: Add JavaDoc comments\n  Storage.java: Add JavaDoc comments\n  Parser.java: Add JavaDoc comments\n  Bob.java: Add JavaDoc comments\n  Task.java: Add JavaDoc comments\n  Todos.java: Add JavaDoc comments\n  Add JavaDoc comment for constructors\n  Event.java: Add JavaDoc comments\n  Deadline.java: Fix typos in JavaDoc comments\n  Deadline.java: Add JavaDoc comments\n","tags":["A-JavaDoc"],"fileTypesAndContributionMap":{}},{"hash":"e93aa994c56ebc408b85cdfd6db82c41147edae4","isMergeCommit":true,"messageTitle":"Merge branch \u0027branch-A-CodingStandard\u0027","messageBody":"* branch-A-CodingStandard:\n  Task.java: Place conditionals on a separate line\n  Change import order to match coding standards\n\n# Conflicts:\n#\tsrc/main/java/bob/Bob.java\n#\tsrc/main/java/bob/Parser.java\n#\tsrc/main/java/bob/Storage.java\n#\tsrc/main/java/bob/TaskList.java\n","tags":["A-CodingStandard"],"fileTypesAndContributionMap":{}},{"hash":"49608525eb825deb05972895a657aa1d790f6ed7","isMergeCommit":true,"messageTitle":"Merge branch \u0027branch-Level-9\u0027","messageBody":"* branch-Level-9:\n  Add support for the find command\n  TaskList.java: Add logic to find tasks by keyword\n","tags":["Level-9"],"fileTypesAndContributionMap":{}},{"hash":"88c3bfedc4b53b63332b6923daf511ba177ae659","isMergeCommit":false,"messageTitle":"TaskList.java: Add JavaDoc comments for the find method","messageBody":"","fileTypesAndContributionMap":{"java":{"insertions":5,"deletions":0}}}]},{"date":"2025-02-05","commitResults":[{"hash":"9c2f58d78b03877b86b039e67bc9cca9405893cc","isMergeCommit":false,"messageTitle":"build.gradle: Add checkstyle plugins","messageBody":"","fileTypesAndContributionMap":{"gradle":{"insertions":5,"deletions":0}}},{"hash":"45540ecf48fb1efa163954159b58c4349c2a862c","isMergeCommit":false,"messageTitle":"Parser.java: Add whitespace in line 126","messageBody":"","fileTypesAndContributionMap":{"java":{"insertions":1,"deletions":1}}},{"hash":"851dca1eadc857f88ccc7b46cc22502e9045bf2d","isMergeCommit":false,"messageTitle":"Parser.java: Add default case at line 293","messageBody":"","fileTypesAndContributionMap":{"java":{"insertions":2,"deletions":0}}},{"hash":"5a7422d68f9bfa50fdf0addc69131192f9c6937b","isMergeCommit":false,"messageTitle":"Change import order for test files","messageBody":"","fileTypesAndContributionMap":{"java":{"insertions":6,"deletions":4}}},{"hash":"c0247e28d888ec7d0e075c9de393af4e5fc166b2","isMergeCommit":false,"messageTitle":"StorageTest.java: Add whitespace in try-catch blocks","messageBody":"","fileTypesAndContributionMap":{"java":{"insertions":5,"deletions":5}}},{"hash":"f4eb6ed1055e1f11c80b57c46c894298f6a2289d","isMergeCommit":false,"messageTitle":"Storage.java: Remove additional whitespace in line 109","messageBody":"","fileTypesAndContributionMap":{"java":{"insertions":1,"deletions":1}}},{"hash":"d9e26e09acb3e0c1ad545ba0c3c37c1d2fa04dd5","isMergeCommit":false,"messageTitle":"Storage.java: Change order of variables decalared","messageBody":"","fileTypesAndContributionMap":{"java":{"insertions":1,"deletions":1}}},{"hash":"8b3831e04052aeb14c55106261d1c06043f48d56","isMergeCommit":false,"messageTitle":"Todos.java: Remove unused import statement","messageBody":"","fileTypesAndContributionMap":{"java":{"insertions":0,"deletions":2}}},{"hash":"cdf06e0d180bd4602d0d69e06118a12be0709a24","isMergeCommit":true,"messageTitle":"Merge branch \u0027branch-A-Checkstyle\u0027","messageBody":"* branch-A-Checkstyle:\n  Add files required for checkstyle\n  Todos.java: Remove unused import statement\n  Storage.java: Change order of variables decalared\n  Storage.java: Remove additional whitespace in line 109\n  StorageTest.java: Add whitespace in try-catch blocks\n  Change import order for test files\n  Parser.java: Add default case at line 293\n  Parser.java: Add whitespace in line 126\n  build.gradle: Add checkstyle plugins\n","tags":["A-CheckStyle"],"fileTypesAndContributionMap":{}}]}]},"authorFileTypeContributionMap":{"ambertan77":{"java":1181,"md":0,"fxml":0,"sh":1,"bat":0,"gradle":8,"txt":15}},"authorContributionVariance":{"ambertan77":78856.664},"authorDisplayNameMap":{"ambertan77":"CS2103T-F13-4 AMBE..NING"}}
