[{"path":"src/main/java/Deadline.java","fileType":"java","lines":[{"lineNumber":1,"author":{"gitId":"limshaoqi"},"content":"import java.time.LocalDateTime;","lastModifiedDate":"2025-01-31","isFullCredit":false},{"lineNumber":2,"author":{"gitId":"limshaoqi"},"content":"public class Deadline extends Task {","lastModifiedDate":"2025-01-23","isFullCredit":false},{"lineNumber":3,"author":{"gitId":"limshaoqi"},"content":"    private final LocalDateTime deadline;","lastModifiedDate":"2025-01-31","isFullCredit":false},{"lineNumber":4,"author":{"gitId":"limshaoqi"},"content":"","lastModifiedDate":"2025-01-23","isFullCredit":false},{"lineNumber":5,"author":{"gitId":"limshaoqi"},"content":"    public Deadline(String description, String deadline) {","lastModifiedDate":"2025-01-23","isFullCredit":false},{"lineNumber":6,"author":{"gitId":"limshaoqi"},"content":"        super(description);","lastModifiedDate":"2025-01-23","isFullCredit":false},{"lineNumber":7,"author":{"gitId":"limshaoqi"},"content":"        this.deadline \u003d parseDate(deadline);","lastModifiedDate":"2025-01-31","isFullCredit":false},{"lineNumber":8,"author":{"gitId":"limshaoqi"},"content":"    }","lastModifiedDate":"2025-01-23","isFullCredit":false},{"lineNumber":9,"author":{"gitId":"limshaoqi"},"content":"","lastModifiedDate":"2025-01-23","isFullCredit":false},{"lineNumber":10,"author":{"gitId":"limshaoqi"},"content":"    public String getBy() {","lastModifiedDate":"2025-01-30","isFullCredit":false},{"lineNumber":11,"author":{"gitId":"limshaoqi"},"content":"        return deadline.format(OUTPUT_DATE_FORMAT);","lastModifiedDate":"2025-01-31","isFullCredit":false},{"lineNumber":12,"author":{"gitId":"limshaoqi"},"content":"    }","lastModifiedDate":"2025-01-30","isFullCredit":false},{"lineNumber":13,"author":{"gitId":"limshaoqi"},"content":"","lastModifiedDate":"2025-01-30","isFullCredit":false},{"lineNumber":14,"author":{"gitId":"limshaoqi"},"content":"    @Override","lastModifiedDate":"2025-01-24","isFullCredit":false},{"lineNumber":15,"author":{"gitId":"limshaoqi"},"content":"    public String getTaskType() {","lastModifiedDate":"2025-01-24","isFullCredit":false},{"lineNumber":16,"author":{"gitId":"limshaoqi"},"content":"        return \"D\";","lastModifiedDate":"2025-01-24","isFullCredit":false},{"lineNumber":17,"author":{"gitId":"limshaoqi"},"content":"    }","lastModifiedDate":"2025-01-24","isFullCredit":false},{"lineNumber":18,"author":{"gitId":"limshaoqi"},"content":"","lastModifiedDate":"2025-01-24","isFullCredit":false},{"lineNumber":19,"author":{"gitId":"limshaoqi"},"content":"    @Override","lastModifiedDate":"2025-01-23","isFullCredit":false},{"lineNumber":20,"author":{"gitId":"limshaoqi"},"content":"    public String toString() {","lastModifiedDate":"2025-01-23","isFullCredit":false},{"lineNumber":21,"author":{"gitId":"limshaoqi"},"content":"        return String.format(\"[D]%s (by: %s)\", super.toString(), getBy());","lastModifiedDate":"2025-01-31","isFullCredit":false},{"lineNumber":22,"author":{"gitId":"limshaoqi"},"content":"    }","lastModifiedDate":"2025-01-23","isFullCredit":false},{"lineNumber":23,"author":{"gitId":"limshaoqi"},"content":"","lastModifiedDate":"2025-01-31","isFullCredit":false},{"lineNumber":24,"author":{"gitId":"limshaoqi"},"content":"    @Override","lastModifiedDate":"2025-01-31","isFullCredit":false},{"lineNumber":25,"author":{"gitId":"limshaoqi"},"content":"    public String storeTask() {","lastModifiedDate":"2025-01-31","isFullCredit":false},{"lineNumber":26,"author":{"gitId":"limshaoqi"},"content":"        return String.format(\"D | %d | %s | %s\", isDone ? 1 : 0, description, deadline.format(INPUT_DATE_FORMAT));","lastModifiedDate":"2025-01-31","isFullCredit":false},{"lineNumber":27,"author":{"gitId":"limshaoqi"},"content":"    }","lastModifiedDate":"2025-01-31","isFullCredit":false},{"lineNumber":28,"author":{"gitId":"limshaoqi"},"content":"}","lastModifiedDate":"2025-01-23","isFullCredit":false}],"authorContributionMap":{"limshaoqi":28}},{"path":"src/main/java/Elchino.java","fileType":"java","lines":[{"lineNumber":1,"author":{"gitId":"limshaoqi"},"content":"import java.util.ArrayList;","lastModifiedDate":"2025-01-21","isFullCredit":false},{"lineNumber":2,"author":{"gitId":"limshaoqi"},"content":"import java.util.List;","lastModifiedDate":"2025-01-21","isFullCredit":false},{"lineNumber":3,"author":{"gitId":"limshaoqi"},"content":"import java.util.Scanner;","lastModifiedDate":"2025-01-21","isFullCredit":false},{"lineNumber":4,"author":{"gitId":"limshaoqi"},"content":"import Exceptions.ElchinoException;","lastModifiedDate":"2025-01-25","isFullCredit":false},{"lineNumber":5,"author":{"gitId":"limshaoqi"},"content":"","lastModifiedDate":"2025-01-21","isFullCredit":false},{"lineNumber":6,"author":{"gitId":"limshaoqi"},"content":"public class Elchino {","lastModifiedDate":"2025-01-21","isFullCredit":false},{"lineNumber":7,"author":{"gitId":"limshaoqi"},"content":"    private static final String name \u003d \"El Chino\";","lastModifiedDate":"2025-01-21","isFullCredit":false},{"lineNumber":8,"author":{"gitId":"limshaoqi"},"content":"    private static final TaskManager taskManager \u003d new TaskManager(\"./data/tasks.txt\");","lastModifiedDate":"2025-01-31","isFullCredit":false},{"lineNumber":9,"author":{"gitId":"limshaoqi"},"content":"","lastModifiedDate":"2025-01-21","isFullCredit":false},{"lineNumber":10,"author":{"gitId":"limshaoqi"},"content":"    public static void main(String[] args) {","lastModifiedDate":"2025-01-21","isFullCredit":false},{"lineNumber":11,"author":{"gitId":"limshaoqi"},"content":"        System.out.println(\"Hola! Yo me llamo \" + name + \". Encantado.\");","lastModifiedDate":"2025-01-21","isFullCredit":false},{"lineNumber":12,"author":{"gitId":"limshaoqi"},"content":"        System.out.println(\"¿Le puedo ayudar en algo?\");","lastModifiedDate":"2025-01-21","isFullCredit":false},{"lineNumber":13,"author":{"gitId":"limshaoqi"},"content":"","lastModifiedDate":"2025-01-21","isFullCredit":false},{"lineNumber":14,"author":{"gitId":"limshaoqi"},"content":"        Scanner scanner \u003d new Scanner(System.in);","lastModifiedDate":"2025-01-24","isFullCredit":false},{"lineNumber":15,"author":{"gitId":"limshaoqi"},"content":"        try {","lastModifiedDate":"2025-01-25","isFullCredit":false},{"lineNumber":16,"author":{"gitId":"limshaoqi"},"content":"            processCommands(scanner);","lastModifiedDate":"2025-01-24","isFullCredit":false},{"lineNumber":17,"author":{"gitId":"limshaoqi"},"content":"        } finally {","lastModifiedDate":"2025-01-25","isFullCredit":false},{"lineNumber":18,"author":{"gitId":"limshaoqi"},"content":"            scanner.close();","lastModifiedDate":"2025-01-24","isFullCredit":false},{"lineNumber":19,"author":{"gitId":"limshaoqi"},"content":"            System.out.println(\"Gracias por usar El Chino. ¡Adiós!\");","lastModifiedDate":"2025-01-24","isFullCredit":false},{"lineNumber":20,"author":{"gitId":"limshaoqi"},"content":"        }","lastModifiedDate":"2025-01-23","isFullCredit":false},{"lineNumber":21,"author":{"gitId":"limshaoqi"},"content":"    }","lastModifiedDate":"2025-01-25","isFullCredit":false},{"lineNumber":22,"author":{"gitId":"limshaoqi"},"content":"","lastModifiedDate":"2025-01-23","isFullCredit":false},{"lineNumber":23,"author":{"gitId":"limshaoqi"},"content":"    private static void processCommands(Scanner scanner) {","lastModifiedDate":"2025-01-24","isFullCredit":false},{"lineNumber":24,"author":{"gitId":"limshaoqi"},"content":"        while (true) {","lastModifiedDate":"2025-01-24","isFullCredit":false},{"lineNumber":25,"author":{"gitId":"limshaoqi"},"content":"            try {","lastModifiedDate":"2025-01-25","isFullCredit":false},{"lineNumber":26,"author":{"gitId":"limshaoqi"},"content":"                String input \u003d scanner.nextLine().trim();","lastModifiedDate":"2025-01-24","isFullCredit":false},{"lineNumber":27,"author":{"gitId":"limshaoqi"},"content":"                if (input.equals(\"bye\")) {","lastModifiedDate":"2025-01-24","isFullCredit":false},{"lineNumber":28,"author":{"gitId":"limshaoqi"},"content":"                    System.out.println(\"Hasta pronto!\");","lastModifiedDate":"2025-01-24","isFullCredit":false},{"lineNumber":29,"author":{"gitId":"limshaoqi"},"content":"                    break;","lastModifiedDate":"2025-01-24","isFullCredit":false},{"lineNumber":30,"author":{"gitId":"limshaoqi"},"content":"                }","lastModifiedDate":"2025-01-21","isFullCredit":false},{"lineNumber":31,"author":{"gitId":"limshaoqi"},"content":"                taskManager.handleCommand(input);","lastModifiedDate":"2025-01-24","isFullCredit":false},{"lineNumber":32,"author":{"gitId":"limshaoqi"},"content":"            } catch (ElchinoException e) {","lastModifiedDate":"2025-01-25","isFullCredit":false},{"lineNumber":33,"author":{"gitId":"limshaoqi"},"content":"                System.out.println(e.getMessage());","lastModifiedDate":"2025-01-25","isFullCredit":false},{"lineNumber":34,"author":{"gitId":"limshaoqi"},"content":"            } catch (Exception e) {","lastModifiedDate":"2025-01-25","isFullCredit":false},{"lineNumber":35,"author":{"gitId":"limshaoqi"},"content":"                e.printStackTrace();","lastModifiedDate":"2025-01-31","isFullCredit":false},{"lineNumber":36,"author":{"gitId":"limshaoqi"},"content":"                System.out.println(\"Lo siento, ha ocurrido un error inesperado.\");","lastModifiedDate":"2025-01-25","isFullCredit":false},{"lineNumber":37,"author":{"gitId":"limshaoqi"},"content":"            } finally {","lastModifiedDate":"2025-01-25","isFullCredit":false},{"lineNumber":38,"author":{"gitId":"limshaoqi"},"content":"                System.out.println(\"--------------------\");","lastModifiedDate":"2025-01-25","isFullCredit":false},{"lineNumber":39,"author":{"gitId":"limshaoqi"},"content":"            }","lastModifiedDate":"2025-01-25","isFullCredit":false},{"lineNumber":40,"author":{"gitId":"limshaoqi"},"content":"        }","lastModifiedDate":"2025-01-21","isFullCredit":false},{"lineNumber":41,"author":{"gitId":"limshaoqi"},"content":"    }","lastModifiedDate":"2025-01-21","isFullCredit":false},{"lineNumber":42,"author":{"gitId":"limshaoqi"},"content":"}","lastModifiedDate":"2025-01-21","isFullCredit":false},{"lineNumber":43,"author":{"gitId":"limshaoqi"},"content":"","lastModifiedDate":"2025-01-21","isFullCredit":false}],"authorContributionMap":{"limshaoqi":43}},{"path":"src/main/java/Event.java","fileType":"java","lines":[{"lineNumber":1,"author":{"gitId":"limshaoqi"},"content":"import java.time.LocalDateTime;","lastModifiedDate":"2025-01-31","isFullCredit":false},{"lineNumber":2,"author":{"gitId":"limshaoqi"},"content":"","lastModifiedDate":"2025-01-31","isFullCredit":false},{"lineNumber":3,"author":{"gitId":"limshaoqi"},"content":"public class Event extends Task {","lastModifiedDate":"2025-01-23","isFullCredit":false},{"lineNumber":4,"author":{"gitId":"limshaoqi"},"content":"    private final LocalDateTime start;","lastModifiedDate":"2025-01-31","isFullCredit":false},{"lineNumber":5,"author":{"gitId":"limshaoqi"},"content":"    private final LocalDateTime end;","lastModifiedDate":"2025-01-31","isFullCredit":false},{"lineNumber":6,"author":{"gitId":"limshaoqi"},"content":"","lastModifiedDate":"2025-01-23","isFullCredit":false},{"lineNumber":7,"author":{"gitId":"limshaoqi"},"content":"    public Event(String description, String start, String end) {","lastModifiedDate":"2025-01-23","isFullCredit":false},{"lineNumber":8,"author":{"gitId":"limshaoqi"},"content":"        super(description);","lastModifiedDate":"2025-01-23","isFullCredit":false},{"lineNumber":9,"author":{"gitId":"limshaoqi"},"content":"        this.start \u003d parseDate(start);","lastModifiedDate":"2025-01-31","isFullCredit":false},{"lineNumber":10,"author":{"gitId":"limshaoqi"},"content":"        this.end \u003d parseDate(end);","lastModifiedDate":"2025-01-31","isFullCredit":false},{"lineNumber":11,"author":{"gitId":"limshaoqi"},"content":"    }","lastModifiedDate":"2025-01-23","isFullCredit":false},{"lineNumber":12,"author":{"gitId":"limshaoqi"},"content":"","lastModifiedDate":"2025-01-23","isFullCredit":false},{"lineNumber":13,"author":{"gitId":"limshaoqi"},"content":"    public String getFrom() {","lastModifiedDate":"2025-01-30","isFullCredit":false},{"lineNumber":14,"author":{"gitId":"limshaoqi"},"content":"        return start.format(OUTPUT_DATE_FORMAT);","lastModifiedDate":"2025-01-31","isFullCredit":false},{"lineNumber":15,"author":{"gitId":"limshaoqi"},"content":"    }","lastModifiedDate":"2025-01-30","isFullCredit":false},{"lineNumber":16,"author":{"gitId":"limshaoqi"},"content":"","lastModifiedDate":"2025-01-30","isFullCredit":false},{"lineNumber":17,"author":{"gitId":"limshaoqi"},"content":"    public String getBy() {","lastModifiedDate":"2025-01-30","isFullCredit":false},{"lineNumber":18,"author":{"gitId":"limshaoqi"},"content":"        return end.format(OUTPUT_DATE_FORMAT);","lastModifiedDate":"2025-01-31","isFullCredit":false},{"lineNumber":19,"author":{"gitId":"limshaoqi"},"content":"    }","lastModifiedDate":"2025-01-30","isFullCredit":false},{"lineNumber":20,"author":{"gitId":"limshaoqi"},"content":"","lastModifiedDate":"2025-01-30","isFullCredit":false},{"lineNumber":21,"author":{"gitId":"limshaoqi"},"content":"    @Override","lastModifiedDate":"2025-01-24","isFullCredit":false},{"lineNumber":22,"author":{"gitId":"limshaoqi"},"content":"    public String getTaskType() {","lastModifiedDate":"2025-01-24","isFullCredit":false},{"lineNumber":23,"author":{"gitId":"limshaoqi"},"content":"        return \"E\";","lastModifiedDate":"2025-01-24","isFullCredit":false},{"lineNumber":24,"author":{"gitId":"limshaoqi"},"content":"    }","lastModifiedDate":"2025-01-24","isFullCredit":false},{"lineNumber":25,"author":{"gitId":"limshaoqi"},"content":"","lastModifiedDate":"2025-01-24","isFullCredit":false},{"lineNumber":26,"author":{"gitId":"limshaoqi"},"content":"    @Override","lastModifiedDate":"2025-01-23","isFullCredit":false},{"lineNumber":27,"author":{"gitId":"limshaoqi"},"content":"    public String toString() {","lastModifiedDate":"2025-01-23","isFullCredit":false},{"lineNumber":28,"author":{"gitId":"limshaoqi"},"content":"        return String.format(\"[E]%s %s (from: %s to: %s)\", super.toString(), description, getFrom(), getBy());","lastModifiedDate":"2025-01-31","isFullCredit":false},{"lineNumber":29,"author":{"gitId":"limshaoqi"},"content":"    }","lastModifiedDate":"2025-01-23","isFullCredit":false},{"lineNumber":30,"author":{"gitId":"limshaoqi"},"content":"","lastModifiedDate":"2025-01-31","isFullCredit":false},{"lineNumber":31,"author":{"gitId":"limshaoqi"},"content":"    @Override","lastModifiedDate":"2025-01-31","isFullCredit":false},{"lineNumber":32,"author":{"gitId":"limshaoqi"},"content":"    public String storeTask() {","lastModifiedDate":"2025-01-31","isFullCredit":false},{"lineNumber":33,"author":{"gitId":"limshaoqi"},"content":"        return String.format(\"E | %d | %s | %s | %s\",","lastModifiedDate":"2025-01-31","isFullCredit":false},{"lineNumber":34,"author":{"gitId":"limshaoqi"},"content":"                             isDone ? 1 : 0, description,","lastModifiedDate":"2025-01-31","isFullCredit":false},{"lineNumber":35,"author":{"gitId":"limshaoqi"},"content":"                             start.format(INPUT_DATE_FORMAT),","lastModifiedDate":"2025-01-31","isFullCredit":false},{"lineNumber":36,"author":{"gitId":"limshaoqi"},"content":"                             end.format(INPUT_DATE_FORMAT));","lastModifiedDate":"2025-01-31","isFullCredit":false},{"lineNumber":37,"author":{"gitId":"limshaoqi"},"content":"    }","lastModifiedDate":"2025-01-31","isFullCredit":false},{"lineNumber":38,"author":{"gitId":"limshaoqi"},"content":"}","lastModifiedDate":"2025-01-23","isFullCredit":false}],"authorContributionMap":{"limshaoqi":38}},{"path":"src/main/java/Exceptions/ElchinoException.java","fileType":"java","lines":[{"lineNumber":1,"author":{"gitId":"limshaoqi"},"content":"package Exceptions;","lastModifiedDate":"2025-01-24","isFullCredit":false},{"lineNumber":2,"author":{"gitId":"limshaoqi"},"content":"","lastModifiedDate":"2025-01-24","isFullCredit":false},{"lineNumber":3,"author":{"gitId":"limshaoqi"},"content":"public class ElchinoException extends Exception {","lastModifiedDate":"2025-01-24","isFullCredit":false},{"lineNumber":4,"author":{"gitId":"limshaoqi"},"content":"    public ElchinoException(String message) {","lastModifiedDate":"2025-01-24","isFullCredit":false},{"lineNumber":5,"author":{"gitId":"limshaoqi"},"content":"        super(message);","lastModifiedDate":"2025-01-24","isFullCredit":false},{"lineNumber":6,"author":{"gitId":"limshaoqi"},"content":"    }","lastModifiedDate":"2025-01-24","isFullCredit":false},{"lineNumber":7,"author":{"gitId":"limshaoqi"},"content":"}","lastModifiedDate":"2025-01-24","isFullCredit":false}],"authorContributionMap":{"limshaoqi":7}},{"path":"src/main/java/Exceptions/EmptyDescriptionException.java","fileType":"java","lines":[{"lineNumber":1,"author":{"gitId":"limshaoqi"},"content":"package Exceptions;","lastModifiedDate":"2025-01-24","isFullCredit":false},{"lineNumber":2,"author":{"gitId":"limshaoqi"},"content":"","lastModifiedDate":"2025-01-24","isFullCredit":false},{"lineNumber":3,"author":{"gitId":"limshaoqi"},"content":"public class EmptyDescriptionException extends ElchinoException {","lastModifiedDate":"2025-01-24","isFullCredit":false},{"lineNumber":4,"author":{"gitId":"limshaoqi"},"content":"    public EmptyDescriptionException() {","lastModifiedDate":"2025-01-24","isFullCredit":false},{"lineNumber":5,"author":{"gitId":"limshaoqi"},"content":"        super(\"Descripción vacía: Por favor ingresa una descripción válida.\");","lastModifiedDate":"2025-01-24","isFullCredit":false},{"lineNumber":6,"author":{"gitId":"limshaoqi"},"content":"    }","lastModifiedDate":"2025-01-24","isFullCredit":false},{"lineNumber":7,"author":{"gitId":"limshaoqi"},"content":"}","lastModifiedDate":"2025-01-24","isFullCredit":false}],"authorContributionMap":{"limshaoqi":7}},{"path":"src/main/java/Exceptions/InvalidCommandException.java","fileType":"java","lines":[{"lineNumber":1,"author":{"gitId":"limshaoqi"},"content":"package Exceptions;","lastModifiedDate":"2025-01-24","isFullCredit":false},{"lineNumber":2,"author":{"gitId":"limshaoqi"},"content":"","lastModifiedDate":"2025-01-24","isFullCredit":false},{"lineNumber":3,"author":{"gitId":"limshaoqi"},"content":"public class InvalidCommandException extends ElchinoException {","lastModifiedDate":"2025-01-24","isFullCredit":false},{"lineNumber":4,"author":{"gitId":"limshaoqi"},"content":"    public InvalidCommandException(String command) {","lastModifiedDate":"2025-01-24","isFullCredit":false},{"lineNumber":5,"author":{"gitId":"limshaoqi"},"content":"        super(\"Comando inválido: \" + command);","lastModifiedDate":"2025-01-24","isFullCredit":false},{"lineNumber":6,"author":{"gitId":"limshaoqi"},"content":"    }","lastModifiedDate":"2025-01-24","isFullCredit":false},{"lineNumber":7,"author":{"gitId":"limshaoqi"},"content":"}","lastModifiedDate":"2025-01-24","isFullCredit":false}],"authorContributionMap":{"limshaoqi":7}},{"path":"src/main/java/Exceptions/InvalidInputException.java","fileType":"java","lines":[{"lineNumber":1,"author":{"gitId":"limshaoqi"},"content":"package Exceptions;","lastModifiedDate":"2025-01-24","isFullCredit":false},{"lineNumber":2,"author":{"gitId":"limshaoqi"},"content":"","lastModifiedDate":"2025-01-24","isFullCredit":false},{"lineNumber":3,"author":{"gitId":"limshaoqi"},"content":"public class InvalidInputException extends ElchinoException {","lastModifiedDate":"2025-01-24","isFullCredit":false},{"lineNumber":4,"author":{"gitId":"limshaoqi"},"content":"    public InvalidInputException() {","lastModifiedDate":"2025-01-24","isFullCredit":false},{"lineNumber":5,"author":{"gitId":"limshaoqi"},"content":"        super(\"Entrada inválida: Por favor ingresa un número válido.\");","lastModifiedDate":"2025-01-24","isFullCredit":false},{"lineNumber":6,"author":{"gitId":"limshaoqi"},"content":"    }","lastModifiedDate":"2025-01-24","isFullCredit":false},{"lineNumber":7,"author":{"gitId":"limshaoqi"},"content":"","lastModifiedDate":"2025-01-24","isFullCredit":false},{"lineNumber":8,"author":{"gitId":"limshaoqi"},"content":"    public InvalidInputException(int taskNumber) {","lastModifiedDate":"2025-01-24","isFullCredit":false},{"lineNumber":9,"author":{"gitId":"limshaoqi"},"content":"        super(\"Lo siento, no puedo encontrar la tarea \" + taskNumber + \".\");","lastModifiedDate":"2025-01-24","isFullCredit":false},{"lineNumber":10,"author":{"gitId":"limshaoqi"},"content":"    }","lastModifiedDate":"2025-01-24","isFullCredit":false},{"lineNumber":11,"author":{"gitId":"limshaoqi"},"content":"","lastModifiedDate":"2025-01-25","isFullCredit":false},{"lineNumber":12,"author":{"gitId":"limshaoqi"},"content":"    public InvalidInputException(String message) {","lastModifiedDate":"2025-01-25","isFullCredit":false},{"lineNumber":13,"author":{"gitId":"limshaoqi"},"content":"        super(\"Entrada inválida: \" + message);","lastModifiedDate":"2025-01-25","isFullCredit":false},{"lineNumber":14,"author":{"gitId":"limshaoqi"},"content":"    }","lastModifiedDate":"2025-01-25","isFullCredit":false},{"lineNumber":15,"author":{"gitId":"limshaoqi"},"content":"}","lastModifiedDate":"2025-01-24","isFullCredit":false}],"authorContributionMap":{"limshaoqi":15}},{"path":"src/main/java/Storage.java","fileType":"java","lines":[{"lineNumber":1,"author":{"gitId":"limshaoqi"},"content":"import java.io.*;","lastModifiedDate":"2025-01-31","isFullCredit":false},{"lineNumber":2,"author":{"gitId":"limshaoqi"},"content":"import java.nio.file.Files;","lastModifiedDate":"2025-01-31","isFullCredit":false},{"lineNumber":3,"author":{"gitId":"limshaoqi"},"content":"import java.nio.file.Path;","lastModifiedDate":"2025-01-31","isFullCredit":false},{"lineNumber":4,"author":{"gitId":"limshaoqi"},"content":"import java.util.ArrayList;","lastModifiedDate":"2025-01-30","isFullCredit":false},{"lineNumber":5,"author":{"gitId":"limshaoqi"},"content":"import Exceptions.ElchinoException;","lastModifiedDate":"2025-01-30","isFullCredit":false},{"lineNumber":6,"author":{"gitId":"limshaoqi"},"content":"","lastModifiedDate":"2025-01-30","isFullCredit":false},{"lineNumber":7,"author":{"gitId":"limshaoqi"},"content":"public class Storage {","lastModifiedDate":"2025-01-29","isFullCredit":false},{"lineNumber":8,"author":{"gitId":"limshaoqi"},"content":"    private final Path filePath;","lastModifiedDate":"2025-01-31","isFullCredit":false},{"lineNumber":9,"author":{"gitId":"limshaoqi"},"content":"","lastModifiedDate":"2025-01-31","isFullCredit":false},{"lineNumber":10,"author":{"gitId":"limshaoqi"},"content":"    public Storage(String filePath) throws ElchinoException {","lastModifiedDate":"2025-01-30","isFullCredit":false},{"lineNumber":11,"author":{"gitId":"limshaoqi"},"content":"        this.filePath \u003d Path.of(filePath);","lastModifiedDate":"2025-01-31","isFullCredit":false},{"lineNumber":12,"author":{"gitId":"limshaoqi"},"content":"","lastModifiedDate":"2025-01-31","isFullCredit":false},{"lineNumber":13,"author":{"gitId":"limshaoqi"},"content":"        try {","lastModifiedDate":"2025-01-30","isFullCredit":false},{"lineNumber":14,"author":{"gitId":"limshaoqi"},"content":"            if (!Files.exists(this.filePath.getParent())) {","lastModifiedDate":"2025-01-31","isFullCredit":false},{"lineNumber":15,"author":{"gitId":"limshaoqi"},"content":"                Files.createDirectories(this.filePath.getParent());","lastModifiedDate":"2025-01-31","isFullCredit":false},{"lineNumber":16,"author":{"gitId":"limshaoqi"},"content":"            }","lastModifiedDate":"2025-01-30","isFullCredit":false},{"lineNumber":17,"author":{"gitId":"limshaoqi"},"content":"            if (!Files.exists(this.filePath)) {","lastModifiedDate":"2025-01-31","isFullCredit":false},{"lineNumber":18,"author":{"gitId":"limshaoqi"},"content":"                Files.createFile(this.filePath);","lastModifiedDate":"2025-01-31","isFullCredit":false},{"lineNumber":19,"author":{"gitId":"limshaoqi"},"content":"            }","lastModifiedDate":"2025-01-31","isFullCredit":false},{"lineNumber":20,"author":{"gitId":"limshaoqi"},"content":"        } catch (IOException e) {","lastModifiedDate":"2025-01-31","isFullCredit":false},{"lineNumber":21,"author":{"gitId":"limshaoqi"},"content":"            throw new ElchinoException(\"Error al crear el archivo de tareas.\");","lastModifiedDate":"2025-01-31","isFullCredit":false},{"lineNumber":22,"author":{"gitId":"limshaoqi"},"content":"        }","lastModifiedDate":"2025-01-30","isFullCredit":false},{"lineNumber":23,"author":{"gitId":"limshaoqi"},"content":"    }","lastModifiedDate":"2025-01-30","isFullCredit":false},{"lineNumber":24,"author":{"gitId":"limshaoqi"},"content":"","lastModifiedDate":"2025-01-30","isFullCredit":false},{"lineNumber":25,"author":{"gitId":"limshaoqi"},"content":"    public ArrayList\u003cTask\u003e loadTasks() throws ElchinoException {","lastModifiedDate":"2025-01-30","isFullCredit":false},{"lineNumber":26,"author":{"gitId":"limshaoqi"},"content":"        ArrayList\u003cTask\u003e tasks \u003d new ArrayList\u003c\u003e();","lastModifiedDate":"2025-01-30","isFullCredit":false},{"lineNumber":27,"author":{"gitId":"limshaoqi"},"content":"        try (BufferedReader reader \u003d Files.newBufferedReader(filePath)) {","lastModifiedDate":"2025-01-31","isFullCredit":false},{"lineNumber":28,"author":{"gitId":"limshaoqi"},"content":"            String line;","lastModifiedDate":"2025-01-31","isFullCredit":false},{"lineNumber":29,"author":{"gitId":"limshaoqi"},"content":"            while ((line \u003d reader.readLine()) !\u003d null) {","lastModifiedDate":"2025-01-31","isFullCredit":false},{"lineNumber":30,"author":{"gitId":"limshaoqi"},"content":"                Task task \u003d parseTask(line);","lastModifiedDate":"2025-01-31","isFullCredit":false},{"lineNumber":31,"author":{"gitId":"limshaoqi"},"content":"                if (task !\u003d null) {","lastModifiedDate":"2025-01-31","isFullCredit":false},{"lineNumber":32,"author":{"gitId":"limshaoqi"},"content":"                    tasks.add(task);","lastModifiedDate":"2025-01-31","isFullCredit":false},{"lineNumber":33,"author":{"gitId":"limshaoqi"},"content":"                } else {","lastModifiedDate":"2025-01-31","isFullCredit":false},{"lineNumber":34,"author":{"gitId":"limshaoqi"},"content":"                    System.out.println(\"Error al cargar una tarea inválida: \" + line);","lastModifiedDate":"2025-01-31","isFullCredit":false},{"lineNumber":35,"author":{"gitId":"limshaoqi"},"content":"                }","lastModifiedDate":"2025-01-30","isFullCredit":false},{"lineNumber":36,"author":{"gitId":"limshaoqi"},"content":"            }","lastModifiedDate":"2025-01-30","isFullCredit":false},{"lineNumber":37,"author":{"gitId":"limshaoqi"},"content":"        } catch (IOException e) {","lastModifiedDate":"2025-01-31","isFullCredit":false},{"lineNumber":38,"author":{"gitId":"limshaoqi"},"content":"            throw new ElchinoException(\"Error al leer el archivo.\");","lastModifiedDate":"2025-01-30","isFullCredit":false},{"lineNumber":39,"author":{"gitId":"limshaoqi"},"content":"        }","lastModifiedDate":"2025-01-30","isFullCredit":false},{"lineNumber":40,"author":{"gitId":"limshaoqi"},"content":"        return tasks;","lastModifiedDate":"2025-01-30","isFullCredit":false},{"lineNumber":41,"author":{"gitId":"limshaoqi"},"content":"    }","lastModifiedDate":"2025-01-30","isFullCredit":false},{"lineNumber":42,"author":{"gitId":"limshaoqi"},"content":"","lastModifiedDate":"2025-01-30","isFullCredit":false},{"lineNumber":43,"author":{"gitId":"limshaoqi"},"content":"    public void saveTasks(ArrayList\u003cTask\u003e tasks) throws ElchinoException {","lastModifiedDate":"2025-01-31","isFullCredit":false},{"lineNumber":44,"author":{"gitId":"limshaoqi"},"content":"        try (BufferedWriter writer \u003d Files.newBufferedWriter(filePath)) {","lastModifiedDate":"2025-01-31","isFullCredit":false},{"lineNumber":45,"author":{"gitId":"limshaoqi"},"content":"            for (Task task : tasks) {","lastModifiedDate":"2025-01-31","isFullCredit":false},{"lineNumber":46,"author":{"gitId":"limshaoqi"},"content":"                writer.write(task.storeTask());","lastModifiedDate":"2025-01-31","isFullCredit":false},{"lineNumber":47,"author":{"gitId":"limshaoqi"},"content":"                writer.newLine();","lastModifiedDate":"2025-01-31","isFullCredit":false},{"lineNumber":48,"author":{"gitId":"limshaoqi"},"content":"            }","lastModifiedDate":"2025-01-29","isFullCredit":false},{"lineNumber":49,"author":{"gitId":"limshaoqi"},"content":"        } catch (IOException e) {","lastModifiedDate":"2025-01-30","isFullCredit":false},{"lineNumber":50,"author":{"gitId":"limshaoqi"},"content":"            throw new ElchinoException(\"Error al escribir en el archivo.\");","lastModifiedDate":"2025-01-30","isFullCredit":false},{"lineNumber":51,"author":{"gitId":"limshaoqi"},"content":"        }","lastModifiedDate":"2025-01-30","isFullCredit":false},{"lineNumber":52,"author":{"gitId":"limshaoqi"},"content":"    }","lastModifiedDate":"2025-01-30","isFullCredit":false},{"lineNumber":53,"author":{"gitId":"limshaoqi"},"content":"","lastModifiedDate":"2025-01-30","isFullCredit":false},{"lineNumber":54,"author":{"gitId":"limshaoqi"},"content":"    private Task parseTask(String line) {","lastModifiedDate":"2025-01-31","isFullCredit":false},{"lineNumber":55,"author":{"gitId":"limshaoqi"},"content":"        String[] details \u003d line.split(\" \\\\| \");","lastModifiedDate":"2025-01-31","isFullCredit":false},{"lineNumber":56,"author":{"gitId":"limshaoqi"},"content":"        if (details.length \u003c 3) {","lastModifiedDate":"2025-01-31","isFullCredit":false},{"lineNumber":57,"author":{"gitId":"limshaoqi"},"content":"            System.out.println(\"⚠️ Error: Línea malformada en el archivo: \" + line);","lastModifiedDate":"2025-01-31","isFullCredit":false},{"lineNumber":58,"author":{"gitId":"limshaoqi"},"content":"            return null;","lastModifiedDate":"2025-01-31","isFullCredit":false},{"lineNumber":59,"author":{"gitId":"limshaoqi"},"content":"        }","lastModifiedDate":"2025-01-30","isFullCredit":false},{"lineNumber":60,"author":{"gitId":"limshaoqi"},"content":"","lastModifiedDate":"2025-01-30","isFullCredit":false},{"lineNumber":61,"author":{"gitId":"limshaoqi"},"content":"        String type \u003d details[0];","lastModifiedDate":"2025-01-30","isFullCredit":false},{"lineNumber":62,"author":{"gitId":"limshaoqi"},"content":"        boolean isDone \u003d details[1].equals(\"1\");","lastModifiedDate":"2025-01-31","isFullCredit":false},{"lineNumber":63,"author":{"gitId":"limshaoqi"},"content":"        String description \u003d details[2];","lastModifiedDate":"2025-01-30","isFullCredit":false},{"lineNumber":64,"author":{"gitId":"limshaoqi"},"content":"","lastModifiedDate":"2025-01-29","isFullCredit":false},{"lineNumber":65,"author":{"gitId":"limshaoqi"},"content":"        try {","lastModifiedDate":"2025-01-31","isFullCredit":false},{"lineNumber":66,"author":{"gitId":"limshaoqi"},"content":"            switch (type) {","lastModifiedDate":"2025-01-31","isFullCredit":false},{"lineNumber":67,"author":{"gitId":"limshaoqi"},"content":"                case \"T\":","lastModifiedDate":"2025-01-31","isFullCredit":false},{"lineNumber":68,"author":{"gitId":"limshaoqi"},"content":"                    Task todo \u003d new Todo(description);","lastModifiedDate":"2025-01-31","isFullCredit":false},{"lineNumber":69,"author":{"gitId":"limshaoqi"},"content":"                    if (isDone) todo.setDone();","lastModifiedDate":"2025-01-31","isFullCredit":false},{"lineNumber":70,"author":{"gitId":"limshaoqi"},"content":"                    return todo;","lastModifiedDate":"2025-01-31","isFullCredit":false},{"lineNumber":71,"author":{"gitId":"limshaoqi"},"content":"                case \"D\":","lastModifiedDate":"2025-01-31","isFullCredit":false},{"lineNumber":72,"author":{"gitId":"limshaoqi"},"content":"                    if (details.length \u003c 4) {","lastModifiedDate":"2025-01-31","isFullCredit":false},{"lineNumber":73,"author":{"gitId":"limshaoqi"},"content":"                        System.out.println(\"Error: Línea malformada en el archivo: \" + line);","lastModifiedDate":"2025-01-31","isFullCredit":false},{"lineNumber":74,"author":{"gitId":"limshaoqi"},"content":"                        return null;","lastModifiedDate":"2025-01-31","isFullCredit":false},{"lineNumber":75,"author":{"gitId":"limshaoqi"},"content":"                    }","lastModifiedDate":"2025-01-31","isFullCredit":false},{"lineNumber":76,"author":{"gitId":"limshaoqi"},"content":"                    Task deadline \u003d new Deadline(description, details[3]);","lastModifiedDate":"2025-01-31","isFullCredit":false},{"lineNumber":77,"author":{"gitId":"limshaoqi"},"content":"                    if (isDone) deadline.setDone();","lastModifiedDate":"2025-01-31","isFullCredit":false},{"lineNumber":78,"author":{"gitId":"limshaoqi"},"content":"                    return deadline;","lastModifiedDate":"2025-01-31","isFullCredit":false},{"lineNumber":79,"author":{"gitId":"limshaoqi"},"content":"                case \"E\":","lastModifiedDate":"2025-01-31","isFullCredit":false},{"lineNumber":80,"author":{"gitId":"limshaoqi"},"content":"                    if (details.length \u003c 5) {","lastModifiedDate":"2025-01-31","isFullCredit":false},{"lineNumber":81,"author":{"gitId":"limshaoqi"},"content":"                        System.out.println(\"Error: Línea malformada en el archivo: \" + line);","lastModifiedDate":"2025-01-31","isFullCredit":false},{"lineNumber":82,"author":{"gitId":"limshaoqi"},"content":"                        return null;","lastModifiedDate":"2025-01-31","isFullCredit":false},{"lineNumber":83,"author":{"gitId":"limshaoqi"},"content":"                    }","lastModifiedDate":"2025-01-31","isFullCredit":false},{"lineNumber":84,"author":{"gitId":"limshaoqi"},"content":"                    Task event \u003d new Event(description, details[3], details[4]);","lastModifiedDate":"2025-01-31","isFullCredit":false},{"lineNumber":85,"author":{"gitId":"limshaoqi"},"content":"                    if (isDone) event.setDone();","lastModifiedDate":"2025-01-31","isFullCredit":false},{"lineNumber":86,"author":{"gitId":"limshaoqi"},"content":"                    return event;","lastModifiedDate":"2025-01-31","isFullCredit":false},{"lineNumber":87,"author":{"gitId":"limshaoqi"},"content":"                default:","lastModifiedDate":"2025-01-31","isFullCredit":false},{"lineNumber":88,"author":{"gitId":"limshaoqi"},"content":"                    System.out.println(\"Error: Tipo de tarea desconocido en el archivo: \" + line);","lastModifiedDate":"2025-01-31","isFullCredit":false},{"lineNumber":89,"author":{"gitId":"limshaoqi"},"content":"                    return null;","lastModifiedDate":"2025-01-31","isFullCredit":false},{"lineNumber":90,"author":{"gitId":"limshaoqi"},"content":"            }","lastModifiedDate":"2025-01-31","isFullCredit":false},{"lineNumber":91,"author":{"gitId":"limshaoqi"},"content":"        } catch (Exception e) {","lastModifiedDate":"2025-01-31","isFullCredit":false},{"lineNumber":92,"author":{"gitId":"limshaoqi"},"content":"            System.out.println(\"Error: No se pudo procesar la tarea en el archivo: \" + line);","lastModifiedDate":"2025-01-31","isFullCredit":false},{"lineNumber":93,"author":{"gitId":"limshaoqi"},"content":"            return null;","lastModifiedDate":"2025-01-31","isFullCredit":false},{"lineNumber":94,"author":{"gitId":"limshaoqi"},"content":"        }","lastModifiedDate":"2025-01-30","isFullCredit":false},{"lineNumber":95,"author":{"gitId":"limshaoqi"},"content":"    }","lastModifiedDate":"2025-01-29","isFullCredit":false},{"lineNumber":96,"author":{"gitId":"limshaoqi"},"content":"}","lastModifiedDate":"2025-01-30","isFullCredit":false}],"authorContributionMap":{"limshaoqi":96}},{"path":"src/main/java/Task.java","fileType":"java","lines":[{"lineNumber":1,"author":{"gitId":"limshaoqi"},"content":"import java.time.format.DateTimeFormatter;","lastModifiedDate":"2025-01-31","isFullCredit":false},{"lineNumber":2,"author":{"gitId":"limshaoqi"},"content":"import java.time.LocalDateTime;","lastModifiedDate":"2025-01-31","isFullCredit":false},{"lineNumber":3,"author":{"gitId":"limshaoqi"},"content":"import java.time.format.DateTimeParseException;","lastModifiedDate":"2025-01-31","isFullCredit":false},{"lineNumber":4,"author":{"gitId":"limshaoqi"},"content":"","lastModifiedDate":"2025-01-31","isFullCredit":false},{"lineNumber":5,"author":{"gitId":"limshaoqi"},"content":"public abstract class Task {","lastModifiedDate":"2025-01-23","isFullCredit":false},{"lineNumber":6,"author":{"gitId":"limshaoqi"},"content":"    protected final String description;","lastModifiedDate":"2025-01-23","isFullCredit":false},{"lineNumber":7,"author":{"gitId":"limshaoqi"},"content":"    protected boolean isDone;","lastModifiedDate":"2025-01-23","isFullCredit":false},{"lineNumber":8,"author":{"gitId":"limshaoqi"},"content":"","lastModifiedDate":"2025-01-23","isFullCredit":false},{"lineNumber":9,"author":{"gitId":"limshaoqi"},"content":"    /* Inspired by chatGPT to use DateTimeFormatter constants */","lastModifiedDate":"2025-01-31","isFullCredit":false},{"lineNumber":10,"author":{"gitId":"limshaoqi"},"content":"    protected static final DateTimeFormatter INPUT_DATE_FORMAT \u003d DateTimeFormatter.ofPattern(\"dd/MM/yyyy HHmm\");","lastModifiedDate":"2025-01-31","isFullCredit":false},{"lineNumber":11,"author":{"gitId":"limshaoqi"},"content":"    protected static final DateTimeFormatter OUTPUT_DATE_FORMAT \u003d DateTimeFormatter.ofPattern(\"dd MMM yyyy, h:mma\");","lastModifiedDate":"2025-01-31","isFullCredit":false},{"lineNumber":12,"author":{"gitId":"limshaoqi"},"content":"","lastModifiedDate":"2025-01-31","isFullCredit":false},{"lineNumber":13,"author":{"gitId":"limshaoqi"},"content":"    public Task(String description) {","lastModifiedDate":"2025-01-23","isFullCredit":false},{"lineNumber":14,"author":{"gitId":"limshaoqi"},"content":"        this.description \u003d description;","lastModifiedDate":"2025-01-23","isFullCredit":false},{"lineNumber":15,"author":{"gitId":"limshaoqi"},"content":"        this.isDone \u003d false;","lastModifiedDate":"2025-01-23","isFullCredit":false},{"lineNumber":16,"author":{"gitId":"limshaoqi"},"content":"    }","lastModifiedDate":"2025-01-23","isFullCredit":false},{"lineNumber":17,"author":{"gitId":"limshaoqi"},"content":"","lastModifiedDate":"2025-01-23","isFullCredit":false},{"lineNumber":18,"author":{"gitId":"limshaoqi"},"content":"    public void setDone() {","lastModifiedDate":"2025-01-23","isFullCredit":false},{"lineNumber":19,"author":{"gitId":"limshaoqi"},"content":"        this.isDone \u003d true;","lastModifiedDate":"2025-01-23","isFullCredit":false},{"lineNumber":20,"author":{"gitId":"limshaoqi"},"content":"    }","lastModifiedDate":"2025-01-23","isFullCredit":false},{"lineNumber":21,"author":{"gitId":"limshaoqi"},"content":"","lastModifiedDate":"2025-01-23","isFullCredit":false},{"lineNumber":22,"author":{"gitId":"limshaoqi"},"content":"    public void setNotDone() {","lastModifiedDate":"2025-01-23","isFullCredit":false},{"lineNumber":23,"author":{"gitId":"limshaoqi"},"content":"        this.isDone \u003d false;","lastModifiedDate":"2025-01-23","isFullCredit":false},{"lineNumber":24,"author":{"gitId":"limshaoqi"},"content":"    }","lastModifiedDate":"2025-01-23","isFullCredit":false},{"lineNumber":25,"author":{"gitId":"limshaoqi"},"content":"","lastModifiedDate":"2025-01-23","isFullCredit":false},{"lineNumber":26,"author":{"gitId":"limshaoqi"},"content":"    public String getDescription() {","lastModifiedDate":"2025-01-23","isFullCredit":false},{"lineNumber":27,"author":{"gitId":"limshaoqi"},"content":"        return this.description;","lastModifiedDate":"2025-01-23","isFullCredit":false},{"lineNumber":28,"author":{"gitId":"limshaoqi"},"content":"    }","lastModifiedDate":"2025-01-23","isFullCredit":false},{"lineNumber":29,"author":{"gitId":"limshaoqi"},"content":"","lastModifiedDate":"2025-01-23","isFullCredit":false},{"lineNumber":30,"author":{"gitId":"limshaoqi"},"content":"    protected static LocalDateTime parseDate(String date) {","lastModifiedDate":"2025-01-31","isFullCredit":false},{"lineNumber":31,"author":{"gitId":"limshaoqi"},"content":"        try {","lastModifiedDate":"2025-01-31","isFullCredit":false},{"lineNumber":32,"author":{"gitId":"limshaoqi"},"content":"            return LocalDateTime.parse(date, INPUT_DATE_FORMAT);","lastModifiedDate":"2025-01-31","isFullCredit":false},{"lineNumber":33,"author":{"gitId":"limshaoqi"},"content":"        } catch (DateTimeParseException e) {","lastModifiedDate":"2025-01-31","isFullCredit":false},{"lineNumber":34,"author":{"gitId":"limshaoqi"},"content":"            throw new IllegalArgumentException(\"Fecha inválida. Formato esperado: dd/MM/yyyy HHmm\");","lastModifiedDate":"2025-01-31","isFullCredit":false},{"lineNumber":35,"author":{"gitId":"limshaoqi"},"content":"        }","lastModifiedDate":"2025-01-31","isFullCredit":false},{"lineNumber":36,"author":{"gitId":"limshaoqi"},"content":"    }","lastModifiedDate":"2025-01-31","isFullCredit":false},{"lineNumber":37,"author":{"gitId":"limshaoqi"},"content":"","lastModifiedDate":"2025-01-31","isFullCredit":false},{"lineNumber":38,"author":{"gitId":"limshaoqi"},"content":"    public abstract String getTaskType();","lastModifiedDate":"2025-01-24","isFullCredit":false},{"lineNumber":39,"author":{"gitId":"limshaoqi"},"content":"","lastModifiedDate":"2025-01-24","isFullCredit":false},{"lineNumber":40,"author":{"gitId":"limshaoqi"},"content":"    public abstract String storeTask();","lastModifiedDate":"2025-01-31","isFullCredit":false},{"lineNumber":41,"author":{"gitId":"limshaoqi"},"content":"","lastModifiedDate":"2025-01-31","isFullCredit":false},{"lineNumber":42,"author":{"gitId":"limshaoqi"},"content":"    @Override","lastModifiedDate":"2025-01-23","isFullCredit":false},{"lineNumber":43,"author":{"gitId":"limshaoqi"},"content":"    public String toString() {","lastModifiedDate":"2025-01-23","isFullCredit":false},{"lineNumber":44,"author":{"gitId":"limshaoqi"},"content":"        return String.format(\"[%s] %s\", isDone ? \"X\" : \" \", description);","lastModifiedDate":"2025-01-24","isFullCredit":false},{"lineNumber":45,"author":{"gitId":"limshaoqi"},"content":"    }","lastModifiedDate":"2025-01-23","isFullCredit":false},{"lineNumber":46,"author":{"gitId":"limshaoqi"},"content":"}","lastModifiedDate":"2025-01-23","isFullCredit":false}],"authorContributionMap":{"limshaoqi":46}},{"path":"src/main/java/TaskManager.java","fileType":"java","lines":[{"lineNumber":1,"author":{"gitId":"limshaoqi"},"content":"import java.util.ArrayList;","lastModifiedDate":"2025-01-24","isFullCredit":false},{"lineNumber":2,"author":{"gitId":"limshaoqi"},"content":"import java.util.List;","lastModifiedDate":"2025-01-24","isFullCredit":false},{"lineNumber":3,"author":{"gitId":"limshaoqi"},"content":"","lastModifiedDate":"2025-01-24","isFullCredit":false},{"lineNumber":4,"author":{"gitId":"limshaoqi"},"content":"import Exceptions.ElchinoException;","lastModifiedDate":"2025-01-24","isFullCredit":false},{"lineNumber":5,"author":{"gitId":"limshaoqi"},"content":"import Exceptions.InvalidCommandException;","lastModifiedDate":"2025-01-24","isFullCredit":false},{"lineNumber":6,"author":{"gitId":"limshaoqi"},"content":"import Exceptions.InvalidInputException;","lastModifiedDate":"2025-01-24","isFullCredit":false},{"lineNumber":7,"author":{"gitId":"limshaoqi"},"content":"import Exceptions.EmptyDescriptionException;","lastModifiedDate":"2025-01-24","isFullCredit":false},{"lineNumber":8,"author":{"gitId":"limshaoqi"},"content":"","lastModifiedDate":"2025-01-24","isFullCredit":false},{"lineNumber":9,"author":{"gitId":"limshaoqi"},"content":"public class TaskManager {","lastModifiedDate":"2025-01-24","isFullCredit":false},{"lineNumber":10,"author":{"gitId":"limshaoqi"},"content":"    private final List\u003cTask\u003e taskList;","lastModifiedDate":"2025-01-31","isFullCredit":false},{"lineNumber":11,"author":{"gitId":"limshaoqi"},"content":"    private Storage storage;","lastModifiedDate":"2025-01-31","isFullCredit":false},{"lineNumber":12,"author":{"gitId":"limshaoqi"},"content":"","lastModifiedDate":"2025-01-31","isFullCredit":false},{"lineNumber":13,"author":{"gitId":"limshaoqi"},"content":"    public TaskManager(String filepath) {","lastModifiedDate":"2025-01-31","isFullCredit":false},{"lineNumber":14,"author":{"gitId":"limshaoqi"},"content":"        this.taskList \u003d new ArrayList\u003c\u003e();","lastModifiedDate":"2025-01-31","isFullCredit":false},{"lineNumber":15,"author":{"gitId":"limshaoqi"},"content":"        Storage tempStorage \u003d null;","lastModifiedDate":"2025-01-31","isFullCredit":false},{"lineNumber":16,"author":{"gitId":"limshaoqi"},"content":"        try {","lastModifiedDate":"2025-01-31","isFullCredit":false},{"lineNumber":17,"author":{"gitId":"limshaoqi"},"content":"            tempStorage \u003d new Storage(filepath);","lastModifiedDate":"2025-01-31","isFullCredit":false},{"lineNumber":18,"author":{"gitId":"limshaoqi"},"content":"            this.taskList.addAll(tempStorage.loadTasks());","lastModifiedDate":"2025-01-31","isFullCredit":false},{"lineNumber":19,"author":{"gitId":"limshaoqi"},"content":"        } catch (ElchinoException e) {","lastModifiedDate":"2025-01-31","isFullCredit":false},{"lineNumber":20,"author":{"gitId":"limshaoqi"},"content":"            System.out.println(\"Error al cargar las tareas.\");","lastModifiedDate":"2025-01-31","isFullCredit":false},{"lineNumber":21,"author":{"gitId":"limshaoqi"},"content":"        }","lastModifiedDate":"2025-01-31","isFullCredit":false},{"lineNumber":22,"author":{"gitId":"limshaoqi"},"content":"        this.storage \u003d tempStorage;","lastModifiedDate":"2025-01-31","isFullCredit":false},{"lineNumber":23,"author":{"gitId":"limshaoqi"},"content":"    }","lastModifiedDate":"2025-01-31","isFullCredit":false},{"lineNumber":24,"author":{"gitId":"limshaoqi"},"content":"","lastModifiedDate":"2025-01-24","isFullCredit":false},{"lineNumber":25,"author":{"gitId":"limshaoqi"},"content":"    public void handleCommand(String command) throws ElchinoException {","lastModifiedDate":"2025-01-24","isFullCredit":false},{"lineNumber":26,"author":{"gitId":"limshaoqi"},"content":"        String[] parts \u003d command.split(\" \", 2);","lastModifiedDate":"2025-01-24","isFullCredit":false},{"lineNumber":27,"author":{"gitId":"limshaoqi"},"content":"        String action \u003d parts[0];","lastModifiedDate":"2025-01-24","isFullCredit":false},{"lineNumber":28,"author":{"gitId":"limshaoqi"},"content":"        String arguments \u003d (parts.length \u003e 1) ? parts[1] : \"\";","lastModifiedDate":"2025-01-25","isFullCredit":false},{"lineNumber":29,"author":{"gitId":"limshaoqi"},"content":"        switch (action) {","lastModifiedDate":"2025-01-24","isFullCredit":false},{"lineNumber":30,"author":{"gitId":"limshaoqi"},"content":"            case \"list\" -\u003e printTaskList();","lastModifiedDate":"2025-01-24","isFullCredit":false},{"lineNumber":31,"author":{"gitId":"limshaoqi"},"content":"            case \"mark\" -\u003e markTask(arguments);","lastModifiedDate":"2025-01-25","isFullCredit":false},{"lineNumber":32,"author":{"gitId":"limshaoqi"},"content":"            case \"unmark\" -\u003e unmarkTask(arguments);","lastModifiedDate":"2025-01-25","isFullCredit":false},{"lineNumber":33,"author":{"gitId":"limshaoqi"},"content":"            case \"todo\" -\u003e addTodo(arguments);","lastModifiedDate":"2025-01-25","isFullCredit":false},{"lineNumber":34,"author":{"gitId":"limshaoqi"},"content":"            case \"deadline\" -\u003e addDeadline(arguments);","lastModifiedDate":"2025-01-25","isFullCredit":false},{"lineNumber":35,"author":{"gitId":"limshaoqi"},"content":"            case \"event\" -\u003e addEvent(arguments);","lastModifiedDate":"2025-01-25","isFullCredit":false},{"lineNumber":36,"author":{"gitId":"limshaoqi"},"content":"            case \"delete\" -\u003e deleteTask(arguments);","lastModifiedDate":"2025-01-25","isFullCredit":false},{"lineNumber":37,"author":{"gitId":"limshaoqi"},"content":"            default -\u003e throw new InvalidCommandException(action);","lastModifiedDate":"2025-01-24","isFullCredit":false},{"lineNumber":38,"author":{"gitId":"limshaoqi"},"content":"        }","lastModifiedDate":"2025-01-24","isFullCredit":false},{"lineNumber":39,"author":{"gitId":"limshaoqi"},"content":"    }","lastModifiedDate":"2025-01-24","isFullCredit":false},{"lineNumber":40,"author":{"gitId":"limshaoqi"},"content":"","lastModifiedDate":"2025-01-24","isFullCredit":false},{"lineNumber":41,"author":{"gitId":"limshaoqi"},"content":"    private void printTaskList() {","lastModifiedDate":"2025-01-24","isFullCredit":false},{"lineNumber":42,"author":{"gitId":"limshaoqi"},"content":"        if (taskList.isEmpty()) {","lastModifiedDate":"2025-01-24","isFullCredit":false},{"lineNumber":43,"author":{"gitId":"limshaoqi"},"content":"            System.out.println(\"No tienes tareas todavía.\");","lastModifiedDate":"2025-01-24","isFullCredit":false},{"lineNumber":44,"author":{"gitId":"limshaoqi"},"content":"            return;","lastModifiedDate":"2025-01-24","isFullCredit":false},{"lineNumber":45,"author":{"gitId":"limshaoqi"},"content":"        }","lastModifiedDate":"2025-01-24","isFullCredit":false},{"lineNumber":46,"author":{"gitId":"limshaoqi"},"content":"        System.out.println(\"Estas son tus tareas:\");","lastModifiedDate":"2025-01-24","isFullCredit":false},{"lineNumber":47,"author":{"gitId":"limshaoqi"},"content":"        for (int i \u003d 1; i \u003c\u003d taskList.size(); i++) {","lastModifiedDate":"2025-01-24","isFullCredit":false},{"lineNumber":48,"author":{"gitId":"limshaoqi"},"content":"            System.out.println(i + \". \" + taskList.get(i - 1));","lastModifiedDate":"2025-01-24","isFullCredit":false},{"lineNumber":49,"author":{"gitId":"limshaoqi"},"content":"        }","lastModifiedDate":"2025-01-24","isFullCredit":false},{"lineNumber":50,"author":{"gitId":"limshaoqi"},"content":"    }","lastModifiedDate":"2025-01-24","isFullCredit":false},{"lineNumber":51,"author":{"gitId":"limshaoqi"},"content":"","lastModifiedDate":"2025-01-24","isFullCredit":false},{"lineNumber":52,"author":{"gitId":"limshaoqi"},"content":"    private void markTask(String input) throws ElchinoException {","lastModifiedDate":"2025-01-25","isFullCredit":false},{"lineNumber":53,"author":{"gitId":"limshaoqi"},"content":"        int taskNumber \u003d parseTaskNumber(input);","lastModifiedDate":"2025-01-25","isFullCredit":false},{"lineNumber":54,"author":{"gitId":"limshaoqi"},"content":"        taskList.get(taskNumber - 1).setDone();","lastModifiedDate":"2025-01-25","isFullCredit":false},{"lineNumber":55,"author":{"gitId":"limshaoqi"},"content":"        System.out.println(\"Ok, lo he marcado como hecho:\");","lastModifiedDate":"2025-01-25","isFullCredit":false},{"lineNumber":56,"author":{"gitId":"limshaoqi"},"content":"        System.out.println(taskList.get(taskNumber - 1));","lastModifiedDate":"2025-01-25","isFullCredit":false},{"lineNumber":57,"author":{"gitId":"limshaoqi"},"content":"        storage.saveTasks(new ArrayList\u003c\u003e(taskList));","lastModifiedDate":"2025-01-31","isFullCredit":false},{"lineNumber":58,"author":{"gitId":"limshaoqi"},"content":"    }","lastModifiedDate":"2025-01-25","isFullCredit":false},{"lineNumber":59,"author":{"gitId":"limshaoqi"},"content":"","lastModifiedDate":"2025-01-25","isFullCredit":false},{"lineNumber":60,"author":{"gitId":"limshaoqi"},"content":"    private void unmarkTask(String input) throws ElchinoException {","lastModifiedDate":"2025-01-25","isFullCredit":false},{"lineNumber":61,"author":{"gitId":"limshaoqi"},"content":"        int taskNumber \u003d parseTaskNumber(input);","lastModifiedDate":"2025-01-25","isFullCredit":false},{"lineNumber":62,"author":{"gitId":"limshaoqi"},"content":"        taskList.get(taskNumber - 1).setNotDone();","lastModifiedDate":"2025-01-25","isFullCredit":false},{"lineNumber":63,"author":{"gitId":"limshaoqi"},"content":"        System.out.println(\"Ok, lo he marcado como deshacer:\");","lastModifiedDate":"2025-01-25","isFullCredit":false},{"lineNumber":64,"author":{"gitId":"limshaoqi"},"content":"        System.out.println(taskList.get(taskNumber - 1));","lastModifiedDate":"2025-01-25","isFullCredit":false},{"lineNumber":65,"author":{"gitId":"limshaoqi"},"content":"        storage.saveTasks(new ArrayList\u003c\u003e(taskList));","lastModifiedDate":"2025-01-31","isFullCredit":false},{"lineNumber":66,"author":{"gitId":"limshaoqi"},"content":"    }","lastModifiedDate":"2025-01-25","isFullCredit":false},{"lineNumber":67,"author":{"gitId":"limshaoqi"},"content":"","lastModifiedDate":"2025-01-25","isFullCredit":false},{"lineNumber":68,"author":{"gitId":"limshaoqi"},"content":"    private void addTodo(String input) throws EmptyDescriptionException, ElchinoException {","lastModifiedDate":"2025-01-31","isFullCredit":false},{"lineNumber":69,"author":{"gitId":"limshaoqi"},"content":"        if (input.trim().isEmpty()) {","lastModifiedDate":"2025-01-24","isFullCredit":false},{"lineNumber":70,"author":{"gitId":"limshaoqi"},"content":"            throw new EmptyDescriptionException();","lastModifiedDate":"2025-01-24","isFullCredit":false},{"lineNumber":71,"author":{"gitId":"limshaoqi"},"content":"        }","lastModifiedDate":"2025-01-24","isFullCredit":false},{"lineNumber":72,"author":{"gitId":"limshaoqi"},"content":"        Task task \u003d new Todo(input.trim());","lastModifiedDate":"2025-01-24","isFullCredit":false},{"lineNumber":73,"author":{"gitId":"limshaoqi"},"content":"        taskList.add(task);","lastModifiedDate":"2025-01-24","isFullCredit":false},{"lineNumber":74,"author":{"gitId":"limshaoqi"},"content":"        System.out.println(\"Agregado: \" + task);","lastModifiedDate":"2025-01-24","isFullCredit":false},{"lineNumber":75,"author":{"gitId":"limshaoqi"},"content":"        storage.saveTasks(new ArrayList\u003c\u003e(taskList));","lastModifiedDate":"2025-01-31","isFullCredit":false},{"lineNumber":76,"author":{"gitId":"limshaoqi"},"content":"    }","lastModifiedDate":"2025-01-24","isFullCredit":false},{"lineNumber":77,"author":{"gitId":"limshaoqi"},"content":"","lastModifiedDate":"2025-01-24","isFullCredit":false},{"lineNumber":78,"author":{"gitId":"limshaoqi"},"content":"    private void addDeadline(String input) throws ElchinoException {","lastModifiedDate":"2025-01-24","isFullCredit":false},{"lineNumber":79,"author":{"gitId":"limshaoqi"},"content":"        if (input.trim().isEmpty()) {","lastModifiedDate":"2025-01-25","isFullCredit":false},{"lineNumber":80,"author":{"gitId":"limshaoqi"},"content":"            throw new EmptyDescriptionException();","lastModifiedDate":"2025-01-25","isFullCredit":false},{"lineNumber":81,"author":{"gitId":"limshaoqi"},"content":"        }","lastModifiedDate":"2025-01-25","isFullCredit":false},{"lineNumber":82,"author":{"gitId":"limshaoqi"},"content":"        if (!input.contains(\"/by\")) {","lastModifiedDate":"2025-01-24","isFullCredit":false},{"lineNumber":83,"author":{"gitId":"limshaoqi"},"content":"            throw new InvalidInputException(\"Por favor usa /by para especificar la fecha y hora.\");","lastModifiedDate":"2025-01-25","isFullCredit":false},{"lineNumber":84,"author":{"gitId":"limshaoqi"},"content":"        }","lastModifiedDate":"2025-01-24","isFullCredit":false},{"lineNumber":85,"author":{"gitId":"limshaoqi"},"content":"        String[] details \u003d input.split(\" /by \", 2);","lastModifiedDate":"2025-01-24","isFullCredit":false},{"lineNumber":86,"author":{"gitId":"limshaoqi"},"content":"        if (details[0].trim().isEmpty()) {","lastModifiedDate":"2025-01-24","isFullCredit":false},{"lineNumber":87,"author":{"gitId":"limshaoqi"},"content":"            throw new EmptyDescriptionException();","lastModifiedDate":"2025-01-24","isFullCredit":false},{"lineNumber":88,"author":{"gitId":"limshaoqi"},"content":"        }","lastModifiedDate":"2025-01-24","isFullCredit":false},{"lineNumber":89,"author":{"gitId":"limshaoqi"},"content":"","lastModifiedDate":"2025-01-24","isFullCredit":false},{"lineNumber":90,"author":{"gitId":"limshaoqi"},"content":"        Task task \u003d new Deadline(details[0].trim(), details[1].trim());","lastModifiedDate":"2025-01-24","isFullCredit":false},{"lineNumber":91,"author":{"gitId":"limshaoqi"},"content":"        taskList.add(task);","lastModifiedDate":"2025-01-24","isFullCredit":false},{"lineNumber":92,"author":{"gitId":"limshaoqi"},"content":"        System.out.println(\"Agregado: \" + task);","lastModifiedDate":"2025-01-24","isFullCredit":false},{"lineNumber":93,"author":{"gitId":"limshaoqi"},"content":"        storage.saveTasks(new ArrayList\u003c\u003e(taskList));","lastModifiedDate":"2025-01-31","isFullCredit":false},{"lineNumber":94,"author":{"gitId":"limshaoqi"},"content":"    }","lastModifiedDate":"2025-01-24","isFullCredit":false},{"lineNumber":95,"author":{"gitId":"limshaoqi"},"content":"","lastModifiedDate":"2025-01-24","isFullCredit":false},{"lineNumber":96,"author":{"gitId":"limshaoqi"},"content":"    private void addEvent(String input) throws ElchinoException {","lastModifiedDate":"2025-01-24","isFullCredit":false},{"lineNumber":97,"author":{"gitId":"limshaoqi"},"content":"        if (input.trim().isEmpty()) {","lastModifiedDate":"2025-01-25","isFullCredit":false},{"lineNumber":98,"author":{"gitId":"limshaoqi"},"content":"            throw new EmptyDescriptionException();","lastModifiedDate":"2025-01-25","isFullCredit":false},{"lineNumber":99,"author":{"gitId":"limshaoqi"},"content":"        }","lastModifiedDate":"2025-01-25","isFullCredit":false},{"lineNumber":100,"author":{"gitId":"limshaoqi"},"content":"        if (!input.contains(\"/from\") || !input.contains(\"/to\")) {","lastModifiedDate":"2025-01-24","isFullCredit":false},{"lineNumber":101,"author":{"gitId":"limshaoqi"},"content":"            throw new InvalidInputException(\"Por favor usa /from y /to para especificar la fecha y hora.\");","lastModifiedDate":"2025-01-25","isFullCredit":false},{"lineNumber":102,"author":{"gitId":"limshaoqi"},"content":"        }","lastModifiedDate":"2025-01-24","isFullCredit":false},{"lineNumber":103,"author":{"gitId":"limshaoqi"},"content":"        String[] parts \u003d input.split(\" /from \", 2);","lastModifiedDate":"2025-01-31","isFullCredit":false},{"lineNumber":104,"author":{"gitId":"limshaoqi"},"content":"        if (parts.length \u003c 2) throw new InvalidInputException(\"Formato incorrecto para Event.\");","lastModifiedDate":"2025-01-31","isFullCredit":false},{"lineNumber":105,"author":{"gitId":"limshaoqi"},"content":"","lastModifiedDate":"2025-01-31","isFullCredit":false},{"lineNumber":106,"author":{"gitId":"limshaoqi"},"content":"        String[] details \u003d parts[1].split(\" /to \", 2);","lastModifiedDate":"2025-01-31","isFullCredit":false},{"lineNumber":107,"author":{"gitId":"limshaoqi"},"content":"        if (details.length \u003c 2) throw new InvalidInputException(\"Formato incorrecto para Event.\");","lastModifiedDate":"2025-01-31","isFullCredit":false},{"lineNumber":108,"author":{"gitId":"limshaoqi"},"content":"","lastModifiedDate":"2025-01-31","isFullCredit":false},{"lineNumber":109,"author":{"gitId":"limshaoqi"},"content":"        Task task \u003d new Event(parts[0].trim(), details[0].trim(), details[1].trim());","lastModifiedDate":"2025-01-31","isFullCredit":false},{"lineNumber":110,"author":{"gitId":"limshaoqi"},"content":"        taskList.add(task);","lastModifiedDate":"2025-01-24","isFullCredit":false},{"lineNumber":111,"author":{"gitId":"limshaoqi"},"content":"        System.out.println(\"Agregado: \" + task);","lastModifiedDate":"2025-01-24","isFullCredit":false},{"lineNumber":112,"author":{"gitId":"limshaoqi"},"content":"        storage.saveTasks(new ArrayList\u003c\u003e(taskList));","lastModifiedDate":"2025-01-31","isFullCredit":false},{"lineNumber":113,"author":{"gitId":"limshaoqi"},"content":"    }","lastModifiedDate":"2025-01-24","isFullCredit":false},{"lineNumber":114,"author":{"gitId":"limshaoqi"},"content":"","lastModifiedDate":"2025-01-24","isFullCredit":false},{"lineNumber":115,"author":{"gitId":"limshaoqi"},"content":"    private int parseTaskNumber(String input) throws InvalidInputException {","lastModifiedDate":"2025-01-24","isFullCredit":false},{"lineNumber":116,"author":{"gitId":"limshaoqi"},"content":"        try {","lastModifiedDate":"2025-01-24","isFullCredit":false},{"lineNumber":117,"author":{"gitId":"limshaoqi"},"content":"            int taskNumber \u003d Integer.parseInt(input);","lastModifiedDate":"2025-01-25","isFullCredit":false},{"lineNumber":118,"author":{"gitId":"limshaoqi"},"content":"            if (taskNumber \u003c 1 || taskNumber \u003e taskList.size()) {","lastModifiedDate":"2025-01-25","isFullCredit":false},{"lineNumber":119,"author":{"gitId":"limshaoqi"},"content":"                throw new InvalidInputException(taskNumber);","lastModifiedDate":"2025-01-25","isFullCredit":false},{"lineNumber":120,"author":{"gitId":"limshaoqi"},"content":"            }","lastModifiedDate":"2025-01-24","isFullCredit":false},{"lineNumber":121,"author":{"gitId":"limshaoqi"},"content":"            return taskNumber;","lastModifiedDate":"2025-01-25","isFullCredit":false},{"lineNumber":122,"author":{"gitId":"limshaoqi"},"content":"        } catch (NumberFormatException e) {","lastModifiedDate":"2025-01-24","isFullCredit":false},{"lineNumber":123,"author":{"gitId":"limshaoqi"},"content":"            throw new InvalidInputException();","lastModifiedDate":"2025-01-24","isFullCredit":false},{"lineNumber":124,"author":{"gitId":"limshaoqi"},"content":"        }","lastModifiedDate":"2025-01-24","isFullCredit":false},{"lineNumber":125,"author":{"gitId":"limshaoqi"},"content":"    }","lastModifiedDate":"2025-01-24","isFullCredit":false},{"lineNumber":126,"author":{"gitId":"limshaoqi"},"content":"","lastModifiedDate":"2025-01-25","isFullCredit":false},{"lineNumber":127,"author":{"gitId":"limshaoqi"},"content":"    private void deleteTask(String input) throws ElchinoException {","lastModifiedDate":"2025-01-25","isFullCredit":false},{"lineNumber":128,"author":{"gitId":"limshaoqi"},"content":"        if (input.trim().isEmpty()) {","lastModifiedDate":"2025-01-25","isFullCredit":false},{"lineNumber":129,"author":{"gitId":"limshaoqi"},"content":"            throw new InvalidInputException();","lastModifiedDate":"2025-01-25","isFullCredit":false},{"lineNumber":130,"author":{"gitId":"limshaoqi"},"content":"        }","lastModifiedDate":"2025-01-25","isFullCredit":false},{"lineNumber":131,"author":{"gitId":"limshaoqi"},"content":"","lastModifiedDate":"2025-01-25","isFullCredit":false},{"lineNumber":132,"author":{"gitId":"limshaoqi"},"content":"        int taskNumber \u003d parseTaskNumber(input);","lastModifiedDate":"2025-01-25","isFullCredit":false},{"lineNumber":133,"author":{"gitId":"limshaoqi"},"content":"        Task task \u003d taskList.remove(taskNumber - 1);","lastModifiedDate":"2025-01-25","isFullCredit":false},{"lineNumber":134,"author":{"gitId":"limshaoqi"},"content":"        System.out.println(\"Ok, he eliminado esta tarea:\");","lastModifiedDate":"2025-01-25","isFullCredit":false},{"lineNumber":135,"author":{"gitId":"limshaoqi"},"content":"        System.out.println(task);","lastModifiedDate":"2025-01-25","isFullCredit":false},{"lineNumber":136,"author":{"gitId":"limshaoqi"},"content":"        System.out.println(\"Ahora tienes \" + taskList.size() + \" tareas en tu lista.\");","lastModifiedDate":"2025-01-31","isFullCredit":false},{"lineNumber":137,"author":{"gitId":"limshaoqi"},"content":"        storage.saveTasks(new ArrayList\u003c\u003e(taskList));","lastModifiedDate":"2025-01-31","isFullCredit":false},{"lineNumber":138,"author":{"gitId":"limshaoqi"},"content":"    }","lastModifiedDate":"2025-01-25","isFullCredit":false},{"lineNumber":139,"author":{"gitId":"limshaoqi"},"content":"}","lastModifiedDate":"2025-01-24","isFullCredit":false}],"authorContributionMap":{"limshaoqi":139}},{"path":"src/main/java/Todo.java","fileType":"java","lines":[{"lineNumber":1,"author":{"gitId":"limshaoqi"},"content":"public class Todo extends Task {","lastModifiedDate":"2025-01-23","isFullCredit":false},{"lineNumber":2,"author":{"gitId":"limshaoqi"},"content":"    public Todo(String description) {","lastModifiedDate":"2025-01-23","isFullCredit":false},{"lineNumber":3,"author":{"gitId":"limshaoqi"},"content":"        super(description);","lastModifiedDate":"2025-01-23","isFullCredit":false},{"lineNumber":4,"author":{"gitId":"limshaoqi"},"content":"    }","lastModifiedDate":"2025-01-23","isFullCredit":false},{"lineNumber":5,"author":{"gitId":"limshaoqi"},"content":"","lastModifiedDate":"2025-01-23","isFullCredit":false},{"lineNumber":6,"author":{"gitId":"limshaoqi"},"content":"    @Override","lastModifiedDate":"2025-01-24","isFullCredit":false},{"lineNumber":7,"author":{"gitId":"limshaoqi"},"content":"    public String getTaskType() {","lastModifiedDate":"2025-01-24","isFullCredit":false},{"lineNumber":8,"author":{"gitId":"limshaoqi"},"content":"        return \"T\";","lastModifiedDate":"2025-01-24","isFullCredit":false},{"lineNumber":9,"author":{"gitId":"limshaoqi"},"content":"    }","lastModifiedDate":"2025-01-24","isFullCredit":false},{"lineNumber":10,"author":{"gitId":"limshaoqi"},"content":"","lastModifiedDate":"2025-01-24","isFullCredit":false},{"lineNumber":11,"author":{"gitId":"limshaoqi"},"content":"    @Override","lastModifiedDate":"2025-01-23","isFullCredit":false},{"lineNumber":12,"author":{"gitId":"limshaoqi"},"content":"    public String toString() {","lastModifiedDate":"2025-01-23","isFullCredit":false},{"lineNumber":13,"author":{"gitId":"limshaoqi"},"content":"        return \"[T]\" + super.toString();","lastModifiedDate":"2025-01-23","isFullCredit":false},{"lineNumber":14,"author":{"gitId":"limshaoqi"},"content":"    }","lastModifiedDate":"2025-01-23","isFullCredit":false},{"lineNumber":15,"author":{"gitId":"limshaoqi"},"content":"","lastModifiedDate":"2025-01-31","isFullCredit":false},{"lineNumber":16,"author":{"gitId":"limshaoqi"},"content":"    @Override","lastModifiedDate":"2025-01-31","isFullCredit":false},{"lineNumber":17,"author":{"gitId":"limshaoqi"},"content":"    public String storeTask() {","lastModifiedDate":"2025-01-31","isFullCredit":false},{"lineNumber":18,"author":{"gitId":"limshaoqi"},"content":"        return String.format(\"T | %d | %s\", isDone ? 1 : 0, description);","lastModifiedDate":"2025-01-31","isFullCredit":false},{"lineNumber":19,"author":{"gitId":"limshaoqi"},"content":"    }","lastModifiedDate":"2025-01-31","isFullCredit":false},{"lineNumber":20,"author":{"gitId":"limshaoqi"},"content":"","lastModifiedDate":"2025-01-31","isFullCredit":false},{"lineNumber":21,"author":{"gitId":"limshaoqi"},"content":"}","lastModifiedDate":"2025-01-23","isFullCredit":false}],"authorContributionMap":{"limshaoqi":21}},{"path":"text-ui-test/input.txt","fileType":"txt","lines":[{"lineNumber":1,"author":{"gitId":"limshaoqi"},"content":"todo read book","lastModifiedDate":"2025-01-24","isFullCredit":false},{"lineNumber":2,"author":{"gitId":"limshaoqi"},"content":"todo return book","lastModifiedDate":"2025-01-24","isFullCredit":false},{"lineNumber":3,"author":{"gitId":"limshaoqi"},"content":"mark 1","lastModifiedDate":"2025-01-24","isFullCredit":false},{"lineNumber":4,"author":{"gitId":"limshaoqi"},"content":"mark 2","lastModifiedDate":"2025-01-24","isFullCredit":false},{"lineNumber":5,"author":{"gitId":"limshaoqi"},"content":"unmark 2","lastModifiedDate":"2025-01-24","isFullCredit":false},{"lineNumber":6,"author":{"gitId":"limshaoqi"},"content":"list","lastModifiedDate":"2025-01-24","isFullCredit":false},{"lineNumber":7,"author":{"gitId":"limshaoqi"},"content":"deadline return book /by Sunday","lastModifiedDate":"2025-01-24","isFullCredit":false},{"lineNumber":8,"author":{"gitId":"limshaoqi"},"content":"event project meeting /from Mon 2pm /to 4pm","lastModifiedDate":"2025-01-24","isFullCredit":false},{"lineNumber":9,"author":{"gitId":"limshaoqi"},"content":"list","lastModifiedDate":"2025-01-24","isFullCredit":false},{"lineNumber":10,"author":{"gitId":"limshaoqi"},"content":"bye","lastModifiedDate":"2025-01-24","isFullCredit":false}],"authorContributionMap":{"limshaoqi":10}},{"path":"text-ui-test/runtest.sh","fileType":"sh","lines":[{"lineNumber":1,"author":{"gitId":"-"},"content":"#!/usr/bin/env bash","lastModifiedDate":"2020-05-25","isFullCredit":false},{"lineNumber":2,"author":{"gitId":"-"},"content":"","lastModifiedDate":"2020-05-25","isFullCredit":false},{"lineNumber":3,"author":{"gitId":"-"},"content":"# create bin directory if it doesn\u0027t exist","lastModifiedDate":"2020-05-25","isFullCredit":false},{"lineNumber":4,"author":{"gitId":"-"},"content":"if [ ! -d \"../bin\" ]","lastModifiedDate":"2020-05-25","isFullCredit":false},{"lineNumber":5,"author":{"gitId":"-"},"content":"then","lastModifiedDate":"2020-05-25","isFullCredit":false},{"lineNumber":6,"author":{"gitId":"-"},"content":"    mkdir ../bin","lastModifiedDate":"2020-05-25","isFullCredit":false},{"lineNumber":7,"author":{"gitId":"-"},"content":"fi","lastModifiedDate":"2020-05-25","isFullCredit":false},{"lineNumber":8,"author":{"gitId":"-"},"content":"","lastModifiedDate":"2020-05-25","isFullCredit":false},{"lineNumber":9,"author":{"gitId":"-"},"content":"# delete output from previous run","lastModifiedDate":"2020-05-25","isFullCredit":false},{"lineNumber":10,"author":{"gitId":"-"},"content":"if [ -e \"./ACTUAL.TXT\" ]","lastModifiedDate":"2020-05-25","isFullCredit":false},{"lineNumber":11,"author":{"gitId":"-"},"content":"then","lastModifiedDate":"2020-05-25","isFullCredit":false},{"lineNumber":12,"author":{"gitId":"-"},"content":"    rm ACTUAL.TXT","lastModifiedDate":"2020-05-25","isFullCredit":false},{"lineNumber":13,"author":{"gitId":"-"},"content":"fi","lastModifiedDate":"2020-05-25","isFullCredit":false},{"lineNumber":14,"author":{"gitId":"-"},"content":"","lastModifiedDate":"2020-05-25","isFullCredit":false},{"lineNumber":15,"author":{"gitId":"-"},"content":"# compile the code into the bin folder, terminates if error occurred","lastModifiedDate":"2020-05-25","isFullCredit":false},{"lineNumber":16,"author":{"gitId":"-"},"content":"if ! javac -cp ../src/main/java -Xlint:none -d ../bin ../src/main/java/*.java","lastModifiedDate":"2020-08-25","isFullCredit":false},{"lineNumber":17,"author":{"gitId":"-"},"content":"then","lastModifiedDate":"2020-05-25","isFullCredit":false},{"lineNumber":18,"author":{"gitId":"-"},"content":"    echo \"********** BUILD FAILURE **********\"","lastModifiedDate":"2020-05-25","isFullCredit":false},{"lineNumber":19,"author":{"gitId":"-"},"content":"    exit 1","lastModifiedDate":"2020-05-25","isFullCredit":false},{"lineNumber":20,"author":{"gitId":"-"},"content":"fi","lastModifiedDate":"2020-05-25","isFullCredit":false},{"lineNumber":21,"author":{"gitId":"-"},"content":"","lastModifiedDate":"2020-05-25","isFullCredit":false},{"lineNumber":22,"author":{"gitId":"-"},"content":"# run the program, feed commands from input.txt file and redirect the output to the ACTUAL.TXT","lastModifiedDate":"2020-05-25","isFullCredit":false},{"lineNumber":23,"author":{"gitId":"limshaoqi"},"content":"java -classpath ../bin Elchino \u003c input.txt \u003e ACTUAL.TXT","lastModifiedDate":"2025-01-24","isFullCredit":false},{"lineNumber":24,"author":{"gitId":"-"},"content":"","lastModifiedDate":"2020-05-25","isFullCredit":false},{"lineNumber":25,"author":{"gitId":"-"},"content":"# convert to UNIX format","lastModifiedDate":"2020-05-25","isFullCredit":false},{"lineNumber":26,"author":{"gitId":"-"},"content":"cp EXPECTED.TXT EXPECTED-UNIX.TXT","lastModifiedDate":"2020-05-25","isFullCredit":false},{"lineNumber":27,"author":{"gitId":"limshaoqi"},"content":"#dos2unix ACTUAL.TXT EXPECTED-UNIX.TXT","lastModifiedDate":"2025-01-24","isFullCredit":false},{"lineNumber":28,"author":{"gitId":"-"},"content":"","lastModifiedDate":"2020-05-25","isFullCredit":false},{"lineNumber":29,"author":{"gitId":"-"},"content":"# compare the output to the expected output","lastModifiedDate":"2020-05-25","isFullCredit":false},{"lineNumber":30,"author":{"gitId":"-"},"content":"diff ACTUAL.TXT EXPECTED-UNIX.TXT","lastModifiedDate":"2020-05-25","isFullCredit":false},{"lineNumber":31,"author":{"gitId":"-"},"content":"if [ $? -eq 0 ]","lastModifiedDate":"2020-05-25","isFullCredit":false},{"lineNumber":32,"author":{"gitId":"-"},"content":"then","lastModifiedDate":"2020-05-25","isFullCredit":false},{"lineNumber":33,"author":{"gitId":"-"},"content":"    echo \"Test result: PASSED\"","lastModifiedDate":"2020-05-25","isFullCredit":false},{"lineNumber":34,"author":{"gitId":"-"},"content":"    exit 0","lastModifiedDate":"2020-05-25","isFullCredit":false},{"lineNumber":35,"author":{"gitId":"-"},"content":"else","lastModifiedDate":"2020-05-25","isFullCredit":false},{"lineNumber":36,"author":{"gitId":"-"},"content":"    echo \"Test result: FAILED\"","lastModifiedDate":"2020-05-25","isFullCredit":false},{"lineNumber":37,"author":{"gitId":"-"},"content":"    exit 1","lastModifiedDate":"2020-05-25","isFullCredit":false},{"lineNumber":38,"author":{"gitId":"-"},"content":"fi","lastModifiedDate":"2020-05-25","isFullCredit":false}],"authorContributionMap":{"-":36,"limshaoqi":2}}]
