{"authorDailyContributionsMap":{"aekyr":[{"date":"2025-01-19","commitResults":[{"hash":"3deb6d12f4ceb184563e5a02f40073c1c2642058","isMergeCommit":false,"messageTitle":"Level 0. Rename, Greet, Exit (a) Give your chatbot a new name, to differentiate it from the placeholder name Duke. Avoid these common choices as well: Chatty, Jarvis, ChatBot, Chad","messageBody":"(b) Implement an initial skeletal version of it that simply greets the user and exits.\n","tags":["Level-0"],"fileTypesAndContributionMap":{"java":{"insertions":23,"deletions":10},"bat":{"insertions":1,"deletions":1},"md":{"insertions":3,"deletions":3}}},{"hash":"8993f9890b974395ad30958603bb09fe3cb2b5be","isMergeCommit":false,"messageTitle":"Improve the skeletal version of Duke so that it echos commands entered by the user, and exits when the user types the command bye.","messageBody":"","tags":["Level-1"],"fileTypesAndContributionMap":{"java":{"insertions":22,"deletions":4}}},{"hash":"a542a753a6e7e272b562d255013bf3c1d6df68e1","isMergeCommit":false,"messageTitle":"Add the ability to store whatever text entered by the user and display them back to the user when requested.","messageBody":"","tags":["Level-2"],"fileTypesAndContributionMap":{"java":{"insertions":74,"deletions":10}}},{"hash":"59c318d0b4ddf20a6090c82998fe6320bdeb3d5d","isMergeCommit":false,"messageTitle":"Add the ability to mark tasks as done. Optionally, add the ability to change the status back to not done.","messageBody":"","tags":["Level-3"],"fileTypesAndContributionMap":{"java":{"insertions":88,"deletions":6}}},{"hash":"42db4929b243182e5ae26432ee5cf42d0d61bc3f","isMergeCommit":false,"messageTitle":"ToDos, Events, Deadlines Add support for tracking three types of tasks:","messageBody":"ToDos: tasks without any date/time attached to it e.g., visit new theme park\nDeadlines: tasks that need to be done before a specific date/time e.g., submit report by 11/10/2019 5pm\nEvents: tasks that start at a specific date/time and ends at a specific date/time\ne.g., (a) team project meeting 2/10/2019 2-4pm (b) orientation week 4/10/2019 to 11/10/2019\n","tags":["Level-4"],"fileTypesAndContributionMap":{"java":{"insertions":102,"deletions":6}}},{"hash":"0da448e0f1dea43c4f0073a4b7d8c2b7791e622a","isMergeCommit":false,"messageTitle":"Shifted command handling to its own class and subclasses","messageBody":"","fileTypesAndContributionMap":{"txt":{"insertions":4,"deletions":0},"java":{"insertions":255,"deletions":93}}},{"hash":"03f53418672af9472d311ef7448d838600057586","isMergeCommit":false,"messageTitle":"Test using the I/O redirection technique","messageBody":"Use the input/output redirection technique to semi-automate the testing of Duke.\n","tags":["A-TextUiTesting"],"fileTypesAndContributionMap":{"txt":{"insertions":58,"deletions":2},"java":{"insertions":14,"deletions":7}}},{"hash":"89b56b292de9be5070bfe7804058cf6c37b9702f","isMergeCommit":false,"messageTitle":"Handle Errors Teach the chatbot to deal with errors such as incorrect inputs entered by the user.","messageBody":"","tags":["Level-5"],"fileTypesAndContributionMap":{"txt":{"insertions":1,"deletions":0},"java":{"insertions":98,"deletions":20}}},{"hash":"90dfd37b4dce740047ea920f775105fa86358336","isMergeCommit":false,"messageTitle":"Added DeleteCommand. Delete Add support for deleting tasks from the list.","messageBody":"","tags":["Level-6"],"fileTypesAndContributionMap":{"txt":{"insertions":9,"deletions":0},"java":{"insertions":78,"deletions":13}}},{"hash":"34b1b9f0430a7709bba433153100a47f5e5cba6b","isMergeCommit":false,"messageTitle":"Refactored code for neatness","messageBody":"","fileTypesAndContributionMap":{"txt":{"insertions":23,"deletions":23},"java":{"insertions":84,"deletions":50},"md":{"insertions":1,"deletions":1}}},{"hash":"844747070017f90fd82d5818780ed057d28fdd93","isMergeCommit":false,"messageTitle":"removed deprecated methods in Laffy","messageBody":"","fileTypesAndContributionMap":{"java":{"insertions":0,"deletions":21}}}]}]},"authorFileTypeContributionMap":{"aekyr":{"java":608,"md":4,"fxml":0,"sh":0,"bat":1,"gradle":0,"txt":70}},"authorContributionVariance":{"aekyr":324280.9},"authorDisplayNameMap":{"aekyr":"CS2103T-W09-2 LOH ..UCAS"}}
