{"authorDailyContributionsMap":{"aekyr":[{"date":"2025-01-19","commitResults":[{"hash":"3deb6d12f4ceb184563e5a02f40073c1c2642058","isMergeCommit":false,"messageTitle":"Level 0. Rename, Greet, Exit (a) Give your chatbot a new name, to differentiate it from the placeholder name Duke. Avoid these common choices as well: Chatty, Jarvis, ChatBot, Chad","messageBody":"(b) Implement an initial skeletal version of it that simply greets the user and exits.\n","tags":["Level-0"],"fileTypesAndContributionMap":{"java":{"insertions":23,"deletions":10},"bat":{"insertions":1,"deletions":1},"md":{"insertions":3,"deletions":3}}},{"hash":"8993f9890b974395ad30958603bb09fe3cb2b5be","isMergeCommit":false,"messageTitle":"Improve the skeletal version of Duke so that it echos commands entered by the user, and exits when the user types the command bye.","messageBody":"","tags":["Level-1"],"fileTypesAndContributionMap":{"java":{"insertions":22,"deletions":4}}},{"hash":"a542a753a6e7e272b562d255013bf3c1d6df68e1","isMergeCommit":false,"messageTitle":"Add the ability to store whatever text entered by the user and display them back to the user when requested.","messageBody":"","tags":["Level-2"],"fileTypesAndContributionMap":{"java":{"insertions":74,"deletions":10}}},{"hash":"59c318d0b4ddf20a6090c82998fe6320bdeb3d5d","isMergeCommit":false,"messageTitle":"Add the ability to mark tasks as done. Optionally, add the ability to change the status back to not done.","messageBody":"","tags":["Level-3"],"fileTypesAndContributionMap":{"java":{"insertions":88,"deletions":6}}},{"hash":"42db4929b243182e5ae26432ee5cf42d0d61bc3f","isMergeCommit":false,"messageTitle":"ToDos, Events, Deadlines Add support for tracking three types of tasks:","messageBody":"ToDos: tasks without any date/time attached to it e.g., visit new theme park\nDeadlines: tasks that need to be done before a specific date/time e.g., submit report by 11/10/2019 5pm\nEvents: tasks that start at a specific date/time and ends at a specific date/time\ne.g., (a) team project meeting 2/10/2019 2-4pm (b) orientation week 4/10/2019 to 11/10/2019\n","tags":["Level-4"],"fileTypesAndContributionMap":{"java":{"insertions":102,"deletions":6}}},{"hash":"0da448e0f1dea43c4f0073a4b7d8c2b7791e622a","isMergeCommit":false,"messageTitle":"Shifted command handling to its own class and subclasses","messageBody":"","fileTypesAndContributionMap":{"txt":{"insertions":4,"deletions":0},"java":{"insertions":255,"deletions":93}}},{"hash":"03f53418672af9472d311ef7448d838600057586","isMergeCommit":false,"messageTitle":"Test using the I/O redirection technique","messageBody":"Use the input/output redirection technique to semi-automate the testing of Duke.\n","tags":["A-TextUiTesting"],"fileTypesAndContributionMap":{"txt":{"insertions":58,"deletions":2},"java":{"insertions":14,"deletions":7}}},{"hash":"89b56b292de9be5070bfe7804058cf6c37b9702f","isMergeCommit":false,"messageTitle":"Handle Errors Teach the chatbot to deal with errors such as incorrect inputs entered by the user.","messageBody":"","tags":["Level-5"],"fileTypesAndContributionMap":{"txt":{"insertions":1,"deletions":0},"java":{"insertions":98,"deletions":20}}},{"hash":"90dfd37b4dce740047ea920f775105fa86358336","isMergeCommit":false,"messageTitle":"Added DeleteCommand. Delete Add support for deleting tasks from the list.","messageBody":"","tags":["Level-6"],"fileTypesAndContributionMap":{"txt":{"insertions":9,"deletions":0},"java":{"insertions":78,"deletions":13}}},{"hash":"34b1b9f0430a7709bba433153100a47f5e5cba6b","isMergeCommit":false,"messageTitle":"Refactored code for neatness","messageBody":"","fileTypesAndContributionMap":{"txt":{"insertions":23,"deletions":23},"java":{"insertions":84,"deletions":50},"md":{"insertions":1,"deletions":1}}},{"hash":"844747070017f90fd82d5818780ed057d28fdd93","isMergeCommit":false,"messageTitle":"removed deprecated methods in Laffy","messageBody":"","fileTypesAndContributionMap":{"java":{"insertions":0,"deletions":21}}}]},{"date":"2025-01-27","commitResults":[{"hash":"4dbc28d4ba8a7158829bd25d6ae9eedbcd51d2b8","isMergeCommit":false,"messageTitle":"Change InvalidCommand getusage to use class field instead","messageBody":"","fileTypesAndContributionMap":{"java":{"insertions":1,"deletions":1}}},{"hash":"96ceaa93700fc0a1963e2b65b0bf9ded35c5f3e7","isMergeCommit":false,"messageTitle":"refactor class tasklist to match java conventions","messageBody":"","fileTypesAndContributionMap":{"java":{"insertions":42,"deletions":42}}},{"hash":"3cea16bcae3233134cd53095b74275c6edf41da7","isMergeCommit":false,"messageTitle":"de-packaged tasklist since command parser needs to be its own package in future","messageBody":"","fileTypesAndContributionMap":{"java":{"insertions":0,"deletions":34}}},{"hash":"ac1ee7c5a6cf6c832974d5af34107cee81459575","isMergeCommit":false,"messageTitle":"add file read and create","messageBody":"","fileTypesAndContributionMap":{"txt":{"insertions":0,"deletions":0},"java":{"insertions":82,"deletions":0}}},{"hash":"f385fd4dd09ba7468478ef3f9a53eba1e4f61436","isMergeCommit":false,"messageTitle":"Add save feature to file at data/laffy.txt","messageBody":"","fileTypesAndContributionMap":{"txt":{"insertions":6,"deletions":0},"java":{"insertions":148,"deletions":14},"bat":{"insertions":1,"deletions":0}}},{"hash":"18d144cffc8ec09a0ce8fa001d78ff8655bed2a1","isMergeCommit":true,"messageTitle":"Merge branch \u0027branch-Level-7\u0027","messageBody":"* branch-Level-7:\n  Add save feature to file at data/laffy.txt\n  add file read and create\n  de-packaged tasklist since command parser needs to be its own package in future\n  refactor class tasklist to match java conventions\n  Change InvalidCommand getusage to use class field instead\n","tags":["Level-7"],"fileTypesAndContributionMap":{}}]},{"date":"2025-01-28","commitResults":[{"hash":"afc784210d4d1b4872f26ecf838af9c2b87cc070","isMergeCommit":false,"messageTitle":"Implement datetimes to deadline and event classes for by, from and to fields","messageBody":"","fileTypesAndContributionMap":{"txt":{"insertions":14,"deletions":69},"java":{"insertions":103,"deletions":26},"bat":{"insertions":1,"deletions":1}}},{"hash":"3a7f890ed644cff2424841824077997c53398f7b","isMergeCommit":false,"messageTitle":"Update tests for new deadline and event commands","messageBody":"","fileTypesAndContributionMap":{"txt":{"insertions":44,"deletions":1},"java":{"insertions":5,"deletions":1}}},{"hash":"285044a0d5946dbb6fb6b244ea0ae13c3ac06d62","isMergeCommit":true,"messageTitle":"Merge branch \u0027branch-Level-8\u0027","messageBody":"* branch-Level-8:\n  Update tests for new deadline and event commands\n  Implement datetimes to deadline and event classes for by, from and to fields\n","tags":["Level-8"],"fileTypesAndContributionMap":{}},{"hash":"5145e3213aa79058521bfaea58538aaee7b8dd11","isMergeCommit":false,"messageTitle":"Refactor ListCommandParser to just Parser","messageBody":"","fileTypesAndContributionMap":{"java":{"insertions":4,"deletions":5}}},{"hash":"aaa667242dcfdb733d4e3750cf6f5e1c92950bad","isMergeCommit":false,"messageTitle":"Add storage class to encapsulate storage operations","messageBody":"","fileTypesAndContributionMap":{"txt":{"insertions":1,"deletions":5},"java":{"insertions":122,"deletions":111}}},{"hash":"3c1e27cca6d7b78bd9be8be8806b7bc231b02c47","isMergeCommit":false,"messageTitle":"Extracted Ui class","messageBody":"","fileTypesAndContributionMap":{"txt":{"insertions":0,"deletions":7},"java":{"insertions":97,"deletions":104}}},{"hash":"1c05569a15a26b89ea3ef0cba22e319e616e12f6","isMergeCommit":false,"messageTitle":"Fixed bug where file was not saving","messageBody":"","fileTypesAndContributionMap":{"txt":{"insertions":7,"deletions":0},"java":{"insertions":25,"deletions":8}}},{"hash":"8b9b1911b9435e94ef204a5b1de3b634e0748840","isMergeCommit":false,"messageTitle":"Change command class to act upon tasklist storage ui instead of having tasklist storage ui","messageBody":"","tags":["A-MoreOOP"],"fileTypesAndContributionMap":{"txt":{"insertions":0,"deletions":1},"java":{"insertions":127,"deletions":96}}},{"hash":"fb6756a5576d2e6957b4110194ad55f458d8ddaf","isMergeCommit":false,"messageTitle":"Put everything into single laffy package","messageBody":"","fileTypesAndContributionMap":{"txt":{"insertions":0,"deletions":1},"java":{"insertions":42,"deletions":0},"bat":{"insertions":2,"deletions":2}}},{"hash":"403e3425f2812ba35beb113a350b8c114b1232b3","isMergeCommit":false,"messageTitle":"Package command into own package","messageBody":"","fileTypesAndContributionMap":{"java":{"insertions":63,"deletions":21},"bat":{"insertions":1,"deletions":1}}},{"hash":"4bfa04ec373a50e8c1ea75a3e21a9c867fa011bd","isMergeCommit":false,"messageTitle":"Implement exception throwing for commands and exception handling for ui","messageBody":"","fileTypesAndContributionMap":{"txt":{"insertions":6,"deletions":5},"java":{"insertions":281,"deletions":193},"bat":{"insertions":6,"deletions":1}}},{"hash":"25b4b04ca8c36e695949b1ac9e39325104cfbe28","isMergeCommit":false,"messageTitle":"Package tasks together in the tasklist package","messageBody":"","tags":["A-Packages"],"fileTypesAndContributionMap":{"java":{"insertions":12,"deletions":4},"bat":{"insertions":1,"deletions":0}}},{"hash":"734e28ed39a01734f284dcc9376e7063bbc13113","isMergeCommit":true,"messageTitle":"Merge remote-tracking branch \u0027origin/add-gradle-support\u0027","messageBody":"* origin/add-gradle-support:\n  build.gradle: Prevent generating a second JAR file\n  Bump gradle and lib version\n  Add Gradle support\n","fileTypesAndContributionMap":{}},{"hash":"2c3f64c8d9e15d5cc68289ed4deb6a1cd5558cae","isMergeCommit":false,"messageTitle":"Add gradle to project and use it to build","messageBody":"","tags":["A-Gradle"],"fileTypesAndContributionMap":{"gradle":{"insertions":3,"deletions":2},"txt":{"insertions":1,"deletions":0}}},{"hash":"b2be843c5c33d2279d6180b34b5b108db25f5007","isMergeCommit":false,"messageTitle":"Add tests for tasklist.task and tasklist.taskdateapi","messageBody":"","tags":["A-JUnit"],"fileTypesAndContributionMap":{"java":{"insertions":163,"deletions":21}}},{"hash":"5edf446cab7e5b96662212b91439efc8b1c90bc8","isMergeCommit":false,"messageTitle":"Package app as jar file with gradlew shadowJar","messageBody":"","tags":["A-Jar"],"fileTypesAndContributionMap":{"gradle":{"insertions":1,"deletions":1}}}]}]},"authorFileTypeContributionMap":{"aekyr":{"java":1244,"md":4,"fxml":0,"sh":0,"bat":9,"gradle":3,"txt":60}},"authorContributionVariance":{"aekyr":226208.47},"authorDisplayNameMap":{"aekyr":"CS2103T-W09-2 LOH ..UCAS"}}
