{"authorDailyContributionsMap":{"Emmanuel2001":[{"date":"2025-01-23","commitResults":[{"hash":"9c4b45bd1a235e0301fbc92a07f4c919cab89969","isMergeCommit":false,"messageTitle":"Level-0","messageBody":"","fileTypesAndContributionMap":{"java":{"insertions":11,"deletions":10},"bat":{"insertions":1,"deletions":1},"md":{"insertions":3,"deletions":3}}},{"hash":"3c78d77478a17c1089418877c12490b02eaf7688","isMergeCommit":false,"messageTitle":"Level-0","messageBody":"","tags":["Level-0"],"fileTypesAndContributionMap":{"java":{"insertions":8,"deletions":6}}},{"hash":"8eca15a257c75d043e4458cfb93a9a67e7a7d401","isMergeCommit":false,"messageTitle":"Level-0","messageBody":"","tags":["Level-1"],"fileTypesAndContributionMap":{"java":{"insertions":2,"deletions":2}}},{"hash":"3beab8c509d7828703765a2c3bd15a2c6038b837","isMergeCommit":false,"messageTitle":"Level-1","messageBody":"","tags":["Level-2"],"fileTypesAndContributionMap":{"java":{"insertions":25,"deletions":2}}},{"hash":"709ef56c7656d5b2f394e1b378536201dde0a9fc","isMergeCommit":false,"messageTitle":"Level-2","messageBody":"","tags":["Level-3"],"fileTypesAndContributionMap":{"java":{"insertions":22,"deletions":4}}},{"hash":"b57e015e6564464a0eee96642e3cb5050409e009","isMergeCommit":false,"messageTitle":"Level-3","messageBody":"","tags":["Level-4"],"fileTypesAndContributionMap":{"java":{"insertions":58,"deletions":3}}}]},{"date":"2025-01-24","commitResults":[{"hash":"562b64d33e237db96f16625708f24f409f9f8e21","isMergeCommit":false,"messageTitle":"Level-4","messageBody":"","tags":["Level-5"],"fileTypesAndContributionMap":{"java":{"insertions":120,"deletions":38}}},{"hash":"39760629bda65e71810ef061069e56acf66884c8","isMergeCommit":false,"messageTitle":"Level-5","messageBody":"","tags":["Level-6"],"fileTypesAndContributionMap":{"java":{"insertions":20,"deletions":10}}},{"hash":"966e65daf80b09129b3c625623279c3eda39cdac","isMergeCommit":false,"messageTitle":"Level-6","messageBody":"","tags":["A-TextUiTesting"],"fileTypesAndContributionMap":{"java":{"insertions":14,"deletions":0}}}]},{"date":"2025-01-29","commitResults":[{"hash":"24dc8e6dc6d7eceb8cd9b02b111c181afa311196","isMergeCommit":false,"messageTitle":"Made changes to the UI and added A-Enums","messageBody":"","tags":["A-Enums"],"fileTypesAndContributionMap":{"txt":{"insertions":0,"deletions":0},"java":{"insertions":148,"deletions":69}}}]}]},"authorFileTypeContributionMap":{"Emmanuel2001":{"java":294,"md":3,"fxml":0,"sh":0,"bat":1,"gradle":0,"txt":0}},"authorContributionVariance":{"Emmanuel2001":4849.7},"authorDisplayNameMap":{"Emmanuel2001":"CS2103T-F13-2 EMMA..HONG"}}
