[{"path":"src/main/java/Task.java","fileType":"java","lines":[{"lineNumber":1,"author":{"gitId":"yjunyeu"},"content":"public class Task {","lastModifiedDate":"2025-01-21","isFullCredit":false},{"lineNumber":2,"author":{"gitId":"yjunyeu"},"content":"    private Boolean status;","lastModifiedDate":"2025-01-21","isFullCredit":false},{"lineNumber":3,"author":{"gitId":"yjunyeu"},"content":"    private final String description;","lastModifiedDate":"2025-01-21","isFullCredit":false},{"lineNumber":4,"author":{"gitId":"yjunyeu"},"content":"","lastModifiedDate":"2025-01-21","isFullCredit":false},{"lineNumber":5,"author":{"gitId":"yjunyeu"},"content":"    Task(String description) {","lastModifiedDate":"2025-01-21","isFullCredit":false},{"lineNumber":6,"author":{"gitId":"yjunyeu"},"content":"        this.description \u003d description;","lastModifiedDate":"2025-01-21","isFullCredit":false},{"lineNumber":7,"author":{"gitId":"yjunyeu"},"content":"        this.status \u003d false;","lastModifiedDate":"2025-01-21","isFullCredit":false},{"lineNumber":8,"author":{"gitId":"yjunyeu"},"content":"    }","lastModifiedDate":"2025-01-21","isFullCredit":false},{"lineNumber":9,"author":{"gitId":"yjunyeu"},"content":"","lastModifiedDate":"2025-01-21","isFullCredit":false},{"lineNumber":10,"author":{"gitId":"yjunyeu"},"content":"    public void unmark() {","lastModifiedDate":"2025-01-21","isFullCredit":false},{"lineNumber":11,"author":{"gitId":"yjunyeu"},"content":"        this.status \u003d false;","lastModifiedDate":"2025-01-21","isFullCredit":false},{"lineNumber":12,"author":{"gitId":"yjunyeu"},"content":"    }","lastModifiedDate":"2025-01-21","isFullCredit":false},{"lineNumber":13,"author":{"gitId":"yjunyeu"},"content":"","lastModifiedDate":"2025-01-21","isFullCredit":false},{"lineNumber":14,"author":{"gitId":"yjunyeu"},"content":"    public void mark() {","lastModifiedDate":"2025-01-21","isFullCredit":false},{"lineNumber":15,"author":{"gitId":"yjunyeu"},"content":"        this.status \u003d true;","lastModifiedDate":"2025-01-21","isFullCredit":false},{"lineNumber":16,"author":{"gitId":"yjunyeu"},"content":"    }","lastModifiedDate":"2025-01-21","isFullCredit":false},{"lineNumber":17,"author":{"gitId":"yjunyeu"},"content":"","lastModifiedDate":"2025-01-21","isFullCredit":false},{"lineNumber":18,"author":{"gitId":"yjunyeu"},"content":"    @Override","lastModifiedDate":"2025-01-21","isFullCredit":false},{"lineNumber":19,"author":{"gitId":"yjunyeu"},"content":"    public String toString() {","lastModifiedDate":"2025-01-21","isFullCredit":false},{"lineNumber":20,"author":{"gitId":"yjunyeu"},"content":"        if (this.status) {","lastModifiedDate":"2025-01-21","isFullCredit":false},{"lineNumber":21,"author":{"gitId":"yjunyeu"},"content":"            return \"[X] \" + this.description;","lastModifiedDate":"2025-01-21","isFullCredit":false},{"lineNumber":22,"author":{"gitId":"yjunyeu"},"content":"        } else {","lastModifiedDate":"2025-01-21","isFullCredit":false},{"lineNumber":23,"author":{"gitId":"yjunyeu"},"content":"            return \"[ ] \" + this.description;","lastModifiedDate":"2025-01-21","isFullCredit":false},{"lineNumber":24,"author":{"gitId":"yjunyeu"},"content":"        }","lastModifiedDate":"2025-01-21","isFullCredit":false},{"lineNumber":25,"author":{"gitId":"yjunyeu"},"content":"    }","lastModifiedDate":"2025-01-21","isFullCredit":false},{"lineNumber":26,"author":{"gitId":"yjunyeu"},"content":"}","lastModifiedDate":"2025-01-21","isFullCredit":false}],"authorContributionMap":{"yjunyeu":26}},{"path":"src/main/java/Waty.java","fileType":"java","lines":[{"lineNumber":1,"author":{"gitId":"yjunyeu"},"content":"import java.util.ArrayList;","lastModifiedDate":"2025-01-21","isFullCredit":false},{"lineNumber":2,"author":{"gitId":"yjunyeu"},"content":"import java.util.Scanner;","lastModifiedDate":"2025-01-21","isFullCredit":false},{"lineNumber":3,"author":{"gitId":"yjunyeu"},"content":"public class Waty {","lastModifiedDate":"2025-01-21","isFullCredit":false},{"lineNumber":4,"author":{"gitId":"yjunyeu"},"content":"    private static ArrayList\u003cTask\u003e tasks \u003d new ArrayList\u003c\u003e();","lastModifiedDate":"2025-01-22","isFullCredit":false},{"lineNumber":5,"author":{"gitId":"yjunyeu"},"content":"","lastModifiedDate":"2025-01-22","isFullCredit":false},{"lineNumber":6,"author":{"gitId":"yjunyeu"},"content":"    private enum Command {","lastModifiedDate":"2025-01-22","isFullCredit":false},{"lineNumber":7,"author":{"gitId":"yjunyeu"},"content":"        LIST, BYE, MARK, UNMARK;","lastModifiedDate":"2025-01-22","isFullCredit":false},{"lineNumber":8,"author":{"gitId":"yjunyeu"},"content":"","lastModifiedDate":"2025-01-22","isFullCredit":false},{"lineNumber":9,"author":{"gitId":"yjunyeu"},"content":"    }","lastModifiedDate":"2025-01-22","isFullCredit":false},{"lineNumber":10,"author":{"gitId":"yjunyeu"},"content":"    private static String horizontalLineFormatter(String content) {","lastModifiedDate":"2025-01-21","isFullCredit":false},{"lineNumber":11,"author":{"gitId":"yjunyeu"},"content":"        String horizontalLine \u003d \"____________________________________________________________\\n\";","lastModifiedDate":"2025-01-21","isFullCredit":false},{"lineNumber":12,"author":{"gitId":"yjunyeu"},"content":"        return horizontalLine + content + horizontalLine;","lastModifiedDate":"2025-01-21","isFullCredit":false},{"lineNumber":13,"author":{"gitId":"yjunyeu"},"content":"    }","lastModifiedDate":"2025-01-21","isFullCredit":false},{"lineNumber":14,"author":{"gitId":"yjunyeu"},"content":"","lastModifiedDate":"2025-01-21","isFullCredit":false},{"lineNumber":15,"author":{"gitId":"yjunyeu"},"content":"    private static String listTasks() {","lastModifiedDate":"2025-01-21","isFullCredit":false},{"lineNumber":16,"author":{"gitId":"yjunyeu"},"content":"        StringBuilder listOfTasks \u003d new StringBuilder();","lastModifiedDate":"2025-01-21","isFullCredit":false},{"lineNumber":17,"author":{"gitId":"yjunyeu"},"content":"        for (int i \u003d 0; i \u003c tasks.size(); i++) {","lastModifiedDate":"2025-01-21","isFullCredit":false},{"lineNumber":18,"author":{"gitId":"yjunyeu"},"content":"            String numberedTask \u003d \" \" + String.valueOf(i + 1) + \". \" + tasks.get(i);","lastModifiedDate":"2025-01-21","isFullCredit":false},{"lineNumber":19,"author":{"gitId":"yjunyeu"},"content":"            listOfTasks.append(numberedTask);","lastModifiedDate":"2025-01-21","isFullCredit":false},{"lineNumber":20,"author":{"gitId":"yjunyeu"},"content":"        }","lastModifiedDate":"2025-01-21","isFullCredit":false},{"lineNumber":21,"author":{"gitId":"yjunyeu"},"content":"        return listOfTasks.toString();","lastModifiedDate":"2025-01-21","isFullCredit":false},{"lineNumber":22,"author":{"gitId":"yjunyeu"},"content":"    }","lastModifiedDate":"2025-01-21","isFullCredit":false},{"lineNumber":23,"author":{"gitId":"yjunyeu"},"content":"","lastModifiedDate":"2025-01-21","isFullCredit":false},{"lineNumber":24,"author":{"gitId":"yjunyeu"},"content":"    private static String addTasks(String taskDescription) {","lastModifiedDate":"2025-01-22","isFullCredit":false},{"lineNumber":25,"author":{"gitId":"yjunyeu"},"content":"        Task newTask \u003d new Task(taskDescription);","lastModifiedDate":"2025-01-22","isFullCredit":false},{"lineNumber":26,"author":{"gitId":"yjunyeu"},"content":"        tasks.add(newTask);","lastModifiedDate":"2025-01-22","isFullCredit":false},{"lineNumber":27,"author":{"gitId":"yjunyeu"},"content":"        return \" added: \" + taskDescription;","lastModifiedDate":"2025-01-22","isFullCredit":false},{"lineNumber":28,"author":{"gitId":"yjunyeu"},"content":"    }","lastModifiedDate":"2025-01-22","isFullCredit":false},{"lineNumber":29,"author":{"gitId":"yjunyeu"},"content":"","lastModifiedDate":"2025-01-22","isFullCredit":false},{"lineNumber":30,"author":{"gitId":"yjunyeu"},"content":"    private static String markTask(int index) {","lastModifiedDate":"2025-01-22","isFullCredit":false},{"lineNumber":31,"author":{"gitId":"yjunyeu"},"content":"        tasks.get(index).mark();","lastModifiedDate":"2025-01-22","isFullCredit":false},{"lineNumber":32,"author":{"gitId":"yjunyeu"},"content":"        return \" Nice! I\u0027ve marked this task as done:\\n \" + tasks.get(index);","lastModifiedDate":"2025-01-22","isFullCredit":false},{"lineNumber":33,"author":{"gitId":"yjunyeu"},"content":"    }","lastModifiedDate":"2025-01-22","isFullCredit":false},{"lineNumber":34,"author":{"gitId":"yjunyeu"},"content":"","lastModifiedDate":"2025-01-22","isFullCredit":false},{"lineNumber":35,"author":{"gitId":"yjunyeu"},"content":"    private static String unmarkTask(int index) {","lastModifiedDate":"2025-01-22","isFullCredit":false},{"lineNumber":36,"author":{"gitId":"yjunyeu"},"content":"        tasks.get(index).unmark();","lastModifiedDate":"2025-01-22","isFullCredit":false},{"lineNumber":37,"author":{"gitId":"yjunyeu"},"content":"        return \" OK, I\u0027ve marked this task as not done yet:\\n \" + tasks.get(index);","lastModifiedDate":"2025-01-22","isFullCredit":false},{"lineNumber":38,"author":{"gitId":"yjunyeu"},"content":"    }","lastModifiedDate":"2025-01-21","isFullCredit":false},{"lineNumber":39,"author":{"gitId":"yjunyeu"},"content":"    public static void main(String[] args) {","lastModifiedDate":"2025-01-21","isFullCredit":false},{"lineNumber":40,"author":{"gitId":"yjunyeu"},"content":"        String greet \u003d horizontalLineFormatter(\" Hello! I\u0027m Waty\\n\" +","lastModifiedDate":"2025-01-21","isFullCredit":false},{"lineNumber":41,"author":{"gitId":"yjunyeu"},"content":"                \" What can I do for you?\\n\");","lastModifiedDate":"2025-01-21","isFullCredit":false},{"lineNumber":42,"author":{"gitId":"yjunyeu"},"content":"        String bye \u003d horizontalLineFormatter(\" Bye. Hope to see you again soon!\\n\");","lastModifiedDate":"2025-01-21","isFullCredit":false},{"lineNumber":43,"author":{"gitId":"yjunyeu"},"content":"        System.out.println(greet);","lastModifiedDate":"2025-01-21","isFullCredit":false},{"lineNumber":44,"author":{"gitId":"yjunyeu"},"content":"        Scanner reader \u003d new Scanner(System.in);","lastModifiedDate":"2025-01-21","isFullCredit":false},{"lineNumber":45,"author":{"gitId":"yjunyeu"},"content":"","lastModifiedDate":"2025-01-22","isFullCredit":false},{"lineNumber":46,"author":{"gitId":"yjunyeu"},"content":"        while (true) {","lastModifiedDate":"2025-01-21","isFullCredit":false},{"lineNumber":47,"author":{"gitId":"yjunyeu"},"content":"            String userInput \u003d reader.nextLine() + \"\\n\";","lastModifiedDate":"2025-01-21","isFullCredit":false},{"lineNumber":48,"author":{"gitId":"yjunyeu"},"content":"            String[] split \u003d userInput.split(\"\\\\s+\");","lastModifiedDate":"2025-01-22","isFullCredit":false},{"lineNumber":49,"author":{"gitId":"yjunyeu"},"content":"            try {","lastModifiedDate":"2025-01-22","isFullCredit":false},{"lineNumber":50,"author":{"gitId":"yjunyeu"},"content":"                Command command \u003d Command.valueOf(split[0].toUpperCase());","lastModifiedDate":"2025-01-22","isFullCredit":false},{"lineNumber":51,"author":{"gitId":"yjunyeu"},"content":"","lastModifiedDate":"2025-01-22","isFullCredit":false},{"lineNumber":52,"author":{"gitId":"yjunyeu"},"content":"                switch (command) {","lastModifiedDate":"2025-01-22","isFullCredit":false},{"lineNumber":53,"author":{"gitId":"yjunyeu"},"content":"                    case BYE:","lastModifiedDate":"2025-01-22","isFullCredit":false},{"lineNumber":54,"author":{"gitId":"yjunyeu"},"content":"                        System.out.println(bye);","lastModifiedDate":"2025-01-21","isFullCredit":false},{"lineNumber":55,"author":{"gitId":"yjunyeu"},"content":"                        return;","lastModifiedDate":"2025-01-22","isFullCredit":false},{"lineNumber":56,"author":{"gitId":"yjunyeu"},"content":"                    case LIST:","lastModifiedDate":"2025-01-22","isFullCredit":false},{"lineNumber":57,"author":{"gitId":"yjunyeu"},"content":"                        String list \u003d horizontalLineFormatter(listTasks());","lastModifiedDate":"2025-01-21","isFullCredit":false},{"lineNumber":58,"author":{"gitId":"yjunyeu"},"content":"                        System.out.println(list);","lastModifiedDate":"2025-01-21","isFullCredit":false},{"lineNumber":59,"author":{"gitId":"yjunyeu"},"content":"                        break;","lastModifiedDate":"2025-01-22","isFullCredit":false},{"lineNumber":60,"author":{"gitId":"yjunyeu"},"content":"                    case MARK:","lastModifiedDate":"2025-01-22","isFullCredit":false},{"lineNumber":61,"author":{"gitId":"yjunyeu"},"content":"                        int markIndex \u003d Integer.parseInt(split[1]) - 1;","lastModifiedDate":"2025-01-22","isFullCredit":false},{"lineNumber":62,"author":{"gitId":"yjunyeu"},"content":"                        System.out.println(markTask(markIndex));","lastModifiedDate":"2025-01-22","isFullCredit":false},{"lineNumber":63,"author":{"gitId":"yjunyeu"},"content":"                        break;","lastModifiedDate":"2025-01-22","isFullCredit":false},{"lineNumber":64,"author":{"gitId":"yjunyeu"},"content":"                    case UNMARK:","lastModifiedDate":"2025-01-22","isFullCredit":false},{"lineNumber":65,"author":{"gitId":"yjunyeu"},"content":"                        int unmarkIndex \u003d Integer.parseInt(split[1]) - 1;","lastModifiedDate":"2025-01-22","isFullCredit":false},{"lineNumber":66,"author":{"gitId":"yjunyeu"},"content":"                        System.out.println(unmarkTask(unmarkIndex));","lastModifiedDate":"2025-01-22","isFullCredit":false},{"lineNumber":67,"author":{"gitId":"yjunyeu"},"content":"                        break;","lastModifiedDate":"2025-01-22","isFullCredit":false},{"lineNumber":68,"author":{"gitId":"yjunyeu"},"content":"                }","lastModifiedDate":"2025-01-22","isFullCredit":false},{"lineNumber":69,"author":{"gitId":"yjunyeu"},"content":"            } catch (IllegalArgumentException e) {","lastModifiedDate":"2025-01-22","isFullCredit":false},{"lineNumber":70,"author":{"gitId":"yjunyeu"},"content":"                String reply \u003d horizontalLineFormatter(addTasks(userInput));","lastModifiedDate":"2025-01-21","isFullCredit":false},{"lineNumber":71,"author":{"gitId":"yjunyeu"},"content":"                System.out.println(reply);","lastModifiedDate":"2025-01-21","isFullCredit":false},{"lineNumber":72,"author":{"gitId":"yjunyeu"},"content":"            }","lastModifiedDate":"2025-01-21","isFullCredit":false},{"lineNumber":73,"author":{"gitId":"yjunyeu"},"content":"","lastModifiedDate":"2025-01-22","isFullCredit":false},{"lineNumber":74,"author":{"gitId":"yjunyeu"},"content":"        }","lastModifiedDate":"2025-01-21","isFullCredit":false},{"lineNumber":75,"author":{"gitId":"yjunyeu"},"content":"    }","lastModifiedDate":"2025-01-21","isFullCredit":false},{"lineNumber":76,"author":{"gitId":"yjunyeu"},"content":"","lastModifiedDate":"2025-01-21","isFullCredit":false},{"lineNumber":77,"author":{"gitId":"yjunyeu"},"content":"}","lastModifiedDate":"2025-01-21","isFullCredit":false}],"authorContributionMap":{"yjunyeu":77}}]
