[{"path":"data/waty.txt","fileType":"txt","lines":[{"lineNumber":1,"author":{"gitId":"yjunyeu"},"content":"T | 0 | sleep","lastModifiedDate":"2025-01-27","isFullCredit":false},{"lineNumber":2,"author":{"gitId":"yjunyeu"},"content":"T | 0 | waty","lastModifiedDate":"2025-01-27","isFullCredit":false},{"lineNumber":3,"author":{"gitId":"yjunyeu"},"content":"D | 0 | return book | Sunday","lastModifiedDate":"2025-01-27","isFullCredit":false},{"lineNumber":4,"author":{"gitId":"yjunyeu"},"content":"E | 0 | project meeting | Mon 2pm-4pm","lastModifiedDate":"2025-01-27","isFullCredit":false}],"authorContributionMap":{"yjunyeu":4}},{"path":"src/main/java/Deadline.java","fileType":"java","lines":[{"lineNumber":1,"author":{"gitId":"yjunyeu"},"content":"public class Deadline extends Task{","lastModifiedDate":"2025-01-22","isFullCredit":false},{"lineNumber":2,"author":{"gitId":"yjunyeu"},"content":"    private final String by;","lastModifiedDate":"2025-01-22","isFullCredit":false},{"lineNumber":3,"author":{"gitId":"yjunyeu"},"content":"","lastModifiedDate":"2025-01-22","isFullCredit":false},{"lineNumber":4,"author":{"gitId":"yjunyeu"},"content":"    Deadline(String description, String by) {","lastModifiedDate":"2025-01-22","isFullCredit":false},{"lineNumber":5,"author":{"gitId":"yjunyeu"},"content":"        super(description);","lastModifiedDate":"2025-01-22","isFullCredit":false},{"lineNumber":6,"author":{"gitId":"yjunyeu"},"content":"        this.by \u003d by.strip();","lastModifiedDate":"2025-01-22","isFullCredit":false},{"lineNumber":7,"author":{"gitId":"yjunyeu"},"content":"    }","lastModifiedDate":"2025-01-22","isFullCredit":false},{"lineNumber":8,"author":{"gitId":"yjunyeu"},"content":"","lastModifiedDate":"2025-01-22","isFullCredit":false},{"lineNumber":9,"author":{"gitId":"yjunyeu"},"content":"    @Override","lastModifiedDate":"2025-01-27","isFullCredit":false},{"lineNumber":10,"author":{"gitId":"yjunyeu"},"content":"    public String toString() {","lastModifiedDate":"2025-01-22","isFullCredit":false},{"lineNumber":11,"author":{"gitId":"yjunyeu"},"content":"        return \"[D]\" + super.toString() + \" (by: \" + this.by + \")\";","lastModifiedDate":"2025-01-27","isFullCredit":false},{"lineNumber":12,"author":{"gitId":"yjunyeu"},"content":"    }","lastModifiedDate":"2025-01-22","isFullCredit":false},{"lineNumber":13,"author":{"gitId":"yjunyeu"},"content":"","lastModifiedDate":"2025-01-27","isFullCredit":false},{"lineNumber":14,"author":{"gitId":"yjunyeu"},"content":"    @Override","lastModifiedDate":"2025-01-27","isFullCredit":false},{"lineNumber":15,"author":{"gitId":"yjunyeu"},"content":"    public String getSaveData() {","lastModifiedDate":"2025-01-27","isFullCredit":false},{"lineNumber":16,"author":{"gitId":"yjunyeu"},"content":"        return \"D | \" + super.getSaveData() + \" | \" + this.by;","lastModifiedDate":"2025-01-27","isFullCredit":false},{"lineNumber":17,"author":{"gitId":"yjunyeu"},"content":"    }","lastModifiedDate":"2025-01-27","isFullCredit":false},{"lineNumber":18,"author":{"gitId":"yjunyeu"},"content":"","lastModifiedDate":"2025-01-27","isFullCredit":false},{"lineNumber":19,"author":{"gitId":"yjunyeu"},"content":"    public static Deadline loadTask(String[] args) {","lastModifiedDate":"2025-01-27","isFullCredit":false},{"lineNumber":20,"author":{"gitId":"yjunyeu"},"content":"        Deadline deadline  \u003d new Deadline(args[2], args[3]);","lastModifiedDate":"2025-01-27","isFullCredit":false},{"lineNumber":21,"author":{"gitId":"yjunyeu"},"content":"        if (args[1].equals(\"1\")) {","lastModifiedDate":"2025-01-27","isFullCredit":false},{"lineNumber":22,"author":{"gitId":"yjunyeu"},"content":"            deadline.mark();","lastModifiedDate":"2025-01-27","isFullCredit":false},{"lineNumber":23,"author":{"gitId":"yjunyeu"},"content":"        }","lastModifiedDate":"2025-01-27","isFullCredit":false},{"lineNumber":24,"author":{"gitId":"yjunyeu"},"content":"        return deadline;","lastModifiedDate":"2025-01-27","isFullCredit":false},{"lineNumber":25,"author":{"gitId":"yjunyeu"},"content":"    }","lastModifiedDate":"2025-01-27","isFullCredit":false},{"lineNumber":26,"author":{"gitId":"yjunyeu"},"content":"}","lastModifiedDate":"2025-01-22","isFullCredit":false}],"authorContributionMap":{"yjunyeu":26}},{"path":"src/main/java/Event.java","fileType":"java","lines":[{"lineNumber":1,"author":{"gitId":"yjunyeu"},"content":"public class Event extends Task{","lastModifiedDate":"2025-01-22","isFullCredit":false},{"lineNumber":2,"author":{"gitId":"yjunyeu"},"content":"    private final String from;","lastModifiedDate":"2025-01-22","isFullCredit":false},{"lineNumber":3,"author":{"gitId":"yjunyeu"},"content":"    private final String to;","lastModifiedDate":"2025-01-22","isFullCredit":false},{"lineNumber":4,"author":{"gitId":"yjunyeu"},"content":"","lastModifiedDate":"2025-01-22","isFullCredit":false},{"lineNumber":5,"author":{"gitId":"yjunyeu"},"content":"    Event(String description, String from, String to) {","lastModifiedDate":"2025-01-22","isFullCredit":false},{"lineNumber":6,"author":{"gitId":"yjunyeu"},"content":"        super(description);","lastModifiedDate":"2025-01-22","isFullCredit":false},{"lineNumber":7,"author":{"gitId":"yjunyeu"},"content":"        this.from \u003d from;","lastModifiedDate":"2025-01-22","isFullCredit":false},{"lineNumber":8,"author":{"gitId":"yjunyeu"},"content":"        this.to \u003d to.strip();","lastModifiedDate":"2025-01-22","isFullCredit":false},{"lineNumber":9,"author":{"gitId":"yjunyeu"},"content":"    }","lastModifiedDate":"2025-01-22","isFullCredit":false},{"lineNumber":10,"author":{"gitId":"yjunyeu"},"content":"","lastModifiedDate":"2025-01-22","isFullCredit":false},{"lineNumber":11,"author":{"gitId":"yjunyeu"},"content":"    @Override","lastModifiedDate":"2025-01-22","isFullCredit":false},{"lineNumber":12,"author":{"gitId":"yjunyeu"},"content":"    public String toString() {","lastModifiedDate":"2025-01-22","isFullCredit":false},{"lineNumber":13,"author":{"gitId":"yjunyeu"},"content":"        return \"[E]\" + super.toString() + \" (from: \" + this.from + \" to: \" + this.to + \")\";","lastModifiedDate":"2025-01-27","isFullCredit":false},{"lineNumber":14,"author":{"gitId":"yjunyeu"},"content":"    }","lastModifiedDate":"2025-01-22","isFullCredit":false},{"lineNumber":15,"author":{"gitId":"yjunyeu"},"content":"","lastModifiedDate":"2025-01-27","isFullCredit":false},{"lineNumber":16,"author":{"gitId":"yjunyeu"},"content":"    @Override","lastModifiedDate":"2025-01-27","isFullCredit":false},{"lineNumber":17,"author":{"gitId":"yjunyeu"},"content":"    public String getSaveData() {","lastModifiedDate":"2025-01-27","isFullCredit":false},{"lineNumber":18,"author":{"gitId":"yjunyeu"},"content":"        return \"E | \" + super.getSaveData() + \" | \" + this.from + \"-\" + this.to;","lastModifiedDate":"2025-01-27","isFullCredit":false},{"lineNumber":19,"author":{"gitId":"yjunyeu"},"content":"    }","lastModifiedDate":"2025-01-27","isFullCredit":false},{"lineNumber":20,"author":{"gitId":"yjunyeu"},"content":"    public static Event loadTask(String[] args) {","lastModifiedDate":"2025-01-27","isFullCredit":false},{"lineNumber":21,"author":{"gitId":"yjunyeu"},"content":"        String[] period \u003d args[3].split(\"-\");","lastModifiedDate":"2025-01-27","isFullCredit":false},{"lineNumber":22,"author":{"gitId":"yjunyeu"},"content":"        Event event  \u003d new Event(args[2], period[0], period[1]);","lastModifiedDate":"2025-01-27","isFullCredit":false},{"lineNumber":23,"author":{"gitId":"yjunyeu"},"content":"        if (args[1].equals(\"1\")) {","lastModifiedDate":"2025-01-27","isFullCredit":false},{"lineNumber":24,"author":{"gitId":"yjunyeu"},"content":"            event.mark();","lastModifiedDate":"2025-01-27","isFullCredit":false},{"lineNumber":25,"author":{"gitId":"yjunyeu"},"content":"        }","lastModifiedDate":"2025-01-27","isFullCredit":false},{"lineNumber":26,"author":{"gitId":"yjunyeu"},"content":"        return event;","lastModifiedDate":"2025-01-27","isFullCredit":false},{"lineNumber":27,"author":{"gitId":"yjunyeu"},"content":"    }","lastModifiedDate":"2025-01-27","isFullCredit":false},{"lineNumber":28,"author":{"gitId":"yjunyeu"},"content":"}","lastModifiedDate":"2025-01-22","isFullCredit":false}],"authorContributionMap":{"yjunyeu":28}},{"path":"src/main/java/Task.java","fileType":"java","lines":[{"lineNumber":1,"author":{"gitId":"yjunyeu"},"content":"abstract class Task {","lastModifiedDate":"2025-01-22","isFullCredit":false},{"lineNumber":2,"author":{"gitId":"yjunyeu"},"content":"    private boolean status;","lastModifiedDate":"2025-01-27","isFullCredit":false},{"lineNumber":3,"author":{"gitId":"yjunyeu"},"content":"    private final String description;","lastModifiedDate":"2025-01-21","isFullCredit":false},{"lineNumber":4,"author":{"gitId":"yjunyeu"},"content":"","lastModifiedDate":"2025-01-21","isFullCredit":false},{"lineNumber":5,"author":{"gitId":"yjunyeu"},"content":"    Task(String description) {","lastModifiedDate":"2025-01-21","isFullCredit":false},{"lineNumber":6,"author":{"gitId":"yjunyeu"},"content":"        this.description \u003d description;","lastModifiedDate":"2025-01-21","isFullCredit":false},{"lineNumber":7,"author":{"gitId":"yjunyeu"},"content":"        this.status \u003d false;","lastModifiedDate":"2025-01-21","isFullCredit":false},{"lineNumber":8,"author":{"gitId":"yjunyeu"},"content":"    }","lastModifiedDate":"2025-01-21","isFullCredit":false},{"lineNumber":9,"author":{"gitId":"yjunyeu"},"content":"","lastModifiedDate":"2025-01-21","isFullCredit":false},{"lineNumber":10,"author":{"gitId":"yjunyeu"},"content":"    public void unmark() {","lastModifiedDate":"2025-01-21","isFullCredit":false},{"lineNumber":11,"author":{"gitId":"yjunyeu"},"content":"        this.status \u003d false;","lastModifiedDate":"2025-01-21","isFullCredit":false},{"lineNumber":12,"author":{"gitId":"yjunyeu"},"content":"    }","lastModifiedDate":"2025-01-21","isFullCredit":false},{"lineNumber":13,"author":{"gitId":"yjunyeu"},"content":"","lastModifiedDate":"2025-01-21","isFullCredit":false},{"lineNumber":14,"author":{"gitId":"yjunyeu"},"content":"    public void mark() {","lastModifiedDate":"2025-01-21","isFullCredit":false},{"lineNumber":15,"author":{"gitId":"yjunyeu"},"content":"        this.status \u003d true;","lastModifiedDate":"2025-01-21","isFullCredit":false},{"lineNumber":16,"author":{"gitId":"yjunyeu"},"content":"    }","lastModifiedDate":"2025-01-21","isFullCredit":false},{"lineNumber":17,"author":{"gitId":"yjunyeu"},"content":"","lastModifiedDate":"2025-01-21","isFullCredit":false},{"lineNumber":18,"author":{"gitId":"yjunyeu"},"content":"    public String getSaveData() {","lastModifiedDate":"2025-01-27","isFullCredit":false},{"lineNumber":19,"author":{"gitId":"yjunyeu"},"content":"        return (this.status ? \"1 | \" : \"0 | \") + this.description;","lastModifiedDate":"2025-01-27","isFullCredit":false},{"lineNumber":20,"author":{"gitId":"yjunyeu"},"content":"    }","lastModifiedDate":"2025-01-27","isFullCredit":false},{"lineNumber":21,"author":{"gitId":"yjunyeu"},"content":"","lastModifiedDate":"2025-01-27","isFullCredit":false},{"lineNumber":22,"author":{"gitId":"yjunyeu"},"content":"    public static Task loadTask(String[] args) throws IllegalArgumentException {","lastModifiedDate":"2025-01-27","isFullCredit":false},{"lineNumber":23,"author":{"gitId":"yjunyeu"},"content":"        throw new UnsupportedOperationException(\"Cannot load a abstract Task\");","lastModifiedDate":"2025-01-27","isFullCredit":false},{"lineNumber":24,"author":{"gitId":"yjunyeu"},"content":"    }","lastModifiedDate":"2025-01-27","isFullCredit":false},{"lineNumber":25,"author":{"gitId":"yjunyeu"},"content":"","lastModifiedDate":"2025-01-27","isFullCredit":false},{"lineNumber":26,"author":{"gitId":"yjunyeu"},"content":"    @Override","lastModifiedDate":"2025-01-21","isFullCredit":false},{"lineNumber":27,"author":{"gitId":"yjunyeu"},"content":"    public String toString() {","lastModifiedDate":"2025-01-21","isFullCredit":false},{"lineNumber":28,"author":{"gitId":"yjunyeu"},"content":"        if (this.status) {","lastModifiedDate":"2025-01-21","isFullCredit":false},{"lineNumber":29,"author":{"gitId":"yjunyeu"},"content":"            return \"[X] \" + this.description;","lastModifiedDate":"2025-01-21","isFullCredit":false},{"lineNumber":30,"author":{"gitId":"yjunyeu"},"content":"        } else {","lastModifiedDate":"2025-01-21","isFullCredit":false},{"lineNumber":31,"author":{"gitId":"yjunyeu"},"content":"            return \"[ ] \" + this.description;","lastModifiedDate":"2025-01-21","isFullCredit":false},{"lineNumber":32,"author":{"gitId":"yjunyeu"},"content":"        }","lastModifiedDate":"2025-01-21","isFullCredit":false},{"lineNumber":33,"author":{"gitId":"yjunyeu"},"content":"    }","lastModifiedDate":"2025-01-21","isFullCredit":false},{"lineNumber":34,"author":{"gitId":"yjunyeu"},"content":"}","lastModifiedDate":"2025-01-21","isFullCredit":false}],"authorContributionMap":{"yjunyeu":34}},{"path":"src/main/java/ToDo.java","fileType":"java","lines":[{"lineNumber":1,"author":{"gitId":"yjunyeu"},"content":"public class ToDo extends Task {","lastModifiedDate":"2025-01-22","isFullCredit":false},{"lineNumber":2,"author":{"gitId":"yjunyeu"},"content":"    ToDo(String description) {","lastModifiedDate":"2025-01-22","isFullCredit":false},{"lineNumber":3,"author":{"gitId":"yjunyeu"},"content":"        super(description);","lastModifiedDate":"2025-01-22","isFullCredit":false},{"lineNumber":4,"author":{"gitId":"yjunyeu"},"content":"    }","lastModifiedDate":"2025-01-22","isFullCredit":false},{"lineNumber":5,"author":{"gitId":"yjunyeu"},"content":"","lastModifiedDate":"2025-01-22","isFullCredit":false},{"lineNumber":6,"author":{"gitId":"yjunyeu"},"content":"    @Override","lastModifiedDate":"2025-01-22","isFullCredit":false},{"lineNumber":7,"author":{"gitId":"yjunyeu"},"content":"    public String toString() {","lastModifiedDate":"2025-01-22","isFullCredit":false},{"lineNumber":8,"author":{"gitId":"yjunyeu"},"content":"        return \"[T]\" + super.toString();","lastModifiedDate":"2025-01-22","isFullCredit":false},{"lineNumber":9,"author":{"gitId":"yjunyeu"},"content":"    }","lastModifiedDate":"2025-01-22","isFullCredit":false},{"lineNumber":10,"author":{"gitId":"yjunyeu"},"content":"","lastModifiedDate":"2025-01-27","isFullCredit":false},{"lineNumber":11,"author":{"gitId":"yjunyeu"},"content":"    @Override","lastModifiedDate":"2025-01-27","isFullCredit":false},{"lineNumber":12,"author":{"gitId":"yjunyeu"},"content":"    public String getSaveData() {","lastModifiedDate":"2025-01-27","isFullCredit":false},{"lineNumber":13,"author":{"gitId":"yjunyeu"},"content":"        return \"T | \" + super.getSaveData();","lastModifiedDate":"2025-01-27","isFullCredit":false},{"lineNumber":14,"author":{"gitId":"yjunyeu"},"content":"    }","lastModifiedDate":"2025-01-27","isFullCredit":false},{"lineNumber":15,"author":{"gitId":"yjunyeu"},"content":"","lastModifiedDate":"2025-01-27","isFullCredit":false},{"lineNumber":16,"author":{"gitId":"yjunyeu"},"content":"    public static ToDo loadTask(String[] args) {","lastModifiedDate":"2025-01-27","isFullCredit":false},{"lineNumber":17,"author":{"gitId":"yjunyeu"},"content":"        ToDo todo  \u003d new ToDo(args[2]);","lastModifiedDate":"2025-01-27","isFullCredit":false},{"lineNumber":18,"author":{"gitId":"yjunyeu"},"content":"        if (args[1].equals(\"1\")) {","lastModifiedDate":"2025-01-27","isFullCredit":false},{"lineNumber":19,"author":{"gitId":"yjunyeu"},"content":"            todo.mark();","lastModifiedDate":"2025-01-27","isFullCredit":false},{"lineNumber":20,"author":{"gitId":"yjunyeu"},"content":"        }","lastModifiedDate":"2025-01-27","isFullCredit":false},{"lineNumber":21,"author":{"gitId":"yjunyeu"},"content":"        return todo;","lastModifiedDate":"2025-01-27","isFullCredit":false},{"lineNumber":22,"author":{"gitId":"yjunyeu"},"content":"    }","lastModifiedDate":"2025-01-27","isFullCredit":false},{"lineNumber":23,"author":{"gitId":"yjunyeu"},"content":"}","lastModifiedDate":"2025-01-22","isFullCredit":false}],"authorContributionMap":{"yjunyeu":23}},{"path":"src/main/java/Waty.java","fileType":"java","lines":[{"lineNumber":1,"author":{"gitId":"yjunyeu"},"content":"import java.io.FileNotFoundException;","lastModifiedDate":"2025-01-27","isFullCredit":false},{"lineNumber":2,"author":{"gitId":"yjunyeu"},"content":"import java.nio.file.*;","lastModifiedDate":"2025-01-27","isFullCredit":false},{"lineNumber":3,"author":{"gitId":"yjunyeu"},"content":"import java.util.ArrayList;","lastModifiedDate":"2025-01-21","isFullCredit":false},{"lineNumber":4,"author":{"gitId":"yjunyeu"},"content":"import java.util.Scanner;","lastModifiedDate":"2025-01-21","isFullCredit":false},{"lineNumber":5,"author":{"gitId":"yjunyeu"},"content":"import java.io.FileWriter;","lastModifiedDate":"2025-01-27","isFullCredit":false},{"lineNumber":6,"author":{"gitId":"yjunyeu"},"content":"import java.io.File;","lastModifiedDate":"2025-01-27","isFullCredit":false},{"lineNumber":7,"author":{"gitId":"yjunyeu"},"content":"import java.io.IOException;","lastModifiedDate":"2025-01-27","isFullCredit":false},{"lineNumber":8,"author":{"gitId":"yjunyeu"},"content":"import exceptions.InvalidArgumentException;","lastModifiedDate":"2025-01-22","isFullCredit":false},{"lineNumber":9,"author":{"gitId":"yjunyeu"},"content":"import exceptions.InvalidCommandException;","lastModifiedDate":"2025-01-22","isFullCredit":false},{"lineNumber":10,"author":{"gitId":"yjunyeu"},"content":"public class Waty {","lastModifiedDate":"2025-01-21","isFullCredit":false},{"lineNumber":11,"author":{"gitId":"yjunyeu"},"content":"    private static ArrayList\u003cTask\u003e tasks \u003d new ArrayList\u003c\u003e();","lastModifiedDate":"2025-01-22","isFullCredit":false},{"lineNumber":12,"author":{"gitId":"yjunyeu"},"content":"    private static final Path STORAGE_DIR \u003d Paths.get(System.getProperty(\"user.dir\"),  \"data\");","lastModifiedDate":"2025-01-27","isFullCredit":false},{"lineNumber":13,"author":{"gitId":"yjunyeu"},"content":"    private static final Path STORAGE_FILE \u003d STORAGE_DIR.resolve(\"waty.txt\");","lastModifiedDate":"2025-01-27","isFullCredit":false},{"lineNumber":14,"author":{"gitId":"yjunyeu"},"content":"","lastModifiedDate":"2025-01-22","isFullCredit":false},{"lineNumber":15,"author":{"gitId":"yjunyeu"},"content":"    private enum Command {","lastModifiedDate":"2025-01-22","isFullCredit":false},{"lineNumber":16,"author":{"gitId":"yjunyeu"},"content":"        LIST, BYE, MARK, UNMARK, TODO, DEADLINE, EVENT, DELETE;","lastModifiedDate":"2025-01-22","isFullCredit":false},{"lineNumber":17,"author":{"gitId":"yjunyeu"},"content":"","lastModifiedDate":"2025-01-22","isFullCredit":false},{"lineNumber":18,"author":{"gitId":"yjunyeu"},"content":"    }","lastModifiedDate":"2025-01-22","isFullCredit":false},{"lineNumber":19,"author":{"gitId":"yjunyeu"},"content":"    private static String horizontalLineFormatter(String content) {","lastModifiedDate":"2025-01-21","isFullCredit":false},{"lineNumber":20,"author":{"gitId":"yjunyeu"},"content":"        String horizontalLine \u003d \"____________________________________________________________\\n\";","lastModifiedDate":"2025-01-21","isFullCredit":false},{"lineNumber":21,"author":{"gitId":"yjunyeu"},"content":"        return horizontalLine + content + horizontalLine;","lastModifiedDate":"2025-01-21","isFullCredit":false},{"lineNumber":22,"author":{"gitId":"yjunyeu"},"content":"    }","lastModifiedDate":"2025-01-21","isFullCredit":false},{"lineNumber":23,"author":{"gitId":"yjunyeu"},"content":"","lastModifiedDate":"2025-01-21","isFullCredit":false},{"lineNumber":24,"author":{"gitId":"yjunyeu"},"content":"    private static String bye() {","lastModifiedDate":"2025-01-22","isFullCredit":false},{"lineNumber":25,"author":{"gitId":"yjunyeu"},"content":"        return \" Bye. Hope to see you again soon!\\n\";","lastModifiedDate":"2025-01-22","isFullCredit":false},{"lineNumber":26,"author":{"gitId":"yjunyeu"},"content":"    }","lastModifiedDate":"2025-01-22","isFullCredit":false},{"lineNumber":27,"author":{"gitId":"yjunyeu"},"content":"","lastModifiedDate":"2025-01-22","isFullCredit":false},{"lineNumber":28,"author":{"gitId":"yjunyeu"},"content":"    private static String listTasks() {","lastModifiedDate":"2025-01-21","isFullCredit":false},{"lineNumber":29,"author":{"gitId":"yjunyeu"},"content":"        StringBuilder listOfTasks \u003d new StringBuilder(\" Here are the tasks in your list:\\n\");","lastModifiedDate":"2025-01-22","isFullCredit":false},{"lineNumber":30,"author":{"gitId":"yjunyeu"},"content":"        for (int i \u003d 0; i \u003c tasks.size(); i++) {","lastModifiedDate":"2025-01-21","isFullCredit":false},{"lineNumber":31,"author":{"gitId":"yjunyeu"},"content":"            String numberedTask \u003d \" \" + String.valueOf(i + 1) + \". \" + tasks.get(i) + \"\\n\";","lastModifiedDate":"2025-01-27","isFullCredit":false},{"lineNumber":32,"author":{"gitId":"yjunyeu"},"content":"            listOfTasks.append(numberedTask);","lastModifiedDate":"2025-01-21","isFullCredit":false},{"lineNumber":33,"author":{"gitId":"yjunyeu"},"content":"        }","lastModifiedDate":"2025-01-21","isFullCredit":false},{"lineNumber":34,"author":{"gitId":"yjunyeu"},"content":"        return listOfTasks.toString();","lastModifiedDate":"2025-01-21","isFullCredit":false},{"lineNumber":35,"author":{"gitId":"yjunyeu"},"content":"    }","lastModifiedDate":"2025-01-21","isFullCredit":false},{"lineNumber":36,"author":{"gitId":"yjunyeu"},"content":"","lastModifiedDate":"2025-01-21","isFullCredit":false},{"lineNumber":37,"author":{"gitId":"yjunyeu"},"content":"    private static String markTask(int index) {","lastModifiedDate":"2025-01-22","isFullCredit":false},{"lineNumber":38,"author":{"gitId":"yjunyeu"},"content":"        tasks.get(index).mark();","lastModifiedDate":"2025-01-22","isFullCredit":false},{"lineNumber":39,"author":{"gitId":"yjunyeu"},"content":"        return \" Nice! I\u0027ve marked this task as done:\\n \" + tasks.get(index);","lastModifiedDate":"2025-01-22","isFullCredit":false},{"lineNumber":40,"author":{"gitId":"yjunyeu"},"content":"    }","lastModifiedDate":"2025-01-22","isFullCredit":false},{"lineNumber":41,"author":{"gitId":"yjunyeu"},"content":"","lastModifiedDate":"2025-01-22","isFullCredit":false},{"lineNumber":42,"author":{"gitId":"yjunyeu"},"content":"    private static String unmarkTask(int index) {","lastModifiedDate":"2025-01-22","isFullCredit":false},{"lineNumber":43,"author":{"gitId":"yjunyeu"},"content":"        tasks.get(index).unmark();","lastModifiedDate":"2025-01-22","isFullCredit":false},{"lineNumber":44,"author":{"gitId":"yjunyeu"},"content":"        return \" OK, I\u0027ve marked this task as not done yet:\\n \" + tasks.get(index);","lastModifiedDate":"2025-01-22","isFullCredit":false},{"lineNumber":45,"author":{"gitId":"yjunyeu"},"content":"    }","lastModifiedDate":"2025-01-21","isFullCredit":false},{"lineNumber":46,"author":{"gitId":"yjunyeu"},"content":"","lastModifiedDate":"2025-01-22","isFullCredit":false},{"lineNumber":47,"author":{"gitId":"yjunyeu"},"content":"    private static void setupStorage() {","lastModifiedDate":"2025-01-27","isFullCredit":false},{"lineNumber":48,"author":{"gitId":"yjunyeu"},"content":"        try {","lastModifiedDate":"2025-01-27","isFullCredit":false},{"lineNumber":49,"author":{"gitId":"yjunyeu"},"content":"            if (!Files.exists(STORAGE_DIR)) {","lastModifiedDate":"2025-01-27","isFullCredit":false},{"lineNumber":50,"author":{"gitId":"yjunyeu"},"content":"                Files.createDirectories(STORAGE_DIR);","lastModifiedDate":"2025-01-27","isFullCredit":false},{"lineNumber":51,"author":{"gitId":"yjunyeu"},"content":"            }","lastModifiedDate":"2025-01-27","isFullCredit":false},{"lineNumber":52,"author":{"gitId":"yjunyeu"},"content":"            if (!Files.exists(STORAGE_FILE)) {","lastModifiedDate":"2025-01-27","isFullCredit":false},{"lineNumber":53,"author":{"gitId":"yjunyeu"},"content":"                Files.createFile(STORAGE_FILE);","lastModifiedDate":"2025-01-27","isFullCredit":false},{"lineNumber":54,"author":{"gitId":"yjunyeu"},"content":"            }","lastModifiedDate":"2025-01-27","isFullCredit":false},{"lineNumber":55,"author":{"gitId":"yjunyeu"},"content":"        } catch (IOException e) {","lastModifiedDate":"2025-01-27","isFullCredit":false},{"lineNumber":56,"author":{"gitId":"yjunyeu"},"content":"            System.out.println(\"An error occurred while setting up storage: \" + e.getMessage());","lastModifiedDate":"2025-01-27","isFullCredit":false},{"lineNumber":57,"author":{"gitId":"yjunyeu"},"content":"        }","lastModifiedDate":"2025-01-27","isFullCredit":false},{"lineNumber":58,"author":{"gitId":"yjunyeu"},"content":"    }","lastModifiedDate":"2025-01-27","isFullCredit":false},{"lineNumber":59,"author":{"gitId":"yjunyeu"},"content":"","lastModifiedDate":"2025-01-27","isFullCredit":false},{"lineNumber":60,"author":{"gitId":"yjunyeu"},"content":"    private static void saveTasks() {","lastModifiedDate":"2025-01-27","isFullCredit":false},{"lineNumber":61,"author":{"gitId":"yjunyeu"},"content":"        try {","lastModifiedDate":"2025-01-27","isFullCredit":false},{"lineNumber":62,"author":{"gitId":"yjunyeu"},"content":"            FileWriter storageWriter \u003d new FileWriter(STORAGE_FILE.toFile());","lastModifiedDate":"2025-01-27","isFullCredit":false},{"lineNumber":63,"author":{"gitId":"yjunyeu"},"content":"            for (Task task: tasks) {","lastModifiedDate":"2025-01-27","isFullCredit":false},{"lineNumber":64,"author":{"gitId":"yjunyeu"},"content":"                storageWriter.write(task.getSaveData() + \"\\n\");","lastModifiedDate":"2025-01-27","isFullCredit":false},{"lineNumber":65,"author":{"gitId":"yjunyeu"},"content":"            }","lastModifiedDate":"2025-01-27","isFullCredit":false},{"lineNumber":66,"author":{"gitId":"yjunyeu"},"content":"            storageWriter.close();","lastModifiedDate":"2025-01-27","isFullCredit":false},{"lineNumber":67,"author":{"gitId":"yjunyeu"},"content":"        } catch (IOException e) {","lastModifiedDate":"2025-01-27","isFullCredit":false},{"lineNumber":68,"author":{"gitId":"yjunyeu"},"content":"            System.out.println(\"An error occurred when saving tasks\");","lastModifiedDate":"2025-01-27","isFullCredit":false},{"lineNumber":69,"author":{"gitId":"yjunyeu"},"content":"            e.printStackTrace();","lastModifiedDate":"2025-01-27","isFullCredit":false},{"lineNumber":70,"author":{"gitId":"yjunyeu"},"content":"        }","lastModifiedDate":"2025-01-27","isFullCredit":false},{"lineNumber":71,"author":{"gitId":"yjunyeu"},"content":"    }","lastModifiedDate":"2025-01-27","isFullCredit":false},{"lineNumber":72,"author":{"gitId":"yjunyeu"},"content":"","lastModifiedDate":"2025-01-27","isFullCredit":false},{"lineNumber":73,"author":{"gitId":"yjunyeu"},"content":"    private static void loadTasks() {","lastModifiedDate":"2025-01-27","isFullCredit":false},{"lineNumber":74,"author":{"gitId":"yjunyeu"},"content":"        setupStorage();","lastModifiedDate":"2025-01-27","isFullCredit":false},{"lineNumber":75,"author":{"gitId":"yjunyeu"},"content":"        try {","lastModifiedDate":"2025-01-27","isFullCredit":false},{"lineNumber":76,"author":{"gitId":"yjunyeu"},"content":"            Scanner storageReader \u003d new Scanner(STORAGE_FILE.toFile());","lastModifiedDate":"2025-01-27","isFullCredit":false},{"lineNumber":77,"author":{"gitId":"yjunyeu"},"content":"            while (storageReader.hasNextLine()) {","lastModifiedDate":"2025-01-27","isFullCredit":false},{"lineNumber":78,"author":{"gitId":"yjunyeu"},"content":"                String data \u003d storageReader.nextLine();","lastModifiedDate":"2025-01-27","isFullCredit":false},{"lineNumber":79,"author":{"gitId":"yjunyeu"},"content":"                System.out.println(data);","lastModifiedDate":"2025-01-27","isFullCredit":false},{"lineNumber":80,"author":{"gitId":"yjunyeu"},"content":"                String[] args \u003d data.split(\" \\\\| \");","lastModifiedDate":"2025-01-27","isFullCredit":false},{"lineNumber":81,"author":{"gitId":"yjunyeu"},"content":"                String type \u003d args[0].trim();","lastModifiedDate":"2025-01-27","isFullCredit":false},{"lineNumber":82,"author":{"gitId":"yjunyeu"},"content":"                System.out.println(type);","lastModifiedDate":"2025-01-27","isFullCredit":false},{"lineNumber":83,"author":{"gitId":"yjunyeu"},"content":"                for (int i \u003d 0; i \u003c type.length(); i++) {","lastModifiedDate":"2025-01-27","isFullCredit":false},{"lineNumber":84,"author":{"gitId":"yjunyeu"},"content":"                    System.out.println(\"Char: \" + type.charAt(i) + \" ASCII: \" + (int) type.charAt(i));","lastModifiedDate":"2025-01-27","isFullCredit":false},{"lineNumber":85,"author":{"gitId":"yjunyeu"},"content":"                }","lastModifiedDate":"2025-01-27","isFullCredit":false},{"lineNumber":86,"author":{"gitId":"yjunyeu"},"content":"                if (type.equals(\"T\")) {","lastModifiedDate":"2025-01-27","isFullCredit":false},{"lineNumber":87,"author":{"gitId":"yjunyeu"},"content":"                    tasks.add(ToDo.loadTask(args));","lastModifiedDate":"2025-01-27","isFullCredit":false},{"lineNumber":88,"author":{"gitId":"yjunyeu"},"content":"                } else if (type.equals(\"D\")) {","lastModifiedDate":"2025-01-27","isFullCredit":false},{"lineNumber":89,"author":{"gitId":"yjunyeu"},"content":"                    tasks.add(Deadline.loadTask(args));","lastModifiedDate":"2025-01-27","isFullCredit":false},{"lineNumber":90,"author":{"gitId":"yjunyeu"},"content":"                } else if (type.equals(\"E\")) {","lastModifiedDate":"2025-01-27","isFullCredit":false},{"lineNumber":91,"author":{"gitId":"yjunyeu"},"content":"                    tasks.add(Event.loadTask(args));","lastModifiedDate":"2025-01-27","isFullCredit":false},{"lineNumber":92,"author":{"gitId":"yjunyeu"},"content":"                }","lastModifiedDate":"2025-01-27","isFullCredit":false},{"lineNumber":93,"author":{"gitId":"yjunyeu"},"content":"            }","lastModifiedDate":"2025-01-27","isFullCredit":false},{"lineNumber":94,"author":{"gitId":"yjunyeu"},"content":"            storageReader.close();","lastModifiedDate":"2025-01-27","isFullCredit":false},{"lineNumber":95,"author":{"gitId":"yjunyeu"},"content":"        } catch (FileNotFoundException e) {","lastModifiedDate":"2025-01-27","isFullCredit":false},{"lineNumber":96,"author":{"gitId":"yjunyeu"},"content":"            System.out.println(\"No saved task found. Welcome!\");","lastModifiedDate":"2025-01-27","isFullCredit":false},{"lineNumber":97,"author":{"gitId":"yjunyeu"},"content":"        } catch (Exception e) {","lastModifiedDate":"2025-01-27","isFullCredit":false},{"lineNumber":98,"author":{"gitId":"yjunyeu"},"content":"            System.out.println(\"Error occurred when loading tasks\");","lastModifiedDate":"2025-01-27","isFullCredit":false},{"lineNumber":99,"author":{"gitId":"yjunyeu"},"content":"            e.printStackTrace();","lastModifiedDate":"2025-01-27","isFullCredit":false},{"lineNumber":100,"author":{"gitId":"yjunyeu"},"content":"        }","lastModifiedDate":"2025-01-27","isFullCredit":false},{"lineNumber":101,"author":{"gitId":"yjunyeu"},"content":"    }","lastModifiedDate":"2025-01-27","isFullCredit":false},{"lineNumber":102,"author":{"gitId":"yjunyeu"},"content":"","lastModifiedDate":"2025-01-27","isFullCredit":false},{"lineNumber":103,"author":{"gitId":"yjunyeu"},"content":"    private static String addToDo(String taskDescription) {","lastModifiedDate":"2025-01-22","isFullCredit":false},{"lineNumber":104,"author":{"gitId":"yjunyeu"},"content":"        ToDo newToDo \u003d new ToDo(taskDescription);","lastModifiedDate":"2025-01-22","isFullCredit":false},{"lineNumber":105,"author":{"gitId":"yjunyeu"},"content":"        tasks.add(newToDo);","lastModifiedDate":"2025-01-22","isFullCredit":false},{"lineNumber":106,"author":{"gitId":"yjunyeu"},"content":"        return \" Got it. I\u0027ve added this task:\\n\" + \" \" + newToDo.toString() + \"\\n\" + \" Now you have \" +","lastModifiedDate":"2025-01-27","isFullCredit":false},{"lineNumber":107,"author":{"gitId":"yjunyeu"},"content":"                String.valueOf(tasks.size()) + \" tasks in the list.\\n\";","lastModifiedDate":"2025-01-22","isFullCredit":false},{"lineNumber":108,"author":{"gitId":"yjunyeu"},"content":"    }","lastModifiedDate":"2025-01-22","isFullCredit":false},{"lineNumber":109,"author":{"gitId":"yjunyeu"},"content":"","lastModifiedDate":"2025-01-22","isFullCredit":false},{"lineNumber":110,"author":{"gitId":"yjunyeu"},"content":"    private static String addDeadline(String taskDescription, String by) {","lastModifiedDate":"2025-01-22","isFullCredit":false},{"lineNumber":111,"author":{"gitId":"yjunyeu"},"content":"        Deadline newDeadline \u003d new Deadline(taskDescription, by);","lastModifiedDate":"2025-01-22","isFullCredit":false},{"lineNumber":112,"author":{"gitId":"yjunyeu"},"content":"        tasks.add(newDeadline);","lastModifiedDate":"2025-01-22","isFullCredit":false},{"lineNumber":113,"author":{"gitId":"yjunyeu"},"content":"        return \" Got it. I\u0027ve added this task:\\n\" + \" \" + newDeadline.toString() + \"\\n\" + \" Now you have \" +","lastModifiedDate":"2025-01-27","isFullCredit":false},{"lineNumber":114,"author":{"gitId":"yjunyeu"},"content":"                String.valueOf(tasks.size()) + \" tasks in the list.\\n\";","lastModifiedDate":"2025-01-22","isFullCredit":false},{"lineNumber":115,"author":{"gitId":"yjunyeu"},"content":"    }","lastModifiedDate":"2025-01-22","isFullCredit":false},{"lineNumber":116,"author":{"gitId":"yjunyeu"},"content":"","lastModifiedDate":"2025-01-22","isFullCredit":false},{"lineNumber":117,"author":{"gitId":"yjunyeu"},"content":"    private static String addEvent(String taskDescription, String from, String to) {","lastModifiedDate":"2025-01-22","isFullCredit":false},{"lineNumber":118,"author":{"gitId":"yjunyeu"},"content":"        Event newEvent \u003d new Event(taskDescription, from, to);","lastModifiedDate":"2025-01-22","isFullCredit":false},{"lineNumber":119,"author":{"gitId":"yjunyeu"},"content":"        tasks.add(newEvent);","lastModifiedDate":"2025-01-22","isFullCredit":false},{"lineNumber":120,"author":{"gitId":"yjunyeu"},"content":"        return \" Got it. I\u0027ve added this task:\\n\" + \" \" + newEvent.toString() + \"\\n\" + \" Now you have \" +","lastModifiedDate":"2025-01-27","isFullCredit":false},{"lineNumber":121,"author":{"gitId":"yjunyeu"},"content":"                String.valueOf(tasks.size()) + \" tasks in the list.\\n\";","lastModifiedDate":"2025-01-22","isFullCredit":false},{"lineNumber":122,"author":{"gitId":"yjunyeu"},"content":"    }","lastModifiedDate":"2025-01-22","isFullCredit":false},{"lineNumber":123,"author":{"gitId":"yjunyeu"},"content":"","lastModifiedDate":"2025-01-22","isFullCredit":false},{"lineNumber":124,"author":{"gitId":"yjunyeu"},"content":"    private static String deleteTask(int index) {","lastModifiedDate":"2025-01-22","isFullCredit":false},{"lineNumber":125,"author":{"gitId":"yjunyeu"},"content":"        String deleteTaskDescription \u003d tasks.get(index).toString();","lastModifiedDate":"2025-01-22","isFullCredit":false},{"lineNumber":126,"author":{"gitId":"yjunyeu"},"content":"        tasks.remove(index);","lastModifiedDate":"2025-01-22","isFullCredit":false},{"lineNumber":127,"author":{"gitId":"yjunyeu"},"content":"        return \" Noted. I\u0027ve removed this task:\\n\" + \" \" + deleteTaskDescription + \"\\n\" + \" Now you have \" +","lastModifiedDate":"2025-01-27","isFullCredit":false},{"lineNumber":128,"author":{"gitId":"yjunyeu"},"content":"                String.valueOf(tasks.size()) + \" tasks in the list.\\n\";","lastModifiedDate":"2025-01-22","isFullCredit":false},{"lineNumber":129,"author":{"gitId":"yjunyeu"},"content":"    }","lastModifiedDate":"2025-01-22","isFullCredit":false},{"lineNumber":130,"author":{"gitId":"yjunyeu"},"content":"","lastModifiedDate":"2025-01-22","isFullCredit":false},{"lineNumber":131,"author":{"gitId":"yjunyeu"},"content":"    private static boolean handleCommand(String[] split) throws InvalidArgumentException, InvalidCommandException {","lastModifiedDate":"2025-01-27","isFullCredit":false},{"lineNumber":132,"author":{"gitId":"yjunyeu"},"content":"        try {","lastModifiedDate":"2025-01-22","isFullCredit":false},{"lineNumber":133,"author":{"gitId":"yjunyeu"},"content":"            Command command \u003d Command.valueOf(split[0].toUpperCase());","lastModifiedDate":"2025-01-22","isFullCredit":false},{"lineNumber":134,"author":{"gitId":"yjunyeu"},"content":"            switch (command) {","lastModifiedDate":"2025-01-22","isFullCredit":false},{"lineNumber":135,"author":{"gitId":"yjunyeu"},"content":"                case BYE:","lastModifiedDate":"2025-01-22","isFullCredit":false},{"lineNumber":136,"author":{"gitId":"yjunyeu"},"content":"                    saveTasks();","lastModifiedDate":"2025-01-27","isFullCredit":false},{"lineNumber":137,"author":{"gitId":"yjunyeu"},"content":"                    System.out.println(horizontalLineFormatter(bye()));","lastModifiedDate":"2025-01-22","isFullCredit":false},{"lineNumber":138,"author":{"gitId":"yjunyeu"},"content":"                    return false;","lastModifiedDate":"2025-01-27","isFullCredit":false},{"lineNumber":139,"author":{"gitId":"yjunyeu"},"content":"                case LIST:","lastModifiedDate":"2025-01-22","isFullCredit":false},{"lineNumber":140,"author":{"gitId":"yjunyeu"},"content":"                    String list \u003d horizontalLineFormatter(listTasks());","lastModifiedDate":"2025-01-21","isFullCredit":false},{"lineNumber":141,"author":{"gitId":"yjunyeu"},"content":"                    System.out.println(list);","lastModifiedDate":"2025-01-21","isFullCredit":false},{"lineNumber":142,"author":{"gitId":"yjunyeu"},"content":"                    break;","lastModifiedDate":"2025-01-22","isFullCredit":false},{"lineNumber":143,"author":{"gitId":"yjunyeu"},"content":"                case MARK:","lastModifiedDate":"2025-01-22","isFullCredit":false},{"lineNumber":144,"author":{"gitId":"yjunyeu"},"content":"                    if (split.length \u003c 2) {","lastModifiedDate":"2025-01-22","isFullCredit":false},{"lineNumber":145,"author":{"gitId":"yjunyeu"},"content":"                        throw new InvalidArgumentException(\"Example usage: mark 1\\n\");","lastModifiedDate":"2025-01-22","isFullCredit":false},{"lineNumber":146,"author":{"gitId":"yjunyeu"},"content":"                    }","lastModifiedDate":"2025-01-22","isFullCredit":false},{"lineNumber":147,"author":{"gitId":"yjunyeu"},"content":"                    int markIndex \u003d Integer.parseInt(split[1].strip()) - 1;","lastModifiedDate":"2025-01-22","isFullCredit":false},{"lineNumber":148,"author":{"gitId":"yjunyeu"},"content":"                    String markStatus \u003d markTask(markIndex) + \"\\n\";","lastModifiedDate":"2025-01-27","isFullCredit":false},{"lineNumber":149,"author":{"gitId":"yjunyeu"},"content":"                    System.out.println(horizontalLineFormatter(markStatus));","lastModifiedDate":"2025-01-22","isFullCredit":false},{"lineNumber":150,"author":{"gitId":"yjunyeu"},"content":"                    break;","lastModifiedDate":"2025-01-22","isFullCredit":false},{"lineNumber":151,"author":{"gitId":"yjunyeu"},"content":"                case UNMARK:","lastModifiedDate":"2025-01-22","isFullCredit":false},{"lineNumber":152,"author":{"gitId":"yjunyeu"},"content":"                    if (split.length \u003c 2) {","lastModifiedDate":"2025-01-22","isFullCredit":false},{"lineNumber":153,"author":{"gitId":"yjunyeu"},"content":"                        throw new InvalidArgumentException(\"Example usage: unmark 1\\n\");","lastModifiedDate":"2025-01-22","isFullCredit":false},{"lineNumber":154,"author":{"gitId":"yjunyeu"},"content":"                    }","lastModifiedDate":"2025-01-22","isFullCredit":false},{"lineNumber":155,"author":{"gitId":"yjunyeu"},"content":"                    int unmarkIndex \u003d Integer.parseInt(split[1].strip()) - 1;","lastModifiedDate":"2025-01-22","isFullCredit":false},{"lineNumber":156,"author":{"gitId":"yjunyeu"},"content":"                    String unmarkStatus \u003d unmarkTask(unmarkIndex) + \"\\n\";","lastModifiedDate":"2025-01-27","isFullCredit":false},{"lineNumber":157,"author":{"gitId":"yjunyeu"},"content":"                    System.out.println(horizontalLineFormatter(unmarkStatus));","lastModifiedDate":"2025-01-22","isFullCredit":false},{"lineNumber":158,"author":{"gitId":"yjunyeu"},"content":"                    break;","lastModifiedDate":"2025-01-22","isFullCredit":false},{"lineNumber":159,"author":{"gitId":"yjunyeu"},"content":"                case TODO:","lastModifiedDate":"2025-01-22","isFullCredit":false},{"lineNumber":160,"author":{"gitId":"yjunyeu"},"content":"                    if (split.length \u003c 2 || split[1].trim().isEmpty()) {","lastModifiedDate":"2025-01-22","isFullCredit":false},{"lineNumber":161,"author":{"gitId":"yjunyeu"},"content":"                        throw new InvalidArgumentException(\"The description of a todo cannot be empty.\\n\");","lastModifiedDate":"2025-01-22","isFullCredit":false},{"lineNumber":162,"author":{"gitId":"yjunyeu"},"content":"                    }","lastModifiedDate":"2025-01-22","isFullCredit":false},{"lineNumber":163,"author":{"gitId":"yjunyeu"},"content":"                    String taskDescription \u003d split[1].strip();","lastModifiedDate":"2025-01-27","isFullCredit":false},{"lineNumber":164,"author":{"gitId":"yjunyeu"},"content":"                    String taskStatus \u003d addToDo(taskDescription);","lastModifiedDate":"2025-01-22","isFullCredit":false},{"lineNumber":165,"author":{"gitId":"yjunyeu"},"content":"                    System.out.println(horizontalLineFormatter(taskStatus));","lastModifiedDate":"2025-01-22","isFullCredit":false},{"lineNumber":166,"author":{"gitId":"yjunyeu"},"content":"                    break;","lastModifiedDate":"2025-01-22","isFullCredit":false},{"lineNumber":167,"author":{"gitId":"yjunyeu"},"content":"                case DEADLINE:","lastModifiedDate":"2025-01-22","isFullCredit":false},{"lineNumber":168,"author":{"gitId":"yjunyeu"},"content":"                    if (split.length \u003c 2 || !split[1].contains(\"/by\"))","lastModifiedDate":"2025-01-22","isFullCredit":false},{"lineNumber":169,"author":{"gitId":"yjunyeu"},"content":"                        throw new InvalidArgumentException(","lastModifiedDate":"2025-01-22","isFullCredit":false},{"lineNumber":170,"author":{"gitId":"yjunyeu"},"content":"                                \"The deadline task must include a description and a \u0027/by\u0027 argument.\\n\");","lastModifiedDate":"2025-01-22","isFullCredit":false},{"lineNumber":171,"author":{"gitId":"yjunyeu"},"content":"                    String[] deadlineSplit \u003d split[1].split(\" /by\", 2);","lastModifiedDate":"2025-01-22","isFullCredit":false},{"lineNumber":172,"author":{"gitId":"yjunyeu"},"content":"                    String deadlineStatus \u003d addDeadline(deadlineSplit[0].strip(), deadlineSplit[1].strip());","lastModifiedDate":"2025-01-27","isFullCredit":false},{"lineNumber":173,"author":{"gitId":"yjunyeu"},"content":"                    System.out.println(horizontalLineFormatter(deadlineStatus));","lastModifiedDate":"2025-01-22","isFullCredit":false},{"lineNumber":174,"author":{"gitId":"yjunyeu"},"content":"                    break;","lastModifiedDate":"2025-01-22","isFullCredit":false},{"lineNumber":175,"author":{"gitId":"yjunyeu"},"content":"                case EVENT:","lastModifiedDate":"2025-01-22","isFullCredit":false},{"lineNumber":176,"author":{"gitId":"yjunyeu"},"content":"                    if (split.length \u003c 2 || !split[1].contains(\"/from\") || !split[1].contains(\"/to\"))","lastModifiedDate":"2025-01-22","isFullCredit":false},{"lineNumber":177,"author":{"gitId":"yjunyeu"},"content":"                        throw new InvalidArgumentException(","lastModifiedDate":"2025-01-22","isFullCredit":false},{"lineNumber":178,"author":{"gitId":"yjunyeu"},"content":"                                \"The event task must include a description, a \u0027/from\u0027 argument, and a \u0027/to\u0027 argument.\\n\");","lastModifiedDate":"2025-01-22","isFullCredit":false},{"lineNumber":179,"author":{"gitId":"yjunyeu"},"content":"                    String[] eventSplit \u003d split[1].split(\" /from \", 2);","lastModifiedDate":"2025-01-22","isFullCredit":false},{"lineNumber":180,"author":{"gitId":"yjunyeu"},"content":"                    String[] timeSplit \u003d eventSplit[1].split(\" /to\", 2);","lastModifiedDate":"2025-01-22","isFullCredit":false},{"lineNumber":181,"author":{"gitId":"yjunyeu"},"content":"                    String eventStatus \u003d addEvent(eventSplit[0].strip(), timeSplit[0].strip(), timeSplit[1].strip());","lastModifiedDate":"2025-01-27","isFullCredit":false},{"lineNumber":182,"author":{"gitId":"yjunyeu"},"content":"                    System.out.println(horizontalLineFormatter(eventStatus));","lastModifiedDate":"2025-01-22","isFullCredit":false},{"lineNumber":183,"author":{"gitId":"yjunyeu"},"content":"                    break;","lastModifiedDate":"2025-01-22","isFullCredit":false},{"lineNumber":184,"author":{"gitId":"yjunyeu"},"content":"                case DELETE:","lastModifiedDate":"2025-01-22","isFullCredit":false},{"lineNumber":185,"author":{"gitId":"yjunyeu"},"content":"                    if (split.length \u003c 2) {","lastModifiedDate":"2025-01-22","isFullCredit":false},{"lineNumber":186,"author":{"gitId":"yjunyeu"},"content":"                        throw new InvalidArgumentException(\"Example usage: delete 1\\n\");","lastModifiedDate":"2025-01-22","isFullCredit":false},{"lineNumber":187,"author":{"gitId":"yjunyeu"},"content":"                    }","lastModifiedDate":"2025-01-22","isFullCredit":false},{"lineNumber":188,"author":{"gitId":"yjunyeu"},"content":"                    int deleteIndex \u003d Integer.parseInt(split[1].strip()) - 1;","lastModifiedDate":"2025-01-22","isFullCredit":false},{"lineNumber":189,"author":{"gitId":"yjunyeu"},"content":"                    String deleteStatus \u003d deleteTask(deleteIndex);","lastModifiedDate":"2025-01-22","isFullCredit":false},{"lineNumber":190,"author":{"gitId":"yjunyeu"},"content":"                    System.out.println(horizontalLineFormatter(deleteStatus));","lastModifiedDate":"2025-01-22","isFullCredit":false},{"lineNumber":191,"author":{"gitId":"yjunyeu"},"content":"                    break;","lastModifiedDate":"2025-01-22","isFullCredit":false},{"lineNumber":192,"author":{"gitId":"yjunyeu"},"content":"            }","lastModifiedDate":"2025-01-22","isFullCredit":false},{"lineNumber":193,"author":{"gitId":"yjunyeu"},"content":"        } catch (IllegalArgumentException e) {","lastModifiedDate":"2025-01-22","isFullCredit":false},{"lineNumber":194,"author":{"gitId":"yjunyeu"},"content":"            throw new InvalidCommandException(\"OOPS!!! What do you mean???\\n\");","lastModifiedDate":"2025-01-22","isFullCredit":false},{"lineNumber":195,"author":{"gitId":"yjunyeu"},"content":"        }","lastModifiedDate":"2025-01-22","isFullCredit":false},{"lineNumber":196,"author":{"gitId":"yjunyeu"},"content":"        return true;","lastModifiedDate":"2025-01-27","isFullCredit":false},{"lineNumber":197,"author":{"gitId":"yjunyeu"},"content":"    }","lastModifiedDate":"2025-01-22","isFullCredit":false},{"lineNumber":198,"author":{"gitId":"yjunyeu"},"content":"    public static void main(String[] args) {","lastModifiedDate":"2025-01-22","isFullCredit":false},{"lineNumber":199,"author":{"gitId":"yjunyeu"},"content":"        loadTasks();","lastModifiedDate":"2025-01-27","isFullCredit":false},{"lineNumber":200,"author":{"gitId":"yjunyeu"},"content":"        String greet \u003d horizontalLineFormatter(\"\"\"","lastModifiedDate":"2025-01-22","isFullCredit":false},{"lineNumber":201,"author":{"gitId":"yjunyeu"},"content":"                 Hello! I\u0027m Waty","lastModifiedDate":"2025-01-22","isFullCredit":false},{"lineNumber":202,"author":{"gitId":"yjunyeu"},"content":"                 What can I do for you?","lastModifiedDate":"2025-01-22","isFullCredit":false},{"lineNumber":203,"author":{"gitId":"yjunyeu"},"content":"                \"\"\");","lastModifiedDate":"2025-01-22","isFullCredit":false},{"lineNumber":204,"author":{"gitId":"yjunyeu"},"content":"        System.out.println(greet);","lastModifiedDate":"2025-01-22","isFullCredit":false},{"lineNumber":205,"author":{"gitId":"yjunyeu"},"content":"        Scanner reader \u003d new Scanner(System.in);","lastModifiedDate":"2025-01-22","isFullCredit":false},{"lineNumber":206,"author":{"gitId":"yjunyeu"},"content":"        boolean running \u003d true;","lastModifiedDate":"2025-01-27","isFullCredit":false},{"lineNumber":207,"author":{"gitId":"yjunyeu"},"content":"","lastModifiedDate":"2025-01-22","isFullCredit":false},{"lineNumber":208,"author":{"gitId":"yjunyeu"},"content":"        while (running) {","lastModifiedDate":"2025-01-27","isFullCredit":false},{"lineNumber":209,"author":{"gitId":"yjunyeu"},"content":"            String userInput \u003d reader.nextLine() + \"\\n\";","lastModifiedDate":"2025-01-22","isFullCredit":false},{"lineNumber":210,"author":{"gitId":"yjunyeu"},"content":"            String[] split \u003d userInput.split(\"\\\\s+\", 2);","lastModifiedDate":"2025-01-22","isFullCredit":false},{"lineNumber":211,"author":{"gitId":"yjunyeu"},"content":"            try {","lastModifiedDate":"2025-01-22","isFullCredit":false},{"lineNumber":212,"author":{"gitId":"yjunyeu"},"content":"                running \u003d handleCommand(split);","lastModifiedDate":"2025-01-27","isFullCredit":false},{"lineNumber":213,"author":{"gitId":"yjunyeu"},"content":"            } catch (InvalidArgumentException | InvalidCommandException e) {","lastModifiedDate":"2025-01-22","isFullCredit":false},{"lineNumber":214,"author":{"gitId":"yjunyeu"},"content":"                System.out.println(horizontalLineFormatter(e.getMessage()));","lastModifiedDate":"2025-01-22","isFullCredit":false},{"lineNumber":215,"author":{"gitId":"yjunyeu"},"content":"            } catch (Exception e) {","lastModifiedDate":"2025-01-22","isFullCredit":false},{"lineNumber":216,"author":{"gitId":"yjunyeu"},"content":"                System.out.println(\"ERRORRRRR!!! THIS IS WEIRD\");","lastModifiedDate":"2025-01-22","isFullCredit":false},{"lineNumber":217,"author":{"gitId":"yjunyeu"},"content":"            }","lastModifiedDate":"2025-01-21","isFullCredit":false},{"lineNumber":218,"author":{"gitId":"yjunyeu"},"content":"","lastModifiedDate":"2025-01-22","isFullCredit":false},{"lineNumber":219,"author":{"gitId":"yjunyeu"},"content":"        }","lastModifiedDate":"2025-01-21","isFullCredit":false},{"lineNumber":220,"author":{"gitId":"yjunyeu"},"content":"    }","lastModifiedDate":"2025-01-21","isFullCredit":false},{"lineNumber":221,"author":{"gitId":"yjunyeu"},"content":"","lastModifiedDate":"2025-01-21","isFullCredit":false},{"lineNumber":222,"author":{"gitId":"yjunyeu"},"content":"}","lastModifiedDate":"2025-01-21","isFullCredit":false}],"authorContributionMap":{"yjunyeu":222}},{"path":"src/main/java/exceptions/InvalidArgumentException.java","fileType":"java","lines":[{"lineNumber":1,"author":{"gitId":"yjunyeu"},"content":"package exceptions;","lastModifiedDate":"2025-01-22","isFullCredit":false},{"lineNumber":2,"author":{"gitId":"yjunyeu"},"content":"","lastModifiedDate":"2025-01-22","isFullCredit":false},{"lineNumber":3,"author":{"gitId":"yjunyeu"},"content":"public class InvalidArgumentException extends Exception{","lastModifiedDate":"2025-01-22","isFullCredit":false},{"lineNumber":4,"author":{"gitId":"yjunyeu"},"content":"    public InvalidArgumentException(String message) {","lastModifiedDate":"2025-01-22","isFullCredit":false},{"lineNumber":5,"author":{"gitId":"yjunyeu"},"content":"        super(message);","lastModifiedDate":"2025-01-22","isFullCredit":false},{"lineNumber":6,"author":{"gitId":"yjunyeu"},"content":"    }","lastModifiedDate":"2025-01-22","isFullCredit":false},{"lineNumber":7,"author":{"gitId":"yjunyeu"},"content":"}","lastModifiedDate":"2025-01-22","isFullCredit":false}],"authorContributionMap":{"yjunyeu":7}},{"path":"src/main/java/exceptions/InvalidCommandException.java","fileType":"java","lines":[{"lineNumber":1,"author":{"gitId":"yjunyeu"},"content":"package exceptions;","lastModifiedDate":"2025-01-22","isFullCredit":false},{"lineNumber":2,"author":{"gitId":"yjunyeu"},"content":"","lastModifiedDate":"2025-01-22","isFullCredit":false},{"lineNumber":3,"author":{"gitId":"yjunyeu"},"content":"public class InvalidCommandException extends Exception{","lastModifiedDate":"2025-01-22","isFullCredit":false},{"lineNumber":4,"author":{"gitId":"yjunyeu"},"content":"    public InvalidCommandException(String message) {","lastModifiedDate":"2025-01-22","isFullCredit":false},{"lineNumber":5,"author":{"gitId":"yjunyeu"},"content":"        super(message);","lastModifiedDate":"2025-01-22","isFullCredit":false},{"lineNumber":6,"author":{"gitId":"yjunyeu"},"content":"    }","lastModifiedDate":"2025-01-22","isFullCredit":false},{"lineNumber":7,"author":{"gitId":"yjunyeu"},"content":"}","lastModifiedDate":"2025-01-22","isFullCredit":false}],"authorContributionMap":{"yjunyeu":7}},{"path":"text-ui-test/input.txt","fileType":"txt","lines":[{"lineNumber":1,"author":{"gitId":"yjunyeu"},"content":"todo borrow book","lastModifiedDate":"2025-01-22","isFullCredit":false},{"lineNumber":2,"author":{"gitId":"yjunyeu"},"content":"deadline return book /by Sunday","lastModifiedDate":"2025-01-22","isFullCredit":false},{"lineNumber":3,"author":{"gitId":"yjunyeu"},"content":"event project meeting /from Mon 2pm /to 4pm","lastModifiedDate":"2025-01-22","isFullCredit":false},{"lineNumber":4,"author":{"gitId":"yjunyeu"},"content":"list","lastModifiedDate":"2025-01-27","isFullCredit":false},{"lineNumber":5,"author":{"gitId":"yjunyeu"},"content":"mark 1","lastModifiedDate":"2025-01-22","isFullCredit":false},{"lineNumber":6,"author":{"gitId":"yjunyeu"},"content":"unmark 2","lastModifiedDate":"2025-01-22","isFullCredit":false},{"lineNumber":7,"author":{"gitId":"yjunyeu"},"content":"delete 3","lastModifiedDate":"2025-01-27","isFullCredit":false},{"lineNumber":8,"author":{"gitId":"yjunyeu"},"content":"list","lastModifiedDate":"2025-01-22","isFullCredit":false},{"lineNumber":9,"author":{"gitId":"yjunyeu"},"content":"bye","lastModifiedDate":"2025-01-22","isFullCredit":false}],"authorContributionMap":{"yjunyeu":9}},{"path":"text-ui-test/runtest.bat","fileType":"bat","lines":[{"lineNumber":1,"author":{"gitId":"-"},"content":"@ECHO OFF","lastModifiedDate":"2020-05-25","isFullCredit":false},{"lineNumber":2,"author":{"gitId":"-"},"content":"","lastModifiedDate":"2020-05-25","isFullCredit":false},{"lineNumber":3,"author":{"gitId":"-"},"content":"REM create bin directory if it doesn\u0027t exist","lastModifiedDate":"2020-05-25","isFullCredit":false},{"lineNumber":4,"author":{"gitId":"-"},"content":"if not exist ..\\bin mkdir ..\\bin","lastModifiedDate":"2020-05-25","isFullCredit":false},{"lineNumber":5,"author":{"gitId":"-"},"content":"","lastModifiedDate":"2020-05-25","isFullCredit":false},{"lineNumber":6,"author":{"gitId":"-"},"content":"REM delete output from previous run","lastModifiedDate":"2020-05-25","isFullCredit":false},{"lineNumber":7,"author":{"gitId":"-"},"content":"if exist ACTUAL.TXT del ACTUAL.TXT","lastModifiedDate":"2020-08-25","isFullCredit":false},{"lineNumber":8,"author":{"gitId":"-"},"content":"","lastModifiedDate":"2020-05-25","isFullCredit":false},{"lineNumber":9,"author":{"gitId":"-"},"content":"REM compile the code into the bin folder","lastModifiedDate":"2020-05-25","isFullCredit":false},{"lineNumber":10,"author":{"gitId":"-"},"content":"javac  -cp ..\\src\\main\\java -Xlint:none -d ..\\bin ..\\src\\main\\java\\*.java","lastModifiedDate":"2020-08-25","isFullCredit":false},{"lineNumber":11,"author":{"gitId":"-"},"content":"IF ERRORLEVEL 1 (","lastModifiedDate":"2020-05-25","isFullCredit":false},{"lineNumber":12,"author":{"gitId":"-"},"content":"    echo ********** BUILD FAILURE **********","lastModifiedDate":"2020-05-25","isFullCredit":false},{"lineNumber":13,"author":{"gitId":"-"},"content":"    exit /b 1","lastModifiedDate":"2020-05-25","isFullCredit":false},{"lineNumber":14,"author":{"gitId":"-"},"content":")","lastModifiedDate":"2020-05-25","isFullCredit":false},{"lineNumber":15,"author":{"gitId":"-"},"content":"REM no error here, errorlevel \u003d\u003d 0","lastModifiedDate":"2020-05-25","isFullCredit":false},{"lineNumber":16,"author":{"gitId":"-"},"content":"","lastModifiedDate":"2020-05-25","isFullCredit":false},{"lineNumber":17,"author":{"gitId":"-"},"content":"REM run the program, feed commands from input.txt file and redirect the output to the ACTUAL.TXT","lastModifiedDate":"2020-05-25","isFullCredit":false},{"lineNumber":18,"author":{"gitId":"yjunyeu"},"content":"java -classpath ..\\bin Waty \u003c input.txt \u003e ACTUAL.TXT","lastModifiedDate":"2025-01-22","isFullCredit":false},{"lineNumber":19,"author":{"gitId":"-"},"content":"","lastModifiedDate":"2020-05-25","isFullCredit":false},{"lineNumber":20,"author":{"gitId":"-"},"content":"REM compare the output to the expected output","lastModifiedDate":"2020-05-25","isFullCredit":false},{"lineNumber":21,"author":{"gitId":"-"},"content":"FC ACTUAL.TXT EXPECTED.TXT","lastModifiedDate":"2020-05-25","isFullCredit":false}],"authorContributionMap":{"yjunyeu":1,"-":20}}]
