{"authorDailyContributionsMap":{"yuqing-tham":[{"date":"2025-01-20","commitResults":[{"hash":"143666c202814ae788b3b9b5139cd6c23fa8999e","isMergeCommit":false,"messageTitle":"Add package UNIverse, Enter, Exit and UNIverse classes","messageBody":"","tags":["Level-0"],"fileTypesAndContributionMap":{"java":{"insertions":32,"deletions":10}}},{"hash":"ac55939250b856829e2cccdd89161406f2a8a218","isMergeCommit":false,"messageTitle":"Add interaction functionality and new greetings","messageBody":"","tags":["Level-1"],"fileTypesAndContributionMap":{"java":{"insertions":38,"deletions":6}}}]},{"date":"2025-01-21","commitResults":[{"hash":"40ce528a4f6f7a9752a98fc32919e69b55b6909e","isMergeCommit":false,"messageTitle":"Add comments","messageBody":"","fileTypesAndContributionMap":{"java":{"insertions":29,"deletions":3}}},{"hash":"3ece493b8b3a8021f47e8664c8c9cea2f3aea499","isMergeCommit":false,"messageTitle":"Add Checklist function","messageBody":"","tags":["Level-2"],"fileTypesAndContributionMap":{"java":{"insertions":37,"deletions":6}}}]},{"date":"2025-01-22","commitResults":[{"hash":"f5a956079224a2d41be57fc21fae7ea6df4359cb","isMergeCommit":false,"messageTitle":"Add Chore class and Mark Chore as Done function","messageBody":"","tags":["Level-3"],"fileTypesAndContributionMap":{"java":{"insertions":74,"deletions":9}}},{"hash":"6d14e5a0cf068d8756b1f354bce57a8d17a15149","isMergeCommit":false,"messageTitle":"Add todo, deadline and event functionality","messageBody":"","fileTypesAndContributionMap":{"java":{"insertions":108,"deletions":1}}},{"hash":"6ad186a701c9f58a0acb84da0fa2bd8caa8fe889","isMergeCommit":false,"messageTitle":"Edit commands","messageBody":"","tags":["Level-4"],"fileTypesAndContributionMap":{"java":{"insertions":4,"deletions":4}}},{"hash":"6db1131736e125ce3cb746f4e2cf29c90557c356","isMergeCommit":false,"messageTitle":"Add Automated Text UI Testing","messageBody":"","tags":["A-TextUiTesting"],"fileTypesAndContributionMap":{"txt":{"insertions":9,"deletions":0},"bat":{"insertions":2,"deletions":2}}}]},{"date":"2025-01-23","commitResults":[{"hash":"9a4a0f55de697ab193e1a8aa2d76b2d0a2b2dfcd","isMergeCommit":false,"messageTitle":"Add exceptions","messageBody":"","tags":["Level-5"],"fileTypesAndContributionMap":{"java":{"insertions":120,"deletions":27}}},{"hash":"9aadb9a12be1e7892c8d65715703335002718a75","isMergeCommit":false,"messageTitle":"Add Delete Chore function","messageBody":"","tags":["Level-6"],"fileTypesAndContributionMap":{"java":{"insertions":17,"deletions":0}}},{"hash":"4ff5d5b30a55193430abde358763ace00e41eeb2","isMergeCommit":false,"messageTitle":"Add previously uncaught Exceptions","messageBody":"","fileTypesAndContributionMap":{"java":{"insertions":80,"deletions":14}}}]},{"date":"2025-01-26","commitResults":[{"hash":"27b352c6d84b5a7a012bf16b19bf354c3408b533","isMergeCommit":false,"messageTitle":"Rename package and class to comply with coding standard","messageBody":"","fileTypesAndContributionMap":{"java":{"insertions":65,"deletions":67},"bat":{"insertions":2,"deletions":2}}},{"hash":"623357165826705b2028b0b4a0fde61c4d21e73f","isMergeCommit":false,"messageTitle":"Reformat switch indentation","messageBody":"","fileTypesAndContributionMap":{"java":{"insertions":23,"deletions":23}}},{"hash":"acf7b6a8f780452a73f60cef83507ae92551dba7","isMergeCommit":false,"messageTitle":"Fix formatting issues","messageBody":"","fileTypesAndContributionMap":{"java":{"insertions":11,"deletions":10}}},{"hash":"22102e951a1a8e7a2dcf9eb555b3316473f1bdef","isMergeCommit":false,"messageTitle":"Chore class: Add newline after print chore","messageBody":"","fileTypesAndContributionMap":{"java":{"insertions":2,"deletions":2}}},{"hash":"5aa2a69683bd1486e1c3edcf46cc157d49477fcf","isMergeCommit":false,"messageTitle":"Update Ui Testing","messageBody":"","fileTypesAndContributionMap":{"txt":{"insertions":14,"deletions":0},"java":{"insertions":7,"deletions":7}}},{"hash":"6b8cc58d92ca8d386cbbe95f668188b94defc06f","isMergeCommit":false,"messageTitle":"Add read and save to file functionality","messageBody":"","fileTypesAndContributionMap":{"txt":{"insertions":2,"deletions":0},"java":{"insertions":143,"deletions":9}}},{"hash":"000c05e198abe6b51a5d75f633952732e51a3d5f","isMergeCommit":true,"messageTitle":"Merge Level 7 from branch-Level-7","messageBody":"","fileTypesAndContributionMap":{}},{"hash":"f0c5ef55783b4bcf9aa7603322fd3177ee586445","isMergeCommit":false,"messageTitle":"Handle file does not exist","messageBody":"","tags":["Level-7"],"fileTypesAndContributionMap":{"txt":{"insertions":1,"deletions":2},"java":{"insertions":11,"deletions":3}}}]},{"date":"2025-01-27","commitResults":[{"hash":"f45299513c25213d0832b2391cf2f9197010fb97","isMergeCommit":false,"messageTitle":"Read deadline date as LocalDate","messageBody":"","fileTypesAndContributionMap":{"java":{"insertions":27,"deletions":6}}},{"hash":"73f3f432249cb1c89fd8e7520f8932554d564cf4","isMergeCommit":false,"messageTitle":"Handle DateTimeParseException","messageBody":"","fileTypesAndContributionMap":{"txt":{"insertions":1,"deletions":0},"java":{"insertions":10,"deletions":3}}},{"hash":"e180580e9489f5e414b18c7ffac37c1a8680a102","isMergeCommit":false,"messageTitle":"Fix deadline and event date/time formatting","messageBody":"","fileTypesAndContributionMap":{"txt":{"insertions":3,"deletions":5},"java":{"insertions":81,"deletions":29}}},{"hash":"3f8fa1fba8a69df12186b15649ec0a6b81e7094a","isMergeCommit":false,"messageTitle":"Add filter date function","messageBody":"","fileTypesAndContributionMap":{"txt":{"insertions":3,"deletions":0},"java":{"insertions":63,"deletions":3}}},{"hash":"4c100fecfa3468b5ed4a156ff0b7ea95558006b2","isMergeCommit":true,"messageTitle":"Merge Level 8 from branch-Level-8","messageBody":"","tags":["Level-8"],"fileTypesAndContributionMap":{}}]}]},"authorFileTypeContributionMap":{"yuqing-tham":{"java":750,"md":0,"fxml":0,"sh":0,"bat":2,"gradle":0,"txt":26}},"authorContributionVariance":{"yuqing-tham":14147.668},"authorDisplayNameMap":{"yuqing-tham":"CS2103T-T12-2 THAM..QING"}}
