{"authorDailyContributionsMap":{"yuqing-tham":[{"date":"2025-01-20","commitResults":[{"hash":"143666c202814ae788b3b9b5139cd6c23fa8999e","isMergeCommit":false,"messageTitle":"Add package UNIverse, Enter, Exit and UNIverse classes","messageBody":"","tags":["Level-0"],"fileTypesAndContributionMap":{"java":{"insertions":32,"deletions":10}}},{"hash":"ac55939250b856829e2cccdd89161406f2a8a218","isMergeCommit":false,"messageTitle":"Add interaction functionality and new greetings","messageBody":"","tags":["Level-1"],"fileTypesAndContributionMap":{"java":{"insertions":38,"deletions":6}}}]},{"date":"2025-01-21","commitResults":[{"hash":"40ce528a4f6f7a9752a98fc32919e69b55b6909e","isMergeCommit":false,"messageTitle":"Add comments","messageBody":"","fileTypesAndContributionMap":{"java":{"insertions":29,"deletions":3}}},{"hash":"3ece493b8b3a8021f47e8664c8c9cea2f3aea499","isMergeCommit":false,"messageTitle":"Add Checklist function","messageBody":"","tags":["Level-2"],"fileTypesAndContributionMap":{"java":{"insertions":37,"deletions":6}}}]},{"date":"2025-01-22","commitResults":[{"hash":"f5a956079224a2d41be57fc21fae7ea6df4359cb","isMergeCommit":false,"messageTitle":"Add Chore class and Mark Chore as Done function","messageBody":"","tags":["Level-3"],"fileTypesAndContributionMap":{"java":{"insertions":74,"deletions":9}}},{"hash":"6d14e5a0cf068d8756b1f354bce57a8d17a15149","isMergeCommit":false,"messageTitle":"Add todo, deadline and event functionality","messageBody":"","fileTypesAndContributionMap":{"java":{"insertions":108,"deletions":1}}},{"hash":"6ad186a701c9f58a0acb84da0fa2bd8caa8fe889","isMergeCommit":false,"messageTitle":"Edit commands","messageBody":"","tags":["Level-4"],"fileTypesAndContributionMap":{"java":{"insertions":4,"deletions":4}}},{"hash":"6db1131736e125ce3cb746f4e2cf29c90557c356","isMergeCommit":false,"messageTitle":"Add Automated Text UI Testing","messageBody":"","tags":["A-TextUiTesting"],"fileTypesAndContributionMap":{"txt":{"insertions":9,"deletions":0},"bat":{"insertions":2,"deletions":2}}}]},{"date":"2025-01-23","commitResults":[{"hash":"9a4a0f55de697ab193e1a8aa2d76b2d0a2b2dfcd","isMergeCommit":false,"messageTitle":"Add exceptions","messageBody":"","tags":["Level-5"],"fileTypesAndContributionMap":{"java":{"insertions":120,"deletions":27}}},{"hash":"9aadb9a12be1e7892c8d65715703335002718a75","isMergeCommit":false,"messageTitle":"Add Delete Chore function","messageBody":"","tags":["Level-6"],"fileTypesAndContributionMap":{"java":{"insertions":17,"deletions":0}}},{"hash":"4ff5d5b30a55193430abde358763ace00e41eeb2","isMergeCommit":false,"messageTitle":"Add previously uncaught Exceptions","messageBody":"","fileTypesAndContributionMap":{"java":{"insertions":80,"deletions":14}}}]},{"date":"2025-01-26","commitResults":[{"hash":"27b352c6d84b5a7a012bf16b19bf354c3408b533","isMergeCommit":false,"messageTitle":"Rename package and class to comply with coding standard","messageBody":"","fileTypesAndContributionMap":{"java":{"insertions":65,"deletions":67},"bat":{"insertions":2,"deletions":2}}},{"hash":"623357165826705b2028b0b4a0fde61c4d21e73f","isMergeCommit":false,"messageTitle":"Reformat switch indentation","messageBody":"","fileTypesAndContributionMap":{"java":{"insertions":23,"deletions":23}}},{"hash":"acf7b6a8f780452a73f60cef83507ae92551dba7","isMergeCommit":false,"messageTitle":"Fix formatting issues","messageBody":"","fileTypesAndContributionMap":{"java":{"insertions":11,"deletions":10}}},{"hash":"22102e951a1a8e7a2dcf9eb555b3316473f1bdef","isMergeCommit":false,"messageTitle":"Chore class: Add newline after print chore","messageBody":"","fileTypesAndContributionMap":{"java":{"insertions":2,"deletions":2}}},{"hash":"5aa2a69683bd1486e1c3edcf46cc157d49477fcf","isMergeCommit":false,"messageTitle":"Update Ui Testing","messageBody":"","fileTypesAndContributionMap":{"txt":{"insertions":14,"deletions":0},"java":{"insertions":7,"deletions":7}}},{"hash":"6b8cc58d92ca8d386cbbe95f668188b94defc06f","isMergeCommit":false,"messageTitle":"Add read and save to file functionality","messageBody":"","fileTypesAndContributionMap":{"txt":{"insertions":2,"deletions":0},"java":{"insertions":143,"deletions":9}}},{"hash":"000c05e198abe6b51a5d75f633952732e51a3d5f","isMergeCommit":true,"messageTitle":"Merge Level 7 from branch-Level-7","messageBody":"","fileTypesAndContributionMap":{}},{"hash":"f0c5ef55783b4bcf9aa7603322fd3177ee586445","isMergeCommit":false,"messageTitle":"Handle file does not exist","messageBody":"","tags":["Level-7"],"fileTypesAndContributionMap":{"txt":{"insertions":1,"deletions":2},"java":{"insertions":11,"deletions":3}}}]},{"date":"2025-01-27","commitResults":[{"hash":"f45299513c25213d0832b2391cf2f9197010fb97","isMergeCommit":false,"messageTitle":"Read deadline date as LocalDate","messageBody":"","fileTypesAndContributionMap":{"java":{"insertions":27,"deletions":6}}},{"hash":"73f3f432249cb1c89fd8e7520f8932554d564cf4","isMergeCommit":false,"messageTitle":"Handle DateTimeParseException","messageBody":"","fileTypesAndContributionMap":{"txt":{"insertions":1,"deletions":0},"java":{"insertions":10,"deletions":3}}},{"hash":"e180580e9489f5e414b18c7ffac37c1a8680a102","isMergeCommit":false,"messageTitle":"Fix deadline and event date/time formatting","messageBody":"","fileTypesAndContributionMap":{"txt":{"insertions":3,"deletions":5},"java":{"insertions":81,"deletions":29}}},{"hash":"3f8fa1fba8a69df12186b15649ec0a6b81e7094a","isMergeCommit":false,"messageTitle":"Add filter date function","messageBody":"","fileTypesAndContributionMap":{"txt":{"insertions":3,"deletions":0},"java":{"insertions":63,"deletions":3}}},{"hash":"4c100fecfa3468b5ed4a156ff0b7ea95558006b2","isMergeCommit":true,"messageTitle":"Merge Level 8 from branch-Level-8","messageBody":"","tags":["Level-8"],"fileTypesAndContributionMap":{}}]},{"date":"2025-01-28","commitResults":[{"hash":"15d7b27807028c1452351024f759f360f0ef731d","isMergeCommit":false,"messageTitle":"Rearrange code to make it more OOP","messageBody":"","fileTypesAndContributionMap":{"java":{"insertions":117,"deletions":75}}},{"hash":"6229e68c8f8e83fdaaa51880787b514ebb669e1b","isMergeCommit":false,"messageTitle":"Fix ResponseManager and Universe class","messageBody":"","tags":["A-MoreOOP"],"fileTypesAndContributionMap":{"java":{"insertions":3,"deletions":43}}},{"hash":"babdd643ba0f73d9783327d6a7848df4e3ea5287","isMergeCommit":false,"messageTitle":"Rearrange files into packages","messageBody":"","tags":["A-Packages"],"fileTypesAndContributionMap":{"java":{"insertions":44,"deletions":17}}},{"hash":"b1ab79d4655da9a3aab8d5ba7292fc4aca923165","isMergeCommit":true,"messageTitle":"Merge branch \u0027add-gradle-support\u0027","messageBody":"","fileTypesAndContributionMap":{}},{"hash":"1f931896c41dc756ee268cca7c9540c8434792b4","isMergeCommit":false,"messageTitle":"Setup build.gradle for build and run using Gradle","messageBody":"","tags":["A-Gradle"],"fileTypesAndContributionMap":{"gradle":{"insertions":3,"deletions":2}}}]},{"date":"2025-01-29","commitResults":[{"hash":"071f61c66e18fad1b6756c4e1cb6fcbe8f80b75a","isMergeCommit":false,"messageTitle":"Add JUnit Tests for some classes","messageBody":"","fileTypesAndContributionMap":{"java":{"insertions":134,"deletions":2}}},{"hash":"4464e939ad28320e19fd61ce8c6d24ad0829cc13","isMergeCommit":false,"messageTitle":"Add JUnit tests for classes under the package response","messageBody":"","tags":["A-JUnit"],"fileTypesAndContributionMap":{"java":{"insertions":153,"deletions":10}}},{"hash":"67e6d1571af2e58d842693b13218adea7c77f623","isMergeCommit":false,"messageTitle":"Reconfigure build.gradle file for JAR generation","messageBody":"","tags":["A-Jar"],"fileTypesAndContributionMap":{"gradle":{"insertions":1,"deletions":0}}},{"hash":"b6dc5c16ace18c66d8b1d20b253f222f59085e87","isMergeCommit":false,"messageTitle":"Add JavaDoc comments","messageBody":"","fileTypesAndContributionMap":{"java":{"insertions":409,"deletions":78}}},{"hash":"8e316f40c20e1883d05b9391f46b7f13d2fd00df","isMergeCommit":false,"messageTitle":"Cleanup code according to coding standard","messageBody":"","fileTypesAndContributionMap":{"java":{"insertions":2,"deletions":2}}},{"hash":"c4a497e035afda8d1314bac0f2e3697a2faf62a7","isMergeCommit":false,"messageTitle":"Add find functionality","messageBody":"","fileTypesAndContributionMap":{"java":{"insertions":25,"deletions":0}}},{"hash":"e4b434617cc76c5cd4688dbdeb5a915ca14b090a","isMergeCommit":true,"messageTitle":"Merge branch-A-JavaDoc","messageBody":"","tags":["A-JavaDoc"],"fileTypesAndContributionMap":{}},{"hash":"30030526698484d0600463caff4a9ea468cc1cee","isMergeCommit":true,"messageTitle":"Merge branch-A-CodingStandard","messageBody":"","tags":["A-CodingStandard"],"fileTypesAndContributionMap":{}},{"hash":"dae96c71d3008e164ba27f7d74c64e131a381b7c","isMergeCommit":true,"messageTitle":"Resolve merge conflicts when merging Level 9","messageBody":"","fileTypesAndContributionMap":{}},{"hash":"9dbf071cf38c43e3f552f47d3c581f312a3c7e3e","isMergeCommit":false,"messageTitle":"Add Parser JUnit test cases","messageBody":"","tags":["Level-9"],"fileTypesAndContributionMap":{"java":{"insertions":36,"deletions":1}}}]},{"date":"2025-02-04","commitResults":[{"hash":"1b57972fe0fd87a7f6e5a77f3290617ac37500ba","isMergeCommit":false,"messageTitle":"Add checkstyle configurations","messageBody":"","tags":["A-CheckStyle"],"fileTypesAndContributionMap":{"gradle":{"insertions":5,"deletions":0},"java":{"insertions":67,"deletions":58}}}]},{"date":"2025-02-07","commitResults":[{"hash":"745e6584cddae34e1c50c95d349d00e85d76dbf8","isMergeCommit":false,"messageTitle":"Add GUI","messageBody":"","fileTypesAndContributionMap":{"gradle":{"insertions":16,"deletions":1},"fxml":{"insertions":65,"deletions":0},"java":{"insertions":230,"deletions":2}}},{"hash":"7c7d3009aabe3a1b6bd1457153a4e6cc5f2dbf05","isMergeCommit":true,"messageTitle":"Merge branch \u0027branch-Level-10\u0027","messageBody":"","tags":["Level-10"],"fileTypesAndContributionMap":{}},{"hash":"bac152ef6dd47352ba9c7bd1d210aefe4d2ca9de","isMergeCommit":false,"messageTitle":"Fix Suppress Warning issue","messageBody":"","fileTypesAndContributionMap":{"java":{"insertions":0,"deletions":1}}}]},{"date":"2025-02-12","commitResults":[{"hash":"41fde32c0ae419ab6cbb6b7ab60f268b3ddc484b","isMergeCommit":false,"messageTitle":"Fix list, filter and find commands bug","messageBody":"The list, filter and find commands are not recognized by the GUI.\n\nLet\u0027s modify the error handling function to account for list, filter and\nfind commands. Doing so will resolve the bug.\n","tags":["A-FullCommitMessage"],"fileTypesAndContributionMap":{"java":{"insertions":54,"deletions":169}}},{"hash":"c19434dc18ab614ef7be0e8e64639339fdcf6ed8","isMergeCommit":false,"messageTitle":"Fix unable to read file bug for JAR file","messageBody":"To resolve the issue of missing chores.txt file when running the JAR\nfile GUI.\n","tags":["A-Streams"],"fileTypesAndContributionMap":{"java":{"insertions":8,"deletions":9}}},{"hash":"17bedb83c8318d0118f047b765ce5f3e987a7143","isMergeCommit":false,"messageTitle":"Rename some variables and functions","messageBody":"Some variable and function names are not descriptive enough.\n\nLet\u0027s change the naming of the variables and functions to better\ndescribe what it is about.\n","fileTypesAndContributionMap":{"java":{"insertions":19,"deletions":19}}},{"hash":"4a71fc3d27b10806a49c8aaf4d0827509a596a45","isMergeCommit":false,"messageTitle":"Add assertions to document important assumptions","messageBody":"There are certain parts of the code that work under certain assumptions.\n\nLet\u0027s document these assumptions by adding assertions.\n","fileTypesAndContributionMap":{"java":{"insertions":5,"deletions":0}}}]},{"date":"2025-02-13","commitResults":[{"hash":"595a0161cffeae7c81e5dd54ec1381732f31bba1","isMergeCommit":false,"messageTitle":"Modify code for better readability","messageBody":"","fileTypesAndContributionMap":{"java":{"insertions":51,"deletions":23}}},{"hash":"73cb861db3957a648488d134651290fe030642d0","isMergeCommit":true,"messageTitle":"Merge pull request #1 from yuqing-tham/branch-A-Assertions","messageBody":"Branch A-Assertions","tags":["A-CodeQuality","A-Assertions"],"fileTypesAndContributionMap":{}},{"hash":"301fcee0b9ed5e0c8aea6f20c78a3cdaba864a55","isMergeCommit":true,"messageTitle":"Resolve merge conflicts","messageBody":"","fileTypesAndContributionMap":{}},{"hash":"8b1e4302d1df079c4134f03d67a03082eb345a79","isMergeCommit":true,"messageTitle":"Merge pull request #2 from yuqing-tham/branch-A-CodeQuality","messageBody":"Branch A-CodeQuality ","fileTypesAndContributionMap":{}}]}]},"authorFileTypeContributionMap":{"yuqing-tham":{"java":1599,"md":0,"fxml":65,"sh":0,"bat":2,"gradle":24,"txt":26}},"authorContributionVariance":{"yuqing-tham":30514.104},"authorDisplayNameMap":{"yuqing-tham":"CS2103T-T12-2 THAM..QING"}}
