{"authorDailyContributionsMap":{"Windofbitter":[{"date":"2025-01-15","commitResults":[{"hash":"58d83ff853a67d3d3245533e4f9b8431e68068c5","isMergeCommit":false,"messageTitle":"Add greeting","messageBody":"","tags":["Level-0"],"fileTypesAndContributionMap":{"java":{"insertions":14,"deletions":10}}},{"hash":"a9a5d2a489c29cf0847ab68e702844ec25c9e677","isMergeCommit":false,"messageTitle":"add support for echo","messageBody":"","tags":["Level-1"],"fileTypesAndContributionMap":{"java":{"insertions":13,"deletions":1}}},{"hash":"c18f42f9db72968b3057b9348a29c3aeaa09aaeb","isMergeCommit":false,"messageTitle":"Add support for list todo and add todo","messageBody":"","tags":["Level-2"],"fileTypesAndContributionMap":{"java":{"insertions":9,"deletions":3}}},{"hash":"08bdebe97deb7fea3d86661a9e8cd2b4649727ab","isMergeCommit":false,"messageTitle":"add support for mark and unmark tasks","messageBody":"","tags":["Level-3"],"fileTypesAndContributionMap":{"java":{"insertions":41,"deletions":3}}},{"hash":"ae0ee4d590772532cd650ccf2ed9fd0c98e1e20e","isMergeCommit":false,"messageTitle":"add support for todo, event, and deadline commands.","messageBody":"","tags":["Level-4"],"fileTypesAndContributionMap":{"java":{"insertions":308,"deletions":42}}},{"hash":"d774937633ad98c00f086baacd6355468a62818e","isMergeCommit":false,"messageTitle":"add automate text ui testing","messageBody":"","tags":["A-TextUiTesting"],"fileTypesAndContributionMap":{"txt":{"insertions":7,"deletions":0},"java":{"insertions":2,"deletions":2},"bat":{"insertions":3,"deletions":1}}},{"hash":"b2d31490e7fbe384364b48e5096cf4a048255f4d","isMergeCommit":false,"messageTitle":"add error handling","messageBody":"","tags":["Level-5"],"fileTypesAndContributionMap":{"java":{"insertions":113,"deletions":10}}},{"hash":"ae427b8f916a4dd9033068911b18c1b13c481d01","isMergeCommit":false,"messageTitle":"add support for delete command","messageBody":"","tags":["Level-6"],"fileTypesAndContributionMap":{"java":{"insertions":42,"deletions":0}}},{"hash":"8e05b58604fd9b2864fec9bede0c73c9b4d30c38","isMergeCommit":false,"messageTitle":"add enum for command input","messageBody":"","tags":["A-Enums"],"fileTypesAndContributionMap":{"java":{"insertions":40,"deletions":12}}}]},{"date":"2025-01-20","commitResults":[{"hash":"c73608db6cb25ccbc6af71d14466b9d1b6a972c0","isMergeCommit":false,"messageTitle":"add support for save","messageBody":"","tags":["Level-7"],"fileTypesAndContributionMap":{"txt":{"insertions":1,"deletions":0},"java":{"insertions":95,"deletions":11}}},{"hash":"0575727c8457eb0adbc05ac4ef2b9fbb1ad04641","isMergeCommit":false,"messageTitle":"add support for parsing string to LocalDate object","messageBody":"","tags":["Level-8"],"fileTypesAndContributionMap":{"txt":{"insertions":1,"deletions":1},"java":{"insertions":33,"deletions":11}}},{"hash":"9929e533f0f351fe18b93a0d88ed2cf3af7d51cc","isMergeCommit":false,"messageTitle":"add more OOP features","messageBody":"","tags":["A-MoreOOP"],"fileTypesAndContributionMap":{"txt":{"insertions":2,"deletions":1},"java":{"insertions":119,"deletions":72}}},{"hash":"faf84a82bdb9aedef9a576c1ac8f56311f314d8a","isMergeCommit":false,"messageTitle":"organize classes into packages","messageBody":"","tags":["A-packages"],"fileTypesAndContributionMap":{"java":{"insertions":91,"deletions":28},"bat":{"insertions":1,"deletions":1}}},{"hash":"1ec0e90bf516f3024a61118f211b281fa03ad4a6","isMergeCommit":true,"messageTitle":"Merge remote-tracking branch \u0027origin/add-gradle-support\u0027","messageBody":"","tags":["A-Gradle"],"fileTypesAndContributionMap":{}},{"hash":"f19f7e6b4b4ee96853afef195ca771228f4fbe7a","isMergeCommit":false,"messageTitle":"fix bugs when creating packages","messageBody":"","fileTypesAndContributionMap":{"java":{"insertions":123,"deletions":108}}},{"hash":"a9367e0c9c11bd08f58e6913f0176f28f9deadf3","isMergeCommit":false,"messageTitle":"add test cases for most of the classses","messageBody":"","tags":["A-Jar","A-JUnit"],"fileTypesAndContributionMap":{"gradle":{"insertions":13,"deletions":3},"java":{"insertions":361,"deletions":0}}}]},{"date":"2025-01-21","commitResults":[{"hash":"ed438c32991bf4118e49fa4ac39021f5e789afdd","isMergeCommit":false,"messageTitle":"add java doc comments for most of the classes","messageBody":"","tags":["A-JavaDoc"],"fileTypesAndContributionMap":{"gradle":{"insertions":1,"deletions":1},"java":{"insertions":499,"deletions":92}}},{"hash":"f15a1836a53fb834d8063060d3557b865364beb8","isMergeCommit":false,"messageTitle":"add new coding standards and reformat the code","messageBody":"","fileTypesAndContributionMap":{"java":{"insertions":115,"deletions":116}}},{"hash":"86526ddc33ea48977f8d3fcfee6e420114331a8b","isMergeCommit":false,"messageTitle":"add support for find command","messageBody":"","fileTypesAndContributionMap":{"txt":{"insertions":2,"deletions":0},"java":{"insertions":54,"deletions":1}}},{"hash":"b2060caf763400ed6cdcc817f0be96075e33c9f9","isMergeCommit":true,"messageTitle":"Merge branch \u0027bracnh-A-CodingStandard\u0027","messageBody":"# Conflicts:\n#\tsrc/main/java/wind/command/DeadlineCommand.java\n#\tsrc/main/java/wind/parser/Parser.java\n#\tsrc/main/java/wind/storage/Storage.java\n#\tsrc/main/java/wind/storage/TaskList.java\n","tags":["A-CodingStandard"],"fileTypesAndContributionMap":{}},{"hash":"3cd98c70de2fae372fdb37c3cf0d794b92d1bbcb","isMergeCommit":true,"messageTitle":"Merge branch \u0027branch-Level-9\u0027","messageBody":"# Conflicts:\n#\tsrc/main/java/wind/parser/Parser.java\n#\tsrc/main/java/wind/ui/Ui.java\n","tags":["Level-9"],"fileTypesAndContributionMap":{}},{"hash":"57343eb011f9b951219d5e759c68f88035f20d3a","isMergeCommit":false,"messageTitle":"fix bugs when merging level 9”","messageBody":"","fileTypesAndContributionMap":{"java":{"insertions":9,"deletions":0}}}]},{"date":"2025-01-31","commitResults":[{"hash":"5e402ebcb4bb85103127d117cf94e67bb871a18d","isMergeCommit":false,"messageTitle":"add javafx gui","messageBody":"","tags":["Level-10"],"fileTypesAndContributionMap":{"gradle":{"insertions":17,"deletions":1},"txt":{"insertions":1,"deletions":1},"fxml":{"insertions":66,"deletions":0},"java":{"insertions":382,"deletions":29}}}]}]},"authorFileTypeContributionMap":{"Windofbitter":{"java":1935,"md":0,"fxml":66,"sh":0,"bat":3,"gradle":28,"txt":11}},"authorContributionVariance":{"Windofbitter":100271.95},"authorDisplayNameMap":{"Windofbitter":"CS2103T-T13-3 BAIZ.. CAI"}}
