{"authorDailyContributionsMap":{"AnAfterthought":[{"date":"2025-01-17","commitResults":[{"hash":"231540fb71162b9887a95abc4101a21fdd753816","isMergeCommit":false,"messageTitle":"Rename main class","messageBody":"","fileTypesAndContributionMap":{"java":{"insertions":5,"deletions":10}}},{"hash":"7161acdea564cbf7824651bc9fa069ffad9ea1e5","isMergeCommit":false,"messageTitle":"Add greeting and exit","messageBody":"","tags":["Level-0"],"fileTypesAndContributionMap":{"java":{"insertions":8,"deletions":1}}},{"hash":"ed5555eca9f4b55b7dbebd5cf7a03742d034ccf0","isMergeCommit":false,"messageTitle":"Added support for echo","messageBody":"","tags":["Level-1"],"fileTypesAndContributionMap":{"java":{"insertions":21,"deletions":7}}},{"hash":"2648fe0a8535ae0f1a55ca3761a4e537882db3b0","isMergeCommit":false,"messageTitle":"Added add and list features","messageBody":"","tags":["Level-2"],"fileTypesAndContributionMap":{"java":{"insertions":18,"deletions":3}}},{"hash":"7a1038f0538505f70ce695616f0bddb7fbe784a9","isMergeCommit":false,"messageTitle":"Added Task class","messageBody":"","fileTypesAndContributionMap":{"java":{"insertions":13,"deletions":0}}},{"hash":"d876d6ed2472f0e3b0199f209f307b5c87855eae","isMergeCommit":false,"messageTitle":"Add task feature now uses Task objects","messageBody":"","fileTypesAndContributionMap":{"java":{"insertions":9,"deletions":4}}},{"hash":"d95a6e2d697dda4c52b18d0ad06775fc03eee8ae","isMergeCommit":false,"messageTitle":"Add support for mark and unmark","messageBody":"","tags":["Level-3","A-Classes"],"fileTypesAndContributionMap":{"java":{"insertions":24,"deletions":8}}},{"hash":"b76b4ce8d7a18c1af52a3993e4cd2bec0f5fa047","isMergeCommit":false,"messageTitle":"Add ToDo class","messageBody":"","fileTypesAndContributionMap":{"java":{"insertions":44,"deletions":11}}},{"hash":"238f57aef73c2aeefe4a4216565985e7c3d3bede","isMergeCommit":false,"messageTitle":"Add Deadline class","messageBody":"","fileTypesAndContributionMap":{"java":{"insertions":24,"deletions":12}}},{"hash":"fb16e4546d90a5492bd251b58e2fb0af40feddac","isMergeCommit":false,"messageTitle":"Add Event class","messageBody":"","tags":["Level-4","A-Inheritance"],"fileTypesAndContributionMap":{"java":{"insertions":24,"deletions":4}}}]},{"date":"2025-01-18","commitResults":[{"hash":"131c1d8cdc07f2274dffa4662c0c2f7a751b19ad","isMergeCommit":false,"messageTitle":"Performed I/O redirection testing","messageBody":"","tags":["A-TextUiTesting"],"fileTypesAndContributionMap":{"txt":{"insertions":8,"deletions":0},"bat":{"insertions":1,"deletions":1}}},{"hash":"6b8d52b52d444fc4adcafa9d089880fd91daa75f","isMergeCommit":false,"messageTitle":"Add exception handling for unknown commands","messageBody":"","fileTypesAndContributionMap":{"java":{"insertions":43,"deletions":32}}},{"hash":"dd2a1302fd84318e98036d96fb123e9f8512e21e","isMergeCommit":false,"messageTitle":"Add exception handing for ToDo command","messageBody":"","fileTypesAndContributionMap":{"java":{"insertions":32,"deletions":15}}},{"hash":"0e3924aa888a18346b7f20b81966efd5cfe7e61c","isMergeCommit":false,"messageTitle":"Add exception handling for deadline command","messageBody":"","fileTypesAndContributionMap":{"java":{"insertions":16,"deletions":7}}},{"hash":"eb7abd64fab76163b8cd1fb12b3e5e5f4e697109","isMergeCommit":false,"messageTitle":"Add exception handling for event command","messageBody":"","fileTypesAndContributionMap":{"java":{"insertions":18,"deletions":6}}},{"hash":"b5c5df2bf0893812d5bf4cc6f90489eb685c7edf","isMergeCommit":false,"messageTitle":"Add exception handling for mark command","messageBody":"","fileTypesAndContributionMap":{"java":{"insertions":18,"deletions":5}}},{"hash":"209bbda9070611c01385c9105ad6c04d6907a067","isMergeCommit":false,"messageTitle":"Add exception handling for unmark command","messageBody":"","fileTypesAndContributionMap":{"java":{"insertions":14,"deletions":3}}},{"hash":"820f44ea5e7b4589e14d75cc78af7037bc226dde","isMergeCommit":false,"messageTitle":"Add bye command","messageBody":"","fileTypesAndContributionMap":{"java":{"insertions":10,"deletions":5}}},{"hash":"e0beb8a95d0b83bdcdf9e6d6f64d42d694cb880d","isMergeCommit":false,"messageTitle":"Add I/O testing for exception handling","messageBody":"","tags":["Level-5","A-Exceptions"],"fileTypesAndContributionMap":{"txt":{"insertions":4,"deletions":2}}},{"hash":"0cf1782f7e640a9142548b42d24fbe8d52db80c5","isMergeCommit":false,"messageTitle":"Update list and add to use ArrayList","messageBody":"","fileTypesAndContributionMap":{"java":{"insertions":24,"deletions":26}}},{"hash":"982a2b82cd920c63f4f8c6c105d6284be8619701","isMergeCommit":false,"messageTitle":"Update mark and unmark to use ArrayList","messageBody":"","fileTypesAndContributionMap":{"java":{"insertions":6,"deletions":6}}},{"hash":"f9187cecb5cf05531bf80912b68f4bd5a9bfc933","isMergeCommit":false,"messageTitle":"Add support for delete","messageBody":"","fileTypesAndContributionMap":{"java":{"insertions":20,"deletions":12}}},{"hash":"7202d7d8b6bca1cbeeb043cf1b0752b5f8960b79","isMergeCommit":false,"messageTitle":"Add exception handling for delete","messageBody":"","fileTypesAndContributionMap":{"java":{"insertions":17,"deletions":5}}},{"hash":"b2780a7624122ebf4244536744fd4d680f21b0ab","isMergeCommit":false,"messageTitle":"Update exceptions to print error messages instead of main program","messageBody":"","fileTypesAndContributionMap":{"txt":{"insertions":4,"deletions":0},"java":{"insertions":39,"deletions":18}}},{"hash":"2b69a763077c48f35a68703e11284463163473ca","isMergeCommit":false,"messageTitle":"Remove unneeded imports","messageBody":"","fileTypesAndContributionMap":{"java":{"insertions":0,"deletions":1}}},{"hash":"da80945281789dd3e62f07348bb436cf23173746","isMergeCommit":false,"messageTitle":"Remove separators","messageBody":"","fileTypesAndContributionMap":{"java":{"insertions":25,"deletions":50}}}]},{"date":"2025-01-19","commitResults":[{"hash":"a729cbbbe5c9472dcb7763cbd4f9e35d5cbd0585","isMergeCommit":false,"messageTitle":"Update to use switch statements","messageBody":"","tags":["Level-6","A-Collections"],"fileTypesAndContributionMap":{"java":{"insertions":42,"deletions":37}}}]}]},"authorFileTypeContributionMap":{"AnAfterthought":{"java":236,"md":0,"fxml":0,"sh":0,"bat":1,"gradle":0,"txt":14}},"authorContributionVariance":{"AnAfterthought":28854.0},"authorDisplayNameMap":{"AnAfterthought":"CHNG..HENG"}}
