{"authorDailyContributionsMap":{"samuelkwik":[{"date":"2025-01-19","commitResults":[{"hash":"ebe8e39198db20b1c228db06bada2aaac6de2ad2","isMergeCommit":false,"messageTitle":"Rename \"Duke\" to \"Viscount\"","messageBody":"","fileTypesAndContributionMap":{"java":{"insertions":11,"deletions":10}}},{"hash":"8dd8bef7e560ac57a8962c490d74ec1f6e366d62","isMergeCommit":false,"messageTitle":"Add greeting and exit","messageBody":"","tags":["Level-0"],"fileTypesAndContributionMap":{"java":{"insertions":21,"deletions":1}}},{"hash":"b6793ece488ee33d1041ec62425e4752bab55716","isMergeCommit":false,"messageTitle":"Add support for \"Echo\"","messageBody":"","tags":["Level-1"],"fileTypesAndContributionMap":{"java":{"insertions":47,"deletions":13}}},{"hash":"c21ccc79030ae93cc486b2f9487a2e820008c45c","isMergeCommit":false,"messageTitle":"Changed \"echo\" functionality into list add/view","messageBody":"","tags":["Level-2"],"fileTypesAndContributionMap":{"java":{"insertions":38,"deletions":11}}}]},{"date":"2025-01-22","commitResults":[{"hash":"e090a05f3f4bd7b2ac1eeaf4301b1173e0362256","isMergeCommit":false,"messageTitle":"Renamed Viscount.java to viscount.java and moved it to it\u0027s own package","messageBody":"","fileTypesAndContributionMap":{"java":{"insertions":10,"deletions":21}}},{"hash":"220c4611873b5a70bbc3f949011d63f18ad86e37","isMergeCommit":false,"messageTitle":"Created \"TaskList.java\" to abstract task list away from main","messageBody":"","fileTypesAndContributionMap":{"java":{"insertions":35,"deletions":0}}},{"hash":"1d431d9ff3103218dd4b828a5dced2aaa6f5d6f8","isMergeCommit":false,"messageTitle":"Removed all instances of Duke and corrected capitalisation","messageBody":"","fileTypesAndContributionMap":{"java":{"insertions":1,"deletions":1},"bat":{"insertions":1,"deletions":1},"sh":{"insertions":1,"deletions":1},"md":{"insertions":9,"deletions":9}}},{"hash":"653f692c84b6f844eaccd2d150ea95d3945077e1","isMergeCommit":false,"messageTitle":"Add Task class to encapsulate functions such as toggling task doneness and formatting","messageBody":"","tags":["A-Classes"],"fileTypesAndContributionMap":{"java":{"insertions":23,"deletions":0}}},{"hash":"5ba5de860ddf87905587305ccbaf3c7bdff67f3d","isMergeCommit":false,"messageTitle":"Add support to toggle task between complete and incomplete","messageBody":"","tags":["Level-3"],"fileTypesAndContributionMap":{"java":{"insertions":42,"deletions":9}}},{"hash":"d8ade4582ee081fce98d2f3d409c3ec4a00a27d2","isMergeCommit":false,"messageTitle":"Viscount.java: Rename parseInput method to getCommand method","messageBody":"","fileTypesAndContributionMap":{"java":{"insertions":2,"deletions":2}}},{"hash":"dbaabed3ecc998768d29015a10197e1580fab7b1","isMergeCommit":false,"messageTitle":"Move Command enum from Viscount.java to Command.java","messageBody":"","tags":["A-Enums"],"fileTypesAndContributionMap":{"java":{"insertions":4,"deletions":0}}},{"hash":"2968637054be3470fc09dcefbe5242ba5bdf6de5","isMergeCommit":false,"messageTitle":"Move Command enum to Command.java","messageBody":"","fileTypesAndContributionMap":{"java":{"insertions":14,"deletions":9}}},{"hash":"f9fc0d5c828bba4bd630a0f7184dca8f56e409cd","isMergeCommit":false,"messageTitle":"Revert \"Move Command enum to Command.java\"","messageBody":"This reverts commit 2968637054be3470fc09dcefbe5242ba5bdf6de5.\n","fileTypesAndContributionMap":{"java":{"insertions":9,"deletions":14}}},{"hash":"28b163c56916d9b6e319dbd2aa4e42d40d22f3d1","isMergeCommit":false,"messageTitle":"Move enum to own file","messageBody":"","fileTypesAndContributionMap":{"java":{"insertions":5,"deletions":7}}}]}]},"authorFileTypeContributionMap":{"samuelkwik":{"java":174,"md":9,"fxml":0,"sh":1,"bat":1,"gradle":0,"txt":0}},"authorContributionVariance":{"samuelkwik":8613.889},"authorDisplayNameMap":{"samuelkwik":"JERE..XIAN"}}
