{"authorDailyContributionsMap":{"MrAsparag00se":[{"date":"2025-01-21","commitResults":[{"hash":"6de66d48028c62c8ac90b0d5b6e984a2c67c2de1","isMergeCommit":false,"messageTitle":"Rename, Greet, Exit","messageBody":"","tags":["Level-0"],"fileTypesAndContributionMap":{"java":{"insertions":19,"deletions":10},"bat":{"insertions":1,"deletions":1},"md":{"insertions":3,"deletions":3}}},{"hash":"acad6cc8a42dfe1256b311a6c302d57c88b009dd","isMergeCommit":false,"messageTitle":"Add echo functionality","messageBody":"","tags":["Level-1"],"fileTypesAndContributionMap":{"java":{"insertions":38,"deletions":10}}},{"hash":"8bfd3ef040a71bafd293cccacd8338406092c57d","isMergeCommit":false,"messageTitle":"Add message to list functionality","messageBody":"","tags":["Level-2"],"fileTypesAndContributionMap":{"java":{"insertions":34,"deletions":8}}},{"hash":"b7fc24ff152991873c684fc46ffb5cb1d0128f13","isMergeCommit":false,"messageTitle":"Add mark/unmark functionality","messageBody":"","tags":["Level-3"],"fileTypesAndContributionMap":{"java":{"insertions":66,"deletions":7}}},{"hash":"5b1f1f600d4a78590b669fc0537e63062db772b4","isMergeCommit":false,"messageTitle":"Add event,todo,deadline subclasses","messageBody":"","tags":["Level-4"],"fileTypesAndContributionMap":{"java":{"insertions":91,"deletions":59}}},{"hash":"275252a38231b307c40fdbfb736b8530511202c6","isMergeCommit":false,"messageTitle":"Add basic error handling","messageBody":"","tags":["Level-5"],"fileTypesAndContributionMap":{"java":{"insertions":120,"deletions":31}}},{"hash":"4afb15edac078dfc50798ce1ced9005e87ab279e","isMergeCommit":false,"messageTitle":"Add delete functionality","messageBody":"","tags":["Level-6"],"fileTypesAndContributionMap":{"java":{"insertions":52,"deletions":37}}},{"hash":"0ea070f8d3a119e2c6b8fd65aee9767f13ea23ae","isMergeCommit":false,"messageTitle":"Edit I/O redirection testing files","messageBody":"","tags":["A-TextUiTesting"],"fileTypesAndContributionMap":{"txt":{"insertions":15,"deletions":0}}}]},{"date":"2025-01-22","commitResults":[{"hash":"30ef40dbe1fcbdd30994ac81e342095f8dbbbe3a","isMergeCommit":false,"messageTitle":"Add enum and refactor code","messageBody":"","tags":["A-Enums"],"fileTypesAndContributionMap":{"java":{"insertions":170,"deletions":206}}},{"hash":"1e9ae7821fd7daac0243072bf0524abc005bdc65","isMergeCommit":false,"messageTitle":"Add functionality to save tasks to hard disk","messageBody":"","fileTypesAndContributionMap":{"java":{"insertions":315,"deletions":148}}},{"hash":"b7eed50cf4c9015c8905d6feeb8d65d38b5c1136","isMergeCommit":true,"messageTitle":"Resolve merge conflict","messageBody":"","tags":["Level-7"],"fileTypesAndContributionMap":{}}]},{"date":"2025-01-26","commitResults":[{"hash":"20df0757c29eca96606fc4cbe2f5fbfbaabdd0f3","isMergeCommit":false,"messageTitle":"Process and filter dates and time for deadline","messageBody":"","tags":["Level-8"],"fileTypesAndContributionMap":{"java":{"insertions":22,"deletions":15}}},{"hash":"bc03413dc1004c16b4410cd29b54989f29e00f3d","isMergeCommit":false,"messageTitle":"Add functionality for task searching","messageBody":"","fileTypesAndContributionMap":{"java":{"insertions":194,"deletions":7}}},{"hash":"91acc6f5f209f496e4374e0b31ce7ed0b8d440bf","isMergeCommit":false,"messageTitle":"Maintain coding standard","messageBody":"","fileTypesAndContributionMap":{"java":{"insertions":194,"deletions":7}}},{"hash":"02a0055a1232697313280326bd697caf549d1164","isMergeCommit":false,"messageTitle":"Maintain coding standard again","messageBody":"","fileTypesAndContributionMap":{"java":{"insertions":3,"deletions":29}}},{"hash":"56613a322086a42919dc3265107726e334f315fa","isMergeCommit":true,"messageTitle":"Merge branch \u0027branch-A-CodingStandard\u0027","messageBody":"Update code to reflect the coding standard\n","tags":["A-CodingStandard"],"fileTypesAndContributionMap":{}},{"hash":"48e8de0fb81a709a29fb4ca35a74030363295e63","isMergeCommit":false,"messageTitle":"Add more OOP","messageBody":"","fileTypesAndContributionMap":{"java":{"insertions":202,"deletions":268}}},{"hash":"df56e5b2ad7595ae00cf55c5da3644d2d8735495","isMergeCommit":true,"messageTitle":"Merge branch \u0027branch-A-MoreOOP\u0027","messageBody":"Add more OOP\n","fileTypesAndContributionMap":{}},{"hash":"c61b4940310a79dda0b1a3b2ccb624d5c1532a4a","isMergeCommit":false,"messageTitle":"More-OOP here, without separate files for classes. Replacing missing branch-Level-8","messageBody":"","fileTypesAndContributionMap":{"java":{"insertions":1,"deletions":1}}},{"hash":"f6be1676dbd8e75e6f9220c217557af3d5068f9c","isMergeCommit":true,"messageTitle":"Merge missing branch-Level-8 into master using More-OOP","messageBody":"","tags":["A-MoreOOP"],"fileTypesAndContributionMap":{}},{"hash":"ebafbe44d407b9dcde33620e445203383786e059","isMergeCommit":false,"messageTitle":"Proper refactoring of classes, packaging, javadoc, code style","messageBody":"","tags":["A-Packages","A-Jar"],"fileTypesAndContributionMap":{"txt":{"insertions":9,"deletions":0},"java":{"insertions":799,"deletions":537}}},{"hash":"907e9f2352c90c682d35bcdad478fb1a17f5b656","isMergeCommit":true,"messageTitle":"Merge remote-tracking branch \u0027origin/add-gradle-support\u0027 Merge to add gradle support","messageBody":"","fileTypesAndContributionMap":{}},{"hash":"02ddbf0bcc22d70d34f07439348d024733ca1361","isMergeCommit":false,"messageTitle":"Add Gradle","messageBody":"","tags":["A-Gradle"],"fileTypesAndContributionMap":{"gradle":{"insertions":2,"deletions":1},"txt":{"insertions":0,"deletions":9}}},{"hash":"978ebb2ea5ec16425fdb2764e630473e817f9fd9","isMergeCommit":false,"messageTitle":"Add minimal JUnit tests","messageBody":"","tags":["A-JUnit"],"fileTypesAndContributionMap":{"gradle":{"insertions":1,"deletions":1},"txt":{"insertions":1,"deletions":0},"java":{"insertions":115,"deletions":1}}}]},{"date":"2025-02-01","commitResults":[{"hash":"7858e96c996196016a9e01e717ea6267aa29ab6d","isMergeCommit":false,"messageTitle":"Partial solution for Level 10","messageBody":"","fileTypesAndContributionMap":{"gradle":{"insertions":19,"deletions":23},"txt":{"insertions":1,"deletions":0},"fxml":{"insertions":59,"deletions":0},"java":{"insertions":187,"deletions":1}}},{"hash":"ee191e7e4c001791a1ad3f3bb556dd121a111bca","isMergeCommit":false,"messageTitle":"Level-10 updates complete","messageBody":"","tags":["Level-10"],"fileTypesAndContributionMap":{"txt":{"insertions":5,"deletions":2},"java":{"insertions":69,"deletions":124}}}]}]},"authorFileTypeContributionMap":{"MrAsparag00se":{"java":1044,"md":3,"fxml":59,"sh":0,"bat":1,"gradle":16,"txt":20}},"authorContributionVariance":{"MrAsparag00se":275554.53},"authorDisplayNameMap":{"MrAsparag00se":"CS2103T-F10-2 GABR.. WEI"}}
