[{"path":"README.md","fileType":"md","lines":[{"lineNumber":1,"author":{"gitId":"jeronkk"},"content":"# LeChatBot project template","lastModifiedDate":"2025-02-01","isFullCredit":false},{"lineNumber":2,"author":{"gitId":"-"},"content":"","lastModifiedDate":"2020-05-25","isFullCredit":false},{"lineNumber":3,"author":{"gitId":"-"},"content":"This is a project template for a greenfield Java project. It\u0027s named after the Java mascot _Duke_. Given below are instructions on how to use it.","lastModifiedDate":"2020-05-25","isFullCredit":false},{"lineNumber":4,"author":{"gitId":"-"},"content":"","lastModifiedDate":"2020-05-25","isFullCredit":false},{"lineNumber":5,"author":{"gitId":"-"},"content":"## Setting up in Intellij","lastModifiedDate":"2020-05-25","isFullCredit":false},{"lineNumber":6,"author":{"gitId":"-"},"content":"","lastModifiedDate":"2020-05-25","isFullCredit":false},{"lineNumber":7,"author":{"gitId":"-"},"content":"Prerequisites: JDK 17, update Intellij to the most recent version.","lastModifiedDate":"2024-07-11","isFullCredit":false},{"lineNumber":8,"author":{"gitId":"-"},"content":"","lastModifiedDate":"2020-05-25","isFullCredit":false},{"lineNumber":9,"author":{"gitId":"-"},"content":"1. Open Intellij (if you are not in the welcome screen, click `File` \u003e `Close Project` to close the existing project first)","lastModifiedDate":"2021-01-17","isFullCredit":false},{"lineNumber":10,"author":{"gitId":"-"},"content":"1. Open the project into Intellij as follows:","lastModifiedDate":"2021-01-17","isFullCredit":false},{"lineNumber":11,"author":{"gitId":"-"},"content":"   1. Click `Open`.","lastModifiedDate":"2021-01-17","isFullCredit":false},{"lineNumber":12,"author":{"gitId":"-"},"content":"   1. Select the project directory, and click `OK`.","lastModifiedDate":"2021-01-17","isFullCredit":false},{"lineNumber":13,"author":{"gitId":"-"},"content":"   1. If there are any further prompts, accept the defaults.","lastModifiedDate":"2020-05-25","isFullCredit":false},{"lineNumber":14,"author":{"gitId":"-"},"content":"1. Configure the project to use **JDK 17** (not other versions) as explained in [here](https://www.jetbrains.com/help/idea/sdk.html#set-up-jdk).\u003cbr\u003e","lastModifiedDate":"2024-07-11","isFullCredit":false},{"lineNumber":15,"author":{"gitId":"-"},"content":"   In the same dialog, set the **Project language level** field to the `SDK default` option.","lastModifiedDate":"2021-07-29","isFullCredit":false},{"lineNumber":16,"author":{"gitId":"-"},"content":"1. After that, locate the `src/main/java/Duke.java` file, right-click it, and choose `Run Duke.main()` (if the code editor is showing compile errors, try restarting the IDE). If the setup is correct, you should see something like the below as the output:","lastModifiedDate":"2025-01-04","isFullCredit":false},{"lineNumber":17,"author":{"gitId":"jeronkk"},"content":"","lastModifiedDate":"2025-02-01","isFullCredit":false},{"lineNumber":18,"author":{"gitId":"-"},"content":"   ```","lastModifiedDate":"2020-05-25","isFullCredit":false},{"lineNumber":19,"author":{"gitId":"jeronkk"},"content":"                                             @@@@@@@@@@@@","lastModifiedDate":"2025-02-01","isFullCredit":false},{"lineNumber":20,"author":{"gitId":"jeronkk"},"content":"                                          @@@@%#*#*##%@@@@@","lastModifiedDate":"2025-02-01","isFullCredit":false},{"lineNumber":21,"author":{"gitId":"jeronkk"},"content":"                                        @@#**++++++****####@@","lastModifiedDate":"2025-02-01","isFullCredit":false},{"lineNumber":22,"author":{"gitId":"jeronkk"},"content":"                                       @%#*+\u003d-\u003d\u003d\u003d\u003d\u003d\u003d\u003d+++*###@@","lastModifiedDate":"2025-02-01","isFullCredit":false},{"lineNumber":23,"author":{"gitId":"jeronkk"},"content":"                                      @@**---:-\u003d\u003d\u003d\u003d\u003d\u003d+\u003d\u003d-\u003d###@@","lastModifiedDate":"2025-02-01","isFullCredit":false},{"lineNumber":24,"author":{"gitId":"jeronkk"},"content":"                                      @%++*+\u003d+**++\u003d\u003d+*##*****%@","lastModifiedDate":"2025-02-01","isFullCredit":false},{"lineNumber":25,"author":{"gitId":"jeronkk"},"content":"                                      %#+##+\u003d--::-::::---+#%**%@","lastModifiedDate":"2025-02-01","isFullCredit":false},{"lineNumber":26,"author":{"gitId":"jeronkk"},"content":"                                      #*##*+#%@+\u003d....\u003d#@@%+*%*#@","lastModifiedDate":"2025-02-01","isFullCredit":false},{"lineNumber":27,"author":{"gitId":"jeronkk"},"content":"                                    %####\u003d*##%\u003d\u003d----\u003d\u003d**%****##@%%","lastModifiedDate":"2025-02-01","isFullCredit":false},{"lineNumber":28,"author":{"gitId":"jeronkk"},"content":"                                   -#\u003d#@+\u003d*\u003d\u003d+###+\u003d++%%%*\u003d*#+%#\u003d*#","lastModifiedDate":"2025-02-01","isFullCredit":false},{"lineNumber":29,"author":{"gitId":"jeronkk"},"content":"                                   *.-%*-:::---\u003d+\u003d\u003d-\u003d++\u003d-:::\u003d*%+:-","lastModifiedDate":"2025-02-01","isFullCredit":false},{"lineNumber":30,"author":{"gitId":"jeronkk"},"content":"                                   *%+%+\u003d..:-*\u003d-.   ..-++-..\u003d*#+%#","lastModifiedDate":"2025-02-01","isFullCredit":false},{"lineNumber":31,"author":{"gitId":"jeronkk"},"content":"                                    +#@*+..::.:-\u003d*##+\u003d-:.::.:+#%+*","lastModifiedDate":"2025-02-01","isFullCredit":false},{"lineNumber":32,"author":{"gitId":"jeronkk"},"content":"                                    *@@**--\u003d*#%@%%##%*@@%*\u003d-\u003d#%%*","lastModifiedDate":"2025-02-01","isFullCredit":false},{"lineNumber":33,"author":{"gitId":"jeronkk"},"content":"                                     @@%+-.-*@+-      -#@*-:\u003d%@@","lastModifiedDate":"2025-02-01","isFullCredit":false},{"lineNumber":34,"author":{"gitId":"jeronkk"},"content":"                                     @@@@@@\u003d-\u003d\u003d:  .   \u003d**-*@@@@@","lastModifiedDate":"2025-02-01","isFullCredit":false},{"lineNumber":35,"author":{"gitId":"jeronkk"},"content":"                                     #@@@@@@@#::*%%#**--@@@@@@@@","lastModifiedDate":"2025-02-01","isFullCredit":false},{"lineNumber":36,"author":{"gitId":"jeronkk"},"content":"                                      @@@@@@@@@-.-\u003d+:.\u003d@@@@@@@@","lastModifiedDate":"2025-02-01","isFullCredit":false},{"lineNumber":37,"author":{"gitId":"jeronkk"},"content":"                                      @@@@@@@@@@@#%%*#@@@@@@@@@","lastModifiedDate":"2025-02-01","isFullCredit":false},{"lineNumber":38,"author":{"gitId":"jeronkk"},"content":"                                       @@@@@@@@@@@@@@@@@@@@@@@","lastModifiedDate":"2025-02-01","isFullCredit":false},{"lineNumber":39,"author":{"gitId":"jeronkk"},"content":"                                        *#@@@@@@@@@@@@@@@@@%*","lastModifiedDate":"2025-02-01","isFullCredit":false},{"lineNumber":40,"author":{"gitId":"jeronkk"},"content":"                                       @#\u003d--+%@@@@@@@@@@%+\u003d\u003d*%%@*:","lastModifiedDate":"2025-02-01","isFullCredit":false},{"lineNumber":41,"author":{"gitId":"jeronkk"},"content":"                                +.#@####*\u003d-::-\u003d\u003d+-:-+\u003d\u003d+---\u003d+#**:\u003d\u003d...","lastModifiedDate":"2025-02-01","isFullCredit":false},{"lineNumber":42,"author":{"gitId":"jeronkk"},"content":"                             .. .:.+#\u003d\u003d++--...:--\u003d+*\u003d---:--\u003d\u003d++@@@...... #","lastModifiedDate":"2025-02-01","isFullCredit":false},{"lineNumber":43,"author":{"gitId":"jeronkk"},"content":"                           ..... \u003d:.\u003d:-\u003d\u003d--:.....:---::.::::\u003d\u003d+..%@@\u003d:.. @.-%","lastModifiedDate":"2025-02-01","isFullCredit":false},{"lineNumber":44,"author":{"gitId":"jeronkk"},"content":"                       %# .......  -.+-:--:::::::......::::::+:.% ....-@@@\u003d+@###","lastModifiedDate":"2025-02-01","isFullCredit":false},{"lineNumber":45,"author":{"gitId":"jeronkk"},"content":"                     ##..# ........ +..+:::.........:......:\u003d..* ....... %:\u003d+*#*#*%%","lastModifiedDate":"2025-02-01","isFullCredit":false},{"lineNumber":46,"author":{"gitId":"jeronkk"},"content":"                 @%%%+%*.*: ........  \u003d..\u003d\u003d\u003d---........---\u003d..+  ........ *..\u003d\u003d+++*#*#@%","lastModifiedDate":"2025-02-01","isFullCredit":false},{"lineNumber":47,"author":{"gitId":"jeronkk"},"content":"             @@%*#\u003d++\u003d--..% ........... ::...::::-:::..:...+  .......... \u003d..--\u003d\u003d+++++*%%@","lastModifiedDate":"2025-02-01","isFullCredit":false},{"lineNumber":48,"author":{"gitId":"jeronkk"},"content":"           @@%*+*\u003d\u003d\u003d\u003d\u003d--..+ .............   *.....::....*  ..........:..  -.-:-\u003d\u003d\u003d\u003d\u003d+**++%","lastModifiedDate":"2025-02-01","isFullCredit":false},{"lineNumber":49,"author":{"gitId":"jeronkk"},"content":"          %%*\u003d\u003d\u003d*\u003d\u003d-\u003d--::..  .................    ..    ......::\u003d::...... +...:::---\u003d#+\u003d*%%","lastModifiedDate":"2025-02-01","isFullCredit":false},{"lineNumber":50,"author":{"gitId":"jeronkk"},"content":"         %#\u003d\u003d--\u003d-:---::....  .......................................-.... ...:.:::::\u003d\u003d-\u003d**#@","lastModifiedDate":"2025-02-01","isFullCredit":false},{"lineNumber":51,"author":{"gitId":"jeronkk"},"content":"        %#+---:::::....::..  ......-.............................:........ -.....::.-\u003d\u003d++**%@","lastModifiedDate":"2025-02-01","isFullCredit":false},{"lineNumber":52,"author":{"gitId":"jeronkk"},"content":"       %#*\u003d\u003d---:.:.:..:::.: ...:*:........................................ :..:.....:--+\u003d+*%%","lastModifiedDate":"2025-02-01","isFullCredit":false},{"lineNumber":53,"author":{"gitId":"jeronkk"},"content":"       %*+-\u003d::....:-::-...+ ............................................... \u003d..:....:..---+#%%","lastModifiedDate":"2025-02-01","isFullCredit":false},{"lineNumber":54,"author":{"gitId":"jeronkk"},"content":"   ██╗     ███████╗██████╗ ██████╗  ██████╗ ███╗   ██╗         ██╗ █████╗ ███╗   ███╗███████╗███████╗","lastModifiedDate":"2025-02-01","isFullCredit":false},{"lineNumber":55,"author":{"gitId":"jeronkk"},"content":"   ██║     ██╔════╝██╔══██╗██╔══██╗██╔═══██╗████╗  ██║         ██║██╔══██╗████╗ ████║██╔════╝██╔════╝","lastModifiedDate":"2025-02-01","isFullCredit":false},{"lineNumber":56,"author":{"gitId":"jeronkk"},"content":"   ██║     █████╗  ██████╔╝██████╔╝██║   ██║██╔██╗ ██║         ██║███████║██╔████╔██║█████╗  ███████╗","lastModifiedDate":"2025-02-01","isFullCredit":false},{"lineNumber":57,"author":{"gitId":"jeronkk"},"content":"   ██║     ██╔══╝  ██╔══██╗██╔══██╗██║   ██║██║╚██╗██║    ██   ██║██╔══██║██║╚██╔╝██║██╔══╝  ╚════██║","lastModifiedDate":"2025-02-01","isFullCredit":false},{"lineNumber":58,"author":{"gitId":"jeronkk"},"content":"   ███████╗███████╗██████╔╝██║  ██║╚██████╔╝██║ ╚████║    ╚█████╔╝██║  ██║██║ ╚═╝ ██║███████╗███████║","lastModifiedDate":"2025-02-01","isFullCredit":false},{"lineNumber":59,"author":{"gitId":"jeronkk"},"content":"   ╚══════╝╚══════╝╚═════╝ ╚═╝  ╚═╝ ╚═════╝ ╚═╝  ╚═══╝     ╚════╝ ╚═╝  ╚═╝╚═╝     ╚═╝╚══════╝╚══════╝","lastModifiedDate":"2025-02-01","isFullCredit":false},{"lineNumber":60,"author":{"gitId":"jeronkk"},"content":"","lastModifiedDate":"2025-02-01","isFullCredit":false},{"lineNumber":61,"author":{"gitId":"jeronkk"},"content":"   ____________________________________________","lastModifiedDate":"2025-02-01","isFullCredit":false},{"lineNumber":62,"author":{"gitId":"jeronkk"},"content":"   Hello! I\u0027m Lebron James.","lastModifiedDate":"2025-02-01","isFullCredit":false},{"lineNumber":63,"author":{"gitId":"jeronkk"},"content":"   What can I do for you?","lastModifiedDate":"2025-02-01","isFullCredit":false},{"lineNumber":64,"author":{"gitId":"jeronkk"},"content":"   ____________________________________________","lastModifiedDate":"2025-02-01","isFullCredit":false},{"lineNumber":65,"author":{"gitId":"-"},"content":"   ```","lastModifiedDate":"2020-05-25","isFullCredit":false},{"lineNumber":66,"author":{"gitId":"-"},"content":"","lastModifiedDate":"2025-01-04","isFullCredit":false},{"lineNumber":67,"author":{"gitId":"-"},"content":"**Warning:** Keep the `src\\main\\java` folder as the root folder for Java files (i.e., don\u0027t rename those folders or move Java files to another folder outside of this folder path), as this is the default location some tools (e.g., Gradle) expect to find Java files.","lastModifiedDate":"2025-01-04","isFullCredit":false}],"authorContributionMap":{"-":19,"jeronkk":48}},{"path":"data/LeChatBot.txt","fileType":"txt","lines":[{"lineNumber":1,"author":{"gitId":"jeronkk"},"content":"E | 0 | team meeting | Mon 2pm | 4pm","lastModifiedDate":"2025-02-02","isFullCredit":false},{"lineNumber":2,"author":{"gitId":"jeronkk"},"content":"T | 0 | watch Bronny in the G-League","lastModifiedDate":"2025-02-02","isFullCredit":false},{"lineNumber":3,"author":{"gitId":"jeronkk"},"content":"D | 0 | submit scouting report | Friday","lastModifiedDate":"2025-02-02","isFullCredit":false},{"lineNumber":4,"author":{"gitId":"jeronkk"},"content":"E | 0 | team meeting | Wed 3pm | 5pm","lastModifiedDate":"2025-02-02","isFullCredit":false}],"authorContributionMap":{"jeronkk":4}},{"path":"src/main/java/Deadline.java","fileType":"java","lines":[{"lineNumber":1,"author":{"gitId":"jeronkk"},"content":"public class Deadline extends Task {","lastModifiedDate":"2025-02-01","isFullCredit":false},{"lineNumber":2,"author":{"gitId":"jeronkk"},"content":"    private final String by;","lastModifiedDate":"2025-02-02","isFullCredit":false},{"lineNumber":3,"author":{"gitId":"jeronkk"},"content":"","lastModifiedDate":"2025-02-01","isFullCredit":false},{"lineNumber":4,"author":{"gitId":"jeronkk"},"content":"    public Deadline(String description, String by) {","lastModifiedDate":"2025-02-01","isFullCredit":false},{"lineNumber":5,"author":{"gitId":"jeronkk"},"content":"        super(description);","lastModifiedDate":"2025-02-01","isFullCredit":false},{"lineNumber":6,"author":{"gitId":"jeronkk"},"content":"        this.by \u003d by;","lastModifiedDate":"2025-02-01","isFullCredit":false},{"lineNumber":7,"author":{"gitId":"jeronkk"},"content":"    }","lastModifiedDate":"2025-02-01","isFullCredit":false},{"lineNumber":8,"author":{"gitId":"jeronkk"},"content":"","lastModifiedDate":"2025-02-01","isFullCredit":false},{"lineNumber":9,"author":{"gitId":"jeronkk"},"content":"    @Override","lastModifiedDate":"2025-02-02","isFullCredit":false},{"lineNumber":10,"author":{"gitId":"jeronkk"},"content":"    public String toFileFormat() {","lastModifiedDate":"2025-02-02","isFullCredit":false},{"lineNumber":11,"author":{"gitId":"jeronkk"},"content":"        return \"D | \" + (isDone ? \"1\" : \"0\") + \" | \" + description + \" | \" + by;","lastModifiedDate":"2025-02-02","isFullCredit":false},{"lineNumber":12,"author":{"gitId":"jeronkk"},"content":"    }","lastModifiedDate":"2025-02-02","isFullCredit":false},{"lineNumber":13,"author":{"gitId":"jeronkk"},"content":"","lastModifiedDate":"2025-02-02","isFullCredit":false},{"lineNumber":14,"author":{"gitId":"jeronkk"},"content":"    @Override","lastModifiedDate":"2025-02-01","isFullCredit":false},{"lineNumber":15,"author":{"gitId":"jeronkk"},"content":"    public String toString() {","lastModifiedDate":"2025-02-01","isFullCredit":false},{"lineNumber":16,"author":{"gitId":"jeronkk"},"content":"        return \"[D]\" + super.toString() + \" (by: \" + by + \")\";","lastModifiedDate":"2025-02-01","isFullCredit":false},{"lineNumber":17,"author":{"gitId":"jeronkk"},"content":"    }","lastModifiedDate":"2025-02-01","isFullCredit":false},{"lineNumber":18,"author":{"gitId":"jeronkk"},"content":"}","lastModifiedDate":"2025-02-01","isFullCredit":false}],"authorContributionMap":{"jeronkk":18}},{"path":"src/main/java/Event.java","fileType":"java","lines":[{"lineNumber":1,"author":{"gitId":"jeronkk"},"content":"public class Event extends Task {","lastModifiedDate":"2025-02-01","isFullCredit":false},{"lineNumber":2,"author":{"gitId":"jeronkk"},"content":"    private final String from;","lastModifiedDate":"2025-02-02","isFullCredit":false},{"lineNumber":3,"author":{"gitId":"jeronkk"},"content":"    private final String to;","lastModifiedDate":"2025-02-02","isFullCredit":false},{"lineNumber":4,"author":{"gitId":"jeronkk"},"content":"","lastModifiedDate":"2025-02-01","isFullCredit":false},{"lineNumber":5,"author":{"gitId":"jeronkk"},"content":"    public Event(String description, String from, String to) {","lastModifiedDate":"2025-02-01","isFullCredit":false},{"lineNumber":6,"author":{"gitId":"jeronkk"},"content":"        super(description);","lastModifiedDate":"2025-02-01","isFullCredit":false},{"lineNumber":7,"author":{"gitId":"jeronkk"},"content":"        this.from \u003d from;","lastModifiedDate":"2025-02-01","isFullCredit":false},{"lineNumber":8,"author":{"gitId":"jeronkk"},"content":"        this.to \u003d to;","lastModifiedDate":"2025-02-01","isFullCredit":false},{"lineNumber":9,"author":{"gitId":"jeronkk"},"content":"    }","lastModifiedDate":"2025-02-01","isFullCredit":false},{"lineNumber":10,"author":{"gitId":"jeronkk"},"content":"","lastModifiedDate":"2025-02-01","isFullCredit":false},{"lineNumber":11,"author":{"gitId":"jeronkk"},"content":"    @Override","lastModifiedDate":"2025-02-02","isFullCredit":false},{"lineNumber":12,"author":{"gitId":"jeronkk"},"content":"    public String toFileFormat() {","lastModifiedDate":"2025-02-02","isFullCredit":false},{"lineNumber":13,"author":{"gitId":"jeronkk"},"content":"        return \"E | \" + (isDone ? \"1\" : \"0\") + \" | \" + description + \" | \" + from + \" | \" + to;","lastModifiedDate":"2025-02-02","isFullCredit":false},{"lineNumber":14,"author":{"gitId":"jeronkk"},"content":"    }","lastModifiedDate":"2025-02-02","isFullCredit":false},{"lineNumber":15,"author":{"gitId":"jeronkk"},"content":"","lastModifiedDate":"2025-02-02","isFullCredit":false},{"lineNumber":16,"author":{"gitId":"jeronkk"},"content":"    @Override","lastModifiedDate":"2025-02-01","isFullCredit":false},{"lineNumber":17,"author":{"gitId":"jeronkk"},"content":"    public String toString() {","lastModifiedDate":"2025-02-01","isFullCredit":false},{"lineNumber":18,"author":{"gitId":"jeronkk"},"content":"        return \"[E]\" + super.toString() + \" (from: \" + from + \" to: \" + to + \")\";","lastModifiedDate":"2025-02-01","isFullCredit":false},{"lineNumber":19,"author":{"gitId":"jeronkk"},"content":"    }","lastModifiedDate":"2025-02-01","isFullCredit":false},{"lineNumber":20,"author":{"gitId":"jeronkk"},"content":"}","lastModifiedDate":"2025-02-01","isFullCredit":false}],"authorContributionMap":{"jeronkk":20}},{"path":"src/main/java/LeChatBot.java","fileType":"java","lines":[{"lineNumber":1,"author":{"gitId":"jeronkk"},"content":"import java.io.IOException;","lastModifiedDate":"2025-02-02","isFullCredit":false},{"lineNumber":2,"author":{"gitId":"jeronkk"},"content":"import java.util.Scanner;","lastModifiedDate":"2025-01-31","isFullCredit":false},{"lineNumber":3,"author":{"gitId":"jeronkk"},"content":"import java.util.ArrayList;","lastModifiedDate":"2025-02-01","isFullCredit":false},{"lineNumber":4,"author":{"gitId":"jeronkk"},"content":"import java.util.List;","lastModifiedDate":"2025-02-01","isFullCredit":false},{"lineNumber":5,"author":{"gitId":"jeronkk"},"content":"","lastModifiedDate":"2025-01-31","isFullCredit":false},{"lineNumber":6,"author":{"gitId":"jeronkk"},"content":"public class LeChatBot {","lastModifiedDate":"2025-02-01","isFullCredit":false},{"lineNumber":7,"author":{"gitId":"jeronkk"},"content":"    private static final String LINE \u003d \"____________________________________________\";","lastModifiedDate":"2025-02-01","isFullCredit":false},{"lineNumber":8,"author":{"gitId":"jeronkk"},"content":"    private static final int MAX_TASKS \u003d 100;","lastModifiedDate":"2025-01-31","isFullCredit":false},{"lineNumber":9,"author":{"gitId":"jeronkk"},"content":"    private List\u003cTask\u003e tasks;","lastModifiedDate":"2025-02-02","isFullCredit":false},{"lineNumber":10,"author":{"gitId":"jeronkk"},"content":"    private Scanner scanner;","lastModifiedDate":"2025-02-02","isFullCredit":false},{"lineNumber":11,"author":{"gitId":"jeronkk"},"content":"    private Storage storage;","lastModifiedDate":"2025-02-02","isFullCredit":false},{"lineNumber":12,"author":{"gitId":"jeronkk"},"content":"","lastModifiedDate":"2025-02-02","isFullCredit":false},{"lineNumber":13,"author":{"gitId":"jeronkk"},"content":"    public LeChatBot() {","lastModifiedDate":"2025-02-02","isFullCredit":false},{"lineNumber":14,"author":{"gitId":"jeronkk"},"content":"        this.tasks \u003d new ArrayList\u003c\u003e();","lastModifiedDate":"2025-02-02","isFullCredit":false},{"lineNumber":15,"author":{"gitId":"jeronkk"},"content":"        this.scanner \u003d new Scanner(System.in);","lastModifiedDate":"2025-02-02","isFullCredit":false},{"lineNumber":16,"author":{"gitId":"jeronkk"},"content":"        this.storage \u003d new Storage();","lastModifiedDate":"2025-02-02","isFullCredit":false},{"lineNumber":17,"author":{"gitId":"jeronkk"},"content":"        try {","lastModifiedDate":"2025-02-02","isFullCredit":false},{"lineNumber":18,"author":{"gitId":"jeronkk"},"content":"            this.tasks \u003d this.storage.load();","lastModifiedDate":"2025-02-02","isFullCredit":false},{"lineNumber":19,"author":{"gitId":"jeronkk"},"content":"        } catch (IOException e) {","lastModifiedDate":"2025-02-02","isFullCredit":false},{"lineNumber":20,"author":{"gitId":"jeronkk"},"content":"            System.out.println(LINE + \"\\nError loading saved tasks: \" + e.getMessage() + \"\\n\" + LINE);","lastModifiedDate":"2025-02-02","isFullCredit":false},{"lineNumber":21,"author":{"gitId":"jeronkk"},"content":"        }","lastModifiedDate":"2025-02-02","isFullCredit":false},{"lineNumber":22,"author":{"gitId":"jeronkk"},"content":"    }","lastModifiedDate":"2025-02-02","isFullCredit":false},{"lineNumber":23,"author":{"gitId":"jeronkk"},"content":"","lastModifiedDate":"2025-01-31","isFullCredit":false},{"lineNumber":24,"author":{"gitId":"jeronkk"},"content":"    public enum Command {","lastModifiedDate":"2025-02-01","isFullCredit":false},{"lineNumber":25,"author":{"gitId":"jeronkk"},"content":"        LIST, MARK, UNMARK, TODO, DEADLINE, EVENT, DELETE, BYE, INVALID","lastModifiedDate":"2025-02-01","isFullCredit":false},{"lineNumber":26,"author":{"gitId":"jeronkk"},"content":"    }","lastModifiedDate":"2025-02-01","isFullCredit":false},{"lineNumber":27,"author":{"gitId":"jeronkk"},"content":"","lastModifiedDate":"2025-02-01","isFullCredit":false},{"lineNumber":28,"author":{"gitId":"jeronkk"},"content":"    public enum TaskType {","lastModifiedDate":"2025-02-01","isFullCredit":false},{"lineNumber":29,"author":{"gitId":"jeronkk"},"content":"        TODO, DEADLINE, EVENT","lastModifiedDate":"2025-02-01","isFullCredit":false},{"lineNumber":30,"author":{"gitId":"jeronkk"},"content":"    }","lastModifiedDate":"2025-02-01","isFullCredit":false},{"lineNumber":31,"author":{"gitId":"jeronkk"},"content":"","lastModifiedDate":"2025-02-01","isFullCredit":false},{"lineNumber":32,"author":{"gitId":"jeronkk"},"content":"    public enum ErrorType {","lastModifiedDate":"2025-02-01","isFullCredit":false},{"lineNumber":33,"author":{"gitId":"jeronkk"},"content":"        EMPTY_DESCRIPTION(\"OOPS!!! The description cannot be empty.\"),","lastModifiedDate":"2025-02-01","isFullCredit":false},{"lineNumber":34,"author":{"gitId":"jeronkk"},"content":"        TASK_LIST_FULL(\"OOPS!!! The task list is full.\"),","lastModifiedDate":"2025-02-01","isFullCredit":false},{"lineNumber":35,"author":{"gitId":"jeronkk"},"content":"        INVALID_COMMAND(\"OOPS!!! Invalid command! Try: todo, deadline, event, list, mark, unmark, bye\"),","lastModifiedDate":"2025-02-01","isFullCredit":false},{"lineNumber":36,"author":{"gitId":"jeronkk"},"content":"        INVALID_TASK_NUMBER(\"OOPS!!! The task number provided is invalid.\"),","lastModifiedDate":"2025-02-02","isFullCredit":false},{"lineNumber":37,"author":{"gitId":"jeronkk"},"content":"        IO_ERROR(\"OOPS!!! An error occurred while saving or loading tasks.\");","lastModifiedDate":"2025-02-02","isFullCredit":false},{"lineNumber":38,"author":{"gitId":"jeronkk"},"content":"","lastModifiedDate":"2025-02-01","isFullCredit":false},{"lineNumber":39,"author":{"gitId":"jeronkk"},"content":"        private final String message;","lastModifiedDate":"2025-02-01","isFullCredit":false},{"lineNumber":40,"author":{"gitId":"jeronkk"},"content":"","lastModifiedDate":"2025-02-01","isFullCredit":false},{"lineNumber":41,"author":{"gitId":"jeronkk"},"content":"        ErrorType(String message) {","lastModifiedDate":"2025-02-01","isFullCredit":false},{"lineNumber":42,"author":{"gitId":"jeronkk"},"content":"            this.message \u003d message;","lastModifiedDate":"2025-02-01","isFullCredit":false},{"lineNumber":43,"author":{"gitId":"jeronkk"},"content":"        }","lastModifiedDate":"2025-02-01","isFullCredit":false},{"lineNumber":44,"author":{"gitId":"jeronkk"},"content":"","lastModifiedDate":"2025-02-01","isFullCredit":false},{"lineNumber":45,"author":{"gitId":"jeronkk"},"content":"        public String getMessage() {","lastModifiedDate":"2025-02-01","isFullCredit":false},{"lineNumber":46,"author":{"gitId":"jeronkk"},"content":"            return message;","lastModifiedDate":"2025-02-01","isFullCredit":false},{"lineNumber":47,"author":{"gitId":"jeronkk"},"content":"        }","lastModifiedDate":"2025-02-01","isFullCredit":false},{"lineNumber":48,"author":{"gitId":"jeronkk"},"content":"    }","lastModifiedDate":"2025-02-01","isFullCredit":false},{"lineNumber":49,"author":{"gitId":"jeronkk"},"content":"","lastModifiedDate":"2025-02-01","isFullCredit":false},{"lineNumber":50,"author":{"gitId":"jeronkk"},"content":"    public static void printWelcomeMessage() {","lastModifiedDate":"2025-02-01","isFullCredit":false},{"lineNumber":51,"author":{"gitId":"jeronkk"},"content":"        String asciiArt \u003d \"\"\"","lastModifiedDate":"2025-01-31","isFullCredit":false},{"lineNumber":52,"author":{"gitId":"jeronkk"},"content":"                                                            @@@@@@@@@@@@                                           \\s","lastModifiedDate":"2025-01-31","isFullCredit":false},{"lineNumber":53,"author":{"gitId":"jeronkk"},"content":"                                                          @@@@%#*#*##%@@@@@                                        \\s","lastModifiedDate":"2025-01-31","isFullCredit":false},{"lineNumber":54,"author":{"gitId":"jeronkk"},"content":"                                                        @@#**++++++****####@@                                       \\s","lastModifiedDate":"2025-01-31","isFullCredit":false},{"lineNumber":55,"author":{"gitId":"jeronkk"},"content":"                                                       @%#*+\u003d-\u003d\u003d\u003d\u003d\u003d\u003d\u003d+++*###@@                                      \\s","lastModifiedDate":"2025-01-31","isFullCredit":false},{"lineNumber":56,"author":{"gitId":"jeronkk"},"content":"                                                      @@**---:-\u003d\u003d\u003d\u003d\u003d\u003d+\u003d\u003d-\u003d###@@                                     \\s","lastModifiedDate":"2025-01-31","isFullCredit":false},{"lineNumber":57,"author":{"gitId":"jeronkk"},"content":"                                                      @%++*+\u003d+**++\u003d\u003d+*##*****%@                                     \\s","lastModifiedDate":"2025-01-31","isFullCredit":false},{"lineNumber":58,"author":{"gitId":"jeronkk"},"content":"                                                      %#+##+\u003d--::-::::---+#%**%@                                    \\s","lastModifiedDate":"2025-01-31","isFullCredit":false},{"lineNumber":59,"author":{"gitId":"jeronkk"},"content":"                                                      #*##*+#%@+\u003d....\u003d#@@%+*%*#@                                    \\s","lastModifiedDate":"2025-01-31","isFullCredit":false},{"lineNumber":60,"author":{"gitId":"jeronkk"},"content":"                                                    %####\u003d*##%\u003d\u003d----\u003d\u003d**%****##@%%                                 \\s","lastModifiedDate":"2025-01-31","isFullCredit":false},{"lineNumber":61,"author":{"gitId":"jeronkk"},"content":"                                                   -#\u003d#@+\u003d*\u003d\u003d+###+\u003d++%%%*\u003d*#+%#\u003d*#                                 \\s","lastModifiedDate":"2025-01-31","isFullCredit":false},{"lineNumber":62,"author":{"gitId":"jeronkk"},"content":"                                                   *.-%*-:::---\u003d+\u003d\u003d-\u003d++\u003d-:::\u003d*%+:-                                 \\s","lastModifiedDate":"2025-01-31","isFullCredit":false},{"lineNumber":63,"author":{"gitId":"jeronkk"},"content":"                                                   *%+%+\u003d..:-*\u003d-.   ..-++-..\u003d*#+%#                                 \\s","lastModifiedDate":"2025-01-31","isFullCredit":false},{"lineNumber":64,"author":{"gitId":"jeronkk"},"content":"                                                    +#@*+..::.:-\u003d*##+\u003d-:.::.:+#%+*                                 \\s","lastModifiedDate":"2025-01-31","isFullCredit":false},{"lineNumber":65,"author":{"gitId":"jeronkk"},"content":"                                                    *@@**--\u003d*#%@%%##%*@@%*\u003d-\u003d#%%*                                  \\s","lastModifiedDate":"2025-01-31","isFullCredit":false},{"lineNumber":66,"author":{"gitId":"jeronkk"},"content":"                                                     @@%+-.-*@+-      -#@*-:\u003d%@@                                   \\s","lastModifiedDate":"2025-01-31","isFullCredit":false},{"lineNumber":67,"author":{"gitId":"jeronkk"},"content":"                                                     @@@@@@\u003d-\u003d\u003d:  .   \u003d**-*@@@@@                                   \\s","lastModifiedDate":"2025-01-31","isFullCredit":false},{"lineNumber":68,"author":{"gitId":"jeronkk"},"content":"                                                     #@@@@@@@#::*%%#**--@@@@@@@@                                   \\s","lastModifiedDate":"2025-01-31","isFullCredit":false},{"lineNumber":69,"author":{"gitId":"jeronkk"},"content":"                                                      @@@@@@@@@-.-\u003d+:.\u003d@@@@@@@@                                    \\s","lastModifiedDate":"2025-01-31","isFullCredit":false},{"lineNumber":70,"author":{"gitId":"jeronkk"},"content":"                                                      @@@@@@@@@@@#%%*#@@@@@@@@@                                    \\s","lastModifiedDate":"2025-01-31","isFullCredit":false},{"lineNumber":71,"author":{"gitId":"jeronkk"},"content":"                                                       @@@@@@@@@@@@@@@@@@@@@@@                                     \\s","lastModifiedDate":"2025-01-31","isFullCredit":false},{"lineNumber":72,"author":{"gitId":"jeronkk"},"content":"                                                        *#@@@@@@@@@@@@@@@@@%*                                      \\s","lastModifiedDate":"2025-01-31","isFullCredit":false},{"lineNumber":73,"author":{"gitId":"jeronkk"},"content":"                                                       @#\u003d--+%@@@@@@@@@@%+\u003d\u003d*%%@*:                                 \\s","lastModifiedDate":"2025-01-31","isFullCredit":false},{"lineNumber":74,"author":{"gitId":"jeronkk"},"content":"                                                +.#@####*\u003d-::-\u003d\u003d+-:-+\u003d\u003d+---\u003d+#**:\u003d\u003d...                             \\s","lastModifiedDate":"2025-01-31","isFullCredit":false},{"lineNumber":75,"author":{"gitId":"jeronkk"},"content":"                                             .. .:.+#\u003d\u003d++--...:--\u003d+*\u003d---:--\u003d\u003d++@@@...... #                         \\s","lastModifiedDate":"2025-01-31","isFullCredit":false},{"lineNumber":76,"author":{"gitId":"jeronkk"},"content":"                                           ..... \u003d:.\u003d:-\u003d\u003d--:.....:---::.::::\u003d\u003d+..%@@\u003d:.. @.-%                      \\s","lastModifiedDate":"2025-01-31","isFullCredit":false},{"lineNumber":77,"author":{"gitId":"jeronkk"},"content":"                                       %# .......  -.+-:--:::::::......::::::+:.% ....-@@@\u003d+@###                   \\s","lastModifiedDate":"2025-01-31","isFullCredit":false},{"lineNumber":78,"author":{"gitId":"jeronkk"},"content":"                                     ##..# ........ +..+:::.........:......:\u003d..* ....... %:\u003d+*#*#*%%               \\s","lastModifiedDate":"2025-01-31","isFullCredit":false},{"lineNumber":79,"author":{"gitId":"jeronkk"},"content":"                                 @%%%+%*.*: ........  \u003d..\u003d\u003d\u003d---........---\u003d..+  ........ *..\u003d\u003d+++*#*#@%            \\s","lastModifiedDate":"2025-01-31","isFullCredit":false},{"lineNumber":80,"author":{"gitId":"jeronkk"},"content":"                             @@%*#\u003d++\u003d--..% ........... ::...::::-:::..:...+  .......... \u003d..--\u003d\u003d+++++*%%@          \\s","lastModifiedDate":"2025-01-31","isFullCredit":false},{"lineNumber":81,"author":{"gitId":"jeronkk"},"content":"                           @@%*+*\u003d\u003d\u003d\u003d\u003d--..+ .............   *.....::....*  ..........:..  -.-:-\u003d\u003d\u003d\u003d\u003d+**++%         \\s","lastModifiedDate":"2025-01-31","isFullCredit":false},{"lineNumber":82,"author":{"gitId":"jeronkk"},"content":"                          %%*\u003d\u003d\u003d*\u003d\u003d-\u003d--::..  .................    ..    ......::\u003d::...... +...:::---\u003d#+\u003d*%%        \\s","lastModifiedDate":"2025-01-31","isFullCredit":false},{"lineNumber":83,"author":{"gitId":"jeronkk"},"content":"                         %#\u003d\u003d--\u003d-:---::....  .......................................-.... ...:.:::::\u003d\u003d-\u003d**#@       \\s","lastModifiedDate":"2025-01-31","isFullCredit":false},{"lineNumber":84,"author":{"gitId":"jeronkk"},"content":"                        %#+---:::::....::..  ......-.............................:........ -.....::.-\u003d\u003d++**%@      \\s","lastModifiedDate":"2025-01-31","isFullCredit":false},{"lineNumber":85,"author":{"gitId":"jeronkk"},"content":"                       %#*\u003d\u003d---:.:.:..:::.: ...:*:........................................ :..:.....:--+\u003d+*%%      \\s","lastModifiedDate":"2025-01-31","isFullCredit":false},{"lineNumber":86,"author":{"gitId":"jeronkk"},"content":"                       %*+-\u003d::....:-::-...+ ............................................... \u003d..:....:..---+#%%     \\s","lastModifiedDate":"2025-01-31","isFullCredit":false},{"lineNumber":87,"author":{"gitId":"jeronkk"},"content":"                \"\"\";","lastModifiedDate":"2025-01-31","isFullCredit":false},{"lineNumber":88,"author":{"gitId":"jeronkk"},"content":"        String asciiText \u003d \"\"\"","lastModifiedDate":"2025-01-31","isFullCredit":false},{"lineNumber":89,"author":{"gitId":"jeronkk"},"content":"                ██╗     ███████╗██████╗ ██████╗  ██████╗ ███╗   ██╗         ██╗ █████╗ ███╗   ███╗███████╗███████╗","lastModifiedDate":"2025-01-31","isFullCredit":false},{"lineNumber":90,"author":{"gitId":"jeronkk"},"content":"                ██║     ██╔════╝██╔══██╗██╔══██╗██╔═══██╗████╗  ██║         ██║██╔══██╗████╗ ████║██╔════╝██╔════╝","lastModifiedDate":"2025-01-31","isFullCredit":false},{"lineNumber":91,"author":{"gitId":"jeronkk"},"content":"                ██║     █████╗  ██████╔╝██████╔╝██║   ██║██╔██╗ ██║         ██║███████║██╔████╔██║█████╗  ███████╗","lastModifiedDate":"2025-01-31","isFullCredit":false},{"lineNumber":92,"author":{"gitId":"jeronkk"},"content":"                ██║     ██╔══╝  ██╔══██╗██╔══██╗██║   ██║██║╚██╗██║    ██   ██║██╔══██║██║╚██╔╝██║██╔══╝  ╚════██║","lastModifiedDate":"2025-01-31","isFullCredit":false},{"lineNumber":93,"author":{"gitId":"jeronkk"},"content":"                ███████╗███████╗██████╔╝██║  ██║╚██████╔╝██║ ╚████║    ╚█████╔╝██║  ██║██║ ╚═╝ ██║███████╗███████║","lastModifiedDate":"2025-01-31","isFullCredit":false},{"lineNumber":94,"author":{"gitId":"jeronkk"},"content":"                ╚══════╝╚══════╝╚═════╝ ╚═╝  ╚═╝ ╚═════╝ ╚═╝  ╚═══╝     ╚════╝ ╚═╝  ╚═╝╚═╝     ╚═╝╚══════╝╚══════╝","lastModifiedDate":"2025-01-31","isFullCredit":false},{"lineNumber":95,"author":{"gitId":"jeronkk"},"content":"                \"\"\";","lastModifiedDate":"2025-01-31","isFullCredit":false},{"lineNumber":96,"author":{"gitId":"jeronkk"},"content":"        System.out.println(asciiArt + asciiText);","lastModifiedDate":"2025-01-31","isFullCredit":false},{"lineNumber":97,"author":{"gitId":"jeronkk"},"content":"        System.out.println(LINE + \"\\nHello! I\u0027m Lebron James.\\nWhat can I do for you?\\n\" + LINE);","lastModifiedDate":"2025-02-01","isFullCredit":false},{"lineNumber":98,"author":{"gitId":"jeronkk"},"content":"    }","lastModifiedDate":"2025-02-01","isFullCredit":false},{"lineNumber":99,"author":{"gitId":"jeronkk"},"content":"","lastModifiedDate":"2025-01-31","isFullCredit":false},{"lineNumber":100,"author":{"gitId":"jeronkk"},"content":"    public static void printExitMessage() {","lastModifiedDate":"2025-02-01","isFullCredit":false},{"lineNumber":101,"author":{"gitId":"jeronkk"},"content":"        System.out.println(LINE + \"\\nBye. Hope to see you again soon!\\n\" + LINE);","lastModifiedDate":"2025-02-01","isFullCredit":false},{"lineNumber":102,"author":{"gitId":"jeronkk"},"content":"    }","lastModifiedDate":"2025-02-01","isFullCredit":false},{"lineNumber":103,"author":{"gitId":"jeronkk"},"content":"","lastModifiedDate":"2025-02-01","isFullCredit":false},{"lineNumber":104,"author":{"gitId":"jeronkk"},"content":"    public void printTaskList() {","lastModifiedDate":"2025-02-02","isFullCredit":false},{"lineNumber":105,"author":{"gitId":"jeronkk"},"content":"        System.out.print(LINE);","lastModifiedDate":"2025-02-01","isFullCredit":false},{"lineNumber":106,"author":{"gitId":"jeronkk"},"content":"        if (tasks.isEmpty()) {","lastModifiedDate":"2025-02-01","isFullCredit":false},{"lineNumber":107,"author":{"gitId":"jeronkk"},"content":"            System.out.println(\"\\nNo tasks added yet.\");","lastModifiedDate":"2025-02-01","isFullCredit":false},{"lineNumber":108,"author":{"gitId":"jeronkk"},"content":"        } else {","lastModifiedDate":"2025-01-31","isFullCredit":false},{"lineNumber":109,"author":{"gitId":"jeronkk"},"content":"            System.out.println(\"\\nHere are the tasks in your list:\");","lastModifiedDate":"2025-02-01","isFullCredit":false},{"lineNumber":110,"author":{"gitId":"jeronkk"},"content":"            for (int i \u003d 0; i \u003c tasks.size(); i++) {","lastModifiedDate":"2025-02-01","isFullCredit":false},{"lineNumber":111,"author":{"gitId":"jeronkk"},"content":"                System.out.println((i + 1) + \". \" + tasks.get(i));","lastModifiedDate":"2025-02-01","isFullCredit":false},{"lineNumber":112,"author":{"gitId":"jeronkk"},"content":"            }","lastModifiedDate":"2025-01-31","isFullCredit":false},{"lineNumber":113,"author":{"gitId":"jeronkk"},"content":"        }","lastModifiedDate":"2025-01-31","isFullCredit":false},{"lineNumber":114,"author":{"gitId":"jeronkk"},"content":"        System.out.print(LINE + \"\\n\");","lastModifiedDate":"2025-02-01","isFullCredit":false},{"lineNumber":115,"author":{"gitId":"jeronkk"},"content":"    }","lastModifiedDate":"2025-02-01","isFullCredit":false},{"lineNumber":116,"author":{"gitId":"jeronkk"},"content":"","lastModifiedDate":"2025-02-01","isFullCredit":false},{"lineNumber":117,"author":{"gitId":"jeronkk"},"content":"    public static Command getCommand(String input) {","lastModifiedDate":"2025-02-01","isFullCredit":false},{"lineNumber":118,"author":{"gitId":"jeronkk"},"content":"        if (input.equals(\"list\")) return Command.LIST;","lastModifiedDate":"2025-02-01","isFullCredit":false},{"lineNumber":119,"author":{"gitId":"jeronkk"},"content":"        if (input.startsWith(\"mark \")) return Command.MARK;","lastModifiedDate":"2025-02-01","isFullCredit":false},{"lineNumber":120,"author":{"gitId":"jeronkk"},"content":"        if (input.startsWith(\"unmark \")) return Command.UNMARK;","lastModifiedDate":"2025-02-01","isFullCredit":false},{"lineNumber":121,"author":{"gitId":"jeronkk"},"content":"        if (input.startsWith(\"todo \")) return Command.TODO;","lastModifiedDate":"2025-02-01","isFullCredit":false},{"lineNumber":122,"author":{"gitId":"jeronkk"},"content":"        if (input.startsWith(\"deadline \")) return Command.DEADLINE;","lastModifiedDate":"2025-02-01","isFullCredit":false},{"lineNumber":123,"author":{"gitId":"jeronkk"},"content":"        if (input.startsWith(\"event \")) return Command.EVENT;","lastModifiedDate":"2025-02-01","isFullCredit":false},{"lineNumber":124,"author":{"gitId":"jeronkk"},"content":"        if (input.startsWith(\"delete \")) return Command.DELETE;","lastModifiedDate":"2025-02-01","isFullCredit":false},{"lineNumber":125,"author":{"gitId":"jeronkk"},"content":"        if (input.equals(\"bye\")) return Command.BYE;","lastModifiedDate":"2025-02-01","isFullCredit":false},{"lineNumber":126,"author":{"gitId":"jeronkk"},"content":"        return Command.INVALID;","lastModifiedDate":"2025-02-01","isFullCredit":false},{"lineNumber":127,"author":{"gitId":"jeronkk"},"content":"    }","lastModifiedDate":"2025-02-01","isFullCredit":false},{"lineNumber":128,"author":{"gitId":"jeronkk"},"content":"","lastModifiedDate":"2025-02-01","isFullCredit":false},{"lineNumber":129,"author":{"gitId":"jeronkk"},"content":"    public void handleMarkTask(String input) throws LeChatBotException {","lastModifiedDate":"2025-02-02","isFullCredit":false},{"lineNumber":130,"author":{"gitId":"jeronkk"},"content":"        try {","lastModifiedDate":"2025-02-01","isFullCredit":false},{"lineNumber":131,"author":{"gitId":"jeronkk"},"content":"            int taskIndex \u003d Integer.parseInt(input.substring(5)) - 1;","lastModifiedDate":"2025-02-01","isFullCredit":false},{"lineNumber":132,"author":{"gitId":"jeronkk"},"content":"            if (taskIndex \u003c 0 || taskIndex \u003e\u003d tasks.size()) {","lastModifiedDate":"2025-02-01","isFullCredit":false},{"lineNumber":133,"author":{"gitId":"jeronkk"},"content":"                throw new LeChatBotException(ErrorType.INVALID_TASK_NUMBER);","lastModifiedDate":"2025-02-01","isFullCredit":false},{"lineNumber":134,"author":{"gitId":"jeronkk"},"content":"            }","lastModifiedDate":"2025-02-01","isFullCredit":false},{"lineNumber":135,"author":{"gitId":"jeronkk"},"content":"            tasks.get(taskIndex).markAsDone();","lastModifiedDate":"2025-02-01","isFullCredit":false},{"lineNumber":136,"author":{"gitId":"jeronkk"},"content":"            storage.save(tasks);","lastModifiedDate":"2025-02-02","isFullCredit":false},{"lineNumber":137,"author":{"gitId":"jeronkk"},"content":"            System.out.println(LINE + \"\\nNice! I\u0027ve marked this task as done:\\n  \" + tasks.get(taskIndex) + \"\\n\" + LINE);","lastModifiedDate":"2025-02-01","isFullCredit":false},{"lineNumber":138,"author":{"gitId":"jeronkk"},"content":"        } catch (NumberFormatException e) {","lastModifiedDate":"2025-02-01","isFullCredit":false},{"lineNumber":139,"author":{"gitId":"jeronkk"},"content":"            throw new LeChatBotException(ErrorType.INVALID_COMMAND);","lastModifiedDate":"2025-02-01","isFullCredit":false},{"lineNumber":140,"author":{"gitId":"jeronkk"},"content":"        } catch (IOException e) {","lastModifiedDate":"2025-02-02","isFullCredit":false},{"lineNumber":141,"author":{"gitId":"jeronkk"},"content":"            throw new LeChatBotException(ErrorType.IO_ERROR);","lastModifiedDate":"2025-02-02","isFullCredit":false},{"lineNumber":142,"author":{"gitId":"jeronkk"},"content":"        }","lastModifiedDate":"2025-02-01","isFullCredit":false},{"lineNumber":143,"author":{"gitId":"jeronkk"},"content":"    }","lastModifiedDate":"2025-02-01","isFullCredit":false},{"lineNumber":144,"author":{"gitId":"jeronkk"},"content":"","lastModifiedDate":"2025-02-01","isFullCredit":false},{"lineNumber":145,"author":{"gitId":"jeronkk"},"content":"    public void handleUnmarkTask(String input) throws LeChatBotException {","lastModifiedDate":"2025-02-02","isFullCredit":false},{"lineNumber":146,"author":{"gitId":"jeronkk"},"content":"        try {","lastModifiedDate":"2025-02-01","isFullCredit":false},{"lineNumber":147,"author":{"gitId":"jeronkk"},"content":"            int taskIndex \u003d Integer.parseInt(input.substring(7)) - 1;","lastModifiedDate":"2025-02-01","isFullCredit":false},{"lineNumber":148,"author":{"gitId":"jeronkk"},"content":"            if (taskIndex \u003c 0 || taskIndex \u003e\u003d tasks.size()) {","lastModifiedDate":"2025-02-01","isFullCredit":false},{"lineNumber":149,"author":{"gitId":"jeronkk"},"content":"                throw new LeChatBotException(ErrorType.INVALID_TASK_NUMBER);","lastModifiedDate":"2025-02-01","isFullCredit":false},{"lineNumber":150,"author":{"gitId":"jeronkk"},"content":"            }","lastModifiedDate":"2025-02-01","isFullCredit":false},{"lineNumber":151,"author":{"gitId":"jeronkk"},"content":"            tasks.get(taskIndex).markAsNotDone();","lastModifiedDate":"2025-02-01","isFullCredit":false},{"lineNumber":152,"author":{"gitId":"jeronkk"},"content":"            storage.save(tasks);","lastModifiedDate":"2025-02-02","isFullCredit":false},{"lineNumber":153,"author":{"gitId":"jeronkk"},"content":"            System.out.println(LINE + \"\\nOK, I\u0027ve marked this task as not done yet:\\n  \" + tasks.get(taskIndex) + \"\\n\" + LINE);","lastModifiedDate":"2025-02-01","isFullCredit":false},{"lineNumber":154,"author":{"gitId":"jeronkk"},"content":"        } catch (NumberFormatException e) {","lastModifiedDate":"2025-02-01","isFullCredit":false},{"lineNumber":155,"author":{"gitId":"jeronkk"},"content":"            throw new LeChatBotException(ErrorType.INVALID_COMMAND);","lastModifiedDate":"2025-02-01","isFullCredit":false},{"lineNumber":156,"author":{"gitId":"jeronkk"},"content":"        } catch (IOException e) {","lastModifiedDate":"2025-02-02","isFullCredit":false},{"lineNumber":157,"author":{"gitId":"jeronkk"},"content":"            throw new LeChatBotException(ErrorType.IO_ERROR);","lastModifiedDate":"2025-02-02","isFullCredit":false},{"lineNumber":158,"author":{"gitId":"jeronkk"},"content":"        }","lastModifiedDate":"2025-02-01","isFullCredit":false},{"lineNumber":159,"author":{"gitId":"jeronkk"},"content":"    }","lastModifiedDate":"2025-01-31","isFullCredit":false},{"lineNumber":160,"author":{"gitId":"jeronkk"},"content":"","lastModifiedDate":"2025-02-01","isFullCredit":false},{"lineNumber":161,"author":{"gitId":"jeronkk"},"content":"    public void printTaskAddedMessage(Task task) {","lastModifiedDate":"2025-02-02","isFullCredit":false},{"lineNumber":162,"author":{"gitId":"jeronkk"},"content":"        System.out.println(LINE + \"\\nGot it. I\u0027ve added this task:\\n\" + task +","lastModifiedDate":"2025-02-01","isFullCredit":false},{"lineNumber":163,"author":{"gitId":"jeronkk"},"content":"                \"\\nNow you have \" + tasks.size() + \" tasks in the list.\\n\" + LINE);","lastModifiedDate":"2025-02-01","isFullCredit":false},{"lineNumber":164,"author":{"gitId":"jeronkk"},"content":"    }","lastModifiedDate":"2025-02-01","isFullCredit":false},{"lineNumber":165,"author":{"gitId":"jeronkk"},"content":"","lastModifiedDate":"2025-02-01","isFullCredit":false},{"lineNumber":166,"author":{"gitId":"jeronkk"},"content":"    public void handleTodoTask(String input) throws LeChatBotException {","lastModifiedDate":"2025-02-02","isFullCredit":false},{"lineNumber":167,"author":{"gitId":"jeronkk"},"content":"        if (input.trim().equals(\"todo\")) {","lastModifiedDate":"2025-02-01","isFullCredit":false},{"lineNumber":168,"author":{"gitId":"jeronkk"},"content":"            throw new LeChatBotException(ErrorType.EMPTY_DESCRIPTION);","lastModifiedDate":"2025-02-01","isFullCredit":false},{"lineNumber":169,"author":{"gitId":"jeronkk"},"content":"        }","lastModifiedDate":"2025-02-01","isFullCredit":false},{"lineNumber":170,"author":{"gitId":"jeronkk"},"content":"        if (tasks.size() \u003e\u003d MAX_TASKS) {","lastModifiedDate":"2025-02-01","isFullCredit":false},{"lineNumber":171,"author":{"gitId":"jeronkk"},"content":"            throw new LeChatBotException(ErrorType.TASK_LIST_FULL);","lastModifiedDate":"2025-02-01","isFullCredit":false},{"lineNumber":172,"author":{"gitId":"jeronkk"},"content":"        }","lastModifiedDate":"2025-02-01","isFullCredit":false},{"lineNumber":173,"author":{"gitId":"jeronkk"},"content":"        tasks.add(new Todo(input.substring(5)));","lastModifiedDate":"2025-02-01","isFullCredit":false},{"lineNumber":174,"author":{"gitId":"jeronkk"},"content":"        try {","lastModifiedDate":"2025-02-02","isFullCredit":false},{"lineNumber":175,"author":{"gitId":"jeronkk"},"content":"            storage.save(tasks);","lastModifiedDate":"2025-02-02","isFullCredit":false},{"lineNumber":176,"author":{"gitId":"jeronkk"},"content":"        } catch (IOException e) {","lastModifiedDate":"2025-02-02","isFullCredit":false},{"lineNumber":177,"author":{"gitId":"jeronkk"},"content":"            throw new LeChatBotException(ErrorType.IO_ERROR);","lastModifiedDate":"2025-02-02","isFullCredit":false},{"lineNumber":178,"author":{"gitId":"jeronkk"},"content":"        }","lastModifiedDate":"2025-02-02","isFullCredit":false},{"lineNumber":179,"author":{"gitId":"jeronkk"},"content":"        printTaskAddedMessage(tasks.get(tasks.size() - 1));","lastModifiedDate":"2025-02-01","isFullCredit":false},{"lineNumber":180,"author":{"gitId":"jeronkk"},"content":"    }","lastModifiedDate":"2025-02-01","isFullCredit":false},{"lineNumber":181,"author":{"gitId":"jeronkk"},"content":"","lastModifiedDate":"2025-02-01","isFullCredit":false},{"lineNumber":182,"author":{"gitId":"jeronkk"},"content":"    public void handleDeadlineTask(String input) throws LeChatBotException {","lastModifiedDate":"2025-02-02","isFullCredit":false},{"lineNumber":183,"author":{"gitId":"jeronkk"},"content":"        if (tasks.size() \u003e\u003d MAX_TASKS) {","lastModifiedDate":"2025-02-01","isFullCredit":false},{"lineNumber":184,"author":{"gitId":"jeronkk"},"content":"            throw new LeChatBotException(ErrorType.TASK_LIST_FULL);","lastModifiedDate":"2025-02-01","isFullCredit":false},{"lineNumber":185,"author":{"gitId":"jeronkk"},"content":"        }","lastModifiedDate":"2025-02-01","isFullCredit":false},{"lineNumber":186,"author":{"gitId":"jeronkk"},"content":"        String[] parts \u003d input.substring(9).split(\" /by \", 2);","lastModifiedDate":"2025-02-01","isFullCredit":false},{"lineNumber":187,"author":{"gitId":"jeronkk"},"content":"        if (parts.length !\u003d 2) {","lastModifiedDate":"2025-02-01","isFullCredit":false},{"lineNumber":188,"author":{"gitId":"jeronkk"},"content":"            throw new LeChatBotException(ErrorType.INVALID_COMMAND);","lastModifiedDate":"2025-02-01","isFullCredit":false},{"lineNumber":189,"author":{"gitId":"jeronkk"},"content":"        }","lastModifiedDate":"2025-02-01","isFullCredit":false},{"lineNumber":190,"author":{"gitId":"jeronkk"},"content":"        tasks.add(new Deadline(parts[0], parts[1]));","lastModifiedDate":"2025-02-01","isFullCredit":false},{"lineNumber":191,"author":{"gitId":"jeronkk"},"content":"        try {","lastModifiedDate":"2025-02-02","isFullCredit":false},{"lineNumber":192,"author":{"gitId":"jeronkk"},"content":"            storage.save(tasks);","lastModifiedDate":"2025-02-02","isFullCredit":false},{"lineNumber":193,"author":{"gitId":"jeronkk"},"content":"        } catch (IOException e) {","lastModifiedDate":"2025-02-02","isFullCredit":false},{"lineNumber":194,"author":{"gitId":"jeronkk"},"content":"            throw new LeChatBotException(ErrorType.IO_ERROR);","lastModifiedDate":"2025-02-02","isFullCredit":false},{"lineNumber":195,"author":{"gitId":"jeronkk"},"content":"        }","lastModifiedDate":"2025-02-02","isFullCredit":false},{"lineNumber":196,"author":{"gitId":"jeronkk"},"content":"        printTaskAddedMessage(tasks.get(tasks.size() - 1));","lastModifiedDate":"2025-02-01","isFullCredit":false},{"lineNumber":197,"author":{"gitId":"jeronkk"},"content":"    }","lastModifiedDate":"2025-02-01","isFullCredit":false},{"lineNumber":198,"author":{"gitId":"jeronkk"},"content":"","lastModifiedDate":"2025-02-01","isFullCredit":false},{"lineNumber":199,"author":{"gitId":"jeronkk"},"content":"    public void handleEventTask(String input) throws LeChatBotException {","lastModifiedDate":"2025-02-02","isFullCredit":false},{"lineNumber":200,"author":{"gitId":"jeronkk"},"content":"        if (tasks.size() \u003e\u003d MAX_TASKS) {","lastModifiedDate":"2025-02-01","isFullCredit":false},{"lineNumber":201,"author":{"gitId":"jeronkk"},"content":"            throw new LeChatBotException(ErrorType.TASK_LIST_FULL);","lastModifiedDate":"2025-02-01","isFullCredit":false},{"lineNumber":202,"author":{"gitId":"jeronkk"},"content":"        }","lastModifiedDate":"2025-02-01","isFullCredit":false},{"lineNumber":203,"author":{"gitId":"jeronkk"},"content":"        String[] parts \u003d input.substring(6).split(\" /from | /to \", 3);","lastModifiedDate":"2025-02-01","isFullCredit":false},{"lineNumber":204,"author":{"gitId":"jeronkk"},"content":"        if (parts.length !\u003d 3) {","lastModifiedDate":"2025-02-01","isFullCredit":false},{"lineNumber":205,"author":{"gitId":"jeronkk"},"content":"            throw new LeChatBotException(ErrorType.INVALID_COMMAND);","lastModifiedDate":"2025-02-01","isFullCredit":false},{"lineNumber":206,"author":{"gitId":"jeronkk"},"content":"        }","lastModifiedDate":"2025-02-01","isFullCredit":false},{"lineNumber":207,"author":{"gitId":"jeronkk"},"content":"        tasks.add(new Event(parts[0], parts[1], parts[2]));","lastModifiedDate":"2025-02-01","isFullCredit":false},{"lineNumber":208,"author":{"gitId":"jeronkk"},"content":"        try {","lastModifiedDate":"2025-02-02","isFullCredit":false},{"lineNumber":209,"author":{"gitId":"jeronkk"},"content":"            storage.save(tasks);","lastModifiedDate":"2025-02-02","isFullCredit":false},{"lineNumber":210,"author":{"gitId":"jeronkk"},"content":"        } catch (IOException e) {","lastModifiedDate":"2025-02-02","isFullCredit":false},{"lineNumber":211,"author":{"gitId":"jeronkk"},"content":"            throw new LeChatBotException(ErrorType.IO_ERROR);","lastModifiedDate":"2025-02-02","isFullCredit":false},{"lineNumber":212,"author":{"gitId":"jeronkk"},"content":"        }","lastModifiedDate":"2025-02-02","isFullCredit":false},{"lineNumber":213,"author":{"gitId":"jeronkk"},"content":"        printTaskAddedMessage(tasks.get(tasks.size() - 1));","lastModifiedDate":"2025-02-01","isFullCredit":false},{"lineNumber":214,"author":{"gitId":"jeronkk"},"content":"    }","lastModifiedDate":"2025-02-01","isFullCredit":false},{"lineNumber":215,"author":{"gitId":"jeronkk"},"content":"","lastModifiedDate":"2025-02-01","isFullCredit":false},{"lineNumber":216,"author":{"gitId":"jeronkk"},"content":"    public void handleDeleteTask(String input) throws LeChatBotException {","lastModifiedDate":"2025-02-02","isFullCredit":false},{"lineNumber":217,"author":{"gitId":"jeronkk"},"content":"        try {","lastModifiedDate":"2025-02-01","isFullCredit":false},{"lineNumber":218,"author":{"gitId":"jeronkk"},"content":"            int taskIndex \u003d Integer.parseInt(input.substring(7)) - 1;","lastModifiedDate":"2025-02-01","isFullCredit":false},{"lineNumber":219,"author":{"gitId":"jeronkk"},"content":"            if (taskIndex \u003c 0 || taskIndex \u003e\u003d tasks.size()) {","lastModifiedDate":"2025-02-01","isFullCredit":false},{"lineNumber":220,"author":{"gitId":"jeronkk"},"content":"                throw new LeChatBotException(ErrorType.INVALID_TASK_NUMBER);","lastModifiedDate":"2025-02-01","isFullCredit":false},{"lineNumber":221,"author":{"gitId":"jeronkk"},"content":"            }","lastModifiedDate":"2025-02-01","isFullCredit":false},{"lineNumber":222,"author":{"gitId":"jeronkk"},"content":"            Task removedTask \u003d tasks.remove(taskIndex);","lastModifiedDate":"2025-02-01","isFullCredit":false},{"lineNumber":223,"author":{"gitId":"jeronkk"},"content":"            storage.save(tasks);","lastModifiedDate":"2025-02-02","isFullCredit":false},{"lineNumber":224,"author":{"gitId":"jeronkk"},"content":"            System.out.println(LINE + \"\\nNoted. I\u0027ve removed this task:\\n  \" + removedTask +","lastModifiedDate":"2025-02-01","isFullCredit":false},{"lineNumber":225,"author":{"gitId":"jeronkk"},"content":"                    \"\\nNow you have \" + tasks.size() + \" tasks in the list.\\n\" + LINE);","lastModifiedDate":"2025-02-01","isFullCredit":false},{"lineNumber":226,"author":{"gitId":"jeronkk"},"content":"        } catch (NumberFormatException e) {","lastModifiedDate":"2025-02-01","isFullCredit":false},{"lineNumber":227,"author":{"gitId":"jeronkk"},"content":"            throw new LeChatBotException(ErrorType.INVALID_COMMAND);","lastModifiedDate":"2025-02-01","isFullCredit":false},{"lineNumber":228,"author":{"gitId":"jeronkk"},"content":"        } catch (IOException e) {","lastModifiedDate":"2025-02-02","isFullCredit":false},{"lineNumber":229,"author":{"gitId":"jeronkk"},"content":"            throw new LeChatBotException(ErrorType.IO_ERROR);","lastModifiedDate":"2025-02-02","isFullCredit":false},{"lineNumber":230,"author":{"gitId":"jeronkk"},"content":"        }","lastModifiedDate":"2025-02-01","isFullCredit":false},{"lineNumber":231,"author":{"gitId":"jeronkk"},"content":"    }","lastModifiedDate":"2025-02-01","isFullCredit":false},{"lineNumber":232,"author":{"gitId":"jeronkk"},"content":"","lastModifiedDate":"2025-02-01","isFullCredit":false},{"lineNumber":233,"author":{"gitId":"jeronkk"},"content":"    public void run() {","lastModifiedDate":"2025-02-02","isFullCredit":false},{"lineNumber":234,"author":{"gitId":"jeronkk"},"content":"        printWelcomeMessage();","lastModifiedDate":"2025-02-01","isFullCredit":false},{"lineNumber":235,"author":{"gitId":"jeronkk"},"content":"","lastModifiedDate":"2025-02-01","isFullCredit":false},{"lineNumber":236,"author":{"gitId":"jeronkk"},"content":"        while (true) {","lastModifiedDate":"2025-02-01","isFullCredit":false},{"lineNumber":237,"author":{"gitId":"jeronkk"},"content":"            String input \u003d scanner.nextLine().trim();","lastModifiedDate":"2025-02-01","isFullCredit":false},{"lineNumber":238,"author":{"gitId":"jeronkk"},"content":"            try {","lastModifiedDate":"2025-02-01","isFullCredit":false},{"lineNumber":239,"author":{"gitId":"jeronkk"},"content":"                Command command \u003d getCommand(input);","lastModifiedDate":"2025-02-01","isFullCredit":false},{"lineNumber":240,"author":{"gitId":"jeronkk"},"content":"                switch (command) {","lastModifiedDate":"2025-02-01","isFullCredit":false},{"lineNumber":241,"author":{"gitId":"jeronkk"},"content":"                    case BYE:","lastModifiedDate":"2025-02-01","isFullCredit":false},{"lineNumber":242,"author":{"gitId":"jeronkk"},"content":"                        printExitMessage();","lastModifiedDate":"2025-02-01","isFullCredit":false},{"lineNumber":243,"author":{"gitId":"jeronkk"},"content":"                        return;","lastModifiedDate":"2025-02-01","isFullCredit":false},{"lineNumber":244,"author":{"gitId":"jeronkk"},"content":"                    case LIST:","lastModifiedDate":"2025-02-01","isFullCredit":false},{"lineNumber":245,"author":{"gitId":"jeronkk"},"content":"                        printTaskList();","lastModifiedDate":"2025-02-01","isFullCredit":false},{"lineNumber":246,"author":{"gitId":"jeronkk"},"content":"                        break;","lastModifiedDate":"2025-02-01","isFullCredit":false},{"lineNumber":247,"author":{"gitId":"jeronkk"},"content":"                    case MARK:","lastModifiedDate":"2025-02-01","isFullCredit":false},{"lineNumber":248,"author":{"gitId":"jeronkk"},"content":"                        handleMarkTask(input);","lastModifiedDate":"2025-02-01","isFullCredit":false},{"lineNumber":249,"author":{"gitId":"jeronkk"},"content":"                        break;","lastModifiedDate":"2025-02-01","isFullCredit":false},{"lineNumber":250,"author":{"gitId":"jeronkk"},"content":"                    case UNMARK:","lastModifiedDate":"2025-02-01","isFullCredit":false},{"lineNumber":251,"author":{"gitId":"jeronkk"},"content":"                        handleUnmarkTask(input);","lastModifiedDate":"2025-02-01","isFullCredit":false},{"lineNumber":252,"author":{"gitId":"jeronkk"},"content":"                        break;","lastModifiedDate":"2025-02-01","isFullCredit":false},{"lineNumber":253,"author":{"gitId":"jeronkk"},"content":"                    case TODO:","lastModifiedDate":"2025-02-01","isFullCredit":false},{"lineNumber":254,"author":{"gitId":"jeronkk"},"content":"                        handleTodoTask(input);","lastModifiedDate":"2025-02-01","isFullCredit":false},{"lineNumber":255,"author":{"gitId":"jeronkk"},"content":"                        break;","lastModifiedDate":"2025-02-01","isFullCredit":false},{"lineNumber":256,"author":{"gitId":"jeronkk"},"content":"                    case DEADLINE:","lastModifiedDate":"2025-02-01","isFullCredit":false},{"lineNumber":257,"author":{"gitId":"jeronkk"},"content":"                        handleDeadlineTask(input);","lastModifiedDate":"2025-02-01","isFullCredit":false},{"lineNumber":258,"author":{"gitId":"jeronkk"},"content":"                        break;","lastModifiedDate":"2025-02-01","isFullCredit":false},{"lineNumber":259,"author":{"gitId":"jeronkk"},"content":"                    case EVENT:","lastModifiedDate":"2025-02-01","isFullCredit":false},{"lineNumber":260,"author":{"gitId":"jeronkk"},"content":"                        handleEventTask(input);","lastModifiedDate":"2025-02-01","isFullCredit":false},{"lineNumber":261,"author":{"gitId":"jeronkk"},"content":"                        break;","lastModifiedDate":"2025-02-01","isFullCredit":false},{"lineNumber":262,"author":{"gitId":"jeronkk"},"content":"                    case DELETE:","lastModifiedDate":"2025-02-01","isFullCredit":false},{"lineNumber":263,"author":{"gitId":"jeronkk"},"content":"                        handleDeleteTask(input);","lastModifiedDate":"2025-02-01","isFullCredit":false},{"lineNumber":264,"author":{"gitId":"jeronkk"},"content":"                        break;","lastModifiedDate":"2025-02-01","isFullCredit":false},{"lineNumber":265,"author":{"gitId":"jeronkk"},"content":"                    default:","lastModifiedDate":"2025-02-01","isFullCredit":false},{"lineNumber":266,"author":{"gitId":"jeronkk"},"content":"                        throw new LeChatBotException(ErrorType.INVALID_COMMAND);","lastModifiedDate":"2025-02-01","isFullCredit":false},{"lineNumber":267,"author":{"gitId":"jeronkk"},"content":"                }","lastModifiedDate":"2025-02-01","isFullCredit":false},{"lineNumber":268,"author":{"gitId":"jeronkk"},"content":"            } catch (LeChatBotException e) {","lastModifiedDate":"2025-02-01","isFullCredit":false},{"lineNumber":269,"author":{"gitId":"jeronkk"},"content":"                System.out.println(LINE + \"\\n\" + e.getMessage() + \"\\n\" + LINE);","lastModifiedDate":"2025-02-01","isFullCredit":false},{"lineNumber":270,"author":{"gitId":"jeronkk"},"content":"            }","lastModifiedDate":"2025-01-31","isFullCredit":false},{"lineNumber":271,"author":{"gitId":"jeronkk"},"content":"        }","lastModifiedDate":"2025-01-31","isFullCredit":false},{"lineNumber":272,"author":{"gitId":"-"},"content":"    }","lastModifiedDate":"2019-07-29","isFullCredit":false},{"lineNumber":273,"author":{"gitId":"jeronkk"},"content":"","lastModifiedDate":"2025-02-02","isFullCredit":false},{"lineNumber":274,"author":{"gitId":"jeronkk"},"content":"    public static void main(String[] args) {","lastModifiedDate":"2025-02-02","isFullCredit":false},{"lineNumber":275,"author":{"gitId":"jeronkk"},"content":"        LeChatBot chatbot \u003d new LeChatBot();","lastModifiedDate":"2025-02-02","isFullCredit":false},{"lineNumber":276,"author":{"gitId":"jeronkk"},"content":"        chatbot.run();","lastModifiedDate":"2025-02-02","isFullCredit":false},{"lineNumber":277,"author":{"gitId":"jeronkk"},"content":"    }","lastModifiedDate":"2025-02-02","isFullCredit":false},{"lineNumber":278,"author":{"gitId":"-"},"content":"}","lastModifiedDate":"2019-07-29","isFullCredit":false}],"authorContributionMap":{"-":2,"jeronkk":276}},{"path":"src/main/java/LeChatBotException.java","fileType":"java","lines":[{"lineNumber":1,"author":{"gitId":"jeronkk"},"content":"public class LeChatBotException extends Exception {","lastModifiedDate":"2025-02-02","isFullCredit":false},{"lineNumber":2,"author":{"gitId":"jeronkk"},"content":"    public LeChatBotException(LeChatBot.ErrorType errorType) {","lastModifiedDate":"2025-02-01","isFullCredit":false},{"lineNumber":3,"author":{"gitId":"jeronkk"},"content":"        super(errorType.getMessage());","lastModifiedDate":"2025-02-01","isFullCredit":false},{"lineNumber":4,"author":{"gitId":"jeronkk"},"content":"    }","lastModifiedDate":"2025-02-01","isFullCredit":false},{"lineNumber":5,"author":{"gitId":"jeronkk"},"content":"}","lastModifiedDate":"2025-02-01","isFullCredit":false}],"authorContributionMap":{"jeronkk":5}},{"path":"src/main/java/Storage.java","fileType":"java","lines":[{"lineNumber":1,"author":{"gitId":"jeronkk"},"content":"import java.io.*;","lastModifiedDate":"2025-02-02","isFullCredit":false},{"lineNumber":2,"author":{"gitId":"jeronkk"},"content":"import java.util.ArrayList;","lastModifiedDate":"2025-02-02","isFullCredit":false},{"lineNumber":3,"author":{"gitId":"jeronkk"},"content":"import java.util.List;","lastModifiedDate":"2025-02-02","isFullCredit":false},{"lineNumber":4,"author":{"gitId":"jeronkk"},"content":"","lastModifiedDate":"2025-02-02","isFullCredit":false},{"lineNumber":5,"author":{"gitId":"jeronkk"},"content":"public class Storage {","lastModifiedDate":"2025-02-02","isFullCredit":false},{"lineNumber":6,"author":{"gitId":"jeronkk"},"content":"    private static final String FILE_PATH \u003d System.getProperty(\"user.dir\") + \"/data/LeChatBot.txt\";","lastModifiedDate":"2025-02-02","isFullCredit":false},{"lineNumber":7,"author":{"gitId":"jeronkk"},"content":"","lastModifiedDate":"2025-02-02","isFullCredit":false},{"lineNumber":8,"author":{"gitId":"jeronkk"},"content":"    public List\u003cTask\u003e load() throws IOException {","lastModifiedDate":"2025-02-02","isFullCredit":false},{"lineNumber":9,"author":{"gitId":"jeronkk"},"content":"        List\u003cTask\u003e tasks \u003d new ArrayList\u003c\u003e();","lastModifiedDate":"2025-02-02","isFullCredit":false},{"lineNumber":10,"author":{"gitId":"jeronkk"},"content":"        File file \u003d new File(FILE_PATH);","lastModifiedDate":"2025-02-02","isFullCredit":false},{"lineNumber":11,"author":{"gitId":"jeronkk"},"content":"","lastModifiedDate":"2025-02-02","isFullCredit":false},{"lineNumber":12,"author":{"gitId":"jeronkk"},"content":"        if (!file.exists()) {","lastModifiedDate":"2025-02-02","isFullCredit":false},{"lineNumber":13,"author":{"gitId":"jeronkk"},"content":"            file.getParentFile().mkdirs();","lastModifiedDate":"2025-02-02","isFullCredit":false},{"lineNumber":14,"author":{"gitId":"jeronkk"},"content":"            file.createNewFile();","lastModifiedDate":"2025-02-02","isFullCredit":false},{"lineNumber":15,"author":{"gitId":"jeronkk"},"content":"            return tasks;","lastModifiedDate":"2025-02-02","isFullCredit":false},{"lineNumber":16,"author":{"gitId":"jeronkk"},"content":"        }","lastModifiedDate":"2025-02-02","isFullCredit":false},{"lineNumber":17,"author":{"gitId":"jeronkk"},"content":"","lastModifiedDate":"2025-02-02","isFullCredit":false},{"lineNumber":18,"author":{"gitId":"jeronkk"},"content":"        BufferedReader reader \u003d new BufferedReader(new FileReader(file));","lastModifiedDate":"2025-02-02","isFullCredit":false},{"lineNumber":19,"author":{"gitId":"jeronkk"},"content":"        String firstLine \u003d reader.readLine();","lastModifiedDate":"2025-02-02","isFullCredit":false},{"lineNumber":20,"author":{"gitId":"jeronkk"},"content":"","lastModifiedDate":"2025-02-02","isFullCredit":false},{"lineNumber":21,"author":{"gitId":"jeronkk"},"content":"        if (firstLine \u003d\u003d null) {","lastModifiedDate":"2025-02-02","isFullCredit":false},{"lineNumber":22,"author":{"gitId":"jeronkk"},"content":"            reader.close();","lastModifiedDate":"2025-02-02","isFullCredit":false},{"lineNumber":23,"author":{"gitId":"jeronkk"},"content":"            return tasks;","lastModifiedDate":"2025-02-02","isFullCredit":false},{"lineNumber":24,"author":{"gitId":"jeronkk"},"content":"        }","lastModifiedDate":"2025-02-02","isFullCredit":false},{"lineNumber":25,"author":{"gitId":"jeronkk"},"content":"","lastModifiedDate":"2025-02-02","isFullCredit":false},{"lineNumber":26,"author":{"gitId":"jeronkk"},"content":"        Task firstTask \u003d parseTask(firstLine.split(\" \\\\| \"));","lastModifiedDate":"2025-02-02","isFullCredit":false},{"lineNumber":27,"author":{"gitId":"jeronkk"},"content":"        if (firstTask !\u003d null) {","lastModifiedDate":"2025-02-02","isFullCredit":false},{"lineNumber":28,"author":{"gitId":"jeronkk"},"content":"            tasks.add(firstTask);","lastModifiedDate":"2025-02-02","isFullCredit":false},{"lineNumber":29,"author":{"gitId":"jeronkk"},"content":"        }","lastModifiedDate":"2025-02-02","isFullCredit":false},{"lineNumber":30,"author":{"gitId":"jeronkk"},"content":"","lastModifiedDate":"2025-02-02","isFullCredit":false},{"lineNumber":31,"author":{"gitId":"jeronkk"},"content":"        String line;","lastModifiedDate":"2025-02-02","isFullCredit":false},{"lineNumber":32,"author":{"gitId":"jeronkk"},"content":"        while ((line \u003d reader.readLine()) !\u003d null) {","lastModifiedDate":"2025-02-02","isFullCredit":false},{"lineNumber":33,"author":{"gitId":"jeronkk"},"content":"            Task task \u003d parseTask(line.split(\" \\\\| \"));","lastModifiedDate":"2025-02-02","isFullCredit":false},{"lineNumber":34,"author":{"gitId":"jeronkk"},"content":"            if (task !\u003d null) {","lastModifiedDate":"2025-02-02","isFullCredit":false},{"lineNumber":35,"author":{"gitId":"jeronkk"},"content":"                tasks.add(task);","lastModifiedDate":"2025-02-02","isFullCredit":false},{"lineNumber":36,"author":{"gitId":"jeronkk"},"content":"            }","lastModifiedDate":"2025-02-02","isFullCredit":false},{"lineNumber":37,"author":{"gitId":"jeronkk"},"content":"        }","lastModifiedDate":"2025-02-02","isFullCredit":false},{"lineNumber":38,"author":{"gitId":"jeronkk"},"content":"        reader.close();","lastModifiedDate":"2025-02-02","isFullCredit":false},{"lineNumber":39,"author":{"gitId":"jeronkk"},"content":"        return tasks;","lastModifiedDate":"2025-02-02","isFullCredit":false},{"lineNumber":40,"author":{"gitId":"jeronkk"},"content":"    }","lastModifiedDate":"2025-02-02","isFullCredit":false},{"lineNumber":41,"author":{"gitId":"jeronkk"},"content":"","lastModifiedDate":"2025-02-02","isFullCredit":false},{"lineNumber":42,"author":{"gitId":"jeronkk"},"content":"    private Task parseTask(String[] parts) {","lastModifiedDate":"2025-02-02","isFullCredit":false},{"lineNumber":43,"author":{"gitId":"jeronkk"},"content":"        if (parts.length \u003c 3) {","lastModifiedDate":"2025-02-02","isFullCredit":false},{"lineNumber":44,"author":{"gitId":"jeronkk"},"content":"            return null;","lastModifiedDate":"2025-02-02","isFullCredit":false},{"lineNumber":45,"author":{"gitId":"jeronkk"},"content":"        }","lastModifiedDate":"2025-02-02","isFullCredit":false},{"lineNumber":46,"author":{"gitId":"jeronkk"},"content":"","lastModifiedDate":"2025-02-02","isFullCredit":false},{"lineNumber":47,"author":{"gitId":"jeronkk"},"content":"        String type \u003d parts[0];","lastModifiedDate":"2025-02-02","isFullCredit":false},{"lineNumber":48,"author":{"gitId":"jeronkk"},"content":"        boolean isDone \u003d parts[1].equals(\"1\");","lastModifiedDate":"2025-02-02","isFullCredit":false},{"lineNumber":49,"author":{"gitId":"jeronkk"},"content":"        String description \u003d parts[2];","lastModifiedDate":"2025-02-02","isFullCredit":false},{"lineNumber":50,"author":{"gitId":"jeronkk"},"content":"","lastModifiedDate":"2025-02-02","isFullCredit":false},{"lineNumber":51,"author":{"gitId":"jeronkk"},"content":"        Task task \u003d null;","lastModifiedDate":"2025-02-02","isFullCredit":false},{"lineNumber":52,"author":{"gitId":"jeronkk"},"content":"        switch (type) {","lastModifiedDate":"2025-02-02","isFullCredit":false},{"lineNumber":53,"author":{"gitId":"jeronkk"},"content":"            case \"T\":","lastModifiedDate":"2025-02-02","isFullCredit":false},{"lineNumber":54,"author":{"gitId":"jeronkk"},"content":"                task \u003d new Todo(description);","lastModifiedDate":"2025-02-02","isFullCredit":false},{"lineNumber":55,"author":{"gitId":"jeronkk"},"content":"                break;","lastModifiedDate":"2025-02-02","isFullCredit":false},{"lineNumber":56,"author":{"gitId":"jeronkk"},"content":"            case \"D\":","lastModifiedDate":"2025-02-02","isFullCredit":false},{"lineNumber":57,"author":{"gitId":"jeronkk"},"content":"                if (parts.length \u003e\u003d 4) {","lastModifiedDate":"2025-02-02","isFullCredit":false},{"lineNumber":58,"author":{"gitId":"jeronkk"},"content":"                    task \u003d new Deadline(description, parts[3]);","lastModifiedDate":"2025-02-02","isFullCredit":false},{"lineNumber":59,"author":{"gitId":"jeronkk"},"content":"                }","lastModifiedDate":"2025-02-02","isFullCredit":false},{"lineNumber":60,"author":{"gitId":"jeronkk"},"content":"                break;","lastModifiedDate":"2025-02-02","isFullCredit":false},{"lineNumber":61,"author":{"gitId":"jeronkk"},"content":"            case \"E\":","lastModifiedDate":"2025-02-02","isFullCredit":false},{"lineNumber":62,"author":{"gitId":"jeronkk"},"content":"                if (parts.length \u003e\u003d 5) {","lastModifiedDate":"2025-02-02","isFullCredit":false},{"lineNumber":63,"author":{"gitId":"jeronkk"},"content":"                    task \u003d new Event(description, parts[3], parts[4]);","lastModifiedDate":"2025-02-02","isFullCredit":false},{"lineNumber":64,"author":{"gitId":"jeronkk"},"content":"                }","lastModifiedDate":"2025-02-02","isFullCredit":false},{"lineNumber":65,"author":{"gitId":"jeronkk"},"content":"                break;","lastModifiedDate":"2025-02-02","isFullCredit":false},{"lineNumber":66,"author":{"gitId":"jeronkk"},"content":"        }","lastModifiedDate":"2025-02-02","isFullCredit":false},{"lineNumber":67,"author":{"gitId":"jeronkk"},"content":"","lastModifiedDate":"2025-02-02","isFullCredit":false},{"lineNumber":68,"author":{"gitId":"jeronkk"},"content":"        if (task !\u003d null \u0026\u0026 isDone) {","lastModifiedDate":"2025-02-02","isFullCredit":false},{"lineNumber":69,"author":{"gitId":"jeronkk"},"content":"            task.markAsDone();","lastModifiedDate":"2025-02-02","isFullCredit":false},{"lineNumber":70,"author":{"gitId":"jeronkk"},"content":"        }","lastModifiedDate":"2025-02-02","isFullCredit":false},{"lineNumber":71,"author":{"gitId":"jeronkk"},"content":"        return task;","lastModifiedDate":"2025-02-02","isFullCredit":false},{"lineNumber":72,"author":{"gitId":"jeronkk"},"content":"    }","lastModifiedDate":"2025-02-02","isFullCredit":false},{"lineNumber":73,"author":{"gitId":"jeronkk"},"content":"","lastModifiedDate":"2025-02-02","isFullCredit":false},{"lineNumber":74,"author":{"gitId":"jeronkk"},"content":"    public void save(List\u003cTask\u003e tasks) throws IOException {","lastModifiedDate":"2025-02-02","isFullCredit":false},{"lineNumber":75,"author":{"gitId":"jeronkk"},"content":"        BufferedWriter writer \u003d new BufferedWriter(new FileWriter(FILE_PATH));","lastModifiedDate":"2025-02-02","isFullCredit":false},{"lineNumber":76,"author":{"gitId":"jeronkk"},"content":"        for (Task task : tasks) {","lastModifiedDate":"2025-02-02","isFullCredit":false},{"lineNumber":77,"author":{"gitId":"jeronkk"},"content":"            writer.write(task.toFileFormat());","lastModifiedDate":"2025-02-02","isFullCredit":false},{"lineNumber":78,"author":{"gitId":"jeronkk"},"content":"            writer.newLine();","lastModifiedDate":"2025-02-02","isFullCredit":false},{"lineNumber":79,"author":{"gitId":"jeronkk"},"content":"        }","lastModifiedDate":"2025-02-02","isFullCredit":false},{"lineNumber":80,"author":{"gitId":"jeronkk"},"content":"        writer.close();","lastModifiedDate":"2025-02-02","isFullCredit":false},{"lineNumber":81,"author":{"gitId":"jeronkk"},"content":"    }","lastModifiedDate":"2025-02-02","isFullCredit":false},{"lineNumber":82,"author":{"gitId":"jeronkk"},"content":"}","lastModifiedDate":"2025-02-02","isFullCredit":false}],"authorContributionMap":{"jeronkk":82}},{"path":"src/main/java/Task.java","fileType":"java","lines":[{"lineNumber":1,"author":{"gitId":"jeronkk"},"content":"public abstract class Task {","lastModifiedDate":"2025-02-02","isFullCredit":false},{"lineNumber":2,"author":{"gitId":"jeronkk"},"content":"    protected String description;","lastModifiedDate":"2025-02-01","isFullCredit":false},{"lineNumber":3,"author":{"gitId":"jeronkk"},"content":"    protected boolean isDone;","lastModifiedDate":"2025-02-01","isFullCredit":false},{"lineNumber":4,"author":{"gitId":"jeronkk"},"content":"","lastModifiedDate":"2025-01-31","isFullCredit":false},{"lineNumber":5,"author":{"gitId":"jeronkk"},"content":"    public Task(String description) {","lastModifiedDate":"2025-01-31","isFullCredit":false},{"lineNumber":6,"author":{"gitId":"jeronkk"},"content":"        this.description \u003d description;","lastModifiedDate":"2025-01-31","isFullCredit":false},{"lineNumber":7,"author":{"gitId":"jeronkk"},"content":"        this.isDone \u003d false;","lastModifiedDate":"2025-01-31","isFullCredit":false},{"lineNumber":8,"author":{"gitId":"jeronkk"},"content":"    }","lastModifiedDate":"2025-01-31","isFullCredit":false},{"lineNumber":9,"author":{"gitId":"jeronkk"},"content":"","lastModifiedDate":"2025-01-31","isFullCredit":false},{"lineNumber":10,"author":{"gitId":"jeronkk"},"content":"    public void markAsDone() {","lastModifiedDate":"2025-01-31","isFullCredit":false},{"lineNumber":11,"author":{"gitId":"jeronkk"},"content":"        this.isDone \u003d true;","lastModifiedDate":"2025-01-31","isFullCredit":false},{"lineNumber":12,"author":{"gitId":"jeronkk"},"content":"    }","lastModifiedDate":"2025-01-31","isFullCredit":false},{"lineNumber":13,"author":{"gitId":"jeronkk"},"content":"","lastModifiedDate":"2025-01-31","isFullCredit":false},{"lineNumber":14,"author":{"gitId":"jeronkk"},"content":"    public void markAsNotDone() {","lastModifiedDate":"2025-01-31","isFullCredit":false},{"lineNumber":15,"author":{"gitId":"jeronkk"},"content":"        this.isDone \u003d false;","lastModifiedDate":"2025-01-31","isFullCredit":false},{"lineNumber":16,"author":{"gitId":"jeronkk"},"content":"    }","lastModifiedDate":"2025-01-31","isFullCredit":false},{"lineNumber":17,"author":{"gitId":"jeronkk"},"content":"","lastModifiedDate":"2025-01-31","isFullCredit":false},{"lineNumber":18,"author":{"gitId":"jeronkk"},"content":"    public String getStatusIcon() {","lastModifiedDate":"2025-01-31","isFullCredit":false},{"lineNumber":19,"author":{"gitId":"jeronkk"},"content":"        return (isDone ? \"[X]\" : \"[ ]\");","lastModifiedDate":"2025-02-02","isFullCredit":false},{"lineNumber":20,"author":{"gitId":"jeronkk"},"content":"    }","lastModifiedDate":"2025-01-31","isFullCredit":false},{"lineNumber":21,"author":{"gitId":"jeronkk"},"content":"","lastModifiedDate":"2025-01-31","isFullCredit":false},{"lineNumber":22,"author":{"gitId":"jeronkk"},"content":"    public abstract String toFileFormat();","lastModifiedDate":"2025-02-02","isFullCredit":false},{"lineNumber":23,"author":{"gitId":"jeronkk"},"content":"","lastModifiedDate":"2025-02-02","isFullCredit":false},{"lineNumber":24,"author":{"gitId":"jeronkk"},"content":"    @Override","lastModifiedDate":"2025-01-31","isFullCredit":false},{"lineNumber":25,"author":{"gitId":"jeronkk"},"content":"    public String toString() {","lastModifiedDate":"2025-01-31","isFullCredit":false},{"lineNumber":26,"author":{"gitId":"jeronkk"},"content":"        return getStatusIcon() + \" \" + description;","lastModifiedDate":"2025-02-02","isFullCredit":false},{"lineNumber":27,"author":{"gitId":"jeronkk"},"content":"    }","lastModifiedDate":"2025-01-31","isFullCredit":false},{"lineNumber":28,"author":{"gitId":"jeronkk"},"content":"}","lastModifiedDate":"2025-01-31","isFullCredit":false}],"authorContributionMap":{"jeronkk":28}},{"path":"src/main/java/Todo.java","fileType":"java","lines":[{"lineNumber":1,"author":{"gitId":"jeronkk"},"content":"public class Todo extends Task {","lastModifiedDate":"2025-02-01","isFullCredit":false},{"lineNumber":2,"author":{"gitId":"jeronkk"},"content":"    public Todo(String description) {","lastModifiedDate":"2025-02-01","isFullCredit":false},{"lineNumber":3,"author":{"gitId":"jeronkk"},"content":"        super(description);","lastModifiedDate":"2025-02-01","isFullCredit":false},{"lineNumber":4,"author":{"gitId":"jeronkk"},"content":"    }","lastModifiedDate":"2025-02-01","isFullCredit":false},{"lineNumber":5,"author":{"gitId":"jeronkk"},"content":"","lastModifiedDate":"2025-02-01","isFullCredit":false},{"lineNumber":6,"author":{"gitId":"jeronkk"},"content":"    @Override","lastModifiedDate":"2025-02-01","isFullCredit":false},{"lineNumber":7,"author":{"gitId":"jeronkk"},"content":"    public String toFileFormat() {","lastModifiedDate":"2025-02-02","isFullCredit":false},{"lineNumber":8,"author":{"gitId":"jeronkk"},"content":"        return \"T | \" + (isDone ? \"1\" : \"0\") + \" | \" + description;","lastModifiedDate":"2025-02-02","isFullCredit":false},{"lineNumber":9,"author":{"gitId":"jeronkk"},"content":"    }","lastModifiedDate":"2025-02-01","isFullCredit":false},{"lineNumber":10,"author":{"gitId":"jeronkk"},"content":"}","lastModifiedDate":"2025-02-01","isFullCredit":false}],"authorContributionMap":{"jeronkk":10}},{"path":"text-ui-test/input.txt","fileType":"txt","lines":[{"lineNumber":1,"author":{"gitId":"jeronkk"},"content":"todo read book","lastModifiedDate":"2025-02-01","isFullCredit":false},{"lineNumber":2,"author":{"gitId":"jeronkk"},"content":"deadline trade Anthony Davis /by Feb 6th","lastModifiedDate":"2025-02-02","isFullCredit":false},{"lineNumber":3,"author":{"gitId":"jeronkk"},"content":"event team meeting /from Mon 2pm /to 4pm","lastModifiedDate":"2025-02-02","isFullCredit":false},{"lineNumber":4,"author":{"gitId":"jeronkk"},"content":"list","lastModifiedDate":"2025-02-01","isFullCredit":false},{"lineNumber":5,"author":{"gitId":"jeronkk"},"content":"mark 1","lastModifiedDate":"2025-02-01","isFullCredit":false},{"lineNumber":6,"author":{"gitId":"jeronkk"},"content":"unmark 1","lastModifiedDate":"2025-02-01","isFullCredit":false},{"lineNumber":7,"author":{"gitId":"jeronkk"},"content":"delete 2","lastModifiedDate":"2025-02-01","isFullCredit":false},{"lineNumber":8,"author":{"gitId":"jeronkk"},"content":"delete 100","lastModifiedDate":"2025-02-01","isFullCredit":false},{"lineNumber":9,"author":{"gitId":"jeronkk"},"content":"mark 5","lastModifiedDate":"2025-02-01","isFullCredit":false},{"lineNumber":10,"author":{"gitId":"jeronkk"},"content":"todo","lastModifiedDate":"2025-02-01","isFullCredit":false},{"lineNumber":11,"author":{"gitId":"jeronkk"},"content":"deadline trade Anthony Davis /by","lastModifiedDate":"2025-02-02","isFullCredit":false},{"lineNumber":12,"author":{"gitId":"jeronkk"},"content":"event team meeting /from Mon","lastModifiedDate":"2025-02-02","isFullCredit":false},{"lineNumber":13,"author":{"gitId":"jeronkk"},"content":"todo trade D-Lo","lastModifiedDate":"2025-02-02","isFullCredit":false},{"lineNumber":14,"author":{"gitId":"jeronkk"},"content":"todo watch Bronny in the G-League","lastModifiedDate":"2025-02-02","isFullCredit":false},{"lineNumber":15,"author":{"gitId":"jeronkk"},"content":"deadline submit scouting report /by Friday","lastModifiedDate":"2025-02-02","isFullCredit":false},{"lineNumber":16,"author":{"gitId":"jeronkk"},"content":"event team meeting /from Wed 3pm /to 5pm","lastModifiedDate":"2025-02-01","isFullCredit":false},{"lineNumber":17,"author":{"gitId":"jeronkk"},"content":"delete 3","lastModifiedDate":"2025-02-01","isFullCredit":false},{"lineNumber":18,"author":{"gitId":"jeronkk"},"content":"delete 1","lastModifiedDate":"2025-02-01","isFullCredit":false},{"lineNumber":19,"author":{"gitId":"jeronkk"},"content":"list","lastModifiedDate":"2025-02-01","isFullCredit":false},{"lineNumber":20,"author":{"gitId":"jeronkk"},"content":"bye","lastModifiedDate":"2025-02-01","isFullCredit":false}],"authorContributionMap":{"jeronkk":20}},{"path":"text-ui-test/runtest.sh","fileType":"sh","lines":[{"lineNumber":1,"author":{"gitId":"-"},"content":"#!/usr/bin/env bash","lastModifiedDate":"2020-05-25","isFullCredit":false},{"lineNumber":2,"author":{"gitId":"-"},"content":"","lastModifiedDate":"2020-05-25","isFullCredit":false},{"lineNumber":3,"author":{"gitId":"jeronkk"},"content":"# Create bin directory if it doesn\u0027t exist","lastModifiedDate":"2025-02-01","isFullCredit":false},{"lineNumber":4,"author":{"gitId":"jeronkk"},"content":"if [ ! -d \"../bin\" ]; then","lastModifiedDate":"2025-02-01","isFullCredit":false},{"lineNumber":5,"author":{"gitId":"-"},"content":"    mkdir ../bin","lastModifiedDate":"2020-05-25","isFullCredit":false},{"lineNumber":6,"author":{"gitId":"-"},"content":"fi","lastModifiedDate":"2020-05-25","isFullCredit":false},{"lineNumber":7,"author":{"gitId":"-"},"content":"","lastModifiedDate":"2020-05-25","isFullCredit":false},{"lineNumber":8,"author":{"gitId":"jeronkk"},"content":"# Delete output from previous run","lastModifiedDate":"2025-02-01","isFullCredit":false},{"lineNumber":9,"author":{"gitId":"jeronkk"},"content":"if [ -e \"./ACTUAL.TXT\" ]; then","lastModifiedDate":"2025-02-01","isFullCredit":false},{"lineNumber":10,"author":{"gitId":"-"},"content":"    rm ACTUAL.TXT","lastModifiedDate":"2020-05-25","isFullCredit":false},{"lineNumber":11,"author":{"gitId":"-"},"content":"fi","lastModifiedDate":"2020-05-25","isFullCredit":false},{"lineNumber":12,"author":{"gitId":"-"},"content":"","lastModifiedDate":"2020-05-25","isFullCredit":false},{"lineNumber":13,"author":{"gitId":"jeronkk"},"content":"# Clear the contents of LeChatBot.txt (or create it if it doesn\u0027t exist)","lastModifiedDate":"2025-02-02","isFullCredit":false},{"lineNumber":14,"author":{"gitId":"jeronkk"},"content":"if [ -e \"../data/LeChatBot.txt\" ]; then","lastModifiedDate":"2025-02-02","isFullCredit":false},{"lineNumber":15,"author":{"gitId":"jeronkk"},"content":"    \u003e \"../data/LeChatBot.txt\"  # Truncate file to 0 bytes","lastModifiedDate":"2025-02-02","isFullCredit":false},{"lineNumber":16,"author":{"gitId":"jeronkk"},"content":"else","lastModifiedDate":"2025-02-02","isFullCredit":false},{"lineNumber":17,"author":{"gitId":"jeronkk"},"content":"    mkdir -p \"../data\"  # Ensure the data folder exists","lastModifiedDate":"2025-02-02","isFullCredit":false},{"lineNumber":18,"author":{"gitId":"jeronkk"},"content":"    touch \"../data/LeChatBot.txt\"  # Create an empty file","lastModifiedDate":"2025-02-02","isFullCredit":false},{"lineNumber":19,"author":{"gitId":"jeronkk"},"content":"fi","lastModifiedDate":"2025-02-02","isFullCredit":false},{"lineNumber":20,"author":{"gitId":"jeronkk"},"content":"","lastModifiedDate":"2025-02-02","isFullCredit":false},{"lineNumber":21,"author":{"gitId":"jeronkk"},"content":"# Compile the code into the bin folder, terminate if error occurred","lastModifiedDate":"2025-02-01","isFullCredit":false},{"lineNumber":22,"author":{"gitId":"jeronkk"},"content":"if ! javac -cp ../src/main/java -Xlint:none -d ../bin ../src/main/java/*.java; then","lastModifiedDate":"2025-02-01","isFullCredit":false},{"lineNumber":23,"author":{"gitId":"-"},"content":"    echo \"********** BUILD FAILURE **********\"","lastModifiedDate":"2020-05-25","isFullCredit":false},{"lineNumber":24,"author":{"gitId":"-"},"content":"    exit 1","lastModifiedDate":"2020-05-25","isFullCredit":false},{"lineNumber":25,"author":{"gitId":"-"},"content":"fi","lastModifiedDate":"2020-05-25","isFullCredit":false},{"lineNumber":26,"author":{"gitId":"-"},"content":"","lastModifiedDate":"2020-05-25","isFullCredit":false},{"lineNumber":27,"author":{"gitId":"jeronkk"},"content":"# Run the program, feed commands from input.txt file and redirect the output to ACTUAL.TXT","lastModifiedDate":"2025-02-01","isFullCredit":false},{"lineNumber":28,"author":{"gitId":"jeronkk"},"content":"cd ..","lastModifiedDate":"2025-02-02","isFullCredit":false},{"lineNumber":29,"author":{"gitId":"jeronkk"},"content":"java -classpath bin LeChatBot \u003c text-ui-test/input.txt \u003e text-ui-test/ACTUAL.TXT","lastModifiedDate":"2025-02-02","isFullCredit":false},{"lineNumber":30,"author":{"gitId":"jeronkk"},"content":"cd text-ui-test","lastModifiedDate":"2025-02-02","isFullCredit":false},{"lineNumber":31,"author":{"gitId":"-"},"content":"","lastModifiedDate":"2020-05-25","isFullCredit":false},{"lineNumber":32,"author":{"gitId":"jeronkk"},"content":"dos2unix ACTUAL.TXT","lastModifiedDate":"2025-02-01","isFullCredit":false},{"lineNumber":33,"author":{"gitId":"-"},"content":"","lastModifiedDate":"2025-02-01","isFullCredit":false},{"lineNumber":34,"author":{"gitId":"jeronkk"},"content":"# Compare the output to the expected output (EXPECTED.TXT)","lastModifiedDate":"2025-02-01","isFullCredit":false},{"lineNumber":35,"author":{"gitId":"jeronkk"},"content":"diff -w ACTUAL.TXT EXPECTED.TXT","lastModifiedDate":"2025-02-01","isFullCredit":false},{"lineNumber":36,"author":{"gitId":"jeronkk"},"content":"if [ $? -eq 0 ]; then","lastModifiedDate":"2025-02-01","isFullCredit":false},{"lineNumber":37,"author":{"gitId":"-"},"content":"    echo \"Test result: PASSED\"","lastModifiedDate":"2020-05-25","isFullCredit":false},{"lineNumber":38,"author":{"gitId":"-"},"content":"    exit 0","lastModifiedDate":"2020-05-25","isFullCredit":false},{"lineNumber":39,"author":{"gitId":"-"},"content":"else","lastModifiedDate":"2020-05-25","isFullCredit":false},{"lineNumber":40,"author":{"gitId":"-"},"content":"    echo \"Test result: FAILED\"","lastModifiedDate":"2020-05-25","isFullCredit":false},{"lineNumber":41,"author":{"gitId":"-"},"content":"    exit 1","lastModifiedDate":"2020-05-25","isFullCredit":false},{"lineNumber":42,"author":{"gitId":"-"},"content":"fi","lastModifiedDate":"2020-05-25","isFullCredit":false}],"authorContributionMap":{"-":20,"jeronkk":22}}]
