{"authorDailyContributionsMap":{"nhocmt227":[{"date":"2025-01-20","commitResults":[{"hash":"4d6d6396cf70fa07d07e69316b08954bf2d01572","isMergeCommit":false,"messageTitle":"Modify chatbot name","messageBody":"","fileTypesAndContributionMap":{"java":{"insertions":11,"deletions":10},"bat":{"insertions":1,"deletions":1},"md":{"insertions":9,"deletions":8}}},{"hash":"38785b791aa6e5545a8eb586e9601aae143d406c","isMergeCommit":false,"messageTitle":"Modify chatbot name - level 0","messageBody":"","tags":["Level-0"],"fileTypesAndContributionMap":{"java":{"insertions":1,"deletions":1},"md":{"insertions":0,"deletions":1}}},{"hash":"2c7a09c40747f89574388a7ce335d9b32f43791f","isMergeCommit":false,"messageTitle":"Add echo feature - Level 1","messageBody":"","tags":["Level-1"],"fileTypesAndContributionMap":{"java":{"insertions":29,"deletions":2}}},{"hash":"d8b1e6081672d6153c675bc27f1bd9d63fbf8e4e","isMergeCommit":false,"messageTitle":"Implement storing text feature - level 2","messageBody":"","tags":["Level-2"],"fileTypesAndContributionMap":{"java":{"insertions":25,"deletions":1}}},{"hash":"6fa0fd948254808332e2071407f6db240f6cc7f6","isMergeCommit":false,"messageTitle":"Implement mark-as-done feature \u0026 fix bug - level 3","messageBody":"","tags":["Level-3"],"fileTypesAndContributionMap":{"java":{"insertions":77,"deletions":6}}},{"hash":"462021de511792d08e77398de7515f0d1cbf9d4c","isMergeCommit":false,"messageTitle":"Implement 3 types of Task - level 4","messageBody":"","tags":["Level-4"],"fileTypesAndContributionMap":{"java":{"insertions":182,"deletions":20}}}]},{"date":"2025-01-21","commitResults":[{"hash":"f20607b9561b6a313eb7ecd9f961318680142ecb","isMergeCommit":false,"messageTitle":"Add semi-automate testing","messageBody":"","tags":["A-TextUiTesting"],"fileTypesAndContributionMap":{"txt":{"insertions":13,"deletions":0}}}]},{"date":"2025-01-22","commitResults":[{"hash":"f0752ce31d99e07a3d47c4d4325bf46ec42af2f6","isMergeCommit":false,"messageTitle":"Implement error handling - level 5","messageBody":"","fileTypesAndContributionMap":{"java":{"insertions":234,"deletions":96}}},{"hash":"58574f47862188e735b85de588c3203b37c80d63","isMergeCommit":false,"messageTitle":"Improve error handling - level 5","messageBody":"","tags":["Level-5"],"fileTypesAndContributionMap":{"txt":{"insertions":15,"deletions":4},"java":{"insertions":27,"deletions":36}}},{"hash":"e145e825414a4abbaf9362100c5405adf33aa86b","isMergeCommit":false,"messageTitle":"Implement delete feature - level 6","messageBody":"","tags":["Level-6"],"fileTypesAndContributionMap":{"txt":{"insertions":5,"deletions":0},"java":{"insertions":41,"deletions":1}}},{"hash":"2204bd45ea8dbc08df39899e7170b8bffe7505cd","isMergeCommit":false,"messageTitle":"Add decorated name","messageBody":"","fileTypesAndContributionMap":{"java":{"insertions":11,"deletions":0}}}]}]},"authorFileTypeContributionMap":{"nhocmt227":{"java":475,"md":9,"fxml":0,"sh":0,"bat":1,"gradle":0,"txt":29}},"authorContributionVariance":{"nhocmt227":40620.555},"authorDisplayNameMap":{"nhocmt227":"CHU ..HONG"}}
