{"authorDailyContributionsMap":{"kimseunghyun-kr":[{"date":"2025-01-22","commitResults":[{"hash":"9b6da24a4224dc67eb9f0f9c3cc9d9d9d8ae82d6","isMergeCommit":false,"messageTitle":"Added:: basic intro sequence and exit sequence, renamed file from Duke to Spring","messageBody":"","tags":["Level-0"],"fileTypesAndContributionMap":{"java":{"insertions":60,"deletions":10},"bat":{"insertions":1,"deletions":1},"md":{"insertions":3,"deletions":3}}},{"hash":"db33fd2785658e8e4de580e88b19e6bc7a76a9c1","isMergeCommit":false,"messageTitle":" refactored greeting and exit sequence into chatbotUtils. created a runtimeUtils class to reduce clutter on main","messageBody":"","fileTypesAndContributionMap":{"java":{"insertions":64,"deletions":49}}},{"hash":"8e9c0b9e9e1d1a5e1f2f78236fe444f5bd7e27cc","isMergeCommit":false,"messageTitle":"completed echo feature","messageBody":"","tags":["Level-1"],"fileTypesAndContributionMap":{"java":{"insertions":31,"deletions":12}}},{"hash":"1a2106947593959a4272391b4c825be34e7840b5","isMergeCommit":false,"messageTitle":"created repository package for storage related things. modified BotRuntime to include add and list functionalities","messageBody":"","tags":["Level-2"],"fileTypesAndContributionMap":{"java":{"insertions":33,"deletions":2}}},{"hash":"cbfe1fd2929ec509c90c4eb57585f1039253226f","isMergeCommit":false,"messageTitle":" included entity task","messageBody":"","fileTypesAndContributionMap":{"java":{"insertions":19,"deletions":0}}},{"hash":"1a5b039466955a9095f10cb45ed93c145aed2a8c","isMergeCommit":false,"messageTitle":"included a DIContainer to be used in future for IOC principles","messageBody":"","fileTypesAndContributionMap":{"java":{"insertions":39,"deletions":0}}},{"hash":"2bcb8dfd4a4e6a8cefb54f9873a6e3ee9f6da4e6","isMergeCommit":false,"messageTitle":" differentiated individual commands to respective classes with a factory","messageBody":"","fileTypesAndContributionMap":{"java":{"insertions":185,"deletions":0}}},{"hash":"776a20e331445f1c7860ddc64e50795e201ff5ec","isMergeCommit":false,"messageTitle":"included actionHandler to parse input, generate command and execute it","messageBody":"","fileTypesAndContributionMap":{"java":{"insertions":55,"deletions":9}}},{"hash":"9ea8c1fbab832da66e01f3598c832b823bcf42e3","isMergeCommit":false,"messageTitle":"updated service to give required outputs","messageBody":"","fileTypesAndContributionMap":{"java":{"insertions":55,"deletions":0}}},{"hash":"5f351e1da457088d33848862a90271c80b212b77","isMergeCommit":false,"messageTitle":"trailing updates on necessary changes. and minor typo fixes","messageBody":"","tags":["Level-3"],"fileTypesAndContributionMap":{"java":{"insertions":97,"deletions":8}}},{"hash":"c29f311af18369adeac4b8582776447dc37bd41b","isMergeCommit":false,"messageTitle":"upgraded DI container to contain a dependency graph to make initialisation independent of order of registration of classes","messageBody":"","fileTypesAndContributionMap":{"java":{"insertions":58,"deletions":13}}},{"hash":"29af6e5c2da398f594fdc244ca3ccb44fb9587bc","isMergeCommit":false,"messageTitle":"registered BotRuntime onto DI container, simplify start","messageBody":"","fileTypesAndContributionMap":{"java":{"insertions":3,"deletions":5}}},{"hash":"3685855659eb1ac0e1d8cb8dcfb7649d0a3fe702","isMergeCommit":false,"messageTitle":" finalized DI / AOP design choice. proxiable based on JDK proxies are used as it is really the only way. Proxiable interface implemented to enable dynamic proxies.","messageBody":"","fileTypesAndContributionMap":{"java":{"insertions":109,"deletions":19}}},{"hash":"2aff7ae68cc4adf2618690daa7a83b07510202fd","isMergeCommit":false,"messageTitle":" major debugging of the AOP stuff. somehow pulled it off. design compromises included","messageBody":"","fileTypesAndContributionMap":{"java":{"insertions":242,"deletions":39}}},{"hash":"46a6a36f5387189f33e8cf551030b264470417a3","isMergeCommit":false,"messageTitle":"todo deadline event added","messageBody":"","tags":["Level-4"],"fileTypesAndContributionMap":{"java":{"insertions":311,"deletions":44}}},{"hash":"b180de390fa8770186717101b2892ee450230ebe","isMergeCommit":false,"messageTitle":"testUi","messageBody":"","tags":["Level-5","A-TextUiTesting","A-Exceptions"],"fileTypesAndContributionMap":{"txt":{"insertions":16,"deletions":0},"java":{"insertions":15,"deletions":0},"sh":{"insertions":1,"deletions":1}}},{"hash":"9014b45e490ca663ec1d48034e121106c5135393","isMergeCommit":false,"messageTitle":"added delete functionality","messageBody":"","tags":["Level-6"],"fileTypesAndContributionMap":{"java":{"insertions":4,"deletions":0}}}]},{"date":"2025-01-31","commitResults":[{"hash":"7cc3cc1543cf2532ddc382470726b76a12efd38e","isMergeCommit":false,"messageTitle":"update dicontainer to allow spring-like multi-interface inheritance","messageBody":"","fileTypesAndContributionMap":{"java":{"insertions":417,"deletions":176}}},{"hash":"80990a37de73a47e6665f4461e7c510c9a73f0c2","isMergeCommit":false,"messageTitle":"update AOP to reflect changes in proxyenable and multi-proxyenable inheritance","messageBody":"","fileTypesAndContributionMap":{"java":{"insertions":45,"deletions":28}}},{"hash":"a413248216caad9aef3726d9edb25eec931a40fb","isMergeCommit":false,"messageTitle":"update entity with UUID to allow better tracking in repository","messageBody":"","fileTypesAndContributionMap":{"java":{"insertions":53,"deletions":8}}},{"hash":"6553963557e9db998aaa3a1d2903bed8a7434d1b","isMergeCommit":false,"messageTitle":"minor typo fix in Actions enums","messageBody":"","fileTypesAndContributionMap":{"java":{"insertions":1,"deletions":0}}},{"hash":"ce30cc9531fa6894f432bb762b49baa67f2b03a9","isMergeCommit":false,"messageTitle":"add entity managing base code, incorporate scheduler within taskflusher for more efficient saves","messageBody":"","fileTypesAndContributionMap":{"java":{"insertions":105,"deletions":0}}},{"hash":"2ee91cb26fd2017a1d263f60a6065f3c69a57d63","isMergeCommit":false,"messageTitle":"add CRUDrepository for base CRUD repository outline, add filebackedTaskRepository to facilitate File I/O base buffer , write, read, modified ItaskRepository to be able to show size","messageBody":"","fileTypesAndContributionMap":{"java":{"insertions":289,"deletions":25}}},{"hash":"5a1b99c273ce832c377b8bc8569d0fc8a2dca078","isMergeCommit":false,"messageTitle":"add flush scheduler start and stop within the botruntime, minor bugfix of \u0027add\u0027 causing error","messageBody":"","fileTypesAndContributionMap":{"java":{"insertions":34,"deletions":14}}},{"hash":"ac4cd6184dbd85700c5d41d2b3315ced9d1d23d0","isMergeCommit":false,"messageTitle":"add markdirty and additional dependency to new interface for file buffer -\u003e note that this has now become strongly coupled to the individual repositories -\u003e may be best to have a separate service layer managing this in the future","messageBody":"","fileTypesAndContributionMap":{"java":{"insertions":77,"deletions":37}}},{"hash":"5d9bacb7881a7e2515fd42f1e0d820c70084ee04","isMergeCommit":false,"messageTitle":"util updated to include serialiser and deserialiser aspect for the file saves. directoryinitialize utils to initialize directory","messageBody":"","fileTypesAndContributionMap":{"java":{"insertions":124,"deletions":14}}},{"hash":"78c3ec2f74f3ad08d6d4e53ff7989009fa541fe7","isMergeCommit":false,"messageTitle":"update main to include all the changed aspects to dependency container","messageBody":"","tags":["Level-7"],"fileTypesAndContributionMap":{"java":{"insertions":17,"deletions":10}}},{"hash":"7c2e09a52bad226e1774bc6599167b5c3bba5562","isMergeCommit":false,"messageTitle":" add command for date search and servicecoordinator to handle double repository issue","messageBody":"","tags":["A-Packages","A-MoreOOP"],"fileTypesAndContributionMap":{"java":{"insertions":8,"deletions":0}}},{"hash":"5f1e0c3741b974901c979bfbd32e1e8043265e09","isMergeCommit":false,"messageTitle":" add command for date search and servicecoordinator to handle double repository issue","messageBody":"","tags":["Level-8"],"fileTypesAndContributionMap":{"txt":{"insertions":7,"deletions":0},"java":{"insertions":276,"deletions":58}}},{"hash":"fd82fc72110f21868f563c0ee5e61510f56882aa","isMergeCommit":true,"messageTitle":"Merge branch \u0027gradle\u0027 merge gradle into master for gradle support","messageBody":"","fileTypesAndContributionMap":{}},{"hash":"931ad85743685c3457c40c730eceda4d603d381e","isMergeCommit":false,"messageTitle":"created mocks and tests for mockTaskService, commandFactory","messageBody":"","tags":["A-JUnit"],"fileTypesAndContributionMap":{"java":{"insertions":376,"deletions":3}}},{"hash":"1f07010140b1f9bb92ff5df712eaab3fb8158990","isMergeCommit":false,"messageTitle":"jar","messageBody":"","tags":["A-Jar"],"fileTypesAndContributionMap":{"java":{"insertions":0,"deletions":2}}},{"hash":"215a7c00be7ae48dc269ff8d9deea73ce1cd2b54","isMergeCommit":false,"messageTitle":"Create artifact jar : for pre alpha releasereate artifact jar : for pre","messageBody":"","fileTypesAndContributionMap":{"java":{"insertions":368,"deletions":263}}},{"hash":"fea7bf5df6f5c35d5eb2b418a552a4ff66f41dc5","isMergeCommit":false,"messageTitle":"Create artifact jar : pre alpha release","messageBody":"","fileTypesAndContributionMap":{"sh":{"insertions":1,"deletions":1}}},{"hash":"f2c42485129f4950e637cd12fde7b52fbea4893b","isMergeCommit":false,"messageTitle":"add javadocs for half of the methods","messageBody":"","tags":["Level-9","A-JavaDoc"],"fileTypesAndContributionMap":{"java":{"insertions":729,"deletions":128}}},{"hash":"d865718707c46287912c80ba35f8ec594b3a5fe1","isMergeCommit":false,"messageTitle":"Add javadocs for half of methods","messageBody":"","fileTypesAndContributionMap":{"fxml":{"insertions":44,"deletions":0},"java":{"insertions":780,"deletions":294},"sh":{"insertions":0,"deletions":0}}},{"hash":"15bb9cf3b230dcfef4463a4241eecd3d5f572f9e","isMergeCommit":false,"messageTitle":"Refactor code : include javadocs for more methods","messageBody":"","fileTypesAndContributionMap":{"sh":{"insertions":79,"deletions":57}}},{"hash":"8c67be1951fcd64d65610d4034ddf7b99b809c06","isMergeCommit":false,"messageTitle":"coding standard edit","messageBody":"","tags":["A-CodingStandard"],"fileTypesAndContributionMap":{"java":{"insertions":24,"deletions":35}}},{"hash":"8d8941ed756b13b3d175b907353a563fade2f515","isMergeCommit":false,"messageTitle":"Edit to meet coding standard","messageBody":"","fileTypesAndContributionMap":{"java":{"insertions":1,"deletions":1},"sh":{"insertions":65,"deletions":0}}},{"hash":"36da67061cdaba2f53ef060a7d7ca623951cb958","isMergeCommit":false,"messageTitle":"add replay-log feature for partial edit during saves to save I/O, increase autosave period to 1 minute","messageBody":"","fileTypesAndContributionMap":{"java":{"insertions":548,"deletions":82}}},{"hash":"560ccfcf334abf3db8742ffa1f76fd0ee14dd638","isMergeCommit":false,"messageTitle":"Add replay-log for partial edit during save","messageBody":"","fileTypesAndContributionMap":{"sh":{"insertions":1,"deletions":1}}}]},{"date":"2025-02-05","commitResults":[{"hash":"7d768651bb02e5dc197a5f0452c1100675d054cf","isMergeCommit":false,"messageTitle":"Add feat: included a new bash script to doctor commit history","messageBody":"","fileTypesAndContributionMap":{"sh":{"insertions":1,"deletions":1}}},{"hash":"cd2b22a2b60bc86cad20ca3fb714cb018cb42091","isMergeCommit":false,"messageTitle":"Add feat: include GUI support Edit feat: refactor code for static setter injection","messageBody":"","fileTypesAndContributionMap":{"java":{"insertions":43,"deletions":36}}}]},{"date":"2025-02-06","commitResults":[{"hash":"baf11174a3270b32ebedaeb0c8695c318511fd4d","isMergeCommit":false,"messageTitle":"Add feat: minor syntax typo updates","messageBody":"","fileTypesAndContributionMap":{"fxml":{"insertions":1,"deletions":1},"java":{"insertions":47,"deletions":18}}},{"hash":"c338360052b7875bf7ed3f3598385c8fa760afa1","isMergeCommit":false,"messageTitle":"Add feat: clear command to clear all tasks","messageBody":"","tags":["Level-10"],"fileTypesAndContributionMap":{"txt":{"insertions":0,"deletions":5},"java":{"insertions":166,"deletions":49}}},{"hash":"6964ad253b2783a6cb9f08b3ec1ac9ce1e21dcde","isMergeCommit":true,"messageTitle":"Merge branch \u0027branch-Level-10\u0027","messageBody":"","fileTypesAndContributionMap":{}},{"hash":"3c50be05da889e7859e3b004898b2a58c3e5b66f","isMergeCommit":false,"messageTitle":"Edit feat: solved merge overlooked merge conflict","messageBody":"","fileTypesAndContributionMap":{"java":{"insertions":0,"deletions":4}}},{"hash":"f0e5eeab91cfe4808b6f8fcd45bfd0c57a73c646","isMergeCommit":false,"messageTitle":"Edit : change autosave period from 60 seconds to 30","messageBody":"","fileTypesAndContributionMap":{"java":{"insertions":9,"deletions":7}}}]},{"date":"2025-02-08","commitResults":[{"hash":"ef0581498908782909826652f935101ea37aabd3","isMergeCommit":false,"messageTitle":"Edit : refactored code style based on linter","messageBody":"","fileTypesAndContributionMap":{"fxml":{"insertions":24,"deletions":14},"java":{"insertions":219,"deletions":165}}}]},{"date":"2025-02-09","commitResults":[{"hash":"ff57501d3b29cac00b3471c13edd85d4b9203d73","isMergeCommit":false,"messageTitle":"Add: Update and Interactive update feature.","messageBody":"Interface to unify the CLI and the GUI variants\nunder interactiveexecutionservice package\n\nGUI has been tested and working\nCLI not in the clear yet.\n\nMove: DAO into dao within service package\n\nMove: command executing logic from dispatcher/Mainwindow\nto CommandExecutionService to handle interactive updates\nbetter under the MVC principle.\n\nAdd: Lombok integration within the tasks and subclasses\nreplaced getter setters with lombok\n\nMove: static variable setter injection from clistartup()\nto FxmlStaticSetterInjectionConfig\n","tags":["BCD-Extension","A-Streams"],"fileTypesAndContributionMap":{"fxml":{"insertions":30,"deletions":0},"java":{"insertions":795,"deletions":172}}},{"hash":"df9fd59adc97ec26cdae11f70af4ecfafde6f2e2","isMergeCommit":false,"messageTitle":"Edit: included javadocs for all main classes. this is to adhere to the coding quality standareds","messageBody":"Edit: modified Dicontainer\u0027s boolean initialized to isinitialized\nthis is to adhere to code naming standards\n","tags":["A-CodeQuality"],"fileTypesAndContributionMap":{"java":{"insertions":785,"deletions":192}}}]},{"date":"2025-02-13","commitResults":[{"hash":"aab23b1b4c54a2db91e3e465366bdcd3245a192a","isMergeCommit":false,"messageTitle":"Fix : error for the update code portion","messageBody":"","tags":["branch-A-CodeQuality"],"fileTypesAndContributionMap":{"java":{"insertions":5,"deletions":4}}}]},{"date":"2025-02-14","commitResults":[{"hash":"7baa65cf8ee7ed1781fd6b740263b965738486f4","isMergeCommit":false,"messageTitle":"Fix : re-included compileOnly and annotationProcessor accidentally removed from build.gradle","messageBody":"","fileTypesAndContributionMap":{"gradle":{"insertions":3,"deletions":0}}}]}]},"authorFileTypeContributionMap":{"kimseunghyun-kr":{"java":5696,"md":3,"fxml":84,"sh":88,"bat":1,"gradle":3,"txt":18}},"authorContributionVariance":{"kimseunghyun-kr":1013939.75},"authorDisplayNameMap":{"kimseunghyun-kr":"CS2103T-F12-4 KIM ..HYUN"}}
