[{"path":"src/main/java/Deadline.java","fileType":"java","lines":[{"lineNumber":1,"author":{"gitId":"wailydest"},"content":"public class Deadline extends Task {","lastModifiedDate":"2025-01-30","isFullCredit":false},{"lineNumber":2,"author":{"gitId":"wailydest"},"content":"    String by;","lastModifiedDate":"2025-01-30","isFullCredit":false},{"lineNumber":3,"author":{"gitId":"wailydest"},"content":"    Deadline(String description, String by) {","lastModifiedDate":"2025-01-30","isFullCredit":false},{"lineNumber":4,"author":{"gitId":"wailydest"},"content":"        super(description);","lastModifiedDate":"2025-01-30","isFullCredit":false},{"lineNumber":5,"author":{"gitId":"wailydest"},"content":"        this.by \u003d by;","lastModifiedDate":"2025-01-30","isFullCredit":false},{"lineNumber":6,"author":{"gitId":"wailydest"},"content":"    }","lastModifiedDate":"2025-01-30","isFullCredit":false},{"lineNumber":7,"author":{"gitId":"wailydest"},"content":"    @Override","lastModifiedDate":"2025-01-30","isFullCredit":false},{"lineNumber":8,"author":{"gitId":"wailydest"},"content":"    public String toString() {","lastModifiedDate":"2025-01-30","isFullCredit":false},{"lineNumber":9,"author":{"gitId":"wailydest"},"content":"        return \"[D]\" + super.toString() + \" (by: \" + this.by + \")\";","lastModifiedDate":"2025-01-30","isFullCredit":false},{"lineNumber":10,"author":{"gitId":"wailydest"},"content":"    }","lastModifiedDate":"2025-01-30","isFullCredit":false},{"lineNumber":11,"author":{"gitId":"wailydest"},"content":"}","lastModifiedDate":"2025-01-30","isFullCredit":false}],"authorContributionMap":{"wailydest":11}},{"path":"src/main/java/Event.java","fileType":"java","lines":[{"lineNumber":1,"author":{"gitId":"wailydest"},"content":"public class Event extends Task {","lastModifiedDate":"2025-01-30","isFullCredit":false},{"lineNumber":2,"author":{"gitId":"wailydest"},"content":"    String from, to;","lastModifiedDate":"2025-01-30","isFullCredit":false},{"lineNumber":3,"author":{"gitId":"wailydest"},"content":"    Event(String description, String from, String to) {","lastModifiedDate":"2025-01-30","isFullCredit":false},{"lineNumber":4,"author":{"gitId":"wailydest"},"content":"        super(description);","lastModifiedDate":"2025-01-30","isFullCredit":false},{"lineNumber":5,"author":{"gitId":"wailydest"},"content":"        this.from \u003d from;","lastModifiedDate":"2025-01-30","isFullCredit":false},{"lineNumber":6,"author":{"gitId":"wailydest"},"content":"        this.to \u003d to;","lastModifiedDate":"2025-01-30","isFullCredit":false},{"lineNumber":7,"author":{"gitId":"wailydest"},"content":"    }","lastModifiedDate":"2025-01-30","isFullCredit":false},{"lineNumber":8,"author":{"gitId":"wailydest"},"content":"    @Override","lastModifiedDate":"2025-01-30","isFullCredit":false},{"lineNumber":9,"author":{"gitId":"wailydest"},"content":"    public String toString() {","lastModifiedDate":"2025-01-30","isFullCredit":false},{"lineNumber":10,"author":{"gitId":"wailydest"},"content":"        return \"[E]\" + super.toString() + \" (from: \" + this.from + \" to: \" + this.to + \")\";","lastModifiedDate":"2025-01-30","isFullCredit":false},{"lineNumber":11,"author":{"gitId":"wailydest"},"content":"    }","lastModifiedDate":"2025-01-30","isFullCredit":false},{"lineNumber":12,"author":{"gitId":"wailydest"},"content":"}","lastModifiedDate":"2025-01-30","isFullCredit":false}],"authorContributionMap":{"wailydest":12}},{"path":"src/main/java/Sigmabot.java","fileType":"java","lines":[{"lineNumber":1,"author":{"gitId":"wailydest"},"content":"import java.util.ArrayList;","lastModifiedDate":"2025-01-30","isFullCredit":false},{"lineNumber":2,"author":{"gitId":"wailydest"},"content":"import java.util.Optional;","lastModifiedDate":"2025-01-30","isFullCredit":false},{"lineNumber":3,"author":{"gitId":"wailydest"},"content":"import java.util.Scanner;","lastModifiedDate":"2025-01-30","isFullCredit":false},{"lineNumber":4,"author":{"gitId":"wailydest"},"content":"import java.util.regex.Pattern;","lastModifiedDate":"2025-01-30","isFullCredit":false},{"lineNumber":5,"author":{"gitId":"wailydest"},"content":"","lastModifiedDate":"2025-01-30","isFullCredit":false},{"lineNumber":6,"author":{"gitId":"wailydest"},"content":"import exception.*;","lastModifiedDate":"2025-01-30","isFullCredit":false},{"lineNumber":7,"author":{"gitId":"wailydest"},"content":"","lastModifiedDate":"2025-01-30","isFullCredit":false},{"lineNumber":8,"author":{"gitId":"wailydest"},"content":"public class Sigmabot {","lastModifiedDate":"2025-01-30","isFullCredit":false},{"lineNumber":9,"author":{"gitId":"wailydest"},"content":"    static ArrayList\u003cTask\u003e taskList;","lastModifiedDate":"2025-01-30","isFullCredit":false},{"lineNumber":10,"author":{"gitId":"wailydest"},"content":"","lastModifiedDate":"2025-01-30","isFullCredit":false},{"lineNumber":11,"author":{"gitId":"wailydest"},"content":"    public static void viewTaskList() {","lastModifiedDate":"2025-01-30","isFullCredit":false},{"lineNumber":12,"author":{"gitId":"wailydest"},"content":"        System.out.println(\"here goes your task list:\");","lastModifiedDate":"2025-01-30","isFullCredit":false},{"lineNumber":13,"author":{"gitId":"wailydest"},"content":"        for (int i \u003d 0; i \u003c taskList.size(); ++i) {","lastModifiedDate":"2025-01-30","isFullCredit":false},{"lineNumber":14,"author":{"gitId":"wailydest"},"content":"            System.out.println(i + 1 + \": \" + taskList.get(i).toString());","lastModifiedDate":"2025-01-30","isFullCredit":false},{"lineNumber":15,"author":{"gitId":"wailydest"},"content":"        }","lastModifiedDate":"2025-01-30","isFullCredit":false},{"lineNumber":16,"author":{"gitId":"wailydest"},"content":"    }","lastModifiedDate":"2025-01-30","isFullCredit":false},{"lineNumber":17,"author":{"gitId":"wailydest"},"content":"    public static void processMarkInput(String input) throws SigmabotException {","lastModifiedDate":"2025-01-30","isFullCredit":false},{"lineNumber":18,"author":{"gitId":"wailydest"},"content":"        String[] inputParts \u003d input.split(\"\\\\s+\");","lastModifiedDate":"2025-01-30","isFullCredit":false},{"lineNumber":19,"author":{"gitId":"wailydest"},"content":"        if (inputParts.length !\u003d 2) throw new IncorrectMarkFormat(inputParts[0]);","lastModifiedDate":"2025-01-30","isFullCredit":false},{"lineNumber":20,"author":{"gitId":"wailydest"},"content":"        int taskNumber;","lastModifiedDate":"2025-01-30","isFullCredit":false},{"lineNumber":21,"author":{"gitId":"wailydest"},"content":"        try {","lastModifiedDate":"2025-01-30","isFullCredit":false},{"lineNumber":22,"author":{"gitId":"wailydest"},"content":"            taskNumber \u003d Integer.parseInt(inputParts[1]);","lastModifiedDate":"2025-01-30","isFullCredit":false},{"lineNumber":23,"author":{"gitId":"wailydest"},"content":"        } catch (NumberFormatException e) {","lastModifiedDate":"2025-01-30","isFullCredit":false},{"lineNumber":24,"author":{"gitId":"wailydest"},"content":"            throw new IncorrectMarkFormat(inputParts[0]);","lastModifiedDate":"2025-01-30","isFullCredit":false},{"lineNumber":25,"author":{"gitId":"wailydest"},"content":"        }","lastModifiedDate":"2025-01-30","isFullCredit":false},{"lineNumber":26,"author":{"gitId":"wailydest"},"content":"        if (taskNumber \u003c 1 || taskNumber \u003e Sigmabot.taskList.size()) {","lastModifiedDate":"2025-01-30","isFullCredit":false},{"lineNumber":27,"author":{"gitId":"wailydest"},"content":"            throw new IncorrectTaskNumber(taskNumber);","lastModifiedDate":"2025-01-30","isFullCredit":false},{"lineNumber":28,"author":{"gitId":"wailydest"},"content":"        }","lastModifiedDate":"2025-01-30","isFullCredit":false},{"lineNumber":29,"author":{"gitId":"wailydest"},"content":"        --taskNumber;","lastModifiedDate":"2025-01-30","isFullCredit":false},{"lineNumber":30,"author":{"gitId":"wailydest"},"content":"        if (inputParts[0].equals(\"mark\")) taskList.get(taskNumber).mark();","lastModifiedDate":"2025-01-30","isFullCredit":false},{"lineNumber":31,"author":{"gitId":"wailydest"},"content":"        else taskList.get(taskNumber).unmark();","lastModifiedDate":"2025-01-30","isFullCredit":false},{"lineNumber":32,"author":{"gitId":"wailydest"},"content":"    }","lastModifiedDate":"2025-01-30","isFullCredit":false},{"lineNumber":33,"author":{"gitId":"wailydest"},"content":"    public static void processDeleteInput(String input) throws SigmabotException {","lastModifiedDate":"2025-01-30","isFullCredit":false},{"lineNumber":34,"author":{"gitId":"wailydest"},"content":"        String[] inputParts \u003d input.split(\"\\\\s+\");","lastModifiedDate":"2025-01-30","isFullCredit":false},{"lineNumber":35,"author":{"gitId":"wailydest"},"content":"        if (inputParts.length !\u003d 2) throw new IncorrectDeleteFormat();","lastModifiedDate":"2025-01-30","isFullCredit":false},{"lineNumber":36,"author":{"gitId":"wailydest"},"content":"        int taskNumber;","lastModifiedDate":"2025-01-30","isFullCredit":false},{"lineNumber":37,"author":{"gitId":"wailydest"},"content":"        try {","lastModifiedDate":"2025-01-30","isFullCredit":false},{"lineNumber":38,"author":{"gitId":"wailydest"},"content":"            taskNumber \u003d Integer.parseInt(inputParts[1]);","lastModifiedDate":"2025-01-30","isFullCredit":false},{"lineNumber":39,"author":{"gitId":"wailydest"},"content":"        } catch (NumberFormatException e) {","lastModifiedDate":"2025-01-30","isFullCredit":false},{"lineNumber":40,"author":{"gitId":"wailydest"},"content":"            throw new IncorrectDeleteFormat();","lastModifiedDate":"2025-01-30","isFullCredit":false},{"lineNumber":41,"author":{"gitId":"wailydest"},"content":"        }","lastModifiedDate":"2025-01-30","isFullCredit":false},{"lineNumber":42,"author":{"gitId":"wailydest"},"content":"        if (taskNumber \u003c 1 || taskNumber \u003e Sigmabot.taskList.size()) {","lastModifiedDate":"2025-01-30","isFullCredit":false},{"lineNumber":43,"author":{"gitId":"wailydest"},"content":"            throw new IncorrectTaskNumber(taskNumber);","lastModifiedDate":"2025-01-30","isFullCredit":false},{"lineNumber":44,"author":{"gitId":"wailydest"},"content":"        }","lastModifiedDate":"2025-01-30","isFullCredit":false},{"lineNumber":45,"author":{"gitId":"wailydest"},"content":"        --taskNumber;","lastModifiedDate":"2025-01-30","isFullCredit":false},{"lineNumber":46,"author":{"gitId":"wailydest"},"content":"        System.out.println(\"removed task \" + (taskNumber + 1) + \": \" + taskList.get(taskNumber));","lastModifiedDate":"2025-01-30","isFullCredit":false},{"lineNumber":47,"author":{"gitId":"wailydest"},"content":"        taskList.remove(taskNumber);","lastModifiedDate":"2025-01-30","isFullCredit":false},{"lineNumber":48,"author":{"gitId":"wailydest"},"content":"        System.out.println(\"you\u0027ve got \" + taskList.size() + \" tasks so far\");","lastModifiedDate":"2025-01-30","isFullCredit":false},{"lineNumber":49,"author":{"gitId":"wailydest"},"content":"    }","lastModifiedDate":"2025-01-30","isFullCredit":false},{"lineNumber":50,"author":{"gitId":"wailydest"},"content":"    public static void processAddTaskInput(String input) throws SigmabotException {","lastModifiedDate":"2025-01-30","isFullCredit":false},{"lineNumber":51,"author":{"gitId":"wailydest"},"content":"        String descriptionRegex \u003d \"^[a-z]+\\\\s([^/]+)\";","lastModifiedDate":"2025-01-30","isFullCredit":false},{"lineNumber":52,"author":{"gitId":"wailydest"},"content":"        var matcher \u003d Pattern.compile(descriptionRegex).matcher(input);","lastModifiedDate":"2025-01-30","isFullCredit":false},{"lineNumber":53,"author":{"gitId":"wailydest"},"content":"        if (!matcher.find()) throw new IncorrectTaskFormat(input);","lastModifiedDate":"2025-01-30","isFullCredit":false},{"lineNumber":54,"author":{"gitId":"wailydest"},"content":"        String description \u003d matcher.group(1).trim();","lastModifiedDate":"2025-01-30","isFullCredit":false},{"lineNumber":55,"author":{"gitId":"wailydest"},"content":"        if (input.startsWith(\"deadline\")) {","lastModifiedDate":"2025-01-30","isFullCredit":false},{"lineNumber":56,"author":{"gitId":"wailydest"},"content":"            var matcherBy \u003d Pattern.compile(\"/by([^/]*)\").matcher(input);","lastModifiedDate":"2025-01-30","isFullCredit":false},{"lineNumber":57,"author":{"gitId":"wailydest"},"content":"            if (!matcherBy.find()) {","lastModifiedDate":"2025-01-30","isFullCredit":false},{"lineNumber":58,"author":{"gitId":"wailydest"},"content":"                throw new MissingParameterException(\"by\");","lastModifiedDate":"2025-01-30","isFullCredit":false},{"lineNumber":59,"author":{"gitId":"wailydest"},"content":"            }","lastModifiedDate":"2025-01-30","isFullCredit":false},{"lineNumber":60,"author":{"gitId":"wailydest"},"content":"            taskList.add(new Deadline(description, matcherBy.group(1).trim()));","lastModifiedDate":"2025-01-30","isFullCredit":false},{"lineNumber":61,"author":{"gitId":"wailydest"},"content":"        } else if (input.startsWith(\"event\")) {","lastModifiedDate":"2025-01-30","isFullCredit":false},{"lineNumber":62,"author":{"gitId":"wailydest"},"content":"            var matcherFrom \u003d Pattern.compile(\"/from([^/]*)\").matcher(input);","lastModifiedDate":"2025-01-30","isFullCredit":false},{"lineNumber":63,"author":{"gitId":"wailydest"},"content":"            var matcherTo \u003d Pattern.compile(\"/to([^/]*)\").matcher(input);","lastModifiedDate":"2025-01-30","isFullCredit":false},{"lineNumber":64,"author":{"gitId":"wailydest"},"content":"            if (!matcherFrom.find()) {","lastModifiedDate":"2025-01-30","isFullCredit":false},{"lineNumber":65,"author":{"gitId":"wailydest"},"content":"                throw new MissingParameterException(\"from\");","lastModifiedDate":"2025-01-30","isFullCredit":false},{"lineNumber":66,"author":{"gitId":"wailydest"},"content":"            }","lastModifiedDate":"2025-01-30","isFullCredit":false},{"lineNumber":67,"author":{"gitId":"wailydest"},"content":"            if (!matcherTo.find()) {","lastModifiedDate":"2025-01-30","isFullCredit":false},{"lineNumber":68,"author":{"gitId":"wailydest"},"content":"                throw new MissingParameterException(\"to\");","lastModifiedDate":"2025-01-30","isFullCredit":false},{"lineNumber":69,"author":{"gitId":"wailydest"},"content":"            }","lastModifiedDate":"2025-01-30","isFullCredit":false},{"lineNumber":70,"author":{"gitId":"wailydest"},"content":"            taskList.add(new Event(description, matcherFrom.group(1).trim(), matcherTo.group(1).trim()));","lastModifiedDate":"2025-01-30","isFullCredit":false},{"lineNumber":71,"author":{"gitId":"wailydest"},"content":"        } else if (input.startsWith(\"todo\")) {","lastModifiedDate":"2025-01-30","isFullCredit":false},{"lineNumber":72,"author":{"gitId":"wailydest"},"content":"            taskList.add(new ToDo(description));","lastModifiedDate":"2025-01-30","isFullCredit":false},{"lineNumber":73,"author":{"gitId":"wailydest"},"content":"        } else {","lastModifiedDate":"2025-01-30","isFullCredit":false},{"lineNumber":74,"author":{"gitId":"wailydest"},"content":"            throw new IncorrectTaskTypeException(input);","lastModifiedDate":"2025-01-30","isFullCredit":false},{"lineNumber":75,"author":{"gitId":"wailydest"},"content":"        }","lastModifiedDate":"2025-01-30","isFullCredit":false},{"lineNumber":76,"author":{"gitId":"wailydest"},"content":"        System.out.println(\"added new task \" + taskList.size() + \": \" + taskList.get(taskList.size() - 1));","lastModifiedDate":"2025-01-30","isFullCredit":false},{"lineNumber":77,"author":{"gitId":"wailydest"},"content":"        System.out.println(\"you\u0027ve got \" + taskList.size() + \" tasks so far\");","lastModifiedDate":"2025-01-30","isFullCredit":false},{"lineNumber":78,"author":{"gitId":"wailydest"},"content":"    }","lastModifiedDate":"2025-01-30","isFullCredit":false},{"lineNumber":79,"author":{"gitId":"wailydest"},"content":"    public static void main(String[] args) {","lastModifiedDate":"2025-01-30","isFullCredit":false},{"lineNumber":80,"author":{"gitId":"wailydest"},"content":"        Sigmabot.taskList \u003d new ArrayList\u003cTask\u003e();","lastModifiedDate":"2025-01-30","isFullCredit":false},{"lineNumber":81,"author":{"gitId":"wailydest"},"content":"","lastModifiedDate":"2025-01-30","isFullCredit":false},{"lineNumber":82,"author":{"gitId":"wailydest"},"content":"        System.out.println(\"hi! i\u0027m your sigma bot. what\u0027s on your list?\");","lastModifiedDate":"2025-01-30","isFullCredit":false},{"lineNumber":83,"author":{"gitId":"wailydest"},"content":"","lastModifiedDate":"2025-01-30","isFullCredit":false},{"lineNumber":84,"author":{"gitId":"wailydest"},"content":"        Scanner scanner \u003d new Scanner(System.in);","lastModifiedDate":"2025-01-30","isFullCredit":false},{"lineNumber":85,"author":{"gitId":"wailydest"},"content":"        while (scanner.hasNextLine()) {","lastModifiedDate":"2025-01-30","isFullCredit":false},{"lineNumber":86,"author":{"gitId":"wailydest"},"content":"            String input \u003d scanner.nextLine();","lastModifiedDate":"2025-01-30","isFullCredit":false},{"lineNumber":87,"author":{"gitId":"wailydest"},"content":"            try {","lastModifiedDate":"2025-01-30","isFullCredit":false},{"lineNumber":88,"author":{"gitId":"wailydest"},"content":"                if (input.equals(\"bye\")) break;","lastModifiedDate":"2025-01-30","isFullCredit":false},{"lineNumber":89,"author":{"gitId":"wailydest"},"content":"                if (input.equals(\"list\")) Sigmabot.viewTaskList();","lastModifiedDate":"2025-01-30","isFullCredit":false},{"lineNumber":90,"author":{"gitId":"wailydest"},"content":"                else if (input.startsWith(\"mark \") || input.startsWith(\"unmark \")) Sigmabot.processMarkInput(input);","lastModifiedDate":"2025-01-30","isFullCredit":false},{"lineNumber":91,"author":{"gitId":"wailydest"},"content":"                else if (input.startsWith(\"delete \")) Sigmabot.processDeleteInput(input);","lastModifiedDate":"2025-01-30","isFullCredit":false},{"lineNumber":92,"author":{"gitId":"wailydest"},"content":"                else Sigmabot.processAddTaskInput(input);","lastModifiedDate":"2025-01-30","isFullCredit":false},{"lineNumber":93,"author":{"gitId":"wailydest"},"content":"            } catch (SigmabotException e) {","lastModifiedDate":"2025-01-30","isFullCredit":false},{"lineNumber":94,"author":{"gitId":"wailydest"},"content":"                System.out.println(\"[!] \" + e.getMessage());","lastModifiedDate":"2025-01-30","isFullCredit":false},{"lineNumber":95,"author":{"gitId":"wailydest"},"content":"            }","lastModifiedDate":"2025-01-30","isFullCredit":false},{"lineNumber":96,"author":{"gitId":"wailydest"},"content":"        }","lastModifiedDate":"2025-01-30","isFullCredit":false},{"lineNumber":97,"author":{"gitId":"wailydest"},"content":"","lastModifiedDate":"2025-01-30","isFullCredit":false},{"lineNumber":98,"author":{"gitId":"wailydest"},"content":"        System.out.println(\"see you soon!\");","lastModifiedDate":"2025-01-30","isFullCredit":false},{"lineNumber":99,"author":{"gitId":"wailydest"},"content":"    }","lastModifiedDate":"2025-01-30","isFullCredit":false},{"lineNumber":100,"author":{"gitId":"wailydest"},"content":"}","lastModifiedDate":"2025-01-30","isFullCredit":false}],"authorContributionMap":{"wailydest":100}},{"path":"src/main/java/Task.java","fileType":"java","lines":[{"lineNumber":1,"author":{"gitId":"wailydest"},"content":"public class Task {","lastModifiedDate":"2025-01-30","isFullCredit":false},{"lineNumber":2,"author":{"gitId":"wailydest"},"content":"    private String description;","lastModifiedDate":"2025-01-30","isFullCredit":false},{"lineNumber":3,"author":{"gitId":"wailydest"},"content":"    private boolean isMarked;","lastModifiedDate":"2025-01-30","isFullCredit":false},{"lineNumber":4,"author":{"gitId":"wailydest"},"content":"    public Task(String description) {","lastModifiedDate":"2025-01-30","isFullCredit":false},{"lineNumber":5,"author":{"gitId":"wailydest"},"content":"        this.description \u003d description;","lastModifiedDate":"2025-01-30","isFullCredit":false},{"lineNumber":6,"author":{"gitId":"wailydest"},"content":"        this.isMarked \u003d false;","lastModifiedDate":"2025-01-30","isFullCredit":false},{"lineNumber":7,"author":{"gitId":"wailydest"},"content":"    }","lastModifiedDate":"2025-01-30","isFullCredit":false},{"lineNumber":8,"author":{"gitId":"wailydest"},"content":"    public void mark() {","lastModifiedDate":"2025-01-30","isFullCredit":false},{"lineNumber":9,"author":{"gitId":"wailydest"},"content":"        this.isMarked \u003d true;","lastModifiedDate":"2025-01-30","isFullCredit":false},{"lineNumber":10,"author":{"gitId":"wailydest"},"content":"    }","lastModifiedDate":"2025-01-30","isFullCredit":false},{"lineNumber":11,"author":{"gitId":"wailydest"},"content":"    public void unmark() {","lastModifiedDate":"2025-01-30","isFullCredit":false},{"lineNumber":12,"author":{"gitId":"wailydest"},"content":"        this.isMarked \u003d false;","lastModifiedDate":"2025-01-30","isFullCredit":false},{"lineNumber":13,"author":{"gitId":"wailydest"},"content":"    }","lastModifiedDate":"2025-01-30","isFullCredit":false},{"lineNumber":14,"author":{"gitId":"wailydest"},"content":"    public boolean getIsMarked() {","lastModifiedDate":"2025-01-30","isFullCredit":false},{"lineNumber":15,"author":{"gitId":"wailydest"},"content":"        return isMarked;","lastModifiedDate":"2025-01-30","isFullCredit":false},{"lineNumber":16,"author":{"gitId":"wailydest"},"content":"    }","lastModifiedDate":"2025-01-30","isFullCredit":false},{"lineNumber":17,"author":{"gitId":"wailydest"},"content":"    @Override","lastModifiedDate":"2025-01-30","isFullCredit":false},{"lineNumber":18,"author":{"gitId":"wailydest"},"content":"    public String toString() {","lastModifiedDate":"2025-01-30","isFullCredit":false},{"lineNumber":19,"author":{"gitId":"wailydest"},"content":"        return \"[\" + (this.isMarked ? \"X\" : \" \") + \"] \" + description;","lastModifiedDate":"2025-01-30","isFullCredit":false},{"lineNumber":20,"author":{"gitId":"wailydest"},"content":"    }","lastModifiedDate":"2025-01-30","isFullCredit":false},{"lineNumber":21,"author":{"gitId":"wailydest"},"content":"}","lastModifiedDate":"2025-01-30","isFullCredit":false}],"authorContributionMap":{"wailydest":21}},{"path":"src/main/java/ToDo.java","fileType":"java","lines":[{"lineNumber":1,"author":{"gitId":"wailydest"},"content":"public class ToDo extends Task {","lastModifiedDate":"2025-01-30","isFullCredit":false},{"lineNumber":2,"author":{"gitId":"wailydest"},"content":"    ToDo(String description) {","lastModifiedDate":"2025-01-30","isFullCredit":false},{"lineNumber":3,"author":{"gitId":"wailydest"},"content":"        super(description);","lastModifiedDate":"2025-01-30","isFullCredit":false},{"lineNumber":4,"author":{"gitId":"wailydest"},"content":"    }","lastModifiedDate":"2025-01-30","isFullCredit":false},{"lineNumber":5,"author":{"gitId":"wailydest"},"content":"    @Override","lastModifiedDate":"2025-01-30","isFullCredit":false},{"lineNumber":6,"author":{"gitId":"wailydest"},"content":"    public String toString() {","lastModifiedDate":"2025-01-30","isFullCredit":false},{"lineNumber":7,"author":{"gitId":"wailydest"},"content":"        return \"[T]\" + super.toString();","lastModifiedDate":"2025-01-30","isFullCredit":false},{"lineNumber":8,"author":{"gitId":"wailydest"},"content":"    }","lastModifiedDate":"2025-01-30","isFullCredit":false},{"lineNumber":9,"author":{"gitId":"wailydest"},"content":"}","lastModifiedDate":"2025-01-30","isFullCredit":false}],"authorContributionMap":{"wailydest":9}},{"path":"src/main/java/exception/IncorrectDeleteFormat.java","fileType":"java","lines":[{"lineNumber":1,"author":{"gitId":"wailydest"},"content":"package exception;","lastModifiedDate":"2025-01-30","isFullCredit":false},{"lineNumber":2,"author":{"gitId":"wailydest"},"content":"","lastModifiedDate":"2025-01-30","isFullCredit":false},{"lineNumber":3,"author":{"gitId":"wailydest"},"content":"public class IncorrectDeleteFormat extends SigmabotException {","lastModifiedDate":"2025-01-30","isFullCredit":false},{"lineNumber":4,"author":{"gitId":"wailydest"},"content":"    public IncorrectDeleteFormat() {","lastModifiedDate":"2025-01-30","isFullCredit":false},{"lineNumber":5,"author":{"gitId":"wailydest"},"content":"        super(\"Incorrect delete format. Use: delete [task number]\");","lastModifiedDate":"2025-01-30","isFullCredit":false},{"lineNumber":6,"author":{"gitId":"wailydest"},"content":"    }","lastModifiedDate":"2025-01-30","isFullCredit":false},{"lineNumber":7,"author":{"gitId":"wailydest"},"content":"}","lastModifiedDate":"2025-01-30","isFullCredit":false}],"authorContributionMap":{"wailydest":7}},{"path":"src/main/java/exception/IncorrectMarkFormat.java","fileType":"java","lines":[{"lineNumber":1,"author":{"gitId":"wailydest"},"content":"package exception;","lastModifiedDate":"2025-01-30","isFullCredit":false},{"lineNumber":2,"author":{"gitId":"wailydest"},"content":"","lastModifiedDate":"2025-01-30","isFullCredit":false},{"lineNumber":3,"author":{"gitId":"wailydest"},"content":"public class IncorrectMarkFormat extends SigmabotException {","lastModifiedDate":"2025-01-30","isFullCredit":false},{"lineNumber":4,"author":{"gitId":"wailydest"},"content":"    public IncorrectMarkFormat(String command) {","lastModifiedDate":"2025-01-30","isFullCredit":false},{"lineNumber":5,"author":{"gitId":"wailydest"},"content":"        super(\"Incorrect mark format. Use: \" + command + \" [task number]\");","lastModifiedDate":"2025-01-30","isFullCredit":false},{"lineNumber":6,"author":{"gitId":"wailydest"},"content":"    }","lastModifiedDate":"2025-01-30","isFullCredit":false},{"lineNumber":7,"author":{"gitId":"wailydest"},"content":"}","lastModifiedDate":"2025-01-30","isFullCredit":false}],"authorContributionMap":{"wailydest":7}},{"path":"src/main/java/exception/IncorrectTaskFormat.java","fileType":"java","lines":[{"lineNumber":1,"author":{"gitId":"wailydest"},"content":"package exception;","lastModifiedDate":"2025-01-30","isFullCredit":false},{"lineNumber":2,"author":{"gitId":"wailydest"},"content":"","lastModifiedDate":"2025-01-30","isFullCredit":false},{"lineNumber":3,"author":{"gitId":"wailydest"},"content":"public class IncorrectTaskFormat extends SigmabotException {","lastModifiedDate":"2025-01-30","isFullCredit":false},{"lineNumber":4,"author":{"gitId":"wailydest"},"content":"    public IncorrectTaskFormat(String input) {","lastModifiedDate":"2025-01-30","isFullCredit":false},{"lineNumber":5,"author":{"gitId":"wailydest"},"content":"        super(\"Incorrect task creation format: \" + input","lastModifiedDate":"2025-01-30","isFullCredit":false},{"lineNumber":6,"author":{"gitId":"wailydest"},"content":"                + \"\\nThe proper format is: [task type] [task description] [parameters, if any]\");","lastModifiedDate":"2025-01-30","isFullCredit":false},{"lineNumber":7,"author":{"gitId":"wailydest"},"content":"    }","lastModifiedDate":"2025-01-30","isFullCredit":false},{"lineNumber":8,"author":{"gitId":"wailydest"},"content":"}","lastModifiedDate":"2025-01-30","isFullCredit":false}],"authorContributionMap":{"wailydest":8}},{"path":"src/main/java/exception/IncorrectTaskNumber.java","fileType":"java","lines":[{"lineNumber":1,"author":{"gitId":"wailydest"},"content":"package exception;","lastModifiedDate":"2025-01-30","isFullCredit":false},{"lineNumber":2,"author":{"gitId":"wailydest"},"content":"","lastModifiedDate":"2025-01-30","isFullCredit":false},{"lineNumber":3,"author":{"gitId":"wailydest"},"content":"public class IncorrectTaskNumber extends SigmabotException {","lastModifiedDate":"2025-01-30","isFullCredit":false},{"lineNumber":4,"author":{"gitId":"wailydest"},"content":"    public IncorrectTaskNumber(int number) {","lastModifiedDate":"2025-01-30","isFullCredit":false},{"lineNumber":5,"author":{"gitId":"wailydest"},"content":"        super(\"Task numbered \" + number + \" does not exist.\");","lastModifiedDate":"2025-01-30","isFullCredit":false},{"lineNumber":6,"author":{"gitId":"wailydest"},"content":"    }","lastModifiedDate":"2025-01-30","isFullCredit":false},{"lineNumber":7,"author":{"gitId":"wailydest"},"content":"}","lastModifiedDate":"2025-01-30","isFullCredit":false}],"authorContributionMap":{"wailydest":7}},{"path":"src/main/java/exception/IncorrectTaskTypeException.java","fileType":"java","lines":[{"lineNumber":1,"author":{"gitId":"wailydest"},"content":"package exception;","lastModifiedDate":"2025-01-30","isFullCredit":false},{"lineNumber":2,"author":{"gitId":"wailydest"},"content":"","lastModifiedDate":"2025-01-30","isFullCredit":false},{"lineNumber":3,"author":{"gitId":"wailydest"},"content":"public class IncorrectTaskTypeException extends SigmabotException {","lastModifiedDate":"2025-01-30","isFullCredit":false},{"lineNumber":4,"author":{"gitId":"wailydest"},"content":"    public IncorrectTaskTypeException(String input) {","lastModifiedDate":"2025-01-30","isFullCredit":false},{"lineNumber":5,"author":{"gitId":"wailydest"},"content":"        super(\"There\u0027s no task type named \"","lastModifiedDate":"2025-01-30","isFullCredit":false},{"lineNumber":6,"author":{"gitId":"wailydest"},"content":"                + input.split(\"\\\\s+\")[0]","lastModifiedDate":"2025-01-30","isFullCredit":false},{"lineNumber":7,"author":{"gitId":"wailydest"},"content":"                + \" :( try one of the valid task types\");","lastModifiedDate":"2025-01-30","isFullCredit":false},{"lineNumber":8,"author":{"gitId":"wailydest"},"content":"    }","lastModifiedDate":"2025-01-30","isFullCredit":false},{"lineNumber":9,"author":{"gitId":"wailydest"},"content":"}","lastModifiedDate":"2025-01-30","isFullCredit":false}],"authorContributionMap":{"wailydest":9}},{"path":"src/main/java/exception/MissingParameterException.java","fileType":"java","lines":[{"lineNumber":1,"author":{"gitId":"wailydest"},"content":"package exception;","lastModifiedDate":"2025-01-30","isFullCredit":false},{"lineNumber":2,"author":{"gitId":"wailydest"},"content":"","lastModifiedDate":"2025-01-30","isFullCredit":false},{"lineNumber":3,"author":{"gitId":"wailydest"},"content":"public class MissingParameterException extends SigmabotException{","lastModifiedDate":"2025-01-30","isFullCredit":false},{"lineNumber":4,"author":{"gitId":"wailydest"},"content":"    public MissingParameterException(String parameter) {","lastModifiedDate":"2025-01-30","isFullCredit":false},{"lineNumber":5,"author":{"gitId":"wailydest"},"content":"        super(\"This task type requires parameter /\" + parameter);","lastModifiedDate":"2025-01-30","isFullCredit":false},{"lineNumber":6,"author":{"gitId":"wailydest"},"content":"    }","lastModifiedDate":"2025-01-30","isFullCredit":false},{"lineNumber":7,"author":{"gitId":"wailydest"},"content":"}","lastModifiedDate":"2025-01-30","isFullCredit":false}],"authorContributionMap":{"wailydest":7}},{"path":"src/main/java/exception/SigmabotException.java","fileType":"java","lines":[{"lineNumber":1,"author":{"gitId":"wailydest"},"content":"package exception;","lastModifiedDate":"2025-01-30","isFullCredit":false},{"lineNumber":2,"author":{"gitId":"wailydest"},"content":"","lastModifiedDate":"2025-01-30","isFullCredit":false},{"lineNumber":3,"author":{"gitId":"wailydest"},"content":"public class SigmabotException extends Exception {","lastModifiedDate":"2025-01-30","isFullCredit":false},{"lineNumber":4,"author":{"gitId":"wailydest"},"content":"    SigmabotException(String message) {","lastModifiedDate":"2025-01-30","isFullCredit":false},{"lineNumber":5,"author":{"gitId":"wailydest"},"content":"        super(message);","lastModifiedDate":"2025-01-30","isFullCredit":false},{"lineNumber":6,"author":{"gitId":"wailydest"},"content":"    }","lastModifiedDate":"2025-01-30","isFullCredit":false},{"lineNumber":7,"author":{"gitId":"wailydest"},"content":"}","lastModifiedDate":"2025-01-30","isFullCredit":false}],"authorContributionMap":{"wailydest":7}},{"path":"text-ui-test/input.txt","fileType":"txt","lines":[{"lineNumber":1,"author":{"gitId":"wailydest"},"content":"list","lastModifiedDate":"2025-01-30","isFullCredit":false},{"lineNumber":2,"author":{"gitId":"wailydest"},"content":"todo borrow book","lastModifiedDate":"2025-01-30","isFullCredit":false},{"lineNumber":3,"author":{"gitId":"wailydest"},"content":"deadline return book","lastModifiedDate":"2025-01-30","isFullCredit":false},{"lineNumber":4,"author":{"gitId":"wailydest"},"content":"list","lastModifiedDate":"2025-01-30","isFullCredit":false},{"lineNumber":5,"author":{"gitId":"wailydest"},"content":"deadline return book /by Sunday","lastModifiedDate":"2025-01-30","isFullCredit":false},{"lineNumber":6,"author":{"gitId":"wailydest"},"content":"event project meeting /from Mon 2pm /to 4pm","lastModifiedDate":"2025-01-30","isFullCredit":false},{"lineNumber":7,"author":{"gitId":"wailydest"},"content":"list","lastModifiedDate":"2025-01-30","isFullCredit":false},{"lineNumber":8,"author":{"gitId":"wailydest"},"content":"deadline do homework /by no idea :-p","lastModifiedDate":"2025-01-30","isFullCredit":false},{"lineNumber":9,"author":{"gitId":"wailydest"},"content":"mark 3","lastModifiedDate":"2025-01-30","isFullCredit":false},{"lineNumber":10,"author":{"gitId":"wailydest"},"content":"mark 2","lastModifiedDate":"2025-01-30","isFullCredit":false},{"lineNumber":11,"author":{"gitId":"wailydest"},"content":"list","lastModifiedDate":"2025-01-30","isFullCredit":false},{"lineNumber":12,"author":{"gitId":"wailydest"},"content":"mark 10","lastModifiedDate":"2025-01-30","isFullCredit":false},{"lineNumber":13,"author":{"gitId":"wailydest"},"content":"unmark notanumber","lastModifiedDate":"2025-01-30","isFullCredit":false},{"lineNumber":14,"author":{"gitId":"wailydest"},"content":"unmark 1","lastModifiedDate":"2025-01-30","isFullCredit":false},{"lineNumber":15,"author":{"gitId":"wailydest"},"content":"list","lastModifiedDate":"2025-01-30","isFullCredit":false},{"lineNumber":16,"author":{"gitId":"wailydest"},"content":"unmark 3","lastModifiedDate":"2025-01-30","isFullCredit":false},{"lineNumber":17,"author":{"gitId":"wailydest"},"content":"list","lastModifiedDate":"2025-01-30","isFullCredit":false},{"lineNumber":18,"author":{"gitId":"wailydest"},"content":"delete -1","lastModifiedDate":"2025-01-30","isFullCredit":false},{"lineNumber":19,"author":{"gitId":"wailydest"},"content":"delete 123","lastModifiedDate":"2025-01-30","isFullCredit":false},{"lineNumber":20,"author":{"gitId":"wailydest"},"content":"list","lastModifiedDate":"2025-01-30","isFullCredit":false},{"lineNumber":21,"author":{"gitId":"wailydest"},"content":"delete 2","lastModifiedDate":"2025-01-30","isFullCredit":false},{"lineNumber":22,"author":{"gitId":"wailydest"},"content":"list","lastModifiedDate":"2025-01-30","isFullCredit":false}],"authorContributionMap":{"wailydest":22}},{"path":"text-ui-test/runtest.sh","fileType":"sh","lines":[{"lineNumber":1,"author":{"gitId":"-"},"content":"#!/usr/bin/env bash","lastModifiedDate":"2020-05-25","isFullCredit":false},{"lineNumber":2,"author":{"gitId":"-"},"content":"","lastModifiedDate":"2020-05-25","isFullCredit":false},{"lineNumber":3,"author":{"gitId":"-"},"content":"# create bin directory if it doesn\u0027t exist","lastModifiedDate":"2020-05-25","isFullCredit":false},{"lineNumber":4,"author":{"gitId":"-"},"content":"if [ ! -d \"../bin\" ]","lastModifiedDate":"2020-05-25","isFullCredit":false},{"lineNumber":5,"author":{"gitId":"-"},"content":"then","lastModifiedDate":"2020-05-25","isFullCredit":false},{"lineNumber":6,"author":{"gitId":"-"},"content":"    mkdir ../bin","lastModifiedDate":"2020-05-25","isFullCredit":false},{"lineNumber":7,"author":{"gitId":"-"},"content":"fi","lastModifiedDate":"2020-05-25","isFullCredit":false},{"lineNumber":8,"author":{"gitId":"-"},"content":"","lastModifiedDate":"2020-05-25","isFullCredit":false},{"lineNumber":9,"author":{"gitId":"-"},"content":"# delete output from previous run","lastModifiedDate":"2020-05-25","isFullCredit":false},{"lineNumber":10,"author":{"gitId":"-"},"content":"if [ -e \"./ACTUAL.TXT\" ]","lastModifiedDate":"2020-05-25","isFullCredit":false},{"lineNumber":11,"author":{"gitId":"-"},"content":"then","lastModifiedDate":"2020-05-25","isFullCredit":false},{"lineNumber":12,"author":{"gitId":"-"},"content":"    rm ACTUAL.TXT","lastModifiedDate":"2020-05-25","isFullCredit":false},{"lineNumber":13,"author":{"gitId":"-"},"content":"fi","lastModifiedDate":"2020-05-25","isFullCredit":false},{"lineNumber":14,"author":{"gitId":"-"},"content":"","lastModifiedDate":"2020-05-25","isFullCredit":false},{"lineNumber":15,"author":{"gitId":"-"},"content":"# compile the code into the bin folder, terminates if error occurred","lastModifiedDate":"2020-05-25","isFullCredit":false},{"lineNumber":16,"author":{"gitId":"-"},"content":"if ! javac -cp ../src/main/java -Xlint:none -d ../bin ../src/main/java/*.java","lastModifiedDate":"2020-08-25","isFullCredit":false},{"lineNumber":17,"author":{"gitId":"-"},"content":"then","lastModifiedDate":"2020-05-25","isFullCredit":false},{"lineNumber":18,"author":{"gitId":"-"},"content":"    echo \"********** BUILD FAILURE **********\"","lastModifiedDate":"2020-05-25","isFullCredit":false},{"lineNumber":19,"author":{"gitId":"-"},"content":"    exit 1","lastModifiedDate":"2020-05-25","isFullCredit":false},{"lineNumber":20,"author":{"gitId":"-"},"content":"fi","lastModifiedDate":"2020-05-25","isFullCredit":false},{"lineNumber":21,"author":{"gitId":"-"},"content":"","lastModifiedDate":"2020-05-25","isFullCredit":false},{"lineNumber":22,"author":{"gitId":"-"},"content":"# run the program, feed commands from input.txt file and redirect the output to the ACTUAL.TXT","lastModifiedDate":"2020-05-25","isFullCredit":false},{"lineNumber":23,"author":{"gitId":"wailydest"},"content":"java -classpath ../bin Sigmabot \u003c input.txt \u003e ACTUAL.TXT","lastModifiedDate":"2025-01-30","isFullCredit":false},{"lineNumber":24,"author":{"gitId":"-"},"content":"","lastModifiedDate":"2020-05-25","isFullCredit":false},{"lineNumber":25,"author":{"gitId":"-"},"content":"# convert to UNIX format","lastModifiedDate":"2020-05-25","isFullCredit":false},{"lineNumber":26,"author":{"gitId":"-"},"content":"cp EXPECTED.TXT EXPECTED-UNIX.TXT","lastModifiedDate":"2020-05-25","isFullCredit":false},{"lineNumber":27,"author":{"gitId":"-"},"content":"dos2unix ACTUAL.TXT EXPECTED-UNIX.TXT","lastModifiedDate":"2020-05-25","isFullCredit":false},{"lineNumber":28,"author":{"gitId":"-"},"content":"","lastModifiedDate":"2020-05-25","isFullCredit":false},{"lineNumber":29,"author":{"gitId":"-"},"content":"# compare the output to the expected output","lastModifiedDate":"2020-05-25","isFullCredit":false},{"lineNumber":30,"author":{"gitId":"-"},"content":"diff ACTUAL.TXT EXPECTED-UNIX.TXT","lastModifiedDate":"2020-05-25","isFullCredit":false},{"lineNumber":31,"author":{"gitId":"-"},"content":"if [ $? -eq 0 ]","lastModifiedDate":"2020-05-25","isFullCredit":false},{"lineNumber":32,"author":{"gitId":"-"},"content":"then","lastModifiedDate":"2020-05-25","isFullCredit":false},{"lineNumber":33,"author":{"gitId":"-"},"content":"    echo \"Test result: PASSED\"","lastModifiedDate":"2020-05-25","isFullCredit":false},{"lineNumber":34,"author":{"gitId":"-"},"content":"    exit 0","lastModifiedDate":"2020-05-25","isFullCredit":false},{"lineNumber":35,"author":{"gitId":"-"},"content":"else","lastModifiedDate":"2020-05-25","isFullCredit":false},{"lineNumber":36,"author":{"gitId":"-"},"content":"    echo \"Test result: FAILED\"","lastModifiedDate":"2020-05-25","isFullCredit":false},{"lineNumber":37,"author":{"gitId":"-"},"content":"    exit 1","lastModifiedDate":"2020-05-25","isFullCredit":false},{"lineNumber":38,"author":{"gitId":"-"},"content":"fi","lastModifiedDate":"2020-05-25","isFullCredit":false}],"authorContributionMap":{"-":37,"wailydest":1}}]
