[{"path":"README.md","fileType":"md","lines":[{"lineNumber":1,"author":{"gitId":"Fieash"},"content":"# Goon project template","lastModifiedDate":"2025-01-24","isFullCredit":false},{"lineNumber":2,"author":{"gitId":"-"},"content":"","lastModifiedDate":"2020-05-25","isFullCredit":false},{"lineNumber":3,"author":{"gitId":"-"},"content":"This is a project template for a greenfield Java project. It\u0027s named after the Java mascot _Duke_. Given below are instructions on how to use it.","lastModifiedDate":"2020-05-25","isFullCredit":false},{"lineNumber":4,"author":{"gitId":"-"},"content":"","lastModifiedDate":"2020-05-25","isFullCredit":false},{"lineNumber":5,"author":{"gitId":"-"},"content":"## Setting up in Intellij","lastModifiedDate":"2020-05-25","isFullCredit":false},{"lineNumber":6,"author":{"gitId":"-"},"content":"","lastModifiedDate":"2020-05-25","isFullCredit":false},{"lineNumber":7,"author":{"gitId":"-"},"content":"Prerequisites: JDK 17, update Intellij to the most recent version.","lastModifiedDate":"2024-07-11","isFullCredit":false},{"lineNumber":8,"author":{"gitId":"-"},"content":"","lastModifiedDate":"2020-05-25","isFullCredit":false},{"lineNumber":9,"author":{"gitId":"-"},"content":"1. Open Intellij (if you are not in the welcome screen, click `File` \u003e `Close Project` to close the existing project first)","lastModifiedDate":"2021-01-17","isFullCredit":false},{"lineNumber":10,"author":{"gitId":"-"},"content":"1. Open the project into Intellij as follows:","lastModifiedDate":"2021-01-17","isFullCredit":false},{"lineNumber":11,"author":{"gitId":"-"},"content":"   1. Click `Open`.","lastModifiedDate":"2021-01-17","isFullCredit":false},{"lineNumber":12,"author":{"gitId":"-"},"content":"   1. Select the project directory, and click `OK`.","lastModifiedDate":"2021-01-17","isFullCredit":false},{"lineNumber":13,"author":{"gitId":"-"},"content":"   1. If there are any further prompts, accept the defaults.","lastModifiedDate":"2020-05-25","isFullCredit":false},{"lineNumber":14,"author":{"gitId":"-"},"content":"1. Configure the project to use **JDK 17** (not other versions) as explained in [here](https://www.jetbrains.com/help/idea/sdk.html#set-up-jdk).\u003cbr\u003e","lastModifiedDate":"2024-07-11","isFullCredit":false},{"lineNumber":15,"author":{"gitId":"-"},"content":"   In the same dialog, set the **Project language level** field to the `SDK default` option.","lastModifiedDate":"2021-07-29","isFullCredit":false},{"lineNumber":16,"author":{"gitId":"-"},"content":"1. After that, locate the `src/main/java/Duke.java` file, right-click it, and choose `Run Duke.main()` (if the code editor is showing compile errors, try restarting the IDE). If the setup is correct, you should see something like the below as the output:","lastModifiedDate":"2025-01-04","isFullCredit":false},{"lineNumber":17,"author":{"gitId":"-"},"content":"   ```","lastModifiedDate":"2020-05-25","isFullCredit":false},{"lineNumber":18,"author":{"gitId":"-"},"content":"   Hello from","lastModifiedDate":"2020-05-25","isFullCredit":false},{"lineNumber":19,"author":{"gitId":"Fieash"},"content":"     ________                    __________        __   ","lastModifiedDate":"2025-01-24","isFullCredit":false},{"lineNumber":20,"author":{"gitId":"Fieash"},"content":"    /  _____/  ____   ____   ____\\______   \\ _____/  |_","lastModifiedDate":"2025-01-24","isFullCredit":false},{"lineNumber":21,"author":{"gitId":"Fieash"},"content":"   /   \\  ___ /  _ \\ /  _ \\ /    \\|    |  _//  _ \\   __\\","lastModifiedDate":"2025-01-24","isFullCredit":false},{"lineNumber":22,"author":{"gitId":"Fieash"},"content":"   \\    \\_\\  (  \u003c_\u003e |  \u003c_\u003e )   |  \\    |   (  \u003c_\u003e )  |  ","lastModifiedDate":"2025-01-24","isFullCredit":false},{"lineNumber":23,"author":{"gitId":"Fieash"},"content":"    \\______  /\\____/ \\____/|___|  /______  /\\____/|__|  ","lastModifiedDate":"2025-01-24","isFullCredit":false},{"lineNumber":24,"author":{"gitId":"Fieash"},"content":"           \\/                   \\/       \\/","lastModifiedDate":"2025-01-24","isFullCredit":false},{"lineNumber":25,"author":{"gitId":"-"},"content":"   ```","lastModifiedDate":"2020-05-25","isFullCredit":false},{"lineNumber":26,"author":{"gitId":"-"},"content":"","lastModifiedDate":"2025-01-04","isFullCredit":false},{"lineNumber":27,"author":{"gitId":"-"},"content":"**Warning:** Keep the `src\\main\\java` folder as the root folder for Java files (i.e., don\u0027t rename those folders or move Java files to another folder outside of this folder path), as this is the default location some tools (e.g., Gradle) expect to find Java files.","lastModifiedDate":"2025-01-04","isFullCredit":false}],"authorContributionMap":{"Fieash":7,"-":20}},{"path":"data/tasks.txt","fileType":"txt","lines":[{"lineNumber":1,"author":{"gitId":"Fieash"},"content":"T | 1 | read book","lastModifiedDate":"2025-02-03","isFullCredit":false},{"lineNumber":2,"author":{"gitId":"Fieash"},"content":"D | 0 | return book /by June 6th","lastModifiedDate":"2025-02-03","isFullCredit":false},{"lineNumber":3,"author":{"gitId":"Fieash"},"content":"E | 0 | project meeting /from Aug 6th 2pm /to 4pm","lastModifiedDate":"2025-02-03","isFullCredit":false},{"lineNumber":4,"author":{"gitId":"Fieash"},"content":"T | 1 | join sports club","lastModifiedDate":"2025-02-03","isFullCredit":false},{"lineNumber":5,"author":{"gitId":"Fieash"},"content":"T | 0 | asdfasdl;kj","lastModifiedDate":"2025-02-03","isFullCredit":false}],"authorContributionMap":{"Fieash":5}},{"path":"docs/README.md","fileType":"md","lines":[{"lineNumber":1,"author":{"gitId":"Fieash"},"content":"# Goon User Guide","lastModifiedDate":"2025-01-24","isFullCredit":false},{"lineNumber":2,"author":{"gitId":"-"},"content":"","lastModifiedDate":"2019-07-29","isFullCredit":false},{"lineNumber":3,"author":{"gitId":"-"},"content":"// Update the title above to match the actual product name","lastModifiedDate":"2024-01-07","isFullCredit":false},{"lineNumber":4,"author":{"gitId":"-"},"content":"","lastModifiedDate":"2019-07-29","isFullCredit":false},{"lineNumber":5,"author":{"gitId":"-"},"content":"// Product screenshot goes here","lastModifiedDate":"2024-01-07","isFullCredit":false},{"lineNumber":6,"author":{"gitId":"-"},"content":"","lastModifiedDate":"2021-07-17","isFullCredit":false},{"lineNumber":7,"author":{"gitId":"-"},"content":"// Product intro goes here","lastModifiedDate":"2024-01-07","isFullCredit":false},{"lineNumber":8,"author":{"gitId":"-"},"content":"","lastModifiedDate":"2021-07-17","isFullCredit":false},{"lineNumber":9,"author":{"gitId":"-"},"content":"## Adding deadlines","lastModifiedDate":"2024-01-07","isFullCredit":false},{"lineNumber":10,"author":{"gitId":"-"},"content":"","lastModifiedDate":"2021-07-17","isFullCredit":false},{"lineNumber":11,"author":{"gitId":"-"},"content":"// Describe the action and its outcome.","lastModifiedDate":"2024-01-07","isFullCredit":false},{"lineNumber":12,"author":{"gitId":"-"},"content":"","lastModifiedDate":"2019-07-29","isFullCredit":false},{"lineNumber":13,"author":{"gitId":"-"},"content":"// Give examples of usage","lastModifiedDate":"2024-01-07","isFullCredit":false},{"lineNumber":14,"author":{"gitId":"-"},"content":"","lastModifiedDate":"2019-07-29","isFullCredit":false},{"lineNumber":15,"author":{"gitId":"-"},"content":"Example: `keyword (optional arguments)`","lastModifiedDate":"2024-01-07","isFullCredit":false},{"lineNumber":16,"author":{"gitId":"-"},"content":"","lastModifiedDate":"2019-07-29","isFullCredit":false},{"lineNumber":17,"author":{"gitId":"-"},"content":"// A description of the expected outcome goes here","lastModifiedDate":"2024-01-07","isFullCredit":false},{"lineNumber":18,"author":{"gitId":"-"},"content":"","lastModifiedDate":"2019-07-29","isFullCredit":false},{"lineNumber":19,"author":{"gitId":"-"},"content":"```","lastModifiedDate":"2024-01-07","isFullCredit":false},{"lineNumber":20,"author":{"gitId":"-"},"content":"expected output","lastModifiedDate":"2024-01-07","isFullCredit":false},{"lineNumber":21,"author":{"gitId":"-"},"content":"```","lastModifiedDate":"2024-01-07","isFullCredit":false},{"lineNumber":22,"author":{"gitId":"-"},"content":"","lastModifiedDate":"2019-07-29","isFullCredit":false},{"lineNumber":23,"author":{"gitId":"-"},"content":"## Feature ABC","lastModifiedDate":"2024-01-07","isFullCredit":false},{"lineNumber":24,"author":{"gitId":"-"},"content":"","lastModifiedDate":"2019-07-29","isFullCredit":false},{"lineNumber":25,"author":{"gitId":"-"},"content":"// Feature details","lastModifiedDate":"2024-01-07","isFullCredit":false},{"lineNumber":26,"author":{"gitId":"-"},"content":"","lastModifiedDate":"2019-07-29","isFullCredit":false},{"lineNumber":27,"author":{"gitId":"-"},"content":"","lastModifiedDate":"2021-07-17","isFullCredit":false},{"lineNumber":28,"author":{"gitId":"-"},"content":"## Feature XYZ","lastModifiedDate":"2024-01-07","isFullCredit":false},{"lineNumber":29,"author":{"gitId":"-"},"content":"","lastModifiedDate":"2024-01-07","isFullCredit":false},{"lineNumber":30,"author":{"gitId":"-"},"content":"// Feature details","lastModifiedDate":"2024-01-07","isFullCredit":false}],"authorContributionMap":{"Fieash":1,"-":29}},{"path":"src/main/java/Deadline.java","fileType":"java","lines":[{"lineNumber":1,"author":{"gitId":"Fieash"},"content":"public class Deadline extends Task {","lastModifiedDate":"2025-01-24","isFullCredit":false},{"lineNumber":2,"author":{"gitId":"Fieash"},"content":"","lastModifiedDate":"2025-01-24","isFullCredit":false},{"lineNumber":3,"author":{"gitId":"Fieash"},"content":"    protected String by;","lastModifiedDate":"2025-01-24","isFullCredit":false},{"lineNumber":4,"author":{"gitId":"Fieash"},"content":"","lastModifiedDate":"2025-01-24","isFullCredit":false},{"lineNumber":5,"author":{"gitId":"Fieash"},"content":"    public Deadline(String description, String by) {","lastModifiedDate":"2025-01-24","isFullCredit":false},{"lineNumber":6,"author":{"gitId":"Fieash"},"content":"        super(description);","lastModifiedDate":"2025-01-24","isFullCredit":false},{"lineNumber":7,"author":{"gitId":"Fieash"},"content":"        this.by \u003d by;","lastModifiedDate":"2025-01-24","isFullCredit":false},{"lineNumber":8,"author":{"gitId":"Fieash"},"content":"    }","lastModifiedDate":"2025-01-24","isFullCredit":false},{"lineNumber":9,"author":{"gitId":"Fieash"},"content":"","lastModifiedDate":"2025-01-24","isFullCredit":false},{"lineNumber":10,"author":{"gitId":"Fieash"},"content":"    @Override","lastModifiedDate":"2025-02-03","isFullCredit":false},{"lineNumber":11,"author":{"gitId":"Fieash"},"content":"    public String toFileFormat() {","lastModifiedDate":"2025-02-03","isFullCredit":false},{"lineNumber":12,"author":{"gitId":"Fieash"},"content":"        return \"\\nD\" + super.toFileFormat();","lastModifiedDate":"2025-02-03","isFullCredit":false},{"lineNumber":13,"author":{"gitId":"Fieash"},"content":"    }","lastModifiedDate":"2025-02-03","isFullCredit":false},{"lineNumber":14,"author":{"gitId":"Fieash"},"content":"","lastModifiedDate":"2025-02-03","isFullCredit":false},{"lineNumber":15,"author":{"gitId":"Fieash"},"content":"    @Override","lastModifiedDate":"2025-01-24","isFullCredit":false},{"lineNumber":16,"author":{"gitId":"Fieash"},"content":"    public String toString() {","lastModifiedDate":"2025-01-24","isFullCredit":false},{"lineNumber":17,"author":{"gitId":"Fieash"},"content":"        return \"[D]\" + super.toString() + \"(by:\" + by + \")\";","lastModifiedDate":"2025-01-24","isFullCredit":false},{"lineNumber":18,"author":{"gitId":"Fieash"},"content":"    }","lastModifiedDate":"2025-01-24","isFullCredit":false},{"lineNumber":19,"author":{"gitId":"Fieash"},"content":"}","lastModifiedDate":"2025-01-24","isFullCredit":false}],"authorContributionMap":{"Fieash":19}},{"path":"src/main/java/Event.java","fileType":"java","lines":[{"lineNumber":1,"author":{"gitId":"Fieash"},"content":"public class Event extends Task {","lastModifiedDate":"2025-01-24","isFullCredit":false},{"lineNumber":2,"author":{"gitId":"Fieash"},"content":"    protected String from;","lastModifiedDate":"2025-01-24","isFullCredit":false},{"lineNumber":3,"author":{"gitId":"Fieash"},"content":"    protected String to;","lastModifiedDate":"2025-01-24","isFullCredit":false},{"lineNumber":4,"author":{"gitId":"Fieash"},"content":"","lastModifiedDate":"2025-01-24","isFullCredit":false},{"lineNumber":5,"author":{"gitId":"Fieash"},"content":"    public Event(String description, String from, String to){","lastModifiedDate":"2025-01-24","isFullCredit":false},{"lineNumber":6,"author":{"gitId":"Fieash"},"content":"        super(description);","lastModifiedDate":"2025-01-24","isFullCredit":false},{"lineNumber":7,"author":{"gitId":"Fieash"},"content":"        this.from \u003d from;","lastModifiedDate":"2025-01-24","isFullCredit":false},{"lineNumber":8,"author":{"gitId":"Fieash"},"content":"        this.to \u003d to;","lastModifiedDate":"2025-01-24","isFullCredit":false},{"lineNumber":9,"author":{"gitId":"Fieash"},"content":"    }","lastModifiedDate":"2025-01-24","isFullCredit":false},{"lineNumber":10,"author":{"gitId":"Fieash"},"content":"","lastModifiedDate":"2025-01-24","isFullCredit":false},{"lineNumber":11,"author":{"gitId":"Fieash"},"content":"    @Override","lastModifiedDate":"2025-02-03","isFullCredit":false},{"lineNumber":12,"author":{"gitId":"Fieash"},"content":"    public String toFileFormat() {","lastModifiedDate":"2025-02-03","isFullCredit":false},{"lineNumber":13,"author":{"gitId":"Fieash"},"content":"        return \"\\nE\" + super.toFileFormat();","lastModifiedDate":"2025-02-03","isFullCredit":false},{"lineNumber":14,"author":{"gitId":"Fieash"},"content":"    }","lastModifiedDate":"2025-02-03","isFullCredit":false},{"lineNumber":15,"author":{"gitId":"Fieash"},"content":"","lastModifiedDate":"2025-02-03","isFullCredit":false},{"lineNumber":16,"author":{"gitId":"Fieash"},"content":"    @Override","lastModifiedDate":"2025-01-24","isFullCredit":false},{"lineNumber":17,"author":{"gitId":"Fieash"},"content":"    public String toString() {","lastModifiedDate":"2025-01-24","isFullCredit":false},{"lineNumber":18,"author":{"gitId":"Fieash"},"content":"        return \"[E]\" + super.toString() + \"(from:\" + from + \", to:\" + to + \")\";","lastModifiedDate":"2025-01-24","isFullCredit":false},{"lineNumber":19,"author":{"gitId":"Fieash"},"content":"    }","lastModifiedDate":"2025-01-24","isFullCredit":false},{"lineNumber":20,"author":{"gitId":"Fieash"},"content":"}","lastModifiedDate":"2025-01-24","isFullCredit":false}],"authorContributionMap":{"Fieash":20}},{"path":"src/main/java/Goon.java","fileType":"java","lines":[{"lineNumber":1,"author":{"gitId":"Fieash"},"content":"import java.io.IOException;","lastModifiedDate":"2025-02-03","isFullCredit":false},{"lineNumber":2,"author":{"gitId":"Fieash"},"content":"import java.io.FileWriter;","lastModifiedDate":"2025-02-03","isFullCredit":false},{"lineNumber":3,"author":{"gitId":"Fieash"},"content":"import java.util.ArrayList;","lastModifiedDate":"2025-01-24","isFullCredit":false},{"lineNumber":4,"author":{"gitId":"Fieash"},"content":"import java.util.Scanner;","lastModifiedDate":"2025-01-23","isFullCredit":false},{"lineNumber":5,"author":{"gitId":"Fieash"},"content":"import java.io.File;","lastModifiedDate":"2025-02-03","isFullCredit":false},{"lineNumber":6,"author":{"gitId":"Fieash"},"content":"import java.io.FileNotFoundException;","lastModifiedDate":"2025-02-03","isFullCredit":false},{"lineNumber":7,"author":{"gitId":"Fieash"},"content":"","lastModifiedDate":"2025-01-23","isFullCredit":false},{"lineNumber":8,"author":{"gitId":"Fieash"},"content":"public class Goon {","lastModifiedDate":"2025-01-23","isFullCredit":false},{"lineNumber":9,"author":{"gitId":"Fieash"},"content":"    public static void formattedPrint(String input) {","lastModifiedDate":"2025-01-24","isFullCredit":false},{"lineNumber":10,"author":{"gitId":"Fieash"},"content":"        System.out.println(\"\\t____________________________________________________________\\n\"","lastModifiedDate":"2025-01-24","isFullCredit":false},{"lineNumber":11,"author":{"gitId":"Fieash"},"content":"                + \"\\t\"+ input + \"\\n\\t____________________________________________________________\\n\");","lastModifiedDate":"2025-01-24","isFullCredit":false},{"lineNumber":12,"author":{"gitId":"Fieash"},"content":"    }","lastModifiedDate":"2025-01-24","isFullCredit":false},{"lineNumber":13,"author":{"gitId":"Fieash"},"content":"","lastModifiedDate":"2025-01-24","isFullCredit":false},{"lineNumber":14,"author":{"gitId":"Fieash"},"content":"    public static void printDivider(String input) {","lastModifiedDate":"2025-01-24","isFullCredit":false},{"lineNumber":15,"author":{"gitId":"Fieash"},"content":"        System.out.println(\"\\t____________________________________________________________\\n\" +input);","lastModifiedDate":"2025-01-24","isFullCredit":false},{"lineNumber":16,"author":{"gitId":"Fieash"},"content":"    }","lastModifiedDate":"2025-01-24","isFullCredit":false},{"lineNumber":17,"author":{"gitId":"Fieash"},"content":"","lastModifiedDate":"2025-01-24","isFullCredit":false},{"lineNumber":18,"author":{"gitId":"Fieash"},"content":"    public static int countTasks(ArrayList\u003cTask\u003e list) {","lastModifiedDate":"2025-01-24","isFullCredit":false},{"lineNumber":19,"author":{"gitId":"Fieash"},"content":"        int count \u003d 0;","lastModifiedDate":"2025-01-24","isFullCredit":false},{"lineNumber":20,"author":{"gitId":"Fieash"},"content":"        for(Task t : list) {","lastModifiedDate":"2025-01-24","isFullCredit":false},{"lineNumber":21,"author":{"gitId":"Fieash"},"content":"            count++;","lastModifiedDate":"2025-01-24","isFullCredit":false},{"lineNumber":22,"author":{"gitId":"Fieash"},"content":"        }","lastModifiedDate":"2025-01-24","isFullCredit":false},{"lineNumber":23,"author":{"gitId":"Fieash"},"content":"        return count;","lastModifiedDate":"2025-01-24","isFullCredit":false},{"lineNumber":24,"author":{"gitId":"Fieash"},"content":"    }","lastModifiedDate":"2025-01-24","isFullCredit":false},{"lineNumber":25,"author":{"gitId":"Fieash"},"content":"","lastModifiedDate":"2025-01-24","isFullCredit":false},{"lineNumber":26,"author":{"gitId":"Fieash"},"content":"    public static void addTask(Task newTask, ArrayList\u003cTask\u003e listInputs) {","lastModifiedDate":"2025-01-24","isFullCredit":false},{"lineNumber":27,"author":{"gitId":"Fieash"},"content":"        printDivider(\"\\tGot it. I\u0027ve added this task:\\n\\t\\t\" + newTask.toString());","lastModifiedDate":"2025-01-24","isFullCredit":false},{"lineNumber":28,"author":{"gitId":"Fieash"},"content":"        listInputs.add(newTask);","lastModifiedDate":"2025-01-24","isFullCredit":false},{"lineNumber":29,"author":{"gitId":"Fieash"},"content":"        System.out.println(\"\\tNow you have \" + countTasks(listInputs) + \" tasks in the list.\");","lastModifiedDate":"2025-01-26","isFullCredit":false},{"lineNumber":30,"author":{"gitId":"Fieash"},"content":"        printDivider(\"\");","lastModifiedDate":"2025-01-26","isFullCredit":false},{"lineNumber":31,"author":{"gitId":"Fieash"},"content":"    }","lastModifiedDate":"2025-01-26","isFullCredit":false},{"lineNumber":32,"author":{"gitId":"Fieash"},"content":"","lastModifiedDate":"2025-01-26","isFullCredit":false},{"lineNumber":33,"author":{"gitId":"Fieash"},"content":"    public static void addTaskToFile(Task newTask) {","lastModifiedDate":"2025-02-03","isFullCredit":false},{"lineNumber":34,"author":{"gitId":"Fieash"},"content":"        try {","lastModifiedDate":"2025-02-03","isFullCredit":false},{"lineNumber":35,"author":{"gitId":"Fieash"},"content":"            FileWriter fw \u003d new FileWriter(\"data/tasks.txt\", true);","lastModifiedDate":"2025-02-03","isFullCredit":false},{"lineNumber":36,"author":{"gitId":"Fieash"},"content":"            fw.append(newTask.toFileFormat());","lastModifiedDate":"2025-02-03","isFullCredit":false},{"lineNumber":37,"author":{"gitId":"Fieash"},"content":"            fw.close();","lastModifiedDate":"2025-02-03","isFullCredit":false},{"lineNumber":38,"author":{"gitId":"Fieash"},"content":"        } catch (IOException e) {","lastModifiedDate":"2025-02-03","isFullCredit":false},{"lineNumber":39,"author":{"gitId":"Fieash"},"content":"            System.out.println(\"G00n3r, an error occured while writing to the file.\");","lastModifiedDate":"2025-02-03","isFullCredit":false},{"lineNumber":40,"author":{"gitId":"Fieash"},"content":"        }","lastModifiedDate":"2025-02-03","isFullCredit":false},{"lineNumber":41,"author":{"gitId":"Fieash"},"content":"    }","lastModifiedDate":"2025-02-03","isFullCredit":false},{"lineNumber":42,"author":{"gitId":"Fieash"},"content":"","lastModifiedDate":"2025-02-03","isFullCredit":false},{"lineNumber":43,"author":{"gitId":"Fieash"},"content":"    public static void deleteTask(int taskIndex, ArrayList\u003cTask\u003e listInputs) {","lastModifiedDate":"2025-01-26","isFullCredit":false},{"lineNumber":44,"author":{"gitId":"Fieash"},"content":"        printDivider(\"\\tNoted. I\u0027ve removed this task:\");","lastModifiedDate":"2025-01-26","isFullCredit":false},{"lineNumber":45,"author":{"gitId":"Fieash"},"content":"        Task taskToDelete \u003d listInputs.get(taskIndex - 1);","lastModifiedDate":"2025-01-26","isFullCredit":false},{"lineNumber":46,"author":{"gitId":"Fieash"},"content":"        listInputs.remove(taskIndex - 1);","lastModifiedDate":"2025-01-26","isFullCredit":false},{"lineNumber":47,"author":{"gitId":"Fieash"},"content":"        System.out.println(\"\\t\" + taskToDelete.toString());","lastModifiedDate":"2025-01-26","isFullCredit":false},{"lineNumber":48,"author":{"gitId":"Fieash"},"content":"        System.out.println(\"\\tNow you have \" + countTasks(listInputs) + \" tasks in the list.\");","lastModifiedDate":"2025-01-26","isFullCredit":false},{"lineNumber":49,"author":{"gitId":"Fieash"},"content":"        printDivider(\"\");","lastModifiedDate":"2025-01-24","isFullCredit":false},{"lineNumber":50,"author":{"gitId":"Fieash"},"content":"    }","lastModifiedDate":"2025-01-24","isFullCredit":false},{"lineNumber":51,"author":{"gitId":"Fieash"},"content":"","lastModifiedDate":"2025-01-24","isFullCredit":false},{"lineNumber":52,"author":{"gitId":"Fieash"},"content":"    public static boolean markCheck(int actual, int minimum, String taskType) {","lastModifiedDate":"2025-01-26","isFullCredit":false},{"lineNumber":53,"author":{"gitId":"Fieash"},"content":"        if (actual \u003c minimum) {","lastModifiedDate":"2025-01-26","isFullCredit":false},{"lineNumber":54,"author":{"gitId":"Fieash"},"content":"            formattedPrint(\"Gooner, \" + taskType + \"ing of a task needs a number, have you attended primary school? idiot.\");","lastModifiedDate":"2025-01-26","isFullCredit":false},{"lineNumber":55,"author":{"gitId":"Fieash"},"content":"            return false;","lastModifiedDate":"2025-01-26","isFullCredit":false},{"lineNumber":56,"author":{"gitId":"Fieash"},"content":"        }","lastModifiedDate":"2025-01-26","isFullCredit":false},{"lineNumber":57,"author":{"gitId":"Fieash"},"content":"        return true;","lastModifiedDate":"2025-01-26","isFullCredit":false},{"lineNumber":58,"author":{"gitId":"Fieash"},"content":"    }","lastModifiedDate":"2025-01-26","isFullCredit":false},{"lineNumber":59,"author":{"gitId":"Fieash"},"content":"","lastModifiedDate":"2025-01-26","isFullCredit":false},{"lineNumber":60,"author":{"gitId":"Fieash"},"content":"    public static boolean descriptionCheck(int actual, int minimum, String taskType) {","lastModifiedDate":"2025-01-26","isFullCredit":false},{"lineNumber":61,"author":{"gitId":"Fieash"},"content":"        if (actual \u003c minimum) {","lastModifiedDate":"2025-01-26","isFullCredit":false},{"lineNumber":62,"author":{"gitId":"Fieash"},"content":"            formattedPrint(\"Gooner, description of a \" + taskType + \" needs to have something how else would you identify the damn task???????\");","lastModifiedDate":"2025-01-26","isFullCredit":false},{"lineNumber":63,"author":{"gitId":"Fieash"},"content":"            return false;","lastModifiedDate":"2025-01-26","isFullCredit":false},{"lineNumber":64,"author":{"gitId":"Fieash"},"content":"        }","lastModifiedDate":"2025-01-26","isFullCredit":false},{"lineNumber":65,"author":{"gitId":"Fieash"},"content":"        return true;","lastModifiedDate":"2025-01-26","isFullCredit":false},{"lineNumber":66,"author":{"gitId":"Fieash"},"content":"    }","lastModifiedDate":"2025-01-26","isFullCredit":false},{"lineNumber":67,"author":{"gitId":"Fieash"},"content":"","lastModifiedDate":"2025-01-26","isFullCredit":false},{"lineNumber":68,"author":{"gitId":"Fieash"},"content":"    public static void parseSavedTasks(ArrayList\u003cTask\u003e listInputs) {","lastModifiedDate":"2025-02-03","isFullCredit":false},{"lineNumber":69,"author":{"gitId":"Fieash"},"content":"        //todo","lastModifiedDate":"2025-02-03","isFullCredit":false},{"lineNumber":70,"author":{"gitId":"Fieash"},"content":"    }","lastModifiedDate":"2025-02-03","isFullCredit":false},{"lineNumber":71,"author":{"gitId":"Fieash"},"content":"","lastModifiedDate":"2025-02-03","isFullCredit":false},{"lineNumber":72,"author":{"gitId":"Fieash"},"content":"    public static void main(String[] args) {","lastModifiedDate":"2025-01-23","isFullCredit":false},{"lineNumber":73,"author":{"gitId":"Fieash"},"content":"        System.out.println(","lastModifiedDate":"2025-01-24","isFullCredit":false},{"lineNumber":74,"author":{"gitId":"Fieash"},"content":"                \"  ________                    __________        __   \\n\" +","lastModifiedDate":"2025-01-24","isFullCredit":false},{"lineNumber":75,"author":{"gitId":"Fieash"},"content":"                \" /  _____/  ____   ____   ____\\\\______   \\\\ _____/  |_ \\n\" +","lastModifiedDate":"2025-01-24","isFullCredit":false},{"lineNumber":76,"author":{"gitId":"Fieash"},"content":"                \"/   \\\\  ___ /  _ \\\\ /  _ \\\\ /    \\\\|    |  _//  _ \\\\   __\\\\\\n\" +","lastModifiedDate":"2025-01-24","isFullCredit":false},{"lineNumber":77,"author":{"gitId":"Fieash"},"content":"                \"\\\\    \\\\_\\\\  (  \u003c_\u003e |  \u003c_\u003e )   |  \\\\    |   (  \u003c_\u003e )  |  \\n\" +","lastModifiedDate":"2025-01-24","isFullCredit":false},{"lineNumber":78,"author":{"gitId":"Fieash"},"content":"                \" \\\\______  /\\\\____/ \\\\____/|___|  /______  /\\\\____/|__|  \\n\" +","lastModifiedDate":"2025-01-24","isFullCredit":false},{"lineNumber":79,"author":{"gitId":"Fieash"},"content":"                \"        \\\\/                   \\\\/       \\\\/              \\n\" +","lastModifiedDate":"2025-01-24","isFullCredit":false},{"lineNumber":80,"author":{"gitId":"Fieash"},"content":"                \"____________________________________________________________\\n\" +","lastModifiedDate":"2025-01-23","isFullCredit":false},{"lineNumber":81,"author":{"gitId":"Fieash"},"content":"                \" Good morning Gooner, this is GoonBot\\n\" +","lastModifiedDate":"2025-01-24","isFullCredit":false},{"lineNumber":82,"author":{"gitId":"Fieash"},"content":"                \" How may I increase your levels of goon today?\\n\" +","lastModifiedDate":"2025-01-24","isFullCredit":false},{"lineNumber":83,"author":{"gitId":"Fieash"},"content":"                \"____________________________________________________________\\n\");","lastModifiedDate":"2025-01-23","isFullCredit":false},{"lineNumber":84,"author":{"gitId":"Fieash"},"content":"","lastModifiedDate":"2025-01-26","isFullCredit":false},{"lineNumber":85,"author":{"gitId":"Fieash"},"content":"        // init the array","lastModifiedDate":"2025-02-03","isFullCredit":false},{"lineNumber":86,"author":{"gitId":"Fieash"},"content":"        ArrayList\u003cTask\u003e listInputs \u003d new ArrayList\u003cTask\u003e();","lastModifiedDate":"2025-01-24","isFullCredit":false},{"lineNumber":87,"author":{"gitId":"Fieash"},"content":"        int counter \u003d 1;","lastModifiedDate":"2025-01-24","isFullCredit":false},{"lineNumber":88,"author":{"gitId":"Fieash"},"content":"","lastModifiedDate":"2025-01-24","isFullCredit":false},{"lineNumber":89,"author":{"gitId":"Fieash"},"content":"        // attempt to read file","lastModifiedDate":"2025-02-03","isFullCredit":false},{"lineNumber":90,"author":{"gitId":"Fieash"},"content":"        try {","lastModifiedDate":"2025-02-03","isFullCredit":false},{"lineNumber":91,"author":{"gitId":"Fieash"},"content":"            File savedTasks \u003d new File(\"data/tasks.txt\");","lastModifiedDate":"2025-02-03","isFullCredit":false},{"lineNumber":92,"author":{"gitId":"Fieash"},"content":"            Scanner readTasks \u003d new Scanner(savedTasks);","lastModifiedDate":"2025-02-03","isFullCredit":false},{"lineNumber":93,"author":{"gitId":"Fieash"},"content":"            while (readTasks.hasNextLine()) {","lastModifiedDate":"2025-02-03","isFullCredit":false},{"lineNumber":94,"author":{"gitId":"Fieash"},"content":"                String line \u003d readTasks.nextLine();","lastModifiedDate":"2025-02-03","isFullCredit":false},{"lineNumber":95,"author":{"gitId":"Fieash"},"content":"                String[] tasks \u003d line.split(\"\\\\|\");","lastModifiedDate":"2025-02-03","isFullCredit":false},{"lineNumber":96,"author":{"gitId":"Fieash"},"content":"//                System.out.println(tasks[0] + \".\" + tasks[1] + \".\" + tasks[2]);","lastModifiedDate":"2025-02-03","isFullCredit":false},{"lineNumber":97,"author":{"gitId":"Fieash"},"content":"","lastModifiedDate":"2025-02-03","isFullCredit":false},{"lineNumber":98,"author":{"gitId":"Fieash"},"content":"                if(tasks[0].contains(\"T\")) { //todo case","lastModifiedDate":"2025-02-03","isFullCredit":false},{"lineNumber":99,"author":{"gitId":"Fieash"},"content":"                    ToDo newTodo \u003d new ToDo(tasks[2].substring(1));","lastModifiedDate":"2025-02-03","isFullCredit":false},{"lineNumber":100,"author":{"gitId":"Fieash"},"content":"                    addTask(newTodo, listInputs);","lastModifiedDate":"2025-02-03","isFullCredit":false},{"lineNumber":101,"author":{"gitId":"Fieash"},"content":"","lastModifiedDate":"2025-02-03","isFullCredit":false},{"lineNumber":102,"author":{"gitId":"Fieash"},"content":"                } else if (tasks[0].contains(\"E\")) { //event case","lastModifiedDate":"2025-02-03","isFullCredit":false},{"lineNumber":103,"author":{"gitId":"Fieash"},"content":"                    String desc \u003d tasks[2].split(\"/from\")[0].substring(1);","lastModifiedDate":"2025-02-03","isFullCredit":false},{"lineNumber":104,"author":{"gitId":"Fieash"},"content":"                    String from \u003d tasks[2].split(\"/from\")[1].split(\"/to\")[0];","lastModifiedDate":"2025-02-03","isFullCredit":false},{"lineNumber":105,"author":{"gitId":"Fieash"},"content":"                    String to \u003d tasks[2].split(\"/to\")[1];","lastModifiedDate":"2025-02-03","isFullCredit":false},{"lineNumber":106,"author":{"gitId":"Fieash"},"content":"                    Event newEvent \u003d new Event(desc, from, to);","lastModifiedDate":"2025-02-03","isFullCredit":false},{"lineNumber":107,"author":{"gitId":"Fieash"},"content":"                    addTask(newEvent, listInputs);","lastModifiedDate":"2025-02-03","isFullCredit":false},{"lineNumber":108,"author":{"gitId":"Fieash"},"content":"                } else if (tasks[0].contains(\"D\")) { //deadline case","lastModifiedDate":"2025-02-03","isFullCredit":false},{"lineNumber":109,"author":{"gitId":"Fieash"},"content":"                    String desc \u003d tasks[2].split(\"/by\")[0].substring(1);","lastModifiedDate":"2025-02-03","isFullCredit":false},{"lineNumber":110,"author":{"gitId":"Fieash"},"content":"                    String by \u003d tasks[2].split(\"/by\")[1];","lastModifiedDate":"2025-02-03","isFullCredit":false},{"lineNumber":111,"author":{"gitId":"Fieash"},"content":"                    Deadline newDead \u003d new Deadline(desc, by);","lastModifiedDate":"2025-02-03","isFullCredit":false},{"lineNumber":112,"author":{"gitId":"Fieash"},"content":"                    addTask(newDead, listInputs);","lastModifiedDate":"2025-02-03","isFullCredit":false},{"lineNumber":113,"author":{"gitId":"Fieash"},"content":"                } else {","lastModifiedDate":"2025-02-03","isFullCredit":false},{"lineNumber":114,"author":{"gitId":"Fieash"},"content":"                    System.out.println(\"valid task format please\");","lastModifiedDate":"2025-02-03","isFullCredit":false},{"lineNumber":115,"author":{"gitId":"Fieash"},"content":"                }","lastModifiedDate":"2025-02-03","isFullCredit":false},{"lineNumber":116,"author":{"gitId":"Fieash"},"content":"            }","lastModifiedDate":"2025-02-03","isFullCredit":false},{"lineNumber":117,"author":{"gitId":"Fieash"},"content":"","lastModifiedDate":"2025-02-03","isFullCredit":false},{"lineNumber":118,"author":{"gitId":"Fieash"},"content":"        } catch (FileNotFoundException e) {","lastModifiedDate":"2025-02-03","isFullCredit":false},{"lineNumber":119,"author":{"gitId":"Fieash"},"content":"            System.out.println(\"Error: Could not find the tasks.txt file.\");","lastModifiedDate":"2025-02-03","isFullCredit":false},{"lineNumber":120,"author":{"gitId":"Fieash"},"content":"            try {","lastModifiedDate":"2025-02-03","isFullCredit":false},{"lineNumber":121,"author":{"gitId":"Fieash"},"content":"                File nf \u003d new File(\"data/tasks.txt\");","lastModifiedDate":"2025-02-03","isFullCredit":false},{"lineNumber":122,"author":{"gitId":"Fieash"},"content":"                nf.createNewFile();","lastModifiedDate":"2025-02-03","isFullCredit":false},{"lineNumber":123,"author":{"gitId":"Fieash"},"content":"                System.out.println(\"new file created at \"+ nf.getAbsolutePath());","lastModifiedDate":"2025-02-03","isFullCredit":false},{"lineNumber":124,"author":{"gitId":"Fieash"},"content":"            } catch (IOException e1) {","lastModifiedDate":"2025-02-03","isFullCredit":false},{"lineNumber":125,"author":{"gitId":"Fieash"},"content":"                System.out.println(\"Error: Could not create new file.\");","lastModifiedDate":"2025-02-03","isFullCredit":false},{"lineNumber":126,"author":{"gitId":"Fieash"},"content":"            }","lastModifiedDate":"2025-02-03","isFullCredit":false},{"lineNumber":127,"author":{"gitId":"Fieash"},"content":"        }","lastModifiedDate":"2025-02-03","isFullCredit":false},{"lineNumber":128,"author":{"gitId":"Fieash"},"content":"","lastModifiedDate":"2025-02-03","isFullCredit":false},{"lineNumber":129,"author":{"gitId":"Fieash"},"content":"","lastModifiedDate":"2025-02-03","isFullCredit":false},{"lineNumber":130,"author":{"gitId":"Fieash"},"content":"        Scanner scanner \u003d new Scanner(System.in); //scan for more inputs","lastModifiedDate":"2025-02-03","isFullCredit":false},{"lineNumber":131,"author":{"gitId":"Fieash"},"content":"","lastModifiedDate":"2025-02-03","isFullCredit":false},{"lineNumber":132,"author":{"gitId":"Fieash"},"content":"","lastModifiedDate":"2025-02-03","isFullCredit":false},{"lineNumber":133,"author":{"gitId":"Fieash"},"content":"        try {","lastModifiedDate":"2025-01-26","isFullCredit":false},{"lineNumber":134,"author":{"gitId":"Fieash"},"content":"            while (true) {","lastModifiedDate":"2025-01-26","isFullCredit":false},{"lineNumber":135,"author":{"gitId":"Fieash"},"content":"                String input \u003d scanner.nextLine();","lastModifiedDate":"2025-01-26","isFullCredit":false},{"lineNumber":136,"author":{"gitId":"Fieash"},"content":"                if (input.equalsIgnoreCase(\"bye\")){","lastModifiedDate":"2025-01-26","isFullCredit":false},{"lineNumber":137,"author":{"gitId":"Fieash"},"content":"                    formattedPrint(\"Bye. Hope to see you again soon!\");","lastModifiedDate":"2025-01-26","isFullCredit":false},{"lineNumber":138,"author":{"gitId":"Fieash"},"content":"                    System.exit(0);","lastModifiedDate":"2025-01-26","isFullCredit":false},{"lineNumber":139,"author":{"gitId":"Fieash"},"content":"                }","lastModifiedDate":"2025-01-26","isFullCredit":false},{"lineNumber":140,"author":{"gitId":"Fieash"},"content":"                else if (input.equals(\"list\")) {","lastModifiedDate":"2025-01-26","isFullCredit":false},{"lineNumber":141,"author":{"gitId":"Fieash"},"content":"                    printDivider(\"\\tHere are the tasks in your list:\");","lastModifiedDate":"2025-01-24","isFullCredit":false},{"lineNumber":142,"author":{"gitId":"Fieash"},"content":"                    int printCounter \u003d 1;","lastModifiedDate":"2025-01-24","isFullCredit":false},{"lineNumber":143,"author":{"gitId":"Fieash"},"content":"                    for (Task t : listInputs) {","lastModifiedDate":"2025-01-24","isFullCredit":false},{"lineNumber":144,"author":{"gitId":"Fieash"},"content":"                        System.out.println(\"\\t\" + printCounter + \".\" + t);","lastModifiedDate":"2025-01-24","isFullCredit":false},{"lineNumber":145,"author":{"gitId":"Fieash"},"content":"                        printCounter++;","lastModifiedDate":"2025-01-24","isFullCredit":false},{"lineNumber":146,"author":{"gitId":"Fieash"},"content":"                    }","lastModifiedDate":"2025-01-24","isFullCredit":false},{"lineNumber":147,"author":{"gitId":"Fieash"},"content":"                    printDivider(\"\");","lastModifiedDate":"2025-01-24","isFullCredit":false},{"lineNumber":148,"author":{"gitId":"Fieash"},"content":"","lastModifiedDate":"2025-01-24","isFullCredit":false},{"lineNumber":149,"author":{"gitId":"Fieash"},"content":"                } else if (input.startsWith(\"mark\")) { //marking tasks","lastModifiedDate":"2025-01-26","isFullCredit":false},{"lineNumber":150,"author":{"gitId":"Fieash"},"content":"                    if(!markCheck(input.length(), 5, \"mark\")) {","lastModifiedDate":"2025-01-26","isFullCredit":false},{"lineNumber":151,"author":{"gitId":"Fieash"},"content":"                        continue;","lastModifiedDate":"2025-01-26","isFullCredit":false},{"lineNumber":152,"author":{"gitId":"Fieash"},"content":"                    }","lastModifiedDate":"2025-01-26","isFullCredit":false},{"lineNumber":153,"author":{"gitId":"Fieash"},"content":"                    int mark \u003d input.charAt(5) - \u00270\u0027;","lastModifiedDate":"2025-01-24","isFullCredit":false},{"lineNumber":154,"author":{"gitId":"Fieash"},"content":"                    printDivider(\"\\tNice! I\u0027ve marked this task as done:\");","lastModifiedDate":"2025-01-24","isFullCredit":false},{"lineNumber":155,"author":{"gitId":"Fieash"},"content":"                    Task taskToMark \u003d listInputs.get(mark - 1);","lastModifiedDate":"2025-01-24","isFullCredit":false},{"lineNumber":156,"author":{"gitId":"Fieash"},"content":"                    listInputs.set(mark - 1, taskToMark.markAsDone());","lastModifiedDate":"2025-01-24","isFullCredit":false},{"lineNumber":157,"author":{"gitId":"Fieash"},"content":"                    System.out.println(\"\\t\" + taskToMark.toString());","lastModifiedDate":"2025-01-24","isFullCredit":false},{"lineNumber":158,"author":{"gitId":"Fieash"},"content":"                    printDivider(\"\");","lastModifiedDate":"2025-01-24","isFullCredit":false},{"lineNumber":159,"author":{"gitId":"Fieash"},"content":"","lastModifiedDate":"2025-01-24","isFullCredit":false},{"lineNumber":160,"author":{"gitId":"Fieash"},"content":"                } else if (input.startsWith(\"unmark\")) { //unmarking tasks","lastModifiedDate":"2025-01-26","isFullCredit":false},{"lineNumber":161,"author":{"gitId":"Fieash"},"content":"                    if(!markCheck(input.length(), 6, \"mark\")) {","lastModifiedDate":"2025-01-26","isFullCredit":false},{"lineNumber":162,"author":{"gitId":"Fieash"},"content":"                        continue;","lastModifiedDate":"2025-01-26","isFullCredit":false},{"lineNumber":163,"author":{"gitId":"Fieash"},"content":"                    }","lastModifiedDate":"2025-01-26","isFullCredit":false},{"lineNumber":164,"author":{"gitId":"Fieash"},"content":"                    int unmark \u003d input.charAt(7) - \u00270\u0027;","lastModifiedDate":"2025-01-26","isFullCredit":false},{"lineNumber":165,"author":{"gitId":"Fieash"},"content":"                    printDivider(\"\\tOK, I\u0027ve marked this task as not done yet:\");","lastModifiedDate":"2025-01-24","isFullCredit":false},{"lineNumber":166,"author":{"gitId":"Fieash"},"content":"                    Task taskToUnmark \u003d listInputs.get(unmark - 1);","lastModifiedDate":"2025-01-26","isFullCredit":false},{"lineNumber":167,"author":{"gitId":"Fieash"},"content":"                    listInputs.set(unmark - 1, taskToUnmark.unmarkAsDone());","lastModifiedDate":"2025-01-26","isFullCredit":false},{"lineNumber":168,"author":{"gitId":"Fieash"},"content":"                    System.out.println(\"\\t\" + taskToUnmark.toString());","lastModifiedDate":"2025-01-26","isFullCredit":false},{"lineNumber":169,"author":{"gitId":"Fieash"},"content":"                    printDivider(\"\");","lastModifiedDate":"2025-01-24","isFullCredit":false},{"lineNumber":170,"author":{"gitId":"Fieash"},"content":"","lastModifiedDate":"2025-01-24","isFullCredit":false},{"lineNumber":171,"author":{"gitId":"Fieash"},"content":"                } else if (input.startsWith(\"todo\")) { //adding \"ToDo\" task","lastModifiedDate":"2025-01-26","isFullCredit":false},{"lineNumber":172,"author":{"gitId":"Fieash"},"content":"                    if(!descriptionCheck(input.length(),6, \"ToDo\")){","lastModifiedDate":"2025-01-26","isFullCredit":false},{"lineNumber":173,"author":{"gitId":"Fieash"},"content":"                        continue;","lastModifiedDate":"2025-01-26","isFullCredit":false},{"lineNumber":174,"author":{"gitId":"Fieash"},"content":"                    }","lastModifiedDate":"2025-01-26","isFullCredit":false},{"lineNumber":175,"author":{"gitId":"Fieash"},"content":"                    ToDo newTodo \u003d new ToDo(input.substring(5));","lastModifiedDate":"2025-01-24","isFullCredit":false},{"lineNumber":176,"author":{"gitId":"Fieash"},"content":"                    addTask(newTodo, listInputs);","lastModifiedDate":"2025-01-24","isFullCredit":false},{"lineNumber":177,"author":{"gitId":"Fieash"},"content":"                    addTaskToFile(newTodo);","lastModifiedDate":"2025-02-03","isFullCredit":false},{"lineNumber":178,"author":{"gitId":"Fieash"},"content":"","lastModifiedDate":"2025-01-24","isFullCredit":false},{"lineNumber":179,"author":{"gitId":"Fieash"},"content":"                } else if (input.startsWith(\"event\")) { //adding event","lastModifiedDate":"2025-01-26","isFullCredit":false},{"lineNumber":180,"author":{"gitId":"Fieash"},"content":"                    if(!descriptionCheck(input.length(),7, \"Event\")){","lastModifiedDate":"2025-01-26","isFullCredit":false},{"lineNumber":181,"author":{"gitId":"Fieash"},"content":"                        continue;","lastModifiedDate":"2025-01-26","isFullCredit":false},{"lineNumber":182,"author":{"gitId":"Fieash"},"content":"                    }","lastModifiedDate":"2025-01-26","isFullCredit":false},{"lineNumber":183,"author":{"gitId":"Fieash"},"content":"                    String desc \u003d input.split(\"/from\")[0].substring(6);","lastModifiedDate":"2025-01-24","isFullCredit":false},{"lineNumber":184,"author":{"gitId":"Fieash"},"content":"                    String from \u003d input.split(\"/from\")[1].split(\"/to\")[0];","lastModifiedDate":"2025-01-24","isFullCredit":false},{"lineNumber":185,"author":{"gitId":"Fieash"},"content":"                    String to \u003d input.split(\"/to\")[1];","lastModifiedDate":"2025-01-24","isFullCredit":false},{"lineNumber":186,"author":{"gitId":"Fieash"},"content":"                    Event newEvent \u003d new Event(desc, from, to);","lastModifiedDate":"2025-01-24","isFullCredit":false},{"lineNumber":187,"author":{"gitId":"Fieash"},"content":"                    addTask(newEvent, listInputs);","lastModifiedDate":"2025-01-24","isFullCredit":false},{"lineNumber":188,"author":{"gitId":"Fieash"},"content":"                    addTaskToFile(newEvent);","lastModifiedDate":"2025-02-03","isFullCredit":false},{"lineNumber":189,"author":{"gitId":"Fieash"},"content":"","lastModifiedDate":"2025-01-24","isFullCredit":false},{"lineNumber":190,"author":{"gitId":"Fieash"},"content":"                } else if (input.startsWith(\"deadline\")) { //adding deadline","lastModifiedDate":"2025-01-26","isFullCredit":false},{"lineNumber":191,"author":{"gitId":"Fieash"},"content":"                    if(!descriptionCheck(input.length(),11, \"Deadline\")){","lastModifiedDate":"2025-01-26","isFullCredit":false},{"lineNumber":192,"author":{"gitId":"Fieash"},"content":"                        continue;","lastModifiedDate":"2025-01-26","isFullCredit":false},{"lineNumber":193,"author":{"gitId":"Fieash"},"content":"                    }","lastModifiedDate":"2025-01-26","isFullCredit":false},{"lineNumber":194,"author":{"gitId":"Fieash"},"content":"                    String desc \u003d input.split(\"/by\")[0].substring(9);","lastModifiedDate":"2025-01-24","isFullCredit":false},{"lineNumber":195,"author":{"gitId":"Fieash"},"content":"                    String by \u003d input.split(\"/by\")[1];","lastModifiedDate":"2025-01-24","isFullCredit":false},{"lineNumber":196,"author":{"gitId":"Fieash"},"content":"                    Deadline newDead \u003d new Deadline(desc, by);","lastModifiedDate":"2025-01-24","isFullCredit":false},{"lineNumber":197,"author":{"gitId":"Fieash"},"content":"                    addTask(newDead, listInputs);","lastModifiedDate":"2025-01-24","isFullCredit":false},{"lineNumber":198,"author":{"gitId":"Fieash"},"content":"                    addTaskToFile(newDead);","lastModifiedDate":"2025-02-03","isFullCredit":false},{"lineNumber":199,"author":{"gitId":"Fieash"},"content":"","lastModifiedDate":"2025-02-03","isFullCredit":false},{"lineNumber":200,"author":{"gitId":"Fieash"},"content":"                } else if (input.startsWith(\"delete\")) {","lastModifiedDate":"2025-01-26","isFullCredit":false},{"lineNumber":201,"author":{"gitId":"Fieash"},"content":"                    if(!markCheck(input.length(),8, \"Delete\")){ continue; }","lastModifiedDate":"2025-01-26","isFullCredit":false},{"lineNumber":202,"author":{"gitId":"Fieash"},"content":"                    int deleteIndex \u003d input.charAt(7) - \u00270\u0027;","lastModifiedDate":"2025-01-26","isFullCredit":false},{"lineNumber":203,"author":{"gitId":"Fieash"},"content":"                    deleteTask(deleteIndex, listInputs);","lastModifiedDate":"2025-01-26","isFullCredit":false},{"lineNumber":204,"author":{"gitId":"Fieash"},"content":"","lastModifiedDate":"2025-01-26","isFullCredit":false},{"lineNumber":205,"author":{"gitId":"Fieash"},"content":"                } else {","lastModifiedDate":"2025-01-24","isFullCredit":false},{"lineNumber":206,"author":{"gitId":"Fieash"},"content":"                    System.out.println(\"Gooner, you better wake up and enter a valid command \u003e:-(\");","lastModifiedDate":"2025-01-26","isFullCredit":false},{"lineNumber":207,"author":{"gitId":"Fieash"},"content":"                }","lastModifiedDate":"2025-01-26","isFullCredit":false},{"lineNumber":208,"author":{"gitId":"Fieash"},"content":"            }","lastModifiedDate":"2025-01-24","isFullCredit":false},{"lineNumber":209,"author":{"gitId":"Fieash"},"content":"        } catch (IndexOutOfBoundsException e) {","lastModifiedDate":"2025-01-26","isFullCredit":false},{"lineNumber":210,"author":{"gitId":"Fieash"},"content":"            System.out.println(\"Gooner, enter something within bounds idiot.\");","lastModifiedDate":"2025-01-26","isFullCredit":false},{"lineNumber":211,"author":{"gitId":"Fieash"},"content":"        } catch (Exception e) {","lastModifiedDate":"2025-01-26","isFullCredit":false},{"lineNumber":212,"author":{"gitId":"Fieash"},"content":"            System.out.println(\"Uh oh this catchall shouldn\u0027t happen :(\" + e.getMessage());","lastModifiedDate":"2025-01-26","isFullCredit":false},{"lineNumber":213,"author":{"gitId":"Fieash"},"content":"        }","lastModifiedDate":"2025-01-23","isFullCredit":false},{"lineNumber":214,"author":{"gitId":"Fieash"},"content":"","lastModifiedDate":"2025-01-24","isFullCredit":false},{"lineNumber":215,"author":{"gitId":"Fieash"},"content":"","lastModifiedDate":"2025-01-26","isFullCredit":false},{"lineNumber":216,"author":{"gitId":"Fieash"},"content":"    }","lastModifiedDate":"2025-01-23","isFullCredit":false},{"lineNumber":217,"author":{"gitId":"Fieash"},"content":"}","lastModifiedDate":"2025-01-23","isFullCredit":false}],"authorContributionMap":{"Fieash":217}},{"path":"src/main/java/GoonException.java","fileType":"java","lines":[{"lineNumber":1,"author":{"gitId":"Fieash"},"content":"public class GoonException extends Exception {","lastModifiedDate":"2025-01-31","isFullCredit":false},{"lineNumber":2,"author":{"gitId":"Fieash"},"content":"    public GoonException() {}","lastModifiedDate":"2025-01-31","isFullCredit":false},{"lineNumber":3,"author":{"gitId":"Fieash"},"content":"","lastModifiedDate":"2025-01-31","isFullCredit":false},{"lineNumber":4,"author":{"gitId":"Fieash"},"content":"    public GoonException(String message) {","lastModifiedDate":"2025-01-31","isFullCredit":false},{"lineNumber":5,"author":{"gitId":"Fieash"},"content":"        super(message);","lastModifiedDate":"2025-01-31","isFullCredit":false},{"lineNumber":6,"author":{"gitId":"Fieash"},"content":"    }","lastModifiedDate":"2025-01-31","isFullCredit":false},{"lineNumber":7,"author":{"gitId":"Fieash"},"content":"}","lastModifiedDate":"2025-01-31","isFullCredit":false}],"authorContributionMap":{"Fieash":7}},{"path":"src/main/java/Task.java","fileType":"java","lines":[{"lineNumber":1,"author":{"gitId":"Fieash"},"content":"public class Task {","lastModifiedDate":"2025-01-24","isFullCredit":false},{"lineNumber":2,"author":{"gitId":"Fieash"},"content":"    protected String description;","lastModifiedDate":"2025-01-24","isFullCredit":false},{"lineNumber":3,"author":{"gitId":"Fieash"},"content":"    protected boolean isDone;","lastModifiedDate":"2025-01-24","isFullCredit":false},{"lineNumber":4,"author":{"gitId":"Fieash"},"content":"","lastModifiedDate":"2025-01-24","isFullCredit":false},{"lineNumber":5,"author":{"gitId":"Fieash"},"content":"    public Task(String description) {","lastModifiedDate":"2025-01-24","isFullCredit":false},{"lineNumber":6,"author":{"gitId":"Fieash"},"content":"        this.description \u003d description;","lastModifiedDate":"2025-01-24","isFullCredit":false},{"lineNumber":7,"author":{"gitId":"Fieash"},"content":"        this.isDone \u003d false;","lastModifiedDate":"2025-01-24","isFullCredit":false},{"lineNumber":8,"author":{"gitId":"Fieash"},"content":"    }","lastModifiedDate":"2025-01-24","isFullCredit":false},{"lineNumber":9,"author":{"gitId":"Fieash"},"content":"","lastModifiedDate":"2025-01-24","isFullCredit":false},{"lineNumber":10,"author":{"gitId":"Fieash"},"content":"    public String getStatusIcon() {","lastModifiedDate":"2025-01-24","isFullCredit":false},{"lineNumber":11,"author":{"gitId":"Fieash"},"content":"        return (isDone ? \"X\" : \" \"); // mark done task with X","lastModifiedDate":"2025-01-24","isFullCredit":false},{"lineNumber":12,"author":{"gitId":"Fieash"},"content":"    }","lastModifiedDate":"2025-01-24","isFullCredit":false},{"lineNumber":13,"author":{"gitId":"Fieash"},"content":"","lastModifiedDate":"2025-01-24","isFullCredit":false},{"lineNumber":14,"author":{"gitId":"Fieash"},"content":"    public Task markAsDone() {","lastModifiedDate":"2025-01-24","isFullCredit":false},{"lineNumber":15,"author":{"gitId":"Fieash"},"content":"        isDone \u003d true;","lastModifiedDate":"2025-01-24","isFullCredit":false},{"lineNumber":16,"author":{"gitId":"Fieash"},"content":"        return this;","lastModifiedDate":"2025-01-24","isFullCredit":false},{"lineNumber":17,"author":{"gitId":"Fieash"},"content":"    }","lastModifiedDate":"2025-01-24","isFullCredit":false},{"lineNumber":18,"author":{"gitId":"Fieash"},"content":"","lastModifiedDate":"2025-01-24","isFullCredit":false},{"lineNumber":19,"author":{"gitId":"Fieash"},"content":"    public Task unmarkAsDone() {","lastModifiedDate":"2025-01-24","isFullCredit":false},{"lineNumber":20,"author":{"gitId":"Fieash"},"content":"        isDone \u003d false;","lastModifiedDate":"2025-01-24","isFullCredit":false},{"lineNumber":21,"author":{"gitId":"Fieash"},"content":"        return this;","lastModifiedDate":"2025-01-24","isFullCredit":false},{"lineNumber":22,"author":{"gitId":"Fieash"},"content":"    }","lastModifiedDate":"2025-01-24","isFullCredit":false},{"lineNumber":23,"author":{"gitId":"Fieash"},"content":"","lastModifiedDate":"2025-01-24","isFullCredit":false},{"lineNumber":24,"author":{"gitId":"Fieash"},"content":"    public String toFileFormat() {","lastModifiedDate":"2025-02-03","isFullCredit":false},{"lineNumber":25,"author":{"gitId":"Fieash"},"content":"        String fileString \u003d \" | \";","lastModifiedDate":"2025-02-03","isFullCredit":false},{"lineNumber":26,"author":{"gitId":"Fieash"},"content":"        if (isDone) {","lastModifiedDate":"2025-02-03","isFullCredit":false},{"lineNumber":27,"author":{"gitId":"Fieash"},"content":"            return fileString + \"1 | \" + description;","lastModifiedDate":"2025-02-03","isFullCredit":false},{"lineNumber":28,"author":{"gitId":"Fieash"},"content":"        }","lastModifiedDate":"2025-02-03","isFullCredit":false},{"lineNumber":29,"author":{"gitId":"Fieash"},"content":"        return fileString + \"0 | \" + description;","lastModifiedDate":"2025-02-03","isFullCredit":false},{"lineNumber":30,"author":{"gitId":"Fieash"},"content":"    }","lastModifiedDate":"2025-02-03","isFullCredit":false},{"lineNumber":31,"author":{"gitId":"Fieash"},"content":"","lastModifiedDate":"2025-02-03","isFullCredit":false},{"lineNumber":32,"author":{"gitId":"Fieash"},"content":"    @Override","lastModifiedDate":"2025-01-24","isFullCredit":false},{"lineNumber":33,"author":{"gitId":"Fieash"},"content":"    public String toString() {","lastModifiedDate":"2025-01-24","isFullCredit":false},{"lineNumber":34,"author":{"gitId":"Fieash"},"content":"        return \"[\"+ getStatusIcon() + \"] \" + description;","lastModifiedDate":"2025-01-24","isFullCredit":false},{"lineNumber":35,"author":{"gitId":"Fieash"},"content":"    }","lastModifiedDate":"2025-01-24","isFullCredit":false},{"lineNumber":36,"author":{"gitId":"Fieash"},"content":"}","lastModifiedDate":"2025-01-24","isFullCredit":false}],"authorContributionMap":{"Fieash":36}},{"path":"src/main/java/ToDo.java","fileType":"java","lines":[{"lineNumber":1,"author":{"gitId":"Fieash"},"content":"public class ToDo extends Task{","lastModifiedDate":"2025-01-24","isFullCredit":false},{"lineNumber":2,"author":{"gitId":"Fieash"},"content":"    public ToDo(String description){","lastModifiedDate":"2025-01-24","isFullCredit":false},{"lineNumber":3,"author":{"gitId":"Fieash"},"content":"        super(description);","lastModifiedDate":"2025-01-24","isFullCredit":false},{"lineNumber":4,"author":{"gitId":"Fieash"},"content":"    }","lastModifiedDate":"2025-01-24","isFullCredit":false},{"lineNumber":5,"author":{"gitId":"Fieash"},"content":"","lastModifiedDate":"2025-01-24","isFullCredit":false},{"lineNumber":6,"author":{"gitId":"Fieash"},"content":"    @Override","lastModifiedDate":"2025-02-03","isFullCredit":false},{"lineNumber":7,"author":{"gitId":"Fieash"},"content":"    public String toFileFormat() {","lastModifiedDate":"2025-02-03","isFullCredit":false},{"lineNumber":8,"author":{"gitId":"Fieash"},"content":"        return \"\\nT\" + super.toFileFormat();","lastModifiedDate":"2025-02-03","isFullCredit":false},{"lineNumber":9,"author":{"gitId":"Fieash"},"content":"    }","lastModifiedDate":"2025-02-03","isFullCredit":false},{"lineNumber":10,"author":{"gitId":"Fieash"},"content":"","lastModifiedDate":"2025-01-24","isFullCredit":false},{"lineNumber":11,"author":{"gitId":"Fieash"},"content":"    @Override","lastModifiedDate":"2025-02-03","isFullCredit":false},{"lineNumber":12,"author":{"gitId":"Fieash"},"content":"    public String toString() {","lastModifiedDate":"2025-01-24","isFullCredit":false},{"lineNumber":13,"author":{"gitId":"Fieash"},"content":"        return \"[T]\" + super.toString();","lastModifiedDate":"2025-01-24","isFullCredit":false},{"lineNumber":14,"author":{"gitId":"Fieash"},"content":"    }","lastModifiedDate":"2025-01-24","isFullCredit":false},{"lineNumber":15,"author":{"gitId":"Fieash"},"content":"}","lastModifiedDate":"2025-01-24","isFullCredit":false}],"authorContributionMap":{"Fieash":15}},{"path":"text-ui-test/input.txt","fileType":"txt","lines":[{"lineNumber":1,"author":{"gitId":"Fieash"},"content":"todo borrow book","lastModifiedDate":"2025-01-26","isFullCredit":false},{"lineNumber":2,"author":{"gitId":"Fieash"},"content":"list","lastModifiedDate":"2025-01-26","isFullCredit":false},{"lineNumber":3,"author":{"gitId":"Fieash"},"content":"deadline return book /by sunday","lastModifiedDate":"2025-01-26","isFullCredit":false},{"lineNumber":4,"author":{"gitId":"Fieash"},"content":"event project meeting /from mon 2pm /to ntsure 4pm","lastModifiedDate":"2025-01-26","isFullCredit":false},{"lineNumber":5,"author":{"gitId":"Fieash"},"content":"list","lastModifiedDate":"2025-01-26","isFullCredit":false},{"lineNumber":6,"author":{"gitId":"Fieash"},"content":"mark 2","lastModifiedDate":"2025-01-26","isFullCredit":false},{"lineNumber":7,"author":{"gitId":"Fieash"},"content":"mark 3","lastModifiedDate":"2025-01-26","isFullCredit":false},{"lineNumber":8,"author":{"gitId":"Fieash"},"content":"list","lastModifiedDate":"2025-01-26","isFullCredit":false},{"lineNumber":9,"author":{"gitId":"Fieash"},"content":"unmark 2","lastModifiedDate":"2025-01-26","isFullCredit":false},{"lineNumber":10,"author":{"gitId":"Fieash"},"content":"list","lastModifiedDate":"2025-01-26","isFullCredit":false},{"lineNumber":11,"author":{"gitId":"Fieash"},"content":"bye","lastModifiedDate":"2025-01-26","isFullCredit":false},{"lineNumber":12,"author":{"gitId":"Fieash"},"content":"","lastModifiedDate":"2025-01-26","isFullCredit":false},{"lineNumber":13,"author":{"gitId":"Fieash"},"content":"","lastModifiedDate":"2025-01-26","isFullCredit":false}],"authorContributionMap":{"Fieash":13}},{"path":"text-ui-test/runtest.sh","fileType":"sh","lines":[{"lineNumber":1,"author":{"gitId":"-"},"content":"#!/usr/bin/env bash","lastModifiedDate":"2020-05-25","isFullCredit":false},{"lineNumber":2,"author":{"gitId":"-"},"content":"","lastModifiedDate":"2020-05-25","isFullCredit":false},{"lineNumber":3,"author":{"gitId":"-"},"content":"# create bin directory if it doesn\u0027t exist","lastModifiedDate":"2020-05-25","isFullCredit":false},{"lineNumber":4,"author":{"gitId":"-"},"content":"if [ ! -d \"../bin\" ]","lastModifiedDate":"2020-05-25","isFullCredit":false},{"lineNumber":5,"author":{"gitId":"-"},"content":"then","lastModifiedDate":"2020-05-25","isFullCredit":false},{"lineNumber":6,"author":{"gitId":"-"},"content":"    mkdir ../bin","lastModifiedDate":"2020-05-25","isFullCredit":false},{"lineNumber":7,"author":{"gitId":"-"},"content":"fi","lastModifiedDate":"2020-05-25","isFullCredit":false},{"lineNumber":8,"author":{"gitId":"-"},"content":"","lastModifiedDate":"2020-05-25","isFullCredit":false},{"lineNumber":9,"author":{"gitId":"-"},"content":"# delete output from previous run","lastModifiedDate":"2020-05-25","isFullCredit":false},{"lineNumber":10,"author":{"gitId":"-"},"content":"if [ -e \"./ACTUAL.TXT\" ]","lastModifiedDate":"2020-05-25","isFullCredit":false},{"lineNumber":11,"author":{"gitId":"-"},"content":"then","lastModifiedDate":"2020-05-25","isFullCredit":false},{"lineNumber":12,"author":{"gitId":"-"},"content":"    rm ACTUAL.TXT","lastModifiedDate":"2020-05-25","isFullCredit":false},{"lineNumber":13,"author":{"gitId":"-"},"content":"fi","lastModifiedDate":"2020-05-25","isFullCredit":false},{"lineNumber":14,"author":{"gitId":"-"},"content":"","lastModifiedDate":"2020-05-25","isFullCredit":false},{"lineNumber":15,"author":{"gitId":"-"},"content":"# compile the code into the bin folder, terminates if error occurred","lastModifiedDate":"2020-05-25","isFullCredit":false},{"lineNumber":16,"author":{"gitId":"-"},"content":"if ! javac -cp ../src/main/java -Xlint:none -d ../bin ../src/main/java/*.java","lastModifiedDate":"2020-08-25","isFullCredit":false},{"lineNumber":17,"author":{"gitId":"-"},"content":"then","lastModifiedDate":"2020-05-25","isFullCredit":false},{"lineNumber":18,"author":{"gitId":"-"},"content":"    echo \"********** BUILD FAILURE **********\"","lastModifiedDate":"2020-05-25","isFullCredit":false},{"lineNumber":19,"author":{"gitId":"-"},"content":"    exit 1","lastModifiedDate":"2020-05-25","isFullCredit":false},{"lineNumber":20,"author":{"gitId":"-"},"content":"fi","lastModifiedDate":"2020-05-25","isFullCredit":false},{"lineNumber":21,"author":{"gitId":"-"},"content":"","lastModifiedDate":"2020-05-25","isFullCredit":false},{"lineNumber":22,"author":{"gitId":"-"},"content":"# run the program, feed commands from input.txt file and redirect the output to the ACTUAL.TXT","lastModifiedDate":"2020-05-25","isFullCredit":false},{"lineNumber":23,"author":{"gitId":"Fieash"},"content":"java -classpath ../bin Goon \u003c input.txt \u003e ACTUAL.TXT","lastModifiedDate":"2025-01-26","isFullCredit":false},{"lineNumber":24,"author":{"gitId":"-"},"content":"","lastModifiedDate":"2020-05-25","isFullCredit":false},{"lineNumber":25,"author":{"gitId":"-"},"content":"# convert to UNIX format","lastModifiedDate":"2020-05-25","isFullCredit":false},{"lineNumber":26,"author":{"gitId":"-"},"content":"cp EXPECTED.TXT EXPECTED-UNIX.TXT","lastModifiedDate":"2020-05-25","isFullCredit":false},{"lineNumber":27,"author":{"gitId":"-"},"content":"dos2unix ACTUAL.TXT EXPECTED-UNIX.TXT","lastModifiedDate":"2020-05-25","isFullCredit":false},{"lineNumber":28,"author":{"gitId":"-"},"content":"","lastModifiedDate":"2020-05-25","isFullCredit":false},{"lineNumber":29,"author":{"gitId":"-"},"content":"# compare the output to the expected output","lastModifiedDate":"2020-05-25","isFullCredit":false},{"lineNumber":30,"author":{"gitId":"-"},"content":"diff ACTUAL.TXT EXPECTED-UNIX.TXT","lastModifiedDate":"2020-05-25","isFullCredit":false},{"lineNumber":31,"author":{"gitId":"-"},"content":"if [ $? -eq 0 ]","lastModifiedDate":"2020-05-25","isFullCredit":false},{"lineNumber":32,"author":{"gitId":"-"},"content":"then","lastModifiedDate":"2020-05-25","isFullCredit":false},{"lineNumber":33,"author":{"gitId":"-"},"content":"    echo \"Test result: PASSED\"","lastModifiedDate":"2020-05-25","isFullCredit":false},{"lineNumber":34,"author":{"gitId":"-"},"content":"    exit 0","lastModifiedDate":"2020-05-25","isFullCredit":false},{"lineNumber":35,"author":{"gitId":"-"},"content":"else","lastModifiedDate":"2020-05-25","isFullCredit":false},{"lineNumber":36,"author":{"gitId":"-"},"content":"    echo \"Test result: FAILED\"","lastModifiedDate":"2020-05-25","isFullCredit":false},{"lineNumber":37,"author":{"gitId":"-"},"content":"    exit 1","lastModifiedDate":"2020-05-25","isFullCredit":false},{"lineNumber":38,"author":{"gitId":"-"},"content":"fi","lastModifiedDate":"2020-05-25","isFullCredit":false}],"authorContributionMap":{"Fieash":1,"-":37}}]
