{"authorDailyContributionsMap":{"Fieash":[{"date":"2025-01-23","commitResults":[{"hash":"fc403e1cf263d15421148f0047aab4ac9c1e0985","isMergeCommit":false,"messageTitle":"level 0","messageBody":"","tags":["Level-0"],"fileTypesAndContributionMap":{"java":{"insertions":16,"deletions":0}}},{"hash":"b456144360577abf09e8b5bba04f6a32beb2fca0","isMergeCommit":false,"messageTitle":"level 1 echo","messageBody":"","tags":["Level-1"],"fileTypesAndContributionMap":{"java":{"insertions":22,"deletions":21}}}]},{"date":"2025-01-24","commitResults":[{"hash":"f392427f43d7b07d112db2c3b0702143043e707a","isMergeCommit":false,"messageTitle":"level 2 list adding","messageBody":"","tags":["Level-2"],"fileTypesAndContributionMap":{"java":{"insertions":30,"deletions":11}}},{"hash":"9754b2c474e9b051b75165049022a5cf2de92c3b","isMergeCommit":false,"messageTitle":"level3 mark as done","messageBody":"","tags":["Level-3"],"fileTypesAndContributionMap":{"java":{"insertions":15,"deletions":6}}},{"hash":"12e54ce8565cfddc22f7fe1d0b815738a69369e9","isMergeCommit":false,"messageTitle":"level 3, added missing unmark feature","messageBody":"","fileTypesAndContributionMap":{"java":{"insertions":11,"deletions":2}}},{"hash":"d16d983c0c7f84e06691a38b5db668bb88c925a1","isMergeCommit":false,"messageTitle":"refactor to use Task class","messageBody":"","fileTypesAndContributionMap":{"java":{"insertions":40,"deletions":12}}},{"hash":"b69c2c428781bb9f7aa41eb52e3331ad1e6fbd1d","isMergeCommit":false,"messageTitle":"level 4, created deadline event todo and functioned out reusable code","messageBody":"","tags":["Level-4"],"fileTypesAndContributionMap":{"java":{"insertions":92,"deletions":17},"md":{"insertions":8,"deletions":7}}}]},{"date":"2025-01-26","commitResults":[{"hash":"cf09546f100c520c4129575005193998022282c0","isMergeCommit":false,"messageTitle":"modify runtest to accomodate for new test cases","messageBody":"","tags":["A-TextUiTesting"],"fileTypesAndContributionMap":{"txt":{"insertions":13,"deletions":0},"sh":{"insertions":1,"deletions":1}}},{"hash":"5fb3899fd18acff27e24badde3d67287d12db144","isMergeCommit":false,"messageTitle":"catch basic input length errors","messageBody":"","tags":["Level-5"],"fileTypesAndContributionMap":{"java":{"insertions":90,"deletions":48}}},{"hash":"3f78626266f8c9cada7b33bb755f03f394216799","isMergeCommit":false,"messageTitle":"add Delete feature","messageBody":"","tags":["Level-6"],"fileTypesAndContributionMap":{"java":{"insertions":18,"deletions":4}}}]},{"date":"2025-01-31","commitResults":[{"hash":"4ced186929f5ed9ca49a7b6e64c5f245b8e8ab13","isMergeCommit":false,"messageTitle":"add generic GoonException, no implementation in code","messageBody":"","fileTypesAndContributionMap":{"java":{"insertions":4,"deletions":0}}},{"hash":"470195642e2d43b8f919a40d070a9bfc7ba9d1cb","isMergeCommit":false,"messageTitle":"add new GoonException","messageBody":"","fileTypesAndContributionMap":{"java":{"insertions":5,"deletions":2}}}]},{"date":"2025-02-03","commitResults":[{"hash":"c037fc298c3e5b12d70a79ef923f2a382ce0bc60","isMergeCommit":false,"messageTitle":"add auto save to file feature","messageBody":"","fileTypesAndContributionMap":{"txt":{"insertions":5,"deletions":0},"java":{"insertions":90,"deletions":6}}}]},{"date":"2025-02-04","commitResults":[{"hash":"7e02a037316c0681b864a97b7dc6de156af4a329","isMergeCommit":true,"messageTitle":"Merge commit \u0027c037fc298c3e5b12d70a79ef923f2a382ce0bc60\u0027","messageBody":"","fileTypesAndContributionMap":{}}]}]},"authorFileTypeContributionMap":{"Fieash":{"java":314,"md":8,"fxml":0,"sh":1,"bat":0,"gradle":0,"txt":18}},"authorContributionVariance":{"Fieash":3604.6528},"authorDisplayNameMap":{"Fieash":"CS2103T-F13-1 WONG..HANG"}}
