{"authorDailyContributionsMap":{"Inquisitivrx":[{"date":"2025-01-23","commitResults":[{"hash":"11c4a8b770d18b632eace8129a6856d8e557f631","isMergeCommit":false,"messageTitle":"Rename, Greet, Exit","messageBody":"","tags":["Level-0"],"fileTypesAndContributionMap":{"java":{"insertions":13,"deletions":10},"bat":{"insertions":1,"deletions":1},"md":{"insertions":3,"deletions":3}}}]},{"date":"2025-01-25","commitResults":[{"hash":"7f842ada2c596a82e620767e155529473c837d1a","isMergeCommit":false,"messageTitle":"Echo","messageBody":"","tags":["Level-1"],"fileTypesAndContributionMap":{"java":{"insertions":26,"deletions":5}}},{"hash":"122dc990592c76ecffee41603514b6b0564b66e6","isMergeCommit":false,"messageTitle":"Add, List","messageBody":"","tags":["Level-2"],"fileTypesAndContributionMap":{"java":{"insertions":14,"deletions":3}}},{"hash":"7d484c148b22a7abd701465afaa136a689072a5b","isMergeCommit":false,"messageTitle":"Mark as Done","messageBody":"","tags":["Level-3"],"fileTypesAndContributionMap":{"java":{"insertions":61,"deletions":4}}}]},{"date":"2025-01-26","commitResults":[{"hash":"3b2c94f45a50e2b0868de5c83edeb2fbac662cbd","isMergeCommit":false,"messageTitle":"ToDo, Event, Deadline","messageBody":"","tags":["Level-4"],"fileTypesAndContributionMap":{"java":{"insertions":71,"deletions":27}}},{"hash":"201e8bb42f405d0de470f63054f50857810f1b7c","isMergeCommit":false,"messageTitle":"Automated Text UI Testing","messageBody":"","tags":["A-TextUiTesting"],"fileTypesAndContributionMap":{"txt":{"insertions":7,"deletions":0},"java":{"insertions":44,"deletions":40},"bat":{"insertions":2,"deletions":2}}},{"hash":"6a33268eb51c806a71fb54a548c4c6f09d591770","isMergeCommit":false,"messageTitle":"Handle Errors","messageBody":"","tags":["Level-5"],"fileTypesAndContributionMap":{"txt":{"insertions":7,"deletions":5},"java":{"insertions":75,"deletions":50}}},{"hash":"a99d07a98313cee695d7fada7e6e16cc8b0e1203","isMergeCommit":false,"messageTitle":"Delete","messageBody":"","tags":["Level-6"],"fileTypesAndContributionMap":{"txt":{"insertions":1,"deletions":0},"java":{"insertions":8,"deletions":0}}}]},{"date":"2025-02-01","commitResults":[{"hash":"6261ee9992badf1f14cde3d6b4abacbb7cde18c3","isMergeCommit":false,"messageTitle":"Implement save tasks to hard disk","messageBody":"","tags":["Level-7"],"fileTypesAndContributionMap":{"txt":{"insertions":4,"deletions":0},"java":{"insertions":154,"deletions":19}}},{"hash":"4178bb3c9670bf690e634c59381555422408d523","isMergeCommit":false,"messageTitle":"implement parsing of dates and times for deadline","messageBody":"","tags":["Level-8"],"fileTypesAndContributionMap":{"txt":{"insertions":2,"deletions":3},"java":{"insertions":36,"deletions":21}}}]}]},"authorFileTypeContributionMap":{"Inquisitivrx":{"java":333,"md":3,"fxml":0,"sh":0,"bat":2,"gradle":0,"txt":13}},"authorContributionVariance":{"Inquisitivrx":7091.63},"authorDisplayNameMap":{"Inquisitivrx":"CS2103-F09-3 GALV..IANG"}}
