[{"path":"src/main/java/Deadline.java","fileType":"java","lines":[{"lineNumber":1,"author":{"gitId":"Prog-Neuro-Com"},"content":"public class Deadline extends Task{","lastModifiedDate":"2025-01-18","isFullCredit":false},{"lineNumber":2,"author":{"gitId":"Prog-Neuro-Com"},"content":"    private String deadline;","lastModifiedDate":"2025-01-18","isFullCredit":false},{"lineNumber":3,"author":{"gitId":"Prog-Neuro-Com"},"content":"","lastModifiedDate":"2025-01-18","isFullCredit":false},{"lineNumber":4,"author":{"gitId":"Prog-Neuro-Com"},"content":"    public Deadline(String taskName, String deadline) {","lastModifiedDate":"2025-01-18","isFullCredit":false},{"lineNumber":5,"author":{"gitId":"Prog-Neuro-Com"},"content":"        super(taskName);","lastModifiedDate":"2025-01-18","isFullCredit":false},{"lineNumber":6,"author":{"gitId":"Prog-Neuro-Com"},"content":"        this.deadline \u003d deadline;","lastModifiedDate":"2025-01-18","isFullCredit":false},{"lineNumber":7,"author":{"gitId":"Prog-Neuro-Com"},"content":"    }","lastModifiedDate":"2025-01-18","isFullCredit":false},{"lineNumber":8,"author":{"gitId":"Prog-Neuro-Com"},"content":"","lastModifiedDate":"2025-01-18","isFullCredit":false},{"lineNumber":9,"author":{"gitId":"Prog-Neuro-Com"},"content":"    @Override","lastModifiedDate":"2025-01-18","isFullCredit":false},{"lineNumber":10,"author":{"gitId":"Prog-Neuro-Com"},"content":"    public String toString() {","lastModifiedDate":"2025-01-18","isFullCredit":false},{"lineNumber":11,"author":{"gitId":"Prog-Neuro-Com"},"content":"        return \"[D]\" + super.toString() + \" (by: \" + deadline + \")\";","lastModifiedDate":"2025-01-18","isFullCredit":false},{"lineNumber":12,"author":{"gitId":"Prog-Neuro-Com"},"content":"    }","lastModifiedDate":"2025-01-18","isFullCredit":false},{"lineNumber":13,"author":{"gitId":"Prog-Neuro-Com"},"content":"}","lastModifiedDate":"2025-01-18","isFullCredit":false}],"authorContributionMap":{"Prog-Neuro-Com":13}},{"path":"src/main/java/Event.java","fileType":"java","lines":[{"lineNumber":1,"author":{"gitId":"Prog-Neuro-Com"},"content":"public class Event extends Task{","lastModifiedDate":"2025-01-18","isFullCredit":false},{"lineNumber":2,"author":{"gitId":"Prog-Neuro-Com"},"content":"    private String from;","lastModifiedDate":"2025-01-18","isFullCredit":false},{"lineNumber":3,"author":{"gitId":"Prog-Neuro-Com"},"content":"    private String to;","lastModifiedDate":"2025-01-18","isFullCredit":false},{"lineNumber":4,"author":{"gitId":"Prog-Neuro-Com"},"content":"","lastModifiedDate":"2025-01-18","isFullCredit":false},{"lineNumber":5,"author":{"gitId":"Prog-Neuro-Com"},"content":"    public Event(String taskName, String from, String to) {","lastModifiedDate":"2025-01-18","isFullCredit":false},{"lineNumber":6,"author":{"gitId":"Prog-Neuro-Com"},"content":"        super(taskName);","lastModifiedDate":"2025-01-18","isFullCredit":false},{"lineNumber":7,"author":{"gitId":"Prog-Neuro-Com"},"content":"        this.from \u003d from;","lastModifiedDate":"2025-01-18","isFullCredit":false},{"lineNumber":8,"author":{"gitId":"Prog-Neuro-Com"},"content":"        this.to \u003d to;","lastModifiedDate":"2025-01-18","isFullCredit":false},{"lineNumber":9,"author":{"gitId":"Prog-Neuro-Com"},"content":"    }","lastModifiedDate":"2025-01-18","isFullCredit":false},{"lineNumber":10,"author":{"gitId":"Prog-Neuro-Com"},"content":"","lastModifiedDate":"2025-01-18","isFullCredit":false},{"lineNumber":11,"author":{"gitId":"Prog-Neuro-Com"},"content":"    @Override","lastModifiedDate":"2025-01-18","isFullCredit":false},{"lineNumber":12,"author":{"gitId":"Prog-Neuro-Com"},"content":"    public String toString() {","lastModifiedDate":"2025-01-18","isFullCredit":false},{"lineNumber":13,"author":{"gitId":"Prog-Neuro-Com"},"content":"        return \"[E]\" + super.toString() + \" (at: \" + from + \" to \" + to + \")\";","lastModifiedDate":"2025-01-18","isFullCredit":false},{"lineNumber":14,"author":{"gitId":"Prog-Neuro-Com"},"content":"    }","lastModifiedDate":"2025-01-18","isFullCredit":false},{"lineNumber":15,"author":{"gitId":"Prog-Neuro-Com"},"content":"}","lastModifiedDate":"2025-01-18","isFullCredit":false}],"authorContributionMap":{"Prog-Neuro-Com":15}},{"path":"src/main/java/Task.java","fileType":"java","lines":[{"lineNumber":1,"author":{"gitId":"Prog-Neuro-Com"},"content":"public class Task {","lastModifiedDate":"2025-01-18","isFullCredit":false},{"lineNumber":2,"author":{"gitId":"Prog-Neuro-Com"},"content":"    private final String taskName;","lastModifiedDate":"2025-01-18","isFullCredit":false},{"lineNumber":3,"author":{"gitId":"Prog-Neuro-Com"},"content":"    private boolean isDone;","lastModifiedDate":"2025-01-18","isFullCredit":false},{"lineNumber":4,"author":{"gitId":"Prog-Neuro-Com"},"content":"","lastModifiedDate":"2025-01-18","isFullCredit":false},{"lineNumber":5,"author":{"gitId":"Prog-Neuro-Com"},"content":"    public Task(String taskName) {","lastModifiedDate":"2025-01-18","isFullCredit":false},{"lineNumber":6,"author":{"gitId":"Prog-Neuro-Com"},"content":"        this.taskName \u003d taskName;","lastModifiedDate":"2025-01-18","isFullCredit":false},{"lineNumber":7,"author":{"gitId":"Prog-Neuro-Com"},"content":"        this.isDone \u003d false;","lastModifiedDate":"2025-01-18","isFullCredit":false},{"lineNumber":8,"author":{"gitId":"Prog-Neuro-Com"},"content":"    }","lastModifiedDate":"2025-01-18","isFullCredit":false},{"lineNumber":9,"author":{"gitId":"Prog-Neuro-Com"},"content":"","lastModifiedDate":"2025-01-18","isFullCredit":false},{"lineNumber":10,"author":{"gitId":"Prog-Neuro-Com"},"content":"    public void markAsDone() {","lastModifiedDate":"2025-01-18","isFullCredit":false},{"lineNumber":11,"author":{"gitId":"Prog-Neuro-Com"},"content":"        this.isDone \u003d true;","lastModifiedDate":"2025-01-18","isFullCredit":false},{"lineNumber":12,"author":{"gitId":"Prog-Neuro-Com"},"content":"    }","lastModifiedDate":"2025-01-18","isFullCredit":false},{"lineNumber":13,"author":{"gitId":"Prog-Neuro-Com"},"content":"","lastModifiedDate":"2025-01-18","isFullCredit":false},{"lineNumber":14,"author":{"gitId":"Prog-Neuro-Com"},"content":"    public void markAsNotDone() {","lastModifiedDate":"2025-01-18","isFullCredit":false},{"lineNumber":15,"author":{"gitId":"Prog-Neuro-Com"},"content":"        this.isDone \u003d false;","lastModifiedDate":"2025-01-18","isFullCredit":false},{"lineNumber":16,"author":{"gitId":"Prog-Neuro-Com"},"content":"    }","lastModifiedDate":"2025-01-18","isFullCredit":false},{"lineNumber":17,"author":{"gitId":"Prog-Neuro-Com"},"content":"","lastModifiedDate":"2025-01-18","isFullCredit":false},{"lineNumber":18,"author":{"gitId":"Prog-Neuro-Com"},"content":"    @Override","lastModifiedDate":"2025-01-18","isFullCredit":false},{"lineNumber":19,"author":{"gitId":"Prog-Neuro-Com"},"content":"    public String toString() {","lastModifiedDate":"2025-01-18","isFullCredit":false},{"lineNumber":20,"author":{"gitId":"Prog-Neuro-Com"},"content":"        return \"[\" + (isDone ? \"X\" : \" \") + \"] \" + taskName;","lastModifiedDate":"2025-01-18","isFullCredit":false},{"lineNumber":21,"author":{"gitId":"Prog-Neuro-Com"},"content":"    }","lastModifiedDate":"2025-01-18","isFullCredit":false},{"lineNumber":22,"author":{"gitId":"Prog-Neuro-Com"},"content":"}","lastModifiedDate":"2025-01-18","isFullCredit":false},{"lineNumber":23,"author":{"gitId":"Prog-Neuro-Com"},"content":"","lastModifiedDate":"2025-01-18","isFullCredit":false}],"authorContributionMap":{"Prog-Neuro-Com":23}},{"path":"src/main/java/Todo.java","fileType":"java","lines":[{"lineNumber":1,"author":{"gitId":"Prog-Neuro-Com"},"content":"public class Todo extends Task {","lastModifiedDate":"2025-01-18","isFullCredit":false},{"lineNumber":2,"author":{"gitId":"Prog-Neuro-Com"},"content":"    public Todo(String taskName) {","lastModifiedDate":"2025-01-18","isFullCredit":false},{"lineNumber":3,"author":{"gitId":"Prog-Neuro-Com"},"content":"        super(taskName);","lastModifiedDate":"2025-01-18","isFullCredit":false},{"lineNumber":4,"author":{"gitId":"Prog-Neuro-Com"},"content":"    }","lastModifiedDate":"2025-01-18","isFullCredit":false},{"lineNumber":5,"author":{"gitId":"Prog-Neuro-Com"},"content":"","lastModifiedDate":"2025-01-18","isFullCredit":false},{"lineNumber":6,"author":{"gitId":"Prog-Neuro-Com"},"content":"    @Override","lastModifiedDate":"2025-01-18","isFullCredit":false},{"lineNumber":7,"author":{"gitId":"Prog-Neuro-Com"},"content":"    public String toString() {","lastModifiedDate":"2025-01-18","isFullCredit":false},{"lineNumber":8,"author":{"gitId":"Prog-Neuro-Com"},"content":"        return \"[T]\" + super.toString();","lastModifiedDate":"2025-01-18","isFullCredit":false},{"lineNumber":9,"author":{"gitId":"Prog-Neuro-Com"},"content":"    }","lastModifiedDate":"2025-01-18","isFullCredit":false},{"lineNumber":10,"author":{"gitId":"Prog-Neuro-Com"},"content":"}","lastModifiedDate":"2025-01-18","isFullCredit":false}],"authorContributionMap":{"Prog-Neuro-Com":10}},{"path":"src/main/java/Yuki.java","fileType":"java","lines":[{"lineNumber":1,"author":{"gitId":"Prog-Neuro-Com"},"content":"import java.util.ArrayList;","lastModifiedDate":"2025-01-18","isFullCredit":false},{"lineNumber":2,"author":{"gitId":"Prog-Neuro-Com"},"content":"import java.util.Scanner;","lastModifiedDate":"2025-01-18","isFullCredit":false},{"lineNumber":3,"author":{"gitId":"Prog-Neuro-Com"},"content":"","lastModifiedDate":"2025-01-18","isFullCredit":false},{"lineNumber":4,"author":{"gitId":"Prog-Neuro-Com"},"content":"public class Yuki {","lastModifiedDate":"2025-01-18","isFullCredit":false},{"lineNumber":5,"author":{"gitId":"Prog-Neuro-Com"},"content":"    public static void main(String[] args) throws YukiException {","lastModifiedDate":"2025-01-18","isFullCredit":false},{"lineNumber":6,"author":{"gitId":"Prog-Neuro-Com"},"content":"        System.out.println(\"____________________________________________________________\\n\" +","lastModifiedDate":"2025-01-18","isFullCredit":false},{"lineNumber":7,"author":{"gitId":"Prog-Neuro-Com"},"content":"                \" Hello! I\u0027m Yuki\\n\" +","lastModifiedDate":"2025-01-18","isFullCredit":false},{"lineNumber":8,"author":{"gitId":"Prog-Neuro-Com"},"content":"                \" What can I do for you?\\n\" +","lastModifiedDate":"2025-01-18","isFullCredit":false},{"lineNumber":9,"author":{"gitId":"Prog-Neuro-Com"},"content":"                \"____________________________________________________________\\n\");","lastModifiedDate":"2025-01-18","isFullCredit":false},{"lineNumber":10,"author":{"gitId":"Prog-Neuro-Com"},"content":"","lastModifiedDate":"2025-01-18","isFullCredit":false},{"lineNumber":11,"author":{"gitId":"Prog-Neuro-Com"},"content":"        String endString \u003d \"bye\";","lastModifiedDate":"2025-01-18","isFullCredit":false},{"lineNumber":12,"author":{"gitId":"Prog-Neuro-Com"},"content":"        String currentString \u003d \" \";","lastModifiedDate":"2025-01-18","isFullCredit":false},{"lineNumber":13,"author":{"gitId":"Prog-Neuro-Com"},"content":"        Scanner scanner \u003d new Scanner(System.in);","lastModifiedDate":"2025-01-18","isFullCredit":false},{"lineNumber":14,"author":{"gitId":"Prog-Neuro-Com"},"content":"        currentString \u003d scanner.next();","lastModifiedDate":"2025-01-18","isFullCredit":false},{"lineNumber":15,"author":{"gitId":"Prog-Neuro-Com"},"content":"        ArrayList\u003cTask\u003e taskList \u003d new ArrayList\u003c\u003e();","lastModifiedDate":"2025-01-18","isFullCredit":false},{"lineNumber":16,"author":{"gitId":"Prog-Neuro-Com"},"content":"        int taskCount \u003d 0;","lastModifiedDate":"2025-01-18","isFullCredit":false},{"lineNumber":17,"author":{"gitId":"Prog-Neuro-Com"},"content":"","lastModifiedDate":"2025-01-18","isFullCredit":false},{"lineNumber":18,"author":{"gitId":"Prog-Neuro-Com"},"content":"        while (!currentString.equals(endString)) {","lastModifiedDate":"2025-01-18","isFullCredit":false},{"lineNumber":19,"author":{"gitId":"Prog-Neuro-Com"},"content":"            switch (currentString) {","lastModifiedDate":"2025-01-18","isFullCredit":false},{"lineNumber":20,"author":{"gitId":"Prog-Neuro-Com"},"content":"                case \"list\" -\u003e {","lastModifiedDate":"2025-01-18","isFullCredit":false},{"lineNumber":21,"author":{"gitId":"Prog-Neuro-Com"},"content":"                    System.out.println(\"____________________________________________________________\\n\"","lastModifiedDate":"2025-01-18","isFullCredit":false},{"lineNumber":22,"author":{"gitId":"Prog-Neuro-Com"},"content":"                            + \" Here are the tasks in your list:\\n\");","lastModifiedDate":"2025-01-18","isFullCredit":false},{"lineNumber":23,"author":{"gitId":"Prog-Neuro-Com"},"content":"                    for (int i \u003d 0; i \u003c taskCount; i++) {","lastModifiedDate":"2025-01-18","isFullCredit":false},{"lineNumber":24,"author":{"gitId":"Prog-Neuro-Com"},"content":"                        System.out.println((i + 1) + \". \" + taskList.get(i).toString());","lastModifiedDate":"2025-01-18","isFullCredit":false},{"lineNumber":25,"author":{"gitId":"Prog-Neuro-Com"},"content":"                    }","lastModifiedDate":"2025-01-18","isFullCredit":false},{"lineNumber":26,"author":{"gitId":"Prog-Neuro-Com"},"content":"                    System.out.println(\"____________________________________________________________\\n\");","lastModifiedDate":"2025-01-18","isFullCredit":false},{"lineNumber":27,"author":{"gitId":"Prog-Neuro-Com"},"content":"                }","lastModifiedDate":"2025-01-18","isFullCredit":false},{"lineNumber":28,"author":{"gitId":"Prog-Neuro-Com"},"content":"                case \"mark\" -\u003e {","lastModifiedDate":"2025-01-18","isFullCredit":false},{"lineNumber":29,"author":{"gitId":"Prog-Neuro-Com"},"content":"                    try {","lastModifiedDate":"2025-01-18","isFullCredit":false},{"lineNumber":30,"author":{"gitId":"Prog-Neuro-Com"},"content":"                        int taskNumber \u003d scanner.nextInt();","lastModifiedDate":"2025-01-18","isFullCredit":false},{"lineNumber":31,"author":{"gitId":"Prog-Neuro-Com"},"content":"                        if (taskNumber \u003e taskCount) {","lastModifiedDate":"2025-01-18","isFullCredit":false},{"lineNumber":32,"author":{"gitId":"Prog-Neuro-Com"},"content":"                            throw new YukiException(\"____________________________________________________________\\n\" +","lastModifiedDate":"2025-01-18","isFullCredit":false},{"lineNumber":33,"author":{"gitId":"Prog-Neuro-Com"},"content":"                                    \" Please enter a valid task number\\n\" +","lastModifiedDate":"2025-01-18","isFullCredit":false},{"lineNumber":34,"author":{"gitId":"Prog-Neuro-Com"},"content":"                                    \"____________________________________________________________\\n\");","lastModifiedDate":"2025-01-18","isFullCredit":false},{"lineNumber":35,"author":{"gitId":"Prog-Neuro-Com"},"content":"                        }","lastModifiedDate":"2025-01-18","isFullCredit":false},{"lineNumber":36,"author":{"gitId":"Prog-Neuro-Com"},"content":"                        System.out.println(\"____________________________________________________________\\n\"","lastModifiedDate":"2025-01-18","isFullCredit":false},{"lineNumber":37,"author":{"gitId":"Prog-Neuro-Com"},"content":"                                + \" Nice! I\u0027ve marked this task as done:\\n\");","lastModifiedDate":"2025-01-18","isFullCredit":false},{"lineNumber":38,"author":{"gitId":"Prog-Neuro-Com"},"content":"                        taskList.get(taskNumber).markAsDone();","lastModifiedDate":"2025-01-18","isFullCredit":false},{"lineNumber":39,"author":{"gitId":"Prog-Neuro-Com"},"content":"                        System.out.println(\" \" + taskList.get(taskNumber).toString() + \"\\n\" +","lastModifiedDate":"2025-01-18","isFullCredit":false},{"lineNumber":40,"author":{"gitId":"Prog-Neuro-Com"},"content":"                                \"____________________________________________________________\\n\");","lastModifiedDate":"2025-01-18","isFullCredit":false},{"lineNumber":41,"author":{"gitId":"Prog-Neuro-Com"},"content":"                    } catch (Exception e) {","lastModifiedDate":"2025-01-18","isFullCredit":false},{"lineNumber":42,"author":{"gitId":"Prog-Neuro-Com"},"content":"                        System.out.println(\"____________________________________________________________\\n\" +","lastModifiedDate":"2025-01-18","isFullCredit":false},{"lineNumber":43,"author":{"gitId":"Prog-Neuro-Com"},"content":"                                \" Please enter a valid task number\\n\" +","lastModifiedDate":"2025-01-18","isFullCredit":false},{"lineNumber":44,"author":{"gitId":"Prog-Neuro-Com"},"content":"                                \"____________________________________________________________\\n\");","lastModifiedDate":"2025-01-18","isFullCredit":false},{"lineNumber":45,"author":{"gitId":"Prog-Neuro-Com"},"content":"                        scanner.next();","lastModifiedDate":"2025-01-18","isFullCredit":false},{"lineNumber":46,"author":{"gitId":"Prog-Neuro-Com"},"content":"                    }","lastModifiedDate":"2025-01-18","isFullCredit":false},{"lineNumber":47,"author":{"gitId":"Prog-Neuro-Com"},"content":"","lastModifiedDate":"2025-01-18","isFullCredit":false},{"lineNumber":48,"author":{"gitId":"Prog-Neuro-Com"},"content":"                }","lastModifiedDate":"2025-01-18","isFullCredit":false},{"lineNumber":49,"author":{"gitId":"Prog-Neuro-Com"},"content":"                case \"unmark\" -\u003e {","lastModifiedDate":"2025-01-18","isFullCredit":false},{"lineNumber":50,"author":{"gitId":"Prog-Neuro-Com"},"content":"                    try {","lastModifiedDate":"2025-01-18","isFullCredit":false},{"lineNumber":51,"author":{"gitId":"Prog-Neuro-Com"},"content":"                        int taskNumber \u003d scanner.nextInt();","lastModifiedDate":"2025-01-18","isFullCredit":false},{"lineNumber":52,"author":{"gitId":"Prog-Neuro-Com"},"content":"                        if (taskNumber \u003e taskCount) {","lastModifiedDate":"2025-01-18","isFullCredit":false},{"lineNumber":53,"author":{"gitId":"Prog-Neuro-Com"},"content":"                            throw new YukiException(\"____________________________________________________________\\n\" +","lastModifiedDate":"2025-01-18","isFullCredit":false},{"lineNumber":54,"author":{"gitId":"Prog-Neuro-Com"},"content":"                                    \" Please enter a valid task number\\n\" +","lastModifiedDate":"2025-01-18","isFullCredit":false},{"lineNumber":55,"author":{"gitId":"Prog-Neuro-Com"},"content":"                                    \"____________________________________________________________\\n\");","lastModifiedDate":"2025-01-18","isFullCredit":false},{"lineNumber":56,"author":{"gitId":"Prog-Neuro-Com"},"content":"                        }","lastModifiedDate":"2025-01-18","isFullCredit":false},{"lineNumber":57,"author":{"gitId":"Prog-Neuro-Com"},"content":"                        System.out.println(\"____________________________________________________________\\n\"","lastModifiedDate":"2025-01-18","isFullCredit":false},{"lineNumber":58,"author":{"gitId":"Prog-Neuro-Com"},"content":"                                + \" OK, I\u0027ve marked this task as not done yet:\\n\");","lastModifiedDate":"2025-01-18","isFullCredit":false},{"lineNumber":59,"author":{"gitId":"Prog-Neuro-Com"},"content":"                        taskList.get(taskNumber).markAsNotDone();","lastModifiedDate":"2025-01-18","isFullCredit":false},{"lineNumber":60,"author":{"gitId":"Prog-Neuro-Com"},"content":"                        System.out.println(taskList.get(taskNumber).toString() + \"\\n\" +","lastModifiedDate":"2025-01-18","isFullCredit":false},{"lineNumber":61,"author":{"gitId":"Prog-Neuro-Com"},"content":"                                \"____________________________________________________________\\n\");","lastModifiedDate":"2025-01-18","isFullCredit":false},{"lineNumber":62,"author":{"gitId":"Prog-Neuro-Com"},"content":"                    } catch (Exception e) {","lastModifiedDate":"2025-01-18","isFullCredit":false},{"lineNumber":63,"author":{"gitId":"Prog-Neuro-Com"},"content":"                        System.out.println(\"____________________________________________________________\\n\" +","lastModifiedDate":"2025-01-18","isFullCredit":false},{"lineNumber":64,"author":{"gitId":"Prog-Neuro-Com"},"content":"                                \" Please enter a valid task number\\n\" +","lastModifiedDate":"2025-01-18","isFullCredit":false},{"lineNumber":65,"author":{"gitId":"Prog-Neuro-Com"},"content":"                                \"____________________________________________________________\\n\");","lastModifiedDate":"2025-01-18","isFullCredit":false},{"lineNumber":66,"author":{"gitId":"Prog-Neuro-Com"},"content":"                        scanner.next();","lastModifiedDate":"2025-01-18","isFullCredit":false},{"lineNumber":67,"author":{"gitId":"Prog-Neuro-Com"},"content":"","lastModifiedDate":"2025-01-18","isFullCredit":false},{"lineNumber":68,"author":{"gitId":"Prog-Neuro-Com"},"content":"                    }","lastModifiedDate":"2025-01-18","isFullCredit":false},{"lineNumber":69,"author":{"gitId":"Prog-Neuro-Com"},"content":"                }","lastModifiedDate":"2025-01-18","isFullCredit":false},{"lineNumber":70,"author":{"gitId":"Prog-Neuro-Com"},"content":"                case \"delete\" -\u003e {","lastModifiedDate":"2025-01-18","isFullCredit":false},{"lineNumber":71,"author":{"gitId":"Prog-Neuro-Com"},"content":"                    try {","lastModifiedDate":"2025-01-18","isFullCredit":false},{"lineNumber":72,"author":{"gitId":"Prog-Neuro-Com"},"content":"                        int taskNumber \u003d scanner.nextInt();","lastModifiedDate":"2025-01-18","isFullCredit":false},{"lineNumber":73,"author":{"gitId":"Prog-Neuro-Com"},"content":"                        if (taskNumber \u003e taskCount) {","lastModifiedDate":"2025-01-18","isFullCredit":false},{"lineNumber":74,"author":{"gitId":"Prog-Neuro-Com"},"content":"                            throw new YukiException(\"____________________________________________________________\\n\" +","lastModifiedDate":"2025-01-18","isFullCredit":false},{"lineNumber":75,"author":{"gitId":"Prog-Neuro-Com"},"content":"                                    \" Please enter a valid task number\\n\" +","lastModifiedDate":"2025-01-18","isFullCredit":false},{"lineNumber":76,"author":{"gitId":"Prog-Neuro-Com"},"content":"                                    \"____________________________________________________________\\n\");","lastModifiedDate":"2025-01-18","isFullCredit":false},{"lineNumber":77,"author":{"gitId":"Prog-Neuro-Com"},"content":"                        }","lastModifiedDate":"2025-01-18","isFullCredit":false},{"lineNumber":78,"author":{"gitId":"Prog-Neuro-Com"},"content":"                        System.out.println(\"____________________________________________________________\\n\"","lastModifiedDate":"2025-01-18","isFullCredit":false},{"lineNumber":79,"author":{"gitId":"Prog-Neuro-Com"},"content":"                                + \" Noted. I\u0027ve removed this task:\\n\");","lastModifiedDate":"2025-01-18","isFullCredit":false},{"lineNumber":80,"author":{"gitId":"Prog-Neuro-Com"},"content":"                        System.out.println(\"   \" + taskList.get(taskNumber).toString() + \"\\n\");","lastModifiedDate":"2025-01-18","isFullCredit":false},{"lineNumber":81,"author":{"gitId":"Prog-Neuro-Com"},"content":"                        taskList.remove(taskNumber);","lastModifiedDate":"2025-01-18","isFullCredit":false},{"lineNumber":82,"author":{"gitId":"Prog-Neuro-Com"},"content":"                        taskCount--;","lastModifiedDate":"2025-01-18","isFullCredit":false},{"lineNumber":83,"author":{"gitId":"Prog-Neuro-Com"},"content":"                        System.out.println(\" Now you have \" + taskCount + \" tasks in the list.\\n\" +","lastModifiedDate":"2025-01-18","isFullCredit":false},{"lineNumber":84,"author":{"gitId":"Prog-Neuro-Com"},"content":"                                \"____________________________________________________________\\n\");","lastModifiedDate":"2025-01-18","isFullCredit":false},{"lineNumber":85,"author":{"gitId":"Prog-Neuro-Com"},"content":"                    } catch (Exception e) {","lastModifiedDate":"2025-01-18","isFullCredit":false},{"lineNumber":86,"author":{"gitId":"Prog-Neuro-Com"},"content":"                        System.out.println(\"____________________________________________________________\\n\" +","lastModifiedDate":"2025-01-18","isFullCredit":false},{"lineNumber":87,"author":{"gitId":"Prog-Neuro-Com"},"content":"                                \" Please enter a valid task number\\n\" +","lastModifiedDate":"2025-01-18","isFullCredit":false},{"lineNumber":88,"author":{"gitId":"Prog-Neuro-Com"},"content":"                                \"____________________________________________________________\\n\");","lastModifiedDate":"2025-01-18","isFullCredit":false},{"lineNumber":89,"author":{"gitId":"Prog-Neuro-Com"},"content":"                        scanner.next();","lastModifiedDate":"2025-01-18","isFullCredit":false},{"lineNumber":90,"author":{"gitId":"Prog-Neuro-Com"},"content":"                    }","lastModifiedDate":"2025-01-18","isFullCredit":false},{"lineNumber":91,"author":{"gitId":"Prog-Neuro-Com"},"content":"                }","lastModifiedDate":"2025-01-18","isFullCredit":false},{"lineNumber":92,"author":{"gitId":"Prog-Neuro-Com"},"content":"                default -\u003e {","lastModifiedDate":"2025-01-18","isFullCredit":false},{"lineNumber":93,"author":{"gitId":"Prog-Neuro-Com"},"content":"                    switch (currentString) {","lastModifiedDate":"2025-01-18","isFullCredit":false},{"lineNumber":94,"author":{"gitId":"Prog-Neuro-Com"},"content":"                        case \"todo\" -\u003e {","lastModifiedDate":"2025-01-18","isFullCredit":false},{"lineNumber":95,"author":{"gitId":"Prog-Neuro-Com"},"content":"                            String taskName \u003d scanner.nextLine();","lastModifiedDate":"2025-01-18","isFullCredit":false},{"lineNumber":96,"author":{"gitId":"Prog-Neuro-Com"},"content":"                            try {","lastModifiedDate":"2025-01-18","isFullCredit":false},{"lineNumber":97,"author":{"gitId":"Prog-Neuro-Com"},"content":"                                if (taskName.isEmpty()) {","lastModifiedDate":"2025-01-18","isFullCredit":false},{"lineNumber":98,"author":{"gitId":"Prog-Neuro-Com"},"content":"                                    throw new YukiException(\"____________________________________________________________\\n\" +","lastModifiedDate":"2025-01-18","isFullCredit":false},{"lineNumber":99,"author":{"gitId":"Prog-Neuro-Com"},"content":"                                            \" The description of a todo cannot be empty.\\n\" +","lastModifiedDate":"2025-01-18","isFullCredit":false},{"lineNumber":100,"author":{"gitId":"Prog-Neuro-Com"},"content":"                                            \" Example: todo read book\\n\" +","lastModifiedDate":"2025-01-18","isFullCredit":false},{"lineNumber":101,"author":{"gitId":"Prog-Neuro-Com"},"content":"                                            \"____________________________________________________________\\n\");","lastModifiedDate":"2025-01-18","isFullCredit":false},{"lineNumber":102,"author":{"gitId":"Prog-Neuro-Com"},"content":"                                }","lastModifiedDate":"2025-01-18","isFullCredit":false},{"lineNumber":103,"author":{"gitId":"Prog-Neuro-Com"},"content":"                            } catch (YukiException e) {","lastModifiedDate":"2025-01-18","isFullCredit":false},{"lineNumber":104,"author":{"gitId":"Prog-Neuro-Com"},"content":"                                System.out.println(e.getMessage());","lastModifiedDate":"2025-01-18","isFullCredit":false},{"lineNumber":105,"author":{"gitId":"Prog-Neuro-Com"},"content":"                                break;","lastModifiedDate":"2025-01-18","isFullCredit":false},{"lineNumber":106,"author":{"gitId":"Prog-Neuro-Com"},"content":"                            }","lastModifiedDate":"2025-01-18","isFullCredit":false},{"lineNumber":107,"author":{"gitId":"Prog-Neuro-Com"},"content":"                            taskList.add(new Todo(taskName));","lastModifiedDate":"2025-01-18","isFullCredit":false},{"lineNumber":108,"author":{"gitId":"Prog-Neuro-Com"},"content":"                            System.out.println(\"____________________________________________________________\\n\" +","lastModifiedDate":"2025-01-18","isFullCredit":false},{"lineNumber":109,"author":{"gitId":"Prog-Neuro-Com"},"content":"                                    \" Got it. I\u0027ve added this task:\\n\" +","lastModifiedDate":"2025-01-18","isFullCredit":false},{"lineNumber":110,"author":{"gitId":"Prog-Neuro-Com"},"content":"                                    \"   \" + taskList.get(taskCount++).toString() + \"\\n\" +","lastModifiedDate":"2025-01-18","isFullCredit":false},{"lineNumber":111,"author":{"gitId":"Prog-Neuro-Com"},"content":"                                    \" Now you have \" + taskCount + \" tasks in the list.\\n\" +","lastModifiedDate":"2025-01-18","isFullCredit":false},{"lineNumber":112,"author":{"gitId":"Prog-Neuro-Com"},"content":"                                    \"____________________________________________________________\\n\");","lastModifiedDate":"2025-01-18","isFullCredit":false},{"lineNumber":113,"author":{"gitId":"Prog-Neuro-Com"},"content":"                        }","lastModifiedDate":"2025-01-18","isFullCredit":false},{"lineNumber":114,"author":{"gitId":"Prog-Neuro-Com"},"content":"                        case \"deadline\" -\u003e {","lastModifiedDate":"2025-01-18","isFullCredit":false},{"lineNumber":115,"author":{"gitId":"Prog-Neuro-Com"},"content":"                            String[] array \u003d scanner.nextLine().split(\"/by\");","lastModifiedDate":"2025-01-18","isFullCredit":false},{"lineNumber":116,"author":{"gitId":"Prog-Neuro-Com"},"content":"                            try {","lastModifiedDate":"2025-01-18","isFullCredit":false},{"lineNumber":117,"author":{"gitId":"Prog-Neuro-Com"},"content":"                                if (array.length \u003c 2) {","lastModifiedDate":"2025-01-18","isFullCredit":false},{"lineNumber":118,"author":{"gitId":"Prog-Neuro-Com"},"content":"                                    throw new YukiException(\"____________________________________________________________\\n\" +","lastModifiedDate":"2025-01-18","isFullCredit":false},{"lineNumber":119,"author":{"gitId":"Prog-Neuro-Com"},"content":"                                            \" The description of a deadline must include a deadline.\\n\" +","lastModifiedDate":"2025-01-18","isFullCredit":false},{"lineNumber":120,"author":{"gitId":"Prog-Neuro-Com"},"content":"                                            \" Example: deadline return book /by Sunday\\n\" +","lastModifiedDate":"2025-01-18","isFullCredit":false},{"lineNumber":121,"author":{"gitId":"Prog-Neuro-Com"},"content":"                                            \"____________________________________________________________\\n\");","lastModifiedDate":"2025-01-18","isFullCredit":false},{"lineNumber":122,"author":{"gitId":"Prog-Neuro-Com"},"content":"                                }","lastModifiedDate":"2025-01-18","isFullCredit":false},{"lineNumber":123,"author":{"gitId":"Prog-Neuro-Com"},"content":"                            } catch (YukiException e) {","lastModifiedDate":"2025-01-18","isFullCredit":false},{"lineNumber":124,"author":{"gitId":"Prog-Neuro-Com"},"content":"                                System.out.println(e.getMessage());","lastModifiedDate":"2025-01-18","isFullCredit":false},{"lineNumber":125,"author":{"gitId":"Prog-Neuro-Com"},"content":"                                break;","lastModifiedDate":"2025-01-18","isFullCredit":false},{"lineNumber":126,"author":{"gitId":"Prog-Neuro-Com"},"content":"                            }","lastModifiedDate":"2025-01-18","isFullCredit":false},{"lineNumber":127,"author":{"gitId":"Prog-Neuro-Com"},"content":"                            taskList.add(new Deadline(array[0], array[1]));","lastModifiedDate":"2025-01-18","isFullCredit":false},{"lineNumber":128,"author":{"gitId":"Prog-Neuro-Com"},"content":"                            System.out.println(\"____________________________________________________________\\n\" +","lastModifiedDate":"2025-01-18","isFullCredit":false},{"lineNumber":129,"author":{"gitId":"Prog-Neuro-Com"},"content":"                                    \" Got it. I\u0027ve added this task:\\n\" +","lastModifiedDate":"2025-01-18","isFullCredit":false},{"lineNumber":130,"author":{"gitId":"Prog-Neuro-Com"},"content":"                                    \"   \" + taskList.get(taskCount++).toString() + \"\\n\" +","lastModifiedDate":"2025-01-18","isFullCredit":false},{"lineNumber":131,"author":{"gitId":"Prog-Neuro-Com"},"content":"                                    \" Now you have \" + taskCount + \" tasks in the list.\\n\" +","lastModifiedDate":"2025-01-18","isFullCredit":false},{"lineNumber":132,"author":{"gitId":"Prog-Neuro-Com"},"content":"                                    \"____________________________________________________________\\n\");","lastModifiedDate":"2025-01-18","isFullCredit":false},{"lineNumber":133,"author":{"gitId":"Prog-Neuro-Com"},"content":"                        }","lastModifiedDate":"2025-01-18","isFullCredit":false},{"lineNumber":134,"author":{"gitId":"Prog-Neuro-Com"},"content":"                        case \"event\" -\u003e {","lastModifiedDate":"2025-01-18","isFullCredit":false},{"lineNumber":135,"author":{"gitId":"Prog-Neuro-Com"},"content":"                            String[] array \u003d scanner.nextLine().replace(\"/to\", \"/from\").split(\"/from\");","lastModifiedDate":"2025-01-18","isFullCredit":false},{"lineNumber":136,"author":{"gitId":"Prog-Neuro-Com"},"content":"                            try {","lastModifiedDate":"2025-01-18","isFullCredit":false},{"lineNumber":137,"author":{"gitId":"Prog-Neuro-Com"},"content":"                                if (array.length \u003c 3) {","lastModifiedDate":"2025-01-18","isFullCredit":false},{"lineNumber":138,"author":{"gitId":"Prog-Neuro-Com"},"content":"                                    throw new YukiException(\"____________________________________________________________\\n\" +","lastModifiedDate":"2025-01-18","isFullCredit":false},{"lineNumber":139,"author":{"gitId":"Prog-Neuro-Com"},"content":"                                            \" The description of an event must include a start and end time.\\n\" +","lastModifiedDate":"2025-01-18","isFullCredit":false},{"lineNumber":140,"author":{"gitId":"Prog-Neuro-Com"},"content":"                                            \" Example: event project meeting /from Mon 2pm /to 4pm\\n\" +","lastModifiedDate":"2025-01-18","isFullCredit":false},{"lineNumber":141,"author":{"gitId":"Prog-Neuro-Com"},"content":"                                            \"____________________________________________________________\\n\");","lastModifiedDate":"2025-01-18","isFullCredit":false},{"lineNumber":142,"author":{"gitId":"Prog-Neuro-Com"},"content":"                                }","lastModifiedDate":"2025-01-18","isFullCredit":false},{"lineNumber":143,"author":{"gitId":"Prog-Neuro-Com"},"content":"                            } catch (YukiException e) {","lastModifiedDate":"2025-01-18","isFullCredit":false},{"lineNumber":144,"author":{"gitId":"Prog-Neuro-Com"},"content":"                                System.out.println(e.getMessage());","lastModifiedDate":"2025-01-18","isFullCredit":false},{"lineNumber":145,"author":{"gitId":"Prog-Neuro-Com"},"content":"                                break;","lastModifiedDate":"2025-01-18","isFullCredit":false},{"lineNumber":146,"author":{"gitId":"Prog-Neuro-Com"},"content":"                            }","lastModifiedDate":"2025-01-18","isFullCredit":false},{"lineNumber":147,"author":{"gitId":"Prog-Neuro-Com"},"content":"                            taskList.add(new Event(array[0], array[1], array[2]));","lastModifiedDate":"2025-01-18","isFullCredit":false},{"lineNumber":148,"author":{"gitId":"Prog-Neuro-Com"},"content":"                            System.out.println(\"____________________________________________________________\\n\" +","lastModifiedDate":"2025-01-18","isFullCredit":false},{"lineNumber":149,"author":{"gitId":"Prog-Neuro-Com"},"content":"                                    \" Got it. I\u0027ve added this task:\\n\" +","lastModifiedDate":"2025-01-18","isFullCredit":false},{"lineNumber":150,"author":{"gitId":"Prog-Neuro-Com"},"content":"                                    \"   \" + taskList.get(taskCount++).toString() + \"\\n\" +","lastModifiedDate":"2025-01-18","isFullCredit":false},{"lineNumber":151,"author":{"gitId":"Prog-Neuro-Com"},"content":"                                    \" Now you have \" + taskCount + \" tasks in the list.\\n\" +","lastModifiedDate":"2025-01-18","isFullCredit":false},{"lineNumber":152,"author":{"gitId":"Prog-Neuro-Com"},"content":"                                    \"____________________________________________________________\\n\");","lastModifiedDate":"2025-01-18","isFullCredit":false},{"lineNumber":153,"author":{"gitId":"Prog-Neuro-Com"},"content":"                        }","lastModifiedDate":"2025-01-18","isFullCredit":false},{"lineNumber":154,"author":{"gitId":"Prog-Neuro-Com"},"content":"                        default -\u003e {","lastModifiedDate":"2025-01-18","isFullCredit":false},{"lineNumber":155,"author":{"gitId":"Prog-Neuro-Com"},"content":"                            try {","lastModifiedDate":"2025-01-18","isFullCredit":false},{"lineNumber":156,"author":{"gitId":"Prog-Neuro-Com"},"content":"                                throw new YukiException(\"____________________________________________________________\\n\" +","lastModifiedDate":"2025-01-18","isFullCredit":false},{"lineNumber":157,"author":{"gitId":"Prog-Neuro-Com"},"content":"                                        \" You need to specify the type of task you want to add among(todo, deadline, event)\\n\" +","lastModifiedDate":"2025-01-18","isFullCredit":false},{"lineNumber":158,"author":{"gitId":"Prog-Neuro-Com"},"content":"                                        \"____________________________________________________________\\n\");","lastModifiedDate":"2025-01-18","isFullCredit":false},{"lineNumber":159,"author":{"gitId":"Prog-Neuro-Com"},"content":"                            } catch (YukiException e) {","lastModifiedDate":"2025-01-18","isFullCredit":false},{"lineNumber":160,"author":{"gitId":"Prog-Neuro-Com"},"content":"                                System.out.println(e.getMessage());","lastModifiedDate":"2025-01-18","isFullCredit":false},{"lineNumber":161,"author":{"gitId":"Prog-Neuro-Com"},"content":"                            }","lastModifiedDate":"2025-01-18","isFullCredit":false},{"lineNumber":162,"author":{"gitId":"Prog-Neuro-Com"},"content":"                        }","lastModifiedDate":"2025-01-18","isFullCredit":false},{"lineNumber":163,"author":{"gitId":"Prog-Neuro-Com"},"content":"                    }","lastModifiedDate":"2025-01-18","isFullCredit":false},{"lineNumber":164,"author":{"gitId":"Prog-Neuro-Com"},"content":"                }","lastModifiedDate":"2025-01-18","isFullCredit":false},{"lineNumber":165,"author":{"gitId":"Prog-Neuro-Com"},"content":"            }","lastModifiedDate":"2025-01-18","isFullCredit":false},{"lineNumber":166,"author":{"gitId":"Prog-Neuro-Com"},"content":"            currentString \u003d scanner.next();","lastModifiedDate":"2025-01-18","isFullCredit":false},{"lineNumber":167,"author":{"gitId":"Prog-Neuro-Com"},"content":"        }","lastModifiedDate":"2025-01-18","isFullCredit":false},{"lineNumber":168,"author":{"gitId":"Prog-Neuro-Com"},"content":"        System.out.println(\"____________________________________________________________\\n\" +","lastModifiedDate":"2025-01-18","isFullCredit":false},{"lineNumber":169,"author":{"gitId":"Prog-Neuro-Com"},"content":"                \" Bye. Hope to see you again soon!\\n\" +","lastModifiedDate":"2025-01-18","isFullCredit":false},{"lineNumber":170,"author":{"gitId":"Prog-Neuro-Com"},"content":"                \"____________________________________________________________\\n\");","lastModifiedDate":"2025-01-18","isFullCredit":false},{"lineNumber":171,"author":{"gitId":"Prog-Neuro-Com"},"content":"    }","lastModifiedDate":"2025-01-18","isFullCredit":false},{"lineNumber":172,"author":{"gitId":"Prog-Neuro-Com"},"content":"}","lastModifiedDate":"2025-01-18","isFullCredit":false}],"authorContributionMap":{"Prog-Neuro-Com":172}},{"path":"src/main/java/YukiException.java","fileType":"java","lines":[{"lineNumber":1,"author":{"gitId":"Prog-Neuro-Com"},"content":"public class YukiException extends Exception{","lastModifiedDate":"2025-01-18","isFullCredit":false},{"lineNumber":2,"author":{"gitId":"Prog-Neuro-Com"},"content":"    public YukiException(String message) {","lastModifiedDate":"2025-01-18","isFullCredit":false},{"lineNumber":3,"author":{"gitId":"Prog-Neuro-Com"},"content":"        super(message);","lastModifiedDate":"2025-01-18","isFullCredit":false},{"lineNumber":4,"author":{"gitId":"Prog-Neuro-Com"},"content":"    }","lastModifiedDate":"2025-01-18","isFullCredit":false},{"lineNumber":5,"author":{"gitId":"Prog-Neuro-Com"},"content":"","lastModifiedDate":"2025-01-18","isFullCredit":false},{"lineNumber":6,"author":{"gitId":"Prog-Neuro-Com"},"content":"}","lastModifiedDate":"2025-01-18","isFullCredit":false}],"authorContributionMap":{"Prog-Neuro-Com":6}},{"path":"text-ui-test/runtest.sh","fileType":"sh","lines":[{"lineNumber":1,"author":{"gitId":"-"},"content":"#!/usr/bin/env bash","lastModifiedDate":"2020-05-25","isFullCredit":false},{"lineNumber":2,"author":{"gitId":"-"},"content":"","lastModifiedDate":"2020-05-25","isFullCredit":false},{"lineNumber":3,"author":{"gitId":"-"},"content":"# create bin directory if it doesn\u0027t exist","lastModifiedDate":"2020-05-25","isFullCredit":false},{"lineNumber":4,"author":{"gitId":"-"},"content":"if [ ! -d \"../bin\" ]","lastModifiedDate":"2020-05-25","isFullCredit":false},{"lineNumber":5,"author":{"gitId":"-"},"content":"then","lastModifiedDate":"2020-05-25","isFullCredit":false},{"lineNumber":6,"author":{"gitId":"-"},"content":"    mkdir ../bin","lastModifiedDate":"2020-05-25","isFullCredit":false},{"lineNumber":7,"author":{"gitId":"-"},"content":"fi","lastModifiedDate":"2020-05-25","isFullCredit":false},{"lineNumber":8,"author":{"gitId":"-"},"content":"","lastModifiedDate":"2020-05-25","isFullCredit":false},{"lineNumber":9,"author":{"gitId":"-"},"content":"# delete output from previous run","lastModifiedDate":"2020-05-25","isFullCredit":false},{"lineNumber":10,"author":{"gitId":"-"},"content":"if [ -e \"./ACTUAL.TXT\" ]","lastModifiedDate":"2020-05-25","isFullCredit":false},{"lineNumber":11,"author":{"gitId":"-"},"content":"then","lastModifiedDate":"2020-05-25","isFullCredit":false},{"lineNumber":12,"author":{"gitId":"-"},"content":"    rm ACTUAL.TXT","lastModifiedDate":"2020-05-25","isFullCredit":false},{"lineNumber":13,"author":{"gitId":"-"},"content":"fi","lastModifiedDate":"2020-05-25","isFullCredit":false},{"lineNumber":14,"author":{"gitId":"-"},"content":"","lastModifiedDate":"2020-05-25","isFullCredit":false},{"lineNumber":15,"author":{"gitId":"-"},"content":"# compile the code into the bin folder, terminates if error occurred","lastModifiedDate":"2020-05-25","isFullCredit":false},{"lineNumber":16,"author":{"gitId":"-"},"content":"if ! javac -cp ../src/main/java -Xlint:none -d ../bin ../src/main/java/*.java","lastModifiedDate":"2020-08-25","isFullCredit":false},{"lineNumber":17,"author":{"gitId":"-"},"content":"then","lastModifiedDate":"2020-05-25","isFullCredit":false},{"lineNumber":18,"author":{"gitId":"-"},"content":"    echo \"********** BUILD FAILURE **********\"","lastModifiedDate":"2020-05-25","isFullCredit":false},{"lineNumber":19,"author":{"gitId":"-"},"content":"    exit 1","lastModifiedDate":"2020-05-25","isFullCredit":false},{"lineNumber":20,"author":{"gitId":"-"},"content":"fi","lastModifiedDate":"2020-05-25","isFullCredit":false},{"lineNumber":21,"author":{"gitId":"-"},"content":"","lastModifiedDate":"2020-05-25","isFullCredit":false},{"lineNumber":22,"author":{"gitId":"-"},"content":"# run the program, feed commands from input.txt file and redirect the output to the ACTUAL.TXT","lastModifiedDate":"2020-05-25","isFullCredit":false},{"lineNumber":23,"author":{"gitId":"Prog-Neuro-Com"},"content":"java -classpath ../bin Yuki \u003c input.txt \u003e ACTUAL.TXT","lastModifiedDate":"2025-01-18","isFullCredit":false},{"lineNumber":24,"author":{"gitId":"-"},"content":"","lastModifiedDate":"2020-05-25","isFullCredit":false},{"lineNumber":25,"author":{"gitId":"-"},"content":"# convert to UNIX format","lastModifiedDate":"2020-05-25","isFullCredit":false},{"lineNumber":26,"author":{"gitId":"-"},"content":"cp EXPECTED.TXT EXPECTED-UNIX.TXT","lastModifiedDate":"2020-05-25","isFullCredit":false},{"lineNumber":27,"author":{"gitId":"-"},"content":"dos2unix ACTUAL.TXT EXPECTED-UNIX.TXT","lastModifiedDate":"2020-05-25","isFullCredit":false},{"lineNumber":28,"author":{"gitId":"-"},"content":"","lastModifiedDate":"2020-05-25","isFullCredit":false},{"lineNumber":29,"author":{"gitId":"-"},"content":"# compare the output to the expected output","lastModifiedDate":"2020-05-25","isFullCredit":false},{"lineNumber":30,"author":{"gitId":"-"},"content":"diff ACTUAL.TXT EXPECTED-UNIX.TXT","lastModifiedDate":"2020-05-25","isFullCredit":false},{"lineNumber":31,"author":{"gitId":"-"},"content":"if [ $? -eq 0 ]","lastModifiedDate":"2020-05-25","isFullCredit":false},{"lineNumber":32,"author":{"gitId":"-"},"content":"then","lastModifiedDate":"2020-05-25","isFullCredit":false},{"lineNumber":33,"author":{"gitId":"-"},"content":"    echo \"Test result: PASSED\"","lastModifiedDate":"2020-05-25","isFullCredit":false},{"lineNumber":34,"author":{"gitId":"-"},"content":"    exit 0","lastModifiedDate":"2020-05-25","isFullCredit":false},{"lineNumber":35,"author":{"gitId":"-"},"content":"else","lastModifiedDate":"2020-05-25","isFullCredit":false},{"lineNumber":36,"author":{"gitId":"-"},"content":"    echo \"Test result: FAILED\"","lastModifiedDate":"2020-05-25","isFullCredit":false},{"lineNumber":37,"author":{"gitId":"-"},"content":"    exit 1","lastModifiedDate":"2020-05-25","isFullCredit":false},{"lineNumber":38,"author":{"gitId":"-"},"content":"fi","lastModifiedDate":"2020-05-25","isFullCredit":false}],"authorContributionMap":{"Prog-Neuro-Com":1,"-":37}}]
