{"authorDailyContributionsMap":{"Prog-Neuro-Com":[{"date":"2025-01-18","commitResults":[{"hash":"a3b8d3599d39bc075e1295948e06a3989610c6de","isMergeCommit":false,"messageTitle":"level-0","messageBody":"","tags":["Level-1","Level-0"],"fileTypesAndContributionMap":{"java":{"insertions":10,"deletions":0}}},{"hash":"7e8a31664218210c866caebe0facb261cc4d89cd","isMergeCommit":false,"messageTitle":"level-1","messageBody":"","fileTypesAndContributionMap":{"java":{"insertions":15,"deletions":11}}},{"hash":"d36267f159d14e4766d9b4160ad8e2b06cd71a36","isMergeCommit":false,"messageTitle":"level-2","messageBody":"","tags":["Level-2"],"fileTypesAndContributionMap":{"java":{"insertions":29,"deletions":1}}},{"hash":"8de6f92f6b6590c177eb7ca7ceae10ffd2fee309","isMergeCommit":false,"messageTitle":"level-3","messageBody":"","tags":["Level-3"],"fileTypesAndContributionMap":{"java":{"insertions":43,"deletions":15}}},{"hash":"89bdc9e0fff81d3b058d60b9a8064f3aa06c70ae","isMergeCommit":false,"messageTitle":"level-4","messageBody":"","tags":["Level-4"],"fileTypesAndContributionMap":{"java":{"insertions":56,"deletions":4}}},{"hash":"823e14f2c1623f1c51804a683bf4fe3069c523a1","isMergeCommit":false,"messageTitle":"A-TextUiTesting","messageBody":"","tags":["A-TextUiTesting"],"fileTypesAndContributionMap":{"sh":{"insertions":1,"deletions":1}}},{"hash":"7e6f7e50540bdc6086ef6f65e68ebea0597952f3","isMergeCommit":false,"messageTitle":"Level-5","messageBody":"","tags":["Level-5"],"fileTypesAndContributionMap":{"java":{"insertions":102,"deletions":18}}},{"hash":"d70c6adaed4379c2e02bcea048770bb95107d7ea","isMergeCommit":false,"messageTitle":"level-6","messageBody":"","tags":["Level-6"],"fileTypesAndContributionMap":{"java":{"insertions":36,"deletions":13}}}]},{"date":"2025-01-26","commitResults":[{"hash":"9c1a45abc87cd04ef298c7bb658f8b1061f70f89","isMergeCommit":false,"messageTitle":"branch-level-7","messageBody":"","fileTypesAndContributionMap":{"txt":{"insertions":0,"deletions":0}}},{"hash":"1b7ed182475720cb5cf5cfd915da4e58572f408c","isMergeCommit":false,"messageTitle":"branch-level-7","messageBody":"","fileTypesAndContributionMap":{"txt":{"insertions":5,"deletions":0},"java":{"insertions":210,"deletions":155}}},{"hash":"cf3c97cfc210e4d947b80aa31c8d1065a1f94131","isMergeCommit":true,"messageTitle":"Merge branch \u0027branch-Level-7\u0027 merge file io into master branch.","messageBody":"","tags":["Level-7"],"fileTypesAndContributionMap":{}},{"hash":"7603d32d72127174146a45ed14c147f8c419b874","isMergeCommit":false,"messageTitle":"branch-level-8","messageBody":"","tags":["Level-8"],"fileTypesAndContributionMap":{"txt":{"insertions":3,"deletions":3},"java":{"insertions":18,"deletions":5}}},{"hash":"37ef07c60cc624d66c43d6a915a04e5bf8da5514","isMergeCommit":true,"messageTitle":"Merge branch \u0027branch-Level-8\u0027 adding Date and Time function to Yuki.","messageBody":"","fileTypesAndContributionMap":{}}]},{"date":"2025-01-30","commitResults":[{"hash":"9d3acdf3559b14fd504baa08944bf28e75067b7b","isMergeCommit":false,"messageTitle":"A-MoreOOP","messageBody":"","fileTypesAndContributionMap":{"java":{"insertions":360,"deletions":205}}},{"hash":"a284c02fb3248387e983e650d8e0625382f31354","isMergeCommit":false,"messageTitle":"A-MoreOOP","messageBody":"","tags":["A-MoreOOP"],"fileTypesAndContributionMap":{"txt":{"insertions":2,"deletions":3},"java":{"insertions":21,"deletions":34}}},{"hash":"426c3e472d9c7195cdd2969df265efe3c11a86de","isMergeCommit":true,"messageTitle":"Merge tag \u0027A-MoreOOP\u0027 Implement A-MoreOOP","messageBody":"","fileTypesAndContributionMap":{}},{"hash":"8ff6387aa30d7eff4f3d892426c5e609d1c5bbb3","isMergeCommit":false,"messageTitle":"A-Packages","messageBody":"","fileTypesAndContributionMap":{"java":{"insertions":90,"deletions":4}}},{"hash":"c2a0bf779620fb9bd11b52279f96c29fff7fee1d","isMergeCommit":true,"messageTitle":"Merge branch \u0027A-Packages\u0027 Implement A-Packages","messageBody":"","tags":["A-Packages"],"fileTypesAndContributionMap":{}},{"hash":"12d1de5223040ec23473c932d5f1114ca60790bc","isMergeCommit":true,"messageTitle":"Merge branch \u0027add-gradle-support\u0027 Add gradle support.","messageBody":"","tags":["add-gradle-support"],"fileTypesAndContributionMap":{}},{"hash":"fcceb8a1ed6925114db3af64404de58ac40221f7","isMergeCommit":false,"messageTitle":"Modified buil.gradle","messageBody":"","fileTypesAndContributionMap":{"gradle":{"insertions":2,"deletions":2}}},{"hash":"858701a5b0a0b2087a94ce79f6587140e81d6caf","isMergeCommit":false,"messageTitle":"J-JUnit","messageBody":"","fileTypesAndContributionMap":{"java":{"insertions":30,"deletions":0}}},{"hash":"3b7413092dfecae9eec4952d1e4cd808025422ea","isMergeCommit":true,"messageTitle":"Merge branch \u0027A-JUnit\u0027","messageBody":"","tags":["A-Jar","A-JUnit"],"fileTypesAndContributionMap":{}},{"hash":"39a022c7d7b34554bbba649b3af19571269f0d93","isMergeCommit":false,"messageTitle":"A-JavaDoc","messageBody":"","fileTypesAndContributionMap":{"java":{"insertions":93,"deletions":4}}},{"hash":"300e13a456a638b110b9b02dee9da2b9300409b5","isMergeCommit":false,"messageTitle":"Level-9","messageBody":"","fileTypesAndContributionMap":{"java":{"insertions":16,"deletions":1}}},{"hash":"c5a34a08f8945bd08e5b49e4421f1f6a1bbae5b5","isMergeCommit":true,"messageTitle":"Merge branch \u0027A-CodingStandard\u0027","messageBody":"","tags":["A-CodingStandard"],"fileTypesAndContributionMap":{}},{"hash":"478ebfedb7706233fa553377f57e7895eda5cc1f","isMergeCommit":true,"messageTitle":"Merge branch \u0027branch-Level-9\u0027","messageBody":"","tags":["Level-9","A-JavaDoc"],"fileTypesAndContributionMap":{}}]},{"date":"2025-02-08","commitResults":[{"hash":"fee5dff5e843741109ddb29dfa1740d4d7ab7ef4","isMergeCommit":false,"messageTitle":"adding checkstyle","messageBody":"","fileTypesAndContributionMap":{"gradle":{"insertions":5,"deletions":0}}},{"hash":"bb3a6bd918f0f4a116b61139760fe71102376e76","isMergeCommit":true,"messageTitle":"Merge branch \u0027A-Checkstyle\u0027 merge A-Checkstyle","messageBody":"","tags":["A-CheckStyle"],"fileTypesAndContributionMap":{}}]},{"date":"2025-02-09","commitResults":[{"hash":"987eaf750f565b4debac800ff5d1b7f4e47392be","isMergeCommit":false,"messageTitle":"Level-10","messageBody":"","fileTypesAndContributionMap":{"gradle":{"insertions":1,"deletions":1},"txt":{"insertions":1,"deletions":0},"fxml":{"insertions":66,"deletions":0},"java":{"insertions":250,"deletions":73}}},{"hash":"7a3f6e3d02fbbf5519b01a8fb726575fc8ce8c37","isMergeCommit":true,"messageTitle":"Merge branch \u0027Level-10\u0027 merge branch-level-10 to add JavaFX feature","messageBody":"","tags":["Level-10"],"fileTypesAndContributionMap":{}}]}]},"authorFileTypeContributionMap":{"Prog-Neuro-Com":{"java":846,"md":0,"fxml":66,"sh":1,"bat":0,"gradle":7,"txt":5}},"authorContributionVariance":{"Prog-Neuro-Com":34168.984},"authorDisplayNameMap":{"Prog-Neuro-Com":"CS2103T-F14-3 LI D..OXIN"}}
