{"authorDailyContributionsMap":{"boinkkitty":[{"date":"2025-01-24","commitResults":[{"hash":"473be4ce5e1a2de381fbdad4c6761bc6203ca8f3","isMergeCommit":false,"messageTitle":"Rename, Greet, Exit","messageBody":"","tags":["Level-0"],"fileTypesAndContributionMap":{"java":{"insertions":8,"deletions":10}}},{"hash":"3f16631d9986592221bd84f10b8f6410543aa736","isMergeCommit":false,"messageTitle":"Echo","messageBody":"","tags":["Level-1"],"fileTypesAndContributionMap":{"java":{"insertions":18,"deletions":2}}},{"hash":"53f96d525ea51661878bea2cd595bd1872616af2","isMergeCommit":false,"messageTitle":"Add, List","messageBody":"","tags":["Level-2"],"fileTypesAndContributionMap":{"java":{"insertions":10,"deletions":3}}},{"hash":"c97e5fbd2dad3844b07ef57321d8dd056d75e53f","isMergeCommit":false,"messageTitle":"Mark as Done","messageBody":"","tags":["Level-3"],"fileTypesAndContributionMap":{"java":{"insertions":43,"deletions":4}}},{"hash":"b6897152e55e04623dfa57f1aecbb481af2f0047","isMergeCommit":false,"messageTitle":"ToDo, Deadline, Event","messageBody":"","tags":["Level-4"],"fileTypesAndContributionMap":{"java":{"insertions":71,"deletions":11}}},{"hash":"e22cf714c545f59ce92a0a6d6600bfe463e97406","isMergeCommit":false,"messageTitle":"Automated Text UI Testing","messageBody":"","tags":["A-TextUiTesting"],"fileTypesAndContributionMap":{"txt":{"insertions":9,"deletions":0},"java":{"insertions":4,"deletions":4},"bat":{"insertions":1,"deletions":1},"sh":{"insertions":1,"deletions":1}}},{"hash":"9f1af2e55fad2ee52ae42c2fa72d6979ad688ee7","isMergeCommit":false,"messageTitle":"Exception Handling","messageBody":"","tags":["Level-5"],"fileTypesAndContributionMap":{"java":{"insertions":44,"deletions":21}}},{"hash":"def7fb7f9114a2baa90ee1069b759c22dea9ebb6","isMergeCommit":false,"messageTitle":"Delete function","messageBody":"","tags":["Level-6"],"fileTypesAndContributionMap":{"java":{"insertions":7,"deletions":0}}}]},{"date":"2025-02-03","commitResults":[{"hash":"35989f4875c802525c361c90e6360a8e5c6e965d","isMergeCommit":false,"messageTitle":"Add TaskList.java with load, save and task methods","messageBody":"","tags":["Level-7"],"fileTypesAndContributionMap":{"java":{"insertions":158,"deletions":23}}},{"hash":"706835208878b21613e9d9d8119047a1abbbb8fa","isMergeCommit":false,"messageTitle":"Add documentation for Task subclass methods","messageBody":"","fileTypesAndContributionMap":{"java":{"insertions":35,"deletions":1}}},{"hash":"8efeabaac26062bbbb2873cedff6d56c068421e4","isMergeCommit":false,"messageTitle":"Add documentation for TaskList methods","messageBody":"","fileTypesAndContributionMap":{"java":{"insertions":28,"deletions":1}}},{"hash":"a0b40c33b76f2d68f4a895cff8ba51f9538fa40c","isMergeCommit":false,"messageTitle":"Rename ToDo class to ToDoTask","messageBody":"","fileTypesAndContributionMap":{"java":{"insertions":4,"deletions":4}}},{"hash":"631b1ee7058dd94cd7d693698ec7fe4cc2f7b378","isMergeCommit":false,"messageTitle":"Add parsing of date and time as objects","messageBody":"","tags":["Level-8"],"fileTypesAndContributionMap":{"java":{"insertions":148,"deletions":44}}}]},{"date":"2025-02-06","commitResults":[{"hash":"179be9ccf44da203285f27fa3a9d6cdef2b65ec3","isMergeCommit":false,"messageTitle":"Refactor and extract classes to Storage, Ui, Parser, Command","messageBody":"","tags":["A-Packages","A-MoreOOP"],"fileTypesAndContributionMap":{"java":{"insertions":416,"deletions":160}}},{"hash":"4fabef5a26be00fe19abe42682336805c4088a3f","isMergeCommit":true,"messageTitle":"Merge branch \u0027add-gradle-support\u0027 of https://github.com/boinkkitty/ip","messageBody":"","fileTypesAndContributionMap":{}}]},{"date":"2025-02-07","commitResults":[{"hash":"0c6a9967e276ccbd5919651b85e5407872739c02","isMergeCommit":false,"messageTitle":"Add Gradle support","messageBody":"","tags":["A-Gradle"],"fileTypesAndContributionMap":{"gradle":{"insertions":2,"deletions":2},"txt":{"insertions":5,"deletions":0},"java":{"insertions":66,"deletions":15}}},{"hash":"612229829d75043e6cc172db4197dfef4c5cfefd","isMergeCommit":false,"messageTitle":"Add JUnit Testing for Parser and TaskList","messageBody":"","tags":["A-JUnit"],"fileTypesAndContributionMap":{"java":{"insertions":65,"deletions":4}}},{"hash":"0b8413d847d35c54d3b22cb8621be0a23e35aeed","isMergeCommit":false,"messageTitle":"Package App as JAR file","messageBody":"","tags":["A-Jar"],"fileTypesAndContributionMap":{"gradle":{"insertions":1,"deletions":0}}},{"hash":"6206daba170eb97ea6fcdcf3f0073bcaa615424d","isMergeCommit":false,"messageTitle":"Add JavaDoc for main classes","messageBody":"","fileTypesAndContributionMap":{"java":{"insertions":112,"deletions":12}}},{"hash":"f72b1c4798f43fae3e4948a0781bd76b709f6606","isMergeCommit":false,"messageTitle":"Tweak code to comply with coding standard","messageBody":"","fileTypesAndContributionMap":{"java":{"insertions":4,"deletions":4}}},{"hash":"8c360466a03f93628d7174af5c316b59baece344","isMergeCommit":true,"messageTitle":"Merge branch \u0027branch-CodingStandard\u0027","messageBody":"","tags":["A-JavaDoc","A-CodingStandard"],"fileTypesAndContributionMap":{}},{"hash":"67a9805da6994f2d9a4a43d48c40d1421fb9abc5","isMergeCommit":false,"messageTitle":"Add find command to tasklist","messageBody":"","tags":["Level-9"],"fileTypesAndContributionMap":{"java":{"insertions":55,"deletions":0}}},{"hash":"ab12e33b20bfdf75154d9a7d0c48817bf570d601","isMergeCommit":false,"messageTitle":"Implement checkStyle and rectify coding style violations","messageBody":"","tags":["A-CheckStyle"],"fileTypesAndContributionMap":{"gradle":{"insertions":5,"deletions":0},"txt":{"insertions":2,"deletions":0},"java":{"insertions":34,"deletions":28}}}]}]},"authorFileTypeContributionMap":{"boinkkitty":{"java":989,"md":0,"fxml":0,"sh":1,"bat":1,"gradle":8,"txt":16}},"authorContributionVariance":{"boinkkitty":23356.139},"authorDisplayNameMap":{"boinkkitty":"CS2103-F15-2 DARY.. WEN"}}
