{"authorDailyContributionsMap":{"Nano-233":[{"date":"2025-01-22","commitResults":[{"hash":"0ffa90b4f4aebe7646195bcc88df9d62bd229672","isMergeCommit":false,"messageTitle":"Renamed chatbot to Luna and added skeletal code","messageBody":"- Added greeting and exit message and ASCII art for Luna.\n","tags":["Level-0"],"fileTypesAndContributionMap":{"java":{"insertions":12,"deletions":10}}},{"hash":"7135d5862a4a1c557b8d4309143fe6532fe33b83","isMergeCommit":false,"messageTitle":"Added basic input-output for Luna chatbot","messageBody":"- Echos user input\n- Loop to accept user input until \"bye\".\n","tags":["Level-1"],"fileTypesAndContributionMap":{"java":{"insertions":16,"deletions":1}}},{"hash":"fcb1d2dfd85f403fedf8fa9b8b68638cfa6c9144","isMergeCommit":false,"messageTitle":"Added task management feature to Luna chatbot","messageBody":"- Users can add tasks to a list.\n- Implemented \"list\" command to display all tasks.\n","tags":["Level-2"],"fileTypesAndContributionMap":{"java":{"insertions":20,"deletions":2}}},{"hash":"155c3b8dfb6feb2203553027821ef9cc55eec4c5","isMergeCommit":false,"messageTitle":"Added functionality to mark and unmark tasks in Luna chatbot","messageBody":"- Implemented the \"mark \u003ctask_number\u003e\" command to mark tasks as done.\n- Implemented the \"unmark \u003ctask_number\u003e\" command to mark tasks as not done.\n- Enhanced the task list to display completion status with [X] or [ ].\n- Ensured input validation for task numbers.\n","tags":["Level-3"],"fileTypesAndContributionMap":{"java":{"insertions":26,"deletions":2}}},{"hash":"dce508d12885179874058183ea26338ab5f9eb60","isMergeCommit":false,"messageTitle":"Refactored Luna chatbot to use a Task class for better structure","messageBody":"- Replaced separate arrays for tasks and statuses with a Task class.\n- Added `mark()` and `unmark()` methods in the Task class to manage task states.\n- Simplified task handling logic using the Task class.\n","tags":["A-Classes"],"fileTypesAndContributionMap":{"java":{"insertions":32,"deletions":9}}},{"hash":"05febdaf1442c060f3616794208a44ba8ad226f4","isMergeCommit":false,"messageTitle":"Added support for Todo, Deadline, and Event tasks in Luna chatbot","messageBody":"- Implemented Todo, Deadline, and Event classes which extends from the Task class.\n- Updated list command to display task types and relevant details.\n","tags":["Level-4"],"fileTypesAndContributionMap":{"java":{"insertions":68,"deletions":3}}},{"hash":"1de2c7a62233bd76ae27a6b79510e17f2c99653e","isMergeCommit":false,"messageTitle":"Added Automated Text UI Testing For Luna","messageBody":"- Implemented a script to automate Text UI testing for the Luna chatbot.\n- Adjusted ASCII art for compatibility across platforms.\n- Improved test script to be more intuitive.\n","tags":["A-TextUiTesting"],"fileTypesAndContributionMap":{"txt":{"insertions":9,"deletions":0},"java":{"insertions":7,"deletions":6},"bat":{"insertions":10,"deletions":3}}},{"hash":"a0c56deccc0d2ee7717a59d32de6d82189773631","isMergeCommit":false,"messageTitle":"Added comprehensive error handling and updated Text UI testing","messageBody":"- Added error handling for invalid or partially correct commands.\n- Updated the test cases to fit the new error handling system.\n","tags":["Level-5"],"fileTypesAndContributionMap":{"txt":{"insertions":9,"deletions":4},"java":{"insertions":75,"deletions":54}}},{"hash":"0fea0913a6a922226967a3c974c680743f7aaede","isMergeCommit":false,"messageTitle":"Added the delete command to Luna","messageBody":"- Added the ability to delete a task.\n- Now uses arraylist instead of normal array.\n","tags":["Level-6"],"fileTypesAndContributionMap":{"java":{"insertions":46,"deletions":27}}},{"hash":"c1c048a2eebb55ab365f9b88f60ad5231a632e0f","isMergeCommit":false,"messageTitle":"Added ErrorType enum and updated test cases","messageBody":"- Introduced ErrorType enum to streamline error handling and improve code readability.\n- Updated input and expected test cases to include scenarios for `delete` functionality and error handling.\n- Ensured all commands (e.g., `todo`, `deadline`, `event`, `mark`, `unmark`, `delete`) produce consistent error messages for invalid inputs or formats.\n","tags":["A-Enums"],"fileTypesAndContributionMap":{"txt":{"insertions":3,"deletions":0},"java":{"insertions":32,"deletions":14}}}]},{"date":"2025-01-29","commitResults":[{"hash":"b671f8d703dae426acc622c98f605e8bf8ce2c27","isMergeCommit":false,"messageTitle":"Add file read/write functionality for task persistence","messageBody":"- Save tasks to `data/Luna.txt` whenever changes occur\n- Load tasks from file on startup to maintain persistence\n- Handle missing or corrupted files gracefully\n","fileTypesAndContributionMap":{"txt":{"insertions":2,"deletions":0},"java":{"insertions":95,"deletions":8}}}]},{"date":"2025-01-30","commitResults":[{"hash":"fa6141685af1b7a57cca688ff9c2ef1501bfed1c","isMergeCommit":true,"messageTitle":"Merge branch \u0027branch-Level-7\u0027","messageBody":"","tags":["Level-7"],"fileTypesAndContributionMap":{}},{"hash":"a12909c9c5c108e8422596c7fc0e9515e3ca6015","isMergeCommit":false,"messageTitle":"Add date-time handling and validation for deadlines and events","messageBody":"- Implement `LocalDate` for proper date parsing and formatting.\n- Update `Deadline` and `Event` classes to use date objects instead of raw strings\n- Ensure input validation for date formats, rejecting incorrectly formatted dates\n- Improve error handling to gracefully handle invalid or corrupted date inputs\n- Update file storage format to correctly save and load dates\n","fileTypesAndContributionMap":{"txt":{"insertions":0,"deletions":2},"java":{"insertions":355,"deletions":283}}},{"hash":"9d92dc322fbd4577f8e47d7c9532f58f9ffaff28","isMergeCommit":true,"messageTitle":"Merge branch \u0027branch-Level-8\u0027","messageBody":"","tags":["Level-8"],"fileTypesAndContributionMap":{}},{"hash":"81c53507592643ef81d68c7c51762158c6ea4686","isMergeCommit":false,"messageTitle":"Refactor code to improve OOP structure","messageBody":"Luna.java very messy. Minimal OOP practice\n\nCommands have common behaviours, classes are hard reads\n\nLet\u0027s refactor code to improve oop structure and readability:\n- Separate classes for each command inheriting from a common superclass\n- Use classes to execute behaviours where possible\n\nOOP is preferable here to ensure good maintainability, readability and\nexetensibility\n","fileTypesAndContributionMap":{"txt":{"insertions":0,"deletions":0},"java":{"insertions":340,"deletions":148}}},{"hash":"256096264379b234ca54a637db53eb4a95442965","isMergeCommit":true,"messageTitle":"Merge branch \u0027branch-A-MoreOOP\u0027","messageBody":"","tags":["A-MoreOOP"],"fileTypesAndContributionMap":{}}]},{"date":"2025-01-31","commitResults":[{"hash":"c8e172c6f2995f427cbd95cf6540bec08aa9d84f","isMergeCommit":false,"messageTitle":"Refactor project structure by organizing classes into packages","messageBody":"All classes are in a single `java` directory, hard to manage\n\nLet\u0027s group related classes into structured packages:\n- `luna.command` for command-related classes\n- `luna.storage` for file handling\n- `luna.task` for task-related classes\n- `luna.ui` for UI interactions\n- `luna` for the main logic classes\n- Add delete all command for convenience\n\nThis improves code maintainability, modularity, and scalability\n\nTest files and paths are updated to reflect the new structure.\n","fileTypesAndContributionMap":{"txt":{"insertions":29,"deletions":17},"java":{"insertions":136,"deletions":76},"bat":{"insertions":28,"deletions":28}}},{"hash":"4ff4cd863189cbb6771774840dc2065d532c8aee","isMergeCommit":true,"messageTitle":"Merge branch \u0027branch-A-Packages\u0027","messageBody":"","tags":["A-Packages"],"fileTypesAndContributionMap":{}},{"hash":"657c92e6f1a8764650e6417f7a06d45a98543971","isMergeCommit":true,"messageTitle":"Merge branch \u0027add-gradle-support\u0027","messageBody":"","fileTypesAndContributionMap":{}},{"hash":"77606d0c61d96620e3b88ed9222e89ba6065b48f","isMergeCommit":false,"messageTitle":"Integrate gradle","messageBody":"Repetitive tasks present such as testing and building\n\nLet\u0027s implement gradle:\n- Automate the building and testing processes\n- Check coding style\n\nUsing gradle ensures increased efficiency and automation\n","fileTypesAndContributionMap":{"gradle":{"insertions":8,"deletions":3},"java":{"insertions":449,"deletions":434}}},{"hash":"fa850c68ec9b73f66f17701f802e98ed9c2fb56c","isMergeCommit":true,"messageTitle":"Merge branch \u0027branch-A-Gradle\u0027","messageBody":"","tags":["A-Gradle"],"fileTypesAndContributionMap":{}},{"hash":"bd8ccd564bd9c9634f0f8d2b1e9c5cec3e84a4d3","isMergeCommit":false,"messageTitle":"Add JUnit tests","messageBody":"Manual testing done by hand\n\nLet\u0027s use JUnit to automate the testing process\n\nUsing JUnit allows for simpler streamlined testing\n","fileTypesAndContributionMap":{"java":{"insertions":99,"deletions":0}}},{"hash":"f67c62d0137b258f081daaaf05b772f23f54d884","isMergeCommit":true,"messageTitle":"Merge branch \u0027branch-A-JUnit\u0027","messageBody":"","tags":["A-Jar","A-JUnit"],"fileTypesAndContributionMap":{}},{"hash":"464668a1dca71d64dde847456406c866007f29c5","isMergeCommit":false,"messageTitle":"Add Javadoc comments to improve code documentation","messageBody":"The code is lacking Javadoc comments, making it more confusing\n\nAdd Javadoc comments to all non-private classes and methods\n\nThis improves maintainability and readability by providing structured documentation for each method and class.\n","fileTypesAndContributionMap":{"java":{"insertions":503,"deletions":36}}},{"hash":"4882db6ba0002e4e27aea343de960e2d7b6204a3","isMergeCommit":false,"messageTitle":"Improve code to match coding standards","messageBody":"Some parts of the code do not fully adhere to the required coding standards\n\nLet\u0027s refactor code to follow proper indentation, line wrapping, etc\n\nEnsures better readability, maintainability, and compliance\nwith standard coding practices.\n","fileTypesAndContributionMap":{"java":{"insertions":33,"deletions":18}}},{"hash":"eed595e32cadc9e22e70530ae2152fd4565e1c61","isMergeCommit":false,"messageTitle":"Add find command","messageBody":"No quick way of finding specific tasks if too many\n\nLet\u0027s:\n- Add a command to find tasks using a keyword\n- Add a method to get task description for easier search\n\nThese changes allows for quick searches to find the desired task(s).\n","fileTypesAndContributionMap":{"java":{"insertions":93,"deletions":0}}},{"hash":"a3c185886e4a7f47d0817ae3ae02cc1e4a8cdec4","isMergeCommit":true,"messageTitle":"Merge branch \u0027branch-A-JavaDoc\u0027","messageBody":"","tags":["A-JavaDoc"],"fileTypesAndContributionMap":{}},{"hash":"6ab1e9b7e3e714bbb377ec4d04b2f79515b056c7","isMergeCommit":true,"messageTitle":"Merge branch-A-CodingStandard into master with resolved conflicts","messageBody":"","tags":["A-CodingStandard"],"fileTypesAndContributionMap":{}},{"hash":"9bd4428df3578c856fd63e21ae0d11fd56d90626","isMergeCommit":true,"messageTitle":"Merge branch-Level-9 into master with resolved conflicts","messageBody":"","tags":["Level-9"],"fileTypesAndContributionMap":{}}]}]},"authorFileTypeContributionMap":{"Nano-233":{"java":1302,"md":0,"fxml":0,"sh":0,"bat":15,"gradle":7,"txt":29}},"authorContributionVariance":{"Nano-233":221067.06},"authorDisplayNameMap":{"Nano-233":"CS2103T-W12-4 WANG..BOUR"}}
