{"authorDailyContributionsMap":{"Nano-233":[{"date":"2025-01-22","commitResults":[{"hash":"0ffa90b4f4aebe7646195bcc88df9d62bd229672","isMergeCommit":false,"messageTitle":"Renamed chatbot to Luna and added skeletal code","messageBody":"- Added greeting and exit message and ASCII art for Luna.\n","tags":["Level-0"],"fileTypesAndContributionMap":{"java":{"insertions":12,"deletions":10}}},{"hash":"7135d5862a4a1c557b8d4309143fe6532fe33b83","isMergeCommit":false,"messageTitle":"Added basic input-output for Luna chatbot","messageBody":"- Echos user input\n- Loop to accept user input until \"bye\".\n","tags":["Level-1"],"fileTypesAndContributionMap":{"java":{"insertions":16,"deletions":1}}},{"hash":"fcb1d2dfd85f403fedf8fa9b8b68638cfa6c9144","isMergeCommit":false,"messageTitle":"Added task management feature to Luna chatbot","messageBody":"- Users can add tasks to a list.\n- Implemented \"list\" command to display all tasks.\n","tags":["Level-2"],"fileTypesAndContributionMap":{"java":{"insertions":20,"deletions":2}}},{"hash":"155c3b8dfb6feb2203553027821ef9cc55eec4c5","isMergeCommit":false,"messageTitle":"Added functionality to mark and unmark tasks in Luna chatbot","messageBody":"- Implemented the \"mark \u003ctask_number\u003e\" command to mark tasks as done.\n- Implemented the \"unmark \u003ctask_number\u003e\" command to mark tasks as not done.\n- Enhanced the task list to display completion status with [X] or [ ].\n- Ensured input validation for task numbers.\n","tags":["Level-3"],"fileTypesAndContributionMap":{"java":{"insertions":26,"deletions":2}}},{"hash":"dce508d12885179874058183ea26338ab5f9eb60","isMergeCommit":false,"messageTitle":"Refactored Luna chatbot to use a Task class for better structure","messageBody":"- Replaced separate arrays for tasks and statuses with a Task class.\n- Added `mark()` and `unmark()` methods in the Task class to manage task states.\n- Simplified task handling logic using the Task class.\n","tags":["A-Classes"],"fileTypesAndContributionMap":{"java":{"insertions":32,"deletions":9}}},{"hash":"05febdaf1442c060f3616794208a44ba8ad226f4","isMergeCommit":false,"messageTitle":"Added support for Todo, Deadline, and Event tasks in Luna chatbot","messageBody":"- Implemented Todo, Deadline, and Event classes which extends from the Task class.\n- Updated list command to display task types and relevant details.\n","tags":["Level-4"],"fileTypesAndContributionMap":{"java":{"insertions":68,"deletions":3}}},{"hash":"1de2c7a62233bd76ae27a6b79510e17f2c99653e","isMergeCommit":false,"messageTitle":"Added Automated Text UI Testing For Luna","messageBody":"- Implemented a script to automate Text UI testing for the Luna chatbot.\n- Adjusted ASCII art for compatibility across platforms.\n- Improved test script to be more intuitive.\n","tags":["A-TextUiTesting"],"fileTypesAndContributionMap":{"txt":{"insertions":9,"deletions":0},"java":{"insertions":7,"deletions":6},"bat":{"insertions":10,"deletions":3}}},{"hash":"a0c56deccc0d2ee7717a59d32de6d82189773631","isMergeCommit":false,"messageTitle":"Added comprehensive error handling and updated Text UI testing","messageBody":"- Added error handling for invalid or partially correct commands.\n- Updated the test cases to fit the new error handling system.\n","tags":["Level-5"],"fileTypesAndContributionMap":{"txt":{"insertions":9,"deletions":4},"java":{"insertions":75,"deletions":54}}},{"hash":"0fea0913a6a922226967a3c974c680743f7aaede","isMergeCommit":false,"messageTitle":"Added the delete command to Luna","messageBody":"- Added the ability to delete a task.\n- Now uses arraylist instead of normal array.\n","tags":["Level-6"],"fileTypesAndContributionMap":{"java":{"insertions":46,"deletions":27}}},{"hash":"c1c048a2eebb55ab365f9b88f60ad5231a632e0f","isMergeCommit":false,"messageTitle":"Added ErrorType enum and updated test cases","messageBody":"- Introduced ErrorType enum to streamline error handling and improve code readability.\n- Updated input and expected test cases to include scenarios for `delete` functionality and error handling.\n- Ensured all commands (e.g., `todo`, `deadline`, `event`, `mark`, `unmark`, `delete`) produce consistent error messages for invalid inputs or formats.\n","tags":["A-Enums"],"fileTypesAndContributionMap":{"txt":{"insertions":3,"deletions":0},"java":{"insertions":32,"deletions":14}}}]},{"date":"2025-01-29","commitResults":[{"hash":"b671f8d703dae426acc622c98f605e8bf8ce2c27","isMergeCommit":false,"messageTitle":"Add file read/write functionality for task persistence","messageBody":"- Save tasks to `data/Luna.txt` whenever changes occur\n- Load tasks from file on startup to maintain persistence\n- Handle missing or corrupted files gracefully\n","fileTypesAndContributionMap":{"txt":{"insertions":2,"deletions":0},"java":{"insertions":95,"deletions":8}}}]},{"date":"2025-01-30","commitResults":[{"hash":"fa6141685af1b7a57cca688ff9c2ef1501bfed1c","isMergeCommit":true,"messageTitle":"Merge branch \u0027branch-Level-7\u0027","messageBody":"","tags":["Level-7"],"fileTypesAndContributionMap":{}},{"hash":"a12909c9c5c108e8422596c7fc0e9515e3ca6015","isMergeCommit":false,"messageTitle":"Add date-time handling and validation for deadlines and events","messageBody":"- Implement `LocalDate` for proper date parsing and formatting.\n- Update `Deadline` and `Event` classes to use date objects instead of raw strings\n- Ensure input validation for date formats, rejecting incorrectly formatted dates\n- Improve error handling to gracefully handle invalid or corrupted date inputs\n- Update file storage format to correctly save and load dates\n","fileTypesAndContributionMap":{"txt":{"insertions":0,"deletions":2},"java":{"insertions":355,"deletions":283}}},{"hash":"9d92dc322fbd4577f8e47d7c9532f58f9ffaff28","isMergeCommit":true,"messageTitle":"Merge branch \u0027branch-Level-8\u0027","messageBody":"","tags":["Level-8"],"fileTypesAndContributionMap":{}}]}]},"authorFileTypeContributionMap":{"Nano-233":{"java":375,"md":0,"fxml":0,"sh":0,"bat":9,"gradle":0,"txt":17}},"authorContributionVariance":{"Nano-233":28419.729},"authorDisplayNameMap":{"Nano-233":"CS2103T-W12-4 WANG..BOUR"}}
