[{"path":"README.md","fileType":"md","lines":[{"lineNumber":1,"author":{"gitId":"SahanaAvantika"},"content":"# Ben project template","lastModifiedDate":"2025-01-23","isFullCredit":false},{"lineNumber":2,"author":{"gitId":"-"},"content":"","lastModifiedDate":"2020-05-25","isFullCredit":false},{"lineNumber":3,"author":{"gitId":"-"},"content":"This is a project template for a greenfield Java project. It\u0027s named after the Java mascot _Duke_. Given below are instructions on how to use it.","lastModifiedDate":"2020-05-25","isFullCredit":false},{"lineNumber":4,"author":{"gitId":"-"},"content":"","lastModifiedDate":"2020-05-25","isFullCredit":false},{"lineNumber":5,"author":{"gitId":"-"},"content":"## Setting up in Intellij","lastModifiedDate":"2020-05-25","isFullCredit":false},{"lineNumber":6,"author":{"gitId":"-"},"content":"","lastModifiedDate":"2020-05-25","isFullCredit":false},{"lineNumber":7,"author":{"gitId":"-"},"content":"Prerequisites: JDK 17, update Intellij to the most recent version.","lastModifiedDate":"2024-07-11","isFullCredit":false},{"lineNumber":8,"author":{"gitId":"-"},"content":"","lastModifiedDate":"2020-05-25","isFullCredit":false},{"lineNumber":9,"author":{"gitId":"-"},"content":"1. Open Intellij (if you are not in the welcome screen, click `File` \u003e `Close Project` to close the existing project first)","lastModifiedDate":"2021-01-17","isFullCredit":false},{"lineNumber":10,"author":{"gitId":"-"},"content":"1. Open the project into Intellij as follows:","lastModifiedDate":"2021-01-17","isFullCredit":false},{"lineNumber":11,"author":{"gitId":"-"},"content":"   1. Click `Open`.","lastModifiedDate":"2021-01-17","isFullCredit":false},{"lineNumber":12,"author":{"gitId":"-"},"content":"   1. Select the project directory, and click `OK`.","lastModifiedDate":"2021-01-17","isFullCredit":false},{"lineNumber":13,"author":{"gitId":"-"},"content":"   1. If there are any further prompts, accept the defaults.","lastModifiedDate":"2020-05-25","isFullCredit":false},{"lineNumber":14,"author":{"gitId":"-"},"content":"1. Configure the project to use **JDK 17** (not other versions) as explained in [here](https://www.jetbrains.com/help/idea/sdk.html#set-up-jdk).\u003cbr\u003e","lastModifiedDate":"2024-07-11","isFullCredit":false},{"lineNumber":15,"author":{"gitId":"-"},"content":"   In the same dialog, set the **Project language level** field to the `SDK default` option.","lastModifiedDate":"2021-07-29","isFullCredit":false},{"lineNumber":16,"author":{"gitId":"SahanaAvantika"},"content":"1. After that, locate the `src/main/java/Ben.java` file, right-click it, and choose `Run Ben.main()` (if the code editor is showing compile errors, try restarting the IDE). If the setup is correct, you should see something like the below as the output:","lastModifiedDate":"2025-01-23","isFullCredit":false},{"lineNumber":17,"author":{"gitId":"-"},"content":"   ```","lastModifiedDate":"2020-05-25","isFullCredit":false},{"lineNumber":18,"author":{"gitId":"-"},"content":"   Hello from","lastModifiedDate":"2020-05-25","isFullCredit":false},{"lineNumber":19,"author":{"gitId":"-"},"content":"    ____        _        ","lastModifiedDate":"2020-05-25","isFullCredit":false},{"lineNumber":20,"author":{"gitId":"-"},"content":"   |  _ \\ _   _| | _____ ","lastModifiedDate":"2020-05-25","isFullCredit":false},{"lineNumber":21,"author":{"gitId":"-"},"content":"   | | | | | | | |/ / _ \\","lastModifiedDate":"2020-05-25","isFullCredit":false},{"lineNumber":22,"author":{"gitId":"-"},"content":"   | |_| | |_| |   \u003c  __/","lastModifiedDate":"2020-05-25","isFullCredit":false},{"lineNumber":23,"author":{"gitId":"-"},"content":"   |____/ \\__,_|_|\\_\\___|","lastModifiedDate":"2020-05-25","isFullCredit":false},{"lineNumber":24,"author":{"gitId":"-"},"content":"   ```","lastModifiedDate":"2020-05-25","isFullCredit":false},{"lineNumber":25,"author":{"gitId":"-"},"content":"","lastModifiedDate":"2025-01-04","isFullCredit":false},{"lineNumber":26,"author":{"gitId":"-"},"content":"**Warning:** Keep the `src\\main\\java` folder as the root folder for Java files (i.e., don\u0027t rename those folders or move Java files to another folder outside of this folder path), as this is the default location some tools (e.g., Gradle) expect to find Java files.","lastModifiedDate":"2025-01-04","isFullCredit":false}],"authorContributionMap":{"SahanaAvantika":2,"-":24}},{"path":"data/ben.txt","fileType":"txt","lines":[{"lineNumber":1,"author":{"gitId":"SahanaAvantika"},"content":"[D][ ] Submit report (by: Mar 15 2025 11:59 pm)","lastModifiedDate":"2025-01-31","isFullCredit":false},{"lineNumber":2,"author":{"gitId":"SahanaAvantika"},"content":"[T][ ] return book","lastModifiedDate":"2025-01-31","isFullCredit":false},{"lineNumber":3,"author":{"gitId":"SahanaAvantika"},"content":"[E][ ] Team meeting (from: Mar 15 2025 02:00 pm to: Mar 15 2025 03:30 pm)","lastModifiedDate":"2025-01-31","isFullCredit":false},{"lineNumber":4,"author":{"gitId":"SahanaAvantika"},"content":"[T][ ] Buy groceries","lastModifiedDate":"2025-01-31","isFullCredit":false},{"lineNumber":5,"author":{"gitId":"SahanaAvantika"},"content":"[D][X] Submit report (by: Mar 15 2025 11:59 pm)","lastModifiedDate":"2025-01-31","isFullCredit":false}],"authorContributionMap":{"SahanaAvantika":5}},{"path":"docs/README.md","fileType":"md","lines":[{"lineNumber":1,"author":{"gitId":"SahanaAvantika"},"content":"# Ben User Guide","lastModifiedDate":"2025-01-23","isFullCredit":false},{"lineNumber":2,"author":{"gitId":"-"},"content":"","lastModifiedDate":"2019-07-29","isFullCredit":false},{"lineNumber":3,"author":{"gitId":"-"},"content":"// Update the title above to match the actual product name","lastModifiedDate":"2024-01-07","isFullCredit":false},{"lineNumber":4,"author":{"gitId":"-"},"content":"","lastModifiedDate":"2019-07-29","isFullCredit":false},{"lineNumber":5,"author":{"gitId":"-"},"content":"// Product screenshot goes here","lastModifiedDate":"2024-01-07","isFullCredit":false},{"lineNumber":6,"author":{"gitId":"-"},"content":"","lastModifiedDate":"2021-07-17","isFullCredit":false},{"lineNumber":7,"author":{"gitId":"-"},"content":"// Product intro goes here","lastModifiedDate":"2024-01-07","isFullCredit":false},{"lineNumber":8,"author":{"gitId":"-"},"content":"","lastModifiedDate":"2021-07-17","isFullCredit":false},{"lineNumber":9,"author":{"gitId":"-"},"content":"## Adding deadlines","lastModifiedDate":"2024-01-07","isFullCredit":false},{"lineNumber":10,"author":{"gitId":"-"},"content":"","lastModifiedDate":"2021-07-17","isFullCredit":false},{"lineNumber":11,"author":{"gitId":"-"},"content":"// Describe the action and its outcome.","lastModifiedDate":"2024-01-07","isFullCredit":false},{"lineNumber":12,"author":{"gitId":"-"},"content":"","lastModifiedDate":"2019-07-29","isFullCredit":false},{"lineNumber":13,"author":{"gitId":"-"},"content":"// Give examples of usage","lastModifiedDate":"2024-01-07","isFullCredit":false},{"lineNumber":14,"author":{"gitId":"-"},"content":"","lastModifiedDate":"2019-07-29","isFullCredit":false},{"lineNumber":15,"author":{"gitId":"-"},"content":"Example: `keyword (optional arguments)`","lastModifiedDate":"2024-01-07","isFullCredit":false},{"lineNumber":16,"author":{"gitId":"-"},"content":"","lastModifiedDate":"2019-07-29","isFullCredit":false},{"lineNumber":17,"author":{"gitId":"-"},"content":"// A description of the expected outcome goes here","lastModifiedDate":"2024-01-07","isFullCredit":false},{"lineNumber":18,"author":{"gitId":"-"},"content":"","lastModifiedDate":"2019-07-29","isFullCredit":false},{"lineNumber":19,"author":{"gitId":"-"},"content":"```","lastModifiedDate":"2024-01-07","isFullCredit":false},{"lineNumber":20,"author":{"gitId":"-"},"content":"expected output","lastModifiedDate":"2024-01-07","isFullCredit":false},{"lineNumber":21,"author":{"gitId":"-"},"content":"```","lastModifiedDate":"2024-01-07","isFullCredit":false},{"lineNumber":22,"author":{"gitId":"-"},"content":"","lastModifiedDate":"2019-07-29","isFullCredit":false},{"lineNumber":23,"author":{"gitId":"-"},"content":"## Feature ABC","lastModifiedDate":"2024-01-07","isFullCredit":false},{"lineNumber":24,"author":{"gitId":"-"},"content":"","lastModifiedDate":"2019-07-29","isFullCredit":false},{"lineNumber":25,"author":{"gitId":"-"},"content":"// Feature details","lastModifiedDate":"2024-01-07","isFullCredit":false},{"lineNumber":26,"author":{"gitId":"-"},"content":"","lastModifiedDate":"2019-07-29","isFullCredit":false},{"lineNumber":27,"author":{"gitId":"-"},"content":"","lastModifiedDate":"2021-07-17","isFullCredit":false},{"lineNumber":28,"author":{"gitId":"-"},"content":"## Feature XYZ","lastModifiedDate":"2024-01-07","isFullCredit":false},{"lineNumber":29,"author":{"gitId":"-"},"content":"","lastModifiedDate":"2024-01-07","isFullCredit":false},{"lineNumber":30,"author":{"gitId":"-"},"content":"// Feature details","lastModifiedDate":"2024-01-07","isFullCredit":false}],"authorContributionMap":{"SahanaAvantika":1,"-":29}},{"path":"src/main/java/AddCommand.java","fileType":"java","lines":[{"lineNumber":1,"author":{"gitId":"SahanaAvantika"},"content":"public class AddCommand extends Commands{","lastModifiedDate":"2025-01-31","isFullCredit":false},{"lineNumber":2,"author":{"gitId":"SahanaAvantika"},"content":"    private Task t;","lastModifiedDate":"2025-01-31","isFullCredit":false},{"lineNumber":3,"author":{"gitId":"SahanaAvantika"},"content":"","lastModifiedDate":"2025-01-31","isFullCredit":false},{"lineNumber":4,"author":{"gitId":"SahanaAvantika"},"content":"    public AddCommand(Task t){","lastModifiedDate":"2025-01-31","isFullCredit":false},{"lineNumber":5,"author":{"gitId":"SahanaAvantika"},"content":"        this.t \u003d t;","lastModifiedDate":"2025-01-31","isFullCredit":false},{"lineNumber":6,"author":{"gitId":"SahanaAvantika"},"content":"    }","lastModifiedDate":"2025-01-31","isFullCredit":false},{"lineNumber":7,"author":{"gitId":"SahanaAvantika"},"content":"","lastModifiedDate":"2025-01-31","isFullCredit":false},{"lineNumber":8,"author":{"gitId":"SahanaAvantika"},"content":"    @Override","lastModifiedDate":"2025-01-31","isFullCredit":false},{"lineNumber":9,"author":{"gitId":"SahanaAvantika"},"content":"    public void execute(TaskList list, Ui ui, Storage storage){","lastModifiedDate":"2025-01-31","isFullCredit":false},{"lineNumber":10,"author":{"gitId":"SahanaAvantika"},"content":"        list.addTask(t);","lastModifiedDate":"2025-01-31","isFullCredit":false},{"lineNumber":11,"author":{"gitId":"SahanaAvantika"},"content":"        ui.addTask(t, list);","lastModifiedDate":"2025-01-31","isFullCredit":false},{"lineNumber":12,"author":{"gitId":"SahanaAvantika"},"content":"    }","lastModifiedDate":"2025-01-31","isFullCredit":false},{"lineNumber":13,"author":{"gitId":"SahanaAvantika"},"content":"","lastModifiedDate":"2025-01-31","isFullCredit":false},{"lineNumber":14,"author":{"gitId":"SahanaAvantika"},"content":"    @Override","lastModifiedDate":"2025-01-31","isFullCredit":false},{"lineNumber":15,"author":{"gitId":"SahanaAvantika"},"content":"    public boolean isExit(){","lastModifiedDate":"2025-01-31","isFullCredit":false},{"lineNumber":16,"author":{"gitId":"SahanaAvantika"},"content":"        return false;","lastModifiedDate":"2025-01-31","isFullCredit":false},{"lineNumber":17,"author":{"gitId":"SahanaAvantika"},"content":"    }","lastModifiedDate":"2025-01-31","isFullCredit":false},{"lineNumber":18,"author":{"gitId":"SahanaAvantika"},"content":"}","lastModifiedDate":"2025-01-31","isFullCredit":false}],"authorContributionMap":{"SahanaAvantika":18}},{"path":"src/main/java/Ben.java","fileType":"java","lines":[{"lineNumber":1,"author":{"gitId":"SahanaAvantika"},"content":"import java.util.Scanner;","lastModifiedDate":"2025-01-23","isFullCredit":false},{"lineNumber":2,"author":{"gitId":"SahanaAvantika"},"content":"","lastModifiedDate":"2025-01-23","isFullCredit":false},{"lineNumber":3,"author":{"gitId":"SahanaAvantika"},"content":"public class Ben {","lastModifiedDate":"2025-01-23","isFullCredit":false},{"lineNumber":4,"author":{"gitId":"SahanaAvantika"},"content":"    private Storage storage;","lastModifiedDate":"2025-01-31","isFullCredit":false},{"lineNumber":5,"author":{"gitId":"SahanaAvantika"},"content":"    private TaskList tasks;","lastModifiedDate":"2025-01-31","isFullCredit":false},{"lineNumber":6,"author":{"gitId":"SahanaAvantika"},"content":"    private Ui ui;","lastModifiedDate":"2025-01-31","isFullCredit":false},{"lineNumber":7,"author":{"gitId":"SahanaAvantika"},"content":"","lastModifiedDate":"2025-01-30","isFullCredit":false},{"lineNumber":8,"author":{"gitId":"SahanaAvantika"},"content":"    public Ben(String filePath) {","lastModifiedDate":"2025-01-31","isFullCredit":false},{"lineNumber":9,"author":{"gitId":"SahanaAvantika"},"content":"        this.ui \u003d new Ui();","lastModifiedDate":"2025-01-31","isFullCredit":false},{"lineNumber":10,"author":{"gitId":"SahanaAvantika"},"content":"        this.storage \u003d new Storage(filePath);","lastModifiedDate":"2025-01-31","isFullCredit":false},{"lineNumber":11,"author":{"gitId":"SahanaAvantika"},"content":"        try {","lastModifiedDate":"2025-01-23","isFullCredit":false},{"lineNumber":12,"author":{"gitId":"SahanaAvantika"},"content":"            this.tasks \u003d new TaskList(storage.load());","lastModifiedDate":"2025-01-31","isFullCredit":false},{"lineNumber":13,"author":{"gitId":"SahanaAvantika"},"content":"        } catch (Exception e) {","lastModifiedDate":"2025-01-23","isFullCredit":false},{"lineNumber":14,"author":{"gitId":"SahanaAvantika"},"content":"            ui.showLoadingError();","lastModifiedDate":"2025-01-31","isFullCredit":false},{"lineNumber":15,"author":{"gitId":"SahanaAvantika"},"content":"            tasks \u003d new TaskList();","lastModifiedDate":"2025-01-31","isFullCredit":false},{"lineNumber":16,"author":{"gitId":"SahanaAvantika"},"content":"        }","lastModifiedDate":"2025-01-23","isFullCredit":false},{"lineNumber":17,"author":{"gitId":"SahanaAvantika"},"content":"    }","lastModifiedDate":"2025-01-23","isFullCredit":false},{"lineNumber":18,"author":{"gitId":"SahanaAvantika"},"content":"","lastModifiedDate":"2025-01-30","isFullCredit":false},{"lineNumber":19,"author":{"gitId":"SahanaAvantika"},"content":"    public void run() {","lastModifiedDate":"2025-01-31","isFullCredit":false},{"lineNumber":20,"author":{"gitId":"SahanaAvantika"},"content":"","lastModifiedDate":"2025-01-31","isFullCredit":false},{"lineNumber":21,"author":{"gitId":"SahanaAvantika"},"content":"        ui.introMsg();","lastModifiedDate":"2025-01-31","isFullCredit":false},{"lineNumber":22,"author":{"gitId":"SahanaAvantika"},"content":"        boolean isExit \u003d false;","lastModifiedDate":"2025-01-31","isFullCredit":false},{"lineNumber":23,"author":{"gitId":"SahanaAvantika"},"content":"        Scanner scanner \u003d new Scanner(System.in);","lastModifiedDate":"2025-01-30","isFullCredit":false},{"lineNumber":24,"author":{"gitId":"SahanaAvantika"},"content":"        ","lastModifiedDate":"2025-01-31","isFullCredit":false},{"lineNumber":25,"author":{"gitId":"SahanaAvantika"},"content":"        while (!isExit \u0026\u0026 scanner.hasNextLine()) {","lastModifiedDate":"2025-01-31","isFullCredit":false},{"lineNumber":26,"author":{"gitId":"SahanaAvantika"},"content":"            try {","lastModifiedDate":"2025-01-30","isFullCredit":false},{"lineNumber":27,"author":{"gitId":"SahanaAvantika"},"content":"                String response \u003d scanner.nextLine();","lastModifiedDate":"2025-01-31","isFullCredit":false},{"lineNumber":28,"author":{"gitId":"SahanaAvantika"},"content":"                Commands c \u003d Parser.executeCommand(response);","lastModifiedDate":"2025-01-31","isFullCredit":false},{"lineNumber":29,"author":{"gitId":"SahanaAvantika"},"content":"","lastModifiedDate":"2025-01-31","isFullCredit":false},{"lineNumber":30,"author":{"gitId":"SahanaAvantika"},"content":"                if (c !\u003d null) {","lastModifiedDate":"2025-01-31","isFullCredit":false},{"lineNumber":31,"author":{"gitId":"SahanaAvantika"},"content":"                    c.execute(tasks, ui, storage);","lastModifiedDate":"2025-01-31","isFullCredit":false},{"lineNumber":32,"author":{"gitId":"SahanaAvantika"},"content":"                    isExit \u003d c.isExit();","lastModifiedDate":"2025-01-31","isFullCredit":false},{"lineNumber":33,"author":{"gitId":"SahanaAvantika"},"content":"                }","lastModifiedDate":"2025-01-31","isFullCredit":false},{"lineNumber":34,"author":{"gitId":"SahanaAvantika"},"content":"            } catch (Exception e) {","lastModifiedDate":"2025-01-23","isFullCredit":false},{"lineNumber":35,"author":{"gitId":"SahanaAvantika"},"content":"                System.out.println(\"Invalid Input, try again!\");","lastModifiedDate":"2025-01-23","isFullCredit":false},{"lineNumber":36,"author":{"gitId":"SahanaAvantika"},"content":"            }","lastModifiedDate":"2025-01-23","isFullCredit":false},{"lineNumber":37,"author":{"gitId":"SahanaAvantika"},"content":"        }","lastModifiedDate":"2025-01-30","isFullCredit":false},{"lineNumber":38,"author":{"gitId":"SahanaAvantika"},"content":"","lastModifiedDate":"2025-01-31","isFullCredit":false},{"lineNumber":39,"author":{"gitId":"SahanaAvantika"},"content":"        scanner.close();","lastModifiedDate":"2025-01-23","isFullCredit":false},{"lineNumber":40,"author":{"gitId":"-"},"content":"    }","lastModifiedDate":"2019-07-29","isFullCredit":false},{"lineNumber":41,"author":{"gitId":"SahanaAvantika"},"content":"","lastModifiedDate":"2025-01-31","isFullCredit":false},{"lineNumber":42,"author":{"gitId":"SahanaAvantika"},"content":"","lastModifiedDate":"2025-01-31","isFullCredit":false},{"lineNumber":43,"author":{"gitId":"SahanaAvantika"},"content":"","lastModifiedDate":"2025-01-31","isFullCredit":false},{"lineNumber":44,"author":{"gitId":"SahanaAvantika"},"content":"    public static void main(String[] args) {","lastModifiedDate":"2025-01-31","isFullCredit":false},{"lineNumber":45,"author":{"gitId":"SahanaAvantika"},"content":"        Ben ben \u003d new Ben(\"data/ben.txt\");","lastModifiedDate":"2025-01-31","isFullCredit":false},{"lineNumber":46,"author":{"gitId":"SahanaAvantika"},"content":"        ben.run();","lastModifiedDate":"2025-01-31","isFullCredit":false},{"lineNumber":47,"author":{"gitId":"SahanaAvantika"},"content":"    }","lastModifiedDate":"2025-01-31","isFullCredit":false},{"lineNumber":48,"author":{"gitId":"-"},"content":"}","lastModifiedDate":"2019-07-29","isFullCredit":false}],"authorContributionMap":{"SahanaAvantika":46,"-":2}},{"path":"src/main/java/ByeCommand.java","fileType":"java","lines":[{"lineNumber":1,"author":{"gitId":"SahanaAvantika"},"content":"public class ByeCommand extends Commands{","lastModifiedDate":"2025-01-31","isFullCredit":false},{"lineNumber":2,"author":{"gitId":"SahanaAvantika"},"content":"","lastModifiedDate":"2025-01-31","isFullCredit":false},{"lineNumber":3,"author":{"gitId":"SahanaAvantika"},"content":"    @Override","lastModifiedDate":"2025-01-31","isFullCredit":false},{"lineNumber":4,"author":{"gitId":"SahanaAvantika"},"content":"    public void execute(TaskList list, Ui ui, Storage storage){","lastModifiedDate":"2025-01-31","isFullCredit":false},{"lineNumber":5,"author":{"gitId":"SahanaAvantika"},"content":"        try {","lastModifiedDate":"2025-01-31","isFullCredit":false},{"lineNumber":6,"author":{"gitId":"SahanaAvantika"},"content":"            ui.bye();","lastModifiedDate":"2025-01-31","isFullCredit":false},{"lineNumber":7,"author":{"gitId":"SahanaAvantika"},"content":"            Storage.writeToFile(list.printListForStorage());","lastModifiedDate":"2025-01-31","isFullCredit":false},{"lineNumber":8,"author":{"gitId":"SahanaAvantika"},"content":"","lastModifiedDate":"2025-01-31","isFullCredit":false},{"lineNumber":9,"author":{"gitId":"SahanaAvantika"},"content":"        } catch (Exception e){","lastModifiedDate":"2025-01-31","isFullCredit":false},{"lineNumber":10,"author":{"gitId":"SahanaAvantika"},"content":"            ui.showLoadingError();","lastModifiedDate":"2025-01-31","isFullCredit":false},{"lineNumber":11,"author":{"gitId":"SahanaAvantika"},"content":"        }","lastModifiedDate":"2025-01-31","isFullCredit":false},{"lineNumber":12,"author":{"gitId":"SahanaAvantika"},"content":"    }","lastModifiedDate":"2025-01-31","isFullCredit":false},{"lineNumber":13,"author":{"gitId":"SahanaAvantika"},"content":"","lastModifiedDate":"2025-01-31","isFullCredit":false},{"lineNumber":14,"author":{"gitId":"SahanaAvantika"},"content":"    @Override","lastModifiedDate":"2025-01-31","isFullCredit":false},{"lineNumber":15,"author":{"gitId":"SahanaAvantika"},"content":"    public boolean isExit(){","lastModifiedDate":"2025-01-31","isFullCredit":false},{"lineNumber":16,"author":{"gitId":"SahanaAvantika"},"content":"        return true;","lastModifiedDate":"2025-01-31","isFullCredit":false},{"lineNumber":17,"author":{"gitId":"SahanaAvantika"},"content":"    }","lastModifiedDate":"2025-01-31","isFullCredit":false},{"lineNumber":18,"author":{"gitId":"SahanaAvantika"},"content":"","lastModifiedDate":"2025-01-31","isFullCredit":false},{"lineNumber":19,"author":{"gitId":"SahanaAvantika"},"content":"}","lastModifiedDate":"2025-01-31","isFullCredit":false}],"authorContributionMap":{"SahanaAvantika":19}},{"path":"src/main/java/Command.java","fileType":"java","lines":[{"lineNumber":1,"author":{"gitId":"SahanaAvantika"},"content":"public enum Command {","lastModifiedDate":"2025-01-23","isFullCredit":false},{"lineNumber":2,"author":{"gitId":"SahanaAvantika"},"content":"    LIST, MARK, UNMARK, DELETE, TODO, DEADLINE, EVENT, BYE","lastModifiedDate":"2025-01-31","isFullCredit":false},{"lineNumber":3,"author":{"gitId":"SahanaAvantika"},"content":"}","lastModifiedDate":"2025-01-23","isFullCredit":false}],"authorContributionMap":{"SahanaAvantika":3}},{"path":"src/main/java/Commands.java","fileType":"java","lines":[{"lineNumber":1,"author":{"gitId":"SahanaAvantika"},"content":"public abstract class Commands {","lastModifiedDate":"2025-01-31","isFullCredit":false},{"lineNumber":2,"author":{"gitId":"SahanaAvantika"},"content":"","lastModifiedDate":"2025-01-31","isFullCredit":false},{"lineNumber":3,"author":{"gitId":"SahanaAvantika"},"content":"    public abstract void execute( TaskList tasks, Ui ui, Storage storage);","lastModifiedDate":"2025-01-31","isFullCredit":false},{"lineNumber":4,"author":{"gitId":"SahanaAvantika"},"content":"","lastModifiedDate":"2025-01-31","isFullCredit":false},{"lineNumber":5,"author":{"gitId":"SahanaAvantika"},"content":"    public abstract boolean isExit();","lastModifiedDate":"2025-01-31","isFullCredit":false},{"lineNumber":6,"author":{"gitId":"SahanaAvantika"},"content":"","lastModifiedDate":"2025-01-31","isFullCredit":false},{"lineNumber":7,"author":{"gitId":"SahanaAvantika"},"content":"}","lastModifiedDate":"2025-01-31","isFullCredit":false}],"authorContributionMap":{"SahanaAvantika":7}},{"path":"src/main/java/Deadlines.java","fileType":"java","lines":[{"lineNumber":1,"author":{"gitId":"SahanaAvantika"},"content":"import java.time.LocalDateTime;","lastModifiedDate":"2025-01-30","isFullCredit":false},{"lineNumber":2,"author":{"gitId":"SahanaAvantika"},"content":"import java.time.format.DateTimeFormatter;","lastModifiedDate":"2025-01-30","isFullCredit":false},{"lineNumber":3,"author":{"gitId":"SahanaAvantika"},"content":"","lastModifiedDate":"2025-01-30","isFullCredit":false},{"lineNumber":4,"author":{"gitId":"SahanaAvantika"},"content":"public class Deadlines extends Task{","lastModifiedDate":"2025-01-23","isFullCredit":false},{"lineNumber":5,"author":{"gitId":"SahanaAvantika"},"content":"    protected LocalDateTime by;","lastModifiedDate":"2025-01-30","isFullCredit":false},{"lineNumber":6,"author":{"gitId":"SahanaAvantika"},"content":"","lastModifiedDate":"2025-01-23","isFullCredit":false},{"lineNumber":7,"author":{"gitId":"SahanaAvantika"},"content":"    public Deadlines(String description, LocalDateTime by) {","lastModifiedDate":"2025-01-30","isFullCredit":false},{"lineNumber":8,"author":{"gitId":"SahanaAvantika"},"content":"        super(description);","lastModifiedDate":"2025-01-23","isFullCredit":false},{"lineNumber":9,"author":{"gitId":"SahanaAvantika"},"content":"        this.by \u003d by;","lastModifiedDate":"2025-01-23","isFullCredit":false},{"lineNumber":10,"author":{"gitId":"SahanaAvantika"},"content":"    }","lastModifiedDate":"2025-01-23","isFullCredit":false},{"lineNumber":11,"author":{"gitId":"SahanaAvantika"},"content":"","lastModifiedDate":"2025-01-23","isFullCredit":false},{"lineNumber":12,"author":{"gitId":"SahanaAvantika"},"content":"    public String fromatToString(LocalDateTime dateTime){","lastModifiedDate":"2025-01-30","isFullCredit":false},{"lineNumber":13,"author":{"gitId":"SahanaAvantika"},"content":"        DateTimeFormatter formatter \u003d DateTimeFormatter.ofPattern(\"MMM dd yyyy hh:mm a\");","lastModifiedDate":"2025-01-30","isFullCredit":false},{"lineNumber":14,"author":{"gitId":"SahanaAvantika"},"content":"        return dateTime.format(formatter);","lastModifiedDate":"2025-01-30","isFullCredit":false},{"lineNumber":15,"author":{"gitId":"SahanaAvantika"},"content":"","lastModifiedDate":"2025-01-30","isFullCredit":false},{"lineNumber":16,"author":{"gitId":"SahanaAvantika"},"content":"    }","lastModifiedDate":"2025-01-30","isFullCredit":false},{"lineNumber":17,"author":{"gitId":"SahanaAvantika"},"content":"","lastModifiedDate":"2025-01-30","isFullCredit":false},{"lineNumber":18,"author":{"gitId":"SahanaAvantika"},"content":"    @Override","lastModifiedDate":"2025-01-23","isFullCredit":false},{"lineNumber":19,"author":{"gitId":"SahanaAvantika"},"content":"    public String toString() {","lastModifiedDate":"2025-01-23","isFullCredit":false},{"lineNumber":20,"author":{"gitId":"SahanaAvantika"},"content":"        return \"[D]\" + super.toString() + \" (by: \" + Parser.fromatToString(by) + \")\";","lastModifiedDate":"2025-01-31","isFullCredit":false},{"lineNumber":21,"author":{"gitId":"SahanaAvantika"},"content":"    }","lastModifiedDate":"2025-01-23","isFullCredit":false},{"lineNumber":22,"author":{"gitId":"SahanaAvantika"},"content":"}","lastModifiedDate":"2025-01-23","isFullCredit":false}],"authorContributionMap":{"SahanaAvantika":22}},{"path":"src/main/java/DeleteCommand.java","fileType":"java","lines":[{"lineNumber":1,"author":{"gitId":"SahanaAvantika"},"content":"public class DeleteCommand extends Commands{","lastModifiedDate":"2025-01-31","isFullCredit":false},{"lineNumber":2,"author":{"gitId":"SahanaAvantika"},"content":"    int i;","lastModifiedDate":"2025-01-31","isFullCredit":false},{"lineNumber":3,"author":{"gitId":"SahanaAvantika"},"content":"","lastModifiedDate":"2025-01-31","isFullCredit":false},{"lineNumber":4,"author":{"gitId":"SahanaAvantika"},"content":"    public DeleteCommand(int i){","lastModifiedDate":"2025-01-31","isFullCredit":false},{"lineNumber":5,"author":{"gitId":"SahanaAvantika"},"content":"        this.i \u003d i;","lastModifiedDate":"2025-01-31","isFullCredit":false},{"lineNumber":6,"author":{"gitId":"SahanaAvantika"},"content":"    }","lastModifiedDate":"2025-01-31","isFullCredit":false},{"lineNumber":7,"author":{"gitId":"SahanaAvantika"},"content":"","lastModifiedDate":"2025-01-31","isFullCredit":false},{"lineNumber":8,"author":{"gitId":"SahanaAvantika"},"content":"    @Override","lastModifiedDate":"2025-01-31","isFullCredit":false},{"lineNumber":9,"author":{"gitId":"SahanaAvantika"},"content":"    public void execute(TaskList list, Ui ui, Storage storage){","lastModifiedDate":"2025-01-31","isFullCredit":false},{"lineNumber":10,"author":{"gitId":"SahanaAvantika"},"content":"        Task c \u003d list.getTask(i);","lastModifiedDate":"2025-01-31","isFullCredit":false},{"lineNumber":11,"author":{"gitId":"SahanaAvantika"},"content":"        list.delete(i);","lastModifiedDate":"2025-01-31","isFullCredit":false},{"lineNumber":12,"author":{"gitId":"SahanaAvantika"},"content":"        ui.deleteTask(c, list);","lastModifiedDate":"2025-01-31","isFullCredit":false},{"lineNumber":13,"author":{"gitId":"SahanaAvantika"},"content":"    }","lastModifiedDate":"2025-01-31","isFullCredit":false},{"lineNumber":14,"author":{"gitId":"SahanaAvantika"},"content":"","lastModifiedDate":"2025-01-31","isFullCredit":false},{"lineNumber":15,"author":{"gitId":"SahanaAvantika"},"content":"    @Override","lastModifiedDate":"2025-01-31","isFullCredit":false},{"lineNumber":16,"author":{"gitId":"SahanaAvantika"},"content":"    public boolean isExit(){","lastModifiedDate":"2025-01-31","isFullCredit":false},{"lineNumber":17,"author":{"gitId":"SahanaAvantika"},"content":"        return false;","lastModifiedDate":"2025-01-31","isFullCredit":false},{"lineNumber":18,"author":{"gitId":"SahanaAvantika"},"content":"    }","lastModifiedDate":"2025-01-31","isFullCredit":false},{"lineNumber":19,"author":{"gitId":"SahanaAvantika"},"content":"","lastModifiedDate":"2025-01-31","isFullCredit":false},{"lineNumber":20,"author":{"gitId":"SahanaAvantika"},"content":"}","lastModifiedDate":"2025-01-31","isFullCredit":false}],"authorContributionMap":{"SahanaAvantika":20}},{"path":"src/main/java/Events.java","fileType":"java","lines":[{"lineNumber":1,"author":{"gitId":"SahanaAvantika"},"content":"import java.time.LocalDateTime;","lastModifiedDate":"2025-01-30","isFullCredit":false},{"lineNumber":2,"author":{"gitId":"SahanaAvantika"},"content":"import java.time.format.DateTimeFormatter;","lastModifiedDate":"2025-01-30","isFullCredit":false},{"lineNumber":3,"author":{"gitId":"SahanaAvantika"},"content":"","lastModifiedDate":"2025-01-30","isFullCredit":false},{"lineNumber":4,"author":{"gitId":"SahanaAvantika"},"content":"public class Events extends Task{","lastModifiedDate":"2025-01-23","isFullCredit":false},{"lineNumber":5,"author":{"gitId":"SahanaAvantika"},"content":"    protected  LocalDateTime from;","lastModifiedDate":"2025-01-30","isFullCredit":false},{"lineNumber":6,"author":{"gitId":"SahanaAvantika"},"content":"    protected LocalDateTime to;","lastModifiedDate":"2025-01-30","isFullCredit":false},{"lineNumber":7,"author":{"gitId":"SahanaAvantika"},"content":"","lastModifiedDate":"2025-01-23","isFullCredit":false},{"lineNumber":8,"author":{"gitId":"SahanaAvantika"},"content":"    public Events(String des, LocalDateTime from, LocalDateTime to){","lastModifiedDate":"2025-01-30","isFullCredit":false},{"lineNumber":9,"author":{"gitId":"SahanaAvantika"},"content":"        super(des);","lastModifiedDate":"2025-01-23","isFullCredit":false},{"lineNumber":10,"author":{"gitId":"SahanaAvantika"},"content":"        this.from \u003d from;","lastModifiedDate":"2025-01-23","isFullCredit":false},{"lineNumber":11,"author":{"gitId":"SahanaAvantika"},"content":"        this.to \u003d to;","lastModifiedDate":"2025-01-23","isFullCredit":false},{"lineNumber":12,"author":{"gitId":"SahanaAvantika"},"content":"    }","lastModifiedDate":"2025-01-23","isFullCredit":false},{"lineNumber":13,"author":{"gitId":"SahanaAvantika"},"content":"","lastModifiedDate":"2025-01-23","isFullCredit":false},{"lineNumber":14,"author":{"gitId":"SahanaAvantika"},"content":"    @Override","lastModifiedDate":"2025-01-23","isFullCredit":false},{"lineNumber":15,"author":{"gitId":"SahanaAvantika"},"content":"    public String toString(){","lastModifiedDate":"2025-01-23","isFullCredit":false},{"lineNumber":16,"author":{"gitId":"SahanaAvantika"},"content":"        return \"[E]\" + super.toString() + \" (from: \" + Parser.fromatToString(from) + \" to: \"","lastModifiedDate":"2025-01-31","isFullCredit":false},{"lineNumber":17,"author":{"gitId":"SahanaAvantika"},"content":"                + Parser.fromatToString(to) + \")\";","lastModifiedDate":"2025-01-31","isFullCredit":false},{"lineNumber":18,"author":{"gitId":"SahanaAvantika"},"content":"    }","lastModifiedDate":"2025-01-23","isFullCredit":false},{"lineNumber":19,"author":{"gitId":"SahanaAvantika"},"content":"}","lastModifiedDate":"2025-01-23","isFullCredit":false}],"authorContributionMap":{"SahanaAvantika":19}},{"path":"src/main/java/ListCommand.java","fileType":"java","lines":[{"lineNumber":1,"author":{"gitId":"SahanaAvantika"},"content":"public class ListCommand extends Commands{","lastModifiedDate":"2025-01-31","isFullCredit":false},{"lineNumber":2,"author":{"gitId":"SahanaAvantika"},"content":"","lastModifiedDate":"2025-01-31","isFullCredit":false},{"lineNumber":3,"author":{"gitId":"SahanaAvantika"},"content":"    @Override","lastModifiedDate":"2025-01-31","isFullCredit":false},{"lineNumber":4,"author":{"gitId":"SahanaAvantika"},"content":"    public void execute(TaskList list, Ui ui, Storage storage){","lastModifiedDate":"2025-01-31","isFullCredit":false},{"lineNumber":5,"author":{"gitId":"SahanaAvantika"},"content":"        ui.list();","lastModifiedDate":"2025-01-31","isFullCredit":false},{"lineNumber":6,"author":{"gitId":"SahanaAvantika"},"content":"        list.printList();","lastModifiedDate":"2025-01-31","isFullCredit":false},{"lineNumber":7,"author":{"gitId":"SahanaAvantika"},"content":"    }","lastModifiedDate":"2025-01-31","isFullCredit":false},{"lineNumber":8,"author":{"gitId":"SahanaAvantika"},"content":"","lastModifiedDate":"2025-01-31","isFullCredit":false},{"lineNumber":9,"author":{"gitId":"SahanaAvantika"},"content":"    @Override","lastModifiedDate":"2025-01-31","isFullCredit":false},{"lineNumber":10,"author":{"gitId":"SahanaAvantika"},"content":"    public boolean isExit(){","lastModifiedDate":"2025-01-31","isFullCredit":false},{"lineNumber":11,"author":{"gitId":"SahanaAvantika"},"content":"        return false;","lastModifiedDate":"2025-01-31","isFullCredit":false},{"lineNumber":12,"author":{"gitId":"SahanaAvantika"},"content":"    }","lastModifiedDate":"2025-01-31","isFullCredit":false},{"lineNumber":13,"author":{"gitId":"SahanaAvantika"},"content":"}","lastModifiedDate":"2025-01-31","isFullCredit":false}],"authorContributionMap":{"SahanaAvantika":13}},{"path":"src/main/java/MarkCommand.java","fileType":"java","lines":[{"lineNumber":1,"author":{"gitId":"SahanaAvantika"},"content":"public class MarkCommand extends Commands {","lastModifiedDate":"2025-01-31","isFullCredit":false},{"lineNumber":2,"author":{"gitId":"SahanaAvantika"},"content":"    int i;","lastModifiedDate":"2025-01-31","isFullCredit":false},{"lineNumber":3,"author":{"gitId":"SahanaAvantika"},"content":"","lastModifiedDate":"2025-01-31","isFullCredit":false},{"lineNumber":4,"author":{"gitId":"SahanaAvantika"},"content":"    public MarkCommand(int i){","lastModifiedDate":"2025-01-31","isFullCredit":false},{"lineNumber":5,"author":{"gitId":"SahanaAvantika"},"content":"        this.i \u003d i;","lastModifiedDate":"2025-01-31","isFullCredit":false},{"lineNumber":6,"author":{"gitId":"SahanaAvantika"},"content":"    }","lastModifiedDate":"2025-01-31","isFullCredit":false},{"lineNumber":7,"author":{"gitId":"SahanaAvantika"},"content":"","lastModifiedDate":"2025-01-31","isFullCredit":false},{"lineNumber":8,"author":{"gitId":"SahanaAvantika"},"content":"    @Override","lastModifiedDate":"2025-01-31","isFullCredit":false},{"lineNumber":9,"author":{"gitId":"SahanaAvantika"},"content":"    public void execute(TaskList list, Ui ui, Storage storage){","lastModifiedDate":"2025-01-31","isFullCredit":false},{"lineNumber":10,"author":{"gitId":"SahanaAvantika"},"content":"        list.mark(i);","lastModifiedDate":"2025-01-31","isFullCredit":false},{"lineNumber":11,"author":{"gitId":"SahanaAvantika"},"content":"        ui.markDone(list, i);","lastModifiedDate":"2025-01-31","isFullCredit":false},{"lineNumber":12,"author":{"gitId":"SahanaAvantika"},"content":"    }","lastModifiedDate":"2025-01-31","isFullCredit":false},{"lineNumber":13,"author":{"gitId":"SahanaAvantika"},"content":"","lastModifiedDate":"2025-01-31","isFullCredit":false},{"lineNumber":14,"author":{"gitId":"SahanaAvantika"},"content":"    @Override","lastModifiedDate":"2025-01-31","isFullCredit":false},{"lineNumber":15,"author":{"gitId":"SahanaAvantika"},"content":"    public boolean isExit(){","lastModifiedDate":"2025-01-31","isFullCredit":false},{"lineNumber":16,"author":{"gitId":"SahanaAvantika"},"content":"        return false;","lastModifiedDate":"2025-01-31","isFullCredit":false},{"lineNumber":17,"author":{"gitId":"SahanaAvantika"},"content":"    }","lastModifiedDate":"2025-01-31","isFullCredit":false},{"lineNumber":18,"author":{"gitId":"SahanaAvantika"},"content":"","lastModifiedDate":"2025-01-31","isFullCredit":false},{"lineNumber":19,"author":{"gitId":"SahanaAvantika"},"content":"}","lastModifiedDate":"2025-01-31","isFullCredit":false}],"authorContributionMap":{"SahanaAvantika":19}},{"path":"src/main/java/Parser.java","fileType":"java","lines":[{"lineNumber":1,"author":{"gitId":"SahanaAvantika"},"content":"import java.time.LocalDateTime;","lastModifiedDate":"2025-01-31","isFullCredit":false},{"lineNumber":2,"author":{"gitId":"SahanaAvantika"},"content":"import java.time.format.DateTimeFormatter;","lastModifiedDate":"2025-01-31","isFullCredit":false},{"lineNumber":3,"author":{"gitId":"SahanaAvantika"},"content":"import java.util.ArrayList;","lastModifiedDate":"2025-01-31","isFullCredit":false},{"lineNumber":4,"author":{"gitId":"SahanaAvantika"},"content":"","lastModifiedDate":"2025-01-31","isFullCredit":false},{"lineNumber":5,"author":{"gitId":"SahanaAvantika"},"content":"public class Parser {","lastModifiedDate":"2025-01-31","isFullCredit":false},{"lineNumber":6,"author":{"gitId":"SahanaAvantika"},"content":"","lastModifiedDate":"2025-01-31","isFullCredit":false},{"lineNumber":7,"author":{"gitId":"SahanaAvantika"},"content":"    public static Commands executeCommand(String response){","lastModifiedDate":"2025-01-31","isFullCredit":false},{"lineNumber":8,"author":{"gitId":"SahanaAvantika"},"content":"        Command cmd \u003d Command.valueOf(response.split(\"\\\\s+\")[0].toUpperCase());","lastModifiedDate":"2025-01-31","isFullCredit":false},{"lineNumber":9,"author":{"gitId":"SahanaAvantika"},"content":"        switch (cmd){","lastModifiedDate":"2025-01-31","isFullCredit":false},{"lineNumber":10,"author":{"gitId":"SahanaAvantika"},"content":"            case BYE:","lastModifiedDate":"2025-01-31","isFullCredit":false},{"lineNumber":11,"author":{"gitId":"SahanaAvantika"},"content":"                return new ByeCommand();","lastModifiedDate":"2025-01-31","isFullCredit":false},{"lineNumber":12,"author":{"gitId":"SahanaAvantika"},"content":"","lastModifiedDate":"2025-01-31","isFullCredit":false},{"lineNumber":13,"author":{"gitId":"SahanaAvantika"},"content":"            case LIST:","lastModifiedDate":"2025-01-31","isFullCredit":false},{"lineNumber":14,"author":{"gitId":"SahanaAvantika"},"content":"                return new ListCommand();","lastModifiedDate":"2025-01-31","isFullCredit":false},{"lineNumber":15,"author":{"gitId":"SahanaAvantika"},"content":"","lastModifiedDate":"2025-01-31","isFullCredit":false},{"lineNumber":16,"author":{"gitId":"SahanaAvantika"},"content":"            case MARK:","lastModifiedDate":"2025-01-31","isFullCredit":false},{"lineNumber":17,"author":{"gitId":"SahanaAvantika"},"content":"                try {","lastModifiedDate":"2025-01-31","isFullCredit":false},{"lineNumber":18,"author":{"gitId":"SahanaAvantika"},"content":"                    int i \u003d Integer.parseInt((String) response.subSequence(5, response.length()));","lastModifiedDate":"2025-01-31","isFullCredit":false},{"lineNumber":19,"author":{"gitId":"SahanaAvantika"},"content":"                    return new MarkCommand(i - 1);","lastModifiedDate":"2025-01-31","isFullCredit":false},{"lineNumber":20,"author":{"gitId":"SahanaAvantika"},"content":"                } catch (Exception e) {","lastModifiedDate":"2025-01-31","isFullCredit":false},{"lineNumber":21,"author":{"gitId":"SahanaAvantika"},"content":"                    System.out.println(\"OOPS, please provide a number after mark, mark ____\");","lastModifiedDate":"2025-01-31","isFullCredit":false},{"lineNumber":22,"author":{"gitId":"SahanaAvantika"},"content":"                }","lastModifiedDate":"2025-01-31","isFullCredit":false},{"lineNumber":23,"author":{"gitId":"SahanaAvantika"},"content":"            case UNMARK:","lastModifiedDate":"2025-01-31","isFullCredit":false},{"lineNumber":24,"author":{"gitId":"SahanaAvantika"},"content":"                try {","lastModifiedDate":"2025-01-31","isFullCredit":false},{"lineNumber":25,"author":{"gitId":"SahanaAvantika"},"content":"                    int i \u003d Integer.parseInt((String) response.subSequence(7, response.length()));","lastModifiedDate":"2025-01-31","isFullCredit":false},{"lineNumber":26,"author":{"gitId":"SahanaAvantika"},"content":"                    return new UnmarkCommand(i - 1);","lastModifiedDate":"2025-01-31","isFullCredit":false},{"lineNumber":27,"author":{"gitId":"SahanaAvantika"},"content":"                } catch (Exception e) {","lastModifiedDate":"2025-01-31","isFullCredit":false},{"lineNumber":28,"author":{"gitId":"SahanaAvantika"},"content":"                    System.out.println(\"OOPS, please provide a number after unmark, unmark ____\");","lastModifiedDate":"2025-01-31","isFullCredit":false},{"lineNumber":29,"author":{"gitId":"SahanaAvantika"},"content":"                }","lastModifiedDate":"2025-01-31","isFullCredit":false},{"lineNumber":30,"author":{"gitId":"SahanaAvantika"},"content":"            case DELETE:","lastModifiedDate":"2025-01-31","isFullCredit":false},{"lineNumber":31,"author":{"gitId":"SahanaAvantika"},"content":"                try {","lastModifiedDate":"2025-01-31","isFullCredit":false},{"lineNumber":32,"author":{"gitId":"SahanaAvantika"},"content":"                    int i \u003d Integer.parseInt((String) response.subSequence(7, response.length()));","lastModifiedDate":"2025-01-31","isFullCredit":false},{"lineNumber":33,"author":{"gitId":"SahanaAvantika"},"content":"                    return new DeleteCommand(i - 1);","lastModifiedDate":"2025-01-31","isFullCredit":false},{"lineNumber":34,"author":{"gitId":"SahanaAvantika"},"content":"                } catch (Exception e) {","lastModifiedDate":"2025-01-31","isFullCredit":false},{"lineNumber":35,"author":{"gitId":"SahanaAvantika"},"content":"                    System.out.println(\"OOPS, please provide a number after delete, delete ___\");","lastModifiedDate":"2025-01-31","isFullCredit":false},{"lineNumber":36,"author":{"gitId":"SahanaAvantika"},"content":"                }","lastModifiedDate":"2025-01-31","isFullCredit":false},{"lineNumber":37,"author":{"gitId":"SahanaAvantika"},"content":"            case TODO:","lastModifiedDate":"2025-01-31","isFullCredit":false},{"lineNumber":38,"author":{"gitId":"SahanaAvantika"},"content":"                try {","lastModifiedDate":"2025-01-31","isFullCredit":false},{"lineNumber":39,"author":{"gitId":"SahanaAvantika"},"content":"                    String x \u003d (String) response.subSequence(5, response.length());","lastModifiedDate":"2025-01-31","isFullCredit":false},{"lineNumber":40,"author":{"gitId":"SahanaAvantika"},"content":"                    ToDos c \u003d new ToDos(x);","lastModifiedDate":"2025-01-31","isFullCredit":false},{"lineNumber":41,"author":{"gitId":"SahanaAvantika"},"content":"                    return new AddCommand(c);","lastModifiedDate":"2025-01-31","isFullCredit":false},{"lineNumber":42,"author":{"gitId":"SahanaAvantika"},"content":"                } catch (Exception e) {","lastModifiedDate":"2025-01-31","isFullCredit":false},{"lineNumber":43,"author":{"gitId":"SahanaAvantika"},"content":"                    System.out.println(\"OOPS try giving this input, todo _____\");","lastModifiedDate":"2025-01-31","isFullCredit":false},{"lineNumber":44,"author":{"gitId":"SahanaAvantika"},"content":"                }","lastModifiedDate":"2025-01-31","isFullCredit":false},{"lineNumber":45,"author":{"gitId":"SahanaAvantika"},"content":"            case DEADLINE:","lastModifiedDate":"2025-01-31","isFullCredit":false},{"lineNumber":46,"author":{"gitId":"SahanaAvantika"},"content":"                try {","lastModifiedDate":"2025-01-31","isFullCredit":false},{"lineNumber":47,"author":{"gitId":"SahanaAvantika"},"content":"                    String des \u003d response.split(\"deadline \")[1].split(\"/by\")[0].strip();","lastModifiedDate":"2025-01-31","isFullCredit":false},{"lineNumber":48,"author":{"gitId":"SahanaAvantika"},"content":"                    String date \u003d response.split(\"/by\")[1].strip();","lastModifiedDate":"2025-01-31","isFullCredit":false},{"lineNumber":49,"author":{"gitId":"SahanaAvantika"},"content":"                    LocalDateTime by \u003d LocalDateTime.parse(date.replace(\" \", \"T\") + \":00\");","lastModifiedDate":"2025-01-31","isFullCredit":false},{"lineNumber":50,"author":{"gitId":"SahanaAvantika"},"content":"                    Deadlines c \u003d new Deadlines(des, by);","lastModifiedDate":"2025-01-31","isFullCredit":false},{"lineNumber":51,"author":{"gitId":"SahanaAvantika"},"content":"                    return new AddCommand(c);","lastModifiedDate":"2025-01-31","isFullCredit":false},{"lineNumber":52,"author":{"gitId":"SahanaAvantika"},"content":"                } catch (Exception e) {","lastModifiedDate":"2025-01-31","isFullCredit":false},{"lineNumber":53,"author":{"gitId":"SahanaAvantika"},"content":"                    System.out.println(\"OOPS try giving this input, deadline _____ /by ___\");","lastModifiedDate":"2025-01-31","isFullCredit":false},{"lineNumber":54,"author":{"gitId":"SahanaAvantika"},"content":"                }","lastModifiedDate":"2025-01-31","isFullCredit":false},{"lineNumber":55,"author":{"gitId":"SahanaAvantika"},"content":"            case EVENT:","lastModifiedDate":"2025-01-31","isFullCredit":false},{"lineNumber":56,"author":{"gitId":"SahanaAvantika"},"content":"                try {","lastModifiedDate":"2025-01-31","isFullCredit":false},{"lineNumber":57,"author":{"gitId":"SahanaAvantika"},"content":"                    String des \u003d response.split(\"event \")[1].split(\"/from\")[0].strip();","lastModifiedDate":"2025-01-31","isFullCredit":false},{"lineNumber":58,"author":{"gitId":"SahanaAvantika"},"content":"                    String from \u003d response.split(\"/from\")[1].split(\"/to\")[0].strip();","lastModifiedDate":"2025-01-31","isFullCredit":false},{"lineNumber":59,"author":{"gitId":"SahanaAvantika"},"content":"                    LocalDateTime from_time \u003d LocalDateTime.parse(from.replace(\" \", \"T\") + \":00\");","lastModifiedDate":"2025-01-31","isFullCredit":false},{"lineNumber":60,"author":{"gitId":"SahanaAvantika"},"content":"                    String to \u003d response.split(\"/to\")[1].strip();","lastModifiedDate":"2025-01-31","isFullCredit":false},{"lineNumber":61,"author":{"gitId":"SahanaAvantika"},"content":"                    LocalDateTime to_time \u003d LocalDateTime.parse(to.replace(\" \", \"T\") + \":00\");","lastModifiedDate":"2025-01-31","isFullCredit":false},{"lineNumber":62,"author":{"gitId":"SahanaAvantika"},"content":"                    Events c \u003d new Events(des, from_time, to_time);","lastModifiedDate":"2025-01-31","isFullCredit":false},{"lineNumber":63,"author":{"gitId":"SahanaAvantika"},"content":"                    return new AddCommand(c);","lastModifiedDate":"2025-01-31","isFullCredit":false},{"lineNumber":64,"author":{"gitId":"SahanaAvantika"},"content":"                } catch (Exception e) {","lastModifiedDate":"2025-01-31","isFullCredit":false},{"lineNumber":65,"author":{"gitId":"SahanaAvantika"},"content":"                    System.out.println(\"OOPS try giving this input, event _____ /from __ /to __ \");","lastModifiedDate":"2025-01-31","isFullCredit":false},{"lineNumber":66,"author":{"gitId":"SahanaAvantika"},"content":"                }","lastModifiedDate":"2025-01-31","isFullCredit":false},{"lineNumber":67,"author":{"gitId":"SahanaAvantika"},"content":"            default:","lastModifiedDate":"2025-01-31","isFullCredit":false},{"lineNumber":68,"author":{"gitId":"SahanaAvantika"},"content":"                System.out.println(\"Invalid Input, try again!\");","lastModifiedDate":"2025-01-31","isFullCredit":false},{"lineNumber":69,"author":{"gitId":"SahanaAvantika"},"content":"                return null;","lastModifiedDate":"2025-01-31","isFullCredit":false},{"lineNumber":70,"author":{"gitId":"SahanaAvantika"},"content":"        }","lastModifiedDate":"2025-01-31","isFullCredit":false},{"lineNumber":71,"author":{"gitId":"SahanaAvantika"},"content":"","lastModifiedDate":"2025-01-31","isFullCredit":false},{"lineNumber":72,"author":{"gitId":"SahanaAvantika"},"content":"    }","lastModifiedDate":"2025-01-31","isFullCredit":false},{"lineNumber":73,"author":{"gitId":"SahanaAvantika"},"content":"","lastModifiedDate":"2025-01-31","isFullCredit":false},{"lineNumber":74,"author":{"gitId":"SahanaAvantika"},"content":"    public static Task txtToTask(String x) {","lastModifiedDate":"2025-01-31","isFullCredit":false},{"lineNumber":75,"author":{"gitId":"SahanaAvantika"},"content":"        try {","lastModifiedDate":"2025-01-31","isFullCredit":false},{"lineNumber":76,"author":{"gitId":"SahanaAvantika"},"content":"            if (x.charAt(1) \u003d\u003d \u0027T\u0027) { // ToDos","lastModifiedDate":"2025-01-31","isFullCredit":false},{"lineNumber":77,"author":{"gitId":"SahanaAvantika"},"content":"                ToDos t \u003d new ToDos(x.substring(7));","lastModifiedDate":"2025-01-31","isFullCredit":false},{"lineNumber":78,"author":{"gitId":"SahanaAvantika"},"content":"                if (x.charAt(4) \u003d\u003d \u0027X\u0027) {","lastModifiedDate":"2025-01-31","isFullCredit":false},{"lineNumber":79,"author":{"gitId":"SahanaAvantika"},"content":"                    t.markAsDone();","lastModifiedDate":"2025-01-31","isFullCredit":false},{"lineNumber":80,"author":{"gitId":"SahanaAvantika"},"content":"                }","lastModifiedDate":"2025-01-31","isFullCredit":false},{"lineNumber":81,"author":{"gitId":"SahanaAvantika"},"content":"                return t;","lastModifiedDate":"2025-01-31","isFullCredit":false},{"lineNumber":82,"author":{"gitId":"SahanaAvantika"},"content":"            } else if (x.charAt(1) \u003d\u003d \u0027D\u0027) { // Deadlines","lastModifiedDate":"2025-01-31","isFullCredit":false},{"lineNumber":83,"author":{"gitId":"SahanaAvantika"},"content":"                String des \u003d x.split(\"] \")[1].split(\" \\\\(\")[0].strip();","lastModifiedDate":"2025-01-31","isFullCredit":false},{"lineNumber":84,"author":{"gitId":"SahanaAvantika"},"content":"                String byStr \u003d x.split(\"by: \")[1].split(\"\\\\)\")[0].strip();","lastModifiedDate":"2025-01-31","isFullCredit":false},{"lineNumber":85,"author":{"gitId":"SahanaAvantika"},"content":"                LocalDateTime by \u003d Parser.listToTask(byStr);","lastModifiedDate":"2025-01-31","isFullCredit":false},{"lineNumber":86,"author":{"gitId":"SahanaAvantika"},"content":"                Deadlines d \u003d new Deadlines(des, by);","lastModifiedDate":"2025-01-31","isFullCredit":false},{"lineNumber":87,"author":{"gitId":"SahanaAvantika"},"content":"                if (x.charAt(4) \u003d\u003d \u0027X\u0027) {","lastModifiedDate":"2025-01-31","isFullCredit":false},{"lineNumber":88,"author":{"gitId":"SahanaAvantika"},"content":"                    d.markAsDone();","lastModifiedDate":"2025-01-31","isFullCredit":false},{"lineNumber":89,"author":{"gitId":"SahanaAvantika"},"content":"                }","lastModifiedDate":"2025-01-31","isFullCredit":false},{"lineNumber":90,"author":{"gitId":"SahanaAvantika"},"content":"                return d;","lastModifiedDate":"2025-01-31","isFullCredit":false},{"lineNumber":91,"author":{"gitId":"SahanaAvantika"},"content":"            } else if (x.charAt(1) \u003d\u003d \u0027E\u0027) { // Events","lastModifiedDate":"2025-01-31","isFullCredit":false},{"lineNumber":92,"author":{"gitId":"SahanaAvantika"},"content":"                String des \u003d x.split(\"] \")[1].split(\" \\\\(\")[0].strip();","lastModifiedDate":"2025-01-31","isFullCredit":false},{"lineNumber":93,"author":{"gitId":"SahanaAvantika"},"content":"                String fromStr \u003d x.split(\"from: \")[1].split(\" to:\")[0].strip();","lastModifiedDate":"2025-01-31","isFullCredit":false},{"lineNumber":94,"author":{"gitId":"SahanaAvantika"},"content":"                String toStr \u003d x.split(\"to: \")[1].split(\"\\\\)\")[0].strip();","lastModifiedDate":"2025-01-31","isFullCredit":false},{"lineNumber":95,"author":{"gitId":"SahanaAvantika"},"content":"                LocalDateTime from_time \u003d Parser.listToTask(fromStr);","lastModifiedDate":"2025-01-31","isFullCredit":false},{"lineNumber":96,"author":{"gitId":"SahanaAvantika"},"content":"                LocalDateTime to_time \u003d Parser.listToTask(toStr);","lastModifiedDate":"2025-01-31","isFullCredit":false},{"lineNumber":97,"author":{"gitId":"SahanaAvantika"},"content":"                Events e \u003d new Events(des, from_time, to_time);","lastModifiedDate":"2025-01-31","isFullCredit":false},{"lineNumber":98,"author":{"gitId":"SahanaAvantika"},"content":"                if (x.charAt(4) \u003d\u003d \u0027X\u0027) {","lastModifiedDate":"2025-01-31","isFullCredit":false},{"lineNumber":99,"author":{"gitId":"SahanaAvantika"},"content":"                    e.markAsDone();","lastModifiedDate":"2025-01-31","isFullCredit":false},{"lineNumber":100,"author":{"gitId":"SahanaAvantika"},"content":"                }","lastModifiedDate":"2025-01-31","isFullCredit":false},{"lineNumber":101,"author":{"gitId":"SahanaAvantika"},"content":"                return e;","lastModifiedDate":"2025-01-31","isFullCredit":false},{"lineNumber":102,"author":{"gitId":"SahanaAvantika"},"content":"            } else {","lastModifiedDate":"2025-01-31","isFullCredit":false},{"lineNumber":103,"author":{"gitId":"SahanaAvantika"},"content":"                throw new IllegalArgumentException(\"Unknown task type\");","lastModifiedDate":"2025-01-31","isFullCredit":false},{"lineNumber":104,"author":{"gitId":"SahanaAvantika"},"content":"            }","lastModifiedDate":"2025-01-31","isFullCredit":false},{"lineNumber":105,"author":{"gitId":"SahanaAvantika"},"content":"        } catch (Exception e) {","lastModifiedDate":"2025-01-31","isFullCredit":false},{"lineNumber":106,"author":{"gitId":"SahanaAvantika"},"content":"            System.out.println(\"Error parsing task: \" + e.getMessage());","lastModifiedDate":"2025-01-31","isFullCredit":false},{"lineNumber":107,"author":{"gitId":"SahanaAvantika"},"content":"            return null;","lastModifiedDate":"2025-01-31","isFullCredit":false},{"lineNumber":108,"author":{"gitId":"SahanaAvantika"},"content":"        }","lastModifiedDate":"2025-01-31","isFullCredit":false},{"lineNumber":109,"author":{"gitId":"SahanaAvantika"},"content":"    }","lastModifiedDate":"2025-01-31","isFullCredit":false},{"lineNumber":110,"author":{"gitId":"SahanaAvantika"},"content":"","lastModifiedDate":"2025-01-31","isFullCredit":false},{"lineNumber":111,"author":{"gitId":"SahanaAvantika"},"content":"","lastModifiedDate":"2025-01-31","isFullCredit":false},{"lineNumber":112,"author":{"gitId":"SahanaAvantika"},"content":"    public static LocalDateTime listToTask(String s) {","lastModifiedDate":"2025-01-31","isFullCredit":false},{"lineNumber":113,"author":{"gitId":"SahanaAvantika"},"content":"        DateTimeFormatter inputFormatter \u003d DateTimeFormatter.ofPattern(\"MMM dd yyyy hh:mm a\");","lastModifiedDate":"2025-01-31","isFullCredit":false},{"lineNumber":114,"author":{"gitId":"SahanaAvantika"},"content":"        return LocalDateTime.parse(s, inputFormatter);","lastModifiedDate":"2025-01-31","isFullCredit":false},{"lineNumber":115,"author":{"gitId":"SahanaAvantika"},"content":"    }","lastModifiedDate":"2025-01-31","isFullCredit":false},{"lineNumber":116,"author":{"gitId":"SahanaAvantika"},"content":"","lastModifiedDate":"2025-01-31","isFullCredit":false},{"lineNumber":117,"author":{"gitId":"SahanaAvantika"},"content":"    public static String fromatToString(LocalDateTime dateTime){","lastModifiedDate":"2025-01-31","isFullCredit":false},{"lineNumber":118,"author":{"gitId":"SahanaAvantika"},"content":"        DateTimeFormatter formatter \u003d DateTimeFormatter.ofPattern(\"MMM dd yyyy hh:mm a\");","lastModifiedDate":"2025-01-31","isFullCredit":false},{"lineNumber":119,"author":{"gitId":"SahanaAvantika"},"content":"        return dateTime.format(formatter);","lastModifiedDate":"2025-01-31","isFullCredit":false},{"lineNumber":120,"author":{"gitId":"SahanaAvantika"},"content":"","lastModifiedDate":"2025-01-31","isFullCredit":false},{"lineNumber":121,"author":{"gitId":"SahanaAvantika"},"content":"    }","lastModifiedDate":"2025-01-31","isFullCredit":false},{"lineNumber":122,"author":{"gitId":"SahanaAvantika"},"content":"","lastModifiedDate":"2025-01-31","isFullCredit":false},{"lineNumber":123,"author":{"gitId":"SahanaAvantika"},"content":"}","lastModifiedDate":"2025-01-31","isFullCredit":false}],"authorContributionMap":{"SahanaAvantika":123}},{"path":"src/main/java/Storage.java","fileType":"java","lines":[{"lineNumber":1,"author":{"gitId":"SahanaAvantika"},"content":"import java.awt.*;","lastModifiedDate":"2025-01-31","isFullCredit":false},{"lineNumber":2,"author":{"gitId":"SahanaAvantika"},"content":"import java.io.File;","lastModifiedDate":"2025-01-31","isFullCredit":false},{"lineNumber":3,"author":{"gitId":"SahanaAvantika"},"content":"import java.io.FileNotFoundException;","lastModifiedDate":"2025-01-31","isFullCredit":false},{"lineNumber":4,"author":{"gitId":"SahanaAvantika"},"content":"import java.io.FileWriter;","lastModifiedDate":"2025-01-31","isFullCredit":false},{"lineNumber":5,"author":{"gitId":"SahanaAvantika"},"content":"import java.io.IOException;","lastModifiedDate":"2025-01-31","isFullCredit":false},{"lineNumber":6,"author":{"gitId":"SahanaAvantika"},"content":"import java.time.LocalDateTime;","lastModifiedDate":"2025-01-31","isFullCredit":false},{"lineNumber":7,"author":{"gitId":"SahanaAvantika"},"content":"import java.util.ArrayList;","lastModifiedDate":"2025-01-31","isFullCredit":false},{"lineNumber":8,"author":{"gitId":"SahanaAvantika"},"content":"import java.util.Scanner;","lastModifiedDate":"2025-01-31","isFullCredit":false},{"lineNumber":9,"author":{"gitId":"SahanaAvantika"},"content":"","lastModifiedDate":"2025-01-31","isFullCredit":false},{"lineNumber":10,"author":{"gitId":"SahanaAvantika"},"content":"public class Storage {","lastModifiedDate":"2025-01-31","isFullCredit":false},{"lineNumber":11,"author":{"gitId":"SahanaAvantika"},"content":"    private final String filepath;","lastModifiedDate":"2025-01-31","isFullCredit":false},{"lineNumber":12,"author":{"gitId":"SahanaAvantika"},"content":"","lastModifiedDate":"2025-01-31","isFullCredit":false},{"lineNumber":13,"author":{"gitId":"SahanaAvantika"},"content":"    public Storage(String filepath){","lastModifiedDate":"2025-01-31","isFullCredit":false},{"lineNumber":14,"author":{"gitId":"SahanaAvantika"},"content":"        this.filepath \u003d filepath;","lastModifiedDate":"2025-01-31","isFullCredit":false},{"lineNumber":15,"author":{"gitId":"SahanaAvantika"},"content":"    }","lastModifiedDate":"2025-01-31","isFullCredit":false},{"lineNumber":16,"author":{"gitId":"SahanaAvantika"},"content":"","lastModifiedDate":"2025-01-31","isFullCredit":false},{"lineNumber":17,"author":{"gitId":"SahanaAvantika"},"content":"    public ArrayList\u003cTask\u003e load() throws FileNotFoundException {","lastModifiedDate":"2025-01-31","isFullCredit":false},{"lineNumber":18,"author":{"gitId":"SahanaAvantika"},"content":"        ArrayList\u003cTask\u003e tasks \u003d new ArrayList\u003cTask\u003e();","lastModifiedDate":"2025-01-31","isFullCredit":false},{"lineNumber":19,"author":{"gitId":"SahanaAvantika"},"content":"        Scanner s \u003d new Scanner(printFileContents());","lastModifiedDate":"2025-01-31","isFullCredit":false},{"lineNumber":20,"author":{"gitId":"SahanaAvantika"},"content":"        while (s.hasNext()){","lastModifiedDate":"2025-01-31","isFullCredit":false},{"lineNumber":21,"author":{"gitId":"SahanaAvantika"},"content":"            String x \u003d s.nextLine();","lastModifiedDate":"2025-01-31","isFullCredit":false},{"lineNumber":22,"author":{"gitId":"SahanaAvantika"},"content":"            tasks.add(Parser.txtToTask(x));","lastModifiedDate":"2025-01-31","isFullCredit":false},{"lineNumber":23,"author":{"gitId":"SahanaAvantika"},"content":"        }","lastModifiedDate":"2025-01-31","isFullCredit":false},{"lineNumber":24,"author":{"gitId":"SahanaAvantika"},"content":"        return tasks;","lastModifiedDate":"2025-01-31","isFullCredit":false},{"lineNumber":25,"author":{"gitId":"SahanaAvantika"},"content":"    }","lastModifiedDate":"2025-01-31","isFullCredit":false},{"lineNumber":26,"author":{"gitId":"SahanaAvantika"},"content":"","lastModifiedDate":"2025-01-31","isFullCredit":false},{"lineNumber":27,"author":{"gitId":"SahanaAvantika"},"content":"    private String printFileContents() throws FileNotFoundException {","lastModifiedDate":"2025-01-31","isFullCredit":false},{"lineNumber":28,"author":{"gitId":"SahanaAvantika"},"content":"        File f \u003d new File(filepath);","lastModifiedDate":"2025-01-31","isFullCredit":false},{"lineNumber":29,"author":{"gitId":"SahanaAvantika"},"content":"        Scanner s \u003d new Scanner(f);","lastModifiedDate":"2025-01-31","isFullCredit":false},{"lineNumber":30,"author":{"gitId":"SahanaAvantika"},"content":"        String list \u003d \"\";","lastModifiedDate":"2025-01-31","isFullCredit":false},{"lineNumber":31,"author":{"gitId":"SahanaAvantika"},"content":"        while (s.hasNext()) {","lastModifiedDate":"2025-01-31","isFullCredit":false},{"lineNumber":32,"author":{"gitId":"SahanaAvantika"},"content":"            list \u003d list + s.nextLine() + \"\\n\";","lastModifiedDate":"2025-01-31","isFullCredit":false},{"lineNumber":33,"author":{"gitId":"SahanaAvantika"},"content":"        }","lastModifiedDate":"2025-01-31","isFullCredit":false},{"lineNumber":34,"author":{"gitId":"SahanaAvantika"},"content":"        return list;","lastModifiedDate":"2025-01-31","isFullCredit":false},{"lineNumber":35,"author":{"gitId":"SahanaAvantika"},"content":"    }","lastModifiedDate":"2025-01-31","isFullCredit":false},{"lineNumber":36,"author":{"gitId":"SahanaAvantika"},"content":"","lastModifiedDate":"2025-01-31","isFullCredit":false},{"lineNumber":37,"author":{"gitId":"SahanaAvantika"},"content":"    public static void writeToFile(String textToAdd) throws IOException {","lastModifiedDate":"2025-01-31","isFullCredit":false},{"lineNumber":38,"author":{"gitId":"SahanaAvantika"},"content":"        File f \u003d new File(\"data/ben.txt\");","lastModifiedDate":"2025-01-31","isFullCredit":false},{"lineNumber":39,"author":{"gitId":"SahanaAvantika"},"content":"        f.delete();","lastModifiedDate":"2025-01-31","isFullCredit":false},{"lineNumber":40,"author":{"gitId":"SahanaAvantika"},"content":"        FileWriter fw \u003d new FileWriter(\"data/ben.txt\");","lastModifiedDate":"2025-01-31","isFullCredit":false},{"lineNumber":41,"author":{"gitId":"SahanaAvantika"},"content":"        fw.write(textToAdd);","lastModifiedDate":"2025-01-31","isFullCredit":false},{"lineNumber":42,"author":{"gitId":"SahanaAvantika"},"content":"        fw.close();","lastModifiedDate":"2025-01-31","isFullCredit":false},{"lineNumber":43,"author":{"gitId":"SahanaAvantika"},"content":"    }","lastModifiedDate":"2025-01-31","isFullCredit":false},{"lineNumber":44,"author":{"gitId":"SahanaAvantika"},"content":"}","lastModifiedDate":"2025-01-31","isFullCredit":false}],"authorContributionMap":{"SahanaAvantika":44}},{"path":"src/main/java/Task.java","fileType":"java","lines":[{"lineNumber":1,"author":{"gitId":"SahanaAvantika"},"content":"public abstract class Task {","lastModifiedDate":"2025-01-23","isFullCredit":false},{"lineNumber":2,"author":{"gitId":"SahanaAvantika"},"content":"    protected String description;","lastModifiedDate":"2025-01-23","isFullCredit":false},{"lineNumber":3,"author":{"gitId":"SahanaAvantika"},"content":"    protected boolean isDone;","lastModifiedDate":"2025-01-23","isFullCredit":false},{"lineNumber":4,"author":{"gitId":"SahanaAvantika"},"content":"","lastModifiedDate":"2025-01-23","isFullCredit":false},{"lineNumber":5,"author":{"gitId":"SahanaAvantika"},"content":"    public Task(String description) {","lastModifiedDate":"2025-01-23","isFullCredit":false},{"lineNumber":6,"author":{"gitId":"SahanaAvantika"},"content":"        this.description \u003d description;","lastModifiedDate":"2025-01-23","isFullCredit":false},{"lineNumber":7,"author":{"gitId":"SahanaAvantika"},"content":"        this.isDone \u003d false;","lastModifiedDate":"2025-01-23","isFullCredit":false},{"lineNumber":8,"author":{"gitId":"SahanaAvantika"},"content":"    }","lastModifiedDate":"2025-01-23","isFullCredit":false},{"lineNumber":9,"author":{"gitId":"SahanaAvantika"},"content":"","lastModifiedDate":"2025-01-23","isFullCredit":false},{"lineNumber":10,"author":{"gitId":"SahanaAvantika"},"content":"    public void markAsDone(){","lastModifiedDate":"2025-01-23","isFullCredit":false},{"lineNumber":11,"author":{"gitId":"SahanaAvantika"},"content":"        this.isDone \u003d true;","lastModifiedDate":"2025-01-23","isFullCredit":false},{"lineNumber":12,"author":{"gitId":"SahanaAvantika"},"content":"    }","lastModifiedDate":"2025-01-23","isFullCredit":false},{"lineNumber":13,"author":{"gitId":"SahanaAvantika"},"content":"","lastModifiedDate":"2025-01-23","isFullCredit":false},{"lineNumber":14,"author":{"gitId":"SahanaAvantika"},"content":"    public void markAsIncomplete(){","lastModifiedDate":"2025-01-23","isFullCredit":false},{"lineNumber":15,"author":{"gitId":"SahanaAvantika"},"content":"        this.isDone \u003d false;","lastModifiedDate":"2025-01-23","isFullCredit":false},{"lineNumber":16,"author":{"gitId":"SahanaAvantika"},"content":"    }","lastModifiedDate":"2025-01-23","isFullCredit":false},{"lineNumber":17,"author":{"gitId":"SahanaAvantika"},"content":"","lastModifiedDate":"2025-01-23","isFullCredit":false},{"lineNumber":18,"author":{"gitId":"SahanaAvantika"},"content":"    @Override","lastModifiedDate":"2025-01-23","isFullCredit":false},{"lineNumber":19,"author":{"gitId":"SahanaAvantika"},"content":"    public String toString(){","lastModifiedDate":"2025-01-23","isFullCredit":false},{"lineNumber":20,"author":{"gitId":"SahanaAvantika"},"content":"        String s \u003d isDone ? \"[X]\" : \"[ ]\";","lastModifiedDate":"2025-01-23","isFullCredit":false},{"lineNumber":21,"author":{"gitId":"SahanaAvantika"},"content":"        return s + \" \" + description;","lastModifiedDate":"2025-01-23","isFullCredit":false},{"lineNumber":22,"author":{"gitId":"SahanaAvantika"},"content":"    }","lastModifiedDate":"2025-01-23","isFullCredit":false},{"lineNumber":23,"author":{"gitId":"SahanaAvantika"},"content":"","lastModifiedDate":"2025-01-23","isFullCredit":false},{"lineNumber":24,"author":{"gitId":"SahanaAvantika"},"content":"}","lastModifiedDate":"2025-01-23","isFullCredit":false}],"authorContributionMap":{"SahanaAvantika":24}},{"path":"src/main/java/TaskList.java","fileType":"java","lines":[{"lineNumber":1,"author":{"gitId":"SahanaAvantika"},"content":"import java.util.ArrayList;","lastModifiedDate":"2025-01-31","isFullCredit":false},{"lineNumber":2,"author":{"gitId":"SahanaAvantika"},"content":"","lastModifiedDate":"2025-01-31","isFullCredit":false},{"lineNumber":3,"author":{"gitId":"SahanaAvantika"},"content":"public class TaskList {","lastModifiedDate":"2025-01-31","isFullCredit":false},{"lineNumber":4,"author":{"gitId":"SahanaAvantika"},"content":"    private ArrayList\u003cTask\u003e tasks;","lastModifiedDate":"2025-01-31","isFullCredit":false},{"lineNumber":5,"author":{"gitId":"SahanaAvantika"},"content":"","lastModifiedDate":"2025-01-31","isFullCredit":false},{"lineNumber":6,"author":{"gitId":"SahanaAvantika"},"content":"    public TaskList(ArrayList\u003cTask\u003e tasks){","lastModifiedDate":"2025-01-31","isFullCredit":false},{"lineNumber":7,"author":{"gitId":"SahanaAvantika"},"content":"        this.tasks \u003d tasks;","lastModifiedDate":"2025-01-31","isFullCredit":false},{"lineNumber":8,"author":{"gitId":"SahanaAvantika"},"content":"    }","lastModifiedDate":"2025-01-31","isFullCredit":false},{"lineNumber":9,"author":{"gitId":"SahanaAvantika"},"content":"    public TaskList(){","lastModifiedDate":"2025-01-31","isFullCredit":false},{"lineNumber":10,"author":{"gitId":"SahanaAvantika"},"content":"        this.tasks \u003d new ArrayList\u003c\u003e();","lastModifiedDate":"2025-01-31","isFullCredit":false},{"lineNumber":11,"author":{"gitId":"SahanaAvantika"},"content":"    }","lastModifiedDate":"2025-01-31","isFullCredit":false},{"lineNumber":12,"author":{"gitId":"SahanaAvantika"},"content":"","lastModifiedDate":"2025-01-31","isFullCredit":false},{"lineNumber":13,"author":{"gitId":"SahanaAvantika"},"content":"    public void printList(){","lastModifiedDate":"2025-01-31","isFullCredit":false},{"lineNumber":14,"author":{"gitId":"SahanaAvantika"},"content":"        for(int i \u003d 0; i \u003c tasks.size(); i++){","lastModifiedDate":"2025-01-31","isFullCredit":false},{"lineNumber":15,"author":{"gitId":"SahanaAvantika"},"content":"            int s \u003d i + 1;","lastModifiedDate":"2025-01-31","isFullCredit":false},{"lineNumber":16,"author":{"gitId":"SahanaAvantika"},"content":"            System.out.println(s + \".\" + tasks.get(i).toString());","lastModifiedDate":"2025-01-31","isFullCredit":false},{"lineNumber":17,"author":{"gitId":"SahanaAvantika"},"content":"        }","lastModifiedDate":"2025-01-31","isFullCredit":false},{"lineNumber":18,"author":{"gitId":"SahanaAvantika"},"content":"    }","lastModifiedDate":"2025-01-31","isFullCredit":false},{"lineNumber":19,"author":{"gitId":"SahanaAvantika"},"content":"","lastModifiedDate":"2025-01-31","isFullCredit":false},{"lineNumber":20,"author":{"gitId":"SahanaAvantika"},"content":"    public void mark(int i){","lastModifiedDate":"2025-01-31","isFullCredit":false},{"lineNumber":21,"author":{"gitId":"SahanaAvantika"},"content":"        Task c \u003d getTask(i);","lastModifiedDate":"2025-01-31","isFullCredit":false},{"lineNumber":22,"author":{"gitId":"SahanaAvantika"},"content":"        c.markAsDone();","lastModifiedDate":"2025-01-31","isFullCredit":false},{"lineNumber":23,"author":{"gitId":"SahanaAvantika"},"content":"    }","lastModifiedDate":"2025-01-31","isFullCredit":false},{"lineNumber":24,"author":{"gitId":"SahanaAvantika"},"content":"","lastModifiedDate":"2025-01-31","isFullCredit":false},{"lineNumber":25,"author":{"gitId":"SahanaAvantika"},"content":"    public void unmark(int i){","lastModifiedDate":"2025-01-31","isFullCredit":false},{"lineNumber":26,"author":{"gitId":"SahanaAvantika"},"content":"        Task c \u003d getTask(i);","lastModifiedDate":"2025-01-31","isFullCredit":false},{"lineNumber":27,"author":{"gitId":"SahanaAvantika"},"content":"        c.markAsIncomplete();","lastModifiedDate":"2025-01-31","isFullCredit":false},{"lineNumber":28,"author":{"gitId":"SahanaAvantika"},"content":"    }","lastModifiedDate":"2025-01-31","isFullCredit":false},{"lineNumber":29,"author":{"gitId":"SahanaAvantika"},"content":"","lastModifiedDate":"2025-01-31","isFullCredit":false},{"lineNumber":30,"author":{"gitId":"SahanaAvantika"},"content":"    public void delete(int i){","lastModifiedDate":"2025-01-31","isFullCredit":false},{"lineNumber":31,"author":{"gitId":"SahanaAvantika"},"content":"        tasks.remove(i);","lastModifiedDate":"2025-01-31","isFullCredit":false},{"lineNumber":32,"author":{"gitId":"SahanaAvantika"},"content":"    }","lastModifiedDate":"2025-01-31","isFullCredit":false},{"lineNumber":33,"author":{"gitId":"SahanaAvantika"},"content":"","lastModifiedDate":"2025-01-31","isFullCredit":false},{"lineNumber":34,"author":{"gitId":"SahanaAvantika"},"content":"    public void addTask(Task t){","lastModifiedDate":"2025-01-31","isFullCredit":false},{"lineNumber":35,"author":{"gitId":"SahanaAvantika"},"content":"        tasks.add(t);","lastModifiedDate":"2025-01-31","isFullCredit":false},{"lineNumber":36,"author":{"gitId":"SahanaAvantika"},"content":"    }","lastModifiedDate":"2025-01-31","isFullCredit":false},{"lineNumber":37,"author":{"gitId":"SahanaAvantika"},"content":"","lastModifiedDate":"2025-01-31","isFullCredit":false},{"lineNumber":38,"author":{"gitId":"SahanaAvantika"},"content":"    public Task getTask(int i){","lastModifiedDate":"2025-01-31","isFullCredit":false},{"lineNumber":39,"author":{"gitId":"SahanaAvantika"},"content":"        return tasks.get(i);","lastModifiedDate":"2025-01-31","isFullCredit":false},{"lineNumber":40,"author":{"gitId":"SahanaAvantika"},"content":"    }","lastModifiedDate":"2025-01-31","isFullCredit":false},{"lineNumber":41,"author":{"gitId":"SahanaAvantika"},"content":"","lastModifiedDate":"2025-01-31","isFullCredit":false},{"lineNumber":42,"author":{"gitId":"SahanaAvantika"},"content":"    public int size(){","lastModifiedDate":"2025-01-31","isFullCredit":false},{"lineNumber":43,"author":{"gitId":"SahanaAvantika"},"content":"        return tasks.size();","lastModifiedDate":"2025-01-31","isFullCredit":false},{"lineNumber":44,"author":{"gitId":"SahanaAvantika"},"content":"    }","lastModifiedDate":"2025-01-31","isFullCredit":false},{"lineNumber":45,"author":{"gitId":"SahanaAvantika"},"content":"","lastModifiedDate":"2025-01-31","isFullCredit":false},{"lineNumber":46,"author":{"gitId":"SahanaAvantika"},"content":"    public String printListForStorage(){","lastModifiedDate":"2025-01-31","isFullCredit":false},{"lineNumber":47,"author":{"gitId":"SahanaAvantika"},"content":"        String s \u003d \"\";","lastModifiedDate":"2025-01-31","isFullCredit":false},{"lineNumber":48,"author":{"gitId":"SahanaAvantika"},"content":"        for (Task task : tasks) {","lastModifiedDate":"2025-01-31","isFullCredit":false},{"lineNumber":49,"author":{"gitId":"SahanaAvantika"},"content":"            s \u003d s + task.toString() + \"\\n\";","lastModifiedDate":"2025-01-31","isFullCredit":false},{"lineNumber":50,"author":{"gitId":"SahanaAvantika"},"content":"        }","lastModifiedDate":"2025-01-31","isFullCredit":false},{"lineNumber":51,"author":{"gitId":"SahanaAvantika"},"content":"        return s;","lastModifiedDate":"2025-01-31","isFullCredit":false},{"lineNumber":52,"author":{"gitId":"SahanaAvantika"},"content":"    }","lastModifiedDate":"2025-01-31","isFullCredit":false},{"lineNumber":53,"author":{"gitId":"SahanaAvantika"},"content":"","lastModifiedDate":"2025-01-31","isFullCredit":false},{"lineNumber":54,"author":{"gitId":"SahanaAvantika"},"content":"}","lastModifiedDate":"2025-01-31","isFullCredit":false}],"authorContributionMap":{"SahanaAvantika":54}},{"path":"src/main/java/ToDos.java","fileType":"java","lines":[{"lineNumber":1,"author":{"gitId":"SahanaAvantika"},"content":"public class ToDos extends  Task{","lastModifiedDate":"2025-01-23","isFullCredit":false},{"lineNumber":2,"author":{"gitId":"SahanaAvantika"},"content":"","lastModifiedDate":"2025-01-23","isFullCredit":false},{"lineNumber":3,"author":{"gitId":"SahanaAvantika"},"content":"    public ToDos(String description){","lastModifiedDate":"2025-01-23","isFullCredit":false},{"lineNumber":4,"author":{"gitId":"SahanaAvantika"},"content":"        super(description);","lastModifiedDate":"2025-01-23","isFullCredit":false},{"lineNumber":5,"author":{"gitId":"SahanaAvantika"},"content":"    }","lastModifiedDate":"2025-01-23","isFullCredit":false},{"lineNumber":6,"author":{"gitId":"SahanaAvantika"},"content":"","lastModifiedDate":"2025-01-23","isFullCredit":false},{"lineNumber":7,"author":{"gitId":"SahanaAvantika"},"content":"    @Override","lastModifiedDate":"2025-01-23","isFullCredit":false},{"lineNumber":8,"author":{"gitId":"SahanaAvantika"},"content":"    public String toString(){","lastModifiedDate":"2025-01-23","isFullCredit":false},{"lineNumber":9,"author":{"gitId":"SahanaAvantika"},"content":"        return \"[T]\" + super.toString();","lastModifiedDate":"2025-01-23","isFullCredit":false},{"lineNumber":10,"author":{"gitId":"SahanaAvantika"},"content":"    }","lastModifiedDate":"2025-01-23","isFullCredit":false},{"lineNumber":11,"author":{"gitId":"SahanaAvantika"},"content":"}","lastModifiedDate":"2025-01-23","isFullCredit":false}],"authorContributionMap":{"SahanaAvantika":11}},{"path":"src/main/java/Ui.java","fileType":"java","lines":[{"lineNumber":1,"author":{"gitId":"SahanaAvantika"},"content":"public class Ui {","lastModifiedDate":"2025-01-31","isFullCredit":false},{"lineNumber":2,"author":{"gitId":"SahanaAvantika"},"content":"    public static void introMsg(){","lastModifiedDate":"2025-01-31","isFullCredit":false},{"lineNumber":3,"author":{"gitId":"SahanaAvantika"},"content":"        System.out.println(\"Hello! I\u0027m Ben\");","lastModifiedDate":"2025-01-31","isFullCredit":false},{"lineNumber":4,"author":{"gitId":"SahanaAvantika"},"content":"        System.out.println(\"What can I do for you?\");","lastModifiedDate":"2025-01-31","isFullCredit":false},{"lineNumber":5,"author":{"gitId":"SahanaAvantika"},"content":"","lastModifiedDate":"2025-01-31","isFullCredit":false},{"lineNumber":6,"author":{"gitId":"SahanaAvantika"},"content":"        System.out.println(\"For a todo task, use: todo [task description]\");","lastModifiedDate":"2025-01-31","isFullCredit":false},{"lineNumber":7,"author":{"gitId":"SahanaAvantika"},"content":"        System.out.println(\"Example: todo Buy groceries\");","lastModifiedDate":"2025-01-31","isFullCredit":false},{"lineNumber":8,"author":{"gitId":"SahanaAvantika"},"content":"","lastModifiedDate":"2025-01-31","isFullCredit":false},{"lineNumber":9,"author":{"gitId":"SahanaAvantika"},"content":"        System.out.println(\"For a deadline task, use: deadline [task description] /by [yyyy-MM-dd HH:mm]\");","lastModifiedDate":"2025-01-31","isFullCredit":false},{"lineNumber":10,"author":{"gitId":"SahanaAvantika"},"content":"        System.out.println(\"Example: deadline Submit report /by 2025-03-15 23:59\");","lastModifiedDate":"2025-01-31","isFullCredit":false},{"lineNumber":11,"author":{"gitId":"SahanaAvantika"},"content":"","lastModifiedDate":"2025-01-31","isFullCredit":false},{"lineNumber":12,"author":{"gitId":"SahanaAvantika"},"content":"        System.out.println(\"For an event, use: event [event description] /from [yyyy-MM-dd HH:mm] /to [yyyy-MM-dd HH:mm]\");","lastModifiedDate":"2025-01-31","isFullCredit":false},{"lineNumber":13,"author":{"gitId":"SahanaAvantika"},"content":"        System.out.println(\"Example: event Team meeting /from 2025-03-15 14:00 /to 2025-03-15 15:30\");","lastModifiedDate":"2025-01-31","isFullCredit":false},{"lineNumber":14,"author":{"gitId":"SahanaAvantika"},"content":"    }","lastModifiedDate":"2025-01-31","isFullCredit":false},{"lineNumber":15,"author":{"gitId":"SahanaAvantika"},"content":"","lastModifiedDate":"2025-01-31","isFullCredit":false},{"lineNumber":16,"author":{"gitId":"SahanaAvantika"},"content":"    public static void showLoadingError(){","lastModifiedDate":"2025-01-31","isFullCredit":false},{"lineNumber":17,"author":{"gitId":"SahanaAvantika"},"content":"        System.out.println(\"damn loading error, the list has been reset :( \");","lastModifiedDate":"2025-01-31","isFullCredit":false},{"lineNumber":18,"author":{"gitId":"SahanaAvantika"},"content":"    }","lastModifiedDate":"2025-01-31","isFullCredit":false},{"lineNumber":19,"author":{"gitId":"SahanaAvantika"},"content":"","lastModifiedDate":"2025-01-31","isFullCredit":false},{"lineNumber":20,"author":{"gitId":"SahanaAvantika"},"content":"    public static void bye(){","lastModifiedDate":"2025-01-31","isFullCredit":false},{"lineNumber":21,"author":{"gitId":"SahanaAvantika"},"content":"        System.out.println(\"Bye. Hope to see you again soon!\");","lastModifiedDate":"2025-01-31","isFullCredit":false},{"lineNumber":22,"author":{"gitId":"SahanaAvantika"},"content":"    }","lastModifiedDate":"2025-01-31","isFullCredit":false},{"lineNumber":23,"author":{"gitId":"SahanaAvantika"},"content":"","lastModifiedDate":"2025-01-31","isFullCredit":false},{"lineNumber":24,"author":{"gitId":"SahanaAvantika"},"content":"    public static void markDone(TaskList list, int i){","lastModifiedDate":"2025-01-31","isFullCredit":false},{"lineNumber":25,"author":{"gitId":"SahanaAvantika"},"content":"        Task t \u003d list.getTask(i);","lastModifiedDate":"2025-01-31","isFullCredit":false},{"lineNumber":26,"author":{"gitId":"SahanaAvantika"},"content":"        System.out.println(\"Nice! I\u0027ve marked this task as done:\");","lastModifiedDate":"2025-01-31","isFullCredit":false},{"lineNumber":27,"author":{"gitId":"SahanaAvantika"},"content":"        System.out.println(\"  \" + t.toString());","lastModifiedDate":"2025-01-31","isFullCredit":false},{"lineNumber":28,"author":{"gitId":"SahanaAvantika"},"content":"    }","lastModifiedDate":"2025-01-31","isFullCredit":false},{"lineNumber":29,"author":{"gitId":"SahanaAvantika"},"content":"","lastModifiedDate":"2025-01-31","isFullCredit":false},{"lineNumber":30,"author":{"gitId":"SahanaAvantika"},"content":"    public static void markUndone(TaskList list, int i){","lastModifiedDate":"2025-01-31","isFullCredit":false},{"lineNumber":31,"author":{"gitId":"SahanaAvantika"},"content":"        Task t \u003d list.getTask(i);","lastModifiedDate":"2025-01-31","isFullCredit":false},{"lineNumber":32,"author":{"gitId":"SahanaAvantika"},"content":"        System.out.println(\"OK, I\u0027ve marked this task as not done yet:\");","lastModifiedDate":"2025-01-31","isFullCredit":false},{"lineNumber":33,"author":{"gitId":"SahanaAvantika"},"content":"        System.out.println(\"  \" + t.toString());","lastModifiedDate":"2025-01-31","isFullCredit":false},{"lineNumber":34,"author":{"gitId":"SahanaAvantika"},"content":"    }","lastModifiedDate":"2025-01-31","isFullCredit":false},{"lineNumber":35,"author":{"gitId":"SahanaAvantika"},"content":"","lastModifiedDate":"2025-01-31","isFullCredit":false},{"lineNumber":36,"author":{"gitId":"SahanaAvantika"},"content":"    public static void deleteTask(Task t, TaskList list) {","lastModifiedDate":"2025-01-31","isFullCredit":false},{"lineNumber":37,"author":{"gitId":"SahanaAvantika"},"content":"        System.out.println(\"Noted. I\u0027ve removed this task:\");","lastModifiedDate":"2025-01-31","isFullCredit":false},{"lineNumber":38,"author":{"gitId":"SahanaAvantika"},"content":"        System.out.println(\"  \" + t.toString());","lastModifiedDate":"2025-01-31","isFullCredit":false},{"lineNumber":39,"author":{"gitId":"SahanaAvantika"},"content":"        int length \u003d list.size();","lastModifiedDate":"2025-01-31","isFullCredit":false},{"lineNumber":40,"author":{"gitId":"SahanaAvantika"},"content":"        System.out.println(\"Now you have \" + length + \" tasks in the list.\");","lastModifiedDate":"2025-01-31","isFullCredit":false},{"lineNumber":41,"author":{"gitId":"SahanaAvantika"},"content":"    }","lastModifiedDate":"2025-01-31","isFullCredit":false},{"lineNumber":42,"author":{"gitId":"SahanaAvantika"},"content":"","lastModifiedDate":"2025-01-31","isFullCredit":false},{"lineNumber":43,"author":{"gitId":"SahanaAvantika"},"content":"    public static void addTask(Task t, TaskList list){","lastModifiedDate":"2025-01-31","isFullCredit":false},{"lineNumber":44,"author":{"gitId":"SahanaAvantika"},"content":"        System.out.println(\"Got it. I\u0027ve added this task:\");","lastModifiedDate":"2025-01-31","isFullCredit":false},{"lineNumber":45,"author":{"gitId":"SahanaAvantika"},"content":"        System.out.println(\"  \" + t.toString());","lastModifiedDate":"2025-01-31","isFullCredit":false},{"lineNumber":46,"author":{"gitId":"SahanaAvantika"},"content":"        System.out.println(\"Now you have \" + list.size() + \" tasks in the list.\");","lastModifiedDate":"2025-01-31","isFullCredit":false},{"lineNumber":47,"author":{"gitId":"SahanaAvantika"},"content":"    }","lastModifiedDate":"2025-01-31","isFullCredit":false},{"lineNumber":48,"author":{"gitId":"SahanaAvantika"},"content":"","lastModifiedDate":"2025-01-31","isFullCredit":false},{"lineNumber":49,"author":{"gitId":"SahanaAvantika"},"content":"    public static void list(){","lastModifiedDate":"2025-01-31","isFullCredit":false},{"lineNumber":50,"author":{"gitId":"SahanaAvantika"},"content":"        System.out.println(\"Here are the tasks in your list:\");","lastModifiedDate":"2025-01-31","isFullCredit":false},{"lineNumber":51,"author":{"gitId":"SahanaAvantika"},"content":"    }","lastModifiedDate":"2025-01-31","isFullCredit":false},{"lineNumber":52,"author":{"gitId":"SahanaAvantika"},"content":"}","lastModifiedDate":"2025-01-31","isFullCredit":false},{"lineNumber":53,"author":{"gitId":"SahanaAvantika"},"content":"","lastModifiedDate":"2025-01-31","isFullCredit":false}],"authorContributionMap":{"SahanaAvantika":53}},{"path":"src/main/java/UnmarkCommand.java","fileType":"java","lines":[{"lineNumber":1,"author":{"gitId":"SahanaAvantika"},"content":"public class UnmarkCommand extends Commands{","lastModifiedDate":"2025-01-31","isFullCredit":false},{"lineNumber":2,"author":{"gitId":"SahanaAvantika"},"content":"    int i;","lastModifiedDate":"2025-01-31","isFullCredit":false},{"lineNumber":3,"author":{"gitId":"SahanaAvantika"},"content":"","lastModifiedDate":"2025-01-31","isFullCredit":false},{"lineNumber":4,"author":{"gitId":"SahanaAvantika"},"content":"    public UnmarkCommand(int i) {","lastModifiedDate":"2025-01-31","isFullCredit":false},{"lineNumber":5,"author":{"gitId":"SahanaAvantika"},"content":"        this.i \u003d i;","lastModifiedDate":"2025-01-31","isFullCredit":false},{"lineNumber":6,"author":{"gitId":"SahanaAvantika"},"content":"    }","lastModifiedDate":"2025-01-31","isFullCredit":false},{"lineNumber":7,"author":{"gitId":"SahanaAvantika"},"content":"","lastModifiedDate":"2025-01-31","isFullCredit":false},{"lineNumber":8,"author":{"gitId":"SahanaAvantika"},"content":"    @Override","lastModifiedDate":"2025-01-31","isFullCredit":false},{"lineNumber":9,"author":{"gitId":"SahanaAvantika"},"content":"    public void execute(TaskList list, Ui ui, Storage storage){","lastModifiedDate":"2025-01-31","isFullCredit":false},{"lineNumber":10,"author":{"gitId":"SahanaAvantika"},"content":"        list.unmark(i);","lastModifiedDate":"2025-01-31","isFullCredit":false},{"lineNumber":11,"author":{"gitId":"SahanaAvantika"},"content":"        ui.markUndone(list, i);","lastModifiedDate":"2025-01-31","isFullCredit":false},{"lineNumber":12,"author":{"gitId":"SahanaAvantika"},"content":"    }","lastModifiedDate":"2025-01-31","isFullCredit":false},{"lineNumber":13,"author":{"gitId":"SahanaAvantika"},"content":"","lastModifiedDate":"2025-01-31","isFullCredit":false},{"lineNumber":14,"author":{"gitId":"SahanaAvantika"},"content":"    @Override","lastModifiedDate":"2025-01-31","isFullCredit":false},{"lineNumber":15,"author":{"gitId":"SahanaAvantika"},"content":"    public boolean isExit(){","lastModifiedDate":"2025-01-31","isFullCredit":false},{"lineNumber":16,"author":{"gitId":"SahanaAvantika"},"content":"        return false;","lastModifiedDate":"2025-01-31","isFullCredit":false},{"lineNumber":17,"author":{"gitId":"SahanaAvantika"},"content":"    }","lastModifiedDate":"2025-01-31","isFullCredit":false},{"lineNumber":18,"author":{"gitId":"SahanaAvantika"},"content":"}","lastModifiedDate":"2025-01-31","isFullCredit":false}],"authorContributionMap":{"SahanaAvantika":18}},{"path":"text-ui-test/input.txt","fileType":"txt","lines":[{"lineNumber":1,"author":{"gitId":"SahanaAvantika"},"content":"todo read book","lastModifiedDate":"2025-01-23","isFullCredit":false},{"lineNumber":2,"author":{"gitId":"SahanaAvantika"},"content":"deadline return book /by June 6th","lastModifiedDate":"2025-01-23","isFullCredit":false},{"lineNumber":3,"author":{"gitId":"SahanaAvantika"},"content":"event project meeting/from Aug 6th 2pm /to 4pm","lastModifiedDate":"2025-01-23","isFullCredit":false},{"lineNumber":4,"author":{"gitId":"SahanaAvantika"},"content":"todo join sports club","lastModifiedDate":"2025-01-23","isFullCredit":false},{"lineNumber":5,"author":{"gitId":"SahanaAvantika"},"content":"mark 1","lastModifiedDate":"2025-01-23","isFullCredit":false},{"lineNumber":6,"author":{"gitId":"SahanaAvantika"},"content":"mark 4","lastModifiedDate":"2025-01-23","isFullCredit":false},{"lineNumber":7,"author":{"gitId":"SahanaAvantika"},"content":"todo borrow book","lastModifiedDate":"2025-01-23","isFullCredit":false},{"lineNumber":8,"author":{"gitId":"SahanaAvantika"},"content":"list","lastModifiedDate":"2025-01-23","isFullCredit":false},{"lineNumber":9,"author":{"gitId":"SahanaAvantika"},"content":"deadline return book /by Sunday","lastModifiedDate":"2025-01-23","isFullCredit":false},{"lineNumber":10,"author":{"gitId":"SahanaAvantika"},"content":"event project meeting /from Mon 2pm /to 4pm","lastModifiedDate":"2025-01-23","isFullCredit":false},{"lineNumber":11,"author":{"gitId":"SahanaAvantika"},"content":"bye","lastModifiedDate":"2025-01-23","isFullCredit":false}],"authorContributionMap":{"SahanaAvantika":11}},{"path":"text-ui-test/runtest.bat","fileType":"bat","lines":[{"lineNumber":1,"author":{"gitId":"-"},"content":"@ECHO OFF","lastModifiedDate":"2020-05-25","isFullCredit":false},{"lineNumber":2,"author":{"gitId":"-"},"content":"","lastModifiedDate":"2020-05-25","isFullCredit":false},{"lineNumber":3,"author":{"gitId":"-"},"content":"REM create bin directory if it doesn\u0027t exist","lastModifiedDate":"2020-05-25","isFullCredit":false},{"lineNumber":4,"author":{"gitId":"-"},"content":"if not exist ..\\bin mkdir ..\\bin","lastModifiedDate":"2020-05-25","isFullCredit":false},{"lineNumber":5,"author":{"gitId":"-"},"content":"","lastModifiedDate":"2020-05-25","isFullCredit":false},{"lineNumber":6,"author":{"gitId":"-"},"content":"REM delete output from previous run","lastModifiedDate":"2020-05-25","isFullCredit":false},{"lineNumber":7,"author":{"gitId":"-"},"content":"if exist ACTUAL.TXT del ACTUAL.TXT","lastModifiedDate":"2020-08-25","isFullCredit":false},{"lineNumber":8,"author":{"gitId":"-"},"content":"","lastModifiedDate":"2020-05-25","isFullCredit":false},{"lineNumber":9,"author":{"gitId":"-"},"content":"REM compile the code into the bin folder","lastModifiedDate":"2020-05-25","isFullCredit":false},{"lineNumber":10,"author":{"gitId":"-"},"content":"javac  -cp ..\\src\\main\\java -Xlint:none -d ..\\bin ..\\src\\main\\java\\*.java","lastModifiedDate":"2020-08-25","isFullCredit":false},{"lineNumber":11,"author":{"gitId":"-"},"content":"IF ERRORLEVEL 1 (","lastModifiedDate":"2020-05-25","isFullCredit":false},{"lineNumber":12,"author":{"gitId":"-"},"content":"    echo ********** BUILD FAILURE **********","lastModifiedDate":"2020-05-25","isFullCredit":false},{"lineNumber":13,"author":{"gitId":"-"},"content":"    exit /b 1","lastModifiedDate":"2020-05-25","isFullCredit":false},{"lineNumber":14,"author":{"gitId":"-"},"content":")","lastModifiedDate":"2020-05-25","isFullCredit":false},{"lineNumber":15,"author":{"gitId":"-"},"content":"REM no error here, errorlevel \u003d\u003d 0","lastModifiedDate":"2020-05-25","isFullCredit":false},{"lineNumber":16,"author":{"gitId":"-"},"content":"","lastModifiedDate":"2020-05-25","isFullCredit":false},{"lineNumber":17,"author":{"gitId":"-"},"content":"REM run the program, feed commands from input.txt file and redirect the output to the ACTUAL.TXT","lastModifiedDate":"2020-05-25","isFullCredit":false},{"lineNumber":18,"author":{"gitId":"SahanaAvantika"},"content":"java -classpath ..\\bin Ben \u003c input.txt \u003e ACTUAL.TXT","lastModifiedDate":"2025-01-23","isFullCredit":false},{"lineNumber":19,"author":{"gitId":"-"},"content":"","lastModifiedDate":"2020-05-25","isFullCredit":false},{"lineNumber":20,"author":{"gitId":"-"},"content":"REM compare the output to the expected output","lastModifiedDate":"2020-05-25","isFullCredit":false},{"lineNumber":21,"author":{"gitId":"-"},"content":"FC ACTUAL.TXT EXPECTED.TXT","lastModifiedDate":"2020-05-25","isFullCredit":false}],"authorContributionMap":{"SahanaAvantika":1,"-":20}},{"path":"text-ui-test/runtest.sh","fileType":"sh","lines":[{"lineNumber":1,"author":{"gitId":"-"},"content":"#!/usr/bin/env bash","lastModifiedDate":"2020-05-25","isFullCredit":false},{"lineNumber":2,"author":{"gitId":"-"},"content":"","lastModifiedDate":"2020-05-25","isFullCredit":false},{"lineNumber":3,"author":{"gitId":"-"},"content":"# create bin directory if it doesn\u0027t exist","lastModifiedDate":"2020-05-25","isFullCredit":false},{"lineNumber":4,"author":{"gitId":"-"},"content":"if [ ! -d \"../bin\" ]","lastModifiedDate":"2020-05-25","isFullCredit":false},{"lineNumber":5,"author":{"gitId":"-"},"content":"then","lastModifiedDate":"2020-05-25","isFullCredit":false},{"lineNumber":6,"author":{"gitId":"-"},"content":"    mkdir ../bin","lastModifiedDate":"2020-05-25","isFullCredit":false},{"lineNumber":7,"author":{"gitId":"-"},"content":"fi","lastModifiedDate":"2020-05-25","isFullCredit":false},{"lineNumber":8,"author":{"gitId":"-"},"content":"","lastModifiedDate":"2020-05-25","isFullCredit":false},{"lineNumber":9,"author":{"gitId":"-"},"content":"# delete output from previous run","lastModifiedDate":"2020-05-25","isFullCredit":false},{"lineNumber":10,"author":{"gitId":"-"},"content":"if [ -e \"./ACTUAL.TXT\" ]","lastModifiedDate":"2020-05-25","isFullCredit":false},{"lineNumber":11,"author":{"gitId":"-"},"content":"then","lastModifiedDate":"2020-05-25","isFullCredit":false},{"lineNumber":12,"author":{"gitId":"-"},"content":"    rm ACTUAL.TXT","lastModifiedDate":"2020-05-25","isFullCredit":false},{"lineNumber":13,"author":{"gitId":"-"},"content":"fi","lastModifiedDate":"2020-05-25","isFullCredit":false},{"lineNumber":14,"author":{"gitId":"-"},"content":"","lastModifiedDate":"2020-05-25","isFullCredit":false},{"lineNumber":15,"author":{"gitId":"-"},"content":"# compile the code into the bin folder, terminates if error occurred","lastModifiedDate":"2020-05-25","isFullCredit":false},{"lineNumber":16,"author":{"gitId":"-"},"content":"if ! javac -cp ../src/main/java -Xlint:none -d ../bin ../src/main/java/*.java","lastModifiedDate":"2020-08-25","isFullCredit":false},{"lineNumber":17,"author":{"gitId":"-"},"content":"then","lastModifiedDate":"2020-05-25","isFullCredit":false},{"lineNumber":18,"author":{"gitId":"-"},"content":"    echo \"********** BUILD FAILURE **********\"","lastModifiedDate":"2020-05-25","isFullCredit":false},{"lineNumber":19,"author":{"gitId":"-"},"content":"    exit 1","lastModifiedDate":"2020-05-25","isFullCredit":false},{"lineNumber":20,"author":{"gitId":"-"},"content":"fi","lastModifiedDate":"2020-05-25","isFullCredit":false},{"lineNumber":21,"author":{"gitId":"-"},"content":"","lastModifiedDate":"2020-05-25","isFullCredit":false},{"lineNumber":22,"author":{"gitId":"-"},"content":"# run the program, feed commands from input.txt file and redirect the output to the ACTUAL.TXT","lastModifiedDate":"2020-05-25","isFullCredit":false},{"lineNumber":23,"author":{"gitId":"SahanaAvantika"},"content":"java -classpath ../bin Ben \u003c input.txt \u003e ACTUAL.TXT","lastModifiedDate":"2025-01-23","isFullCredit":false},{"lineNumber":24,"author":{"gitId":"-"},"content":"","lastModifiedDate":"2020-05-25","isFullCredit":false},{"lineNumber":25,"author":{"gitId":"-"},"content":"# convert to UNIX format","lastModifiedDate":"2020-05-25","isFullCredit":false},{"lineNumber":26,"author":{"gitId":"-"},"content":"cp EXPECTED.TXT EXPECTED-UNIX.TXT","lastModifiedDate":"2020-05-25","isFullCredit":false},{"lineNumber":27,"author":{"gitId":"-"},"content":"dos2unix ACTUAL.TXT EXPECTED-UNIX.TXT","lastModifiedDate":"2020-05-25","isFullCredit":false},{"lineNumber":28,"author":{"gitId":"-"},"content":"","lastModifiedDate":"2020-05-25","isFullCredit":false},{"lineNumber":29,"author":{"gitId":"-"},"content":"# compare the output to the expected output","lastModifiedDate":"2020-05-25","isFullCredit":false},{"lineNumber":30,"author":{"gitId":"-"},"content":"diff ACTUAL.TXT EXPECTED-UNIX.TXT","lastModifiedDate":"2020-05-25","isFullCredit":false},{"lineNumber":31,"author":{"gitId":"-"},"content":"if [ $? -eq 0 ]","lastModifiedDate":"2020-05-25","isFullCredit":false},{"lineNumber":32,"author":{"gitId":"-"},"content":"then","lastModifiedDate":"2020-05-25","isFullCredit":false},{"lineNumber":33,"author":{"gitId":"-"},"content":"    echo \"Test result: PASSED\"","lastModifiedDate":"2020-05-25","isFullCredit":false},{"lineNumber":34,"author":{"gitId":"-"},"content":"    exit 0","lastModifiedDate":"2020-05-25","isFullCredit":false},{"lineNumber":35,"author":{"gitId":"-"},"content":"else","lastModifiedDate":"2020-05-25","isFullCredit":false},{"lineNumber":36,"author":{"gitId":"-"},"content":"    echo \"Test result: FAILED\"","lastModifiedDate":"2020-05-25","isFullCredit":false},{"lineNumber":37,"author":{"gitId":"-"},"content":"    exit 1","lastModifiedDate":"2020-05-25","isFullCredit":false},{"lineNumber":38,"author":{"gitId":"-"},"content":"fi","lastModifiedDate":"2020-05-25","isFullCredit":false}],"authorContributionMap":{"SahanaAvantika":1,"-":37}}]
