{"authorDailyContributionsMap":{"SahanaAvantika":[{"date":"2025-01-23","commitResults":[{"hash":"d678f6e699f3c65ad4fd63217711dace6176a805","isMergeCommit":false,"messageTitle":"Week 2 ip completed","messageBody":"","fileTypesAndContributionMap":{"java":{"insertions":20,"deletions":0}}},{"hash":"87c24dde3b21c7105ec0e128f160f89de6a7db35","isMergeCommit":false,"messageTitle":"week 2 ip completed","messageBody":"","tags":["Level-6","Level-5","Level-4","Level-3","Level-2","Level-1","Level-0","A-TextUiTesting","A-Enums"],"fileTypesAndContributionMap":{"txt":{"insertions":11,"deletions":0},"java":{"insertions":167,"deletions":17},"bat":{"insertions":1,"deletions":1},"sh":{"insertions":1,"deletions":1},"md":{"insertions":3,"deletions":3}}}]}]},"authorFileTypeContributionMap":{"SahanaAvantika":{"java":177,"md":3,"fxml":0,"sh":1,"bat":1,"gradle":0,"txt":11}},"authorContributionVariance":{"SahanaAvantika":3357.7808},"authorDisplayNameMap":{"SahanaAvantika":"CS2103T-T11-2 RAME..TIKA"}}
