{"authorDailyContributionsMap":{"adoubleb":[{"date":"2025-01-19","commitResults":[{"hash":"10687617a376da476d6a1041c5bf7d8b2e0ba504","isMergeCommit":false,"messageTitle":"Changed Duke.java to Brownie.java and edited text","messageBody":"","tags":["Level-0"],"fileTypesAndContributionMap":{"java":{"insertions":6,"deletions":10}}}]},{"date":"2025-01-20","commitResults":[{"hash":"1202e8be0d13eb7b30873f976b32020c3d7cca72","isMergeCommit":false,"messageTitle":"Brownie echoes","messageBody":"","tags":["Level-1"],"fileTypesAndContributionMap":{"java":{"insertions":23,"deletions":2}}},{"hash":"928a58a296782e234e578b21da2fbd59be0a4ad9","isMergeCommit":false,"messageTitle":"Brownie saves into a list","messageBody":"","tags":["Level-2"],"fileTypesAndContributionMap":{"java":{"insertions":16,"deletions":3}}},{"hash":"b7caf104635697e886f337e460db423b466302fd","isMergeCommit":false,"messageTitle":"Brownie can mark and umark tasks","messageBody":"","tags":["Level-3"],"fileTypesAndContributionMap":{"java":{"insertions":47,"deletions":2}}}]},{"date":"2025-01-22","commitResults":[{"hash":"53e523626d467237a54249853d52d451a88864a8","isMergeCommit":false,"messageTitle":"added different types of tasks","messageBody":"","tags":["Level-4"],"fileTypesAndContributionMap":{"java":{"insertions":88,"deletions":3}}},{"hash":"5ec66433c7430efd4b00cfabd7de66771137a558","isMergeCommit":false,"messageTitle":"Update Exception handling for invalid commands","messageBody":"Printing error messages manually\nBad practise\nCreate custom exception for more explicit error messages\n","tags":["Level-5"],"fileTypesAndContributionMap":{"java":{"insertions":133,"deletions":80}}},{"hash":"ced284f37d6b493d04c1d7a23c5065726aaf0ba2","isMergeCommit":false,"messageTitle":"Add delete functionality","messageBody":"","tags":["Level-6"],"fileTypesAndContributionMap":{"java":{"insertions":14,"deletions":1}}}]},{"date":"2025-01-24","commitResults":[{"hash":"8c2a3bddd79d06eee5eb205c1b4c24275719db57","isMergeCommit":false,"messageTitle":"Add testing","messageBody":"","tags":["A-TextUiTesting"],"fileTypesAndContributionMap":{"txt":{"insertions":6,"deletions":0},"sh":{"insertions":1,"deletions":1}}}]},{"date":"2025-01-28","commitResults":[{"hash":"c09b1d330826a89d3bccdda54758bf1bca9b16a4","isMergeCommit":false,"messageTitle":"Store tasklist in disk memory","messageBody":"","fileTypesAndContributionMap":{"txt":{"insertions":2,"deletions":0},"java":{"insertions":269,"deletions":38}}},{"hash":"215f678a41745e999d4159a370282c2b3d3bb98d","isMergeCommit":true,"messageTitle":"Merge branch \u0027branch-Level-7\u0027 Merge branch-Level-7 into master","messageBody":"Integrate feature store tasklist into disk memory\n","tags":["Level-7"],"fileTypesAndContributionMap":{}}]},{"date":"2025-01-30","commitResults":[{"hash":"3eabe08533eaf2b21057f696dc5c1826f128503b","isMergeCommit":false,"messageTitle":"Store time and dates as LocalDateTime","messageBody":"","fileTypesAndContributionMap":{"txt":{"insertions":2,"deletions":2},"java":{"insertions":97,"deletions":17}}},{"hash":"a51670e6b8d3e63dff874d0cbf2259ec8a738402","isMergeCommit":true,"messageTitle":"Merge branch \u0027branch-Level-8\u0027 Merge branch branch-Level-8","messageBody":"Time and dates treated as String\n\nMerge will handle them as LocalDateTime\n","tags":["Level-8"],"fileTypesAndContributionMap":{}},{"hash":"bb1d429ca5c586709532e107c316e72e35b41f9a","isMergeCommit":false,"messageTitle":"Integrate more OOP","messageBody":"","fileTypesAndContributionMap":{"txt":{"insertions":2,"deletions":0},"java":{"insertions":362,"deletions":168}}},{"hash":"f653fa0159079d106e6af07e5935febfbda1ed10","isMergeCommit":true,"messageTitle":"Merge branch \u0027moreOOP\u0027 Integrate more OOP features","messageBody":"Create Command classes\n\nCreate UI class\n\nAdd another parsing class\n","tags":["A-MoreOOP"],"fileTypesAndContributionMap":{}}]},{"date":"2025-01-31","commitResults":[{"hash":"f212856577f1916a2b265c3ea041eb36108bd5be","isMergeCommit":true,"messageTitle":"Merge branch \u0027add-gradle-support\u0027 Add gradle support","messageBody":"","fileTypesAndContributionMap":{}},{"hash":"e8726887e14998e3d9decfdf443b74e5be9d755d","isMergeCommit":false,"messageTitle":"Adapt gradle to personal project","messageBody":"","fileTypesAndContributionMap":{"gradle":{"insertions":3,"deletions":2}}},{"hash":"2ab9bf6c5d2a0ac808302aaa522df951113c45c0","isMergeCommit":true,"messageTitle":"Merge branch \u0027add-gradle-support\u0027","messageBody":"Adapt to personal project\n","tags":["A-Gradle"],"fileTypesAndContributionMap":{}},{"hash":"896e2e0a7797b0eddc6fbda981f4b1b9715560d6","isMergeCommit":false,"messageTitle":"Add junit tests","messageBody":"","fileTypesAndContributionMap":{"java":{"insertions":177,"deletions":0}}},{"hash":"888a07b85520d825b196791bd6ea38afdb53e108","isMergeCommit":true,"messageTitle":"Merge branch \u0027add-junit\u0027 Add junit tests","messageBody":"","tags":["A-JUnit"],"fileTypesAndContributionMap":{}},{"hash":"483525682adb1df26a865b1a24e83bbba7e51c01","isMergeCommit":false,"messageTitle":"Configure build.gradle to create jar","messageBody":"","tags":["A-Jar"],"fileTypesAndContributionMap":{"gradle":{"insertions":1,"deletions":0}}},{"hash":"fc1ed712c7494a281b4eb03978578712f0743a2f","isMergeCommit":false,"messageTitle":"Add javadoc to Brownie class","messageBody":"","fileTypesAndContributionMap":{"java":{"insertions":41,"deletions":0}}},{"hash":"e62b7329777537b7bdb45c1fa72653697e746b9f","isMergeCommit":false,"messageTitle":"Add javadocs to all command classes","messageBody":"","fileTypesAndContributionMap":{"java":{"insertions":120,"deletions":0}}},{"hash":"62fdae790db8b7e2ca0607116b8ca49ec22388fe","isMergeCommit":false,"messageTitle":"Add javadocs to exception class","messageBody":"","fileTypesAndContributionMap":{"java":{"insertions":11,"deletions":0}}},{"hash":"42f75937e460ea65a5a051b863ef546d37553ff7","isMergeCommit":false,"messageTitle":"Add javadocs to TasklistManager","messageBody":"","fileTypesAndContributionMap":{"java":{"insertions":15,"deletions":0}}},{"hash":"d45a0a2c9b5e73d8eaa91693c4a37c2899091cc1","isMergeCommit":false,"messageTitle":"Add javadocs to all parser class","messageBody":"","fileTypesAndContributionMap":{"java":{"insertions":100,"deletions":2}}},{"hash":"b31d80fd5ad1444deb10d4496fc47d207e37014a","isMergeCommit":false,"messageTitle":"Follow coding standard in brownie class","messageBody":"","fileTypesAndContributionMap":{"java":{"insertions":3,"deletions":14}}},{"hash":"90a91853d853fca3a51462b1f29c371ee6b8ed02","isMergeCommit":false,"messageTitle":"Follow coding standard in command class","messageBody":"","fileTypesAndContributionMap":{"java":{"insertions":2,"deletions":2}}},{"hash":"33a6a57a5d3ff1ec0ec84f318f1f59a5e51b5b3b","isMergeCommit":false,"messageTitle":"Support find command","messageBody":"","fileTypesAndContributionMap":{"java":{"insertions":43,"deletions":0}}},{"hash":"a68e61638ce9fdb3a30c033dd7f1704d54e4b144","isMergeCommit":true,"messageTitle":"Merge branch \u0027branch-A-javadoc\u0027 Add javadoc to most public classes and methods","messageBody":"","tags":["A-JavaDoc"],"fileTypesAndContributionMap":{}},{"hash":"cb004aa9b928a9279839fbd986dd6408c7985c60","isMergeCommit":true,"messageTitle":"Merge branch \u0027branch-A-CodingStandard\u0027 Change to comply with Java coding standard","messageBody":"","tags":["A-CodingStandard"],"fileTypesAndContributionMap":{}},{"hash":"d04d59994b38d0fa3e52d09924ff593bad4e909b","isMergeCommit":true,"messageTitle":"Merge branch \u0027branch-Level-9\u0027 Support find command","messageBody":"","tags":["Level-9"],"fileTypesAndContributionMap":{}},{"hash":"4cedf794f3364ddf9074d717fa4234c3181a4700","isMergeCommit":false,"messageTitle":"Make tasklist manager final","messageBody":"","tags":["A-Packages"],"fileTypesAndContributionMap":{"java":{"insertions":1,"deletions":1}}}]},{"date":"2025-02-03","commitResults":[{"hash":"999277a3902d5113abc39e30010275ba1a532aba","isMergeCommit":false,"messageTitle":"Add and config checkstyle","messageBody":"","fileTypesAndContributionMap":{"gradle":{"insertions":4,"deletions":0},"java":{"insertions":1,"deletions":0}}},{"hash":"960b0dc77ab0c753e1899394ed11e50760c4fb9c","isMergeCommit":true,"messageTitle":"Merge branch \u0027branch-A-checkstyle\u0027","messageBody":"Add and config checkstyle\n","tags":["A-CheckStyle"],"fileTypesAndContributionMap":{}}]},{"date":"2025-02-04","commitResults":[{"hash":"b99763e678a303e54e5b84312294ed35a3b657f6","isMergeCommit":false,"messageTitle":"Add gui without integration","messageBody":"","fileTypesAndContributionMap":{"gradle":{"insertions":16,"deletions":1},"fxml":{"insertions":66,"deletions":0},"java":{"insertions":169,"deletions":1}}},{"hash":"56d92ab1f769248978889c35b4b3e4528fd22ff6","isMergeCommit":false,"messageTitle":"Integrate GUI into brownie","messageBody":"","fileTypesAndContributionMap":{"txt":{"insertions":4,"deletions":1},"java":{"insertions":196,"deletions":127}}},{"hash":"cb83b168cdc0458db9a61f17bccf71cce24ae37e","isMergeCommit":true,"messageTitle":"Merge branch \u0027branch-Level-10\u0027 Integrate GUI into brownie","messageBody":"","tags":["Level-10"],"fileTypesAndContributionMap":{}}]},{"date":"2025-02-11","commitResults":[{"hash":"dd81da327a5e04da411635c4d69422f5bc5ab6aa","isMergeCommit":false,"messageTitle":"Refactor to abide by checkstyle","messageBody":"Imports violate checkstyle order\n\nThis violates CS2103 requirements\n\nLet\u0027s reorder the imports\n","fileTypesAndContributionMap":{"java":{"insertions":120,"deletions":60}}},{"hash":"2d377c893d3fce9f2a6b1db5753c84f7d4351fee","isMergeCommit":true,"messageTitle":"Merge branch \u0027branch-refactoring\u0027","messageBody":"Imports were ordered randomly and random whitespaces existed\n\nThis violates the checkstyle by CS2103\n\nLet\u0027s change this to follow the checkstyle\n","tags":["A-FullCommitMessage"],"fileTypesAndContributionMap":{}},{"hash":"c0ae63ae85262b31d21bf13691d717b784f93059","isMergeCommit":false,"messageTitle":"Add assertions to check logic","messageBody":"","fileTypesAndContributionMap":{"txt":{"insertions":2,"deletions":4},"java":{"insertions":3,"deletions":5}}},{"hash":"1447b0b127d24b0e1e1f61299e0cb50c870850b6","isMergeCommit":false,"messageTitle":"Refactor AddCommand file for readability","messageBody":"","fileTypesAndContributionMap":{"gradle":{"insertions":2,"deletions":1},"java":{"insertions":6,"deletions":8}}},{"hash":"d2e421a06b1952845ecbe4aab6245978c1309843","isMergeCommit":false,"messageTitle":"Refactor files for readability","messageBody":"","fileTypesAndContributionMap":{"txt":{"insertions":0,"deletions":6},"java":{"insertions":14,"deletions":19}}},{"hash":"d9765c3cc1fcc44c31fa6699e8909aed5bd9d4d4","isMergeCommit":true,"messageTitle":"Merge pull request #1 from adoubleb/branch-A-Assertions","messageBody":"Add assertions to check logic","tags":["A-Assertions"],"fileTypesAndContributionMap":{}},{"hash":"d2cea3c8267991dd16d3318de5914dc77e1f1bd8","isMergeCommit":true,"messageTitle":"Merge master","messageBody":"","fileTypesAndContributionMap":{}},{"hash":"7f2996c5e55a97a406b1ca57799bde81a54fcaf6","isMergeCommit":true,"messageTitle":"Merge pull request #2 from adoubleb/branch-A-CodeQuality","messageBody":"Merge branch-A-Code Quality","tags":["A-CodeQuality"],"fileTypesAndContributionMap":{}},{"hash":"eb2ff9a6097c45ed999fd3fc23eec30807a86abc","isMergeCommit":false,"messageTitle":"Add feature detect duplicates","messageBody":"","fileTypesAndContributionMap":{"txt":{"insertions":1,"deletions":0},"java":{"insertions":61,"deletions":0}}},{"hash":"c7d0521b15204ca4913fc50f3ed19f95e4612b6d","isMergeCommit":true,"messageTitle":"Merge branch \u0027branch-BCD-Extension\u0027","messageBody":"Add feature to detect duplicates\n","tags":["BCD-Extension"],"fileTypesAndContributionMap":{}}]}]},"authorFileTypeContributionMap":{"adoubleb":{"java":1585,"md":0,"fxml":66,"sh":1,"bat":0,"gradle":24,"txt":8}},"authorContributionVariance":{"adoubleb":33643.01},"authorDisplayNameMap":{"adoubleb":"CS2103T-T14-1 ABDU..AZAK"}}
