{"authorDailyContributionsMap":{"keyansheng":[{"date":"2025-01-23","commitResults":[{"hash":"ee6f302ce0e32b07c4b4501a657886f55c6571e1","isMergeCommit":false,"messageTitle":"Rename bot to Rubber Duke","messageBody":"","fileTypesAndContributionMap":{"java":{"insertions":1,"deletions":1},"bat":{"insertions":1,"deletions":1},"sh":{"insertions":1,"deletions":1},"md":{"insertions":3,"deletions":3}}},{"hash":"895c05bccb228f076b54e6f3ceb5812b4590d1ae","isMergeCommit":false,"messageTitle":"Add greeting","messageBody":"","fileTypesAndContributionMap":{"java":{"insertions":12,"deletions":6}}},{"hash":"967265273d789aa900a3058846d2dd6b98aceac6","isMergeCommit":false,"messageTitle":"Add line break to greeting","messageBody":"","tags":["Level-0"],"fileTypesAndContributionMap":{"java":{"insertions":2,"deletions":1}}},{"hash":"9ed4698992395d4c1b767a28723895df0a1d445c","isMergeCommit":false,"messageTitle":"Add prompt and echo","messageBody":"","tags":["Level-1"],"fileTypesAndContributionMap":{"java":{"insertions":13,"deletions":2}}},{"hash":"142ce758652c6f717d34bf56f4c0e33e1a3a6d99","isMergeCommit":false,"messageTitle":"Add listing","messageBody":"","fileTypesAndContributionMap":{"java":{"insertions":14,"deletions":1}}},{"hash":"99dd660924480ccdcbfe4f85283834b397dbf385","isMergeCommit":false,"messageTitle":"Add adding","messageBody":"","tags":["Level-2"],"fileTypesAndContributionMap":{"java":{"insertions":6,"deletions":1}}},{"hash":"95d8a28f41721d76d087e28f2303ffb9039cc6de","isMergeCommit":false,"messageTitle":"Add Task class","messageBody":"","fileTypesAndContributionMap":{"java":{"insertions":16,"deletions":4}}},{"hash":"b31c932e0e4c8c8da3727dd0fee9b71b899fec55","isMergeCommit":false,"messageTitle":"Add marking and unmarking","messageBody":"","fileTypesAndContributionMap":{"java":{"insertions":36,"deletions":0}}},{"hash":"a67e3bf57aaf41f99e1a151ff7780b0c53866cc2","isMergeCommit":false,"messageTitle":"Add quacking to listing","messageBody":"","tags":["Level-3","A-Classes"],"fileTypesAndContributionMap":{"java":{"insertions":1,"deletions":0}}}]},{"date":"2025-01-24","commitResults":[{"hash":"38692c33b3eabab310c6bd3308b07de681ba586a","isMergeCommit":false,"messageTitle":"Add @Override to Task toString","messageBody":"","fileTypesAndContributionMap":{"java":{"insertions":1,"deletions":0}}},{"hash":"b60a23da298a2fbf3326b3ee9b2cb97b3b05600f","isMergeCommit":false,"messageTitle":"Add Task types","messageBody":"","fileTypesAndContributionMap":{"java":{"insertions":40,"deletions":2}}},{"hash":"315b3e84011a9ac02be1306994b324800545b558","isMergeCommit":false,"messageTitle":"Move command name trimming to main loop","messageBody":"This way, the strings passed to commands do not include the command\nitself. This allows the logic to be more consistent between commands\nthat require specifying the command, and the default addTodo action\nwhere the command name is optional.\n\nI will keep the existing functionality of adding a todo by default if no\nother command is specified, unless this turns out to be a bad idea as\nthe project evolves.\n","fileTypesAndContributionMap":{"java":{"insertions":10,"deletions":10}}},{"hash":"80a3620add7e84db31605ff9d09c40d7c65a3d8f","isMergeCommit":false,"messageTitle":"Add adding different Task types","messageBody":"","fileTypesAndContributionMap":{"java":{"insertions":39,"deletions":2}}},{"hash":"04851fa165c68a1c7c86a887d0723a7c34f6a0e9","isMergeCommit":false,"messageTitle":"Keep greeting within line length limit","messageBody":"","tags":["Level-4","A-Inheritance"],"fileTypesAndContributionMap":{"java":{"insertions":3,"deletions":1}}},{"hash":"965061a2dcbd0346f7bfdbc6d5ca45c45229c817","isMergeCommit":false,"messageTitle":"Add tests","messageBody":"","fileTypesAndContributionMap":{"txt":{"insertions":9,"deletions":0},"java":{"insertions":5,"deletions":5}}},{"hash":"6eddcfd84c25533429762fb4d0c97aaa49bd17c7","isMergeCommit":false,"messageTitle":"Add exception tests","messageBody":"","tags":["A-TextUiTesting"],"fileTypesAndContributionMap":{"txt":{"insertions":5,"deletions":0}}}]}]},"authorFileTypeContributionMap":{"keyansheng":{"java":170,"md":3,"fxml":0,"sh":1,"bat":1,"gradle":0,"txt":14}},"authorContributionVariance":{"keyansheng":3145.9844},"authorDisplayNameMap":{"keyansheng":"CS2103T-T09-1 ARTH..HENG"}}
