[{"path":"src/main/java/Deadline.java","fileType":"java","lines":[{"lineNumber":1,"author":{"gitId":"Ben926"},"content":"public class Deadline extends Task {","lastModifiedDate":"2025-01-23","isFullCredit":false},{"lineNumber":2,"author":{"gitId":"Ben926"},"content":"    private String due;","lastModifiedDate":"2025-01-23","isFullCredit":false},{"lineNumber":3,"author":{"gitId":"Ben926"},"content":"","lastModifiedDate":"2025-01-23","isFullCredit":false},{"lineNumber":4,"author":{"gitId":"Ben926"},"content":"    public Deadline(String description, String due) {","lastModifiedDate":"2025-01-23","isFullCredit":false},{"lineNumber":5,"author":{"gitId":"Ben926"},"content":"        super(description);","lastModifiedDate":"2025-01-23","isFullCredit":false},{"lineNumber":6,"author":{"gitId":"Ben926"},"content":"    }","lastModifiedDate":"2025-01-23","isFullCredit":false},{"lineNumber":7,"author":{"gitId":"Ben926"},"content":"","lastModifiedDate":"2025-01-23","isFullCredit":false},{"lineNumber":8,"author":{"gitId":"Ben926"},"content":"    @Override","lastModifiedDate":"2025-01-23","isFullCredit":false},{"lineNumber":9,"author":{"gitId":"Ben926"},"content":"    public String toString() {","lastModifiedDate":"2025-01-23","isFullCredit":false},{"lineNumber":10,"author":{"gitId":"Ben926"},"content":"        return \"[D] \" + super.toString() + String.format(\" (by: %s)\", this.due);","lastModifiedDate":"2025-01-23","isFullCredit":false},{"lineNumber":11,"author":{"gitId":"Ben926"},"content":"    }","lastModifiedDate":"2025-01-23","isFullCredit":false},{"lineNumber":12,"author":{"gitId":"Ben926"},"content":"","lastModifiedDate":"2025-01-23","isFullCredit":false},{"lineNumber":13,"author":{"gitId":"Ben926"},"content":"}","lastModifiedDate":"2025-01-23","isFullCredit":false}],"authorContributionMap":{"Ben926":13}},{"path":"src/main/java/Ronaldo.java","fileType":"java","lines":[{"lineNumber":1,"author":{"gitId":"Ben926"},"content":"import java.util.*;","lastModifiedDate":"2025-01-22","isFullCredit":false},{"lineNumber":2,"author":{"gitId":"Ben926"},"content":"","lastModifiedDate":"2025-01-22","isFullCredit":false},{"lineNumber":3,"author":{"gitId":"Ben926"},"content":"public class Ronaldo {","lastModifiedDate":"2025-01-22","isFullCredit":false},{"lineNumber":4,"author":{"gitId":"Ben926"},"content":"    public static void main(String[] args) {","lastModifiedDate":"2025-01-22","isFullCredit":false},{"lineNumber":5,"author":{"gitId":"Ben926"},"content":"        Scanner sc \u003d new Scanner(System.in);","lastModifiedDate":"2025-01-22","isFullCredit":false},{"lineNumber":6,"author":{"gitId":"Ben926"},"content":"        System.out.println(\"SIIUUUUUU!!! Ronaldo here.\");","lastModifiedDate":"2025-01-22","isFullCredit":false},{"lineNumber":7,"author":{"gitId":"Ben926"},"content":"        System.out.println(\"How can I help you?\\n\");","lastModifiedDate":"2025-01-22","isFullCredit":false},{"lineNumber":8,"author":{"gitId":"Ben926"},"content":"        ArrayList\u003cTask\u003e arr \u003d new ArrayList\u003c\u003e();","lastModifiedDate":"2025-01-22","isFullCredit":false},{"lineNumber":9,"author":{"gitId":"Ben926"},"content":"        String input \u003d sc.nextLine();","lastModifiedDate":"2025-01-22","isFullCredit":false},{"lineNumber":10,"author":{"gitId":"Ben926"},"content":"        String[] tokens \u003d input.split(\" \");","lastModifiedDate":"2025-01-22","isFullCredit":false},{"lineNumber":11,"author":{"gitId":"Ben926"},"content":"        while (!tokens[0].equals(\"bye\")) {","lastModifiedDate":"2025-01-22","isFullCredit":false},{"lineNumber":12,"author":{"gitId":"Ben926"},"content":"            if (tokens[0].equals(\"list\")) {","lastModifiedDate":"2025-01-22","isFullCredit":false},{"lineNumber":13,"author":{"gitId":"Ben926"},"content":"                for (int i \u003d 0; i \u003c arr.size(); i++) {","lastModifiedDate":"2025-01-22","isFullCredit":false},{"lineNumber":14,"author":{"gitId":"Ben926"},"content":"                    System.out.println(String.format(\"%d. %s\", i + 1, arr.get(i)));","lastModifiedDate":"2025-01-22","isFullCredit":false},{"lineNumber":15,"author":{"gitId":"Ben926"},"content":"                }","lastModifiedDate":"2025-01-22","isFullCredit":false},{"lineNumber":16,"author":{"gitId":"Ben926"},"content":"                System.out.println(\"\");","lastModifiedDate":"2025-01-22","isFullCredit":false},{"lineNumber":17,"author":{"gitId":"Ben926"},"content":"            } else if (tokens[0].equals(\"mark\")) {","lastModifiedDate":"2025-01-22","isFullCredit":false},{"lineNumber":18,"author":{"gitId":"Ben926"},"content":"                Task task \u003d arr.get(Integer.parseInt(tokens[1]) - 1);","lastModifiedDate":"2025-01-22","isFullCredit":false},{"lineNumber":19,"author":{"gitId":"Ben926"},"content":"                task.markAsDone();","lastModifiedDate":"2025-01-22","isFullCredit":false},{"lineNumber":20,"author":{"gitId":"Ben926"},"content":"                System.out.println(String.format(\"Ok, marked this \" +","lastModifiedDate":"2025-01-22","isFullCredit":false},{"lineNumber":21,"author":{"gitId":"Ben926"},"content":"                        \"task as done:\\n%s\\n\", task));","lastModifiedDate":"2025-01-22","isFullCredit":false},{"lineNumber":22,"author":{"gitId":"Ben926"},"content":"            } else if (tokens[0].equals(\"unmark\")) {","lastModifiedDate":"2025-01-22","isFullCredit":false},{"lineNumber":23,"author":{"gitId":"Ben926"},"content":"                Task task \u003d arr.get(Integer.parseInt(tokens[1]) - 1);","lastModifiedDate":"2025-01-22","isFullCredit":false},{"lineNumber":24,"author":{"gitId":"Ben926"},"content":"                task.markAsUndone();","lastModifiedDate":"2025-01-22","isFullCredit":false},{"lineNumber":25,"author":{"gitId":"Ben926"},"content":"                System.out.println(String.format(\"Ok, marked this \" +","lastModifiedDate":"2025-01-22","isFullCredit":false},{"lineNumber":26,"author":{"gitId":"Ben926"},"content":"                        \"task as undone:\\n%s\\n\", task));","lastModifiedDate":"2025-01-22","isFullCredit":false},{"lineNumber":27,"author":{"gitId":"Ben926"},"content":"            } else {","lastModifiedDate":"2025-01-22","isFullCredit":false},{"lineNumber":28,"author":{"gitId":"Ben926"},"content":"                arr.add(new Task(input));","lastModifiedDate":"2025-01-22","isFullCredit":false},{"lineNumber":29,"author":{"gitId":"Ben926"},"content":"                System.out.println(\"Added: \" + input + \"\\n\");","lastModifiedDate":"2025-01-22","isFullCredit":false},{"lineNumber":30,"author":{"gitId":"Ben926"},"content":"            }","lastModifiedDate":"2025-01-22","isFullCredit":false},{"lineNumber":31,"author":{"gitId":"Ben926"},"content":"            input \u003d sc.nextLine();","lastModifiedDate":"2025-01-22","isFullCredit":false},{"lineNumber":32,"author":{"gitId":"Ben926"},"content":"            tokens \u003d input.split(\" \");","lastModifiedDate":"2025-01-22","isFullCredit":false},{"lineNumber":33,"author":{"gitId":"Ben926"},"content":"        }","lastModifiedDate":"2025-01-22","isFullCredit":false},{"lineNumber":34,"author":{"gitId":"Ben926"},"content":"        System.out.println(\"Goodbye SIUUUU.\");","lastModifiedDate":"2025-01-22","isFullCredit":false},{"lineNumber":35,"author":{"gitId":"Ben926"},"content":"    }","lastModifiedDate":"2025-01-22","isFullCredit":false},{"lineNumber":36,"author":{"gitId":"Ben926"},"content":"","lastModifiedDate":"2025-01-22","isFullCredit":false},{"lineNumber":37,"author":{"gitId":"Ben926"},"content":"","lastModifiedDate":"2025-01-22","isFullCredit":false},{"lineNumber":38,"author":{"gitId":"Ben926"},"content":"}","lastModifiedDate":"2025-01-22","isFullCredit":false}],"authorContributionMap":{"Ben926":38}},{"path":"src/main/java/Task.java","fileType":"java","lines":[{"lineNumber":1,"author":{"gitId":"Ben926"},"content":"public class Task {","lastModifiedDate":"2025-01-23","isFullCredit":false},{"lineNumber":2,"author":{"gitId":"Ben926"},"content":"    private String description;","lastModifiedDate":"2025-01-23","isFullCredit":false},{"lineNumber":3,"author":{"gitId":"Ben926"},"content":"    private boolean isDone;","lastModifiedDate":"2025-01-23","isFullCredit":false},{"lineNumber":4,"author":{"gitId":"Ben926"},"content":"","lastModifiedDate":"2025-01-23","isFullCredit":false},{"lineNumber":5,"author":{"gitId":"Ben926"},"content":"    public Task(String description) {","lastModifiedDate":"2025-01-23","isFullCredit":false},{"lineNumber":6,"author":{"gitId":"Ben926"},"content":"        this.description \u003d description;","lastModifiedDate":"2025-01-23","isFullCredit":false},{"lineNumber":7,"author":{"gitId":"Ben926"},"content":"        this.isDone \u003d false;","lastModifiedDate":"2025-01-23","isFullCredit":false},{"lineNumber":8,"author":{"gitId":"Ben926"},"content":"    }","lastModifiedDate":"2025-01-23","isFullCredit":false},{"lineNumber":9,"author":{"gitId":"Ben926"},"content":"","lastModifiedDate":"2025-01-23","isFullCredit":false},{"lineNumber":10,"author":{"gitId":"Ben926"},"content":"    public String getStatusIcon() {","lastModifiedDate":"2025-01-23","isFullCredit":false},{"lineNumber":11,"author":{"gitId":"Ben926"},"content":"        return (isDone ? \"X\" : \" \");","lastModifiedDate":"2025-01-23","isFullCredit":false},{"lineNumber":12,"author":{"gitId":"Ben926"},"content":"    }","lastModifiedDate":"2025-01-23","isFullCredit":false},{"lineNumber":13,"author":{"gitId":"Ben926"},"content":"","lastModifiedDate":"2025-01-23","isFullCredit":false},{"lineNumber":14,"author":{"gitId":"Ben926"},"content":"    public void markAsDone() {","lastModifiedDate":"2025-01-23","isFullCredit":false},{"lineNumber":15,"author":{"gitId":"Ben926"},"content":"        this.isDone \u003d true;","lastModifiedDate":"2025-01-23","isFullCredit":false},{"lineNumber":16,"author":{"gitId":"Ben926"},"content":"    }","lastModifiedDate":"2025-01-23","isFullCredit":false},{"lineNumber":17,"author":{"gitId":"Ben926"},"content":"","lastModifiedDate":"2025-01-23","isFullCredit":false},{"lineNumber":18,"author":{"gitId":"Ben926"},"content":"    public void markAsUndone() {","lastModifiedDate":"2025-01-23","isFullCredit":false},{"lineNumber":19,"author":{"gitId":"Ben926"},"content":"        this.isDone \u003d false;","lastModifiedDate":"2025-01-23","isFullCredit":false},{"lineNumber":20,"author":{"gitId":"Ben926"},"content":"    }","lastModifiedDate":"2025-01-23","isFullCredit":false},{"lineNumber":21,"author":{"gitId":"Ben926"},"content":"","lastModifiedDate":"2025-01-23","isFullCredit":false},{"lineNumber":22,"author":{"gitId":"Ben926"},"content":"    @Override","lastModifiedDate":"2025-01-23","isFullCredit":false},{"lineNumber":23,"author":{"gitId":"Ben926"},"content":"    public String toString() {","lastModifiedDate":"2025-01-23","isFullCredit":false},{"lineNumber":24,"author":{"gitId":"Ben926"},"content":"        return String.format(\"[%s] %s\", getStatusIcon(), this.description);","lastModifiedDate":"2025-01-23","isFullCredit":false},{"lineNumber":25,"author":{"gitId":"Ben926"},"content":"    }","lastModifiedDate":"2025-01-23","isFullCredit":false},{"lineNumber":26,"author":{"gitId":"Ben926"},"content":"}","lastModifiedDate":"2025-01-23","isFullCredit":false}],"authorContributionMap":{"Ben926":26}},{"path":"src/main/java/ToDo.java","fileType":"java","lines":[{"lineNumber":1,"author":{"gitId":"Ben926"},"content":"public class ToDo extends Task{","lastModifiedDate":"2025-01-23","isFullCredit":false},{"lineNumber":2,"author":{"gitId":"Ben926"},"content":"    private String from;","lastModifiedDate":"2025-01-23","isFullCredit":false},{"lineNumber":3,"author":{"gitId":"Ben926"},"content":"    private String to;","lastModifiedDate":"2025-01-23","isFullCredit":false},{"lineNumber":4,"author":{"gitId":"Ben926"},"content":"","lastModifiedDate":"2025-01-23","isFullCredit":false},{"lineNumber":5,"author":{"gitId":"Ben926"},"content":"    public ToDo(String description, String from, String to) {","lastModifiedDate":"2025-01-23","isFullCredit":false},{"lineNumber":6,"author":{"gitId":"Ben926"},"content":"        super(description);","lastModifiedDate":"2025-01-23","isFullCredit":false},{"lineNumber":7,"author":{"gitId":"Ben926"},"content":"        this.from \u003d from;","lastModifiedDate":"2025-01-23","isFullCredit":false},{"lineNumber":8,"author":{"gitId":"Ben926"},"content":"        this.to \u003d to;","lastModifiedDate":"2025-01-23","isFullCredit":false},{"lineNumber":9,"author":{"gitId":"Ben926"},"content":"    }","lastModifiedDate":"2025-01-23","isFullCredit":false},{"lineNumber":10,"author":{"gitId":"Ben926"},"content":"","lastModifiedDate":"2025-01-23","isFullCredit":false},{"lineNumber":11,"author":{"gitId":"Ben926"},"content":"    @Override","lastModifiedDate":"2025-01-23","isFullCredit":false},{"lineNumber":12,"author":{"gitId":"Ben926"},"content":"    public String toString() {","lastModifiedDate":"2025-01-23","isFullCredit":false},{"lineNumber":13,"author":{"gitId":"Ben926"},"content":"        return \"[T] \" + super.toString() + String.format(\"(from: %s to: %s\", this.from, this.to);","lastModifiedDate":"2025-01-23","isFullCredit":false},{"lineNumber":14,"author":{"gitId":"Ben926"},"content":"    }","lastModifiedDate":"2025-01-23","isFullCredit":false},{"lineNumber":15,"author":{"gitId":"Ben926"},"content":"","lastModifiedDate":"2025-01-23","isFullCredit":false},{"lineNumber":16,"author":{"gitId":"Ben926"},"content":"}","lastModifiedDate":"2025-01-23","isFullCredit":false}],"authorContributionMap":{"Ben926":16}}]
