{"authorDailyContributionsMap":{"Ben926":[{"date":"2025-01-22","commitResults":[{"hash":"d619678a97dee117d7d05860cb3bf5b2155d41b9","isMergeCommit":false,"messageTitle":"rename, greet, exit","messageBody":"","fileTypesAndContributionMap":{"java":{"insertions":7,"deletions":10}}},{"hash":"ba497656bd3661efb2475f03f02fae4a5bf893f3","isMergeCommit":false,"messageTitle":"Echo","messageBody":"","tags":["Level-1"],"fileTypesAndContributionMap":{"java":{"insertions":11,"deletions":3}}},{"hash":"cd50d81a21395ebeda0cd07a7dcb5ccb54b78ef4","isMergeCommit":false,"messageTitle":"add, list","messageBody":"","tags":["Level-2"],"fileTypesAndContributionMap":{"java":{"insertions":26,"deletions":2}}},{"hash":"38c70c3ce0d61dae76ea7007996e30ec6681bfb4","isMergeCommit":false,"messageTitle":"mark as done","messageBody":"","tags":["Level-3"],"fileTypesAndContributionMap":{"java":{"insertions":25,"deletions":1}}}]},{"date":"2025-01-23","commitResults":[{"hash":"26c30550b1d5767056a36bbf6b7fc72ca3251872","isMergeCommit":false,"messageTitle":"added diff class files for task","messageBody":"","fileTypesAndContributionMap":{"java":{"insertions":55,"deletions":25}}},{"hash":"ecf1b784077b85889f89c87fc8a358054f88d62d","isMergeCommit":false,"messageTitle":"added support for diff tasks input","messageBody":"","tags":["Level-4"],"fileTypesAndContributionMap":{"java":{"insertions":58,"deletions":17}}},{"hash":"6894421099a6e17644ac4d43e54e3e28f6504138","isMergeCommit":false,"messageTitle":"added automated testing in text-ui-test files","messageBody":"","tags":["A-TextUiTesting"],"fileTypesAndContributionMap":{"txt":{"insertions":6,"deletions":0},"sh":{"insertions":1,"deletions":1}}},{"hash":"e1336d84ef2485c3c8426ee48bc77b3a27452700","isMergeCommit":false,"messageTitle":"added exception handling, cleanup","messageBody":"","tags":["Level-5"],"fileTypesAndContributionMap":{"txt":{"insertions":12,"deletions":4},"java":{"insertions":103,"deletions":48}}},{"hash":"aaf3507000107f7445003841bb9c2d69fe03a1fd","isMergeCommit":false,"messageTitle":"added delete functionality","messageBody":"","tags":["Level-6"],"fileTypesAndContributionMap":{"txt":{"insertions":3,"deletions":0},"java":{"insertions":16,"deletions":0}}},{"hash":"9bab068c74ec984fdb886728c3a3a8d8786ac531","isMergeCommit":false,"messageTitle":"added enums for command","messageBody":"","tags":["A-Enums"],"fileTypesAndContributionMap":{"java":{"insertions":68,"deletions":25}}}]},{"date":"2025-01-26","commitResults":[{"hash":"179964dcd2616881759f88e59f28b13c8b7b4d99","isMergeCommit":false,"messageTitle":"Add saveTasks method","messageBody":"","fileTypesAndContributionMap":{"java":{"insertions":30,"deletions":2}}},{"hash":"7fc409c6257ef061fd3e5af869d39d4f6422b0a8","isMergeCommit":false,"messageTitle":"Update output format","messageBody":"","fileTypesAndContributionMap":{"java":{"insertions":4,"deletions":6}}},{"hash":"98e84ce8ee208ac6002876c21102b425a1fd030a","isMergeCommit":true,"messageTitle":"Merge branch \u0027branch-Level-7\u0027","messageBody":"","tags":["Level-7"],"fileTypesAndContributionMap":{}},{"hash":"bc56f3033164c17485f556c6e4b6f41b424b6b4c","isMergeCommit":false,"messageTitle":"Add datetime handling for deadline tasks","messageBody":"","fileTypesAndContributionMap":{"txt":{"insertions":1,"deletions":0},"java":{"insertions":11,"deletions":3}}},{"hash":"47794293e7cf5caee9641b30c0757514574d0f04","isMergeCommit":false,"messageTitle":"Add datetime handling for event tasks","messageBody":"","fileTypesAndContributionMap":{"txt":{"insertions":1,"deletions":1},"java":{"insertions":11,"deletions":5}}},{"hash":"6be5e6f43073ef06380123bc2a27981c6ecce0b1","isMergeCommit":false,"messageTitle":"Modify string representation of deadline and event tasks","messageBody":"","fileTypesAndContributionMap":{"txt":{"insertions":1,"deletions":1},"java":{"insertions":7,"deletions":2}}},{"hash":"6cc548b97c29345fc6843e73a42b2ff297e4762e","isMergeCommit":true,"messageTitle":"Merge branch \u0027branch-Level-8\u0027","messageBody":"","tags":["Level-8"],"fileTypesAndContributionMap":{}},{"hash":"e63c47d19a7bfdae9a6a84b4792ab98b80e4fd84","isMergeCommit":false,"messageTitle":"Add new class files with skeleton features","messageBody":"","fileTypesAndContributionMap":{"java":{"insertions":57,"deletions":11}}},{"hash":"b200ef6627f1cdc2472236d0dfb577a9b72d3828","isMergeCommit":false,"messageTitle":"Add run logic in Ronaldo.java and more features in new class files","messageBody":"","fileTypesAndContributionMap":{"txt":{"insertions":1,"deletions":1},"java":{"insertions":141,"deletions":7}}},{"hash":"b1e3ba530eff55fa377e302b457a1f505c1e821f","isMergeCommit":false,"messageTitle":"Add full OOP logic without changing main entry method yet","messageBody":"","fileTypesAndContributionMap":{"java":{"insertions":127,"deletions":42}}},{"hash":"ccb818c4dc10986fbe9381a726cb64541e7d4837","isMergeCommit":false,"messageTitle":"Rewrite main program to use new classes","messageBody":"","fileTypesAndContributionMap":{"txt":{"insertions":10,"deletions":11},"java":{"insertions":30,"deletions":220}}},{"hash":"35827607d984d21b8fda5eddd42b0d797876fdcb","isMergeCommit":true,"messageTitle":"Merge branch \u0027branch-A-MoreOOP\u0027","messageBody":"","tags":["A-MoreOOP"],"fileTypesAndContributionMap":{}},{"hash":"2b071d7c1012d4898a3d9923d3e4f9412523da54","isMergeCommit":false,"messageTitle":"Add java files into ronaldo package","messageBody":"","tags":["A-Packages"],"fileTypesAndContributionMap":{"java":{"insertions":21,"deletions":1},"sh":{"insertions":1,"deletions":1}}},{"hash":"103c1a0bbe4423b32353ed2ced06c39e50dc8995","isMergeCommit":true,"messageTitle":"Merge branch \u0027branch-A-packages\u0027","messageBody":"","fileTypesAndContributionMap":{}},{"hash":"709cd139ef927de49d52bd9ab73deaeb009f21d3","isMergeCommit":true,"messageTitle":"Merge branch \u0027add-gradle-support\u0027","messageBody":"","tags":["A-Gradle"],"fileTypesAndContributionMap":{}},{"hash":"bc7e229ac242fb1cc702d5c082e065113ae13644","isMergeCommit":false,"messageTitle":"Add ParserJUnit test","messageBody":"","fileTypesAndContributionMap":{"gradle":{"insertions":2,"deletions":0},"java":{"insertions":57,"deletions":0}}},{"hash":"9cb98bba44738ac6e67c28e121a491280dee0509","isMergeCommit":false,"messageTitle":"Add Storage JUnit test","messageBody":"","fileTypesAndContributionMap":{"java":{"insertions":62,"deletions":2}}},{"hash":"7f5fd16fe77a23cba57d460594b31c52e48ac88a","isMergeCommit":true,"messageTitle":"Merge branch \u0027branch-A-JUnit\u0027","messageBody":"","tags":["A-JUnit"],"fileTypesAndContributionMap":{}}]},{"date":"2025-01-27","commitResults":[{"hash":"a24ef307af6283dc70a22d0e371c77a750836a8e","isMergeCommit":false,"messageTitle":"Add JavaDoc comments to all non-private classes and methods","messageBody":"","fileTypesAndContributionMap":{"java":{"insertions":251,"deletions":4}}},{"hash":"249371869c6acd5648a67611fba705c1ab9f52d9","isMergeCommit":true,"messageTitle":"Merge branch \u0027branch-A-JavaDoc\u0027","messageBody":"","tags":["A-JavaDoc"],"fileTypesAndContributionMap":{}},{"hash":"e5cf2040003ee72e9906be820bbbcf181e7c64ff","isMergeCommit":false,"messageTitle":"Tweak styling to follow convention","messageBody":"","fileTypesAndContributionMap":{"java":{"insertions":48,"deletions":48}}},{"hash":"342fec7b26d8cf02cdb3baa1a1e46b1c5e4cb7ff","isMergeCommit":true,"messageTitle":"Merge branch \u0027branch-A-CodingStandard\u0027","messageBody":"","tags":["A-CodingStandard"],"fileTypesAndContributionMap":{}},{"hash":"d698aa8dde10f567feb91581c18a3ad10a3afe91","isMergeCommit":false,"messageTitle":"Add Find command and processing of command","messageBody":"","tags":["Level-9"],"fileTypesAndContributionMap":{"txt":{"insertions":3,"deletions":0},"java":{"insertions":42,"deletions":1}}},{"hash":"213b21e63b44e34d0bfdb57413ddbf2188323d3a","isMergeCommit":true,"messageTitle":"Fix merge conflicts","messageBody":"","fileTypesAndContributionMap":{}}]},{"date":"2025-02-04","commitResults":[{"hash":"d2944eda06e5af74c0bb8d1dd47782c7680807a0","isMergeCommit":false,"messageTitle":"Add GUI with JavaFX","messageBody":"","fileTypesAndContributionMap":{"gradle":{"insertions":15,"deletions":1},"txt":{"insertions":0,"deletions":3},"fxml":{"insertions":66,"deletions":0},"java":{"insertions":234,"deletions":76}}},{"hash":"91d36ff36cb88bfc17662b55f203381a2568a6d0","isMergeCommit":false,"messageTitle":"Fix minor coding standard violations","messageBody":"","fileTypesAndContributionMap":{"java":{"insertions":18,"deletions":15}}},{"hash":"0fb27136aef1434ca53405b64d1e6cbbdbe39f26","isMergeCommit":true,"messageTitle":"Merge branch \u0027branch-Level-10\u0027","messageBody":"","tags":["Level-10"],"fileTypesAndContributionMap":{}},{"hash":"8a0a2c7efe48ed97ab7b916bf50224c517e2539a","isMergeCommit":false,"messageTitle":"Remove scanner","messageBody":"","fileTypesAndContributionMap":{"txt":{"insertions":1,"deletions":0},"java":{"insertions":1,"deletions":4}}}]},{"date":"2025-02-11","commitResults":[{"hash":"668d394ea72b759ed66e3d3834e1c8d168a27d45","isMergeCommit":false,"messageTitle":"Add ronaldo.txt to gitignore","messageBody":"","fileTypesAndContributionMap":{"txt":{"insertions":0,"deletions":1}}},{"hash":"e0aaad7eb552b1daa37e852c32ebc4497b9c0955","isMergeCommit":false,"messageTitle":"Add assertions to enforce code assumptions","messageBody":"Added assertions in key methods to ensure critical assumptions hold\ntrue during runtime. This improves code robustness by catching\nunexpected states early.\n\n- Ensured  is not null or empty in the  constructor.\n- Verified  is non-null and non-empty in the  method.\n- Checked  is initialized before performing operations.\n- Prevented marking, unmarking, or deleting tasks from an empty list.\n- Ensured  updates correctly after adding new tasks.\n\nThese assertions help maintain code correctness and prevent silent\nfailures, making debugging easier.\n","fileTypesAndContributionMap":{"java":{"insertions":11,"deletions":0}}},{"hash":"7edb07e250d80b8469432e36da778938f7904d4e","isMergeCommit":false,"messageTitle":"Improve code quality and consistency across the project","messageBody":"Refactored various parts of the codebase to enhance readability,\nconsistency, and maintainability. This includes style improvements,\nbetter method naming, documentation enhancements, and import\norganization.\n\n- Updated JavaDoc comments for clarity and consistency.\n- Ensured all import statements are explicitly stated.\n- Reformatted constructor definition style ( class).\n- Renamed  to a more boolean-like method name.\n- Adjusted method documentation to use complete sentences where needed.\n- Ensured class-level documentation follows proper structure.\n- Standardized  methods for improved output formatting.\n- Improved JavaDoc formatting to maintain consistency across classes.\n\nThese changes improve the readability and maintainability of the code, making future modifications easier and reducing ambiguity in method\ndocumentation.\n","fileTypesAndContributionMap":{"gradle":{"insertions":1,"deletions":1},"java":{"insertions":8,"deletions":7}}},{"hash":"ced6dc157f0e88a67c0361eaec7392225ac4805c","isMergeCommit":true,"messageTitle":"Merge branch \u0027master\u0027 of https://github.com/Ben926/ip into branch-A-CodeQuality","messageBody":"","fileTypesAndContributionMap":{}},{"hash":"fb7d7a411666582ae8b9ba576306cb2932dcdd0f","isMergeCommit":false,"messageTitle":"Add sort command","messageBody":"","fileTypesAndContributionMap":{"java":{"insertions":46,"deletions":3}}},{"hash":"4a874cd0d066aedfd0832182047bd728c71f95bf","isMergeCommit":true,"messageTitle":"Merge branch \u0027branch-C-Sort\u0027","messageBody":"","tags":["C-Sort","BCD-Extension"],"fileTypesAndContributionMap":{}}]},{"date":"2025-02-16","commitResults":[{"hash":"abfb33754d61a40acf9da1ff39c9d86aaf8188d4","isMergeCommit":false,"messageTitle":"edit Readme","messageBody":"","fileTypesAndContributionMap":{"gradle":{"insertions":1,"deletions":2},"md":{"insertions":16,"deletions":22}}},{"hash":"58faa4b750303f760bfade021a74a5d891c74569","isMergeCommit":true,"messageTitle":"Merge branch \u0027A-UserGuide\u0027","messageBody":"","tags":["A-UserGuide"],"fileTypesAndContributionMap":{}},{"hash":"84c4357637aea5d0f4f3de0755af9047e2850982","isMergeCommit":false,"messageTitle":"Edit docs/readme.md","messageBody":"","fileTypesAndContributionMap":{"md":{"insertions":20,"deletions":30}}},{"hash":"a8a77c7f225b62716d45e81b528fe83c9244f8f9","isMergeCommit":false,"messageTitle":"Edit javadoc comments","messageBody":"","fileTypesAndContributionMap":{"java":{"insertions":1,"deletions":1}}},{"hash":"9d2a788fe3101a66c21b9eb19897fdb9afef0d6b","isMergeCommit":false,"messageTitle":"Edit README.md","messageBody":"","fileTypesAndContributionMap":{"md":{"insertions":1,"deletions":1}}},{"hash":"b56da27bd6f7f44ad4290e574ea314955b737a2c","isMergeCommit":false,"messageTitle":"Edit Parser.java","messageBody":"","fileTypesAndContributionMap":{"java":{"insertions":1,"deletions":1}}},{"hash":"808fc3f7ff7d683bc114da57183be62bb4c54b09","isMergeCommit":false,"messageTitle":"Edit Task.java","messageBody":"","fileTypesAndContributionMap":{"java":{"insertions":1,"deletions":1}}},{"hash":"b6b12a4730672b642f657dc8a605d7c0c0f64e35","isMergeCommit":false,"messageTitle":"Edit UI.java","messageBody":"","fileTypesAndContributionMap":{"java":{"insertions":1,"deletions":1}}},{"hash":"914d78473fde22564926cabffa355eee2fb7054c","isMergeCommit":false,"messageTitle":"Edit README.md","messageBody":"","fileTypesAndContributionMap":{"md":{"insertions":1,"deletions":1}}}]}]},"authorFileTypeContributionMap":{"Ben926":{"java":1006,"md":36,"fxml":66,"sh":2,"bat":0,"gradle":18,"txt":17}},"authorContributionVariance":{"Ben926":31677.254},"authorDisplayNameMap":{"Ben926":"CS2103T-T08-2 KOH ..AMIN"}}
