{"authorDailyContributionsMap":{"Ben926":[{"date":"2025-01-22","commitResults":[{"hash":"d619678a97dee117d7d05860cb3bf5b2155d41b9","isMergeCommit":false,"messageTitle":"rename, greet, exit","messageBody":"","fileTypesAndContributionMap":{"java":{"insertions":7,"deletions":10}}},{"hash":"ba497656bd3661efb2475f03f02fae4a5bf893f3","isMergeCommit":false,"messageTitle":"Echo","messageBody":"","tags":["Level-1"],"fileTypesAndContributionMap":{"java":{"insertions":11,"deletions":3}}},{"hash":"cd50d81a21395ebeda0cd07a7dcb5ccb54b78ef4","isMergeCommit":false,"messageTitle":"add, list","messageBody":"","tags":["Level-2"],"fileTypesAndContributionMap":{"java":{"insertions":26,"deletions":2}}},{"hash":"38c70c3ce0d61dae76ea7007996e30ec6681bfb4","isMergeCommit":false,"messageTitle":"mark as done","messageBody":"","tags":["Level-3"],"fileTypesAndContributionMap":{"java":{"insertions":25,"deletions":1}}}]},{"date":"2025-01-23","commitResults":[{"hash":"26c30550b1d5767056a36bbf6b7fc72ca3251872","isMergeCommit":false,"messageTitle":"added diff class files for task","messageBody":"","fileTypesAndContributionMap":{"java":{"insertions":55,"deletions":25}}},{"hash":"ecf1b784077b85889f89c87fc8a358054f88d62d","isMergeCommit":false,"messageTitle":"added support for diff tasks input","messageBody":"","tags":["Level-4"],"fileTypesAndContributionMap":{"java":{"insertions":58,"deletions":17}}},{"hash":"6894421099a6e17644ac4d43e54e3e28f6504138","isMergeCommit":false,"messageTitle":"added automated testing in text-ui-test files","messageBody":"","tags":["A-TextUiTesting"],"fileTypesAndContributionMap":{"txt":{"insertions":6,"deletions":0},"sh":{"insertions":1,"deletions":1}}},{"hash":"e1336d84ef2485c3c8426ee48bc77b3a27452700","isMergeCommit":false,"messageTitle":"added exception handling, cleanup","messageBody":"","tags":["Level-5"],"fileTypesAndContributionMap":{"txt":{"insertions":12,"deletions":4},"java":{"insertions":103,"deletions":48}}},{"hash":"aaf3507000107f7445003841bb9c2d69fe03a1fd","isMergeCommit":false,"messageTitle":"added delete functionality","messageBody":"","tags":["Level-6"],"fileTypesAndContributionMap":{"txt":{"insertions":3,"deletions":0},"java":{"insertions":16,"deletions":0}}},{"hash":"9bab068c74ec984fdb886728c3a3a8d8786ac531","isMergeCommit":false,"messageTitle":"added enums for command","messageBody":"","tags":["A-Enums"],"fileTypesAndContributionMap":{"java":{"insertions":68,"deletions":25}}}]}]},"authorFileTypeContributionMap":{"Ben926":{"java":248,"md":0,"fxml":0,"sh":1,"bat":0,"gradle":0,"txt":17}},"authorContributionVariance":{"Ben926":23273.348},"authorDisplayNameMap":{"Ben926":"CS2103T-T08-2 KOH ..AMIN"}}
