[{"path":"src/main/java/Deadline.java","fileType":"java","lines":[{"lineNumber":1,"author":{"gitId":"zenn345"},"content":"public class Deadline extends Task {","lastModifiedDate":"2025-02-12","isFullCredit":false},{"lineNumber":2,"author":{"gitId":"zenn345"},"content":"    protected String by;","lastModifiedDate":"2025-02-12","isFullCredit":false},{"lineNumber":3,"author":{"gitId":"zenn345"},"content":"","lastModifiedDate":"2025-02-12","isFullCredit":false},{"lineNumber":4,"author":{"gitId":"zenn345"},"content":"    public Deadline(String description, String by) {","lastModifiedDate":"2025-02-12","isFullCredit":false},{"lineNumber":5,"author":{"gitId":"zenn345"},"content":"        super(description);","lastModifiedDate":"2025-02-12","isFullCredit":false},{"lineNumber":6,"author":{"gitId":"zenn345"},"content":"        this.by \u003d by;","lastModifiedDate":"2025-02-12","isFullCredit":false},{"lineNumber":7,"author":{"gitId":"zenn345"},"content":"    }","lastModifiedDate":"2025-02-12","isFullCredit":false},{"lineNumber":8,"author":{"gitId":"zenn345"},"content":"","lastModifiedDate":"2025-02-12","isFullCredit":false},{"lineNumber":9,"author":{"gitId":"zenn345"},"content":"    @Override","lastModifiedDate":"2025-02-12","isFullCredit":false},{"lineNumber":10,"author":{"gitId":"zenn345"},"content":"    public String toString() {","lastModifiedDate":"2025-02-12","isFullCredit":false},{"lineNumber":11,"author":{"gitId":"zenn345"},"content":"        return \"[D]\" + super.toString() + \" (by: \" + by + \")\";","lastModifiedDate":"2025-02-12","isFullCredit":false},{"lineNumber":12,"author":{"gitId":"zenn345"},"content":"    }","lastModifiedDate":"2025-02-12","isFullCredit":false},{"lineNumber":13,"author":{"gitId":"zenn345"},"content":"}","lastModifiedDate":"2025-02-12","isFullCredit":false}],"authorContributionMap":{"zenn345":13}},{"path":"src/main/java/Event.java","fileType":"java","lines":[{"lineNumber":1,"author":{"gitId":"zenn345"},"content":"public class Event extends Task {","lastModifiedDate":"2025-02-12","isFullCredit":false},{"lineNumber":2,"author":{"gitId":"zenn345"},"content":"    protected String from;","lastModifiedDate":"2025-02-12","isFullCredit":false},{"lineNumber":3,"author":{"gitId":"zenn345"},"content":"    protected String to;","lastModifiedDate":"2025-02-12","isFullCredit":false},{"lineNumber":4,"author":{"gitId":"zenn345"},"content":"","lastModifiedDate":"2025-02-12","isFullCredit":false},{"lineNumber":5,"author":{"gitId":"zenn345"},"content":"    public Event(String description, String from, String to) {","lastModifiedDate":"2025-02-12","isFullCredit":false},{"lineNumber":6,"author":{"gitId":"zenn345"},"content":"        super(description);","lastModifiedDate":"2025-02-12","isFullCredit":false},{"lineNumber":7,"author":{"gitId":"zenn345"},"content":"        this.from \u003d from;","lastModifiedDate":"2025-02-12","isFullCredit":false},{"lineNumber":8,"author":{"gitId":"zenn345"},"content":"        this.to \u003dto;","lastModifiedDate":"2025-02-12","isFullCredit":false},{"lineNumber":9,"author":{"gitId":"zenn345"},"content":"    }","lastModifiedDate":"2025-02-12","isFullCredit":false},{"lineNumber":10,"author":{"gitId":"zenn345"},"content":"","lastModifiedDate":"2025-02-12","isFullCredit":false},{"lineNumber":11,"author":{"gitId":"zenn345"},"content":"    @Override","lastModifiedDate":"2025-02-12","isFullCredit":false},{"lineNumber":12,"author":{"gitId":"zenn345"},"content":"    public String toString() {","lastModifiedDate":"2025-02-12","isFullCredit":false},{"lineNumber":13,"author":{"gitId":"zenn345"},"content":"        return \"[E]\" + super.toString() + \" (from: \" + from + \" to: \" + to + \")\";","lastModifiedDate":"2025-02-12","isFullCredit":false},{"lineNumber":14,"author":{"gitId":"zenn345"},"content":"    }","lastModifiedDate":"2025-02-12","isFullCredit":false},{"lineNumber":15,"author":{"gitId":"zenn345"},"content":"}","lastModifiedDate":"2025-02-12","isFullCredit":false}],"authorContributionMap":{"zenn345":15}},{"path":"src/main/java/Task.java","fileType":"java","lines":[{"lineNumber":1,"author":{"gitId":"zenn345"},"content":"public class Task {","lastModifiedDate":"2025-02-12","isFullCredit":false},{"lineNumber":2,"author":{"gitId":"zenn345"},"content":"    protected String description;","lastModifiedDate":"2025-02-12","isFullCredit":false},{"lineNumber":3,"author":{"gitId":"zenn345"},"content":"    protected boolean isDone;","lastModifiedDate":"2025-02-12","isFullCredit":false},{"lineNumber":4,"author":{"gitId":"zenn345"},"content":"","lastModifiedDate":"2025-02-12","isFullCredit":false},{"lineNumber":5,"author":{"gitId":"zenn345"},"content":"    public Task(String description) {","lastModifiedDate":"2025-02-12","isFullCredit":false},{"lineNumber":6,"author":{"gitId":"zenn345"},"content":"        this.description \u003d description;","lastModifiedDate":"2025-02-12","isFullCredit":false},{"lineNumber":7,"author":{"gitId":"zenn345"},"content":"        this.isDone \u003d false;","lastModifiedDate":"2025-02-12","isFullCredit":false},{"lineNumber":8,"author":{"gitId":"zenn345"},"content":"    }","lastModifiedDate":"2025-02-12","isFullCredit":false},{"lineNumber":9,"author":{"gitId":"zenn345"},"content":"","lastModifiedDate":"2025-02-12","isFullCredit":false},{"lineNumber":10,"author":{"gitId":"zenn345"},"content":"    public String getStatusIcon() {","lastModifiedDate":"2025-02-12","isFullCredit":false},{"lineNumber":11,"author":{"gitId":"zenn345"},"content":"        return (isDone ? \"X\" : \" \");","lastModifiedDate":"2025-02-12","isFullCredit":false},{"lineNumber":12,"author":{"gitId":"zenn345"},"content":"    }","lastModifiedDate":"2025-02-12","isFullCredit":false},{"lineNumber":13,"author":{"gitId":"zenn345"},"content":"","lastModifiedDate":"2025-02-12","isFullCredit":false},{"lineNumber":14,"author":{"gitId":"zenn345"},"content":"    public void markAsDone() {","lastModifiedDate":"2025-02-12","isFullCredit":false},{"lineNumber":15,"author":{"gitId":"zenn345"},"content":"        this.isDone \u003d true;","lastModifiedDate":"2025-02-12","isFullCredit":false},{"lineNumber":16,"author":{"gitId":"zenn345"},"content":"    }","lastModifiedDate":"2025-02-12","isFullCredit":false},{"lineNumber":17,"author":{"gitId":"zenn345"},"content":"","lastModifiedDate":"2025-02-12","isFullCredit":false},{"lineNumber":18,"author":{"gitId":"zenn345"},"content":"    public void unmarkAsDone() {","lastModifiedDate":"2025-02-12","isFullCredit":false},{"lineNumber":19,"author":{"gitId":"zenn345"},"content":"        this.isDone \u003d false;","lastModifiedDate":"2025-02-12","isFullCredit":false},{"lineNumber":20,"author":{"gitId":"zenn345"},"content":"    }","lastModifiedDate":"2025-02-12","isFullCredit":false},{"lineNumber":21,"author":{"gitId":"zenn345"},"content":"","lastModifiedDate":"2025-02-12","isFullCredit":false},{"lineNumber":22,"author":{"gitId":"zenn345"},"content":"    public String toString() {","lastModifiedDate":"2025-02-12","isFullCredit":false},{"lineNumber":23,"author":{"gitId":"zenn345"},"content":"        return \"[\" + getStatusIcon() + \"]\" + description;","lastModifiedDate":"2025-02-12","isFullCredit":false},{"lineNumber":24,"author":{"gitId":"zenn345"},"content":"    }","lastModifiedDate":"2025-02-12","isFullCredit":false},{"lineNumber":25,"author":{"gitId":"zenn345"},"content":"}","lastModifiedDate":"2025-02-12","isFullCredit":false}],"authorContributionMap":{"zenn345":25}},{"path":"src/main/java/Todo.java","fileType":"java","lines":[{"lineNumber":1,"author":{"gitId":"zenn345"},"content":"public class Todo extends Task{","lastModifiedDate":"2025-02-12","isFullCredit":false},{"lineNumber":2,"author":{"gitId":"zenn345"},"content":"    public Todo(String description) {","lastModifiedDate":"2025-02-12","isFullCredit":false},{"lineNumber":3,"author":{"gitId":"zenn345"},"content":"        super(description);","lastModifiedDate":"2025-02-12","isFullCredit":false},{"lineNumber":4,"author":{"gitId":"zenn345"},"content":"    }","lastModifiedDate":"2025-02-12","isFullCredit":false},{"lineNumber":5,"author":{"gitId":"zenn345"},"content":"","lastModifiedDate":"2025-02-12","isFullCredit":false},{"lineNumber":6,"author":{"gitId":"zenn345"},"content":"    @Override","lastModifiedDate":"2025-02-12","isFullCredit":false},{"lineNumber":7,"author":{"gitId":"zenn345"},"content":"    public String toString() {","lastModifiedDate":"2025-02-12","isFullCredit":false},{"lineNumber":8,"author":{"gitId":"zenn345"},"content":"        return \"[T]\" + super.toString();","lastModifiedDate":"2025-02-12","isFullCredit":false},{"lineNumber":9,"author":{"gitId":"zenn345"},"content":"    }","lastModifiedDate":"2025-02-12","isFullCredit":false},{"lineNumber":10,"author":{"gitId":"zenn345"},"content":"}","lastModifiedDate":"2025-02-12","isFullCredit":false}],"authorContributionMap":{"zenn345":10}},{"path":"src/main/java/Zenn.java","fileType":"java","lines":[{"lineNumber":1,"author":{"gitId":"zenn345"},"content":"import java.util.Scanner;","lastModifiedDate":"2025-01-24","isFullCredit":false},{"lineNumber":2,"author":{"gitId":"zenn345"},"content":"public class Zenn {","lastModifiedDate":"2025-01-24","isFullCredit":false},{"lineNumber":3,"author":{"gitId":"zenn345"},"content":"    private static int taskCount \u003d 0;","lastModifiedDate":"2025-02-12","isFullCredit":false},{"lineNumber":4,"author":{"gitId":"zenn345"},"content":"    private static final int MAX_TASKS \u003d 100;","lastModifiedDate":"2025-02-12","isFullCredit":false},{"lineNumber":5,"author":{"gitId":"zenn345"},"content":"    private static Task[] tasks \u003d new Task[MAX_TASKS];","lastModifiedDate":"2025-02-12","isFullCredit":false},{"lineNumber":6,"author":{"gitId":"zenn345"},"content":"","lastModifiedDate":"2025-02-12","isFullCredit":false},{"lineNumber":7,"author":{"gitId":"zenn345"},"content":"    public static void main(String[] args) {;","lastModifiedDate":"2025-02-12","isFullCredit":false},{"lineNumber":8,"author":{"gitId":"zenn345"},"content":"        String logo \u003d \" ____ ____ _    _ _    _\\n\"","lastModifiedDate":"2025-01-24","isFullCredit":false},{"lineNumber":9,"author":{"gitId":"zenn345"},"content":"                + \"|_ _ |  __| \\\\  | | \\\\  | |\\n\"","lastModifiedDate":"2025-01-24","isFullCredit":false},{"lineNumber":10,"author":{"gitId":"zenn345"},"content":"                + \"  / /| |__|  \\\\ | |  \\\\ | |\\n\"","lastModifiedDate":"2025-01-24","isFullCredit":false},{"lineNumber":11,"author":{"gitId":"zenn345"},"content":"                + \" / / |  __|   \\\\| |   \\\\| |\\n\"","lastModifiedDate":"2025-01-24","isFullCredit":false},{"lineNumber":12,"author":{"gitId":"zenn345"},"content":"                + \"/ /_ | |__| |\\\\   | |\\\\   |\\n\"","lastModifiedDate":"2025-01-24","isFullCredit":false},{"lineNumber":13,"author":{"gitId":"zenn345"},"content":"                + \"|____|____|_| \\\\ _|_| \\\\ _|\\n\";","lastModifiedDate":"2025-01-24","isFullCredit":false},{"lineNumber":14,"author":{"gitId":"zenn345"},"content":"        System.out.println(\"Hello! I\u0027m Zenn\\n\" + logo + \"\\n How may I help you today?\");","lastModifiedDate":"2025-01-24","isFullCredit":false},{"lineNumber":15,"author":{"gitId":"zenn345"},"content":"","lastModifiedDate":"2025-01-24","isFullCredit":false},{"lineNumber":16,"author":{"gitId":"zenn345"},"content":"        Scanner scanner \u003d new Scanner(System.in);","lastModifiedDate":"2025-01-24","isFullCredit":false},{"lineNumber":17,"author":{"gitId":"zenn345"},"content":"","lastModifiedDate":"2025-01-24","isFullCredit":false},{"lineNumber":18,"author":{"gitId":"zenn345"},"content":"        while (true) {","lastModifiedDate":"2025-01-24","isFullCredit":false},{"lineNumber":19,"author":{"gitId":"zenn345"},"content":"            System.out.println(\"\u003e\");","lastModifiedDate":"2025-01-24","isFullCredit":false},{"lineNumber":20,"author":{"gitId":"zenn345"},"content":"            String input \u003d scanner.nextLine();","lastModifiedDate":"2025-02-12","isFullCredit":false},{"lineNumber":21,"author":{"gitId":"zenn345"},"content":"","lastModifiedDate":"2025-01-24","isFullCredit":false},{"lineNumber":22,"author":{"gitId":"zenn345"},"content":"            if (input.equalsIgnoreCase(\"bye\")) {","lastModifiedDate":"2025-02-12","isFullCredit":false},{"lineNumber":23,"author":{"gitId":"zenn345"},"content":"                System.out.println(\"Bye bye! See you soon!\");","lastModifiedDate":"2025-01-24","isFullCredit":false},{"lineNumber":24,"author":{"gitId":"zenn345"},"content":"                break;","lastModifiedDate":"2025-01-24","isFullCredit":false},{"lineNumber":25,"author":{"gitId":"zenn345"},"content":"            } else if (input.equalsIgnoreCase(\"list\")) {","lastModifiedDate":"2025-02-12","isFullCredit":false},{"lineNumber":26,"author":{"gitId":"zenn345"},"content":"                System.out.println(\"Here\u0027s your todo list\");","lastModifiedDate":"2025-02-12","isFullCredit":false},{"lineNumber":27,"author":{"gitId":"zenn345"},"content":"                for (int i \u003d 0; i \u003c taskCount; i++) {","lastModifiedDate":"2025-01-24","isFullCredit":false},{"lineNumber":28,"author":{"gitId":"zenn345"},"content":"                    System.out.println((i + 1) + \". \" + tasks[i]);","lastModifiedDate":"2025-02-12","isFullCredit":false},{"lineNumber":29,"author":{"gitId":"zenn345"},"content":"                }","lastModifiedDate":"2025-02-12","isFullCredit":false},{"lineNumber":30,"author":{"gitId":"zenn345"},"content":"            } else if (input.startsWith(\"todo \")) {","lastModifiedDate":"2025-02-12","isFullCredit":false},{"lineNumber":31,"author":{"gitId":"zenn345"},"content":"                addTodo(input.substring(5));","lastModifiedDate":"2025-02-12","isFullCredit":false},{"lineNumber":32,"author":{"gitId":"zenn345"},"content":"            } else if (input.startsWith(\"deadline \")) {","lastModifiedDate":"2025-02-12","isFullCredit":false},{"lineNumber":33,"author":{"gitId":"zenn345"},"content":"                String[] parts \u003d input.substring(9).split(\"/by \", 2);","lastModifiedDate":"2025-02-12","isFullCredit":false},{"lineNumber":34,"author":{"gitId":"zenn345"},"content":"                addDeadline(parts[0], parts[1]);","lastModifiedDate":"2025-02-12","isFullCredit":false},{"lineNumber":35,"author":{"gitId":"zenn345"},"content":"            } else if (input.startsWith(\"event \")) {","lastModifiedDate":"2025-02-12","isFullCredit":false},{"lineNumber":36,"author":{"gitId":"zenn345"},"content":"                String[] parts \u003d input.substring(6).split(\" /from | /to \", 3);","lastModifiedDate":"2025-02-12","isFullCredit":false},{"lineNumber":37,"author":{"gitId":"zenn345"},"content":"                addEvent(parts[0], parts[1], parts[2]);","lastModifiedDate":"2025-02-12","isFullCredit":false},{"lineNumber":38,"author":{"gitId":"zenn345"},"content":"            } else if (input.startsWith(\"mark \")) {","lastModifiedDate":"2025-02-12","isFullCredit":false},{"lineNumber":39,"author":{"gitId":"zenn345"},"content":"                int index \u003d Integer.parseInt(input.split(\" \")[1]) - 1;","lastModifiedDate":"2025-02-12","isFullCredit":false},{"lineNumber":40,"author":{"gitId":"zenn345"},"content":"                if (index \u003e\u003d 0 \u0026\u0026 index \u003c taskCount) {","lastModifiedDate":"2025-02-12","isFullCredit":false},{"lineNumber":41,"author":{"gitId":"zenn345"},"content":"                    tasks[index].markAsDone();","lastModifiedDate":"2025-02-12","isFullCredit":false},{"lineNumber":42,"author":{"gitId":"zenn345"},"content":"                    System.out.println(\"Nice! I\u0027ve marked this task as done:\");","lastModifiedDate":"2025-02-12","isFullCredit":false},{"lineNumber":43,"author":{"gitId":"zenn345"},"content":"                    System.out.println(\"  \" + tasks[index]);","lastModifiedDate":"2025-02-12","isFullCredit":false},{"lineNumber":44,"author":{"gitId":"zenn345"},"content":"                } else {","lastModifiedDate":"2025-02-12","isFullCredit":false},{"lineNumber":45,"author":{"gitId":"zenn345"},"content":"                    System.out.println(\"Invalid task number.\");","lastModifiedDate":"2025-02-12","isFullCredit":false},{"lineNumber":46,"author":{"gitId":"zenn345"},"content":"                }","lastModifiedDate":"2025-02-12","isFullCredit":false},{"lineNumber":47,"author":{"gitId":"zenn345"},"content":"            } else if (input.startsWith(\"unmark \")) {","lastModifiedDate":"2025-02-12","isFullCredit":false},{"lineNumber":48,"author":{"gitId":"zenn345"},"content":"                int index \u003d Integer.parseInt(input.split(\" \")[1]) - 1;","lastModifiedDate":"2025-02-12","isFullCredit":false},{"lineNumber":49,"author":{"gitId":"zenn345"},"content":"                if (index \u003e\u003d 0 \u0026\u0026 index \u003c taskCount) {","lastModifiedDate":"2025-02-12","isFullCredit":false},{"lineNumber":50,"author":{"gitId":"zenn345"},"content":"                    tasks[index].unmarkAsDone();","lastModifiedDate":"2025-02-12","isFullCredit":false},{"lineNumber":51,"author":{"gitId":"zenn345"},"content":"                    System.out.println(\"OK, I\u0027ve marked this task as not done yet:\");","lastModifiedDate":"2025-02-12","isFullCredit":false},{"lineNumber":52,"author":{"gitId":"zenn345"},"content":"                    System.out.println(\"  \" + tasks[index]);","lastModifiedDate":"2025-02-12","isFullCredit":false},{"lineNumber":53,"author":{"gitId":"zenn345"},"content":"                } else {","lastModifiedDate":"2025-02-12","isFullCredit":false},{"lineNumber":54,"author":{"gitId":"zenn345"},"content":"                    System.out.println(\"Invalid task number.\");","lastModifiedDate":"2025-02-12","isFullCredit":false},{"lineNumber":55,"author":{"gitId":"zenn345"},"content":"                }","lastModifiedDate":"2025-01-24","isFullCredit":false},{"lineNumber":56,"author":{"gitId":"zenn345"},"content":"            } else {","lastModifiedDate":"2025-01-24","isFullCredit":false},{"lineNumber":57,"author":{"gitId":"zenn345"},"content":"                if (taskCount \u003c MAX_TASKS) {","lastModifiedDate":"2025-02-12","isFullCredit":false},{"lineNumber":58,"author":{"gitId":"zenn345"},"content":"                    tasks[taskCount] \u003d new Task(input);","lastModifiedDate":"2025-02-12","isFullCredit":false},{"lineNumber":59,"author":{"gitId":"zenn345"},"content":"                    taskCount++;","lastModifiedDate":"2025-01-24","isFullCredit":false},{"lineNumber":60,"author":{"gitId":"zenn345"},"content":"                    System.out.println(\"You\u0027ve added: \" + input);","lastModifiedDate":"2025-02-12","isFullCredit":false},{"lineNumber":61,"author":{"gitId":"zenn345"},"content":"                }","lastModifiedDate":"2025-01-24","isFullCredit":false},{"lineNumber":62,"author":{"gitId":"zenn345"},"content":"            }","lastModifiedDate":"2025-01-24","isFullCredit":false},{"lineNumber":63,"author":{"gitId":"zenn345"},"content":"        }","lastModifiedDate":"2025-01-24","isFullCredit":false},{"lineNumber":64,"author":{"gitId":"zenn345"},"content":"        scanner.close();","lastModifiedDate":"2025-01-24","isFullCredit":false},{"lineNumber":65,"author":{"gitId":"zenn345"},"content":"    }","lastModifiedDate":"2025-01-24","isFullCredit":false},{"lineNumber":66,"author":{"gitId":"zenn345"},"content":"","lastModifiedDate":"2025-02-12","isFullCredit":false},{"lineNumber":67,"author":{"gitId":"zenn345"},"content":"    private static void addTodo(String description) {","lastModifiedDate":"2025-02-12","isFullCredit":false},{"lineNumber":68,"author":{"gitId":"zenn345"},"content":"        if (taskCount \u003c MAX_TASKS) {","lastModifiedDate":"2025-02-12","isFullCredit":false},{"lineNumber":69,"author":{"gitId":"zenn345"},"content":"            tasks[taskCount++] \u003d new Todo(description);","lastModifiedDate":"2025-02-12","isFullCredit":false},{"lineNumber":70,"author":{"gitId":"zenn345"},"content":"            printTaskAdded(tasks[taskCount - 1]);","lastModifiedDate":"2025-02-12","isFullCredit":false},{"lineNumber":71,"author":{"gitId":"zenn345"},"content":"        }","lastModifiedDate":"2025-02-12","isFullCredit":false},{"lineNumber":72,"author":{"gitId":"zenn345"},"content":"    }","lastModifiedDate":"2025-02-12","isFullCredit":false},{"lineNumber":73,"author":{"gitId":"zenn345"},"content":"","lastModifiedDate":"2025-02-12","isFullCredit":false},{"lineNumber":74,"author":{"gitId":"zenn345"},"content":"    private static void addDeadline(String description, String by) {","lastModifiedDate":"2025-02-12","isFullCredit":false},{"lineNumber":75,"author":{"gitId":"zenn345"},"content":"        if (taskCount \u003c MAX_TASKS) {","lastModifiedDate":"2025-02-12","isFullCredit":false},{"lineNumber":76,"author":{"gitId":"zenn345"},"content":"            tasks[taskCount++] \u003d new Deadline(description, by);","lastModifiedDate":"2025-02-12","isFullCredit":false},{"lineNumber":77,"author":{"gitId":"zenn345"},"content":"            printTaskAdded(tasks[taskCount - 1]);","lastModifiedDate":"2025-02-12","isFullCredit":false},{"lineNumber":78,"author":{"gitId":"zenn345"},"content":"        }","lastModifiedDate":"2025-02-12","isFullCredit":false},{"lineNumber":79,"author":{"gitId":"zenn345"},"content":"    }","lastModifiedDate":"2025-02-12","isFullCredit":false},{"lineNumber":80,"author":{"gitId":"zenn345"},"content":"","lastModifiedDate":"2025-02-12","isFullCredit":false},{"lineNumber":81,"author":{"gitId":"zenn345"},"content":"    private static void addEvent(String description, String from, String to) {","lastModifiedDate":"2025-02-12","isFullCredit":false},{"lineNumber":82,"author":{"gitId":"zenn345"},"content":"        if (taskCount \u003c MAX_TASKS) {","lastModifiedDate":"2025-02-12","isFullCredit":false},{"lineNumber":83,"author":{"gitId":"zenn345"},"content":"            tasks[taskCount++] \u003d new Event(description, from, to);","lastModifiedDate":"2025-02-12","isFullCredit":false},{"lineNumber":84,"author":{"gitId":"zenn345"},"content":"            printTaskAdded(tasks[taskCount - 1]);","lastModifiedDate":"2025-02-12","isFullCredit":false},{"lineNumber":85,"author":{"gitId":"zenn345"},"content":"        }","lastModifiedDate":"2025-02-12","isFullCredit":false},{"lineNumber":86,"author":{"gitId":"zenn345"},"content":"    }","lastModifiedDate":"2025-02-12","isFullCredit":false},{"lineNumber":87,"author":{"gitId":"zenn345"},"content":"","lastModifiedDate":"2025-02-12","isFullCredit":false},{"lineNumber":88,"author":{"gitId":"zenn345"},"content":"    private static void printTaskAdded(Task task) {","lastModifiedDate":"2025-02-12","isFullCredit":false},{"lineNumber":89,"author":{"gitId":"zenn345"},"content":"        System.out.println(\"Got it. I\u0027ve added this task:\");","lastModifiedDate":"2025-02-12","isFullCredit":false},{"lineNumber":90,"author":{"gitId":"zenn345"},"content":"        System.out.println(\"  \" + task);","lastModifiedDate":"2025-02-12","isFullCredit":false},{"lineNumber":91,"author":{"gitId":"zenn345"},"content":"        System.out.println(\"Now you have \" + taskCount + \" tasks in the todo list.\");","lastModifiedDate":"2025-02-12","isFullCredit":false},{"lineNumber":92,"author":{"gitId":"zenn345"},"content":"    }","lastModifiedDate":"2025-02-12","isFullCredit":false},{"lineNumber":93,"author":{"gitId":"zenn345"},"content":"}","lastModifiedDate":"2025-01-24","isFullCredit":false},{"lineNumber":94,"author":{"gitId":"zenn345"},"content":"","lastModifiedDate":"2025-01-24","isFullCredit":false}],"authorContributionMap":{"zenn345":94}}]
