{"authorDailyContributionsMap":{"Mingyuan03":[{"date":"2025-01-24","commitResults":[{"hash":"f9279513df82a5c36cbe7a99e594bfa79fb6c156","isMergeCommit":false,"messageTitle":"Rename Duke.java to Main.java.","messageBody":"","tags":["v1.0"],"fileTypesAndContributionMap":{"java":{"insertions":17,"deletions":10}}},{"hash":"68ab1b64e09aaba78f612855a4f3d6b0b6122332","isMergeCommit":false,"messageTitle":"Edit Main.java for Level 1 Task","messageBody":"","tags":["Level-1","Level-0"],"fileTypesAndContributionMap":{"java":{"insertions":26,"deletions":8}}}]},{"date":"2025-01-25","commitResults":[{"hash":"ed5582c5075adb0348ba131630ce7aadd0947e07","isMergeCommit":false,"messageTitle":"Create class hierarchy for Task and its children, and abstractify and encapsulate underlying DS implementation of TaskLog in a separate TaskLog file. Incorporate more OOP and functional programming flavour to programs.","messageBody":"","tags":["Level-4","Level-3","Level-2"],"fileTypesAndContributionMap":{"java":{"insertions":208,"deletions":35}}},{"hash":"d28a2de6c7a12470f91638778dce62168a0cdb47","isMergeCommit":false,"messageTitle":"Automate text-based User-Interface (UI) testing of SteadyBot.java and its associated program files based on 1 simple test case contained in input.txt.","messageBody":"","tags":["A-TextUiTesting"],"fileTypesAndContributionMap":{"txt":{"insertions":22,"deletions":0},"java":{"insertions":10,"deletions":6},"bat":{"insertions":2,"deletions":1}}}]},{"date":"2025-01-26","commitResults":[{"hash":"c0f041f32b4118fb10231e2a489f758dfe1bc686","isMergeCommit":false,"messageTitle":"Add deleteTask functionality to TaskLogs class. Create Command enum to separate task parsing capability from main execution of SteadyBot. Create exceptions for empty description or time content, and invalid commands necessitating help messages for end user.","messageBody":"","tags":["Level-6","Level-5"],"fileTypesAndContributionMap":{"txt":{"insertions":3,"deletions":3},"java":{"insertions":152,"deletions":37}}},{"hash":"fd913484874470a4358877a1c8d960dccb369860","isMergeCommit":false,"messageTitle":"Add printSingleTask, i.e. find task by 1-indexed location, functionality to TaskLogs and update Command enum and auxiliary files accordingly.","messageBody":"","tags":["A-Enums"],"fileTypesAndContributionMap":{"txt":{"insertions":6,"deletions":0},"java":{"insertions":29,"deletions":9}}},{"hash":"33816a4ffd55eca1b6ad65e6ef3e3da3ff27a5dd","isMergeCommit":false,"messageTitle":"Update README.md with new name of chatbot.","messageBody":"","fileTypesAndContributionMap":{"md":{"insertions":1,"deletions":1}}},{"hash":"3c16a019663c0b280d68d0e8a001673bbdac305c","isMergeCommit":false,"messageTitle":"Update README.md","messageBody":"","fileTypesAndContributionMap":{"md":{"insertions":1,"deletions":1}}}]},{"date":"2025-02-02","commitResults":[{"hash":"114e2b3d1c22a09c804257f8c18cf0890f59dfcd","isMergeCommit":false,"messageTitle":"Add save functionality which loads from cache text file at the start and overwrites same file at the end","messageBody":"","fileTypesAndContributionMap":{"txt":{"insertions":0,"deletions":0},"java":{"insertions":109,"deletions":4},"bat":{"insertions":1,"deletions":1}}},{"hash":"ce4b2ef4d778865c37d038e48cdc7b1dde1f1b14","isMergeCommit":true,"messageTitle":"Merge remote-tracking branch \u0027origin/master\u0027 into branch-Level-7","messageBody":"","fileTypesAndContributionMap":{}},{"hash":"7e81e87d6afaab3fb5f65774167b40914cfb5bd8","isMergeCommit":true,"messageTitle":"Merge branch \u0027branch-Level-7\u0027","messageBody":"","tags":["Level-7"],"fileTypesAndContributionMap":{}}]},{"date":"2025-02-03","commitResults":[{"hash":"643cd0030af9cdc3e090dfe8c497fc2cadcc87a0","isMergeCommit":false,"messageTitle":"Modify task times to understand only ISO8601-like LocalDateTime formats and print to console likewise to minimise ambiguity","messageBody":"","fileTypesAndContributionMap":{"txt":{"insertions":2,"deletions":2},"java":{"insertions":84,"deletions":9}}},{"hash":"43e14cd49b587272674e1cf10afbc5a80f69f795","isMergeCommit":true,"messageTitle":"Merge branch \u0027branch-Level-8\u0027","messageBody":"","tags":["Level-8"],"fileTypesAndContributionMap":{}}]}]},"authorFileTypeContributionMap":{"Mingyuan03":{"java":527,"md":2,"fxml":0,"sh":0,"bat":3,"gradle":0,"txt":28}},"authorContributionVariance":{"Mingyuan03":5618.4},"authorDisplayNameMap":{"Mingyuan03":"CS2103T-T08-4 LU M..YUAN"}}
