[{"path":"src/main/java/Commands.java","fileType":"java","lines":[{"lineNumber":1,"author":{"gitId":"AnWe11"},"content":"public class Commands {","lastModifiedDate":"2025-01-21","isFullCredit":false},{"lineNumber":2,"author":{"gitId":"AnWe11"},"content":"","lastModifiedDate":"2025-01-21","isFullCredit":false},{"lineNumber":3,"author":{"gitId":"AnWe11"},"content":"    enum Keywords {","lastModifiedDate":"2025-01-21","isFullCredit":false},{"lineNumber":4,"author":{"gitId":"AnWe11"},"content":"        bye, list, mark, unmark, todo, deadline, event, delete","lastModifiedDate":"2025-01-22","isFullCredit":false},{"lineNumber":5,"author":{"gitId":"AnWe11"},"content":"    }","lastModifiedDate":"2025-01-21","isFullCredit":false},{"lineNumber":6,"author":{"gitId":"AnWe11"},"content":"","lastModifiedDate":"2025-01-21","isFullCredit":false},{"lineNumber":7,"author":{"gitId":"AnWe11"},"content":"    //Goodbye string of Chatbot","lastModifiedDate":"2025-01-23","isFullCredit":false},{"lineNumber":8,"author":{"gitId":"AnWe11"},"content":"    String goodbye \u003d \"\\nGoodbye! Hope to see you again soon!\"+","lastModifiedDate":"2025-01-23","isFullCredit":false},{"lineNumber":9,"author":{"gitId":"AnWe11"},"content":"                            \"\\n_____________________________________________\";","lastModifiedDate":"2025-01-23","isFullCredit":false},{"lineNumber":10,"author":{"gitId":"AnWe11"},"content":"","lastModifiedDate":"2025-01-23","isFullCredit":false},{"lineNumber":11,"author":{"gitId":"AnWe11"},"content":"    //Initialisation of taskID and currTask which will only be initialised if the command is mark or unmark","lastModifiedDate":"2025-01-21","isFullCredit":false},{"lineNumber":12,"author":{"gitId":"AnWe11"},"content":"    private int taskID \u003d -1;","lastModifiedDate":"2025-01-21","isFullCredit":false},{"lineNumber":13,"author":{"gitId":"AnWe11"},"content":"    private Tasks currTask \u003d null;","lastModifiedDate":"2025-01-21","isFullCredit":false},{"lineNumber":14,"author":{"gitId":"AnWe11"},"content":"    private String commandWord \u003d null;","lastModifiedDate":"2025-01-21","isFullCredit":false},{"lineNumber":15,"author":{"gitId":"AnWe11"},"content":"    private String taskDescription \u003d null;","lastModifiedDate":"2025-01-21","isFullCredit":false},{"lineNumber":16,"author":{"gitId":"AnWe11"},"content":"    private String deadlineString \u003d null;","lastModifiedDate":"2025-01-21","isFullCredit":false},{"lineNumber":17,"author":{"gitId":"AnWe11"},"content":"    private String fromString \u003d null;","lastModifiedDate":"2025-01-21","isFullCredit":false},{"lineNumber":18,"author":{"gitId":"AnWe11"},"content":"    private String toString \u003d null;","lastModifiedDate":"2025-01-21","isFullCredit":false},{"lineNumber":19,"author":{"gitId":"AnWe11"},"content":"    private TaskManager taskManager \u003d null;","lastModifiedDate":"2025-01-23","isFullCredit":false},{"lineNumber":20,"author":{"gitId":"AnWe11"},"content":"","lastModifiedDate":"2025-01-21","isFullCredit":false},{"lineNumber":21,"author":{"gitId":"AnWe11"},"content":"    //Constructor for Commands","lastModifiedDate":"2025-01-21","isFullCredit":false},{"lineNumber":22,"author":{"gitId":"AnWe11"},"content":"    public Commands(String input, TaskManager taskManager) throws InvalidCommandException {","lastModifiedDate":"2025-01-23","isFullCredit":false},{"lineNumber":23,"author":{"gitId":"AnWe11"},"content":"        this.taskManager \u003d taskManager;","lastModifiedDate":"2025-01-23","isFullCredit":false},{"lineNumber":24,"author":{"gitId":"AnWe11"},"content":"        //Splits input string","lastModifiedDate":"2025-01-21","isFullCredit":false},{"lineNumber":25,"author":{"gitId":"AnWe11"},"content":"        String[] inputArray \u003d input.split(\" \");","lastModifiedDate":"2025-01-21","isFullCredit":false},{"lineNumber":26,"author":{"gitId":"AnWe11"},"content":"        this.commandWord \u003d inputArray[0];","lastModifiedDate":"2025-01-21","isFullCredit":false},{"lineNumber":27,"author":{"gitId":"AnWe11"},"content":"","lastModifiedDate":"2025-01-21","isFullCredit":false},{"lineNumber":28,"author":{"gitId":"AnWe11"},"content":"        switch(commandWord) {","lastModifiedDate":"2025-01-21","isFullCredit":false},{"lineNumber":29,"author":{"gitId":"AnWe11"},"content":"            case \"todo\":","lastModifiedDate":"2025-01-21","isFullCredit":false},{"lineNumber":30,"author":{"gitId":"AnWe11"},"content":"                createTodoTask(input);","lastModifiedDate":"2025-01-23","isFullCredit":false},{"lineNumber":31,"author":{"gitId":"AnWe11"},"content":"                break;","lastModifiedDate":"2025-01-21","isFullCredit":false},{"lineNumber":32,"author":{"gitId":"AnWe11"},"content":"            case \"deadline\":","lastModifiedDate":"2025-01-21","isFullCredit":false},{"lineNumber":33,"author":{"gitId":"AnWe11"},"content":"                createDeadlineTask(input);","lastModifiedDate":"2025-01-23","isFullCredit":false},{"lineNumber":34,"author":{"gitId":"AnWe11"},"content":"                break;","lastModifiedDate":"2025-01-21","isFullCredit":false},{"lineNumber":35,"author":{"gitId":"AnWe11"},"content":"            case \"event\":","lastModifiedDate":"2025-01-21","isFullCredit":false},{"lineNumber":36,"author":{"gitId":"AnWe11"},"content":"                createEventsTask(input);","lastModifiedDate":"2025-01-23","isFullCredit":false},{"lineNumber":37,"author":{"gitId":"AnWe11"},"content":"                break;","lastModifiedDate":"2025-01-21","isFullCredit":false},{"lineNumber":38,"author":{"gitId":"AnWe11"},"content":"            case \"list\":","lastModifiedDate":"2025-01-21","isFullCredit":false},{"lineNumber":39,"author":{"gitId":"AnWe11"},"content":"                System.out.println(\"Here are the tasks in your list:\");","lastModifiedDate":"2025-01-23","isFullCredit":false},{"lineNumber":40,"author":{"gitId":"AnWe11"},"content":"                this.taskManager.listTasks();","lastModifiedDate":"2025-01-23","isFullCredit":false},{"lineNumber":41,"author":{"gitId":"AnWe11"},"content":"                break;","lastModifiedDate":"2025-01-23","isFullCredit":false},{"lineNumber":42,"author":{"gitId":"AnWe11"},"content":"            case \"mark\":","lastModifiedDate":"2025-01-21","isFullCredit":false},{"lineNumber":43,"author":{"gitId":"AnWe11"},"content":"            case \"unmark\":","lastModifiedDate":"2025-01-21","isFullCredit":false},{"lineNumber":44,"author":{"gitId":"AnWe11"},"content":"                markUnmarkTask(input);","lastModifiedDate":"2025-01-23","isFullCredit":false},{"lineNumber":45,"author":{"gitId":"AnWe11"},"content":"                break;","lastModifiedDate":"2025-01-23","isFullCredit":false},{"lineNumber":46,"author":{"gitId":"AnWe11"},"content":"            case \"bye\":","lastModifiedDate":"2025-01-23","isFullCredit":false},{"lineNumber":47,"author":{"gitId":"AnWe11"},"content":"                System.out.println(goodbye);","lastModifiedDate":"2025-01-23","isFullCredit":false},{"lineNumber":48,"author":{"gitId":"AnWe11"},"content":"                break;","lastModifiedDate":"2025-01-23","isFullCredit":false},{"lineNumber":49,"author":{"gitId":"AnWe11"},"content":"            case \"delete\":","lastModifiedDate":"2025-01-22","isFullCredit":false},{"lineNumber":50,"author":{"gitId":"AnWe11"},"content":"                deleteTask(input);","lastModifiedDate":"2025-01-22","isFullCredit":false},{"lineNumber":51,"author":{"gitId":"AnWe11"},"content":"                break;","lastModifiedDate":"2025-01-22","isFullCredit":false},{"lineNumber":52,"author":{"gitId":"AnWe11"},"content":"            default:","lastModifiedDate":"2025-01-21","isFullCredit":false},{"lineNumber":53,"author":{"gitId":"AnWe11"},"content":"                System.out.println(\"Unknown command word: \" + commandWord);","lastModifiedDate":"2025-01-21","isFullCredit":false},{"lineNumber":54,"author":{"gitId":"AnWe11"},"content":"        }","lastModifiedDate":"2025-01-23","isFullCredit":false},{"lineNumber":55,"author":{"gitId":"AnWe11"},"content":"    }","lastModifiedDate":"2025-01-21","isFullCredit":false},{"lineNumber":56,"author":{"gitId":"AnWe11"},"content":"","lastModifiedDate":"2025-01-21","isFullCredit":false},{"lineNumber":57,"author":{"gitId":"AnWe11"},"content":"    public void markUnmarkTask(String input) throws InvalidCommandException {","lastModifiedDate":"2025-01-23","isFullCredit":false},{"lineNumber":58,"author":{"gitId":"AnWe11"},"content":"        try {","lastModifiedDate":"2025-01-21","isFullCredit":false},{"lineNumber":59,"author":{"gitId":"AnWe11"},"content":"            int firstSpaceIndex \u003d input.indexOf(\" \");","lastModifiedDate":"2025-01-23","isFullCredit":false},{"lineNumber":60,"author":{"gitId":"AnWe11"},"content":"            //Return everything after first space or empty string if no space","lastModifiedDate":"2025-01-23","isFullCredit":false},{"lineNumber":61,"author":{"gitId":"AnWe11"},"content":"            if ((firstSpaceIndex \u003d\u003d -1) || firstSpaceIndex \u003d\u003d input.length() - 1) {","lastModifiedDate":"2025-01-23","isFullCredit":false},{"lineNumber":62,"author":{"gitId":"AnWe11"},"content":"                if (this.commandWord.equalsIgnoreCase(\"mark\")) {","lastModifiedDate":"2025-01-23","isFullCredit":false},{"lineNumber":63,"author":{"gitId":"AnWe11"},"content":"                    throw new InvalidCommandException(\"You did not specify which task you would like to mark... :c\");","lastModifiedDate":"2025-01-23","isFullCredit":false},{"lineNumber":64,"author":{"gitId":"AnWe11"},"content":"                } else {","lastModifiedDate":"2025-01-21","isFullCredit":false},{"lineNumber":65,"author":{"gitId":"AnWe11"},"content":"                    throw new InvalidCommandException(\"You did not specify which task you would like to unmark... :[\");","lastModifiedDate":"2025-01-23","isFullCredit":false},{"lineNumber":66,"author":{"gitId":"AnWe11"},"content":"                }","lastModifiedDate":"2025-01-21","isFullCredit":false},{"lineNumber":67,"author":{"gitId":"AnWe11"},"content":"            }","lastModifiedDate":"2025-01-21","isFullCredit":false},{"lineNumber":68,"author":{"gitId":"AnWe11"},"content":"","lastModifiedDate":"2025-01-23","isFullCredit":false},{"lineNumber":69,"author":{"gitId":"AnWe11"},"content":"            this.taskID \u003d Integer.parseInt(input.substring(firstSpaceIndex + 1));","lastModifiedDate":"2025-01-23","isFullCredit":false},{"lineNumber":70,"author":{"gitId":"AnWe11"},"content":"            if (this.taskID \u003e\u003d 0 \u0026\u0026 this.taskID \u003c\u003d taskManager.getTotalTasks()) {","lastModifiedDate":"2025-01-23","isFullCredit":false},{"lineNumber":71,"author":{"gitId":"AnWe11"},"content":"                this.currTask \u003d taskManager.getTask(this.taskID);","lastModifiedDate":"2025-01-23","isFullCredit":false},{"lineNumber":72,"author":{"gitId":"AnWe11"},"content":"            } else {","lastModifiedDate":"2025-01-23","isFullCredit":false},{"lineNumber":73,"author":{"gitId":"AnWe11"},"content":"                throw new NumberFormatException(\"Invalid Task ID\");","lastModifiedDate":"2025-01-23","isFullCredit":false},{"lineNumber":74,"author":{"gitId":"AnWe11"},"content":"            }","lastModifiedDate":"2025-01-21","isFullCredit":false},{"lineNumber":75,"author":{"gitId":"AnWe11"},"content":"","lastModifiedDate":"2025-01-21","isFullCredit":false},{"lineNumber":76,"author":{"gitId":"AnWe11"},"content":"            this.currTask \u003d taskManager.getTask(this.taskID);","lastModifiedDate":"2025-01-23","isFullCredit":false},{"lineNumber":77,"author":{"gitId":"AnWe11"},"content":"            if (this.commandWord.equalsIgnoreCase(\"mark\")) {","lastModifiedDate":"2025-01-23","isFullCredit":false},{"lineNumber":78,"author":{"gitId":"AnWe11"},"content":"                System.out.println(\"Nice work! I\u0027ve marked this task as done:\");","lastModifiedDate":"2025-01-23","isFullCredit":false},{"lineNumber":79,"author":{"gitId":"AnWe11"},"content":"                this.currTask.markAsDone();","lastModifiedDate":"2025-01-23","isFullCredit":false},{"lineNumber":80,"author":{"gitId":"AnWe11"},"content":"            } else {","lastModifiedDate":"2025-01-23","isFullCredit":false},{"lineNumber":81,"author":{"gitId":"AnWe11"},"content":"                System.out.println(\"Ok , I\u0027ve unmarked this task:\");","lastModifiedDate":"2025-01-23","isFullCredit":false},{"lineNumber":82,"author":{"gitId":"AnWe11"},"content":"                this.currTask.unmark();","lastModifiedDate":"2025-01-23","isFullCredit":false},{"lineNumber":83,"author":{"gitId":"AnWe11"},"content":"            }","lastModifiedDate":"2025-01-21","isFullCredit":false},{"lineNumber":84,"author":{"gitId":"AnWe11"},"content":"            System.out.println(this.currTask.getDescription());","lastModifiedDate":"2025-01-23","isFullCredit":false},{"lineNumber":85,"author":{"gitId":"AnWe11"},"content":"            System.out.println(\" \");","lastModifiedDate":"2025-01-23","isFullCredit":false},{"lineNumber":86,"author":{"gitId":"AnWe11"},"content":"            this.taskManager.getRemainingTasks();","lastModifiedDate":"2025-01-23","isFullCredit":false},{"lineNumber":87,"author":{"gitId":"AnWe11"},"content":"            System.out.println(\"\\n_____________________________________________\");","lastModifiedDate":"2025-01-23","isFullCredit":false},{"lineNumber":88,"author":{"gitId":"AnWe11"},"content":"","lastModifiedDate":"2025-01-21","isFullCredit":false},{"lineNumber":89,"author":{"gitId":"AnWe11"},"content":"            System.out.println(\"_____________________________________________\\n\");","lastModifiedDate":"2025-01-23","isFullCredit":false},{"lineNumber":90,"author":{"gitId":"AnWe11"},"content":"        } catch (InvalidCommandException e) {","lastModifiedDate":"2025-01-23","isFullCredit":false},{"lineNumber":91,"author":{"gitId":"AnWe11"},"content":"            System.out.println(e.getMessage());","lastModifiedDate":"2025-01-23","isFullCredit":false},{"lineNumber":92,"author":{"gitId":"AnWe11"},"content":"            System.out.println(\"_____________________________________________\");","lastModifiedDate":"2025-01-23","isFullCredit":false},{"lineNumber":93,"author":{"gitId":"AnWe11"},"content":"            System.out.println(\"Input format to mark task should be \\nmark \u003ctask ID\u003e\");","lastModifiedDate":"2025-01-23","isFullCredit":false},{"lineNumber":94,"author":{"gitId":"AnWe11"},"content":"            System.out.println(\"_____________________________________________\\n\");","lastModifiedDate":"2025-01-23","isFullCredit":false},{"lineNumber":95,"author":{"gitId":"AnWe11"},"content":"            this.taskDescription \u003d \"\";","lastModifiedDate":"2025-01-23","isFullCredit":false},{"lineNumber":96,"author":{"gitId":"AnWe11"},"content":"            this.commandWord \u003d \"error\";","lastModifiedDate":"2025-01-23","isFullCredit":false},{"lineNumber":97,"author":{"gitId":"AnWe11"},"content":"        } catch (NumberFormatException e) {","lastModifiedDate":"2025-01-23","isFullCredit":false},{"lineNumber":98,"author":{"gitId":"AnWe11"},"content":"            System.out.println(\"Invalid taskID format.\");","lastModifiedDate":"2025-01-23","isFullCredit":false},{"lineNumber":99,"author":{"gitId":"AnWe11"},"content":"        }","lastModifiedDate":"2025-01-23","isFullCredit":false},{"lineNumber":100,"author":{"gitId":"AnWe11"},"content":"    }","lastModifiedDate":"2025-01-21","isFullCredit":false},{"lineNumber":101,"author":{"gitId":"AnWe11"},"content":"","lastModifiedDate":"2025-01-21","isFullCredit":false},{"lineNumber":102,"author":{"gitId":"AnWe11"},"content":"    //Method to retrieve the first word of the command","lastModifiedDate":"2025-01-21","isFullCredit":false},{"lineNumber":103,"author":{"gitId":"AnWe11"},"content":"    public String getCommandWord() {","lastModifiedDate":"2025-01-21","isFullCredit":false},{"lineNumber":104,"author":{"gitId":"AnWe11"},"content":"        return this.commandWord;","lastModifiedDate":"2025-01-21","isFullCredit":false},{"lineNumber":105,"author":{"gitId":"AnWe11"},"content":"    }","lastModifiedDate":"2025-01-21","isFullCredit":false},{"lineNumber":106,"author":{"gitId":"AnWe11"},"content":"","lastModifiedDate":"2025-01-21","isFullCredit":false},{"lineNumber":107,"author":{"gitId":"AnWe11"},"content":"    public void createTodoTask(String input) throws InvalidCommandException {","lastModifiedDate":"2025-01-23","isFullCredit":false},{"lineNumber":108,"author":{"gitId":"AnWe11"},"content":"        try {","lastModifiedDate":"2025-01-22","isFullCredit":false},{"lineNumber":109,"author":{"gitId":"AnWe11"},"content":"            int firstSpaceIndex \u003d input.indexOf(\" \");","lastModifiedDate":"2025-01-21","isFullCredit":false},{"lineNumber":110,"author":{"gitId":"AnWe11"},"content":"            //Return everything after first space or empty string if no space","lastModifiedDate":"2025-01-21","isFullCredit":false},{"lineNumber":111,"author":{"gitId":"AnWe11"},"content":"            if ((firstSpaceIndex \u003d\u003d -1) || firstSpaceIndex \u003d\u003d input.length() - 1) {","lastModifiedDate":"2025-01-22","isFullCredit":false},{"lineNumber":112,"author":{"gitId":"AnWe11"},"content":"                throw new InvalidCommandException(\"Oops! The task description of todo cannot be empty :(\");","lastModifiedDate":"2025-01-22","isFullCredit":false},{"lineNumber":113,"author":{"gitId":"AnWe11"},"content":"            }","lastModifiedDate":"2025-01-22","isFullCredit":false},{"lineNumber":114,"author":{"gitId":"AnWe11"},"content":"","lastModifiedDate":"2025-01-23","isFullCredit":false},{"lineNumber":115,"author":{"gitId":"AnWe11"},"content":"            this.taskDescription \u003d input.substring(firstSpaceIndex + 1);","lastModifiedDate":"2025-01-22","isFullCredit":false},{"lineNumber":116,"author":{"gitId":"AnWe11"},"content":"            ToDo todoTask \u003d new ToDo(this.taskDescription);","lastModifiedDate":"2025-01-23","isFullCredit":false},{"lineNumber":117,"author":{"gitId":"AnWe11"},"content":"            taskManager.addTask(todoTask);","lastModifiedDate":"2025-01-23","isFullCredit":false},{"lineNumber":118,"author":{"gitId":"AnWe11"},"content":"            printDescription(todoTask);","lastModifiedDate":"2025-01-23","isFullCredit":false},{"lineNumber":119,"author":{"gitId":"AnWe11"},"content":"        } catch (InvalidCommandException e) {","lastModifiedDate":"2025-01-22","isFullCredit":false},{"lineNumber":120,"author":{"gitId":"AnWe11"},"content":"            System.out.println(e.getMessage());","lastModifiedDate":"2025-01-22","isFullCredit":false},{"lineNumber":121,"author":{"gitId":"AnWe11"},"content":"            System.out.println(\"_____________________________________________\");","lastModifiedDate":"2025-01-22","isFullCredit":false},{"lineNumber":122,"author":{"gitId":"AnWe11"},"content":"            System.out.println(\"Input format for todo tasks should be\\ntodo \u003cTask Description\u003e\");","lastModifiedDate":"2025-01-22","isFullCredit":false},{"lineNumber":123,"author":{"gitId":"AnWe11"},"content":"            System.out.println(\"_____________________________________________\\n\");","lastModifiedDate":"2025-01-22","isFullCredit":false},{"lineNumber":124,"author":{"gitId":"AnWe11"},"content":"            this.taskDescription \u003d \"\";","lastModifiedDate":"2025-01-22","isFullCredit":false},{"lineNumber":125,"author":{"gitId":"AnWe11"},"content":"            this.commandWord \u003d \"error\";","lastModifiedDate":"2025-01-22","isFullCredit":false},{"lineNumber":126,"author":{"gitId":"AnWe11"},"content":"        }","lastModifiedDate":"2025-01-21","isFullCredit":false},{"lineNumber":127,"author":{"gitId":"AnWe11"},"content":"","lastModifiedDate":"2025-01-21","isFullCredit":false},{"lineNumber":128,"author":{"gitId":"AnWe11"},"content":"    }","lastModifiedDate":"2025-01-22","isFullCredit":false},{"lineNumber":129,"author":{"gitId":"AnWe11"},"content":"","lastModifiedDate":"2025-01-22","isFullCredit":false},{"lineNumber":130,"author":{"gitId":"AnWe11"},"content":"    public void createDeadlineTask(String input) throws InvalidCommandException {","lastModifiedDate":"2025-01-23","isFullCredit":false},{"lineNumber":131,"author":{"gitId":"AnWe11"},"content":"        try {","lastModifiedDate":"2025-01-22","isFullCredit":false},{"lineNumber":132,"author":{"gitId":"AnWe11"},"content":"            int firstSpaceIndex \u003d input.indexOf(\" \");","lastModifiedDate":"2025-01-22","isFullCredit":false},{"lineNumber":133,"author":{"gitId":"AnWe11"},"content":"            //Return everything after first space or empty string if no space","lastModifiedDate":"2025-01-22","isFullCredit":false},{"lineNumber":134,"author":{"gitId":"AnWe11"},"content":"            if ((firstSpaceIndex \u003d\u003d -1) || firstSpaceIndex \u003d\u003d input.length() - 1) {","lastModifiedDate":"2025-01-22","isFullCredit":false},{"lineNumber":135,"author":{"gitId":"AnWe11"},"content":"                throw new InvalidCommandException(\"Luigi is sad because there is no task description )\u0027:\");","lastModifiedDate":"2025-01-22","isFullCredit":false},{"lineNumber":136,"author":{"gitId":"AnWe11"},"content":"            }","lastModifiedDate":"2025-01-22","isFullCredit":false},{"lineNumber":137,"author":{"gitId":"AnWe11"},"content":"            this.taskDescription \u003d input.substring(firstSpaceIndex + 1);","lastModifiedDate":"2025-01-22","isFullCredit":false},{"lineNumber":138,"author":{"gitId":"AnWe11"},"content":"","lastModifiedDate":"2025-01-22","isFullCredit":false},{"lineNumber":139,"author":{"gitId":"AnWe11"},"content":"            if (!this.taskDescription.contains(\"/by\")) {","lastModifiedDate":"2025-01-22","isFullCredit":false},{"lineNumber":140,"author":{"gitId":"AnWe11"},"content":"                throw new InvalidCommandException(\"Oops! You did not specify a deadline date D:\");","lastModifiedDate":"2025-01-22","isFullCredit":false},{"lineNumber":141,"author":{"gitId":"AnWe11"},"content":"            }","lastModifiedDate":"2025-01-22","isFullCredit":false},{"lineNumber":142,"author":{"gitId":"AnWe11"},"content":"","lastModifiedDate":"2025-01-23","isFullCredit":false},{"lineNumber":143,"author":{"gitId":"AnWe11"},"content":"            String[] parts \u003d this.taskDescription.split(\"/by\", 2);","lastModifiedDate":"2025-01-21","isFullCredit":false},{"lineNumber":144,"author":{"gitId":"AnWe11"},"content":"            this.taskDescription \u003d parts[0];","lastModifiedDate":"2025-01-21","isFullCredit":false},{"lineNumber":145,"author":{"gitId":"AnWe11"},"content":"            this.deadlineString \u003d parts[1];","lastModifiedDate":"2025-01-21","isFullCredit":false},{"lineNumber":146,"author":{"gitId":"AnWe11"},"content":"            Deadlines deadlineTask \u003d new Deadlines(this.taskDescription, this.deadlineString);","lastModifiedDate":"2025-01-23","isFullCredit":false},{"lineNumber":147,"author":{"gitId":"AnWe11"},"content":"            taskManager.addTask(deadlineTask);","lastModifiedDate":"2025-01-23","isFullCredit":false},{"lineNumber":148,"author":{"gitId":"AnWe11"},"content":"            printDescription(deadlineTask);","lastModifiedDate":"2025-01-23","isFullCredit":false},{"lineNumber":149,"author":{"gitId":"AnWe11"},"content":"        } catch (InvalidCommandException e) {","lastModifiedDate":"2025-01-22","isFullCredit":false},{"lineNumber":150,"author":{"gitId":"AnWe11"},"content":"            System.out.println(e.getMessage());","lastModifiedDate":"2025-01-22","isFullCredit":false},{"lineNumber":151,"author":{"gitId":"AnWe11"},"content":"            System.out.println(\"_____________________________________________\");","lastModifiedDate":"2025-01-22","isFullCredit":false},{"lineNumber":152,"author":{"gitId":"AnWe11"},"content":"            System.out.println(\"Input format for deadline tasks should be\\ndeadline \u003cTask Description\u003e /by \u003cdeadline date\u003e\");","lastModifiedDate":"2025-01-22","isFullCredit":false},{"lineNumber":153,"author":{"gitId":"AnWe11"},"content":"            System.out.println(\"_____________________________________________\\n\");","lastModifiedDate":"2025-01-22","isFullCredit":false},{"lineNumber":154,"author":{"gitId":"AnWe11"},"content":"            this.taskDescription \u003d \"\";","lastModifiedDate":"2025-01-22","isFullCredit":false},{"lineNumber":155,"author":{"gitId":"AnWe11"},"content":"            this.commandWord \u003d \"error\";","lastModifiedDate":"2025-01-22","isFullCredit":false},{"lineNumber":156,"author":{"gitId":"AnWe11"},"content":"        }","lastModifiedDate":"2025-01-22","isFullCredit":false},{"lineNumber":157,"author":{"gitId":"AnWe11"},"content":"","lastModifiedDate":"2025-01-22","isFullCredit":false},{"lineNumber":158,"author":{"gitId":"AnWe11"},"content":"    }","lastModifiedDate":"2025-01-22","isFullCredit":false},{"lineNumber":159,"author":{"gitId":"AnWe11"},"content":"","lastModifiedDate":"2025-01-22","isFullCredit":false},{"lineNumber":160,"author":{"gitId":"AnWe11"},"content":"    public void createEventsTask(String input) throws InvalidCommandException {","lastModifiedDate":"2025-01-23","isFullCredit":false},{"lineNumber":161,"author":{"gitId":"AnWe11"},"content":"        try {","lastModifiedDate":"2025-01-22","isFullCredit":false},{"lineNumber":162,"author":{"gitId":"AnWe11"},"content":"            int firstSpaceIndex \u003d input.indexOf(\" \");","lastModifiedDate":"2025-01-22","isFullCredit":false},{"lineNumber":163,"author":{"gitId":"AnWe11"},"content":"            //Return everything after first space or empty string if no space","lastModifiedDate":"2025-01-22","isFullCredit":false},{"lineNumber":164,"author":{"gitId":"AnWe11"},"content":"            if ((firstSpaceIndex \u003d\u003d -1) || firstSpaceIndex \u003d\u003d input.length() - 1) {","lastModifiedDate":"2025-01-22","isFullCredit":false},{"lineNumber":165,"author":{"gitId":"AnWe11"},"content":"                throw new InvalidCommandException(\":((((((((( You did not include a task description\");","lastModifiedDate":"2025-01-22","isFullCredit":false},{"lineNumber":166,"author":{"gitId":"AnWe11"},"content":"            }","lastModifiedDate":"2025-01-22","isFullCredit":false},{"lineNumber":167,"author":{"gitId":"AnWe11"},"content":"            this.taskDescription \u003d input.substring(firstSpaceIndex + 1);","lastModifiedDate":"2025-01-22","isFullCredit":false},{"lineNumber":168,"author":{"gitId":"AnWe11"},"content":"","lastModifiedDate":"2025-01-22","isFullCredit":false},{"lineNumber":169,"author":{"gitId":"AnWe11"},"content":"            if (!(this.taskDescription.contains(\"/from\") \u0026\u0026 this.taskDescription.contains(\"/to\"))) {","lastModifiedDate":"2025-01-22","isFullCredit":false},{"lineNumber":170,"author":{"gitId":"AnWe11"},"content":"                throw new InvalidCommandException(\"The schedule timing is missing! ._.\");","lastModifiedDate":"2025-01-22","isFullCredit":false},{"lineNumber":171,"author":{"gitId":"AnWe11"},"content":"            }","lastModifiedDate":"2025-01-21","isFullCredit":false},{"lineNumber":172,"author":{"gitId":"AnWe11"},"content":"","lastModifiedDate":"2025-01-21","isFullCredit":false},{"lineNumber":173,"author":{"gitId":"AnWe11"},"content":"            String[] parts \u003d this.taskDescription.split(\"/from\", 2);","lastModifiedDate":"2025-01-21","isFullCredit":false},{"lineNumber":174,"author":{"gitId":"AnWe11"},"content":"            this.taskDescription \u003d parts[0];","lastModifiedDate":"2025-01-21","isFullCredit":false},{"lineNumber":175,"author":{"gitId":"AnWe11"},"content":"            String[] fromToString \u003d parts[1].split(\"/to\", 2);","lastModifiedDate":"2025-01-21","isFullCredit":false},{"lineNumber":176,"author":{"gitId":"AnWe11"},"content":"            fromString \u003d fromToString[0];","lastModifiedDate":"2025-01-21","isFullCredit":false},{"lineNumber":177,"author":{"gitId":"AnWe11"},"content":"            toString \u003d fromToString[1];","lastModifiedDate":"2025-01-21","isFullCredit":false},{"lineNumber":178,"author":{"gitId":"AnWe11"},"content":"            Events eventsTask \u003d new Events(this.taskDescription, this.fromString, this.toString);","lastModifiedDate":"2025-01-23","isFullCredit":false},{"lineNumber":179,"author":{"gitId":"AnWe11"},"content":"            taskManager.addTask(eventsTask);","lastModifiedDate":"2025-01-23","isFullCredit":false},{"lineNumber":180,"author":{"gitId":"AnWe11"},"content":"            printDescription(eventsTask);","lastModifiedDate":"2025-01-23","isFullCredit":false},{"lineNumber":181,"author":{"gitId":"AnWe11"},"content":"        } catch (InvalidCommandException e) {","lastModifiedDate":"2025-01-22","isFullCredit":false},{"lineNumber":182,"author":{"gitId":"AnWe11"},"content":"            System.out.println(e.getMessage());","lastModifiedDate":"2025-01-22","isFullCredit":false},{"lineNumber":183,"author":{"gitId":"AnWe11"},"content":"            System.out.println(\"_____________________________________________\");","lastModifiedDate":"2025-01-22","isFullCredit":false},{"lineNumber":184,"author":{"gitId":"AnWe11"},"content":"            System.out.println(\"Input format for events tasks should be\\nevent \u003cTask Description\u003e /from \u003cfrom date\u003e /to \u003cto date\u003e\");","lastModifiedDate":"2025-01-22","isFullCredit":false},{"lineNumber":185,"author":{"gitId":"AnWe11"},"content":"            System.out.println(\"_____________________________________________\\n\");","lastModifiedDate":"2025-01-22","isFullCredit":false},{"lineNumber":186,"author":{"gitId":"AnWe11"},"content":"            this.taskDescription \u003d \"\";","lastModifiedDate":"2025-01-22","isFullCredit":false},{"lineNumber":187,"author":{"gitId":"AnWe11"},"content":"            this.commandWord \u003d \"error\";","lastModifiedDate":"2025-01-22","isFullCredit":false},{"lineNumber":188,"author":{"gitId":"AnWe11"},"content":"        }","lastModifiedDate":"2025-01-22","isFullCredit":false},{"lineNumber":189,"author":{"gitId":"AnWe11"},"content":"    }","lastModifiedDate":"2025-01-21","isFullCredit":false},{"lineNumber":190,"author":{"gitId":"AnWe11"},"content":"","lastModifiedDate":"2025-01-21","isFullCredit":false},{"lineNumber":191,"author":{"gitId":"AnWe11"},"content":"    public void deleteTask(String input) throws InvalidCommandException {","lastModifiedDate":"2025-01-22","isFullCredit":false},{"lineNumber":192,"author":{"gitId":"AnWe11"},"content":"        try {","lastModifiedDate":"2025-01-22","isFullCredit":false},{"lineNumber":193,"author":{"gitId":"AnWe11"},"content":"            int firstSpaceIndex \u003d input.indexOf(\" \");","lastModifiedDate":"2025-01-22","isFullCredit":false},{"lineNumber":194,"author":{"gitId":"AnWe11"},"content":"            //Return everything after first space or empty string if no space","lastModifiedDate":"2025-01-22","isFullCredit":false},{"lineNumber":195,"author":{"gitId":"AnWe11"},"content":"            if ((firstSpaceIndex \u003d\u003d -1) || firstSpaceIndex \u003d\u003d input.length() - 1) {","lastModifiedDate":"2025-01-22","isFullCredit":false},{"lineNumber":196,"author":{"gitId":"AnWe11"},"content":"                throw new InvalidCommandException(\"o.O You did not specify which task you would like to delete\");","lastModifiedDate":"2025-01-22","isFullCredit":false},{"lineNumber":197,"author":{"gitId":"AnWe11"},"content":"            }","lastModifiedDate":"2025-01-22","isFullCredit":false},{"lineNumber":198,"author":{"gitId":"AnWe11"},"content":"","lastModifiedDate":"2025-01-23","isFullCredit":false},{"lineNumber":199,"author":{"gitId":"AnWe11"},"content":"            this.taskID \u003d Integer.parseInt(input.substring(firstSpaceIndex + 1));","lastModifiedDate":"2025-01-22","isFullCredit":false},{"lineNumber":200,"author":{"gitId":"AnWe11"},"content":"            this.currTask \u003d taskManager.getTask(this.taskID);","lastModifiedDate":"2025-01-23","isFullCredit":false},{"lineNumber":201,"author":{"gitId":"AnWe11"},"content":"            System.out.println(\"\\n_____________________________________________\");","lastModifiedDate":"2025-01-23","isFullCredit":false},{"lineNumber":202,"author":{"gitId":"AnWe11"},"content":"            System.out.println(\"Ok , I\u0027ve deleted this task:\");","lastModifiedDate":"2025-01-23","isFullCredit":false},{"lineNumber":203,"author":{"gitId":"AnWe11"},"content":"            System.out.println(this.currTask.getDescription());","lastModifiedDate":"2025-01-23","isFullCredit":false},{"lineNumber":204,"author":{"gitId":"AnWe11"},"content":"            System.out.println(\"_____________________________________________\\n\");","lastModifiedDate":"2025-01-23","isFullCredit":false},{"lineNumber":205,"author":{"gitId":"AnWe11"},"content":"            taskManager.removeTask(this.taskID);","lastModifiedDate":"2025-01-23","isFullCredit":false},{"lineNumber":206,"author":{"gitId":"AnWe11"},"content":"        } catch (InvalidCommandException e) {","lastModifiedDate":"2025-01-22","isFullCredit":false},{"lineNumber":207,"author":{"gitId":"AnWe11"},"content":"            System.out.println(e.getMessage());","lastModifiedDate":"2025-01-22","isFullCredit":false},{"lineNumber":208,"author":{"gitId":"AnWe11"},"content":"            System.out.println(\"_____________________________________________\");","lastModifiedDate":"2025-01-22","isFullCredit":false},{"lineNumber":209,"author":{"gitId":"AnWe11"},"content":"            System.out.println(\"Input format to delete task should be \\ndelete \u003ctask ID\u003e\");","lastModifiedDate":"2025-01-23","isFullCredit":false},{"lineNumber":210,"author":{"gitId":"AnWe11"},"content":"            System.out.println(\"_____________________________________________\\n\");","lastModifiedDate":"2025-01-22","isFullCredit":false},{"lineNumber":211,"author":{"gitId":"AnWe11"},"content":"            this.taskDescription \u003d \"\";","lastModifiedDate":"2025-01-22","isFullCredit":false},{"lineNumber":212,"author":{"gitId":"AnWe11"},"content":"            this.commandWord \u003d \"error\";","lastModifiedDate":"2025-01-22","isFullCredit":false},{"lineNumber":213,"author":{"gitId":"AnWe11"},"content":"        }","lastModifiedDate":"2025-01-22","isFullCredit":false},{"lineNumber":214,"author":{"gitId":"AnWe11"},"content":"    }","lastModifiedDate":"2025-01-22","isFullCredit":false},{"lineNumber":215,"author":{"gitId":"AnWe11"},"content":"","lastModifiedDate":"2025-01-22","isFullCredit":false},{"lineNumber":216,"author":{"gitId":"AnWe11"},"content":"    //Method to print task description","lastModifiedDate":"2025-01-23","isFullCredit":false},{"lineNumber":217,"author":{"gitId":"AnWe11"},"content":"    public void printDescription(Tasks task) {","lastModifiedDate":"2025-01-23","isFullCredit":false},{"lineNumber":218,"author":{"gitId":"AnWe11"},"content":"        System.out.println(\"_____________________________________________\\n\" + \"Sure thing! I\u0027ve added this task: \");","lastModifiedDate":"2025-01-23","isFullCredit":false},{"lineNumber":219,"author":{"gitId":"AnWe11"},"content":"        System.out.println(task.getDescription());","lastModifiedDate":"2025-01-23","isFullCredit":false},{"lineNumber":220,"author":{"gitId":"AnWe11"},"content":"        System.out.println(\"You currently have \" + this.taskManager.getTotalTasks() + \" task(s) in the list.\");","lastModifiedDate":"2025-01-23","isFullCredit":false},{"lineNumber":221,"author":{"gitId":"AnWe11"},"content":"        System.out.println(\"\\n_____________________________________________\\n\");","lastModifiedDate":"2025-01-23","isFullCredit":false},{"lineNumber":222,"author":{"gitId":"AnWe11"},"content":"    }","lastModifiedDate":"2025-01-23","isFullCredit":false},{"lineNumber":223,"author":{"gitId":"AnWe11"},"content":"","lastModifiedDate":"2025-01-23","isFullCredit":false},{"lineNumber":224,"author":{"gitId":"AnWe11"},"content":"}","lastModifiedDate":"2025-01-21","isFullCredit":false}],"authorContributionMap":{"AnWe11":224}},{"path":"src/main/java/Deadlines.java","fileType":"java","lines":[{"lineNumber":1,"author":{"gitId":"AnWe11"},"content":"public class Deadlines extends Tasks {","lastModifiedDate":"2025-01-21","isFullCredit":false},{"lineNumber":2,"author":{"gitId":"AnWe11"},"content":"","lastModifiedDate":"2025-01-21","isFullCredit":false},{"lineNumber":3,"author":{"gitId":"AnWe11"},"content":"    private String taskType \u003d \"[D]\";","lastModifiedDate":"2025-01-21","isFullCredit":false},{"lineNumber":4,"author":{"gitId":"AnWe11"},"content":"    private String deadlineDate;","lastModifiedDate":"2025-01-21","isFullCredit":false},{"lineNumber":5,"author":{"gitId":"AnWe11"},"content":"","lastModifiedDate":"2025-01-21","isFullCredit":false},{"lineNumber":6,"author":{"gitId":"AnWe11"},"content":"    public Deadlines(String description, String deadlineDate) {","lastModifiedDate":"2025-01-21","isFullCredit":false},{"lineNumber":7,"author":{"gitId":"AnWe11"},"content":"        super(description);","lastModifiedDate":"2025-01-21","isFullCredit":false},{"lineNumber":8,"author":{"gitId":"AnWe11"},"content":"        this.deadlineDate \u003d deadlineDate;","lastModifiedDate":"2025-01-21","isFullCredit":false},{"lineNumber":9,"author":{"gitId":"AnWe11"},"content":"    }","lastModifiedDate":"2025-01-21","isFullCredit":false},{"lineNumber":10,"author":{"gitId":"AnWe11"},"content":"","lastModifiedDate":"2025-01-21","isFullCredit":false},{"lineNumber":11,"author":{"gitId":"AnWe11"},"content":"    @Override","lastModifiedDate":"2025-01-21","isFullCredit":false},{"lineNumber":12,"author":{"gitId":"AnWe11"},"content":"    public String getDescription() {","lastModifiedDate":"2025-01-21","isFullCredit":false},{"lineNumber":13,"author":{"gitId":"AnWe11"},"content":"        StringBuilder str \u003d new StringBuilder();","lastModifiedDate":"2025-01-21","isFullCredit":false},{"lineNumber":14,"author":{"gitId":"AnWe11"},"content":"        str.append(this.taskType).append(super.getDescription()).append(\" (by: \").append(deadlineDate).append(\")\");","lastModifiedDate":"2025-01-21","isFullCredit":false},{"lineNumber":15,"author":{"gitId":"AnWe11"},"content":"        return str.toString();","lastModifiedDate":"2025-01-21","isFullCredit":false},{"lineNumber":16,"author":{"gitId":"AnWe11"},"content":"    }","lastModifiedDate":"2025-01-21","isFullCredit":false},{"lineNumber":17,"author":{"gitId":"AnWe11"},"content":"","lastModifiedDate":"2025-01-21","isFullCredit":false},{"lineNumber":18,"author":{"gitId":"AnWe11"},"content":"}","lastModifiedDate":"2025-01-21","isFullCredit":false}],"authorContributionMap":{"AnWe11":18}},{"path":"src/main/java/Events.java","fileType":"java","lines":[{"lineNumber":1,"author":{"gitId":"AnWe11"},"content":"public class Events extends Tasks {","lastModifiedDate":"2025-01-21","isFullCredit":false},{"lineNumber":2,"author":{"gitId":"AnWe11"},"content":"","lastModifiedDate":"2025-01-21","isFullCredit":false},{"lineNumber":3,"author":{"gitId":"AnWe11"},"content":"    private String taskType \u003d \"[E]\";","lastModifiedDate":"2025-01-21","isFullCredit":false},{"lineNumber":4,"author":{"gitId":"AnWe11"},"content":"    private String fromString;","lastModifiedDate":"2025-01-21","isFullCredit":false},{"lineNumber":5,"author":{"gitId":"AnWe11"},"content":"    private String toString;","lastModifiedDate":"2025-01-21","isFullCredit":false},{"lineNumber":6,"author":{"gitId":"AnWe11"},"content":"","lastModifiedDate":"2025-01-21","isFullCredit":false},{"lineNumber":7,"author":{"gitId":"AnWe11"},"content":"    public Events(String description, String fromString, String toString) {","lastModifiedDate":"2025-01-21","isFullCredit":false},{"lineNumber":8,"author":{"gitId":"AnWe11"},"content":"        super(description);","lastModifiedDate":"2025-01-21","isFullCredit":false},{"lineNumber":9,"author":{"gitId":"AnWe11"},"content":"        this.fromString \u003d fromString;","lastModifiedDate":"2025-01-21","isFullCredit":false},{"lineNumber":10,"author":{"gitId":"AnWe11"},"content":"        this.toString \u003d toString;","lastModifiedDate":"2025-01-21","isFullCredit":false},{"lineNumber":11,"author":{"gitId":"AnWe11"},"content":"    }","lastModifiedDate":"2025-01-21","isFullCredit":false},{"lineNumber":12,"author":{"gitId":"AnWe11"},"content":"","lastModifiedDate":"2025-01-21","isFullCredit":false},{"lineNumber":13,"author":{"gitId":"AnWe11"},"content":"    @Override","lastModifiedDate":"2025-01-21","isFullCredit":false},{"lineNumber":14,"author":{"gitId":"AnWe11"},"content":"    public String getDescription() {","lastModifiedDate":"2025-01-21","isFullCredit":false},{"lineNumber":15,"author":{"gitId":"AnWe11"},"content":"        StringBuilder str \u003d new StringBuilder();","lastModifiedDate":"2025-01-21","isFullCredit":false},{"lineNumber":16,"author":{"gitId":"AnWe11"},"content":"        str.append(this.taskType).append(super.getDescription()).append(\" (from: \").append(fromString)","lastModifiedDate":"2025-01-21","isFullCredit":false},{"lineNumber":17,"author":{"gitId":"AnWe11"},"content":"                                                                .append(\" - \").append(toString).append(\")\");","lastModifiedDate":"2025-01-21","isFullCredit":false},{"lineNumber":18,"author":{"gitId":"AnWe11"},"content":"        return str.toString();","lastModifiedDate":"2025-01-21","isFullCredit":false},{"lineNumber":19,"author":{"gitId":"AnWe11"},"content":"    }","lastModifiedDate":"2025-01-21","isFullCredit":false},{"lineNumber":20,"author":{"gitId":"AnWe11"},"content":"","lastModifiedDate":"2025-01-21","isFullCredit":false},{"lineNumber":21,"author":{"gitId":"AnWe11"},"content":"}","lastModifiedDate":"2025-01-21","isFullCredit":false}],"authorContributionMap":{"AnWe11":21}},{"path":"src/main/java/InvalidCommandException.java","fileType":"java","lines":[{"lineNumber":1,"author":{"gitId":"AnWe11"},"content":"public class InvalidCommandException extends Exception {","lastModifiedDate":"2025-01-22","isFullCredit":false},{"lineNumber":2,"author":{"gitId":"AnWe11"},"content":"","lastModifiedDate":"2025-01-22","isFullCredit":false},{"lineNumber":3,"author":{"gitId":"AnWe11"},"content":"    public InvalidCommandException() {","lastModifiedDate":"2025-01-22","isFullCredit":false},{"lineNumber":4,"author":{"gitId":"AnWe11"},"content":"        super();","lastModifiedDate":"2025-01-22","isFullCredit":false},{"lineNumber":5,"author":{"gitId":"AnWe11"},"content":"    }","lastModifiedDate":"2025-01-22","isFullCredit":false},{"lineNumber":6,"author":{"gitId":"AnWe11"},"content":"","lastModifiedDate":"2025-01-22","isFullCredit":false},{"lineNumber":7,"author":{"gitId":"AnWe11"},"content":"    public InvalidCommandException(String message) {","lastModifiedDate":"2025-01-22","isFullCredit":false},{"lineNumber":8,"author":{"gitId":"AnWe11"},"content":"        super(message);","lastModifiedDate":"2025-01-22","isFullCredit":false},{"lineNumber":9,"author":{"gitId":"AnWe11"},"content":"    }","lastModifiedDate":"2025-01-22","isFullCredit":false},{"lineNumber":10,"author":{"gitId":"AnWe11"},"content":"","lastModifiedDate":"2025-01-22","isFullCredit":false},{"lineNumber":11,"author":{"gitId":"AnWe11"},"content":"}","lastModifiedDate":"2025-01-22","isFullCredit":false}],"authorContributionMap":{"AnWe11":11}},{"path":"src/main/java/Luigi.java","fileType":"java","lines":[{"lineNumber":1,"author":{"gitId":"AnWe11"},"content":"import java.util.ArrayList;","lastModifiedDate":"2025-01-20","isFullCredit":false},{"lineNumber":2,"author":{"gitId":"AnWe11"},"content":"import java.util.List;","lastModifiedDate":"2025-01-20","isFullCredit":false},{"lineNumber":3,"author":{"gitId":"AnWe11"},"content":"import java.util.Scanner;","lastModifiedDate":"2025-01-20","isFullCredit":false},{"lineNumber":4,"author":{"gitId":"AnWe11"},"content":"","lastModifiedDate":"2025-01-20","isFullCredit":false},{"lineNumber":5,"author":{"gitId":"AnWe11"},"content":"public class Luigi {","lastModifiedDate":"2025-01-20","isFullCredit":false},{"lineNumber":6,"author":{"gitId":"AnWe11"},"content":"    public static void main(String[] args) throws InvalidCommandException {","lastModifiedDate":"2025-01-22","isFullCredit":false},{"lineNumber":7,"author":{"gitId":"AnWe11"},"content":"","lastModifiedDate":"2025-01-20","isFullCredit":false},{"lineNumber":8,"author":{"gitId":"AnWe11"},"content":"        //Initialisation of Scanner to read inputs from user","lastModifiedDate":"2025-01-20","isFullCredit":false},{"lineNumber":9,"author":{"gitId":"AnWe11"},"content":"        Scanner scanner \u003d new Scanner(System.in);","lastModifiedDate":"2025-01-20","isFullCredit":false},{"lineNumber":10,"author":{"gitId":"AnWe11"},"content":"","lastModifiedDate":"2025-01-20","isFullCredit":false},{"lineNumber":11,"author":{"gitId":"AnWe11"},"content":"        //Initialisation of input from user","lastModifiedDate":"2025-01-20","isFullCredit":false},{"lineNumber":12,"author":{"gitId":"AnWe11"},"content":"        String input;","lastModifiedDate":"2025-01-20","isFullCredit":false},{"lineNumber":13,"author":{"gitId":"AnWe11"},"content":"","lastModifiedDate":"2025-01-20","isFullCredit":false},{"lineNumber":14,"author":{"gitId":"AnWe11"},"content":"        TaskManager taskManager \u003d new TaskManager();","lastModifiedDate":"2025-01-23","isFullCredit":false},{"lineNumber":15,"author":{"gitId":"AnWe11"},"content":"","lastModifiedDate":"2025-01-20","isFullCredit":false},{"lineNumber":16,"author":{"gitId":"AnWe11"},"content":"        //ASCII Art of Chatbot\u0027s name","lastModifiedDate":"2025-01-20","isFullCredit":false},{"lineNumber":17,"author":{"gitId":"AnWe11"},"content":"        String luigiLogo \u003d \"_____________________________________________\\n\" +","lastModifiedDate":"2025-01-20","isFullCredit":false},{"lineNumber":18,"author":{"gitId":"AnWe11"},"content":"                \" _        _    _    _____    _____    _____  \\n\" +","lastModifiedDate":"2025-01-20","isFullCredit":false},{"lineNumber":19,"author":{"gitId":"AnWe11"},"content":"                \"| |      | |  | |  |_   _|  / ____|  |_   _| \\n\" +","lastModifiedDate":"2025-01-20","isFullCredit":false},{"lineNumber":20,"author":{"gitId":"AnWe11"},"content":"                \"| |      | |  | |    | |   | |   _     | |   \\n\" +","lastModifiedDate":"2025-01-20","isFullCredit":false},{"lineNumber":21,"author":{"gitId":"AnWe11"},"content":"                \"| |      | |  | |    | |   | |  |_|    | |   \\n\" +","lastModifiedDate":"2025-01-20","isFullCredit":false},{"lineNumber":22,"author":{"gitId":"AnWe11"},"content":"                \"| |____  | |__| |   _| |_  | |__| |   _| |_  \\n\" +","lastModifiedDate":"2025-01-20","isFullCredit":false},{"lineNumber":23,"author":{"gitId":"AnWe11"},"content":"                \"|______|  \\\\____/   |_____|  \\\\_____|  |_____| \\n\" +","lastModifiedDate":"2025-01-20","isFullCredit":false},{"lineNumber":24,"author":{"gitId":"AnWe11"},"content":"                \"_____________________________________________\";","lastModifiedDate":"2025-01-20","isFullCredit":false},{"lineNumber":25,"author":{"gitId":"AnWe11"},"content":"","lastModifiedDate":"2025-01-20","isFullCredit":false},{"lineNumber":26,"author":{"gitId":"AnWe11"},"content":"        //Greeting string of Chatbot","lastModifiedDate":"2025-01-20","isFullCredit":false},{"lineNumber":27,"author":{"gitId":"AnWe11"},"content":"        String greeting \u003d \"Hello! I am Luigi!\\nWhat can I do for you?\\n\" +","lastModifiedDate":"2025-01-20","isFullCredit":false},{"lineNumber":28,"author":{"gitId":"AnWe11"},"content":"                \"_____________________________________________\";","lastModifiedDate":"2025-01-20","isFullCredit":false},{"lineNumber":29,"author":{"gitId":"AnWe11"},"content":"","lastModifiedDate":"2025-01-20","isFullCredit":false},{"lineNumber":30,"author":{"gitId":"AnWe11"},"content":"        System.out.println(luigiLogo);","lastModifiedDate":"2025-01-20","isFullCredit":false},{"lineNumber":31,"author":{"gitId":"AnWe11"},"content":"","lastModifiedDate":"2025-01-20","isFullCredit":false},{"lineNumber":32,"author":{"gitId":"AnWe11"},"content":"        System.out.println(greeting);","lastModifiedDate":"2025-01-20","isFullCredit":false},{"lineNumber":33,"author":{"gitId":"AnWe11"},"content":"","lastModifiedDate":"2025-01-20","isFullCredit":false},{"lineNumber":34,"author":{"gitId":"AnWe11"},"content":"        do {","lastModifiedDate":"2025-01-20","isFullCredit":false},{"lineNumber":35,"author":{"gitId":"AnWe11"},"content":"            //Reads input from user and decides what to do","lastModifiedDate":"2025-01-20","isFullCredit":false},{"lineNumber":36,"author":{"gitId":"AnWe11"},"content":"            input \u003d scanner.nextLine();","lastModifiedDate":"2025-01-20","isFullCredit":false},{"lineNumber":37,"author":{"gitId":"AnWe11"},"content":"            Commands command \u003d new Commands(input, taskManager);","lastModifiedDate":"2025-01-23","isFullCredit":false},{"lineNumber":38,"author":{"gitId":"AnWe11"},"content":"        } while (!input.equalsIgnoreCase(\"bye\"));","lastModifiedDate":"2025-01-20","isFullCredit":false},{"lineNumber":39,"author":{"gitId":"AnWe11"},"content":"    }","lastModifiedDate":"2025-01-20","isFullCredit":false},{"lineNumber":40,"author":{"gitId":"AnWe11"},"content":"","lastModifiedDate":"2025-01-20","isFullCredit":false},{"lineNumber":41,"author":{"gitId":"AnWe11"},"content":"}","lastModifiedDate":"2025-01-20","isFullCredit":false}],"authorContributionMap":{"AnWe11":41}},{"path":"src/main/java/TaskManager.java","fileType":"java","lines":[{"lineNumber":1,"author":{"gitId":"AnWe11"},"content":"import java.util.ArrayList;","lastModifiedDate":"2025-01-23","isFullCredit":false},{"lineNumber":2,"author":{"gitId":"AnWe11"},"content":"import java.util.List;","lastModifiedDate":"2025-01-23","isFullCredit":false},{"lineNumber":3,"author":{"gitId":"AnWe11"},"content":"","lastModifiedDate":"2025-01-23","isFullCredit":false},{"lineNumber":4,"author":{"gitId":"AnWe11"},"content":"public class TaskManager {","lastModifiedDate":"2025-01-23","isFullCredit":false},{"lineNumber":5,"author":{"gitId":"AnWe11"},"content":"    private List\u003cTasks\u003e tasksList;","lastModifiedDate":"2025-01-23","isFullCredit":false},{"lineNumber":6,"author":{"gitId":"AnWe11"},"content":"","lastModifiedDate":"2025-01-23","isFullCredit":false},{"lineNumber":7,"author":{"gitId":"AnWe11"},"content":"    public TaskManager() {","lastModifiedDate":"2025-01-23","isFullCredit":false},{"lineNumber":8,"author":{"gitId":"AnWe11"},"content":"        this.tasksList \u003d new ArrayList\u003c\u003e();","lastModifiedDate":"2025-01-23","isFullCredit":false},{"lineNumber":9,"author":{"gitId":"AnWe11"},"content":"    }","lastModifiedDate":"2025-01-23","isFullCredit":false},{"lineNumber":10,"author":{"gitId":"AnWe11"},"content":"","lastModifiedDate":"2025-01-23","isFullCredit":false},{"lineNumber":11,"author":{"gitId":"AnWe11"},"content":"    public void listTasks() {","lastModifiedDate":"2025-01-23","isFullCredit":false},{"lineNumber":12,"author":{"gitId":"AnWe11"},"content":"        StringBuilder str \u003d new StringBuilder();","lastModifiedDate":"2025-01-23","isFullCredit":false},{"lineNumber":13,"author":{"gitId":"AnWe11"},"content":"        str.append(\"\\n_____________________________________________\\n\");","lastModifiedDate":"2025-01-23","isFullCredit":false},{"lineNumber":14,"author":{"gitId":"AnWe11"},"content":"        for(int i \u003d 0; i \u003c tasksList.size(); i++) {","lastModifiedDate":"2025-01-23","isFullCredit":false},{"lineNumber":15,"author":{"gitId":"AnWe11"},"content":"            str.append(i+1).append(\". \").append(tasksList.get(i).getDescription()).append(\"\\n\");","lastModifiedDate":"2025-01-23","isFullCredit":false},{"lineNumber":16,"author":{"gitId":"AnWe11"},"content":"        }","lastModifiedDate":"2025-01-23","isFullCredit":false},{"lineNumber":17,"author":{"gitId":"AnWe11"},"content":"        str.append(\"_____________________________________________\\n\");","lastModifiedDate":"2025-01-23","isFullCredit":false},{"lineNumber":18,"author":{"gitId":"AnWe11"},"content":"        System.out.println(str.toString());","lastModifiedDate":"2025-01-23","isFullCredit":false},{"lineNumber":19,"author":{"gitId":"AnWe11"},"content":"    }","lastModifiedDate":"2025-01-23","isFullCredit":false},{"lineNumber":20,"author":{"gitId":"AnWe11"},"content":"","lastModifiedDate":"2025-01-23","isFullCredit":false},{"lineNumber":21,"author":{"gitId":"AnWe11"},"content":"    public Tasks getTask(int taskID) throws InvalidCommandException {","lastModifiedDate":"2025-01-23","isFullCredit":false},{"lineNumber":22,"author":{"gitId":"AnWe11"},"content":"        return tasksList.get(taskID - 1);","lastModifiedDate":"2025-01-23","isFullCredit":false},{"lineNumber":23,"author":{"gitId":"AnWe11"},"content":"    }","lastModifiedDate":"2025-01-23","isFullCredit":false},{"lineNumber":24,"author":{"gitId":"AnWe11"},"content":"","lastModifiedDate":"2025-01-23","isFullCredit":false},{"lineNumber":25,"author":{"gitId":"AnWe11"},"content":"    public void addTask(Tasks task) {","lastModifiedDate":"2025-01-23","isFullCredit":false},{"lineNumber":26,"author":{"gitId":"AnWe11"},"content":"        tasksList.add(task);","lastModifiedDate":"2025-01-23","isFullCredit":false},{"lineNumber":27,"author":{"gitId":"AnWe11"},"content":"    }","lastModifiedDate":"2025-01-23","isFullCredit":false},{"lineNumber":28,"author":{"gitId":"AnWe11"},"content":"","lastModifiedDate":"2025-01-23","isFullCredit":false},{"lineNumber":29,"author":{"gitId":"AnWe11"},"content":"    public int getTotalTasks() {","lastModifiedDate":"2025-01-23","isFullCredit":false},{"lineNumber":30,"author":{"gitId":"AnWe11"},"content":"        return tasksList.size();","lastModifiedDate":"2025-01-23","isFullCredit":false},{"lineNumber":31,"author":{"gitId":"AnWe11"},"content":"    }","lastModifiedDate":"2025-01-23","isFullCredit":false},{"lineNumber":32,"author":{"gitId":"AnWe11"},"content":"","lastModifiedDate":"2025-01-23","isFullCredit":false},{"lineNumber":33,"author":{"gitId":"AnWe11"},"content":"    public void removeTask(int taskID) {","lastModifiedDate":"2025-01-23","isFullCredit":false},{"lineNumber":34,"author":{"gitId":"AnWe11"},"content":"        tasksList.remove(taskID - 1);","lastModifiedDate":"2025-01-23","isFullCredit":false},{"lineNumber":35,"author":{"gitId":"AnWe11"},"content":"    }","lastModifiedDate":"2025-01-23","isFullCredit":false},{"lineNumber":36,"author":{"gitId":"AnWe11"},"content":"","lastModifiedDate":"2025-01-23","isFullCredit":false},{"lineNumber":37,"author":{"gitId":"AnWe11"},"content":"    public void getRemainingTasks() {","lastModifiedDate":"2025-01-23","isFullCredit":false},{"lineNumber":38,"author":{"gitId":"AnWe11"},"content":"        int remainingTasks \u003d 0;","lastModifiedDate":"2025-01-23","isFullCredit":false},{"lineNumber":39,"author":{"gitId":"AnWe11"},"content":"        StringBuilder str \u003d new StringBuilder();","lastModifiedDate":"2025-01-23","isFullCredit":false},{"lineNumber":40,"author":{"gitId":"AnWe11"},"content":"","lastModifiedDate":"2025-01-23","isFullCredit":false},{"lineNumber":41,"author":{"gitId":"AnWe11"},"content":"        for(Tasks entry : this.tasksList) {","lastModifiedDate":"2025-01-23","isFullCredit":false},{"lineNumber":42,"author":{"gitId":"AnWe11"},"content":"            if (entry.isDone()) {","lastModifiedDate":"2025-01-23","isFullCredit":false},{"lineNumber":43,"author":{"gitId":"AnWe11"},"content":"                remainingTasks++;","lastModifiedDate":"2025-01-23","isFullCredit":false},{"lineNumber":44,"author":{"gitId":"AnWe11"},"content":"            }","lastModifiedDate":"2025-01-23","isFullCredit":false},{"lineNumber":45,"author":{"gitId":"AnWe11"},"content":"        }","lastModifiedDate":"2025-01-23","isFullCredit":false},{"lineNumber":46,"author":{"gitId":"AnWe11"},"content":"        remainingTasks \u003d tasksList.size() - remainingTasks;","lastModifiedDate":"2025-01-23","isFullCredit":false},{"lineNumber":47,"author":{"gitId":"AnWe11"},"content":"        if (remainingTasks \u003d\u003d 0) {","lastModifiedDate":"2025-01-23","isFullCredit":false},{"lineNumber":48,"author":{"gitId":"AnWe11"},"content":"            str.append(\"Congratulations! You have completed all your tasks! :)\");","lastModifiedDate":"2025-01-23","isFullCredit":false},{"lineNumber":49,"author":{"gitId":"AnWe11"},"content":"        } else {","lastModifiedDate":"2025-01-23","isFullCredit":false},{"lineNumber":50,"author":{"gitId":"AnWe11"},"content":"            str.append(\"You have \").append(remainingTasks).append(\" tasks left to complete!\");","lastModifiedDate":"2025-01-23","isFullCredit":false},{"lineNumber":51,"author":{"gitId":"AnWe11"},"content":"        }","lastModifiedDate":"2025-01-23","isFullCredit":false},{"lineNumber":52,"author":{"gitId":"AnWe11"},"content":"        System.out.println(str.toString());","lastModifiedDate":"2025-01-23","isFullCredit":false},{"lineNumber":53,"author":{"gitId":"AnWe11"},"content":"    }","lastModifiedDate":"2025-01-23","isFullCredit":false},{"lineNumber":54,"author":{"gitId":"AnWe11"},"content":"}","lastModifiedDate":"2025-01-23","isFullCredit":false}],"authorContributionMap":{"AnWe11":54}},{"path":"src/main/java/Tasks.java","fileType":"java","lines":[{"lineNumber":1,"author":{"gitId":"AnWe11"},"content":"/*Tasks class to keep track of the different tasks","lastModifiedDate":"2025-01-20","isFullCredit":false},{"lineNumber":2,"author":{"gitId":"AnWe11"},"content":"*","lastModifiedDate":"2025-01-20","isFullCredit":false},{"lineNumber":3,"author":{"gitId":"AnWe11"},"content":"* */","lastModifiedDate":"2025-01-20","isFullCredit":false},{"lineNumber":4,"author":{"gitId":"AnWe11"},"content":"","lastModifiedDate":"2025-01-20","isFullCredit":false},{"lineNumber":5,"author":{"gitId":"AnWe11"},"content":"public class Tasks {","lastModifiedDate":"2025-01-20","isFullCredit":false},{"lineNumber":6,"author":{"gitId":"AnWe11"},"content":"","lastModifiedDate":"2025-01-20","isFullCredit":false},{"lineNumber":7,"author":{"gitId":"AnWe11"},"content":"    //Initialisation of description of task variable, taskID, and boolean done variables","lastModifiedDate":"2025-01-20","isFullCredit":false},{"lineNumber":8,"author":{"gitId":"AnWe11"},"content":"    private String description;","lastModifiedDate":"2025-01-20","isFullCredit":false},{"lineNumber":9,"author":{"gitId":"AnWe11"},"content":"    private int taskID;","lastModifiedDate":"2025-01-20","isFullCredit":false},{"lineNumber":10,"author":{"gitId":"AnWe11"},"content":"    private boolean done;","lastModifiedDate":"2025-01-20","isFullCredit":false},{"lineNumber":11,"author":{"gitId":"AnWe11"},"content":"","lastModifiedDate":"2025-01-20","isFullCredit":false},{"lineNumber":12,"author":{"gitId":"AnWe11"},"content":"    //Initialisation of static int id","lastModifiedDate":"2025-01-20","isFullCredit":false},{"lineNumber":13,"author":{"gitId":"AnWe11"},"content":"    private static int id \u003d 1;","lastModifiedDate":"2025-01-20","isFullCredit":false},{"lineNumber":14,"author":{"gitId":"AnWe11"},"content":"","lastModifiedDate":"2025-01-20","isFullCredit":false},{"lineNumber":15,"author":{"gitId":"AnWe11"},"content":"    private static int totalTasks \u003d 0;","lastModifiedDate":"2025-01-21","isFullCredit":false},{"lineNumber":16,"author":{"gitId":"AnWe11"},"content":"    private static int totalTasksDone \u003d 0;","lastModifiedDate":"2025-01-21","isFullCredit":false},{"lineNumber":17,"author":{"gitId":"AnWe11"},"content":"","lastModifiedDate":"2025-01-21","isFullCredit":false},{"lineNumber":18,"author":{"gitId":"AnWe11"},"content":"    //Tasks class constructor","lastModifiedDate":"2025-01-20","isFullCredit":false},{"lineNumber":19,"author":{"gitId":"AnWe11"},"content":"    public Tasks(String description) {","lastModifiedDate":"2025-01-20","isFullCredit":false},{"lineNumber":20,"author":{"gitId":"AnWe11"},"content":"        this.description \u003d description;","lastModifiedDate":"2025-01-20","isFullCredit":false},{"lineNumber":21,"author":{"gitId":"AnWe11"},"content":"        this.taskID \u003d id++;","lastModifiedDate":"2025-01-20","isFullCredit":false},{"lineNumber":22,"author":{"gitId":"AnWe11"},"content":"        this.done \u003d false;","lastModifiedDate":"2025-01-20","isFullCredit":false},{"lineNumber":23,"author":{"gitId":"AnWe11"},"content":"        totalTasks++;","lastModifiedDate":"2025-01-21","isFullCredit":false},{"lineNumber":24,"author":{"gitId":"AnWe11"},"content":"    }","lastModifiedDate":"2025-01-20","isFullCredit":false},{"lineNumber":25,"author":{"gitId":"AnWe11"},"content":"","lastModifiedDate":"2025-01-20","isFullCredit":false},{"lineNumber":26,"author":{"gitId":"AnWe11"},"content":"    //method call to get task\u0027s description","lastModifiedDate":"2025-01-20","isFullCredit":false},{"lineNumber":27,"author":{"gitId":"AnWe11"},"content":"    public String getDescription() {","lastModifiedDate":"2025-01-20","isFullCredit":false},{"lineNumber":28,"author":{"gitId":"AnWe11"},"content":"        StringBuilder str \u003d new StringBuilder();","lastModifiedDate":"2025-01-20","isFullCredit":false},{"lineNumber":29,"author":{"gitId":"AnWe11"},"content":"        if (done) {","lastModifiedDate":"2025-01-20","isFullCredit":false},{"lineNumber":30,"author":{"gitId":"AnWe11"},"content":"            str.append(\"[X] \");","lastModifiedDate":"2025-01-20","isFullCredit":false},{"lineNumber":31,"author":{"gitId":"AnWe11"},"content":"        } else {","lastModifiedDate":"2025-01-20","isFullCredit":false},{"lineNumber":32,"author":{"gitId":"AnWe11"},"content":"            str.append(\"[ ] \");","lastModifiedDate":"2025-01-20","isFullCredit":false},{"lineNumber":33,"author":{"gitId":"AnWe11"},"content":"        }","lastModifiedDate":"2025-01-20","isFullCredit":false},{"lineNumber":34,"author":{"gitId":"AnWe11"},"content":"        str.append(this.description);","lastModifiedDate":"2025-01-20","isFullCredit":false},{"lineNumber":35,"author":{"gitId":"AnWe11"},"content":"        return str.toString();","lastModifiedDate":"2025-01-20","isFullCredit":false},{"lineNumber":36,"author":{"gitId":"AnWe11"},"content":"    }","lastModifiedDate":"2025-01-20","isFullCredit":false},{"lineNumber":37,"author":{"gitId":"AnWe11"},"content":"","lastModifiedDate":"2025-01-20","isFullCredit":false},{"lineNumber":38,"author":{"gitId":"AnWe11"},"content":"    //Method to get Task ID","lastModifiedDate":"2025-01-20","isFullCredit":false},{"lineNumber":39,"author":{"gitId":"AnWe11"},"content":"    public int getTaskID() {","lastModifiedDate":"2025-01-20","isFullCredit":false},{"lineNumber":40,"author":{"gitId":"AnWe11"},"content":"        return this.taskID;","lastModifiedDate":"2025-01-20","isFullCredit":false},{"lineNumber":41,"author":{"gitId":"AnWe11"},"content":"    }","lastModifiedDate":"2025-01-20","isFullCredit":false},{"lineNumber":42,"author":{"gitId":"AnWe11"},"content":"","lastModifiedDate":"2025-01-20","isFullCredit":false},{"lineNumber":43,"author":{"gitId":"AnWe11"},"content":"//    //Method to retrieve the description in the format of a list descriptor","lastModifiedDate":"2025-01-23","isFullCredit":false},{"lineNumber":44,"author":{"gitId":"AnWe11"},"content":"//    public String getListDescription() {","lastModifiedDate":"2025-01-23","isFullCredit":false},{"lineNumber":45,"author":{"gitId":"AnWe11"},"content":"//        StringBuilder str \u003d new StringBuilder();","lastModifiedDate":"2025-01-23","isFullCredit":false},{"lineNumber":46,"author":{"gitId":"AnWe11"},"content":"//        str.append(this.taskID).append(\". \").append(this.getDescription()).append(\"\\n\");","lastModifiedDate":"2025-01-23","isFullCredit":false},{"lineNumber":47,"author":{"gitId":"AnWe11"},"content":"//        return str.toString();","lastModifiedDate":"2025-01-23","isFullCredit":false},{"lineNumber":48,"author":{"gitId":"AnWe11"},"content":"//    }","lastModifiedDate":"2025-01-23","isFullCredit":false},{"lineNumber":49,"author":{"gitId":"AnWe11"},"content":"","lastModifiedDate":"2025-01-20","isFullCredit":false},{"lineNumber":50,"author":{"gitId":"AnWe11"},"content":"    //Method to mark task as done","lastModifiedDate":"2025-01-20","isFullCredit":false},{"lineNumber":51,"author":{"gitId":"AnWe11"},"content":"    public void markAsDone() {","lastModifiedDate":"2025-01-20","isFullCredit":false},{"lineNumber":52,"author":{"gitId":"AnWe11"},"content":"        if (!done) {","lastModifiedDate":"2025-01-21","isFullCredit":false},{"lineNumber":53,"author":{"gitId":"AnWe11"},"content":"            totalTasksDone++;","lastModifiedDate":"2025-01-21","isFullCredit":false},{"lineNumber":54,"author":{"gitId":"AnWe11"},"content":"        }","lastModifiedDate":"2025-01-21","isFullCredit":false},{"lineNumber":55,"author":{"gitId":"AnWe11"},"content":"        this.done \u003d true;","lastModifiedDate":"2025-01-20","isFullCredit":false},{"lineNumber":56,"author":{"gitId":"AnWe11"},"content":"    }","lastModifiedDate":"2025-01-20","isFullCredit":false},{"lineNumber":57,"author":{"gitId":"AnWe11"},"content":"","lastModifiedDate":"2025-01-20","isFullCredit":false},{"lineNumber":58,"author":{"gitId":"AnWe11"},"content":"    //Method to unmark task as undone","lastModifiedDate":"2025-01-20","isFullCredit":false},{"lineNumber":59,"author":{"gitId":"AnWe11"},"content":"    public void unmark() {","lastModifiedDate":"2025-01-20","isFullCredit":false},{"lineNumber":60,"author":{"gitId":"AnWe11"},"content":"        if (done) {","lastModifiedDate":"2025-01-21","isFullCredit":false},{"lineNumber":61,"author":{"gitId":"AnWe11"},"content":"            totalTasksDone--;","lastModifiedDate":"2025-01-21","isFullCredit":false},{"lineNumber":62,"author":{"gitId":"AnWe11"},"content":"        }","lastModifiedDate":"2025-01-21","isFullCredit":false},{"lineNumber":63,"author":{"gitId":"AnWe11"},"content":"        this.done \u003d false;","lastModifiedDate":"2025-01-20","isFullCredit":false},{"lineNumber":64,"author":{"gitId":"AnWe11"},"content":"    }","lastModifiedDate":"2025-01-20","isFullCredit":false},{"lineNumber":65,"author":{"gitId":"AnWe11"},"content":"","lastModifiedDate":"2025-01-20","isFullCredit":false},{"lineNumber":66,"author":{"gitId":"AnWe11"},"content":"    public boolean isDone() {","lastModifiedDate":"2025-01-23","isFullCredit":false},{"lineNumber":67,"author":{"gitId":"AnWe11"},"content":"        return this.done;","lastModifiedDate":"2025-01-23","isFullCredit":false},{"lineNumber":68,"author":{"gitId":"AnWe11"},"content":"    }","lastModifiedDate":"2025-01-21","isFullCredit":false},{"lineNumber":69,"author":{"gitId":"AnWe11"},"content":"","lastModifiedDate":"2025-01-21","isFullCredit":false},{"lineNumber":70,"author":{"gitId":"AnWe11"},"content":"}","lastModifiedDate":"2025-01-20","isFullCredit":false}],"authorContributionMap":{"AnWe11":70}},{"path":"src/main/java/ToDo.java","fileType":"java","lines":[{"lineNumber":1,"author":{"gitId":"AnWe11"},"content":"public class ToDo extends Tasks{","lastModifiedDate":"2025-01-21","isFullCredit":false},{"lineNumber":2,"author":{"gitId":"AnWe11"},"content":"","lastModifiedDate":"2025-01-21","isFullCredit":false},{"lineNumber":3,"author":{"gitId":"AnWe11"},"content":"    private String taskType \u003d \"[T]\";","lastModifiedDate":"2025-01-21","isFullCredit":false},{"lineNumber":4,"author":{"gitId":"AnWe11"},"content":"","lastModifiedDate":"2025-01-21","isFullCredit":false},{"lineNumber":5,"author":{"gitId":"AnWe11"},"content":"    public ToDo(String description) {","lastModifiedDate":"2025-01-21","isFullCredit":false},{"lineNumber":6,"author":{"gitId":"AnWe11"},"content":"        super(description);","lastModifiedDate":"2025-01-21","isFullCredit":false},{"lineNumber":7,"author":{"gitId":"AnWe11"},"content":"    }","lastModifiedDate":"2025-01-21","isFullCredit":false},{"lineNumber":8,"author":{"gitId":"AnWe11"},"content":"","lastModifiedDate":"2025-01-21","isFullCredit":false},{"lineNumber":9,"author":{"gitId":"AnWe11"},"content":"    @Override","lastModifiedDate":"2025-01-21","isFullCredit":false},{"lineNumber":10,"author":{"gitId":"AnWe11"},"content":"    public String getDescription() {","lastModifiedDate":"2025-01-21","isFullCredit":false},{"lineNumber":11,"author":{"gitId":"AnWe11"},"content":"        StringBuilder str \u003d new StringBuilder();","lastModifiedDate":"2025-01-21","isFullCredit":false},{"lineNumber":12,"author":{"gitId":"AnWe11"},"content":"        str.append(this.taskType).append(super.getDescription());","lastModifiedDate":"2025-01-21","isFullCredit":false},{"lineNumber":13,"author":{"gitId":"AnWe11"},"content":"        return str.toString();","lastModifiedDate":"2025-01-21","isFullCredit":false},{"lineNumber":14,"author":{"gitId":"AnWe11"},"content":"    }","lastModifiedDate":"2025-01-21","isFullCredit":false},{"lineNumber":15,"author":{"gitId":"AnWe11"},"content":"","lastModifiedDate":"2025-01-21","isFullCredit":false},{"lineNumber":16,"author":{"gitId":"AnWe11"},"content":"}","lastModifiedDate":"2025-01-21","isFullCredit":false}],"authorContributionMap":{"AnWe11":16}},{"path":"text-ui-test/runtest.sh","fileType":"sh","lines":[{"lineNumber":1,"author":{"gitId":"-"},"content":"#!/usr/bin/env bash","lastModifiedDate":"2020-05-25","isFullCredit":false},{"lineNumber":2,"author":{"gitId":"-"},"content":"","lastModifiedDate":"2020-05-25","isFullCredit":false},{"lineNumber":3,"author":{"gitId":"-"},"content":"# create bin directory if it doesn\u0027t exist","lastModifiedDate":"2020-05-25","isFullCredit":false},{"lineNumber":4,"author":{"gitId":"-"},"content":"if [ ! -d \"../bin\" ]","lastModifiedDate":"2020-05-25","isFullCredit":false},{"lineNumber":5,"author":{"gitId":"-"},"content":"then","lastModifiedDate":"2020-05-25","isFullCredit":false},{"lineNumber":6,"author":{"gitId":"-"},"content":"    mkdir ../bin","lastModifiedDate":"2020-05-25","isFullCredit":false},{"lineNumber":7,"author":{"gitId":"-"},"content":"fi","lastModifiedDate":"2020-05-25","isFullCredit":false},{"lineNumber":8,"author":{"gitId":"-"},"content":"","lastModifiedDate":"2020-05-25","isFullCredit":false},{"lineNumber":9,"author":{"gitId":"-"},"content":"# delete output from previous run","lastModifiedDate":"2020-05-25","isFullCredit":false},{"lineNumber":10,"author":{"gitId":"-"},"content":"if [ -e \"./ACTUAL.TXT\" ]","lastModifiedDate":"2020-05-25","isFullCredit":false},{"lineNumber":11,"author":{"gitId":"-"},"content":"then","lastModifiedDate":"2020-05-25","isFullCredit":false},{"lineNumber":12,"author":{"gitId":"-"},"content":"    rm ACTUAL.TXT","lastModifiedDate":"2020-05-25","isFullCredit":false},{"lineNumber":13,"author":{"gitId":"-"},"content":"fi","lastModifiedDate":"2020-05-25","isFullCredit":false},{"lineNumber":14,"author":{"gitId":"-"},"content":"","lastModifiedDate":"2020-05-25","isFullCredit":false},{"lineNumber":15,"author":{"gitId":"-"},"content":"# compile the code into the bin folder, terminates if error occurred","lastModifiedDate":"2020-05-25","isFullCredit":false},{"lineNumber":16,"author":{"gitId":"-"},"content":"if ! javac -cp ../src/main/java -Xlint:none -d ../bin ../src/main/java/*.java","lastModifiedDate":"2020-08-25","isFullCredit":false},{"lineNumber":17,"author":{"gitId":"-"},"content":"then","lastModifiedDate":"2020-05-25","isFullCredit":false},{"lineNumber":18,"author":{"gitId":"-"},"content":"    echo \"********** BUILD FAILURE **********\"","lastModifiedDate":"2020-05-25","isFullCredit":false},{"lineNumber":19,"author":{"gitId":"-"},"content":"    exit 1","lastModifiedDate":"2020-05-25","isFullCredit":false},{"lineNumber":20,"author":{"gitId":"-"},"content":"fi","lastModifiedDate":"2020-05-25","isFullCredit":false},{"lineNumber":21,"author":{"gitId":"-"},"content":"","lastModifiedDate":"2020-05-25","isFullCredit":false},{"lineNumber":22,"author":{"gitId":"-"},"content":"# run the program, feed commands from input.txt file and redirect the output to the ACTUAL.TXT","lastModifiedDate":"2020-05-25","isFullCredit":false},{"lineNumber":23,"author":{"gitId":"AnWe11"},"content":"java -classpath ../bin Luigi \u003c input.txt \u003e ACTUAL.TXT","lastModifiedDate":"2025-01-22","isFullCredit":false},{"lineNumber":24,"author":{"gitId":"-"},"content":"","lastModifiedDate":"2020-05-25","isFullCredit":false},{"lineNumber":25,"author":{"gitId":"-"},"content":"# convert to UNIX format","lastModifiedDate":"2020-05-25","isFullCredit":false},{"lineNumber":26,"author":{"gitId":"-"},"content":"cp EXPECTED.TXT EXPECTED-UNIX.TXT","lastModifiedDate":"2020-05-25","isFullCredit":false},{"lineNumber":27,"author":{"gitId":"-"},"content":"dos2unix ACTUAL.TXT EXPECTED-UNIX.TXT","lastModifiedDate":"2020-05-25","isFullCredit":false},{"lineNumber":28,"author":{"gitId":"-"},"content":"","lastModifiedDate":"2020-05-25","isFullCredit":false},{"lineNumber":29,"author":{"gitId":"-"},"content":"# compare the output to the expected output","lastModifiedDate":"2020-05-25","isFullCredit":false},{"lineNumber":30,"author":{"gitId":"-"},"content":"diff ACTUAL.TXT EXPECTED-UNIX.TXT","lastModifiedDate":"2020-05-25","isFullCredit":false},{"lineNumber":31,"author":{"gitId":"-"},"content":"if [ $? -eq 0 ]","lastModifiedDate":"2020-05-25","isFullCredit":false},{"lineNumber":32,"author":{"gitId":"-"},"content":"then","lastModifiedDate":"2020-05-25","isFullCredit":false},{"lineNumber":33,"author":{"gitId":"-"},"content":"    echo \"Test result: PASSED\"","lastModifiedDate":"2020-05-25","isFullCredit":false},{"lineNumber":34,"author":{"gitId":"-"},"content":"    exit 0","lastModifiedDate":"2020-05-25","isFullCredit":false},{"lineNumber":35,"author":{"gitId":"-"},"content":"else","lastModifiedDate":"2020-05-25","isFullCredit":false},{"lineNumber":36,"author":{"gitId":"-"},"content":"    echo \"Test result: FAILED\"","lastModifiedDate":"2020-05-25","isFullCredit":false},{"lineNumber":37,"author":{"gitId":"-"},"content":"    exit 1","lastModifiedDate":"2020-05-25","isFullCredit":false},{"lineNumber":38,"author":{"gitId":"-"},"content":"fi","lastModifiedDate":"2020-05-25","isFullCredit":false}],"authorContributionMap":{"AnWe11":1,"-":37}}]
