[{"path":"src/main/java/CommandsPackage/ByeCase.java","fileType":"java","lines":[{"lineNumber":1,"author":{"gitId":"AnWe11"},"content":"package CommandsPackage;","lastModifiedDate":"2025-01-25","isFullCredit":false},{"lineNumber":2,"author":{"gitId":"AnWe11"},"content":"","lastModifiedDate":"2025-01-25","isFullCredit":false},{"lineNumber":3,"author":{"gitId":"AnWe11"},"content":"public class ByeCase implements DefaultCase {","lastModifiedDate":"2025-01-25","isFullCredit":false},{"lineNumber":4,"author":{"gitId":"AnWe11"},"content":"","lastModifiedDate":"2025-01-25","isFullCredit":false},{"lineNumber":5,"author":{"gitId":"AnWe11"},"content":"    public ByeCase() { }","lastModifiedDate":"2025-01-25","isFullCredit":false},{"lineNumber":6,"author":{"gitId":"AnWe11"},"content":"","lastModifiedDate":"2025-01-25","isFullCredit":false},{"lineNumber":7,"author":{"gitId":"AnWe11"},"content":"    @Override","lastModifiedDate":"2025-01-25","isFullCredit":false},{"lineNumber":8,"author":{"gitId":"AnWe11"},"content":"    public void action() {","lastModifiedDate":"2025-01-25","isFullCredit":false},{"lineNumber":9,"author":{"gitId":"AnWe11"},"content":"        System.out.println(\"\\nGoodbye! Hope to see you again soon!\"+","lastModifiedDate":"2025-01-25","isFullCredit":false},{"lineNumber":10,"author":{"gitId":"AnWe11"},"content":"                \"\\n_____________________________________________\");","lastModifiedDate":"2025-01-25","isFullCredit":false},{"lineNumber":11,"author":{"gitId":"AnWe11"},"content":"    }","lastModifiedDate":"2025-01-25","isFullCredit":false},{"lineNumber":12,"author":{"gitId":"AnWe11"},"content":"","lastModifiedDate":"2025-01-25","isFullCredit":false},{"lineNumber":13,"author":{"gitId":"AnWe11"},"content":"}","lastModifiedDate":"2025-01-25","isFullCredit":false}],"authorContributionMap":{"AnWe11":13}},{"path":"src/main/java/CommandsPackage/CommandsParser.java","fileType":"java","lines":[{"lineNumber":1,"author":{"gitId":"AnWe11"},"content":"package CommandsPackage;","lastModifiedDate":"2025-01-25","isFullCredit":false},{"lineNumber":2,"author":{"gitId":"AnWe11"},"content":"","lastModifiedDate":"2025-01-25","isFullCredit":false},{"lineNumber":3,"author":{"gitId":"AnWe11"},"content":"import Exceptions.InvalidCommandException;","lastModifiedDate":"2025-01-25","isFullCredit":false},{"lineNumber":4,"author":{"gitId":"AnWe11"},"content":"import TaskPackage.*;","lastModifiedDate":"2025-01-25","isFullCredit":false},{"lineNumber":5,"author":{"gitId":"AnWe11"},"content":"","lastModifiedDate":"2025-01-25","isFullCredit":false},{"lineNumber":6,"author":{"gitId":"AnWe11"},"content":"public class CommandsParser {","lastModifiedDate":"2025-01-25","isFullCredit":false},{"lineNumber":7,"author":{"gitId":"AnWe11"},"content":"","lastModifiedDate":"2025-01-25","isFullCredit":false},{"lineNumber":8,"author":{"gitId":"AnWe11"},"content":"    enum Keywords {","lastModifiedDate":"2025-01-25","isFullCredit":false},{"lineNumber":9,"author":{"gitId":"AnWe11"},"content":"        bye, list, mark, unmark, todo, deadline, event, delete","lastModifiedDate":"2025-01-25","isFullCredit":false},{"lineNumber":10,"author":{"gitId":"AnWe11"},"content":"    }","lastModifiedDate":"2025-01-25","isFullCredit":false},{"lineNumber":11,"author":{"gitId":"AnWe11"},"content":"","lastModifiedDate":"2025-01-25","isFullCredit":false},{"lineNumber":12,"author":{"gitId":"AnWe11"},"content":"    //Goodbye string of Chatbot","lastModifiedDate":"2025-01-25","isFullCredit":false},{"lineNumber":13,"author":{"gitId":"AnWe11"},"content":"    String goodbye \u003d \"\\nGoodbye! Hope to see you again soon!\" +","lastModifiedDate":"2025-01-25","isFullCredit":false},{"lineNumber":14,"author":{"gitId":"AnWe11"},"content":"            \"\\n_____________________________________________\";","lastModifiedDate":"2025-01-25","isFullCredit":false},{"lineNumber":15,"author":{"gitId":"AnWe11"},"content":"","lastModifiedDate":"2025-01-25","isFullCredit":false},{"lineNumber":16,"author":{"gitId":"AnWe11"},"content":"    //Initialisation of taskID and currTask which will only be initialised if the command is mark or unmark","lastModifiedDate":"2025-01-25","isFullCredit":false},{"lineNumber":17,"author":{"gitId":"AnWe11"},"content":"    private int taskID \u003d -1;","lastModifiedDate":"2025-01-25","isFullCredit":false},{"lineNumber":18,"author":{"gitId":"AnWe11"},"content":"    private TasksDefault currTask \u003d null;","lastModifiedDate":"2025-01-25","isFullCredit":false},{"lineNumber":19,"author":{"gitId":"AnWe11"},"content":"    private String commandWord \u003d null;","lastModifiedDate":"2025-01-25","isFullCredit":false},{"lineNumber":20,"author":{"gitId":"AnWe11"},"content":"    private String taskDescription \u003d null;","lastModifiedDate":"2025-01-25","isFullCredit":false},{"lineNumber":21,"author":{"gitId":"AnWe11"},"content":"    private String deadlineString \u003d null;","lastModifiedDate":"2025-01-25","isFullCredit":false},{"lineNumber":22,"author":{"gitId":"AnWe11"},"content":"    private String fromString \u003d null;","lastModifiedDate":"2025-01-25","isFullCredit":false},{"lineNumber":23,"author":{"gitId":"AnWe11"},"content":"    private String toString \u003d null;","lastModifiedDate":"2025-01-25","isFullCredit":false},{"lineNumber":24,"author":{"gitId":"AnWe11"},"content":"    private TaskManager taskManager \u003d null;","lastModifiedDate":"2025-01-25","isFullCredit":false},{"lineNumber":25,"author":{"gitId":"AnWe11"},"content":"","lastModifiedDate":"2025-01-25","isFullCredit":false},{"lineNumber":26,"author":{"gitId":"AnWe11"},"content":"    //Constructor for Commands","lastModifiedDate":"2025-01-25","isFullCredit":false},{"lineNumber":27,"author":{"gitId":"AnWe11"},"content":"    public CommandsParser(String input, TaskManager taskManager) throws InvalidCommandException {","lastModifiedDate":"2025-01-25","isFullCredit":false},{"lineNumber":28,"author":{"gitId":"AnWe11"},"content":"        this.taskManager \u003d taskManager;","lastModifiedDate":"2025-01-25","isFullCredit":false},{"lineNumber":29,"author":{"gitId":"AnWe11"},"content":"        //Splits input string","lastModifiedDate":"2025-01-25","isFullCredit":false},{"lineNumber":30,"author":{"gitId":"AnWe11"},"content":"        String[] inputArray \u003d input.split(\" \");","lastModifiedDate":"2025-01-25","isFullCredit":false},{"lineNumber":31,"author":{"gitId":"AnWe11"},"content":"        this.commandWord \u003d inputArray[0];","lastModifiedDate":"2025-01-25","isFullCredit":false},{"lineNumber":32,"author":{"gitId":"AnWe11"},"content":"","lastModifiedDate":"2025-01-25","isFullCredit":false},{"lineNumber":33,"author":{"gitId":"AnWe11"},"content":"        switch (commandWord) {","lastModifiedDate":"2025-01-25","isFullCredit":false},{"lineNumber":34,"author":{"gitId":"AnWe11"},"content":"            case \"todo\":","lastModifiedDate":"2025-01-25","isFullCredit":false},{"lineNumber":35,"author":{"gitId":"AnWe11"},"content":"                ToDoCase todoCase \u003d new ToDoCase(input, taskManager);","lastModifiedDate":"2025-01-25","isFullCredit":false},{"lineNumber":36,"author":{"gitId":"AnWe11"},"content":"                todoCase.action();","lastModifiedDate":"2025-01-25","isFullCredit":false},{"lineNumber":37,"author":{"gitId":"AnWe11"},"content":"                break;","lastModifiedDate":"2025-01-25","isFullCredit":false},{"lineNumber":38,"author":{"gitId":"AnWe11"},"content":"            case \"deadline\":","lastModifiedDate":"2025-01-25","isFullCredit":false},{"lineNumber":39,"author":{"gitId":"AnWe11"},"content":"                DeadlineCase deadlineCase \u003d new DeadlineCase(input, taskManager);","lastModifiedDate":"2025-01-25","isFullCredit":false},{"lineNumber":40,"author":{"gitId":"AnWe11"},"content":"                deadlineCase.action();","lastModifiedDate":"2025-01-25","isFullCredit":false},{"lineNumber":41,"author":{"gitId":"AnWe11"},"content":"                break;","lastModifiedDate":"2025-01-25","isFullCredit":false},{"lineNumber":42,"author":{"gitId":"AnWe11"},"content":"            case \"event\":","lastModifiedDate":"2025-01-25","isFullCredit":false},{"lineNumber":43,"author":{"gitId":"AnWe11"},"content":"                EventsCase eventCase \u003d new EventsCase(input, taskManager);","lastModifiedDate":"2025-01-25","isFullCredit":false},{"lineNumber":44,"author":{"gitId":"AnWe11"},"content":"                eventCase.action();","lastModifiedDate":"2025-01-25","isFullCredit":false},{"lineNumber":45,"author":{"gitId":"AnWe11"},"content":"                break;","lastModifiedDate":"2025-01-25","isFullCredit":false},{"lineNumber":46,"author":{"gitId":"AnWe11"},"content":"            case \"list\":","lastModifiedDate":"2025-01-25","isFullCredit":false},{"lineNumber":47,"author":{"gitId":"AnWe11"},"content":"                ListCase listCase \u003d new ListCase(taskManager);","lastModifiedDate":"2025-01-25","isFullCredit":false},{"lineNumber":48,"author":{"gitId":"AnWe11"},"content":"                listCase.action();","lastModifiedDate":"2025-01-25","isFullCredit":false},{"lineNumber":49,"author":{"gitId":"AnWe11"},"content":"                break;","lastModifiedDate":"2025-01-25","isFullCredit":false},{"lineNumber":50,"author":{"gitId":"AnWe11"},"content":"            case \"mark\":","lastModifiedDate":"2025-01-25","isFullCredit":false},{"lineNumber":51,"author":{"gitId":"AnWe11"},"content":"            case \"unmark\":","lastModifiedDate":"2025-01-25","isFullCredit":false},{"lineNumber":52,"author":{"gitId":"AnWe11"},"content":"                MarkUnmarkCase markUnmarkCase \u003d new MarkUnmarkCase(input, this.commandWord, taskManager);","lastModifiedDate":"2025-01-25","isFullCredit":false},{"lineNumber":53,"author":{"gitId":"AnWe11"},"content":"                markUnmarkCase.action();","lastModifiedDate":"2025-01-25","isFullCredit":false},{"lineNumber":54,"author":{"gitId":"AnWe11"},"content":"                break;","lastModifiedDate":"2025-01-25","isFullCredit":false},{"lineNumber":55,"author":{"gitId":"AnWe11"},"content":"            case \"bye\":","lastModifiedDate":"2025-01-25","isFullCredit":false},{"lineNumber":56,"author":{"gitId":"AnWe11"},"content":"                ByeCase byeCase \u003d new ByeCase();","lastModifiedDate":"2025-01-25","isFullCredit":false},{"lineNumber":57,"author":{"gitId":"AnWe11"},"content":"                byeCase.action();","lastModifiedDate":"2025-01-25","isFullCredit":false},{"lineNumber":58,"author":{"gitId":"AnWe11"},"content":"                break;","lastModifiedDate":"2025-01-25","isFullCredit":false},{"lineNumber":59,"author":{"gitId":"AnWe11"},"content":"            case \"delete\":","lastModifiedDate":"2025-01-25","isFullCredit":false},{"lineNumber":60,"author":{"gitId":"AnWe11"},"content":"                DeleteCase deleteCase \u003d new DeleteCase(input, taskManager);","lastModifiedDate":"2025-01-25","isFullCredit":false},{"lineNumber":61,"author":{"gitId":"AnWe11"},"content":"                deleteCase.action();","lastModifiedDate":"2025-01-25","isFullCredit":false},{"lineNumber":62,"author":{"gitId":"AnWe11"},"content":"                break;","lastModifiedDate":"2025-01-25","isFullCredit":false},{"lineNumber":63,"author":{"gitId":"AnWe11"},"content":"            default:","lastModifiedDate":"2025-01-25","isFullCredit":false},{"lineNumber":64,"author":{"gitId":"AnWe11"},"content":"                System.out.println(\"Unknown command word: \" + commandWord);","lastModifiedDate":"2025-01-25","isFullCredit":false},{"lineNumber":65,"author":{"gitId":"AnWe11"},"content":"        }","lastModifiedDate":"2025-01-25","isFullCredit":false},{"lineNumber":66,"author":{"gitId":"AnWe11"},"content":"    }","lastModifiedDate":"2025-01-25","isFullCredit":false},{"lineNumber":67,"author":{"gitId":"AnWe11"},"content":"}","lastModifiedDate":"2025-01-25","isFullCredit":false}],"authorContributionMap":{"AnWe11":67}},{"path":"src/main/java/CommandsPackage/DeadlineCase.java","fileType":"java","lines":[{"lineNumber":1,"author":{"gitId":"AnWe11"},"content":"package CommandsPackage;","lastModifiedDate":"2025-01-25","isFullCredit":false},{"lineNumber":2,"author":{"gitId":"AnWe11"},"content":"","lastModifiedDate":"2025-01-25","isFullCredit":false},{"lineNumber":3,"author":{"gitId":"AnWe11"},"content":"import Exceptions.InvalidCommandException;","lastModifiedDate":"2025-01-25","isFullCredit":false},{"lineNumber":4,"author":{"gitId":"AnWe11"},"content":"import TaskPackage.Deadlines;","lastModifiedDate":"2025-01-25","isFullCredit":false},{"lineNumber":5,"author":{"gitId":"AnWe11"},"content":"import TaskPackage.TaskManager;","lastModifiedDate":"2025-01-25","isFullCredit":false},{"lineNumber":6,"author":{"gitId":"AnWe11"},"content":"","lastModifiedDate":"2025-01-25","isFullCredit":false},{"lineNumber":7,"author":{"gitId":"AnWe11"},"content":"public class DeadlineCase implements DefaultCase {","lastModifiedDate":"2025-01-25","isFullCredit":false},{"lineNumber":8,"author":{"gitId":"AnWe11"},"content":"    private String taskDescription;","lastModifiedDate":"2025-01-25","isFullCredit":false},{"lineNumber":9,"author":{"gitId":"AnWe11"},"content":"    private TaskManager taskManager;","lastModifiedDate":"2025-01-25","isFullCredit":false},{"lineNumber":10,"author":{"gitId":"AnWe11"},"content":"    private String input;","lastModifiedDate":"2025-01-25","isFullCredit":false},{"lineNumber":11,"author":{"gitId":"AnWe11"},"content":"    private String deadlineString;","lastModifiedDate":"2025-01-25","isFullCredit":false},{"lineNumber":12,"author":{"gitId":"AnWe11"},"content":"","lastModifiedDate":"2025-01-25","isFullCredit":false},{"lineNumber":13,"author":{"gitId":"AnWe11"},"content":"    public DeadlineCase(String input, TaskManager taskManager) {","lastModifiedDate":"2025-01-25","isFullCredit":false},{"lineNumber":14,"author":{"gitId":"AnWe11"},"content":"        this.taskManager \u003d taskManager;","lastModifiedDate":"2025-01-25","isFullCredit":false},{"lineNumber":15,"author":{"gitId":"AnWe11"},"content":"        this.input \u003d input;","lastModifiedDate":"2025-01-25","isFullCredit":false},{"lineNumber":16,"author":{"gitId":"AnWe11"},"content":"    }","lastModifiedDate":"2025-01-25","isFullCredit":false},{"lineNumber":17,"author":{"gitId":"AnWe11"},"content":"","lastModifiedDate":"2025-01-25","isFullCredit":false},{"lineNumber":18,"author":{"gitId":"AnWe11"},"content":"    @Override","lastModifiedDate":"2025-01-25","isFullCredit":false},{"lineNumber":19,"author":{"gitId":"AnWe11"},"content":"    public void action() throws InvalidCommandException {","lastModifiedDate":"2025-01-25","isFullCredit":false},{"lineNumber":20,"author":{"gitId":"AnWe11"},"content":"        try {","lastModifiedDate":"2025-01-25","isFullCredit":false},{"lineNumber":21,"author":{"gitId":"AnWe11"},"content":"            int firstSpaceIndex \u003d input.indexOf(\" \");","lastModifiedDate":"2025-01-25","isFullCredit":false},{"lineNumber":22,"author":{"gitId":"AnWe11"},"content":"            //Return everything after first space or empty string if no space","lastModifiedDate":"2025-01-25","isFullCredit":false},{"lineNumber":23,"author":{"gitId":"AnWe11"},"content":"            if ((firstSpaceIndex \u003d\u003d -1) || firstSpaceIndex \u003d\u003d input.length() - 1) {","lastModifiedDate":"2025-01-25","isFullCredit":false},{"lineNumber":24,"author":{"gitId":"AnWe11"},"content":"                throw new InvalidCommandException(\"Luigi is sad because there is no task description )\u0027:\");","lastModifiedDate":"2025-01-25","isFullCredit":false},{"lineNumber":25,"author":{"gitId":"AnWe11"},"content":"            }","lastModifiedDate":"2025-01-25","isFullCredit":false},{"lineNumber":26,"author":{"gitId":"AnWe11"},"content":"            this.taskDescription \u003d input.substring(firstSpaceIndex + 1);","lastModifiedDate":"2025-01-25","isFullCredit":false},{"lineNumber":27,"author":{"gitId":"AnWe11"},"content":"","lastModifiedDate":"2025-01-25","isFullCredit":false},{"lineNumber":28,"author":{"gitId":"AnWe11"},"content":"            if (!this.taskDescription.contains(\"/by\")) {","lastModifiedDate":"2025-01-25","isFullCredit":false},{"lineNumber":29,"author":{"gitId":"AnWe11"},"content":"                throw new InvalidCommandException(\"Oops! You did not specify a deadline date D:\");","lastModifiedDate":"2025-01-25","isFullCredit":false},{"lineNumber":30,"author":{"gitId":"AnWe11"},"content":"            }","lastModifiedDate":"2025-01-25","isFullCredit":false},{"lineNumber":31,"author":{"gitId":"AnWe11"},"content":"","lastModifiedDate":"2025-01-25","isFullCredit":false},{"lineNumber":32,"author":{"gitId":"AnWe11"},"content":"            String[] parts \u003d this.taskDescription.split(\"/by\", 2);","lastModifiedDate":"2025-01-25","isFullCredit":false},{"lineNumber":33,"author":{"gitId":"AnWe11"},"content":"            this.taskDescription \u003d parts[0];","lastModifiedDate":"2025-01-25","isFullCredit":false},{"lineNumber":34,"author":{"gitId":"AnWe11"},"content":"            this.deadlineString \u003d parts[1];","lastModifiedDate":"2025-01-25","isFullCredit":false},{"lineNumber":35,"author":{"gitId":"AnWe11"},"content":"            Deadlines deadlineTask \u003d new Deadlines(this.taskDescription, this.deadlineString);","lastModifiedDate":"2025-01-25","isFullCredit":false},{"lineNumber":36,"author":{"gitId":"AnWe11"},"content":"            taskManager.addTask(deadlineTask);","lastModifiedDate":"2025-01-25","isFullCredit":false},{"lineNumber":37,"author":{"gitId":"AnWe11"},"content":"            System.out.println(\"_____________________________________________\\n\" + \"Sure thing! I\u0027ve added this task: \");","lastModifiedDate":"2025-01-25","isFullCredit":false},{"lineNumber":38,"author":{"gitId":"AnWe11"},"content":"            System.out.println(deadlineTask.getDescription());","lastModifiedDate":"2025-01-25","isFullCredit":false},{"lineNumber":39,"author":{"gitId":"AnWe11"},"content":"            System.out.println(\"You currently have \" + this.taskManager.getTotalTasks() + \" task(s) in the list.\");","lastModifiedDate":"2025-01-25","isFullCredit":false},{"lineNumber":40,"author":{"gitId":"AnWe11"},"content":"            System.out.println(\"\\n_____________________________________________\\n\");","lastModifiedDate":"2025-01-25","isFullCredit":false},{"lineNumber":41,"author":{"gitId":"AnWe11"},"content":"        } catch (InvalidCommandException e) {","lastModifiedDate":"2025-01-25","isFullCredit":false},{"lineNumber":42,"author":{"gitId":"AnWe11"},"content":"            System.out.println(e.getMessage());","lastModifiedDate":"2025-01-25","isFullCredit":false},{"lineNumber":43,"author":{"gitId":"AnWe11"},"content":"            System.out.println(\"_____________________________________________\");","lastModifiedDate":"2025-01-25","isFullCredit":false},{"lineNumber":44,"author":{"gitId":"AnWe11"},"content":"            System.out.println(\"Input format for deadline tasks should be\\ndeadline \u003cTask Description\u003e /by \u003cdeadline date\u003e\");","lastModifiedDate":"2025-01-25","isFullCredit":false},{"lineNumber":45,"author":{"gitId":"AnWe11"},"content":"            System.out.println(\"_____________________________________________\\n\");","lastModifiedDate":"2025-01-25","isFullCredit":false},{"lineNumber":46,"author":{"gitId":"AnWe11"},"content":"            this.taskDescription \u003d \"\";","lastModifiedDate":"2025-01-25","isFullCredit":false},{"lineNumber":47,"author":{"gitId":"AnWe11"},"content":"        }","lastModifiedDate":"2025-01-25","isFullCredit":false},{"lineNumber":48,"author":{"gitId":"AnWe11"},"content":"    }","lastModifiedDate":"2025-01-25","isFullCredit":false},{"lineNumber":49,"author":{"gitId":"AnWe11"},"content":"}","lastModifiedDate":"2025-01-25","isFullCredit":false}],"authorContributionMap":{"AnWe11":49}},{"path":"src/main/java/CommandsPackage/DefaultCase.java","fileType":"java","lines":[{"lineNumber":1,"author":{"gitId":"AnWe11"},"content":"package CommandsPackage;","lastModifiedDate":"2025-01-25","isFullCredit":false},{"lineNumber":2,"author":{"gitId":"AnWe11"},"content":"","lastModifiedDate":"2025-01-25","isFullCredit":false},{"lineNumber":3,"author":{"gitId":"AnWe11"},"content":"import Exceptions.InvalidCommandException;","lastModifiedDate":"2025-01-25","isFullCredit":false},{"lineNumber":4,"author":{"gitId":"AnWe11"},"content":"","lastModifiedDate":"2025-01-25","isFullCredit":false},{"lineNumber":5,"author":{"gitId":"AnWe11"},"content":"public interface DefaultCase {","lastModifiedDate":"2025-01-25","isFullCredit":false},{"lineNumber":6,"author":{"gitId":"AnWe11"},"content":"    public abstract void action() throws InvalidCommandException;","lastModifiedDate":"2025-01-25","isFullCredit":false},{"lineNumber":7,"author":{"gitId":"AnWe11"},"content":"}","lastModifiedDate":"2025-01-25","isFullCredit":false}],"authorContributionMap":{"AnWe11":7}},{"path":"src/main/java/CommandsPackage/DeleteCase.java","fileType":"java","lines":[{"lineNumber":1,"author":{"gitId":"AnWe11"},"content":"package CommandsPackage;","lastModifiedDate":"2025-01-25","isFullCredit":false},{"lineNumber":2,"author":{"gitId":"AnWe11"},"content":"","lastModifiedDate":"2025-01-25","isFullCredit":false},{"lineNumber":3,"author":{"gitId":"AnWe11"},"content":"import Exceptions.InvalidCommandException;","lastModifiedDate":"2025-01-25","isFullCredit":false},{"lineNumber":4,"author":{"gitId":"AnWe11"},"content":"import TaskPackage.TaskManager;","lastModifiedDate":"2025-01-25","isFullCredit":false},{"lineNumber":5,"author":{"gitId":"AnWe11"},"content":"import TaskPackage.TasksDefault;","lastModifiedDate":"2025-01-25","isFullCredit":false},{"lineNumber":6,"author":{"gitId":"AnWe11"},"content":"","lastModifiedDate":"2025-01-25","isFullCredit":false},{"lineNumber":7,"author":{"gitId":"AnWe11"},"content":"public class DeleteCase implements DefaultCase {","lastModifiedDate":"2025-01-25","isFullCredit":false},{"lineNumber":8,"author":{"gitId":"AnWe11"},"content":"    private String taskDescription;","lastModifiedDate":"2025-01-25","isFullCredit":false},{"lineNumber":9,"author":{"gitId":"AnWe11"},"content":"    private TaskManager taskManager;","lastModifiedDate":"2025-01-25","isFullCredit":false},{"lineNumber":10,"author":{"gitId":"AnWe11"},"content":"    private String input;","lastModifiedDate":"2025-01-25","isFullCredit":false},{"lineNumber":11,"author":{"gitId":"AnWe11"},"content":"    private int taskID;","lastModifiedDate":"2025-01-25","isFullCredit":false},{"lineNumber":12,"author":{"gitId":"AnWe11"},"content":"    private TasksDefault currTask;","lastModifiedDate":"2025-01-25","isFullCredit":false},{"lineNumber":13,"author":{"gitId":"AnWe11"},"content":"","lastModifiedDate":"2025-01-25","isFullCredit":false},{"lineNumber":14,"author":{"gitId":"AnWe11"},"content":"    public DeleteCase(String input, TaskManager taskManager) {","lastModifiedDate":"2025-01-25","isFullCredit":false},{"lineNumber":15,"author":{"gitId":"AnWe11"},"content":"        this.taskManager \u003d taskManager;","lastModifiedDate":"2025-01-25","isFullCredit":false},{"lineNumber":16,"author":{"gitId":"AnWe11"},"content":"        this.input \u003d input;","lastModifiedDate":"2025-01-25","isFullCredit":false},{"lineNumber":17,"author":{"gitId":"AnWe11"},"content":"    }","lastModifiedDate":"2025-01-25","isFullCredit":false},{"lineNumber":18,"author":{"gitId":"AnWe11"},"content":"","lastModifiedDate":"2025-01-25","isFullCredit":false},{"lineNumber":19,"author":{"gitId":"AnWe11"},"content":"    @Override","lastModifiedDate":"2025-01-25","isFullCredit":false},{"lineNumber":20,"author":{"gitId":"AnWe11"},"content":"    public void action() throws InvalidCommandException {","lastModifiedDate":"2025-01-25","isFullCredit":false},{"lineNumber":21,"author":{"gitId":"AnWe11"},"content":"        try {","lastModifiedDate":"2025-01-25","isFullCredit":false},{"lineNumber":22,"author":{"gitId":"AnWe11"},"content":"            int firstSpaceIndex \u003d input.indexOf(\" \");","lastModifiedDate":"2025-01-25","isFullCredit":false},{"lineNumber":23,"author":{"gitId":"AnWe11"},"content":"            //Return everything after first space or empty string if no space","lastModifiedDate":"2025-01-25","isFullCredit":false},{"lineNumber":24,"author":{"gitId":"AnWe11"},"content":"            if ((firstSpaceIndex \u003d\u003d -1) || firstSpaceIndex \u003d\u003d input.length() - 1) {","lastModifiedDate":"2025-01-25","isFullCredit":false},{"lineNumber":25,"author":{"gitId":"AnWe11"},"content":"                throw new InvalidCommandException(\"o.O You did not specify which task you would like to delete\");","lastModifiedDate":"2025-01-25","isFullCredit":false},{"lineNumber":26,"author":{"gitId":"AnWe11"},"content":"            }","lastModifiedDate":"2025-01-25","isFullCredit":false},{"lineNumber":27,"author":{"gitId":"AnWe11"},"content":"","lastModifiedDate":"2025-01-25","isFullCredit":false},{"lineNumber":28,"author":{"gitId":"AnWe11"},"content":"            this.taskID \u003d Integer.parseInt(input.substring(firstSpaceIndex + 1));","lastModifiedDate":"2025-01-25","isFullCredit":false},{"lineNumber":29,"author":{"gitId":"AnWe11"},"content":"            this.currTask \u003d taskManager.getTask(this.taskID);","lastModifiedDate":"2025-01-25","isFullCredit":false},{"lineNumber":30,"author":{"gitId":"AnWe11"},"content":"            System.out.println(\"\\n_____________________________________________\");","lastModifiedDate":"2025-01-25","isFullCredit":false},{"lineNumber":31,"author":{"gitId":"AnWe11"},"content":"            System.out.println(\"Ok , I\u0027ve deleted this task:\");","lastModifiedDate":"2025-01-25","isFullCredit":false},{"lineNumber":32,"author":{"gitId":"AnWe11"},"content":"            System.out.println(this.currTask.getDescription());","lastModifiedDate":"2025-01-25","isFullCredit":false},{"lineNumber":33,"author":{"gitId":"AnWe11"},"content":"            System.out.println(\"_____________________________________________\\n\");","lastModifiedDate":"2025-01-25","isFullCredit":false},{"lineNumber":34,"author":{"gitId":"AnWe11"},"content":"            taskManager.removeTask(this.taskID);","lastModifiedDate":"2025-01-25","isFullCredit":false},{"lineNumber":35,"author":{"gitId":"AnWe11"},"content":"        } catch (InvalidCommandException e) {","lastModifiedDate":"2025-01-25","isFullCredit":false},{"lineNumber":36,"author":{"gitId":"AnWe11"},"content":"            System.out.println(e.getMessage());","lastModifiedDate":"2025-01-25","isFullCredit":false},{"lineNumber":37,"author":{"gitId":"AnWe11"},"content":"            System.out.println(\"_____________________________________________\");","lastModifiedDate":"2025-01-25","isFullCredit":false},{"lineNumber":38,"author":{"gitId":"AnWe11"},"content":"            System.out.println(\"Input format to delete task should be \\ndelete \u003ctask ID\u003e\");","lastModifiedDate":"2025-01-25","isFullCredit":false},{"lineNumber":39,"author":{"gitId":"AnWe11"},"content":"            System.out.println(\"_____________________________________________\\n\");","lastModifiedDate":"2025-01-25","isFullCredit":false},{"lineNumber":40,"author":{"gitId":"AnWe11"},"content":"            this.taskDescription \u003d \"\";","lastModifiedDate":"2025-01-25","isFullCredit":false},{"lineNumber":41,"author":{"gitId":"AnWe11"},"content":"        }","lastModifiedDate":"2025-01-25","isFullCredit":false},{"lineNumber":42,"author":{"gitId":"AnWe11"},"content":"    }","lastModifiedDate":"2025-01-25","isFullCredit":false},{"lineNumber":43,"author":{"gitId":"AnWe11"},"content":"}","lastModifiedDate":"2025-01-25","isFullCredit":false}],"authorContributionMap":{"AnWe11":43}},{"path":"src/main/java/CommandsPackage/EventsCase.java","fileType":"java","lines":[{"lineNumber":1,"author":{"gitId":"AnWe11"},"content":"package CommandsPackage;","lastModifiedDate":"2025-01-25","isFullCredit":false},{"lineNumber":2,"author":{"gitId":"AnWe11"},"content":"","lastModifiedDate":"2025-01-25","isFullCredit":false},{"lineNumber":3,"author":{"gitId":"AnWe11"},"content":"import Exceptions.InvalidCommandException;","lastModifiedDate":"2025-01-25","isFullCredit":false},{"lineNumber":4,"author":{"gitId":"AnWe11"},"content":"import TaskPackage.Events;","lastModifiedDate":"2025-01-25","isFullCredit":false},{"lineNumber":5,"author":{"gitId":"AnWe11"},"content":"import TaskPackage.TaskManager;","lastModifiedDate":"2025-01-25","isFullCredit":false},{"lineNumber":6,"author":{"gitId":"AnWe11"},"content":"","lastModifiedDate":"2025-01-25","isFullCredit":false},{"lineNumber":7,"author":{"gitId":"AnWe11"},"content":"public class EventsCase implements DefaultCase {","lastModifiedDate":"2025-01-25","isFullCredit":false},{"lineNumber":8,"author":{"gitId":"AnWe11"},"content":"    private String taskDescription;","lastModifiedDate":"2025-01-25","isFullCredit":false},{"lineNumber":9,"author":{"gitId":"AnWe11"},"content":"    private TaskManager taskManager;","lastModifiedDate":"2025-01-25","isFullCredit":false},{"lineNumber":10,"author":{"gitId":"AnWe11"},"content":"    private String input;","lastModifiedDate":"2025-01-25","isFullCredit":false},{"lineNumber":11,"author":{"gitId":"AnWe11"},"content":"    private String fromString;","lastModifiedDate":"2025-01-25","isFullCredit":false},{"lineNumber":12,"author":{"gitId":"AnWe11"},"content":"    private String toString;","lastModifiedDate":"2025-01-25","isFullCredit":false},{"lineNumber":13,"author":{"gitId":"AnWe11"},"content":"","lastModifiedDate":"2025-01-25","isFullCredit":false},{"lineNumber":14,"author":{"gitId":"AnWe11"},"content":"    public EventsCase(String input, TaskManager taskManager) {","lastModifiedDate":"2025-01-25","isFullCredit":false},{"lineNumber":15,"author":{"gitId":"AnWe11"},"content":"        this.taskManager \u003d taskManager;","lastModifiedDate":"2025-01-25","isFullCredit":false},{"lineNumber":16,"author":{"gitId":"AnWe11"},"content":"        this.input \u003d input;","lastModifiedDate":"2025-01-25","isFullCredit":false},{"lineNumber":17,"author":{"gitId":"AnWe11"},"content":"    }","lastModifiedDate":"2025-01-25","isFullCredit":false},{"lineNumber":18,"author":{"gitId":"AnWe11"},"content":"","lastModifiedDate":"2025-01-25","isFullCredit":false},{"lineNumber":19,"author":{"gitId":"AnWe11"},"content":"    @Override","lastModifiedDate":"2025-01-25","isFullCredit":false},{"lineNumber":20,"author":{"gitId":"AnWe11"},"content":"    public void action() throws InvalidCommandException {","lastModifiedDate":"2025-01-25","isFullCredit":false},{"lineNumber":21,"author":{"gitId":"AnWe11"},"content":"        try {","lastModifiedDate":"2025-01-25","isFullCredit":false},{"lineNumber":22,"author":{"gitId":"AnWe11"},"content":"            int firstSpaceIndex \u003d input.indexOf(\" \");","lastModifiedDate":"2025-01-25","isFullCredit":false},{"lineNumber":23,"author":{"gitId":"AnWe11"},"content":"            //Return everything after first space or empty string if no space","lastModifiedDate":"2025-01-25","isFullCredit":false},{"lineNumber":24,"author":{"gitId":"AnWe11"},"content":"            if ((firstSpaceIndex \u003d\u003d -1) || firstSpaceIndex \u003d\u003d input.length() - 1) {","lastModifiedDate":"2025-01-25","isFullCredit":false},{"lineNumber":25,"author":{"gitId":"AnWe11"},"content":"                throw new InvalidCommandException(\":((((((((( You did not include a task description\");","lastModifiedDate":"2025-01-25","isFullCredit":false},{"lineNumber":26,"author":{"gitId":"AnWe11"},"content":"            }","lastModifiedDate":"2025-01-25","isFullCredit":false},{"lineNumber":27,"author":{"gitId":"AnWe11"},"content":"            this.taskDescription \u003d input.substring(firstSpaceIndex + 1);","lastModifiedDate":"2025-01-25","isFullCredit":false},{"lineNumber":28,"author":{"gitId":"AnWe11"},"content":"","lastModifiedDate":"2025-01-25","isFullCredit":false},{"lineNumber":29,"author":{"gitId":"AnWe11"},"content":"            if (!(this.taskDescription.contains(\"/from\") \u0026\u0026 this.taskDescription.contains(\"/to\"))) {","lastModifiedDate":"2025-01-25","isFullCredit":false},{"lineNumber":30,"author":{"gitId":"AnWe11"},"content":"                throw new InvalidCommandException(\"The schedule timing is missing! ._.\");","lastModifiedDate":"2025-01-25","isFullCredit":false},{"lineNumber":31,"author":{"gitId":"AnWe11"},"content":"            }","lastModifiedDate":"2025-01-25","isFullCredit":false},{"lineNumber":32,"author":{"gitId":"AnWe11"},"content":"","lastModifiedDate":"2025-01-25","isFullCredit":false},{"lineNumber":33,"author":{"gitId":"AnWe11"},"content":"            String[] parts \u003d this.taskDescription.split(\"/from\", 2);","lastModifiedDate":"2025-01-25","isFullCredit":false},{"lineNumber":34,"author":{"gitId":"AnWe11"},"content":"            this.taskDescription \u003d parts[0];","lastModifiedDate":"2025-01-25","isFullCredit":false},{"lineNumber":35,"author":{"gitId":"AnWe11"},"content":"            String[] fromToString \u003d parts[1].split(\"/to\", 2);","lastModifiedDate":"2025-01-25","isFullCredit":false},{"lineNumber":36,"author":{"gitId":"AnWe11"},"content":"            fromString \u003d fromToString[0];","lastModifiedDate":"2025-01-25","isFullCredit":false},{"lineNumber":37,"author":{"gitId":"AnWe11"},"content":"            toString \u003d fromToString[1];","lastModifiedDate":"2025-01-25","isFullCredit":false},{"lineNumber":38,"author":{"gitId":"AnWe11"},"content":"            Events eventsTask \u003d new Events(this.taskDescription, this.fromString, this.toString);","lastModifiedDate":"2025-01-25","isFullCredit":false},{"lineNumber":39,"author":{"gitId":"AnWe11"},"content":"            taskManager.addTask(eventsTask);","lastModifiedDate":"2025-01-25","isFullCredit":false},{"lineNumber":40,"author":{"gitId":"AnWe11"},"content":"            System.out.println(\"_____________________________________________\\n\" + \"Sure thing! I\u0027ve added this task: \");","lastModifiedDate":"2025-01-25","isFullCredit":false},{"lineNumber":41,"author":{"gitId":"AnWe11"},"content":"            System.out.println(eventsTask.getDescription());","lastModifiedDate":"2025-01-25","isFullCredit":false},{"lineNumber":42,"author":{"gitId":"AnWe11"},"content":"            System.out.println(\"You currently have \" + this.taskManager.getTotalTasks() + \" task(s) in the list.\");","lastModifiedDate":"2025-01-25","isFullCredit":false},{"lineNumber":43,"author":{"gitId":"AnWe11"},"content":"            System.out.println(\"\\n_____________________________________________\\n\");","lastModifiedDate":"2025-01-25","isFullCredit":false},{"lineNumber":44,"author":{"gitId":"AnWe11"},"content":"        } catch (InvalidCommandException e) {","lastModifiedDate":"2025-01-25","isFullCredit":false},{"lineNumber":45,"author":{"gitId":"AnWe11"},"content":"            System.out.println(e.getMessage());","lastModifiedDate":"2025-01-25","isFullCredit":false},{"lineNumber":46,"author":{"gitId":"AnWe11"},"content":"            System.out.println(\"_____________________________________________\");","lastModifiedDate":"2025-01-25","isFullCredit":false},{"lineNumber":47,"author":{"gitId":"AnWe11"},"content":"            System.out.println(\"Input format for events tasks should be\\nevent \u003cTask Description\u003e /from \u003cfrom date\u003e /to \u003cto date\u003e\");","lastModifiedDate":"2025-01-25","isFullCredit":false},{"lineNumber":48,"author":{"gitId":"AnWe11"},"content":"            System.out.println(\"_____________________________________________\\n\");","lastModifiedDate":"2025-01-25","isFullCredit":false},{"lineNumber":49,"author":{"gitId":"AnWe11"},"content":"            this.taskDescription \u003d \"\";","lastModifiedDate":"2025-01-25","isFullCredit":false},{"lineNumber":50,"author":{"gitId":"AnWe11"},"content":"        }","lastModifiedDate":"2025-01-25","isFullCredit":false},{"lineNumber":51,"author":{"gitId":"AnWe11"},"content":"    }","lastModifiedDate":"2025-01-25","isFullCredit":false},{"lineNumber":52,"author":{"gitId":"AnWe11"},"content":"","lastModifiedDate":"2025-01-25","isFullCredit":false},{"lineNumber":53,"author":{"gitId":"AnWe11"},"content":"}","lastModifiedDate":"2025-01-25","isFullCredit":false}],"authorContributionMap":{"AnWe11":53}},{"path":"src/main/java/CommandsPackage/ListCase.java","fileType":"java","lines":[{"lineNumber":1,"author":{"gitId":"AnWe11"},"content":"package CommandsPackage;","lastModifiedDate":"2025-01-25","isFullCredit":false},{"lineNumber":2,"author":{"gitId":"AnWe11"},"content":"import TaskPackage.TaskManager;","lastModifiedDate":"2025-01-25","isFullCredit":false},{"lineNumber":3,"author":{"gitId":"AnWe11"},"content":"","lastModifiedDate":"2025-01-25","isFullCredit":false},{"lineNumber":4,"author":{"gitId":"AnWe11"},"content":"public class ListCase implements DefaultCase {","lastModifiedDate":"2025-01-25","isFullCredit":false},{"lineNumber":5,"author":{"gitId":"AnWe11"},"content":"","lastModifiedDate":"2025-01-25","isFullCredit":false},{"lineNumber":6,"author":{"gitId":"AnWe11"},"content":"    TaskManager taskManager;","lastModifiedDate":"2025-01-25","isFullCredit":false},{"lineNumber":7,"author":{"gitId":"AnWe11"},"content":"","lastModifiedDate":"2025-01-25","isFullCredit":false},{"lineNumber":8,"author":{"gitId":"AnWe11"},"content":"    public ListCase(TaskManager taskManager) {","lastModifiedDate":"2025-01-25","isFullCredit":false},{"lineNumber":9,"author":{"gitId":"AnWe11"},"content":"        this.taskManager \u003d taskManager;","lastModifiedDate":"2025-01-25","isFullCredit":false},{"lineNumber":10,"author":{"gitId":"AnWe11"},"content":"    }","lastModifiedDate":"2025-01-25","isFullCredit":false},{"lineNumber":11,"author":{"gitId":"AnWe11"},"content":"","lastModifiedDate":"2025-01-25","isFullCredit":false},{"lineNumber":12,"author":{"gitId":"AnWe11"},"content":"    @Override","lastModifiedDate":"2025-01-25","isFullCredit":false},{"lineNumber":13,"author":{"gitId":"AnWe11"},"content":"    public void action() {","lastModifiedDate":"2025-01-25","isFullCredit":false},{"lineNumber":14,"author":{"gitId":"AnWe11"},"content":"       System.out.println(\"Here are the tasks in your list:\");","lastModifiedDate":"2025-01-25","isFullCredit":false},{"lineNumber":15,"author":{"gitId":"AnWe11"},"content":"       this.taskManager.listTasks();","lastModifiedDate":"2025-01-25","isFullCredit":false},{"lineNumber":16,"author":{"gitId":"AnWe11"},"content":"    }","lastModifiedDate":"2025-01-25","isFullCredit":false},{"lineNumber":17,"author":{"gitId":"AnWe11"},"content":"}","lastModifiedDate":"2025-01-25","isFullCredit":false}],"authorContributionMap":{"AnWe11":17}},{"path":"src/main/java/CommandsPackage/MarkUnmarkCase.java","fileType":"java","lines":[{"lineNumber":1,"author":{"gitId":"AnWe11"},"content":"package CommandsPackage;","lastModifiedDate":"2025-01-25","isFullCredit":false},{"lineNumber":2,"author":{"gitId":"AnWe11"},"content":"import Exceptions.InvalidCommandException;","lastModifiedDate":"2025-01-25","isFullCredit":false},{"lineNumber":3,"author":{"gitId":"AnWe11"},"content":"import TaskPackage.TaskManager;","lastModifiedDate":"2025-01-25","isFullCredit":false},{"lineNumber":4,"author":{"gitId":"AnWe11"},"content":"import TaskPackage.TasksDefault;","lastModifiedDate":"2025-01-25","isFullCredit":false},{"lineNumber":5,"author":{"gitId":"AnWe11"},"content":"","lastModifiedDate":"2025-01-25","isFullCredit":false},{"lineNumber":6,"author":{"gitId":"AnWe11"},"content":"public class MarkUnmarkCase implements DefaultCase {","lastModifiedDate":"2025-01-25","isFullCredit":false},{"lineNumber":7,"author":{"gitId":"AnWe11"},"content":"    private String input;","lastModifiedDate":"2025-01-25","isFullCredit":false},{"lineNumber":8,"author":{"gitId":"AnWe11"},"content":"    private String commandWord;","lastModifiedDate":"2025-01-25","isFullCredit":false},{"lineNumber":9,"author":{"gitId":"AnWe11"},"content":"    private int taskID;","lastModifiedDate":"2025-01-25","isFullCredit":false},{"lineNumber":10,"author":{"gitId":"AnWe11"},"content":"    private TaskManager taskManager;","lastModifiedDate":"2025-01-25","isFullCredit":false},{"lineNumber":11,"author":{"gitId":"AnWe11"},"content":"    private TasksDefault currTask;","lastModifiedDate":"2025-01-25","isFullCredit":false},{"lineNumber":12,"author":{"gitId":"AnWe11"},"content":"","lastModifiedDate":"2025-01-25","isFullCredit":false},{"lineNumber":13,"author":{"gitId":"AnWe11"},"content":"    MarkUnmarkCase(String input, String commandWord, TaskManager taskManager) {","lastModifiedDate":"2025-01-25","isFullCredit":false},{"lineNumber":14,"author":{"gitId":"AnWe11"},"content":"        this.input \u003d input;","lastModifiedDate":"2025-01-25","isFullCredit":false},{"lineNumber":15,"author":{"gitId":"AnWe11"},"content":"        this.commandWord \u003d commandWord;","lastModifiedDate":"2025-01-25","isFullCredit":false},{"lineNumber":16,"author":{"gitId":"AnWe11"},"content":"        this.taskManager \u003d taskManager;","lastModifiedDate":"2025-01-25","isFullCredit":false},{"lineNumber":17,"author":{"gitId":"AnWe11"},"content":"    }","lastModifiedDate":"2025-01-25","isFullCredit":false},{"lineNumber":18,"author":{"gitId":"AnWe11"},"content":"","lastModifiedDate":"2025-01-25","isFullCredit":false},{"lineNumber":19,"author":{"gitId":"AnWe11"},"content":"    @Override","lastModifiedDate":"2025-01-25","isFullCredit":false},{"lineNumber":20,"author":{"gitId":"AnWe11"},"content":"    public void action() throws InvalidCommandException {","lastModifiedDate":"2025-01-25","isFullCredit":false},{"lineNumber":21,"author":{"gitId":"AnWe11"},"content":"        try {","lastModifiedDate":"2025-01-25","isFullCredit":false},{"lineNumber":22,"author":{"gitId":"AnWe11"},"content":"            int firstSpaceIndex \u003d input.indexOf(\" \");","lastModifiedDate":"2025-01-25","isFullCredit":false},{"lineNumber":23,"author":{"gitId":"AnWe11"},"content":"            //Return everything after first space or empty string if no space","lastModifiedDate":"2025-01-25","isFullCredit":false},{"lineNumber":24,"author":{"gitId":"AnWe11"},"content":"            if ((firstSpaceIndex \u003d\u003d -1) || firstSpaceIndex \u003d\u003d input.length() - 1) {","lastModifiedDate":"2025-01-25","isFullCredit":false},{"lineNumber":25,"author":{"gitId":"AnWe11"},"content":"                if (this.commandWord.equalsIgnoreCase(\"mark\")) {","lastModifiedDate":"2025-01-25","isFullCredit":false},{"lineNumber":26,"author":{"gitId":"AnWe11"},"content":"                    throw new InvalidCommandException(\"You did not specify which task you would like to mark... :c\");","lastModifiedDate":"2025-01-25","isFullCredit":false},{"lineNumber":27,"author":{"gitId":"AnWe11"},"content":"                } else {","lastModifiedDate":"2025-01-25","isFullCredit":false},{"lineNumber":28,"author":{"gitId":"AnWe11"},"content":"                    throw new InvalidCommandException(\"You did not specify which task you would like to unmark... :[\");","lastModifiedDate":"2025-01-25","isFullCredit":false},{"lineNumber":29,"author":{"gitId":"AnWe11"},"content":"                }","lastModifiedDate":"2025-01-25","isFullCredit":false},{"lineNumber":30,"author":{"gitId":"AnWe11"},"content":"            }","lastModifiedDate":"2025-01-25","isFullCredit":false},{"lineNumber":31,"author":{"gitId":"AnWe11"},"content":"","lastModifiedDate":"2025-01-25","isFullCredit":false},{"lineNumber":32,"author":{"gitId":"AnWe11"},"content":"            this.taskID \u003d Integer.parseInt(input.substring(firstSpaceIndex + 1));","lastModifiedDate":"2025-01-25","isFullCredit":false},{"lineNumber":33,"author":{"gitId":"AnWe11"},"content":"            if (this.taskID \u003e\u003d 0 \u0026\u0026 this.taskID \u003c\u003d taskManager.getTotalTasks()) {","lastModifiedDate":"2025-01-25","isFullCredit":false},{"lineNumber":34,"author":{"gitId":"AnWe11"},"content":"                this.currTask \u003d taskManager.getTask(this.taskID);","lastModifiedDate":"2025-01-25","isFullCredit":false},{"lineNumber":35,"author":{"gitId":"AnWe11"},"content":"            } else {","lastModifiedDate":"2025-01-25","isFullCredit":false},{"lineNumber":36,"author":{"gitId":"AnWe11"},"content":"                throw new NumberFormatException(\"Invalid Task ID\");","lastModifiedDate":"2025-01-25","isFullCredit":false},{"lineNumber":37,"author":{"gitId":"AnWe11"},"content":"            }","lastModifiedDate":"2025-01-25","isFullCredit":false},{"lineNumber":38,"author":{"gitId":"AnWe11"},"content":"","lastModifiedDate":"2025-01-25","isFullCredit":false},{"lineNumber":39,"author":{"gitId":"AnWe11"},"content":"            this.currTask \u003d taskManager.getTask(this.taskID);","lastModifiedDate":"2025-01-25","isFullCredit":false},{"lineNumber":40,"author":{"gitId":"AnWe11"},"content":"            if (this.commandWord.equalsIgnoreCase(\"mark\")) {","lastModifiedDate":"2025-01-25","isFullCredit":false},{"lineNumber":41,"author":{"gitId":"AnWe11"},"content":"                System.out.println(\"Nice work! I\u0027ve marked this task as done:\");","lastModifiedDate":"2025-01-25","isFullCredit":false},{"lineNumber":42,"author":{"gitId":"AnWe11"},"content":"                this.currTask.markAsDone();","lastModifiedDate":"2025-01-25","isFullCredit":false},{"lineNumber":43,"author":{"gitId":"AnWe11"},"content":"            } else {","lastModifiedDate":"2025-01-25","isFullCredit":false},{"lineNumber":44,"author":{"gitId":"AnWe11"},"content":"                System.out.println(\"Ok , I\u0027ve unmarked this task:\");","lastModifiedDate":"2025-01-25","isFullCredit":false},{"lineNumber":45,"author":{"gitId":"AnWe11"},"content":"                this.currTask.unmark();","lastModifiedDate":"2025-01-25","isFullCredit":false},{"lineNumber":46,"author":{"gitId":"AnWe11"},"content":"            }","lastModifiedDate":"2025-01-25","isFullCredit":false},{"lineNumber":47,"author":{"gitId":"AnWe11"},"content":"            System.out.println(this.currTask.getDescription());","lastModifiedDate":"2025-01-25","isFullCredit":false},{"lineNumber":48,"author":{"gitId":"AnWe11"},"content":"            System.out.println(\" \");","lastModifiedDate":"2025-01-25","isFullCredit":false},{"lineNumber":49,"author":{"gitId":"AnWe11"},"content":"            this.taskManager.getRemainingTasks();","lastModifiedDate":"2025-01-25","isFullCredit":false},{"lineNumber":50,"author":{"gitId":"AnWe11"},"content":"            System.out.println(\"\\n_____________________________________________\");","lastModifiedDate":"2025-01-25","isFullCredit":false},{"lineNumber":51,"author":{"gitId":"AnWe11"},"content":"","lastModifiedDate":"2025-01-25","isFullCredit":false},{"lineNumber":52,"author":{"gitId":"AnWe11"},"content":"            System.out.println(\"_____________________________________________\\n\");","lastModifiedDate":"2025-01-25","isFullCredit":false},{"lineNumber":53,"author":{"gitId":"AnWe11"},"content":"        } catch (InvalidCommandException e) {","lastModifiedDate":"2025-01-25","isFullCredit":false},{"lineNumber":54,"author":{"gitId":"AnWe11"},"content":"            System.out.println(e.getMessage());","lastModifiedDate":"2025-01-25","isFullCredit":false},{"lineNumber":55,"author":{"gitId":"AnWe11"},"content":"            System.out.println(\"_____________________________________________\");","lastModifiedDate":"2025-01-25","isFullCredit":false},{"lineNumber":56,"author":{"gitId":"AnWe11"},"content":"            System.out.println(\"Input format to mark task should be \\nmark \u003ctask ID\u003e\");","lastModifiedDate":"2025-01-25","isFullCredit":false},{"lineNumber":57,"author":{"gitId":"AnWe11"},"content":"            System.out.println(\"_____________________________________________\\n\");","lastModifiedDate":"2025-01-25","isFullCredit":false},{"lineNumber":58,"author":{"gitId":"AnWe11"},"content":"            this.commandWord \u003d \"error\";","lastModifiedDate":"2025-01-25","isFullCredit":false},{"lineNumber":59,"author":{"gitId":"AnWe11"},"content":"        } catch (NumberFormatException e) {","lastModifiedDate":"2025-01-25","isFullCredit":false},{"lineNumber":60,"author":{"gitId":"AnWe11"},"content":"            System.out.println(\"Invalid taskID format.\");","lastModifiedDate":"2025-01-25","isFullCredit":false},{"lineNumber":61,"author":{"gitId":"AnWe11"},"content":"        }","lastModifiedDate":"2025-01-25","isFullCredit":false},{"lineNumber":62,"author":{"gitId":"AnWe11"},"content":"    }","lastModifiedDate":"2025-01-25","isFullCredit":false},{"lineNumber":63,"author":{"gitId":"AnWe11"},"content":"}","lastModifiedDate":"2025-01-25","isFullCredit":false}],"authorContributionMap":{"AnWe11":63}},{"path":"src/main/java/CommandsPackage/ToDoCase.java","fileType":"java","lines":[{"lineNumber":1,"author":{"gitId":"AnWe11"},"content":"package CommandsPackage;","lastModifiedDate":"2025-01-25","isFullCredit":false},{"lineNumber":2,"author":{"gitId":"AnWe11"},"content":"","lastModifiedDate":"2025-01-25","isFullCredit":false},{"lineNumber":3,"author":{"gitId":"AnWe11"},"content":"import Exceptions.InvalidCommandException;","lastModifiedDate":"2025-01-25","isFullCredit":false},{"lineNumber":4,"author":{"gitId":"AnWe11"},"content":"import TaskPackage.TaskManager;","lastModifiedDate":"2025-01-25","isFullCredit":false},{"lineNumber":5,"author":{"gitId":"AnWe11"},"content":"import TaskPackage.ToDo;","lastModifiedDate":"2025-01-25","isFullCredit":false},{"lineNumber":6,"author":{"gitId":"AnWe11"},"content":"","lastModifiedDate":"2025-01-25","isFullCredit":false},{"lineNumber":7,"author":{"gitId":"AnWe11"},"content":"public class ToDoCase implements DefaultCase {","lastModifiedDate":"2025-01-25","isFullCredit":false},{"lineNumber":8,"author":{"gitId":"AnWe11"},"content":"    private String taskDescription;","lastModifiedDate":"2025-01-25","isFullCredit":false},{"lineNumber":9,"author":{"gitId":"AnWe11"},"content":"    private TaskManager taskManager;","lastModifiedDate":"2025-01-25","isFullCredit":false},{"lineNumber":10,"author":{"gitId":"AnWe11"},"content":"    private String input;","lastModifiedDate":"2025-01-25","isFullCredit":false},{"lineNumber":11,"author":{"gitId":"AnWe11"},"content":"","lastModifiedDate":"2025-01-25","isFullCredit":false},{"lineNumber":12,"author":{"gitId":"AnWe11"},"content":"    public ToDoCase(String input, TaskManager taskManager) {","lastModifiedDate":"2025-01-25","isFullCredit":false},{"lineNumber":13,"author":{"gitId":"AnWe11"},"content":"        this.taskManager \u003d taskManager;","lastModifiedDate":"2025-01-25","isFullCredit":false},{"lineNumber":14,"author":{"gitId":"AnWe11"},"content":"        this.input \u003d input;","lastModifiedDate":"2025-01-25","isFullCredit":false},{"lineNumber":15,"author":{"gitId":"AnWe11"},"content":"    }","lastModifiedDate":"2025-01-25","isFullCredit":false},{"lineNumber":16,"author":{"gitId":"AnWe11"},"content":"","lastModifiedDate":"2025-01-25","isFullCredit":false},{"lineNumber":17,"author":{"gitId":"AnWe11"},"content":"    @Override","lastModifiedDate":"2025-01-25","isFullCredit":false},{"lineNumber":18,"author":{"gitId":"AnWe11"},"content":"    public void action() throws InvalidCommandException {","lastModifiedDate":"2025-01-25","isFullCredit":false},{"lineNumber":19,"author":{"gitId":"AnWe11"},"content":"        try {","lastModifiedDate":"2025-01-25","isFullCredit":false},{"lineNumber":20,"author":{"gitId":"AnWe11"},"content":"            int firstSpaceIndex \u003d input.indexOf(\" \");","lastModifiedDate":"2025-01-25","isFullCredit":false},{"lineNumber":21,"author":{"gitId":"AnWe11"},"content":"            //Return everything after first space or empty string if no space","lastModifiedDate":"2025-01-25","isFullCredit":false},{"lineNumber":22,"author":{"gitId":"AnWe11"},"content":"            if ((firstSpaceIndex \u003d\u003d -1) || firstSpaceIndex \u003d\u003d input.length() - 1) {","lastModifiedDate":"2025-01-25","isFullCredit":false},{"lineNumber":23,"author":{"gitId":"AnWe11"},"content":"                throw new InvalidCommandException(\"Oops! The task description of todo cannot be empty :(\");","lastModifiedDate":"2025-01-25","isFullCredit":false},{"lineNumber":24,"author":{"gitId":"AnWe11"},"content":"            }","lastModifiedDate":"2025-01-25","isFullCredit":false},{"lineNumber":25,"author":{"gitId":"AnWe11"},"content":"","lastModifiedDate":"2025-01-25","isFullCredit":false},{"lineNumber":26,"author":{"gitId":"AnWe11"},"content":"            this.taskDescription \u003d input.substring(firstSpaceIndex + 1);","lastModifiedDate":"2025-01-25","isFullCredit":false},{"lineNumber":27,"author":{"gitId":"AnWe11"},"content":"            ToDo todoTask \u003d new ToDo(this.taskDescription);","lastModifiedDate":"2025-01-25","isFullCredit":false},{"lineNumber":28,"author":{"gitId":"AnWe11"},"content":"            taskManager.addTask(todoTask);","lastModifiedDate":"2025-01-25","isFullCredit":false},{"lineNumber":29,"author":{"gitId":"AnWe11"},"content":"            System.out.println(\"_____________________________________________\\n\" + \"Sure thing! I\u0027ve added this task: \");","lastModifiedDate":"2025-01-25","isFullCredit":false},{"lineNumber":30,"author":{"gitId":"AnWe11"},"content":"            System.out.println(todoTask.getDescription());","lastModifiedDate":"2025-01-25","isFullCredit":false},{"lineNumber":31,"author":{"gitId":"AnWe11"},"content":"            System.out.println(\"You currently have \" + this.taskManager.getTotalTasks() + \" task(s) in the list.\");","lastModifiedDate":"2025-01-25","isFullCredit":false},{"lineNumber":32,"author":{"gitId":"AnWe11"},"content":"            System.out.println(\"\\n_____________________________________________\\n\");","lastModifiedDate":"2025-01-25","isFullCredit":false},{"lineNumber":33,"author":{"gitId":"AnWe11"},"content":"        } catch (InvalidCommandException e) {","lastModifiedDate":"2025-01-25","isFullCredit":false},{"lineNumber":34,"author":{"gitId":"AnWe11"},"content":"            System.out.println(e.getMessage());","lastModifiedDate":"2025-01-25","isFullCredit":false},{"lineNumber":35,"author":{"gitId":"AnWe11"},"content":"            System.out.println(\"_____________________________________________\");","lastModifiedDate":"2025-01-25","isFullCredit":false},{"lineNumber":36,"author":{"gitId":"AnWe11"},"content":"            System.out.println(\"Input format for todo tasks should be\\ntodo \u003cTask Description\u003e\");","lastModifiedDate":"2025-01-25","isFullCredit":false},{"lineNumber":37,"author":{"gitId":"AnWe11"},"content":"            System.out.println(\"_____________________________________________\\n\");","lastModifiedDate":"2025-01-25","isFullCredit":false},{"lineNumber":38,"author":{"gitId":"AnWe11"},"content":"            this.taskDescription \u003d \"\";","lastModifiedDate":"2025-01-25","isFullCredit":false},{"lineNumber":39,"author":{"gitId":"AnWe11"},"content":"        }","lastModifiedDate":"2025-01-25","isFullCredit":false},{"lineNumber":40,"author":{"gitId":"AnWe11"},"content":"    }","lastModifiedDate":"2025-01-25","isFullCredit":false},{"lineNumber":41,"author":{"gitId":"AnWe11"},"content":"}","lastModifiedDate":"2025-01-25","isFullCredit":false}],"authorContributionMap":{"AnWe11":41}},{"path":"src/main/java/Exceptions/InvalidCommandException.java","fileType":"java","lines":[{"lineNumber":1,"author":{"gitId":"AnWe11"},"content":"package Exceptions;","lastModifiedDate":"2025-01-25","isFullCredit":false},{"lineNumber":2,"author":{"gitId":"AnWe11"},"content":"","lastModifiedDate":"2025-01-25","isFullCredit":false},{"lineNumber":3,"author":{"gitId":"AnWe11"},"content":"public class InvalidCommandException extends Exception {","lastModifiedDate":"2025-01-22","isFullCredit":false},{"lineNumber":4,"author":{"gitId":"AnWe11"},"content":"","lastModifiedDate":"2025-01-22","isFullCredit":false},{"lineNumber":5,"author":{"gitId":"AnWe11"},"content":"    public InvalidCommandException() {","lastModifiedDate":"2025-01-22","isFullCredit":false},{"lineNumber":6,"author":{"gitId":"AnWe11"},"content":"        super();","lastModifiedDate":"2025-01-22","isFullCredit":false},{"lineNumber":7,"author":{"gitId":"AnWe11"},"content":"    }","lastModifiedDate":"2025-01-22","isFullCredit":false},{"lineNumber":8,"author":{"gitId":"AnWe11"},"content":"","lastModifiedDate":"2025-01-22","isFullCredit":false},{"lineNumber":9,"author":{"gitId":"AnWe11"},"content":"    public InvalidCommandException(String message) {","lastModifiedDate":"2025-01-22","isFullCredit":false},{"lineNumber":10,"author":{"gitId":"AnWe11"},"content":"        super(message);","lastModifiedDate":"2025-01-22","isFullCredit":false},{"lineNumber":11,"author":{"gitId":"AnWe11"},"content":"    }","lastModifiedDate":"2025-01-22","isFullCredit":false},{"lineNumber":12,"author":{"gitId":"AnWe11"},"content":"","lastModifiedDate":"2025-01-22","isFullCredit":false},{"lineNumber":13,"author":{"gitId":"AnWe11"},"content":"}","lastModifiedDate":"2025-01-22","isFullCredit":false}],"authorContributionMap":{"AnWe11":13}},{"path":"src/main/java/LuigiPackage/Luigi.java","fileType":"java","lines":[{"lineNumber":1,"author":{"gitId":"AnWe11"},"content":"package LuigiPackage;","lastModifiedDate":"2025-01-25","isFullCredit":false},{"lineNumber":2,"author":{"gitId":"AnWe11"},"content":"","lastModifiedDate":"2025-01-25","isFullCredit":false},{"lineNumber":3,"author":{"gitId":"AnWe11"},"content":"import CommandsPackage.CommandsParser;","lastModifiedDate":"2025-01-25","isFullCredit":false},{"lineNumber":4,"author":{"gitId":"AnWe11"},"content":"import Exceptions.InvalidCommandException;","lastModifiedDate":"2025-01-25","isFullCredit":false},{"lineNumber":5,"author":{"gitId":"AnWe11"},"content":"import TaskPackage.TaskManager;","lastModifiedDate":"2025-01-25","isFullCredit":false},{"lineNumber":6,"author":{"gitId":"AnWe11"},"content":"","lastModifiedDate":"2025-01-25","isFullCredit":false},{"lineNumber":7,"author":{"gitId":"AnWe11"},"content":"import java.util.Scanner;","lastModifiedDate":"2025-01-20","isFullCredit":false},{"lineNumber":8,"author":{"gitId":"AnWe11"},"content":"","lastModifiedDate":"2025-01-20","isFullCredit":false},{"lineNumber":9,"author":{"gitId":"AnWe11"},"content":"public class Luigi {","lastModifiedDate":"2025-01-20","isFullCredit":false},{"lineNumber":10,"author":{"gitId":"AnWe11"},"content":"    public static void main(String[] args) throws InvalidCommandException {","lastModifiedDate":"2025-01-22","isFullCredit":false},{"lineNumber":11,"author":{"gitId":"AnWe11"},"content":"","lastModifiedDate":"2025-01-20","isFullCredit":false},{"lineNumber":12,"author":{"gitId":"AnWe11"},"content":"        //Initialisation of Scanner to read inputs from user","lastModifiedDate":"2025-01-20","isFullCredit":false},{"lineNumber":13,"author":{"gitId":"AnWe11"},"content":"        Scanner scanner \u003d new Scanner(System.in);","lastModifiedDate":"2025-01-20","isFullCredit":false},{"lineNumber":14,"author":{"gitId":"AnWe11"},"content":"","lastModifiedDate":"2025-01-20","isFullCredit":false},{"lineNumber":15,"author":{"gitId":"AnWe11"},"content":"        //Initialisation of input from user","lastModifiedDate":"2025-01-20","isFullCredit":false},{"lineNumber":16,"author":{"gitId":"AnWe11"},"content":"        String input;","lastModifiedDate":"2025-01-20","isFullCredit":false},{"lineNumber":17,"author":{"gitId":"AnWe11"},"content":"","lastModifiedDate":"2025-01-20","isFullCredit":false},{"lineNumber":18,"author":{"gitId":"AnWe11"},"content":"        TaskManager taskManager \u003d new TaskManager();","lastModifiedDate":"2025-01-23","isFullCredit":false},{"lineNumber":19,"author":{"gitId":"AnWe11"},"content":"","lastModifiedDate":"2025-01-20","isFullCredit":false},{"lineNumber":20,"author":{"gitId":"AnWe11"},"content":"        //ASCII Art of Chatbot\u0027s name","lastModifiedDate":"2025-01-20","isFullCredit":false},{"lineNumber":21,"author":{"gitId":"AnWe11"},"content":"        String luigiLogo \u003d \"_____________________________________________\\n\" +","lastModifiedDate":"2025-01-20","isFullCredit":false},{"lineNumber":22,"author":{"gitId":"AnWe11"},"content":"                \" _        _    _    _____    _____    _____  \\n\" +","lastModifiedDate":"2025-01-20","isFullCredit":false},{"lineNumber":23,"author":{"gitId":"AnWe11"},"content":"                \"| |      | |  | |  |_   _|  / ____|  |_   _| \\n\" +","lastModifiedDate":"2025-01-20","isFullCredit":false},{"lineNumber":24,"author":{"gitId":"AnWe11"},"content":"                \"| |      | |  | |    | |   | |   _     | |   \\n\" +","lastModifiedDate":"2025-01-20","isFullCredit":false},{"lineNumber":25,"author":{"gitId":"AnWe11"},"content":"                \"| |      | |  | |    | |   | |  |_|    | |   \\n\" +","lastModifiedDate":"2025-01-20","isFullCredit":false},{"lineNumber":26,"author":{"gitId":"AnWe11"},"content":"                \"| |____  | |__| |   _| |_  | |__| |   _| |_  \\n\" +","lastModifiedDate":"2025-01-20","isFullCredit":false},{"lineNumber":27,"author":{"gitId":"AnWe11"},"content":"                \"|______|  \\\\____/   |_____|  \\\\_____|  |_____| \\n\" +","lastModifiedDate":"2025-01-20","isFullCredit":false},{"lineNumber":28,"author":{"gitId":"AnWe11"},"content":"                \"_____________________________________________\";","lastModifiedDate":"2025-01-20","isFullCredit":false},{"lineNumber":29,"author":{"gitId":"AnWe11"},"content":"","lastModifiedDate":"2025-01-20","isFullCredit":false},{"lineNumber":30,"author":{"gitId":"AnWe11"},"content":"        //Greeting string of Chatbot","lastModifiedDate":"2025-01-20","isFullCredit":false},{"lineNumber":31,"author":{"gitId":"AnWe11"},"content":"        String greeting \u003d \"Hello! I am Luigi!\\nWhat can I do for you?\\n\" +","lastModifiedDate":"2025-01-20","isFullCredit":false},{"lineNumber":32,"author":{"gitId":"AnWe11"},"content":"                \"_____________________________________________\";","lastModifiedDate":"2025-01-20","isFullCredit":false},{"lineNumber":33,"author":{"gitId":"AnWe11"},"content":"","lastModifiedDate":"2025-01-20","isFullCredit":false},{"lineNumber":34,"author":{"gitId":"AnWe11"},"content":"        System.out.println(luigiLogo);","lastModifiedDate":"2025-01-20","isFullCredit":false},{"lineNumber":35,"author":{"gitId":"AnWe11"},"content":"","lastModifiedDate":"2025-01-20","isFullCredit":false},{"lineNumber":36,"author":{"gitId":"AnWe11"},"content":"        System.out.println(greeting);","lastModifiedDate":"2025-01-20","isFullCredit":false},{"lineNumber":37,"author":{"gitId":"AnWe11"},"content":"","lastModifiedDate":"2025-01-20","isFullCredit":false},{"lineNumber":38,"author":{"gitId":"AnWe11"},"content":"        do {","lastModifiedDate":"2025-01-20","isFullCredit":false},{"lineNumber":39,"author":{"gitId":"AnWe11"},"content":"            //Reads input from user and decides what to do","lastModifiedDate":"2025-01-20","isFullCredit":false},{"lineNumber":40,"author":{"gitId":"AnWe11"},"content":"            input \u003d scanner.nextLine();","lastModifiedDate":"2025-01-20","isFullCredit":false},{"lineNumber":41,"author":{"gitId":"AnWe11"},"content":"            CommandsParser command \u003d new CommandsParser(input, taskManager);","lastModifiedDate":"2025-01-25","isFullCredit":false},{"lineNumber":42,"author":{"gitId":"AnWe11"},"content":"        } while (!input.equalsIgnoreCase(\"bye\"));","lastModifiedDate":"2025-01-20","isFullCredit":false},{"lineNumber":43,"author":{"gitId":"AnWe11"},"content":"    }","lastModifiedDate":"2025-01-20","isFullCredit":false},{"lineNumber":44,"author":{"gitId":"AnWe11"},"content":"","lastModifiedDate":"2025-01-20","isFullCredit":false},{"lineNumber":45,"author":{"gitId":"AnWe11"},"content":"}","lastModifiedDate":"2025-01-20","isFullCredit":false}],"authorContributionMap":{"AnWe11":45}},{"path":"src/main/java/TaskPackage/Deadlines.java","fileType":"java","lines":[{"lineNumber":1,"author":{"gitId":"AnWe11"},"content":"package TaskPackage;","lastModifiedDate":"2025-01-25","isFullCredit":false},{"lineNumber":2,"author":{"gitId":"AnWe11"},"content":"","lastModifiedDate":"2025-01-25","isFullCredit":false},{"lineNumber":3,"author":{"gitId":"AnWe11"},"content":"public class Deadlines extends TasksDefault {","lastModifiedDate":"2025-01-25","isFullCredit":false},{"lineNumber":4,"author":{"gitId":"AnWe11"},"content":"","lastModifiedDate":"2025-01-21","isFullCredit":false},{"lineNumber":5,"author":{"gitId":"AnWe11"},"content":"    private String taskType \u003d \"[D]\";","lastModifiedDate":"2025-01-21","isFullCredit":false},{"lineNumber":6,"author":{"gitId":"AnWe11"},"content":"    private String deadlineDate;","lastModifiedDate":"2025-01-21","isFullCredit":false},{"lineNumber":7,"author":{"gitId":"AnWe11"},"content":"","lastModifiedDate":"2025-01-21","isFullCredit":false},{"lineNumber":8,"author":{"gitId":"AnWe11"},"content":"    public Deadlines(String description, String deadlineDate) {","lastModifiedDate":"2025-01-21","isFullCredit":false},{"lineNumber":9,"author":{"gitId":"AnWe11"},"content":"        super(description);","lastModifiedDate":"2025-01-21","isFullCredit":false},{"lineNumber":10,"author":{"gitId":"AnWe11"},"content":"        this.deadlineDate \u003d deadlineDate;","lastModifiedDate":"2025-01-21","isFullCredit":false},{"lineNumber":11,"author":{"gitId":"AnWe11"},"content":"    }","lastModifiedDate":"2025-01-21","isFullCredit":false},{"lineNumber":12,"author":{"gitId":"AnWe11"},"content":"","lastModifiedDate":"2025-01-21","isFullCredit":false},{"lineNumber":13,"author":{"gitId":"AnWe11"},"content":"    @Override","lastModifiedDate":"2025-01-21","isFullCredit":false},{"lineNumber":14,"author":{"gitId":"AnWe11"},"content":"    public String getDescription() {","lastModifiedDate":"2025-01-21","isFullCredit":false},{"lineNumber":15,"author":{"gitId":"AnWe11"},"content":"        StringBuilder str \u003d new StringBuilder();","lastModifiedDate":"2025-01-21","isFullCredit":false},{"lineNumber":16,"author":{"gitId":"AnWe11"},"content":"        str.append(this.taskType).append(super.getDescription()).append(\" (by: \").append(deadlineDate).append(\")\");","lastModifiedDate":"2025-01-21","isFullCredit":false},{"lineNumber":17,"author":{"gitId":"AnWe11"},"content":"        return str.toString();","lastModifiedDate":"2025-01-21","isFullCredit":false},{"lineNumber":18,"author":{"gitId":"AnWe11"},"content":"    }","lastModifiedDate":"2025-01-21","isFullCredit":false},{"lineNumber":19,"author":{"gitId":"AnWe11"},"content":"","lastModifiedDate":"2025-01-21","isFullCredit":false},{"lineNumber":20,"author":{"gitId":"AnWe11"},"content":"}","lastModifiedDate":"2025-01-21","isFullCredit":false}],"authorContributionMap":{"AnWe11":20}},{"path":"src/main/java/TaskPackage/Events.java","fileType":"java","lines":[{"lineNumber":1,"author":{"gitId":"AnWe11"},"content":"package TaskPackage;","lastModifiedDate":"2025-01-25","isFullCredit":false},{"lineNumber":2,"author":{"gitId":"AnWe11"},"content":"","lastModifiedDate":"2025-01-25","isFullCredit":false},{"lineNumber":3,"author":{"gitId":"AnWe11"},"content":"public class Events extends TasksDefault {","lastModifiedDate":"2025-01-25","isFullCredit":false},{"lineNumber":4,"author":{"gitId":"AnWe11"},"content":"","lastModifiedDate":"2025-01-21","isFullCredit":false},{"lineNumber":5,"author":{"gitId":"AnWe11"},"content":"    private String taskType \u003d \"[E]\";","lastModifiedDate":"2025-01-21","isFullCredit":false},{"lineNumber":6,"author":{"gitId":"AnWe11"},"content":"    private String fromString;","lastModifiedDate":"2025-01-21","isFullCredit":false},{"lineNumber":7,"author":{"gitId":"AnWe11"},"content":"    private String toString;","lastModifiedDate":"2025-01-21","isFullCredit":false},{"lineNumber":8,"author":{"gitId":"AnWe11"},"content":"","lastModifiedDate":"2025-01-21","isFullCredit":false},{"lineNumber":9,"author":{"gitId":"AnWe11"},"content":"    public Events(String description, String fromString, String toString) {","lastModifiedDate":"2025-01-21","isFullCredit":false},{"lineNumber":10,"author":{"gitId":"AnWe11"},"content":"        super(description);","lastModifiedDate":"2025-01-21","isFullCredit":false},{"lineNumber":11,"author":{"gitId":"AnWe11"},"content":"        this.fromString \u003d fromString;","lastModifiedDate":"2025-01-21","isFullCredit":false},{"lineNumber":12,"author":{"gitId":"AnWe11"},"content":"        this.toString \u003d toString;","lastModifiedDate":"2025-01-21","isFullCredit":false},{"lineNumber":13,"author":{"gitId":"AnWe11"},"content":"    }","lastModifiedDate":"2025-01-21","isFullCredit":false},{"lineNumber":14,"author":{"gitId":"AnWe11"},"content":"","lastModifiedDate":"2025-01-21","isFullCredit":false},{"lineNumber":15,"author":{"gitId":"AnWe11"},"content":"    @Override","lastModifiedDate":"2025-01-21","isFullCredit":false},{"lineNumber":16,"author":{"gitId":"AnWe11"},"content":"    public String getDescription() {","lastModifiedDate":"2025-01-21","isFullCredit":false},{"lineNumber":17,"author":{"gitId":"AnWe11"},"content":"        StringBuilder str \u003d new StringBuilder();","lastModifiedDate":"2025-01-21","isFullCredit":false},{"lineNumber":18,"author":{"gitId":"AnWe11"},"content":"        str.append(this.taskType).append(super.getDescription()).append(\" (from: \").append(fromString)","lastModifiedDate":"2025-01-21","isFullCredit":false},{"lineNumber":19,"author":{"gitId":"AnWe11"},"content":"                                                                .append(\" - \").append(toString).append(\")\");","lastModifiedDate":"2025-01-21","isFullCredit":false},{"lineNumber":20,"author":{"gitId":"AnWe11"},"content":"        return str.toString();","lastModifiedDate":"2025-01-21","isFullCredit":false},{"lineNumber":21,"author":{"gitId":"AnWe11"},"content":"    }","lastModifiedDate":"2025-01-21","isFullCredit":false},{"lineNumber":22,"author":{"gitId":"AnWe11"},"content":"","lastModifiedDate":"2025-01-21","isFullCredit":false},{"lineNumber":23,"author":{"gitId":"AnWe11"},"content":"}","lastModifiedDate":"2025-01-21","isFullCredit":false}],"authorContributionMap":{"AnWe11":23}},{"path":"src/main/java/TaskPackage/TaskManager.java","fileType":"java","lines":[{"lineNumber":1,"author":{"gitId":"AnWe11"},"content":"package TaskPackage;","lastModifiedDate":"2025-01-25","isFullCredit":false},{"lineNumber":2,"author":{"gitId":"AnWe11"},"content":"","lastModifiedDate":"2025-01-25","isFullCredit":false},{"lineNumber":3,"author":{"gitId":"AnWe11"},"content":"import Exceptions.InvalidCommandException;","lastModifiedDate":"2025-01-25","isFullCredit":false},{"lineNumber":4,"author":{"gitId":"AnWe11"},"content":"","lastModifiedDate":"2025-01-25","isFullCredit":false},{"lineNumber":5,"author":{"gitId":"AnWe11"},"content":"import java.util.ArrayList;","lastModifiedDate":"2025-01-23","isFullCredit":false},{"lineNumber":6,"author":{"gitId":"AnWe11"},"content":"import java.util.List;","lastModifiedDate":"2025-01-23","isFullCredit":false},{"lineNumber":7,"author":{"gitId":"AnWe11"},"content":"","lastModifiedDate":"2025-01-23","isFullCredit":false},{"lineNumber":8,"author":{"gitId":"AnWe11"},"content":"public class TaskManager {","lastModifiedDate":"2025-01-23","isFullCredit":false},{"lineNumber":9,"author":{"gitId":"AnWe11"},"content":"    private List\u003cTasksDefault\u003e tasksList;","lastModifiedDate":"2025-01-25","isFullCredit":false},{"lineNumber":10,"author":{"gitId":"AnWe11"},"content":"","lastModifiedDate":"2025-01-23","isFullCredit":false},{"lineNumber":11,"author":{"gitId":"AnWe11"},"content":"    public TaskManager() {","lastModifiedDate":"2025-01-23","isFullCredit":false},{"lineNumber":12,"author":{"gitId":"AnWe11"},"content":"        this.tasksList \u003d new ArrayList\u003c\u003e();","lastModifiedDate":"2025-01-23","isFullCredit":false},{"lineNumber":13,"author":{"gitId":"AnWe11"},"content":"    }","lastModifiedDate":"2025-01-23","isFullCredit":false},{"lineNumber":14,"author":{"gitId":"AnWe11"},"content":"","lastModifiedDate":"2025-01-23","isFullCredit":false},{"lineNumber":15,"author":{"gitId":"AnWe11"},"content":"    public void listTasks() {","lastModifiedDate":"2025-01-23","isFullCredit":false},{"lineNumber":16,"author":{"gitId":"AnWe11"},"content":"        StringBuilder str \u003d new StringBuilder();","lastModifiedDate":"2025-01-23","isFullCredit":false},{"lineNumber":17,"author":{"gitId":"AnWe11"},"content":"        str.append(\"\\n_____________________________________________\\n\");","lastModifiedDate":"2025-01-23","isFullCredit":false},{"lineNumber":18,"author":{"gitId":"AnWe11"},"content":"        for(int i \u003d 0; i \u003c tasksList.size(); i++) {","lastModifiedDate":"2025-01-23","isFullCredit":false},{"lineNumber":19,"author":{"gitId":"AnWe11"},"content":"            str.append(i+1).append(\". \").append(tasksList.get(i).getDescription()).append(\"\\n\");","lastModifiedDate":"2025-01-23","isFullCredit":false},{"lineNumber":20,"author":{"gitId":"AnWe11"},"content":"        }","lastModifiedDate":"2025-01-23","isFullCredit":false},{"lineNumber":21,"author":{"gitId":"AnWe11"},"content":"        str.append(\"_____________________________________________\\n\");","lastModifiedDate":"2025-01-23","isFullCredit":false},{"lineNumber":22,"author":{"gitId":"AnWe11"},"content":"        System.out.println(str.toString());","lastModifiedDate":"2025-01-23","isFullCredit":false},{"lineNumber":23,"author":{"gitId":"AnWe11"},"content":"    }","lastModifiedDate":"2025-01-23","isFullCredit":false},{"lineNumber":24,"author":{"gitId":"AnWe11"},"content":"","lastModifiedDate":"2025-01-23","isFullCredit":false},{"lineNumber":25,"author":{"gitId":"AnWe11"},"content":"    public TasksDefault getTask(int taskID) throws InvalidCommandException {","lastModifiedDate":"2025-01-25","isFullCredit":false},{"lineNumber":26,"author":{"gitId":"AnWe11"},"content":"        return tasksList.get(taskID - 1);","lastModifiedDate":"2025-01-23","isFullCredit":false},{"lineNumber":27,"author":{"gitId":"AnWe11"},"content":"    }","lastModifiedDate":"2025-01-23","isFullCredit":false},{"lineNumber":28,"author":{"gitId":"AnWe11"},"content":"","lastModifiedDate":"2025-01-23","isFullCredit":false},{"lineNumber":29,"author":{"gitId":"AnWe11"},"content":"    public void addTask(TasksDefault task) {","lastModifiedDate":"2025-01-25","isFullCredit":false},{"lineNumber":30,"author":{"gitId":"AnWe11"},"content":"        tasksList.add(task);","lastModifiedDate":"2025-01-23","isFullCredit":false},{"lineNumber":31,"author":{"gitId":"AnWe11"},"content":"    }","lastModifiedDate":"2025-01-23","isFullCredit":false},{"lineNumber":32,"author":{"gitId":"AnWe11"},"content":"","lastModifiedDate":"2025-01-23","isFullCredit":false},{"lineNumber":33,"author":{"gitId":"AnWe11"},"content":"    public int getTotalTasks() {","lastModifiedDate":"2025-01-23","isFullCredit":false},{"lineNumber":34,"author":{"gitId":"AnWe11"},"content":"        return tasksList.size();","lastModifiedDate":"2025-01-23","isFullCredit":false},{"lineNumber":35,"author":{"gitId":"AnWe11"},"content":"    }","lastModifiedDate":"2025-01-23","isFullCredit":false},{"lineNumber":36,"author":{"gitId":"AnWe11"},"content":"","lastModifiedDate":"2025-01-23","isFullCredit":false},{"lineNumber":37,"author":{"gitId":"AnWe11"},"content":"    public void removeTask(int taskID) {","lastModifiedDate":"2025-01-23","isFullCredit":false},{"lineNumber":38,"author":{"gitId":"AnWe11"},"content":"        tasksList.remove(taskID - 1);","lastModifiedDate":"2025-01-23","isFullCredit":false},{"lineNumber":39,"author":{"gitId":"AnWe11"},"content":"    }","lastModifiedDate":"2025-01-23","isFullCredit":false},{"lineNumber":40,"author":{"gitId":"AnWe11"},"content":"","lastModifiedDate":"2025-01-23","isFullCredit":false},{"lineNumber":41,"author":{"gitId":"AnWe11"},"content":"    public void getRemainingTasks() {","lastModifiedDate":"2025-01-23","isFullCredit":false},{"lineNumber":42,"author":{"gitId":"AnWe11"},"content":"        int remainingTasks \u003d 0;","lastModifiedDate":"2025-01-23","isFullCredit":false},{"lineNumber":43,"author":{"gitId":"AnWe11"},"content":"        StringBuilder str \u003d new StringBuilder();","lastModifiedDate":"2025-01-23","isFullCredit":false},{"lineNumber":44,"author":{"gitId":"AnWe11"},"content":"","lastModifiedDate":"2025-01-23","isFullCredit":false},{"lineNumber":45,"author":{"gitId":"AnWe11"},"content":"        for(TasksDefault entry : this.tasksList) {","lastModifiedDate":"2025-01-25","isFullCredit":false},{"lineNumber":46,"author":{"gitId":"AnWe11"},"content":"            if (entry.isDone()) {","lastModifiedDate":"2025-01-23","isFullCredit":false},{"lineNumber":47,"author":{"gitId":"AnWe11"},"content":"                remainingTasks++;","lastModifiedDate":"2025-01-23","isFullCredit":false},{"lineNumber":48,"author":{"gitId":"AnWe11"},"content":"            }","lastModifiedDate":"2025-01-23","isFullCredit":false},{"lineNumber":49,"author":{"gitId":"AnWe11"},"content":"        }","lastModifiedDate":"2025-01-23","isFullCredit":false},{"lineNumber":50,"author":{"gitId":"AnWe11"},"content":"        remainingTasks \u003d tasksList.size() - remainingTasks;","lastModifiedDate":"2025-01-23","isFullCredit":false},{"lineNumber":51,"author":{"gitId":"AnWe11"},"content":"        if (remainingTasks \u003d\u003d 0) {","lastModifiedDate":"2025-01-23","isFullCredit":false},{"lineNumber":52,"author":{"gitId":"AnWe11"},"content":"            str.append(\"Congratulations! You have completed all your tasks! :)\");","lastModifiedDate":"2025-01-23","isFullCredit":false},{"lineNumber":53,"author":{"gitId":"AnWe11"},"content":"        } else {","lastModifiedDate":"2025-01-23","isFullCredit":false},{"lineNumber":54,"author":{"gitId":"AnWe11"},"content":"            str.append(\"You have \").append(remainingTasks).append(\" tasks left to complete!\");","lastModifiedDate":"2025-01-23","isFullCredit":false},{"lineNumber":55,"author":{"gitId":"AnWe11"},"content":"        }","lastModifiedDate":"2025-01-23","isFullCredit":false},{"lineNumber":56,"author":{"gitId":"AnWe11"},"content":"        System.out.println(str.toString());","lastModifiedDate":"2025-01-23","isFullCredit":false},{"lineNumber":57,"author":{"gitId":"AnWe11"},"content":"    }","lastModifiedDate":"2025-01-23","isFullCredit":false},{"lineNumber":58,"author":{"gitId":"AnWe11"},"content":"}","lastModifiedDate":"2025-01-23","isFullCredit":false}],"authorContributionMap":{"AnWe11":58}},{"path":"src/main/java/TaskPackage/TasksDefault.java","fileType":"java","lines":[{"lineNumber":1,"author":{"gitId":"AnWe11"},"content":"/*Tasks class to keep track of the different tasks","lastModifiedDate":"2025-01-20","isFullCredit":false},{"lineNumber":2,"author":{"gitId":"AnWe11"},"content":" *","lastModifiedDate":"2025-01-20","isFullCredit":false},{"lineNumber":3,"author":{"gitId":"AnWe11"},"content":" * */","lastModifiedDate":"2025-01-20","isFullCredit":false},{"lineNumber":4,"author":{"gitId":"AnWe11"},"content":"package TaskPackage;","lastModifiedDate":"2025-01-25","isFullCredit":false},{"lineNumber":5,"author":{"gitId":"AnWe11"},"content":"","lastModifiedDate":"2025-01-20","isFullCredit":false},{"lineNumber":6,"author":{"gitId":"AnWe11"},"content":"public class TasksDefault {","lastModifiedDate":"2025-01-25","isFullCredit":false},{"lineNumber":7,"author":{"gitId":"AnWe11"},"content":"","lastModifiedDate":"2025-01-20","isFullCredit":false},{"lineNumber":8,"author":{"gitId":"AnWe11"},"content":"    //Initialisation of description of task variable, taskID, and boolean done variables","lastModifiedDate":"2025-01-20","isFullCredit":false},{"lineNumber":9,"author":{"gitId":"AnWe11"},"content":"    private String description;","lastModifiedDate":"2025-01-20","isFullCredit":false},{"lineNumber":10,"author":{"gitId":"AnWe11"},"content":"    private int taskID;","lastModifiedDate":"2025-01-20","isFullCredit":false},{"lineNumber":11,"author":{"gitId":"AnWe11"},"content":"    private boolean done;","lastModifiedDate":"2025-01-20","isFullCredit":false},{"lineNumber":12,"author":{"gitId":"AnWe11"},"content":"","lastModifiedDate":"2025-01-20","isFullCredit":false},{"lineNumber":13,"author":{"gitId":"AnWe11"},"content":"    //Initialisation of static int id","lastModifiedDate":"2025-01-20","isFullCredit":false},{"lineNumber":14,"author":{"gitId":"AnWe11"},"content":"    private static int id \u003d 1;","lastModifiedDate":"2025-01-20","isFullCredit":false},{"lineNumber":15,"author":{"gitId":"AnWe11"},"content":"","lastModifiedDate":"2025-01-20","isFullCredit":false},{"lineNumber":16,"author":{"gitId":"AnWe11"},"content":"    private static int totalTasks \u003d 0;","lastModifiedDate":"2025-01-21","isFullCredit":false},{"lineNumber":17,"author":{"gitId":"AnWe11"},"content":"    private static int totalTasksDone \u003d 0;","lastModifiedDate":"2025-01-21","isFullCredit":false},{"lineNumber":18,"author":{"gitId":"AnWe11"},"content":"","lastModifiedDate":"2025-01-21","isFullCredit":false},{"lineNumber":19,"author":{"gitId":"AnWe11"},"content":"    //Tasks class constructor","lastModifiedDate":"2025-01-20","isFullCredit":false},{"lineNumber":20,"author":{"gitId":"AnWe11"},"content":"    public TasksDefault(String description) {","lastModifiedDate":"2025-01-25","isFullCredit":false},{"lineNumber":21,"author":{"gitId":"AnWe11"},"content":"        this.description \u003d description;","lastModifiedDate":"2025-01-20","isFullCredit":false},{"lineNumber":22,"author":{"gitId":"AnWe11"},"content":"        this.taskID \u003d id++;","lastModifiedDate":"2025-01-20","isFullCredit":false},{"lineNumber":23,"author":{"gitId":"AnWe11"},"content":"        this.done \u003d false;","lastModifiedDate":"2025-01-20","isFullCredit":false},{"lineNumber":24,"author":{"gitId":"AnWe11"},"content":"        totalTasks++;","lastModifiedDate":"2025-01-21","isFullCredit":false},{"lineNumber":25,"author":{"gitId":"AnWe11"},"content":"    }","lastModifiedDate":"2025-01-20","isFullCredit":false},{"lineNumber":26,"author":{"gitId":"AnWe11"},"content":"","lastModifiedDate":"2025-01-20","isFullCredit":false},{"lineNumber":27,"author":{"gitId":"AnWe11"},"content":"    //method call to get task\u0027s description","lastModifiedDate":"2025-01-20","isFullCredit":false},{"lineNumber":28,"author":{"gitId":"AnWe11"},"content":"    public String getDescription() {","lastModifiedDate":"2025-01-20","isFullCredit":false},{"lineNumber":29,"author":{"gitId":"AnWe11"},"content":"        StringBuilder str \u003d new StringBuilder();","lastModifiedDate":"2025-01-20","isFullCredit":false},{"lineNumber":30,"author":{"gitId":"AnWe11"},"content":"        if (done) {","lastModifiedDate":"2025-01-20","isFullCredit":false},{"lineNumber":31,"author":{"gitId":"AnWe11"},"content":"            str.append(\"[X] \");","lastModifiedDate":"2025-01-20","isFullCredit":false},{"lineNumber":32,"author":{"gitId":"AnWe11"},"content":"        } else {","lastModifiedDate":"2025-01-20","isFullCredit":false},{"lineNumber":33,"author":{"gitId":"AnWe11"},"content":"            str.append(\"[ ] \");","lastModifiedDate":"2025-01-20","isFullCredit":false},{"lineNumber":34,"author":{"gitId":"AnWe11"},"content":"        }","lastModifiedDate":"2025-01-20","isFullCredit":false},{"lineNumber":35,"author":{"gitId":"AnWe11"},"content":"        str.append(this.description);","lastModifiedDate":"2025-01-20","isFullCredit":false},{"lineNumber":36,"author":{"gitId":"AnWe11"},"content":"        return str.toString();","lastModifiedDate":"2025-01-20","isFullCredit":false},{"lineNumber":37,"author":{"gitId":"AnWe11"},"content":"    }","lastModifiedDate":"2025-01-20","isFullCredit":false},{"lineNumber":38,"author":{"gitId":"AnWe11"},"content":"","lastModifiedDate":"2025-01-20","isFullCredit":false},{"lineNumber":39,"author":{"gitId":"AnWe11"},"content":"    //Method to get Task ID","lastModifiedDate":"2025-01-20","isFullCredit":false},{"lineNumber":40,"author":{"gitId":"AnWe11"},"content":"    public int getTaskID() {","lastModifiedDate":"2025-01-20","isFullCredit":false},{"lineNumber":41,"author":{"gitId":"AnWe11"},"content":"        return this.taskID;","lastModifiedDate":"2025-01-20","isFullCredit":false},{"lineNumber":42,"author":{"gitId":"AnWe11"},"content":"    }","lastModifiedDate":"2025-01-20","isFullCredit":false},{"lineNumber":43,"author":{"gitId":"AnWe11"},"content":"","lastModifiedDate":"2025-01-20","isFullCredit":false},{"lineNumber":44,"author":{"gitId":"AnWe11"},"content":"    //Method to mark task as done","lastModifiedDate":"2025-01-20","isFullCredit":false},{"lineNumber":45,"author":{"gitId":"AnWe11"},"content":"    public void markAsDone() {","lastModifiedDate":"2025-01-20","isFullCredit":false},{"lineNumber":46,"author":{"gitId":"AnWe11"},"content":"        if (!done) {","lastModifiedDate":"2025-01-21","isFullCredit":false},{"lineNumber":47,"author":{"gitId":"AnWe11"},"content":"            totalTasksDone++;","lastModifiedDate":"2025-01-21","isFullCredit":false},{"lineNumber":48,"author":{"gitId":"AnWe11"},"content":"        }","lastModifiedDate":"2025-01-21","isFullCredit":false},{"lineNumber":49,"author":{"gitId":"AnWe11"},"content":"        this.done \u003d true;","lastModifiedDate":"2025-01-20","isFullCredit":false},{"lineNumber":50,"author":{"gitId":"AnWe11"},"content":"    }","lastModifiedDate":"2025-01-20","isFullCredit":false},{"lineNumber":51,"author":{"gitId":"AnWe11"},"content":"","lastModifiedDate":"2025-01-20","isFullCredit":false},{"lineNumber":52,"author":{"gitId":"AnWe11"},"content":"    //Method to unmark task as undone","lastModifiedDate":"2025-01-20","isFullCredit":false},{"lineNumber":53,"author":{"gitId":"AnWe11"},"content":"    public void unmark() {","lastModifiedDate":"2025-01-20","isFullCredit":false},{"lineNumber":54,"author":{"gitId":"AnWe11"},"content":"        if (done) {","lastModifiedDate":"2025-01-21","isFullCredit":false},{"lineNumber":55,"author":{"gitId":"AnWe11"},"content":"            totalTasksDone--;","lastModifiedDate":"2025-01-21","isFullCredit":false},{"lineNumber":56,"author":{"gitId":"AnWe11"},"content":"        }","lastModifiedDate":"2025-01-21","isFullCredit":false},{"lineNumber":57,"author":{"gitId":"AnWe11"},"content":"        this.done \u003d false;","lastModifiedDate":"2025-01-20","isFullCredit":false},{"lineNumber":58,"author":{"gitId":"AnWe11"},"content":"    }","lastModifiedDate":"2025-01-20","isFullCredit":false},{"lineNumber":59,"author":{"gitId":"AnWe11"},"content":"","lastModifiedDate":"2025-01-20","isFullCredit":false},{"lineNumber":60,"author":{"gitId":"AnWe11"},"content":"    public boolean isDone() {","lastModifiedDate":"2025-01-23","isFullCredit":false},{"lineNumber":61,"author":{"gitId":"AnWe11"},"content":"        return this.done;","lastModifiedDate":"2025-01-23","isFullCredit":false},{"lineNumber":62,"author":{"gitId":"AnWe11"},"content":"    }","lastModifiedDate":"2025-01-21","isFullCredit":false},{"lineNumber":63,"author":{"gitId":"AnWe11"},"content":"","lastModifiedDate":"2025-01-21","isFullCredit":false},{"lineNumber":64,"author":{"gitId":"AnWe11"},"content":"}","lastModifiedDate":"2025-01-20","isFullCredit":false}],"authorContributionMap":{"AnWe11":64}},{"path":"src/main/java/TaskPackage/ToDo.java","fileType":"java","lines":[{"lineNumber":1,"author":{"gitId":"AnWe11"},"content":"package TaskPackage;","lastModifiedDate":"2025-01-25","isFullCredit":false},{"lineNumber":2,"author":{"gitId":"AnWe11"},"content":"","lastModifiedDate":"2025-01-25","isFullCredit":false},{"lineNumber":3,"author":{"gitId":"AnWe11"},"content":"public class ToDo extends TasksDefault {","lastModifiedDate":"2025-01-25","isFullCredit":false},{"lineNumber":4,"author":{"gitId":"AnWe11"},"content":"","lastModifiedDate":"2025-01-21","isFullCredit":false},{"lineNumber":5,"author":{"gitId":"AnWe11"},"content":"    private String taskType \u003d \"[T]\";","lastModifiedDate":"2025-01-21","isFullCredit":false},{"lineNumber":6,"author":{"gitId":"AnWe11"},"content":"","lastModifiedDate":"2025-01-21","isFullCredit":false},{"lineNumber":7,"author":{"gitId":"AnWe11"},"content":"    public ToDo(String description) {","lastModifiedDate":"2025-01-21","isFullCredit":false},{"lineNumber":8,"author":{"gitId":"AnWe11"},"content":"        super(description);","lastModifiedDate":"2025-01-21","isFullCredit":false},{"lineNumber":9,"author":{"gitId":"AnWe11"},"content":"    }","lastModifiedDate":"2025-01-21","isFullCredit":false},{"lineNumber":10,"author":{"gitId":"AnWe11"},"content":"","lastModifiedDate":"2025-01-21","isFullCredit":false},{"lineNumber":11,"author":{"gitId":"AnWe11"},"content":"    @Override","lastModifiedDate":"2025-01-21","isFullCredit":false},{"lineNumber":12,"author":{"gitId":"AnWe11"},"content":"    public String getDescription() {","lastModifiedDate":"2025-01-21","isFullCredit":false},{"lineNumber":13,"author":{"gitId":"AnWe11"},"content":"        StringBuilder str \u003d new StringBuilder();","lastModifiedDate":"2025-01-21","isFullCredit":false},{"lineNumber":14,"author":{"gitId":"AnWe11"},"content":"        str.append(this.taskType).append(super.getDescription());","lastModifiedDate":"2025-01-21","isFullCredit":false},{"lineNumber":15,"author":{"gitId":"AnWe11"},"content":"        return str.toString();","lastModifiedDate":"2025-01-21","isFullCredit":false},{"lineNumber":16,"author":{"gitId":"AnWe11"},"content":"    }","lastModifiedDate":"2025-01-21","isFullCredit":false},{"lineNumber":17,"author":{"gitId":"AnWe11"},"content":"","lastModifiedDate":"2025-01-21","isFullCredit":false},{"lineNumber":18,"author":{"gitId":"AnWe11"},"content":"}","lastModifiedDate":"2025-01-21","isFullCredit":false}],"authorContributionMap":{"AnWe11":18}},{"path":"text-ui-test/runtest.bat","fileType":"bat","lines":[{"lineNumber":1,"author":{"gitId":"-"},"content":"@ECHO OFF","lastModifiedDate":"2020-05-25","isFullCredit":false},{"lineNumber":2,"author":{"gitId":"-"},"content":"","lastModifiedDate":"2020-05-25","isFullCredit":false},{"lineNumber":3,"author":{"gitId":"-"},"content":"REM create bin directory if it doesn\u0027t exist","lastModifiedDate":"2020-05-25","isFullCredit":false},{"lineNumber":4,"author":{"gitId":"-"},"content":"if not exist ..\\bin mkdir ..\\bin","lastModifiedDate":"2020-05-25","isFullCredit":false},{"lineNumber":5,"author":{"gitId":"-"},"content":"","lastModifiedDate":"2020-05-25","isFullCredit":false},{"lineNumber":6,"author":{"gitId":"-"},"content":"REM delete output from previous run","lastModifiedDate":"2020-05-25","isFullCredit":false},{"lineNumber":7,"author":{"gitId":"-"},"content":"if exist ACTUAL.TXT del ACTUAL.TXT","lastModifiedDate":"2020-08-25","isFullCredit":false},{"lineNumber":8,"author":{"gitId":"-"},"content":"","lastModifiedDate":"2020-05-25","isFullCredit":false},{"lineNumber":9,"author":{"gitId":"-"},"content":"REM compile the code into the bin folder","lastModifiedDate":"2020-05-25","isFullCredit":false},{"lineNumber":10,"author":{"gitId":"-"},"content":"javac  -cp ..\\src\\main\\java -Xlint:none -d ..\\bin ..\\src\\main\\java\\*.java","lastModifiedDate":"2020-08-25","isFullCredit":false},{"lineNumber":11,"author":{"gitId":"-"},"content":"IF ERRORLEVEL 1 (","lastModifiedDate":"2020-05-25","isFullCredit":false},{"lineNumber":12,"author":{"gitId":"-"},"content":"    echo ********** BUILD FAILURE **********","lastModifiedDate":"2020-05-25","isFullCredit":false},{"lineNumber":13,"author":{"gitId":"-"},"content":"    exit /b 1","lastModifiedDate":"2020-05-25","isFullCredit":false},{"lineNumber":14,"author":{"gitId":"-"},"content":")","lastModifiedDate":"2020-05-25","isFullCredit":false},{"lineNumber":15,"author":{"gitId":"-"},"content":"REM no error here, errorlevel \u003d\u003d 0","lastModifiedDate":"2020-05-25","isFullCredit":false},{"lineNumber":16,"author":{"gitId":"-"},"content":"","lastModifiedDate":"2020-05-25","isFullCredit":false},{"lineNumber":17,"author":{"gitId":"-"},"content":"REM run the program, feed commands from input.txt file and redirect the output to the ACTUAL.TXT","lastModifiedDate":"2020-05-25","isFullCredit":false},{"lineNumber":18,"author":{"gitId":"AnWe11"},"content":"java -classpath ..\\bin Luigi \u003c input.txt \u003e ACTUAL.TXT","lastModifiedDate":"2025-01-24","isFullCredit":false},{"lineNumber":19,"author":{"gitId":"-"},"content":"","lastModifiedDate":"2020-05-25","isFullCredit":false},{"lineNumber":20,"author":{"gitId":"-"},"content":"REM compare the output to the expected output","lastModifiedDate":"2020-05-25","isFullCredit":false},{"lineNumber":21,"author":{"gitId":"-"},"content":"FC ACTUAL.TXT EXPECTED.TXT","lastModifiedDate":"2020-05-25","isFullCredit":false}],"authorContributionMap":{"AnWe11":1,"-":20}},{"path":"text-ui-test/runtest.sh","fileType":"sh","lines":[{"lineNumber":1,"author":{"gitId":"-"},"content":"#!/usr/bin/env bash","lastModifiedDate":"2020-05-25","isFullCredit":false},{"lineNumber":2,"author":{"gitId":"-"},"content":"","lastModifiedDate":"2020-05-25","isFullCredit":false},{"lineNumber":3,"author":{"gitId":"-"},"content":"# create bin directory if it doesn\u0027t exist","lastModifiedDate":"2020-05-25","isFullCredit":false},{"lineNumber":4,"author":{"gitId":"-"},"content":"if [ ! -d \"../bin\" ]","lastModifiedDate":"2020-05-25","isFullCredit":false},{"lineNumber":5,"author":{"gitId":"-"},"content":"then","lastModifiedDate":"2020-05-25","isFullCredit":false},{"lineNumber":6,"author":{"gitId":"-"},"content":"    mkdir ../bin","lastModifiedDate":"2020-05-25","isFullCredit":false},{"lineNumber":7,"author":{"gitId":"-"},"content":"fi","lastModifiedDate":"2020-05-25","isFullCredit":false},{"lineNumber":8,"author":{"gitId":"-"},"content":"","lastModifiedDate":"2020-05-25","isFullCredit":false},{"lineNumber":9,"author":{"gitId":"-"},"content":"# delete output from previous run","lastModifiedDate":"2020-05-25","isFullCredit":false},{"lineNumber":10,"author":{"gitId":"-"},"content":"if [ -e \"./ACTUAL.TXT\" ]","lastModifiedDate":"2020-05-25","isFullCredit":false},{"lineNumber":11,"author":{"gitId":"-"},"content":"then","lastModifiedDate":"2020-05-25","isFullCredit":false},{"lineNumber":12,"author":{"gitId":"-"},"content":"    rm ACTUAL.TXT","lastModifiedDate":"2020-05-25","isFullCredit":false},{"lineNumber":13,"author":{"gitId":"-"},"content":"fi","lastModifiedDate":"2020-05-25","isFullCredit":false},{"lineNumber":14,"author":{"gitId":"-"},"content":"","lastModifiedDate":"2020-05-25","isFullCredit":false},{"lineNumber":15,"author":{"gitId":"-"},"content":"# compile the code into the bin folder, terminates if error occurred","lastModifiedDate":"2020-05-25","isFullCredit":false},{"lineNumber":16,"author":{"gitId":"-"},"content":"if ! javac -cp ../src/main/java -Xlint:none -d ../bin ../src/main/java/*.java","lastModifiedDate":"2020-08-25","isFullCredit":false},{"lineNumber":17,"author":{"gitId":"-"},"content":"then","lastModifiedDate":"2020-05-25","isFullCredit":false},{"lineNumber":18,"author":{"gitId":"-"},"content":"    echo \"********** BUILD FAILURE **********\"","lastModifiedDate":"2020-05-25","isFullCredit":false},{"lineNumber":19,"author":{"gitId":"-"},"content":"    exit 1","lastModifiedDate":"2020-05-25","isFullCredit":false},{"lineNumber":20,"author":{"gitId":"-"},"content":"fi","lastModifiedDate":"2020-05-25","isFullCredit":false},{"lineNumber":21,"author":{"gitId":"-"},"content":"","lastModifiedDate":"2020-05-25","isFullCredit":false},{"lineNumber":22,"author":{"gitId":"-"},"content":"# run the program, feed commands from input.txt file and redirect the output to the ACTUAL.TXT","lastModifiedDate":"2020-05-25","isFullCredit":false},{"lineNumber":23,"author":{"gitId":"AnWe11"},"content":"java -classpath ../bin Luigi \u003c input.txt \u003e ACTUAL.TXT","lastModifiedDate":"2025-01-22","isFullCredit":false},{"lineNumber":24,"author":{"gitId":"-"},"content":"","lastModifiedDate":"2020-05-25","isFullCredit":false},{"lineNumber":25,"author":{"gitId":"-"},"content":"# convert to UNIX format","lastModifiedDate":"2020-05-25","isFullCredit":false},{"lineNumber":26,"author":{"gitId":"-"},"content":"cp EXPECTED.TXT EXPECTED-UNIX.TXT","lastModifiedDate":"2020-05-25","isFullCredit":false},{"lineNumber":27,"author":{"gitId":"-"},"content":"dos2unix ACTUAL.TXT EXPECTED-UNIX.TXT","lastModifiedDate":"2020-05-25","isFullCredit":false},{"lineNumber":28,"author":{"gitId":"-"},"content":"","lastModifiedDate":"2020-05-25","isFullCredit":false},{"lineNumber":29,"author":{"gitId":"-"},"content":"# compare the output to the expected output","lastModifiedDate":"2020-05-25","isFullCredit":false},{"lineNumber":30,"author":{"gitId":"-"},"content":"diff ACTUAL.TXT EXPECTED-UNIX.TXT","lastModifiedDate":"2020-05-25","isFullCredit":false},{"lineNumber":31,"author":{"gitId":"-"},"content":"if [ $? -eq 0 ]","lastModifiedDate":"2020-05-25","isFullCredit":false},{"lineNumber":32,"author":{"gitId":"-"},"content":"then","lastModifiedDate":"2020-05-25","isFullCredit":false},{"lineNumber":33,"author":{"gitId":"-"},"content":"    echo \"Test result: PASSED\"","lastModifiedDate":"2020-05-25","isFullCredit":false},{"lineNumber":34,"author":{"gitId":"-"},"content":"    exit 0","lastModifiedDate":"2020-05-25","isFullCredit":false},{"lineNumber":35,"author":{"gitId":"-"},"content":"else","lastModifiedDate":"2020-05-25","isFullCredit":false},{"lineNumber":36,"author":{"gitId":"-"},"content":"    echo \"Test result: FAILED\"","lastModifiedDate":"2020-05-25","isFullCredit":false},{"lineNumber":37,"author":{"gitId":"-"},"content":"    exit 1","lastModifiedDate":"2020-05-25","isFullCredit":false},{"lineNumber":38,"author":{"gitId":"-"},"content":"fi","lastModifiedDate":"2020-05-25","isFullCredit":false}],"authorContributionMap":{"AnWe11":1,"-":37}}]
