{"authorDailyContributionsMap":{"ceilingFan456":[{"date":"2025-01-20","commitResults":[{"hash":"da9d51cbae6ec35cdba9a4dbe75c18d02ceab965","isMergeCommit":false,"messageTitle":"Rename Duke to Paimon","messageBody":"","tags":["Level-0"],"fileTypesAndContributionMap":{"java":{"insertions":16,"deletions":10}}},{"hash":"a9c609e96ae6d1888951147d285882bf58c0a6f5","isMergeCommit":false,"messageTitle":"Add ability to repeat words.","messageBody":"","tags":["Level-1"],"fileTypesAndContributionMap":{"java":{"insertions":24,"deletions":1}}},{"hash":"2efddeeef66321067a02e7eeb5a2f4785165fa56","isMergeCommit":false,"messageTitle":"Add item list to keep track of user inputs.","messageBody":"","tags":["Level-2"],"fileTypesAndContributionMap":{"java":{"insertions":17,"deletions":1}}},{"hash":"a2244be069e0ece97ea18712e2428b256f4a2753","isMergeCommit":false,"messageTitle":"Add feature to mark and unmark tasks.","messageBody":"","tags":["Level-3"],"fileTypesAndContributionMap":{"java":{"insertions":37,"deletions":20}}},{"hash":"3a1ab948e3c77e3db448be91347557fe6ba3e798","isMergeCommit":false,"messageTitle":"Add Todo, Deadline, Event classes.","messageBody":"","tags":["Level-4"],"fileTypesAndContributionMap":{"java":{"insertions":110,"deletions":13}}},{"hash":"e8ff9eddbf942db20b3672c763fbf3bd1b33a560","isMergeCommit":false,"messageTitle":"Add text-ui-test scripts","messageBody":"","tags":["A-TextUiTesting"],"fileTypesAndContributionMap":{"txt":{"insertions":13,"deletions":0},"sh":{"insertions":2,"deletions":2}}}]},{"date":"2025-01-21","commitResults":[{"hash":"6332e122ae1b766b3d668962f6bb2a5df0adebf0","isMergeCommit":false,"messageTitle":"Handle user invalid inputs with exceptions.","messageBody":"","tags":["Level-5"],"fileTypesAndContributionMap":{"java":{"insertions":95,"deletions":65}}},{"hash":"9a695eb5b3400b56a06f533891636633d3e47f1d","isMergeCommit":false,"messageTitle":"Add delete function.","messageBody":"","tags":["Level-6"],"fileTypesAndContributionMap":{"java":{"insertions":11,"deletions":1}}},{"hash":"5f4ac08007c1bd482181e461ea66b15270d59ef0","isMergeCommit":false,"messageTitle":"Done with saving items to file and loading at the start","messageBody":"","fileTypesAndContributionMap":{"txt":{"insertions":13,"deletions":0},"java":{"insertions":97,"deletions":3}}},{"hash":"d7137d5b83ec0bbe08126c1ea6a2a4b31f5d846b","isMergeCommit":true,"messageTitle":"Merge branch \u0027branch-Level-7\u0027","messageBody":"","tags":["Level-7"],"fileTypesAndContributionMap":{}}]},{"date":"2025-01-22","commitResults":[{"hash":"18f02041e9d9f8ae4966f63b73601353f87379bd","isMergeCommit":false,"messageTitle":"Done with adding date time parser","messageBody":"","fileTypesAndContributionMap":{"txt":{"insertions":2,"deletions":2},"java":{"insertions":22,"deletions":13}}},{"hash":"b43bd16dbbd3bd281db98ad6948f064de4097aa5","isMergeCommit":true,"messageTitle":"Merge branch \u0027Level-8\u0027","messageBody":"","tags":["Level-8"],"fileTypesAndContributionMap":{}}]},{"date":"2025-01-24","commitResults":[{"hash":"2688fc4c9a076ce1e128b5f593041478233d0f1d","isMergeCommit":false,"messageTitle":"Have items folder","messageBody":"","fileTypesAndContributionMap":{"java":{"insertions":6,"deletions":0}}},{"hash":"0d84944f95003b2ebd2bf32d7f6e090d8c6b336e","isMergeCommit":false,"messageTitle":"Storage and Tasklist in progress","messageBody":"","fileTypesAndContributionMap":{"java":{"insertions":137,"deletions":74}}},{"hash":"a62226c289117ea13bebf48ff2dd2b69c7496744","isMergeCommit":false,"messageTitle":"Done with Storage and Tasklist","messageBody":"","fileTypesAndContributionMap":{"java":{"insertions":3,"deletions":7}}},{"hash":"5a207b483d4c8934cd024e9a67237d9e4040e8de","isMergeCommit":false,"messageTitle":"Parser, Command classes in progress","messageBody":"","fileTypesAndContributionMap":{"java":{"insertions":293,"deletions":140}}},{"hash":"2e20d0d45f38b2cca55be8f8e35804e7f27146fd","isMergeCommit":false,"messageTitle":"Done and tested OOP components.","messageBody":"","fileTypesAndContributionMap":{"java":{"insertions":5,"deletions":5}}},{"hash":"07e3316b05f77a140bf6344d0724fc2de177e988","isMergeCommit":true,"messageTitle":"Merge branch \u0027branch-A-MoreOOP\u0027","messageBody":"","tags":["A-MoreOOP"],"fileTypesAndContributionMap":{}}]},{"date":"2025-01-25","commitResults":[{"hash":"13b542242756b6b8313c606be152c3762e19fa19","isMergeCommit":false,"messageTitle":"Done with making paimon a package.","messageBody":"","fileTypesAndContributionMap":{"java":{"insertions":60,"deletions":58}}},{"hash":"e869ecfb7fbe597ecab85d849c9c3e78d4ce61dd","isMergeCommit":true,"messageTitle":"Merge branch \u0027branch-A-Packages\u0027","messageBody":"","tags":["A-Packages"],"fileTypesAndContributionMap":{}}]},{"date":"2025-01-27","commitResults":[{"hash":"b72068f41a9aec7e890d510e679d5f5365728bc7","isMergeCommit":true,"messageTitle":"Merge branch \u0027add-gradle-support\u0027","messageBody":"","fileTypesAndContributionMap":{}},{"hash":"0671823ceffbfd6e4ae6196ad40c27587bad11d1","isMergeCommit":false,"messageTitle":"Add gradle support","messageBody":"","tags":["A-Gradle"],"fileTypesAndContributionMap":{"gradle":{"insertions":2,"deletions":1}}}]},{"date":"2025-01-28","commitResults":[{"hash":"270697bc7a643024fe8f53d8460435b706eb122a","isMergeCommit":false,"messageTitle":"Add tests for Parser and TaskList classes. Add equal methods for commands and items","messageBody":"","fileTypesAndContributionMap":{"java":{"insertions":167,"deletions":1}}},{"hash":"9525e95544e3624a5bdb6b693506cfc02b114772","isMergeCommit":true,"messageTitle":"Merge branch \u0027branch-A-JUnit\u0027","messageBody":"","tags":["A-JUnit"],"fileTypesAndContributionMap":{}},{"hash":"788207513796856f4ab0d167310a87b3e8d7cbf8","isMergeCommit":false,"messageTitle":"Add jar file creation","messageBody":"","fileTypesAndContributionMap":{"gradle":{"insertions":3,"deletions":1}}},{"hash":"ed68200c9b19565b93657bf7b808773bb09eb70d","isMergeCommit":true,"messageTitle":"Merge branch \u0027branch-A-Jar\u0027","messageBody":"","tags":["A-Jar"],"fileTypesAndContributionMap":{}},{"hash":"def87a20708468707c413cfb99757282546b2720","isMergeCommit":false,"messageTitle":"Check coding styles","messageBody":"","fileTypesAndContributionMap":{"java":{"insertions":49,"deletions":8}}},{"hash":"f73c57b81c234e40982390ed8b55a806cccd1416","isMergeCommit":false,"messageTitle":"Add javadoc for all public methods","messageBody":"","fileTypesAndContributionMap":{"java":{"insertions":65,"deletions":4}}},{"hash":"819e5f06e102d2b2ffbc01ff9ae6a0183b292afb","isMergeCommit":false,"messageTitle":"Add find command","messageBody":"","fileTypesAndContributionMap":{"java":{"insertions":55,"deletions":0}}},{"hash":"5614caea237db82c1c94692ad9f2e45c922687c6","isMergeCommit":true,"messageTitle":"Merge branch \u0027branch-A-JavaDoc\u0027","messageBody":"","tags":["A-JavaDoc"],"fileTypesAndContributionMap":{}},{"hash":"0740ee2db2cd46ce001153d2765d348ea1e22ea1","isMergeCommit":true,"messageTitle":"Merge branch \u0027branch-A-CodingStandard\u0027","messageBody":"","tags":["A-CodingStandard"],"fileTypesAndContributionMap":{}},{"hash":"9ed71e6bbe67de57975ef19d0c23146d8d68e7f4","isMergeCommit":true,"messageTitle":"Merge branch \u0027branch-Level-9\u0027","messageBody":"","tags":["Level-9"],"fileTypesAndContributionMap":{}}]},{"date":"2025-01-31","commitResults":[{"hash":"ff96cd22f66f82548224a71f02d840b84f570c4f","isMergeCommit":false,"messageTitle":"Update build.gradle","messageBody":"","fileTypesAndContributionMap":{"gradle":{"insertions":3,"deletions":0}}}]},{"date":"2025-02-02","commitResults":[{"hash":"f7e248f540f36ac2ee9a235085ec7532dc6d65fb","isMergeCommit":false,"messageTitle":"Remove trailing white space check","messageBody":"","fileTypesAndContributionMap":{"gradle":{"insertions":1,"deletions":0},"java":{"insertions":4,"deletions":5}}},{"hash":"2cdfe5d38be6ead73b22f918ad429995b0b72312","isMergeCommit":false,"messageTitle":"Add checkstyle and correct all formats","messageBody":"","tags":["A-CheckStyle"],"fileTypesAndContributionMap":{"java":{"insertions":103,"deletions":28}}}]}]},"authorFileTypeContributionMap":{"ceilingFan456":{"java":924,"md":0,"fxml":0,"sh":2,"bat":0,"gradle":9,"txt":26}},"authorContributionVariance":{"ceilingFan456":25578.354},"authorDisplayNameMap":{"ceilingFan456":"CS2103T-W09-3 HUAN..MING"}}
