{"authorDailyContributionsMap":{"xa0412":[{"date":"2025-01-18T00:00:00","commitResults":[{"hash":"5bf78fc0c9d943a50bf4ba1e36d8d477bee5ec28","isMergeCommit":false,"messageTitle":"Complete Level 0. Rename, Greet, Exit","messageBody":"","fileTypesAndContributionMap":{"java":{"insertions":9,"deletions":10}}},{"hash":"0d88ed728b5cd6fa4aa9b12f0a3cb260c43eed53","isMergeCommit":false,"messageTitle":"remove import","messageBody":"","tags":["Level-0"],"fileTypesAndContributionMap":{"java":{"insertions":0,"deletions":2}}},{"hash":"9043a424e59cefb5fdd3021bbcdb53f82608dc83","isMergeCommit":false,"messageTitle":"Complete Level 1. Echo","messageBody":"","fileTypesAndContributionMap":{"java":{"insertions":12,"deletions":1}}}]},{"date":"2025-01-19T00:00:00","commitResults":[{"hash":"74f2ce2138fc0b2a926eebef4eecdd3daff4b5ed","isMergeCommit":false,"messageTitle":"Update Class name and while loop","messageBody":"","tags":["Level-1"],"fileTypesAndContributionMap":{"java":{"insertions":6,"deletions":6}}},{"hash":"6ecbb5362eeffe2b91fa154ce9dad3da1da8c7c3","isMergeCommit":false,"messageTitle":"create method for showList and addList, also updated main method, donw with level 2. Add, List","messageBody":"","tags":["Level-2"],"fileTypesAndContributionMap":{"java":{"insertions":20,"deletions":2}}},{"hash":"38d32d5a0d3ac2f962ebd815da04b3fbd22e57ad","isMergeCommit":false,"messageTitle":"Done with Level3. Mark as done. Add new class Task to help with my main class (Xan) in task marking","messageBody":"","tags":["Level-3"],"fileTypesAndContributionMap":{"java":{"insertions":55,"deletions":6}}},{"hash":"5e79bb7dba28ace4d8accbc8cb99d23552e65d17","isMergeCommit":false,"messageTitle":"Done with Level 4. ToDos, Events, Deadlines. Added subclass todo, deadline and events to help with my main class (Xan)","messageBody":"","tags":["Level-4"],"fileTypesAndContributionMap":{"java":{"insertions":66,"deletions":3}}}]},{"date":"2025-01-20T00:00:00","commitResults":[{"hash":"9947ff6b2b6e4850221a421f18a5b651d3de0284","isMergeCommit":false,"messageTitle":"updated runtest.bat and runtest.sh file to change Duke to Xan. Test using the I/O redirection technique and make amendment (small replacement changer on Deadline.java) base on the test result","messageBody":"","tags":["A-TextUiTesting"],"fileTypesAndContributionMap":{"txt":{"insertions":4,"deletions":0},"java":{"insertions":4,"deletions":4},"bat":{"insertions":1,"deletions":1},"sh":{"insertions":1,"deletions":1}}},{"hash":"0cefd9f98631354ab0516c981d497a4ad3bd5cef","isMergeCommit":false,"messageTitle":"Done with Level 5. Handle Errors. Added a XanException class. modifify Xan class to catch exception Improve on the welcome message and create a function for welcome message to make the code more readerable.","messageBody":"","tags":["Level-5"],"fileTypesAndContributionMap":{"java":{"insertions":58,"deletions":26}}},{"hash":"f9a31a1a824e8128c7e734445883d1b9f21079ff","isMergeCommit":false,"messageTitle":"added Level 6. Delete function update welcome message to show the description of delete function","messageBody":"","tags":["Level-6"],"fileTypesAndContributionMap":{"java":{"insertions":12,"deletions":0}}},{"hash":"a2336fd4dcf85c9eb99986658988b29514b0efb1","isMergeCommit":false,"messageTitle":"Done with A-Enums, use Enum to store todo, event, deadline task type update Exception to display correct message base on different input. make other change to make the chatbot more useable.","messageBody":"","tags":["A-Enums"],"fileTypesAndContributionMap":{"java":{"insertions":60,"deletions":36}}}]},{"date":"2025-01-25T00:00:00","commitResults":[{"hash":"ef1c37926dfec850646846c954350577e73cef66","isMergeCommit":false,"messageTitle":"Deadline class: Update minor toString replacement Event class: Update minor toString replacement Xan class: Add loadTask function, Add saveTask function, Update addTask to addTaskMessage Add xan.txt","messageBody":"","fileTypesAndContributionMap":{"txt":{"insertions":3,"deletions":0},"java":{"insertions":117,"deletions":36}}},{"hash":"c43dbfdbd288fc1aad85bcc8a7b7a17dd09efb91","isMergeCommit":true,"messageTitle":"Merge branch \u0027branch-Level-7\u0027","messageBody":"","tags":["Level-7"],"fileTypesAndContributionMap":{}}]},{"date":"2025-01-26T00:00:00","commitResults":[{"hash":"080d5cda8f5a042badc4ed7fb3ebd66cf178bce0","isMergeCommit":false,"messageTitle":"Deadline class: Update date from type String to LocalDate Task class: Update LocalDate and toString method XanChatBot class: rename Xan to XanChatBot, updatedate from type String to LocalDate","messageBody":"","fileTypesAndContributionMap":{"txt":{"insertions":4,"deletions":2},"java":{"insertions":29,"deletions":11}}},{"hash":"ffa07fac14a4a3f0e92134039a0943acc4080acf","isMergeCommit":false,"messageTitle":"update xan.txt","messageBody":"","fileTypesAndContributionMap":{"txt":{"insertions":4,"deletions":2}}},{"hash":"2229d3058876206758605faf8b316da0fd087857","isMergeCommit":true,"messageTitle":"Merge branch \u0027branch-Level-8\u0027","messageBody":"","tags":["Level-8"],"fileTypesAndContributionMap":{}},{"hash":"4da145b21cbc0739cfd29ad505e94cc01484913f","isMergeCommit":false,"messageTitle":"Ui class: Add ui add to handle user interface message TaskManager class: Add taskManger to handle the function of the type XanChatBot class: Update the class to make it more OOP","messageBody":"","tags":["A-MoreOOP"],"fileTypesAndContributionMap":{"txt":{"insertions":1,"deletions":3},"java":{"insertions":231,"deletions":201}}},{"hash":"d19904c95eb86d87ee7d132cf3647f291341a322","isMergeCommit":false,"messageTitle":"Orignize my XanChatBot project into suitable java packages","messageBody":"","tags":["A-Packages"],"fileTypesAndContributionMap":{"txt":{"insertions":1,"deletions":1},"java":{"insertions":22,"deletions":1}}},{"hash":"306e9ba46b0f5f0d0a4779ae623850dc3340b4e6","isMergeCommit":true,"messageTitle":"Merge branch \u0027add-gradle-support\u0027","messageBody":"","tags":["A-Gradle"],"fileTypesAndContributionMap":{}},{"hash":"293c565de4aff3d3c08095558f2b0176b82ecf31","isMergeCommit":false,"messageTitle":"TaskManagerTest: Add test for testAddTodoTask() and testAddEventTask()","messageBody":"","tags":["A-JUnit"],"fileTypesAndContributionMap":{"txt":{"insertions":2,"deletions":2},"java":{"insertions":51,"deletions":0}}},{"hash":"faffdba78c9560d3f0d11a94a6d3f030c7af4e0e","isMergeCommit":false,"messageTitle":"TaskManagerTest class: Update to get the correct test case build.gradle: Update settings","messageBody":"","tags":["A-Jar"],"fileTypesAndContributionMap":{"gradle":{"insertions":4,"deletions":4},"java":{"insertions":8,"deletions":5}}},{"hash":"ef2e0c6f5148bc66547e087d019256376a2a0c96","isMergeCommit":false,"messageTitle":"Add JavaDoc for all class and function Update CodeStandard","messageBody":"","tags":["A-JavaDoc","A-CodingStandard"],"fileTypesAndContributionMap":{"java":{"insertions":244,"deletions":98},"bat":{"insertions":1,"deletions":1}}},{"hash":"485c926e2db09d42eff2235403b5b99bad60bafa","isMergeCommit":false,"messageTitle":"XanChatBot class: Add condition for search function TaskManager class:  Add searchTask() and JavaDoc Update build.gradle after changing Xan package to xan package","messageBody":"","tags":["Level-9"],"fileTypesAndContributionMap":{"gradle":{"insertions":2,"deletions":2},"txt":{"insertions":1,"deletions":1},"java":{"insertions":45,"deletions":2}}},{"hash":"c98cc3358a5354ef1df35dd835799f25456acee3","isMergeCommit":false,"messageTitle":"Update Ui class JavaDoc","messageBody":"","fileTypesAndContributionMap":{"java":{"insertions":11,"deletions":0}}},{"hash":"f221723ae392be9b852595638ac006cd019b295b","isMergeCommit":true,"messageTitle":"Merge branch \u0027branch-Level-9\u0027","messageBody":"","fileTypesAndContributionMap":{}}]},{"date":"2025-01-27T00:00:00","commitResults":[{"hash":"0e215560c3f387a7a420310c30692b0a40293332","isMergeCommit":false,"messageTitle":"Update JavaDoc for XanException class","messageBody":"","fileTypesAndContributionMap":{"java":{"insertions":3,"deletions":0}}},{"hash":"bcceaf92374c12582ad7557a8f5ed7702f1aec09","isMergeCommit":true,"messageTitle":"Merge branch \u0027branch-A-CodingStandard\u0027","messageBody":"","fileTypesAndContributionMap":{}}]},{"date":"2025-02-05T00:00:00","commitResults":[{"hash":"d32cecf19d16c865c8172ad6a618f366e001c303","isMergeCommit":false,"messageTitle":"Update build.gradle Add checkstyle.xml and supressions.xml for GUI Add DialogBox.java, Launcher.java and MainWindow.java Add DialogBox.fxml and MainWindow.fxml Add DaDuke.png and DaUser.png Update TaskManager class and XanChatBot class to implement GUI","messageBody":"","fileTypesAndContributionMap":{"txt":{"insertions":1,"deletions":2},"fxml":{"insertions":28,"deletions":0},"java":{"insertions":115,"deletions":80}}},{"hash":"fe58666d927672c4b2e8b6ccd79a7ed4b36f0933","isMergeCommit":false,"messageTitle":"Update build.gradle Add checkstyle.xml and supressions.xml for GUI Add DialogBox.java, Launcher.java and MainWindow.java Add DialogBox.fxml and MainWindow.fxml Add DaDuke.png and DaUser.png Update TaskManager class and XanChatBot class to implement GUI","messageBody":"","tags":["Level-10"],"fileTypesAndContributionMap":{"gradle":{"insertions":21,"deletions":2},"txt":{"insertions":1,"deletions":2},"fxml":{"insertions":68,"deletions":20},"java":{"insertions":328,"deletions":149}}},{"hash":"31dc976eb390c88bf5c6ad24bc60bb6627a6c76c","isMergeCommit":true,"messageTitle":"Merge branch \u0027branch-Level-10\u0027","messageBody":"","fileTypesAndContributionMap":{}},{"hash":"96df8ba5865da7166ffff02982b02bfcb7f2e711","isMergeCommit":false,"messageTitle":"Update TaskManagerTest.java Update Event.java, change field from protected to private","messageBody":"","fileTypesAndContributionMap":{"java":{"insertions":4,"deletions":4}}},{"hash":"3674b8bf8ef78e573b3b4cdfc06f73425c698727","isMergeCommit":false,"messageTitle":"Update Task class: change fields to privates Add A-checkStyle tag","messageBody":"","tags":["A-CheckStyle"],"fileTypesAndContributionMap":{"java":{"insertions":3,"deletions":3}}}]},{"date":"2025-02-10T00:00:00","commitResults":[{"hash":"bafffead008deb05abb80d0f8f14925817c06f05","isMergeCommit":false,"messageTitle":"test: add assertions to TaskManager.java and XanChatBot.java This commit introduces assertions in `TaskManager.java` and `XanChatBot.java` to verify key assumptions and ensure the correctness of the code during runtime.","messageBody":"Changes include:\n- Added assertions in `TaskManager.java` to verify task validity (e.g., loadTask(), case for Dealline and Event, saveTask()).\n- Added assertions in `XanChatBot.java` to validate input parameters and expected behavior during interaction with the chatbot.\n\nThese assertions will help identify potential issues early during testing and ensure data integrity within the application.\n","tags":["A-FullCommitMessage","A-Assertions"],"fileTypesAndContributionMap":{"java":{"insertions":7,"deletions":0}}},{"hash":"b81b6e26aad48fe44a95b3f1af9f5869a171d1ab","isMergeCommit":true,"messageTitle":"Merge pull request #2 from xa0412/branch-A-Assertions","messageBody":"test: add assertions to TaskManager.java and XanChatBot.java","fileTypesAndContributionMap":{}},{"hash":"e9c6ab152caba3a778ef3f25dd4c08f8f6d291ba","isMergeCommit":true,"messageTitle":"Merge branch \u0027master\u0027 of https://github.com/xa0412/ip","messageBody":"","fileTypesAndContributionMap":{}},{"hash":"3eee83e3f029b79dc51d7a4fe5fe2555d6738b62","isMergeCommit":false,"messageTitle":"Refactor: Improve code quality in TaskManager.java and XanChatBot.java This commit refactors TaskManager.java and XanChatBot to improve code quality, readability, and maintainability.","messageBody":"Changes include:\n-Refactored logic in methods like enum TaskType, addTask(), showTask() and searchTask() to improve clarity and reduce duplication.\n-Enhanced method descriptions and added inline comments for better understanding of the code.\n-Improved consistency and readability of conditionals\n\nThese changes aim to streamline task management, enhance code readability, and ensure that tasks are handled efficiently with minimal redundancy.\n","tags":["A-CodeQuality"],"fileTypesAndContributionMap":{"java":{"insertions":17,"deletions":22}}},{"hash":"34fcef190a12ac95ef8a9afc72354dc2f8b226af","isMergeCommit":true,"messageTitle":"Merge branch \u0027branch-A-CodeQuality\u0027","messageBody":"","tags":["C-BetterSearch"],"fileTypesAndContributionMap":{}},{"hash":"73f280dd5d894182509ca0cd1d28a60490879746","isMergeCommit":false,"messageTitle":"Update TaskManager.java on codeQuality -Update constant variables using SCREAMING_SNAKE_CASE","messageBody":"","fileTypesAndContributionMap":{"java":{"insertions":20,"deletions":20}}}]},{"date":"2025-02-13T00:00:00","commitResults":[{"hash":"370192c351b116465a858b1f414c7967cc022825","isMergeCommit":false,"messageTitle":"Update TaskManager and XanChatBot class message.","messageBody":"","tags":["BCD-Extension"],"fileTypesAndContributionMap":{"java":{"insertions":5,"deletions":5}}}]},{"date":"2025-02-17T00:00:00","commitResults":[{"hash":"209331fbf827dbcb417386c0977ccc1d8e05078e","isMergeCommit":false,"messageTitle":"Update User.png and Xan.png to enhance UI consistency and improve user experience","messageBody":"Replace the existing user profile avatar with a more visually appealing, gender-neutral design.\nEnsure better alignment with the chatbot’s futuristic theme.\nAdjust brightness and styling for a more balanced and user-friendly interface.\n","tags":["A-Personality"],"fileTypesAndContributionMap":{"java":{"insertions":2,"deletions":2}}},{"hash":"51fed002ab37db57d7338b66d9b5990ba88f7eef","isMergeCommit":false,"messageTitle":"Update boolean found field to isFound field to sound like booleans Update method name loadTask() to loadTaskFromFile() for meaniful naming","messageBody":"","fileTypesAndContributionMap":{"java":{"insertions":5,"deletions":5}}},{"hash":"bca2362e92b4cfde21e59b6e0139775037a694d7","isMergeCommit":false,"messageTitle":"Update MainWindow class: giving credit for reused work","messageBody":"","fileTypesAndContributionMap":{"java":{"insertions":5,"deletions":0}}},{"hash":"5b2c96764289426353cb438b3b903ee5f2d73fac","isMergeCommit":false,"messageTitle":"Main.java: Add setTitle() to get title of the application window","messageBody":"","fileTypesAndContributionMap":{"java":{"insertions":1,"deletions":0}}},{"hash":"772b4778ba59a4c87fd0c33a45294df270c7231d","isMergeCommit":false,"messageTitle":"Update Ui.java to improve GUI","messageBody":"","tags":["A-BetterGui"],"fileTypesAndContributionMap":{"java":{"insertions":31,"deletions":29}}}]},{"date":"2025-02-18T00:00:00","commitResults":[{"hash":"9f3cc7ef2ee8c915a21baf316ce0d7b8aeb71ec9","isMergeCommit":false,"messageTitle":"Update Ui class: Correctly discribed the command message to allow user to input commond","messageBody":"","fileTypesAndContributionMap":{"java":{"insertions":2,"deletions":2}}},{"hash":"c67d28ec7125cb59fe59008fe9ad738ee38654cb","isMergeCommit":false,"messageTitle":"TaskMaanger class: Fix bug where application does not compile after getting date from deadline tasks Ui class: Update command message for better user interface XanChatBot class: Update error message after input incorrect input Add Ui.png to set up product website","messageBody":"","fileTypesAndContributionMap":{"txt":{"insertions":3,"deletions":1},"java":{"insertions":19,"deletions":14}}},{"hash":"2e8f37c7fd3b827e73b4ea0400932eba0597afed","isMergeCommit":true,"messageTitle":"Merge branch \u0027DeadlineEdit\u0027","messageBody":"","fileTypesAndContributionMap":{}},{"hash":"6f028634847ef2ed0a4b101825e5d5847f5d93d5","isMergeCommit":false,"messageTitle":"Update README.md to add a user guide for my XanChatBot","messageBody":"","tags":["A-UserGuide"],"fileTypesAndContributionMap":{"txt":{"insertions":0,"deletions":3},"md":{"insertions":79,"deletions":14}}},{"hash":"6324335a192ff25694bef91be7c275a0cf40169d","isMergeCommit":false,"messageTitle":"Update README.md to the correct path so that image could abe shown","messageBody":"","fileTypesAndContributionMap":{"md":{"insertions":1,"deletions":1}}},{"hash":"dd39ee379d02a8bd1303960c2e9894630418047d","isMergeCommit":false,"messageTitle":"Update TaskManager class: Make LIST_ARRAY be be non-static Update Ui class: Update welcome message Update TaskManagerTest class: Test 4 method using JUnit Update EXPECTED.TXT and input.txt to provide a correct message","messageBody":"","fileTypesAndContributionMap":{"txt":{"insertions":1,"deletions":1},"java":{"insertions":51,"deletions":12}}}]},{"date":"2025-02-19T00:00:00","commitResults":[{"hash":"0a3e0afc5db5a617a08ef25c36054b213c319892","isMergeCommit":false,"messageTitle":"Update XanChatBot class by making file path to provide a runtime-accessible path Update TaskManager class by update saveTask() to expect a runtime-accessible path","messageBody":"","fileTypesAndContributionMap":{"txt":{"insertions":1,"deletions":1},"java":{"insertions":60,"deletions":40}}},{"hash":"c0faaa1b4cb3fd0ca6b9d86ea3689b57dd8ee6f2","isMergeCommit":true,"messageTitle":"Merge branch \u0027Branch-JarFile\u0027","messageBody":"","tags":["A-Release"],"fileTypesAndContributionMap":{}},{"hash":"9c02ce080485209291ff214642ee3a9a80c21a16","isMergeCommit":false,"messageTitle":"Update XanChatBot: Remove unuse import","messageBody":"","fileTypesAndContributionMap":{"java":{"insertions":0,"deletions":1}}},{"hash":"27f512c2e2f02bd0c4caf663c949460d97b1264a","isMergeCommit":true,"messageTitle":"Merge branch \u0027branch-Improve-UI\u0027","messageBody":"","fileTypesAndContributionMap":{}},{"hash":"0180c9c7200a531189f9b75b6582cce469ce607a","isMergeCommit":false,"messageTitle":"Ui.java: Remove supressWarning","messageBody":"","fileTypesAndContributionMap":{"java":{"insertions":0,"deletions":1}}},{"hash":"6d248a9014351ec4b8fd03c948ec20388fc65121","isMergeCommit":false,"messageTitle":"Update Ui.java: Improve java Doc","messageBody":"","fileTypesAndContributionMap":{"java":{"insertions":2,"deletions":2}}},{"hash":"535aded4305df45920abbe25fed990b89313de3c","isMergeCommit":false,"messageTitle":"Update Ui.java: Imporve javaDoc","messageBody":"","fileTypesAndContributionMap":{"java":{"insertions":1,"deletions":1}}},{"hash":"6a551678a864ade4e4d7e2b57f66782af11a79fe","isMergeCommit":false,"messageTitle":"Update Gui for betterGui","messageBody":"","fileTypesAndContributionMap":{"txt":{"insertions":2,"deletions":0},"fxml":{"insertions":13,"deletions":48},"java":{"insertions":10,"deletions":1},"md":{"insertions":51,"deletions":23}}},{"hash":"7e8c0d9d902f0f672cf69e15d58be841a8d78359","isMergeCommit":true,"messageTitle":"Merge branch \u0027branch-improve-GUI\u0027","messageBody":"","tags":["A-EvenBetterGui"],"fileTypesAndContributionMap":{}}]}]},"authorFileTypeContributionMap":{"xa0412":{"java":918,"md":102,"fxml":41,"sh":1,"bat":1,"gradle":23,"txt":6}},"authorContributionVariance":{"xa0412":40932.543},"authorDisplayNameMap":{"xa0412":"CS2103T-T13-3 XIAO..O AO"}}
