{"authorDailyContributionsMap":{"kaungzinye":[{"date":"2025-01-23","commitResults":[{"hash":"07611e438ed072abe3668fcd0178ffb4556fe3fc","isMergeCommit":false,"messageTitle":"Finished level 0","messageBody":"","tags":["Level-0"],"fileTypesAndContributionMap":{"java":{"insertions":11,"deletions":10},"bat":{"insertions":1,"deletions":1},"md":{"insertions":3,"deletions":3}}},{"hash":"04610d2281ddb119691093a890bfeb832132bcac","isMergeCommit":false,"messageTitle":" Please enter the commit message for your changes. Lines starting","messageBody":"","tags":["Level-1"],"fileTypesAndContributionMap":{"java":{"insertions":20,"deletions":7}}},{"hash":"02b142532225ad69433fb124b899cf507a4b37ed","isMergeCommit":false,"messageTitle":"LEvel 2","messageBody":"","tags":["Level-2"],"fileTypesAndContributionMap":{"java":{"insertions":16,"deletions":3}}}]},{"date":"2025-01-24","commitResults":[{"hash":"32278f7ca47f1140e715eab7db34bbd4cfd37aed","isMergeCommit":false,"messageTitle":"level-3","messageBody":"","fileTypesAndContributionMap":{"java":{"insertions":78,"deletions":3}}},{"hash":"672e93f6f2e0d8d267c2bd39193a0fc7958732b9","isMergeCommit":false,"messageTitle":"level-3 fix","messageBody":"","tags":["Level-3"],"fileTypesAndContributionMap":{"java":{"insertions":2,"deletions":3}}},{"hash":"9acaf633f023d989dadfeb4875b698c4ffe76a26","isMergeCommit":false,"messageTitle":"Level-4","messageBody":"","tags":["Level-4"],"fileTypesAndContributionMap":{"java":{"insertions":83,"deletions":7}}},{"hash":"95d7ba2ea5f8ee17e48532e35cd63db2c67b4094","isMergeCommit":false,"messageTitle":"UI testing","messageBody":"","tags":["Level-6","Level-5","A-TextUiTesting"],"fileTypesAndContributionMap":{"txt":{"insertions":3,"deletions":0}}}]},{"date":"2025-01-31","commitResults":[{"hash":"c8375ab6ec08e13566737bda2c3e807a5251f96a","isMergeCommit":false,"messageTitle":"Level 7: Save tasks to disk and load on startup","messageBody":"This commit implements the following features and improvements:\n\n- **Save tasks to disk**: The task list is automatically saved to the hard disk whenever it changes. This ensures that the tasks are persisted between sessions.\n- **Load tasks from disk**: The tasks are loaded from the hard disk when the chatbot starts up. This allows the chatbot to resume from where it left off.\n- **File path handling**: The file paths are specified using relative paths and in an OS-independent way to ensure compatibility across different operating systems.\n- **Folder and file creation**: The code handles the case where the data file or the required folder does not exist at the start. This ensures that the chatbot can be run on a new computer without issues.\n- **Data file corruption handling**: The code includes basic handling for the situation where the data file is corrupted (i.e., content not in the expected format) by throwing IO errors.\n\nAdditionally, the project structure has been restructured to better organize the code and resources.\n\nExample of the data file format as given in the task requirements:\nT | 1 | read book\nD | 0 | return book | June 6th\nE | 0 | project meeting | Aug 6th 2-4pm\nT | 1 | join sports club\n\nThis change improves the stability and usability of the application by ensuring that tasks are persisted and loaded correctly.\n","fileTypesAndContributionMap":{"txt":{"insertions":0,"deletions":0},"java":{"insertions":443,"deletions":187}}},{"hash":"f80d4e526c4e0b1b711008d4d76a232f9e833316","isMergeCommit":true,"messageTitle":"Merge branch \u0027branch-level-7\u0027 Merge branch \u0027branch-Level-7\u0027 into master","messageBody":"This merge integrates the changes from `branch-Level-7` into the `master` branch. The changes include:\n\n- Saving tasks to disk and loading them on startup.\n- Handling file paths in an OS-independent way.\n- Creating necessary folders and files if they do not exist.\n- Basic handling for corrupted data files.\n- Restructuring the project folder for better organization.\n\nThis merge ensures that the `master` branch has the latest features and improvements from `branch-Level-7`.\n","tags":["Level-7"],"fileTypesAndContributionMap":{}}]},{"date":"2025-02-03","commitResults":[{"hash":"d27f9bbd04ecb6068bf792f9887d4d17f149a051","isMergeCommit":false,"messageTitle":"Implement Level 8: Dates and Times, and Automated Testing","messageBody":"- Teach the chatbot to understand dates and times for deadlines and events.\n- Store deadline dates as `java.time.LocalDateTime` in task objects.\n- Accept dates in `yyyy-MM-dd\u0027T\u0027HH:mm` format and print in `MMM dd yyyy HH:mm` format.\n- Add a command to print deadlines/events occurring on a specific date.\n- Implement a handler class to manage task creation functions.\n- Add automated text UI testing using I/O redirection technique.\n- Test functionalities including creating, marking, unmarking, deleting tasks, and handling invalid dates.\n","fileTypesAndContributionMap":{"txt":{"insertions":14,"deletions":0},"java":{"insertions":36,"deletions":1},"bat":{"insertions":2,"deletions":2},"sh":{"insertions":6,"deletions":2}}},{"hash":"30121304accbbea71988a2e8d4751ba7e9c4a32b","isMergeCommit":false,"messageTitle":"Implement Level 8: Dates and Times, and Automated Testing","messageBody":"- Teach the chatbot to understand dates and times for deadlines and events.\n- Store deadline dates as `java.time.LocalDateTime` in task objects.\n- Accept dates in `yyyy-MM-dd\u0027T\u0027HH:mm` format and print in `MMM dd yyyy HH:mm` format.\n- Add a command to print deadlines/events occurring on a specific date.\n- Implement a handler class to manage task creation functions.\n- Add automated text UI testing using I/O redirection technique.\n- Test functionalities including creating, marking, unmarking, deleting tasks, and handling invalid dates.\n","fileTypesAndContributionMap":{"java":{"insertions":175,"deletions":133},"md":{"insertions":4,"deletions":4}}},{"hash":"e99f082a65294cf2550ce0c2f9a124365143630e","isMergeCommit":true,"messageTitle":"Merge branch-Level-8","messageBody":"","tags":["Level-8"],"fileTypesAndContributionMap":{}},{"hash":"34322eb23204c39ac39bade2a4b2135d66377471","isMergeCommit":false,"messageTitle":"Refactor: Extract task management logic into TaskList class","messageBody":"- Created TaskList class to handle addition, deletion, and retrieval of tasks.\n- Updated Storage class to use TaskList for task operations.\n- Modified Parser class to work with TaskList instead of ArrayList\u003cTask\u003e.\n- Updated GojoSatoru class to initialize and use TaskList.\n","fileTypesAndContributionMap":{"java":{"insertions":285,"deletions":161}}},{"hash":"40ac7ef4cd327dabaf9e56b9b33b9a9aa16aeaeb","isMergeCommit":true,"messageTitle":"Merge branch \u0027A-MoreOOP\u0027 Merge","messageBody":"","tags":["A-Packages","A-MoreOOP"],"fileTypesAndContributionMap":{}},{"hash":"e673bb297dc9886370699551416441bf383b2375","isMergeCommit":true,"messageTitle":"Merge remote-tracking branch \u0027origin/add-gradle-support\u0027 Merging add-gradle-support into master branch","messageBody":"","tags":["A-Gradle"],"fileTypesAndContributionMap":{}},{"hash":"e357afa2220cf2524392bbbb6d0b4139f1ed3d2c","isMergeCommit":false,"messageTitle":"Added Junit Tests","messageBody":"","tags":["A-JUnit"],"fileTypesAndContributionMap":{"java":{"insertions":185,"deletions":0}}}]},{"date":"2025-02-07","commitResults":[{"hash":"b1801f0430f4d4b3c2c19725917957aa2b1ef6a7","isMergeCommit":false,"messageTitle":"A-Jar, added jar creation functionality","messageBody":"","tags":["A-Jar"],"fileTypesAndContributionMap":{"gradle":{"insertions":3,"deletions":2},"java":{"insertions":0,"deletions":1}}},{"hash":"66f2764c33e74e435c0d2c850a0551ef95a3c6dc","isMergeCommit":false,"messageTitle":"Add header comments to non-private classes and methods","messageBody":"- Added header comments to non-private classes and methods to all classes\n","tags":["A-JavaDoc"],"fileTypesAndContributionMap":{"gradle":{"insertions":25,"deletions":0},"java":{"insertions":438,"deletions":63}}},{"hash":"8fcca9cc07c5872ab8ff85c27c5b8cfb748bea39","isMergeCommit":true,"messageTitle":"Merge branch","messageBody":"","fileTypesAndContributionMap":{}},{"hash":"d4f5c74d3d32ee0c2b738a244332863532c76dcb","isMergeCommit":false,"messageTitle":"Coding Standards","messageBody":"","fileTypesAndContributionMap":{"gradle":{"insertions":16,"deletions":0},"java":{"insertions":494,"deletions":461}}},{"hash":"ee552c4416fde2381e2fdd72d38720ec355a094f","isMergeCommit":true,"messageTitle":"Merge branch \u0027branch-A-CodingStandards\u0027","messageBody":"merge\n","tags":["A-CodingStandard"],"fileTypesAndContributionMap":{}},{"hash":"75c1eb35df011902e87519870d61504c0bb97010","isMergeCommit":false,"messageTitle":" Implemented level-9 Find","messageBody":"","fileTypesAndContributionMap":{"java":{"insertions":482,"deletions":378}}},{"hash":"34ee003279e0e5cfae0e16649f62f5b2fb02c289","isMergeCommit":true,"messageTitle":"Manual merge with conflict resolution","messageBody":"","tags":["Level-9","A-CheckStyle"],"fileTypesAndContributionMap":{}}]},{"date":"2025-02-10","commitResults":[{"hash":"060909ff531e1e39320ae5c8ded9c31eb30252f7","isMergeCommit":false,"messageTitle":"feat: add JavaFX GUI to chatbot and update tests","messageBody":"- Implement JavaFX GUI for the chatbot application\n- Update  method to check for missing start and end times\n- Fix test cases to match the expected error messages\n- Correct expected message in\n- Ensure correct error message for invalid task indices\n- Adjust  to match actual output\n- Update  with additional test cases for GUI-related changes\n","fileTypesAndContributionMap":{"gradle":{"insertions":45,"deletions":8},"fxml":{"insertions":66,"deletions":0},"java":{"insertions":530,"deletions":126}}},{"hash":"01f8bb2b6f3ea746e6c51730df8d4e887eda9a48","isMergeCommit":true,"messageTitle":"Merge branch \u0027branch-Level-10\u0027 Merge branch \u0027feature/javafx-gui\u0027 into master","messageBody":"- Implement JavaFX GUI for the chatbot application\n- Update `handleEvents` method to check for missing start and end times\n- Fix test cases to match the expected error messages\n- Correct expected message in `testTaskNotFoundShowsError`\n- Ensure correct error message for invalid task indices\n- Adjust `testSpecialCharacterTask` to match actual output\n- Update `MainTest` with additional test cases for GUI-related changes\n","tags":["Level-10"],"fileTypesAndContributionMap":{}}]},{"date":"2025-02-13","commitResults":[{"hash":"20039348111ee3db4652caa3dac07551488f02a2","isMergeCommit":false,"messageTitle":"Adding VarArgs by refactoring handleFind and findTasks; update unit tests","messageBody":"The handleFind and findTasks functions now implement varargs.\n\nAdditionally, unit tests have been updated to align with these changes, ensuring comprehensive test coverage and validating the refactored functions\u0027 behavior.\n\nThis refactoring enhances the codebase\u0027s modularity and simplifies future updates or feature additions.\n","tags":["A-Varargs"],"fileTypesAndContributionMap":{"java":{"insertions":16,"deletions":10}}},{"hash":"743c9d8bb1dfbceb60ba52e259cbaa466131d60c","isMergeCommit":false,"messageTitle":"MainTest.java: fix Checkstyle violations","messageBody":"Reordered imports to follow Checkstyle\u0027s CustomImportOrder rules.\nWrapped long lines exceeding 120 characters to comply with line length restrictions.\n\nThese changes ensure code adheres to the project\u0027s style guidelines, improving readability and maintainability.\n\nNo functional changes were made.\n","tags":["A-FullCommitMessage","A-Assertions"],"fileTypesAndContributionMap":{"java":{"insertions":115,"deletions":67}}},{"hash":"8485725574bfa24319fb0d4a36b2942979ddc574","isMergeCommit":false,"messageTitle":"A-Assertions: add assertions and fix test directory","messageBody":"Added assertions in MainTest.java and other chatbot files to ensure correctness.\n\nFixed MainTest.java placement by adding it to the testdirectory folder, ensuring proper test organization.\n","fileTypesAndContributionMap":{"java":{"insertions":10,"deletions":1}}},{"hash":"49c56703f07ddc64447df62e2d09a43aefa2f9f4","isMergeCommit":true,"messageTitle":"Merge pull request #3 from kaungzinye/branch-A-Assertions","messageBody":" A-Assertions Add Assertions \u0026 Fix Test Directory Structure","fileTypesAndContributionMap":{}}]},{"date":"2025-02-14","commitResults":[{"hash":"0185533321ffd42c114cab578cbd5dabdfdd01d5","isMergeCommit":false,"messageTitle":"MissingArgumentException: remove repeated strings","messageBody":"Refactored MissingArgumentException to eliminate repeated strings, improving code readability and maintainability.\n","fileTypesAndContributionMap":{"java":{"insertions":4,"deletions":2}}},{"hash":"f12716cd90ebd4d6e13276d71e2c71a172945f97","isMergeCommit":true,"messageTitle":"Merge pull request #4 from kaungzinye/branch-A-CodeQuality","messageBody":"A-CodingQuality","tags":["A-CodeQuality"],"fileTypesAndContributionMap":{}},{"hash":"2131f955d380c83326fecfc796269097ed77f4dc","isMergeCommit":false,"messageTitle":"Fix CI/CD: Ensure cursedEnergy.txt exists before tests","messageBody":"","fileTypesAndContributionMap":{"java":{"insertions":69,"deletions":55}}},{"hash":"b016749bafebf982161d846cbfd1e6ef504b1544","isMergeCommit":false,"messageTitle":"C-DetectDuplicates: Handle duplicate tasks","messageBody":"Add functionality to detect and manage duplicate tasks before adding them.\nThis prevents multiple identical tasks from being added to the task list.\n\nChanges:\n- Added `findDuplicate` method in `TaskList` to check for existing tasks.\n- Implemented `handleDuplicate` in `Command` to prompt users before adding duplicates.\n- Updated `setNextInput` in `Ui` to improve command parsing for test cases.\n\nThis enhancement improves task list integrity and ensures users are notified of duplicate entries.\n","tags":["BCD-Extension"],"fileTypesAndContributionMap":{"java":{"insertions":36,"deletions":1}}}]},{"date":"2025-02-22","commitResults":[{"hash":"e563b7bd8055298b09da4104271b4559ca90cab9","isMergeCommit":false,"messageTitle":"Add More Personality To Bot-m","messageBody":"","fileTypesAndContributionMap":{"java":{"insertions":7,"deletions":7}}}]},{"date":"2025-02-24","commitResults":[{"hash":"9bf6f9e0297d26e63ca2c44b559b536b3fc59f79","isMergeCommit":false,"messageTitle":"Update README","messageBody":"","tags":["A-UserGuide"],"fileTypesAndContributionMap":{"md":{"insertions":102,"deletions":19}}},{"hash":"9d679e4dfc998f42940c47b2ec6a9934cf8e1443","isMergeCommit":false,"messageTitle":"Update README","messageBody":"","fileTypesAndContributionMap":{"md":{"insertions":1,"deletions":0}}},{"hash":"09567dce7159647d019d1222f810ee32346a60ea","isMergeCommit":false,"messageTitle":"Add Jar","messageBody":"","fileTypesAndContributionMap":{"gradle":{"insertions":1,"deletions":1}}},{"hash":"28c53e3b2ad867bc6a292aaa896fe0b211297460","isMergeCommit":false,"messageTitle":"Add formatting","messageBody":"","fileTypesAndContributionMap":{"java":{"insertions":0,"deletions":3}}},{"hash":"ee5811d1e05f790f012a108e20a90706ef63ff37","isMergeCommit":false,"messageTitle":"Add Final Jar","messageBody":"","fileTypesAndContributionMap":{"fxml":{"insertions":66,"deletions":0},"md":{"insertions":1,"deletions":0}}},{"hash":"cc46c77e0bf2179a806a3f5044bf7a7fb3e9b4bc","isMergeCommit":false,"messageTitle":"Add Final Jar","messageBody":"","fileTypesAndContributionMap":{"md":{"insertions":97,"deletions":16}}}]},{"date":"2025-03-01","commitResults":[{"hash":"dd965e32dc6889efc74c8477b4b0285843a60f19","isMergeCommit":false,"messageTitle":"Add Jar","messageBody":"","fileTypesAndContributionMap":{"gradle":{"insertions":15,"deletions":12},"java":{"insertions":1,"deletions":1}}}]},{"date":"2025-03-03","commitResults":[{"hash":"0019c01b1a67c050070ba93dd0d102c5a492d8df","isMergeCommit":false,"messageTitle":"Add Launcher workaround","messageBody":"","tags":["A-Release"],"fileTypesAndContributionMap":{"gradle":{"insertions":19,"deletions":1},"java":{"insertions":12,"deletions":0}}}]}]},"authorFileTypeContributionMap":{"kaungzinye":{"java":1841,"md":195,"fxml":132,"sh":6,"bat":2,"gradle":81,"txt":17}},"authorContributionVariance":{"kaungzinye":135405.77},"authorDisplayNameMap":{"kaungzinye":"CS2103T-F12-3 KAUN..AUNG"}}
