{"authorDailyContributionsMap":{"LonelyFort":[{"date":"2025-01-20","commitResults":[{"hash":"9dbc1081efa6845beafd4afe665a468997b0e96f","isMergeCommit":false,"messageTitle":"Rename Duke to Athena and implement greet","messageBody":"","tags":["Level-0"],"fileTypesAndContributionMap":{"java":{"insertions":36,"deletions":10},"bat":{"insertions":1,"deletions":1},"md":{"insertions":3,"deletions":3}}},{"hash":"7c62f64857d791d6f77498869b748917bba9f2c0","isMergeCommit":false,"messageTitle":"Add echo functionality to Athena","messageBody":"","tags":["Level-1"],"fileTypesAndContributionMap":{"java":{"insertions":28,"deletions":3}}},{"hash":"97c2c54e475d74f17d6a387378c53504b8d893d2","isMergeCommit":false,"messageTitle":"adding list function to Athena","messageBody":"","tags":["Level-2"],"fileTypesAndContributionMap":{"java":{"insertions":16,"deletions":1}}},{"hash":"4ddb23fec727df3625db9bbfa40b1d48a3297fee","isMergeCommit":false,"messageTitle":"Rename Athena to Angela and modify responses to inputs","messageBody":"","fileTypesAndContributionMap":{"java":{"insertions":165,"deletions":76},"bat":{"insertions":1,"deletions":1},"md":{"insertions":3,"deletions":3}}}]},{"date":"2025-01-21","commitResults":[{"hash":"04b8131203e71964754bc38d402da21b6c4a323b","isMergeCommit":false,"messageTitle":"change array to arraylist and added task class","messageBody":"","fileTypesAndContributionMap":{"java":{"insertions":57,"deletions":7}}}]},{"date":"2025-01-22","commitResults":[{"hash":"dbe773804167b98e07dfe9e865cb41e257d6a2f1","isMergeCommit":false,"messageTitle":"Implemented functionality of Angela to handle Todo Deadline and Event subtasks","messageBody":"","fileTypesAndContributionMap":{"txt":{"insertions":80,"deletions":0},"java":{"insertions":193,"deletions":62}}},{"hash":"aaf56cec62018a92e02edbb90dadca3cc44bb7db","isMergeCommit":false,"messageTitle":"added two different tests for Angela and added temporary error handling for check and uncheck functions","messageBody":"","fileTypesAndContributionMap":{"txt":{"insertions":0,"deletions":80},"java":{"insertions":35,"deletions":25},"bat":{"insertions":24,"deletions":3},"sh":{"insertions":5,"deletions":5}}},{"hash":"743c682c35ac359ec29a939b078679869c62764d","isMergeCommit":false,"messageTitle":"Added exception handling to Angela","messageBody":"","fileTypesAndContributionMap":{"java":{"insertions":131,"deletions":29}}},{"hash":"4ee03790797eab1d690ea213eac819ee0794a68f","isMergeCommit":false,"messageTitle":"Added delete functionality to Angela","messageBody":"","fileTypesAndContributionMap":{"java":{"insertions":10,"deletions":2}}}]},{"date":"2025-01-23","commitResults":[{"hash":"215bbc3e0117cf221f33e4a1418c5909438c1153","isMergeCommit":false,"messageTitle":"added Javadoc to Angela","messageBody":"","fileTypesAndContributionMap":{"java":{"insertions":65,"deletions":5}}}]}]},"authorFileTypeContributionMap":{"LonelyFort":{"java":512,"md":3,"fxml":0,"sh":5,"bat":6,"gradle":0,"txt":0}},"authorContributionVariance":{"LonelyFort":57832.855},"authorDisplayNameMap":{"LonelyFort":"LIU ..-WEI"}}
