{"authorDailyContributionsMap":{"yuqiannemo":[{"date":"2025-01-22","commitResults":[{"hash":"289332c7bcd7e08e821d2c8002ed654a240ebce7","isMergeCommit":false,"messageTitle":"rename, greet and exit","messageBody":"","tags":["Level-0"],"fileTypesAndContributionMap":{"java":{"insertions":13,"deletions":10},"bat":{"insertions":1,"deletions":1},"sh":{"insertions":1,"deletions":1}}},{"hash":"49722cd4386b330204fa915e525f84e86117471b","isMergeCommit":false,"messageTitle":"add echo","messageBody":"","tags":["Level-1"],"fileTypesAndContributionMap":{"java":{"insertions":30,"deletions":9}}},{"hash":"732a6fa833c6d8ea65526070ecc77b4adaf48d5f","isMergeCommit":false,"messageTitle":"add store and list feature","messageBody":"","tags":["Level-2"],"fileTypesAndContributionMap":{"java":{"insertions":38,"deletions":5}}}]},{"date":"2025-01-23","commitResults":[{"hash":"ce26e3f026e74c8d6d4daa2c223dbcf04a5fe481","isMergeCommit":false,"messageTitle":"add Task class","messageBody":"","fileTypesAndContributionMap":{"java":{"insertions":25,"deletions":0}}},{"hash":"883071c0fec81e331260fe2d6a83c6c4390300f5","isMergeCommit":false,"messageTitle":"add mark and unmark features","messageBody":"","tags":["Level-3"],"fileTypesAndContributionMap":{"java":{"insertions":42,"deletions":14}}},{"hash":"982bf44cbc3334a5cde1ea330e12b3d1f23847d8","isMergeCommit":false,"messageTitle":"add 3 types of tasks using inheritance","messageBody":"","fileTypesAndContributionMap":{"java":{"insertions":41,"deletions":0}}},{"hash":"95e3ecd5426b30c6142a8cf52085417df1157c09","isMergeCommit":false,"messageTitle":"add logic to support 3 tasks","messageBody":"","tags":["Level-4"],"fileTypesAndContributionMap":{"java":{"insertions":56,"deletions":7}}},{"hash":"3fa1856a6b29eba9ce627d607c3593369d7f19db","isMergeCommit":false,"messageTitle":"refine logic for handling tasks","messageBody":"","fileTypesAndContributionMap":{"java":{"insertions":26,"deletions":57}}},{"hash":"b6173e03e5fa2b43b5df475c82cc42d5664f2e67","isMergeCommit":false,"messageTitle":"add A-TextUiTesting","messageBody":"","tags":["A-TextUiTesting"],"fileTypesAndContributionMap":{"txt":{"insertions":13,"deletions":0},"sh":{"insertions":0,"deletions":0}}}]}]},"authorFileTypeContributionMap":{"yuqiannemo":{"java":179,"md":0,"fxml":0,"sh":1,"bat":1,"gradle":0,"txt":13}},"authorContributionVariance":{"yuqiannemo":9873.347},"authorDisplayNameMap":{"yuqiannemo":"YU Q..QIAN"}}
