{"authorDailyContributionsMap":{"GZTan23":[{"date":"2025-01-24","commitResults":[{"hash":"9d2f741615a01430931de4494b0a20d9301e4fd7","isMergeCommit":false,"messageTitle":"Changed Duke to Bane","messageBody":"","tags":["Level-0"],"fileTypesAndContributionMap":{"java":{"insertions":8,"deletions":10}}},{"hash":"1f615802b6aed69d567ba0e7e8d21248223d0a00","isMergeCommit":false,"messageTitle":"Added echo functionality to Bane","messageBody":"","tags":["Level-1"],"fileTypesAndContributionMap":{"java":{"insertions":21,"deletions":3}}},{"hash":"3a52339f6b89f45ac4c64258fbec66aa68f9f12a","isMergeCommit":false,"messageTitle":"Added list functionality to Bane and compacted the diagloue","messageBody":"","tags":["Level-2"],"fileTypesAndContributionMap":{"java":{"insertions":37,"deletions":10}}},{"hash":"7a32dcb3579aafb26fef2096bd1fdbe0f4d52bc1","isMergeCommit":false,"messageTitle":"Added marking and unmarking functionality for tasks","messageBody":"","tags":["Level-3"],"fileTypesAndContributionMap":{"java":{"insertions":36,"deletions":4}}},{"hash":"160e9532cb32273407e74949de2d6d715f233606","isMergeCommit":false,"messageTitle":"Add ASCII art for Bane","messageBody":"","fileTypesAndContributionMap":{"java":{"insertions":12,"deletions":1}}}]},{"date":"2025-01-26","commitResults":[{"hash":"e8d56961486f1ec934927ed8e6b976dbc5aec175","isMergeCommit":false,"messageTitle":"Add Deadline.java, Event.java and Todo.java","messageBody":"","fileTypesAndContributionMap":{"java":{"insertions":35,"deletions":0}}},{"hash":"34ea6e23eebdb2d3e84e9e42318396011beb9235","isMergeCommit":false,"messageTitle":"Add various task functionalities for Bane","messageBody":"","tags":["Level-4"],"fileTypesAndContributionMap":{"java":{"insertions":65,"deletions":41}}},{"hash":"18c374b48fe11b97e969b5b0a2a73dc2201e2793","isMergeCommit":false,"messageTitle":"Add TextUiTesting for Bane for list, tasks and ui output","messageBody":"","tags":["A-TextUiTesting"],"fileTypesAndContributionMap":{"txt":{"insertions":8,"deletions":0},"sh":{"insertions":2,"deletions":2}}},{"hash":"c87fca206ac62ac97c612a56dbd0c591b4371643","isMergeCommit":false,"messageTitle":"Add new function taskExecute to streamline output of the different tasks","messageBody":"","fileTypesAndContributionMap":{"java":{"insertions":15,"deletions":12}}},{"hash":"78646c97a5ff1549a7740ef0827c5fd7a2adf2a5","isMergeCommit":false,"messageTitle":"Add exception checking for Bane to ensure correct usage","messageBody":"","tags":["Level-5"],"fileTypesAndContributionMap":{"txt":{"insertions":7,"deletions":0},"java":{"insertions":59,"deletions":26}}},{"hash":"23af67ca8345078cf838c7666c02f4d760528c72","isMergeCommit":false,"messageTitle":"Add delete function for Bane","messageBody":"","tags":["Level-6"],"fileTypesAndContributionMap":{"txt":{"insertions":3,"deletions":0},"java":{"insertions":12,"deletions":1}}}]},{"date":"2025-01-29","commitResults":[{"hash":"8c5ae8df6c9706011b4cfcea4cfd927fa6e20afe","isMergeCommit":false,"messageTitle":"Fix bug where Bane responds to bye twice when starting with it","messageBody":"","fileTypesAndContributionMap":{"java":{"insertions":32,"deletions":24}}},{"hash":"5905fa643fc3aa5e60d1f2910527d0cd2fdfc66b","isMergeCommit":false,"messageTitle":"Adjust indentation to match Java standards","messageBody":"","fileTypesAndContributionMap":{"java":{"insertions":132,"deletions":135}}},{"hash":"3814e2d40ff792275c300fa6aaa38e599f7f609a","isMergeCommit":false,"messageTitle":"Add testing for mark and unmark, combine responses into a function template","messageBody":"","fileTypesAndContributionMap":{"txt":{"insertions":7,"deletions":0},"java":{"insertions":55,"deletions":44}}},{"hash":"b47d550b07dd6cf6da09445cd7243fffaebd27ce","isMergeCommit":false,"messageTitle":"Simplify functions in various Task classes to make it more general","messageBody":"","fileTypesAndContributionMap":{"java":{"insertions":47,"deletions":32}}}]},{"date":"2025-01-30","commitResults":[{"hash":"c9ff1ebe40f244c7c77cabeb6ef038162b8cf04d","isMergeCommit":true,"messageTitle":"Merge branch \u0027master\u0027 into branch-level-7","messageBody":"","fileTypesAndContributionMap":{}},{"hash":"f12e546b78d16ffb4de6445161919a75cf4c9e77","isMergeCommit":false,"messageTitle":"Add save and load functionality for the task lists","messageBody":"","fileTypesAndContributionMap":{"txt":{"insertions":6,"deletions":0},"java":{"insertions":151,"deletions":29}}},{"hash":"d628c33138a8194eadbb3e906b6a0687af55f576","isMergeCommit":true,"messageTitle":"Merge branch \u0027branch-level-7\u0027","messageBody":"","tags":["Level-7"],"fileTypesAndContributionMap":{}},{"hash":"e0427238bff425206856f3704397af5d03d4c18c","isMergeCommit":false,"messageTitle":"Add data time functionality","messageBody":"","fileTypesAndContributionMap":{"txt":{"insertions":2,"deletions":6},"java":{"insertions":47,"deletions":18}}},{"hash":"51f6d411a430cf32328bdbfcf1303e4546df09e4","isMergeCommit":false,"messageTitle":"Add enum for formatting date time","messageBody":"","fileTypesAndContributionMap":{"java":{"insertions":21,"deletions":0}}},{"hash":"7f1edb5016b9546f36a59c95087731e58c5ba806","isMergeCommit":false,"messageTitle":"Add date formatting during file saving","messageBody":"","fileTypesAndContributionMap":{"txt":{"insertions":4,"deletions":2},"java":{"insertions":33,"deletions":24}}},{"hash":"b5165c5842f9527d6d5f59bf79523b71e27ba61e","isMergeCommit":true,"messageTitle":"Merge branch \u0027branch-level-8\u0027","messageBody":"","tags":["Level-8"],"fileTypesAndContributionMap":{}}]},{"date":"2025-01-31","commitResults":[{"hash":"1dbe8e721fab71e9c46de3c5bf4929217212f131","isMergeCommit":false,"messageTitle":"Add Ui.java to compile most UI elements into one file","messageBody":"","fileTypesAndContributionMap":{"txt":{"insertions":1,"deletions":4},"java":{"insertions":310,"deletions":150}}}]},{"date":"2025-02-01","commitResults":[{"hash":"b86dba4880325ac8e2bf6fcb08862856519ce781","isMergeCommit":false,"messageTitle":"Add Parser.java TaskList.java Storage.java to refactor code","messageBody":"","fileTypesAndContributionMap":{"txt":{"insertions":3,"deletions":1},"java":{"insertions":353,"deletions":276},"sh":{"insertions":3,"deletions":1}}},{"hash":"293405ec34e435c918a4e5ccc912f46782506cbd","isMergeCommit":false,"messageTitle":"Test Bane to ensure it works with new refactored files","messageBody":"","fileTypesAndContributionMap":{"txt":{"insertions":7,"deletions":4},"java":{"insertions":28,"deletions":19},"sh":{"insertions":5,"deletions":1}}},{"hash":"dad2fbc04eafe6a23ab2d5f0d92aa0baf38c588d","isMergeCommit":true,"messageTitle":"Merge branch \u0027branch-a-moreoop\u0027","messageBody":"","tags":["A-MoreOOP"],"fileTypesAndContributionMap":{}}]},{"date":"2025-02-02","commitResults":[{"hash":"97d25d699b3ce630576631ac3ac8c66f9a012293","isMergeCommit":false,"messageTitle":"Separate files into relevant packages","messageBody":"","fileTypesAndContributionMap":{"txt":{"insertions":0,"deletions":0},"java":{"insertions":36,"deletions":1}}},{"hash":"bd2787de4df615da809b980fd762572bdd5ebd93","isMergeCommit":true,"messageTitle":"Merge branch \u0027branch-a-packages\u0027","messageBody":"","tags":["A-Packages"],"fileTypesAndContributionMap":{}}]},{"date":"2025-02-05","commitResults":[{"hash":"aee1f73f09800d96766b9be2d58e5b62db4c6b2c","isMergeCommit":true,"messageTitle":"Merge branch \u0027add-gradle-support\u0027","messageBody":"","fileTypesAndContributionMap":{}},{"hash":"07a1e07de9a48499f0507a68ce2d533c58578369","isMergeCommit":false,"messageTitle":"Add gradle support","messageBody":"","fileTypesAndContributionMap":{"gradle":{"insertions":2,"deletions":1},"java":{"insertions":26,"deletions":24}}}]}]},"authorFileTypeContributionMap":{"GZTan23":{"java":697,"md":0,"fxml":0,"sh":7,"bat":0,"gradle":2,"txt":31}},"authorContributionVariance":{"GZTan23":35268.184},"authorDisplayNameMap":{"GZTan23":"CS2103T-T13-4 TAN ..HONG"}}
