{"authorDailyContributionsMap":{"GZTan23":[{"date":"2025-01-24","commitResults":[{"hash":"9d2f741615a01430931de4494b0a20d9301e4fd7","isMergeCommit":false,"messageTitle":"Changed Duke to Bane","messageBody":"","tags":["Level-0"],"fileTypesAndContributionMap":{"java":{"insertions":8,"deletions":10}}},{"hash":"1f615802b6aed69d567ba0e7e8d21248223d0a00","isMergeCommit":false,"messageTitle":"Added echo functionality to Bane","messageBody":"","tags":["Level-1"],"fileTypesAndContributionMap":{"java":{"insertions":21,"deletions":3}}},{"hash":"3a52339f6b89f45ac4c64258fbec66aa68f9f12a","isMergeCommit":false,"messageTitle":"Added list functionality to Bane and compacted the diagloue","messageBody":"","tags":["Level-2"],"fileTypesAndContributionMap":{"java":{"insertions":37,"deletions":10}}},{"hash":"7a32dcb3579aafb26fef2096bd1fdbe0f4d52bc1","isMergeCommit":false,"messageTitle":"Added marking and unmarking functionality for tasks","messageBody":"","tags":["Level-3"],"fileTypesAndContributionMap":{"java":{"insertions":36,"deletions":4}}},{"hash":"160e9532cb32273407e74949de2d6d715f233606","isMergeCommit":false,"messageTitle":"Add ASCII art for Bane","messageBody":"","fileTypesAndContributionMap":{"java":{"insertions":12,"deletions":1}}}]},{"date":"2025-01-26","commitResults":[{"hash":"e8d56961486f1ec934927ed8e6b976dbc5aec175","isMergeCommit":false,"messageTitle":"Add Deadline.java, Event.java and Todo.java","messageBody":"","fileTypesAndContributionMap":{"java":{"insertions":35,"deletions":0}}},{"hash":"34ea6e23eebdb2d3e84e9e42318396011beb9235","isMergeCommit":false,"messageTitle":"Add various task functionalities for Bane","messageBody":"","tags":["Level-4"],"fileTypesAndContributionMap":{"java":{"insertions":65,"deletions":41}}},{"hash":"18c374b48fe11b97e969b5b0a2a73dc2201e2793","isMergeCommit":false,"messageTitle":"Add TextUiTesting for Bane for list, tasks and ui output","messageBody":"","tags":["A-TextUiTesting"],"fileTypesAndContributionMap":{"txt":{"insertions":8,"deletions":0},"sh":{"insertions":2,"deletions":2}}},{"hash":"c87fca206ac62ac97c612a56dbd0c591b4371643","isMergeCommit":false,"messageTitle":"Add new function taskExecute to streamline output of the different tasks","messageBody":"","fileTypesAndContributionMap":{"java":{"insertions":15,"deletions":12}}},{"hash":"78646c97a5ff1549a7740ef0827c5fd7a2adf2a5","isMergeCommit":false,"messageTitle":"Add exception checking for Bane to ensure correct usage","messageBody":"","tags":["Level-5"],"fileTypesAndContributionMap":{"txt":{"insertions":7,"deletions":0},"java":{"insertions":59,"deletions":26}}},{"hash":"23af67ca8345078cf838c7666c02f4d760528c72","isMergeCommit":false,"messageTitle":"Add delete function for Bane","messageBody":"","tags":["Level-6"],"fileTypesAndContributionMap":{"txt":{"insertions":3,"deletions":0},"java":{"insertions":12,"deletions":1}}}]},{"date":"2025-01-29","commitResults":[{"hash":"8c5ae8df6c9706011b4cfcea4cfd927fa6e20afe","isMergeCommit":false,"messageTitle":"Fix bug where Bane responds to bye twice when starting with it","messageBody":"","fileTypesAndContributionMap":{"java":{"insertions":32,"deletions":24}}},{"hash":"5905fa643fc3aa5e60d1f2910527d0cd2fdfc66b","isMergeCommit":false,"messageTitle":"Adjust indentation to match Java standards","messageBody":"","fileTypesAndContributionMap":{"java":{"insertions":132,"deletions":135}}},{"hash":"3814e2d40ff792275c300fa6aaa38e599f7f609a","isMergeCommit":false,"messageTitle":"Add testing for mark and unmark, combine responses into a function template","messageBody":"","fileTypesAndContributionMap":{"txt":{"insertions":7,"deletions":0},"java":{"insertions":55,"deletions":44}}},{"hash":"b47d550b07dd6cf6da09445cd7243fffaebd27ce","isMergeCommit":false,"messageTitle":"Simplify functions in various Task classes to make it more general","messageBody":"","fileTypesAndContributionMap":{"java":{"insertions":47,"deletions":32}}}]},{"date":"2025-01-30","commitResults":[{"hash":"c9ff1ebe40f244c7c77cabeb6ef038162b8cf04d","isMergeCommit":true,"messageTitle":"Merge branch \u0027master\u0027 into branch-level-7","messageBody":"","fileTypesAndContributionMap":{}},{"hash":"f12e546b78d16ffb4de6445161919a75cf4c9e77","isMergeCommit":false,"messageTitle":"Add save and load functionality for the task lists","messageBody":"","fileTypesAndContributionMap":{"txt":{"insertions":6,"deletions":0},"java":{"insertions":151,"deletions":29}}},{"hash":"d628c33138a8194eadbb3e906b6a0687af55f576","isMergeCommit":true,"messageTitle":"Merge branch \u0027branch-level-7\u0027","messageBody":"","tags":["Level-7"],"fileTypesAndContributionMap":{}}]}]},"authorFileTypeContributionMap":{"GZTan23":{"java":355,"md":0,"fxml":0,"sh":1,"bat":0,"gradle":0,"txt":31}},"authorContributionVariance":{"GZTan23":15981.298},"authorDisplayNameMap":{"GZTan23":"CS2103T-T13-4 TAN ..HONG"}}
