{"authorDailyContributionsMap":{"tim0tay":[{"date":"2025-01-24","commitResults":[{"hash":"ca65b31dfa745ab2ea4d9d127bc4417ce6200e3e","isMergeCommit":false,"messageTitle":"Level-0: Rename, Greet, Exit","messageBody":"","tags":["Level-0"],"fileTypesAndContributionMap":{"java":{"insertions":10,"deletions":10}}},{"hash":"483d979cb0f6bbe1a935ced28adea70e319c80d9","isMergeCommit":false,"messageTitle":"Level-1: Echo","messageBody":"","tags":["Level-1"],"fileTypesAndContributionMap":{"java":{"insertions":8,"deletions":1}}},{"hash":"13c489e72b39a767264713c217cd9d136f5cfb3e","isMergeCommit":false,"messageTitle":"Level 2: Add, List","messageBody":"","tags":["Level-2"],"fileTypesAndContributionMap":{"java":{"insertions":42,"deletions":5}}},{"hash":"0eb6c4fc93f8e4b9492d1ad96f7676ad6e8778f2","isMergeCommit":false,"messageTitle":"Level 3: Mark as Done","messageBody":"","tags":["Level-3"],"fileTypesAndContributionMap":{"java":{"insertions":89,"deletions":3}}},{"hash":"74dc814249161eed964ecef75836c804f3c5abb7","isMergeCommit":false,"messageTitle":"Level 4: ToDos, Events, Deadlines","messageBody":"","tags":["Level-4"],"fileTypesAndContributionMap":{"java":{"insertions":145,"deletions":9}}},{"hash":"4ba37f8d5d9bc5262717b619bf13e82ceac12d8b","isMergeCommit":false,"messageTitle":"A-TextUiTesting","messageBody":"","tags":["A-TextUiTesting"],"fileTypesAndContributionMap":{"txt":{"insertions":6,"deletions":0},"java":{"insertions":2,"deletions":2},"sh":{"insertions":1,"deletions":1}}},{"hash":"31df7295b438aa6a713f7095a20586b6f31a72af","isMergeCommit":false,"messageTitle":"Level 5: Handle Errors","messageBody":"","tags":["Level-5"],"fileTypesAndContributionMap":{"java":{"insertions":206,"deletions":65}}},{"hash":"7f04787a8436191e1be32c4547aa83ef3af9a113","isMergeCommit":false,"messageTitle":"Level 6: Delete","messageBody":"","tags":["Level-6"],"fileTypesAndContributionMap":{"java":{"insertions":42,"deletions":5}}}]}]},"authorFileTypeContributionMap":{"tim0tay":{"java":454,"md":0,"fxml":0,"sh":1,"bat":0,"gradle":0,"txt":6}},"authorContributionVariance":{"tim0tay":26450.914},"authorDisplayNameMap":{"tim0tay":"CS2103T-W13-1 TAY ..OTHY"}}
