[{"path":"data/eve.txt","fileType":"txt","lines":[{"lineNumber":1,"author":{"gitId":"davidchongg"},"content":"T | X | eat","lastModifiedDate":"2025-02-02","isFullCredit":false}],"authorContributionMap":{"davidchongg":1}},{"path":"src/main/java/Deadline.java","fileType":"java","lines":[{"lineNumber":1,"author":{"gitId":"davidchongg"},"content":"public class Deadline extends Task{","lastModifiedDate":"2025-01-23","isFullCredit":false},{"lineNumber":2,"author":{"gitId":"davidchongg"},"content":"    private String by;","lastModifiedDate":"2025-01-23","isFullCredit":false},{"lineNumber":3,"author":{"gitId":"davidchongg"},"content":"","lastModifiedDate":"2025-01-23","isFullCredit":false},{"lineNumber":4,"author":{"gitId":"davidchongg"},"content":"    public Deadline(String description, String by) {","lastModifiedDate":"2025-01-23","isFullCredit":false},{"lineNumber":5,"author":{"gitId":"davidchongg"},"content":"        super(description);","lastModifiedDate":"2025-01-23","isFullCredit":false},{"lineNumber":6,"author":{"gitId":"davidchongg"},"content":"        this.by \u003d by;","lastModifiedDate":"2025-01-23","isFullCredit":false},{"lineNumber":7,"author":{"gitId":"davidchongg"},"content":"    }","lastModifiedDate":"2025-01-23","isFullCredit":false},{"lineNumber":8,"author":{"gitId":"davidchongg"},"content":"","lastModifiedDate":"2025-01-23","isFullCredit":false},{"lineNumber":9,"author":{"gitId":"davidchongg"},"content":"    @Override","lastModifiedDate":"2025-02-02","isFullCredit":false},{"lineNumber":10,"author":{"gitId":"davidchongg"},"content":"    public String toDataString() {","lastModifiedDate":"2025-02-02","isFullCredit":false},{"lineNumber":11,"author":{"gitId":"davidchongg"},"content":"        return \"T | \" + super.getStatusIcon() + \" | \" + this.description + \" | \" + this.by;","lastModifiedDate":"2025-02-02","isFullCredit":false},{"lineNumber":12,"author":{"gitId":"davidchongg"},"content":"    }","lastModifiedDate":"2025-02-02","isFullCredit":false},{"lineNumber":13,"author":{"gitId":"davidchongg"},"content":"","lastModifiedDate":"2025-02-02","isFullCredit":false},{"lineNumber":14,"author":{"gitId":"davidchongg"},"content":"    public String toString() {","lastModifiedDate":"2025-01-23","isFullCredit":false},{"lineNumber":15,"author":{"gitId":"davidchongg"},"content":"        return \"[D]\" + super.toString() + \" (by: \" + this.by + \")\";","lastModifiedDate":"2025-01-23","isFullCredit":false},{"lineNumber":16,"author":{"gitId":"davidchongg"},"content":"    }","lastModifiedDate":"2025-01-23","isFullCredit":false},{"lineNumber":17,"author":{"gitId":"davidchongg"},"content":"}","lastModifiedDate":"2025-01-23","isFullCredit":false}],"authorContributionMap":{"davidchongg":17}},{"path":"src/main/java/DeadlineTaskException.java","fileType":"java","lines":[{"lineNumber":1,"author":{"gitId":"davidchongg"},"content":"public class DeadlineTaskException extends Exception {","lastModifiedDate":"2025-01-23","isFullCredit":false},{"lineNumber":2,"author":{"gitId":"davidchongg"},"content":"    public DeadlineTaskException(String message) {","lastModifiedDate":"2025-01-23","isFullCredit":false},{"lineNumber":3,"author":{"gitId":"davidchongg"},"content":"        super(message);","lastModifiedDate":"2025-01-23","isFullCredit":false},{"lineNumber":4,"author":{"gitId":"davidchongg"},"content":"    }","lastModifiedDate":"2025-01-23","isFullCredit":false},{"lineNumber":5,"author":{"gitId":"davidchongg"},"content":"}","lastModifiedDate":"2025-01-23","isFullCredit":false}],"authorContributionMap":{"davidchongg":5}},{"path":"src/main/java/Eve.java","fileType":"java","lines":[{"lineNumber":1,"author":{"gitId":"davidchongg"},"content":"import javax.swing.plaf.basic.BasicInternalFrameTitlePane;","lastModifiedDate":"2025-02-02","isFullCredit":false},{"lineNumber":2,"author":{"gitId":"davidchongg"},"content":"import java.io.FileNotFoundException;","lastModifiedDate":"2025-02-02","isFullCredit":false},{"lineNumber":3,"author":{"gitId":"davidchongg"},"content":"import java.io.IOException;","lastModifiedDate":"2025-02-02","isFullCredit":false},{"lineNumber":4,"author":{"gitId":"davidchongg"},"content":"import java.util.Scanner;","lastModifiedDate":"2025-01-23","isFullCredit":false},{"lineNumber":5,"author":{"gitId":"davidchongg"},"content":"import java.util.ArrayList;","lastModifiedDate":"2025-01-23","isFullCredit":false},{"lineNumber":6,"author":{"gitId":"davidchongg"},"content":"import java.io.File;","lastModifiedDate":"2025-02-02","isFullCredit":false},{"lineNumber":7,"author":{"gitId":"davidchongg"},"content":"import java.nio.file.Files;","lastModifiedDate":"2025-02-02","isFullCredit":false},{"lineNumber":8,"author":{"gitId":"davidchongg"},"content":"import java.nio.file.Paths;","lastModifiedDate":"2025-02-02","isFullCredit":false},{"lineNumber":9,"author":{"gitId":"davidchongg"},"content":"","lastModifiedDate":"2025-01-23","isFullCredit":false},{"lineNumber":10,"author":{"gitId":"davidchongg"},"content":"public class Eve {","lastModifiedDate":"2025-01-23","isFullCredit":false},{"lineNumber":11,"author":{"gitId":"davidchongg"},"content":"    private static ArrayList\u003cTask\u003e taskList;","lastModifiedDate":"2025-01-23","isFullCredit":false},{"lineNumber":12,"author":{"gitId":"davidchongg"},"content":"    private static boolean continueRunning \u003d true;","lastModifiedDate":"2025-02-02","isFullCredit":false},{"lineNumber":13,"author":{"gitId":"davidchongg"},"content":"    private static final String DATA_FILE \u003d \"eve.txt\";","lastModifiedDate":"2025-02-02","isFullCredit":false},{"lineNumber":14,"author":{"gitId":"davidchongg"},"content":"    private static final String DATA_DIRECTORY \u003d \"data\";","lastModifiedDate":"2025-02-02","isFullCredit":false},{"lineNumber":15,"author":{"gitId":"davidchongg"},"content":"","lastModifiedDate":"2025-02-02","isFullCredit":false},{"lineNumber":16,"author":{"gitId":"davidchongg"},"content":"    public static void main(String[] args) {","lastModifiedDate":"2025-01-23","isFullCredit":false},{"lineNumber":17,"author":{"gitId":"davidchongg"},"content":"        taskList \u003d new ArrayList\u003cTask\u003e();","lastModifiedDate":"2025-01-23","isFullCredit":false},{"lineNumber":18,"author":{"gitId":"davidchongg"},"content":"        try {","lastModifiedDate":"2025-02-02","isFullCredit":false},{"lineNumber":19,"author":{"gitId":"davidchongg"},"content":"            load(DATA_DIRECTORY + \"/\" + DATA_FILE);","lastModifiedDate":"2025-02-02","isFullCredit":false},{"lineNumber":20,"author":{"gitId":"davidchongg"},"content":"        } catch (FileNotFoundException e) {","lastModifiedDate":"2025-02-02","isFullCredit":false},{"lineNumber":21,"author":{"gitId":"davidchongg"},"content":"            System.out.println(\"Data file eve.txt not found\");","lastModifiedDate":"2025-02-02","isFullCredit":false},{"lineNumber":22,"author":{"gitId":"davidchongg"},"content":"        }","lastModifiedDate":"2025-02-02","isFullCredit":false},{"lineNumber":23,"author":{"gitId":"davidchongg"},"content":"        greet();","lastModifiedDate":"2025-02-02","isFullCredit":false},{"lineNumber":24,"author":{"gitId":"davidchongg"},"content":"        Scanner scanner \u003d new Scanner(System.in);","lastModifiedDate":"2025-01-23","isFullCredit":false},{"lineNumber":25,"author":{"gitId":"davidchongg"},"content":"        while (continueRunning) {","lastModifiedDate":"2025-02-02","isFullCredit":false},{"lineNumber":26,"author":{"gitId":"davidchongg"},"content":"            String fullCommand \u003d scanner.nextLine();","lastModifiedDate":"2025-02-02","isFullCredit":false},{"lineNumber":27,"author":{"gitId":"davidchongg"},"content":"            executeCommand(fullCommand.split(\" \", 2));","lastModifiedDate":"2025-02-02","isFullCredit":false},{"lineNumber":28,"author":{"gitId":"davidchongg"},"content":"        }","lastModifiedDate":"2025-02-02","isFullCredit":false},{"lineNumber":29,"author":{"gitId":"davidchongg"},"content":"    }","lastModifiedDate":"2025-02-02","isFullCredit":false},{"lineNumber":30,"author":{"gitId":"davidchongg"},"content":"","lastModifiedDate":"2025-02-02","isFullCredit":false},{"lineNumber":31,"author":{"gitId":"davidchongg"},"content":"    public static void executeCommand(String[] fullCommand) {","lastModifiedDate":"2025-02-02","isFullCredit":false},{"lineNumber":32,"author":{"gitId":"davidchongg"},"content":"        String command \u003d fullCommand[0];","lastModifiedDate":"2025-02-02","isFullCredit":false},{"lineNumber":33,"author":{"gitId":"davidchongg"},"content":"        try {","lastModifiedDate":"2025-01-23","isFullCredit":false},{"lineNumber":34,"author":{"gitId":"davidchongg"},"content":"            if (command.equals(\"bye\")) {","lastModifiedDate":"2025-01-23","isFullCredit":false},{"lineNumber":35,"author":{"gitId":"davidchongg"},"content":"                bye();","lastModifiedDate":"2025-01-23","isFullCredit":false},{"lineNumber":36,"author":{"gitId":"davidchongg"},"content":"                return;     // Don\u0027t need update file","lastModifiedDate":"2025-02-02","isFullCredit":false},{"lineNumber":37,"author":{"gitId":"davidchongg"},"content":"            } else if (command.equals(\"list\")) {","lastModifiedDate":"2025-01-23","isFullCredit":false},{"lineNumber":38,"author":{"gitId":"davidchongg"},"content":"                list();","lastModifiedDate":"2025-01-23","isFullCredit":false},{"lineNumber":39,"author":{"gitId":"davidchongg"},"content":"                return;     // Don\u0027t need update file","lastModifiedDate":"2025-02-02","isFullCredit":false},{"lineNumber":40,"author":{"gitId":"davidchongg"},"content":"            } else if (command.equals(\"mark\")) {","lastModifiedDate":"2025-01-23","isFullCredit":false},{"lineNumber":41,"author":{"gitId":"davidchongg"},"content":"                int num;","lastModifiedDate":"2025-01-23","isFullCredit":false},{"lineNumber":42,"author":{"gitId":"davidchongg"},"content":"                try {","lastModifiedDate":"2025-01-23","isFullCredit":false},{"lineNumber":43,"author":{"gitId":"davidchongg"},"content":"                    num \u003d Integer.parseInt(fullCommand[1]);","lastModifiedDate":"2025-02-02","isFullCredit":false},{"lineNumber":44,"author":{"gitId":"davidchongg"},"content":"                } catch (Exception ex) {","lastModifiedDate":"2025-01-23","isFullCredit":false},{"lineNumber":45,"author":{"gitId":"davidchongg"},"content":"                    throw new NotIntException(\"You should input a task number instead\");","lastModifiedDate":"2025-01-23","isFullCredit":false},{"lineNumber":46,"author":{"gitId":"davidchongg"},"content":"                }","lastModifiedDate":"2025-01-23","isFullCredit":false},{"lineNumber":47,"author":{"gitId":"davidchongg"},"content":"                mark(num);","lastModifiedDate":"2025-01-23","isFullCredit":false},{"lineNumber":48,"author":{"gitId":"davidchongg"},"content":"            } else if (command.equals(\"unmark\")) {","lastModifiedDate":"2025-01-23","isFullCredit":false},{"lineNumber":49,"author":{"gitId":"davidchongg"},"content":"                int num;","lastModifiedDate":"2025-01-23","isFullCredit":false},{"lineNumber":50,"author":{"gitId":"davidchongg"},"content":"                try {","lastModifiedDate":"2025-01-23","isFullCredit":false},{"lineNumber":51,"author":{"gitId":"davidchongg"},"content":"                    num \u003d Integer.parseInt(fullCommand[1]);","lastModifiedDate":"2025-02-02","isFullCredit":false},{"lineNumber":52,"author":{"gitId":"davidchongg"},"content":"                } catch (Exception ex) {","lastModifiedDate":"2025-01-23","isFullCredit":false},{"lineNumber":53,"author":{"gitId":"davidchongg"},"content":"                    throw new NotIntException(\"You should input a task number instead\");","lastModifiedDate":"2025-01-23","isFullCredit":false},{"lineNumber":54,"author":{"gitId":"davidchongg"},"content":"                }","lastModifiedDate":"2025-01-23","isFullCredit":false},{"lineNumber":55,"author":{"gitId":"davidchongg"},"content":"                unmark(num);","lastModifiedDate":"2025-01-23","isFullCredit":false},{"lineNumber":56,"author":{"gitId":"davidchongg"},"content":"            } else if (command.equals(\"todo\") | command.equals(\"deadline\") |","lastModifiedDate":"2025-01-23","isFullCredit":false},{"lineNumber":57,"author":{"gitId":"davidchongg"},"content":"                    command.equals(\"event\")) {","lastModifiedDate":"2025-01-23","isFullCredit":false},{"lineNumber":58,"author":{"gitId":"davidchongg"},"content":"                add(command, fullCommand[1]);","lastModifiedDate":"2025-02-02","isFullCredit":false},{"lineNumber":59,"author":{"gitId":"davidchongg"},"content":"            } else if (command.equals(\"delete\")) {","lastModifiedDate":"2025-01-23","isFullCredit":false},{"lineNumber":60,"author":{"gitId":"davidchongg"},"content":"                int num;","lastModifiedDate":"2025-01-23","isFullCredit":false},{"lineNumber":61,"author":{"gitId":"davidchongg"},"content":"                try {","lastModifiedDate":"2025-01-23","isFullCredit":false},{"lineNumber":62,"author":{"gitId":"davidchongg"},"content":"                    num \u003d Integer.parseInt(fullCommand[1]);","lastModifiedDate":"2025-02-02","isFullCredit":false},{"lineNumber":63,"author":{"gitId":"davidchongg"},"content":"                } catch (Exception ex) {","lastModifiedDate":"2025-01-23","isFullCredit":false},{"lineNumber":64,"author":{"gitId":"davidchongg"},"content":"                    throw new NotIntException(\"You should input a task number instead\");","lastModifiedDate":"2025-01-23","isFullCredit":false},{"lineNumber":65,"author":{"gitId":"davidchongg"},"content":"                }","lastModifiedDate":"2025-01-23","isFullCredit":false},{"lineNumber":66,"author":{"gitId":"davidchongg"},"content":"                delete(num);","lastModifiedDate":"2025-01-23","isFullCredit":false},{"lineNumber":67,"author":{"gitId":"davidchongg"},"content":"            } else {","lastModifiedDate":"2025-01-23","isFullCredit":false},{"lineNumber":68,"author":{"gitId":"davidchongg"},"content":"                throw new InvalidCommandException(\"Oh no... I have no idea what you \" +","lastModifiedDate":"2025-01-23","isFullCredit":false},{"lineNumber":69,"author":{"gitId":"davidchongg"},"content":"                        \"just said. Please try again...\");","lastModifiedDate":"2025-01-23","isFullCredit":false},{"lineNumber":70,"author":{"gitId":"davidchongg"},"content":"            }","lastModifiedDate":"2025-01-23","isFullCredit":false},{"lineNumber":71,"author":{"gitId":"davidchongg"},"content":"        } catch (InvalidCommandException | EventTaskException | DeadlineTaskException |","lastModifiedDate":"2025-01-23","isFullCredit":false},{"lineNumber":72,"author":{"gitId":"davidchongg"},"content":"                 InvalidTaskNumException | NotIntException ex) {","lastModifiedDate":"2025-01-23","isFullCredit":false},{"lineNumber":73,"author":{"gitId":"davidchongg"},"content":"            System.out.println(ex.getMessage() + \"\\n\");","lastModifiedDate":"2025-01-23","isFullCredit":false},{"lineNumber":74,"author":{"gitId":"davidchongg"},"content":"        }","lastModifiedDate":"2025-01-23","isFullCredit":false},{"lineNumber":75,"author":{"gitId":"davidchongg"},"content":"        writeToFile();","lastModifiedDate":"2025-02-02","isFullCredit":false},{"lineNumber":76,"author":{"gitId":"davidchongg"},"content":"    }","lastModifiedDate":"2025-02-02","isFullCredit":false},{"lineNumber":77,"author":{"gitId":"davidchongg"},"content":"","lastModifiedDate":"2025-02-02","isFullCredit":false},{"lineNumber":78,"author":{"gitId":"davidchongg"},"content":"    public static void load(String fileName) throws FileNotFoundException {","lastModifiedDate":"2025-02-02","isFullCredit":false},{"lineNumber":79,"author":{"gitId":"davidchongg"},"content":"        File file \u003d new File(fileName);","lastModifiedDate":"2025-02-02","isFullCredit":false},{"lineNumber":80,"author":{"gitId":"davidchongg"},"content":"        Scanner s \u003d new Scanner(file);","lastModifiedDate":"2025-02-02","isFullCredit":false},{"lineNumber":81,"author":{"gitId":"davidchongg"},"content":"        while (s.hasNextLine()) {","lastModifiedDate":"2025-02-02","isFullCredit":false},{"lineNumber":82,"author":{"gitId":"davidchongg"},"content":"            String line \u003d s.nextLine();","lastModifiedDate":"2025-02-02","isFullCredit":false},{"lineNumber":83,"author":{"gitId":"davidchongg"},"content":"            taskList.add(parseStringIntoTask(line));","lastModifiedDate":"2025-02-02","isFullCredit":false},{"lineNumber":84,"author":{"gitId":"davidchongg"},"content":"        }","lastModifiedDate":"2025-02-02","isFullCredit":false},{"lineNumber":85,"author":{"gitId":"davidchongg"},"content":"    }","lastModifiedDate":"2025-01-23","isFullCredit":false},{"lineNumber":86,"author":{"gitId":"davidchongg"},"content":"","lastModifiedDate":"2025-02-02","isFullCredit":false},{"lineNumber":87,"author":{"gitId":"davidchongg"},"content":"    public static Task parseStringIntoTask(String line) {","lastModifiedDate":"2025-02-02","isFullCredit":false},{"lineNumber":88,"author":{"gitId":"davidchongg"},"content":"        String[] parts \u003d line.split(\" \\\\| \");","lastModifiedDate":"2025-02-02","isFullCredit":false},{"lineNumber":89,"author":{"gitId":"davidchongg"},"content":"        Task task;","lastModifiedDate":"2025-02-02","isFullCredit":false},{"lineNumber":90,"author":{"gitId":"davidchongg"},"content":"        switch (parts[0]) {","lastModifiedDate":"2025-02-02","isFullCredit":false},{"lineNumber":91,"author":{"gitId":"davidchongg"},"content":"        case \"D\":","lastModifiedDate":"2025-02-02","isFullCredit":false},{"lineNumber":92,"author":{"gitId":"davidchongg"},"content":"            task \u003d new Deadline(parts[2], parts[3]);","lastModifiedDate":"2025-02-02","isFullCredit":false},{"lineNumber":93,"author":{"gitId":"davidchongg"},"content":"            break;","lastModifiedDate":"2025-02-02","isFullCredit":false},{"lineNumber":94,"author":{"gitId":"davidchongg"},"content":"        case \"E\":","lastModifiedDate":"2025-02-02","isFullCredit":false},{"lineNumber":95,"author":{"gitId":"davidchongg"},"content":"            task \u003d new Event(parts[2], parts[3], parts[3]);","lastModifiedDate":"2025-02-02","isFullCredit":false},{"lineNumber":96,"author":{"gitId":"davidchongg"},"content":"            break;","lastModifiedDate":"2025-02-02","isFullCredit":false},{"lineNumber":97,"author":{"gitId":"davidchongg"},"content":"        default:    // \"T\"","lastModifiedDate":"2025-02-02","isFullCredit":false},{"lineNumber":98,"author":{"gitId":"davidchongg"},"content":"            task \u003d new ToDo(parts[2]);","lastModifiedDate":"2025-02-02","isFullCredit":false},{"lineNumber":99,"author":{"gitId":"davidchongg"},"content":"            break;","lastModifiedDate":"2025-02-02","isFullCredit":false},{"lineNumber":100,"author":{"gitId":"davidchongg"},"content":"        }","lastModifiedDate":"2025-02-02","isFullCredit":false},{"lineNumber":101,"author":{"gitId":"davidchongg"},"content":"        if (parts[1].equals(\"X\")) {","lastModifiedDate":"2025-02-02","isFullCredit":false},{"lineNumber":102,"author":{"gitId":"davidchongg"},"content":"            task.markAsDone();","lastModifiedDate":"2025-02-02","isFullCredit":false},{"lineNumber":103,"author":{"gitId":"davidchongg"},"content":"        }","lastModifiedDate":"2025-02-02","isFullCredit":false},{"lineNumber":104,"author":{"gitId":"davidchongg"},"content":"        return task;","lastModifiedDate":"2025-02-02","isFullCredit":false},{"lineNumber":105,"author":{"gitId":"davidchongg"},"content":"    }","lastModifiedDate":"2025-01-23","isFullCredit":false},{"lineNumber":106,"author":{"gitId":"davidchongg"},"content":"","lastModifiedDate":"2025-01-23","isFullCredit":false},{"lineNumber":107,"author":{"gitId":"davidchongg"},"content":"    public static void greet() {","lastModifiedDate":"2025-01-23","isFullCredit":false},{"lineNumber":108,"author":{"gitId":"davidchongg"},"content":"        output(\"Hello, I\u0027m Eve!\\nWhat can I do for you?\");","lastModifiedDate":"2025-01-23","isFullCredit":false},{"lineNumber":109,"author":{"gitId":"davidchongg"},"content":"    }","lastModifiedDate":"2025-01-23","isFullCredit":false},{"lineNumber":110,"author":{"gitId":"davidchongg"},"content":"","lastModifiedDate":"2025-01-23","isFullCredit":false},{"lineNumber":111,"author":{"gitId":"davidchongg"},"content":"    public static void bye() {","lastModifiedDate":"2025-01-23","isFullCredit":false},{"lineNumber":112,"author":{"gitId":"davidchongg"},"content":"        output( \"Bye. Hope to see you again soon!\");","lastModifiedDate":"2025-01-23","isFullCredit":false},{"lineNumber":113,"author":{"gitId":"davidchongg"},"content":"        continueRunning \u003d false;","lastModifiedDate":"2025-02-02","isFullCredit":false},{"lineNumber":114,"author":{"gitId":"davidchongg"},"content":"    }","lastModifiedDate":"2025-01-23","isFullCredit":false},{"lineNumber":115,"author":{"gitId":"davidchongg"},"content":"","lastModifiedDate":"2025-01-23","isFullCredit":false},{"lineNumber":116,"author":{"gitId":"davidchongg"},"content":"    public static void list() {","lastModifiedDate":"2025-01-23","isFullCredit":false},{"lineNumber":117,"author":{"gitId":"davidchongg"},"content":"        String message \u003d \"Here are the tasks in your list:\\n\";","lastModifiedDate":"2025-01-23","isFullCredit":false},{"lineNumber":118,"author":{"gitId":"davidchongg"},"content":"        int num \u003d 1;","lastModifiedDate":"2025-01-23","isFullCredit":false},{"lineNumber":119,"author":{"gitId":"davidchongg"},"content":"        for (Task task: taskList) {","lastModifiedDate":"2025-01-23","isFullCredit":false},{"lineNumber":120,"author":{"gitId":"davidchongg"},"content":"            message +\u003d \"\\t\" + Integer.toString(num) + \".\" +  task.toString() + \"\\n\";","lastModifiedDate":"2025-01-23","isFullCredit":false},{"lineNumber":121,"author":{"gitId":"davidchongg"},"content":"            num++;","lastModifiedDate":"2025-01-23","isFullCredit":false},{"lineNumber":122,"author":{"gitId":"davidchongg"},"content":"        }","lastModifiedDate":"2025-01-23","isFullCredit":false},{"lineNumber":123,"author":{"gitId":"davidchongg"},"content":"        output(message.trim());","lastModifiedDate":"2025-01-23","isFullCredit":false},{"lineNumber":124,"author":{"gitId":"davidchongg"},"content":"    }","lastModifiedDate":"2025-01-23","isFullCredit":false},{"lineNumber":125,"author":{"gitId":"davidchongg"},"content":"","lastModifiedDate":"2025-01-23","isFullCredit":false},{"lineNumber":126,"author":{"gitId":"davidchongg"},"content":"    public static void mark(int num) throws InvalidTaskNumException {","lastModifiedDate":"2025-01-23","isFullCredit":false},{"lineNumber":127,"author":{"gitId":"davidchongg"},"content":"        try {","lastModifiedDate":"2025-01-23","isFullCredit":false},{"lineNumber":128,"author":{"gitId":"davidchongg"},"content":"            taskList.get(num - 1).markAsDone();","lastModifiedDate":"2025-01-23","isFullCredit":false},{"lineNumber":129,"author":{"gitId":"davidchongg"},"content":"            output(\"Nice! I\u0027ve marked this task as done:\\n\\t\"","lastModifiedDate":"2025-01-23","isFullCredit":false},{"lineNumber":130,"author":{"gitId":"davidchongg"},"content":"                    + taskList.get(num - 1).toString());","lastModifiedDate":"2025-01-23","isFullCredit":false},{"lineNumber":131,"author":{"gitId":"davidchongg"},"content":"        } catch (Exception ex) {","lastModifiedDate":"2025-01-23","isFullCredit":false},{"lineNumber":132,"author":{"gitId":"davidchongg"},"content":"            throw new InvalidTaskNumException(\"The task number you specified does not exist...\");","lastModifiedDate":"2025-01-23","isFullCredit":false},{"lineNumber":133,"author":{"gitId":"davidchongg"},"content":"        }","lastModifiedDate":"2025-01-23","isFullCredit":false},{"lineNumber":134,"author":{"gitId":"davidchongg"},"content":"    }","lastModifiedDate":"2025-01-23","isFullCredit":false},{"lineNumber":135,"author":{"gitId":"davidchongg"},"content":"","lastModifiedDate":"2025-01-23","isFullCredit":false},{"lineNumber":136,"author":{"gitId":"davidchongg"},"content":"    public static void unmark(int num) throws InvalidTaskNumException {","lastModifiedDate":"2025-01-23","isFullCredit":false},{"lineNumber":137,"author":{"gitId":"davidchongg"},"content":"        try {","lastModifiedDate":"2025-01-23","isFullCredit":false},{"lineNumber":138,"author":{"gitId":"davidchongg"},"content":"            taskList.get(num - 1).markAsNotDone();","lastModifiedDate":"2025-01-23","isFullCredit":false},{"lineNumber":139,"author":{"gitId":"davidchongg"},"content":"            output(\"OK, I\u0027ve marked this task as not done yet:\\n\\t\"","lastModifiedDate":"2025-01-23","isFullCredit":false},{"lineNumber":140,"author":{"gitId":"davidchongg"},"content":"                    + taskList.get(num - 1).toString());","lastModifiedDate":"2025-01-23","isFullCredit":false},{"lineNumber":141,"author":{"gitId":"davidchongg"},"content":"        } catch (Exception ex) {","lastModifiedDate":"2025-01-23","isFullCredit":false},{"lineNumber":142,"author":{"gitId":"davidchongg"},"content":"            throw new InvalidTaskNumException(\"The task number you specified does not exist...\");","lastModifiedDate":"2025-01-23","isFullCredit":false},{"lineNumber":143,"author":{"gitId":"davidchongg"},"content":"        }","lastModifiedDate":"2025-01-23","isFullCredit":false},{"lineNumber":144,"author":{"gitId":"davidchongg"},"content":"    }","lastModifiedDate":"2025-01-23","isFullCredit":false},{"lineNumber":145,"author":{"gitId":"davidchongg"},"content":"","lastModifiedDate":"2025-01-23","isFullCredit":false},{"lineNumber":146,"author":{"gitId":"davidchongg"},"content":"    public static void add(String command, String description) throws EventTaskException, DeadlineTaskException{","lastModifiedDate":"2025-01-23","isFullCredit":false},{"lineNumber":147,"author":{"gitId":"davidchongg"},"content":"        if (command.equals(\"todo\")) {","lastModifiedDate":"2025-01-23","isFullCredit":false},{"lineNumber":148,"author":{"gitId":"davidchongg"},"content":"            taskList.add(new ToDo(description));","lastModifiedDate":"2025-01-23","isFullCredit":false},{"lineNumber":149,"author":{"gitId":"davidchongg"},"content":"        } else if (command.equals(\"deadline\")) {","lastModifiedDate":"2025-01-23","isFullCredit":false},{"lineNumber":150,"author":{"gitId":"davidchongg"},"content":"            try {","lastModifiedDate":"2025-01-23","isFullCredit":false},{"lineNumber":151,"author":{"gitId":"davidchongg"},"content":"                String desc \u003d description.split(\"/by\")[0].trim();","lastModifiedDate":"2025-02-02","isFullCredit":false},{"lineNumber":152,"author":{"gitId":"davidchongg"},"content":"                String by \u003d description.split(\"/by\")[1].trim();","lastModifiedDate":"2025-02-02","isFullCredit":false},{"lineNumber":153,"author":{"gitId":"davidchongg"},"content":"                taskList.add(new Deadline(desc, by));","lastModifiedDate":"2025-02-02","isFullCredit":false},{"lineNumber":154,"author":{"gitId":"davidchongg"},"content":"            } catch (Exception ex) {","lastModifiedDate":"2025-01-23","isFullCredit":false},{"lineNumber":155,"author":{"gitId":"davidchongg"},"content":"                throw new DeadlineTaskException(\"Let me know the deadline using keyword /by\");","lastModifiedDate":"2025-01-23","isFullCredit":false},{"lineNumber":156,"author":{"gitId":"davidchongg"},"content":"            }","lastModifiedDate":"2025-01-23","isFullCredit":false},{"lineNumber":157,"author":{"gitId":"davidchongg"},"content":"        } else {","lastModifiedDate":"2025-01-23","isFullCredit":false},{"lineNumber":158,"author":{"gitId":"davidchongg"},"content":"            try {","lastModifiedDate":"2025-01-23","isFullCredit":false},{"lineNumber":159,"author":{"gitId":"davidchongg"},"content":"                String desc \u003d description.split(\"/from\")[0].trim();","lastModifiedDate":"2025-02-02","isFullCredit":false},{"lineNumber":160,"author":{"gitId":"davidchongg"},"content":"                String from \u003d description.split(\"/from\")[1].split(\"/to\")[0].trim();","lastModifiedDate":"2025-02-02","isFullCredit":false},{"lineNumber":161,"author":{"gitId":"davidchongg"},"content":"                String to \u003d description.split(\"/from\")[1].split(\"/to\")[1].trim();","lastModifiedDate":"2025-02-02","isFullCredit":false},{"lineNumber":162,"author":{"gitId":"davidchongg"},"content":"                taskList.add(new Event(desc, from, to));","lastModifiedDate":"2025-02-02","isFullCredit":false},{"lineNumber":163,"author":{"gitId":"davidchongg"},"content":"            } catch (Exception ex) {","lastModifiedDate":"2025-01-23","isFullCredit":false},{"lineNumber":164,"author":{"gitId":"davidchongg"},"content":"                throw new EventTaskException(\"Let me know the time of the event using \" +","lastModifiedDate":"2025-01-23","isFullCredit":false},{"lineNumber":165,"author":{"gitId":"davidchongg"},"content":"                        \"keywords /from and /to\");","lastModifiedDate":"2025-01-23","isFullCredit":false},{"lineNumber":166,"author":{"gitId":"davidchongg"},"content":"            }","lastModifiedDate":"2025-01-23","isFullCredit":false},{"lineNumber":167,"author":{"gitId":"davidchongg"},"content":"        }","lastModifiedDate":"2025-01-23","isFullCredit":false},{"lineNumber":168,"author":{"gitId":"davidchongg"},"content":"        output(\"Got it. I\u0027ve added this task:\\n\\t\" + taskList.get(taskList.size() - 1).toString()","lastModifiedDate":"2025-01-23","isFullCredit":false},{"lineNumber":169,"author":{"gitId":"davidchongg"},"content":"                + \"\\nNow you have \" + Integer.toString(taskList.size()) + \" tasks in the list.\");","lastModifiedDate":"2025-01-23","isFullCredit":false},{"lineNumber":170,"author":{"gitId":"davidchongg"},"content":"    }","lastModifiedDate":"2025-01-23","isFullCredit":false},{"lineNumber":171,"author":{"gitId":"davidchongg"},"content":"","lastModifiedDate":"2025-01-23","isFullCredit":false},{"lineNumber":172,"author":{"gitId":"davidchongg"},"content":"    private static void writeToFile() {","lastModifiedDate":"2025-02-02","isFullCredit":false},{"lineNumber":173,"author":{"gitId":"davidchongg"},"content":"        StringBuilder dataToWrite \u003d new StringBuilder();","lastModifiedDate":"2025-02-02","isFullCredit":false},{"lineNumber":174,"author":{"gitId":"davidchongg"},"content":"        for (Task task: taskList) {","lastModifiedDate":"2025-02-02","isFullCredit":false},{"lineNumber":175,"author":{"gitId":"davidchongg"},"content":"            dataToWrite.append(task.toDataString()).append(\"\\n\");","lastModifiedDate":"2025-02-02","isFullCredit":false},{"lineNumber":176,"author":{"gitId":"davidchongg"},"content":"        }","lastModifiedDate":"2025-02-02","isFullCredit":false},{"lineNumber":177,"author":{"gitId":"davidchongg"},"content":"        try {","lastModifiedDate":"2025-02-02","isFullCredit":false},{"lineNumber":178,"author":{"gitId":"davidchongg"},"content":"            Files.createDirectories(Paths.get(DATA_DIRECTORY));","lastModifiedDate":"2025-02-02","isFullCredit":false},{"lineNumber":179,"author":{"gitId":"davidchongg"},"content":"            Files.writeString(Paths.get(DATA_DIRECTORY + \"/\" + DATA_FILE), dataToWrite.toString());","lastModifiedDate":"2025-02-02","isFullCredit":false},{"lineNumber":180,"author":{"gitId":"davidchongg"},"content":"        } catch (IOException ex) {","lastModifiedDate":"2025-02-02","isFullCredit":false},{"lineNumber":181,"author":{"gitId":"davidchongg"},"content":"            System.out.println(\"Something went wrong when writing to file: \" + ex.getMessage());","lastModifiedDate":"2025-02-02","isFullCredit":false},{"lineNumber":182,"author":{"gitId":"davidchongg"},"content":"        }","lastModifiedDate":"2025-02-02","isFullCredit":false},{"lineNumber":183,"author":{"gitId":"davidchongg"},"content":"    }","lastModifiedDate":"2025-02-02","isFullCredit":false},{"lineNumber":184,"author":{"gitId":"davidchongg"},"content":"","lastModifiedDate":"2025-02-02","isFullCredit":false},{"lineNumber":185,"author":{"gitId":"davidchongg"},"content":"    public static void delete(int num) throws InvalidTaskNumException {","lastModifiedDate":"2025-01-23","isFullCredit":false},{"lineNumber":186,"author":{"gitId":"davidchongg"},"content":"        try {","lastModifiedDate":"2025-01-23","isFullCredit":false},{"lineNumber":187,"author":{"gitId":"davidchongg"},"content":"            Task task \u003d taskList.remove(num - 1);","lastModifiedDate":"2025-01-23","isFullCredit":false},{"lineNumber":188,"author":{"gitId":"davidchongg"},"content":"            output(\"Noted. I\u0027ve removed this task:\\n\\t\" + task","lastModifiedDate":"2025-01-23","isFullCredit":false},{"lineNumber":189,"author":{"gitId":"davidchongg"},"content":"                    + \"\\nNow you have \" + Integer.toString(taskList.size())","lastModifiedDate":"2025-01-23","isFullCredit":false},{"lineNumber":190,"author":{"gitId":"davidchongg"},"content":"                    + \" tasks in the list.\");","lastModifiedDate":"2025-01-23","isFullCredit":false},{"lineNumber":191,"author":{"gitId":"davidchongg"},"content":"        } catch (Exception ex) {","lastModifiedDate":"2025-01-23","isFullCredit":false},{"lineNumber":192,"author":{"gitId":"davidchongg"},"content":"            throw new InvalidTaskNumException(\"The task number you specified does not exist...\");","lastModifiedDate":"2025-01-23","isFullCredit":false},{"lineNumber":193,"author":{"gitId":"davidchongg"},"content":"        }","lastModifiedDate":"2025-01-23","isFullCredit":false},{"lineNumber":194,"author":{"gitId":"davidchongg"},"content":"    }","lastModifiedDate":"2025-01-23","isFullCredit":false},{"lineNumber":195,"author":{"gitId":"davidchongg"},"content":"","lastModifiedDate":"2025-01-23","isFullCredit":false},{"lineNumber":196,"author":{"gitId":"davidchongg"},"content":"    public static void output(String message) {","lastModifiedDate":"2025-01-23","isFullCredit":false},{"lineNumber":197,"author":{"gitId":"davidchongg"},"content":"        String fullMessage \u003d \"---------------------------------------------------------------------------\\n\"","lastModifiedDate":"2025-01-23","isFullCredit":false},{"lineNumber":198,"author":{"gitId":"davidchongg"},"content":"                + message + \"\\n\"","lastModifiedDate":"2025-01-23","isFullCredit":false},{"lineNumber":199,"author":{"gitId":"davidchongg"},"content":"                + \"---------------------------------------------------------------------------\\n\";","lastModifiedDate":"2025-01-23","isFullCredit":false},{"lineNumber":200,"author":{"gitId":"davidchongg"},"content":"        System.out.println(fullMessage);","lastModifiedDate":"2025-01-23","isFullCredit":false},{"lineNumber":201,"author":{"gitId":"davidchongg"},"content":"    }","lastModifiedDate":"2025-01-23","isFullCredit":false},{"lineNumber":202,"author":{"gitId":"davidchongg"},"content":"}","lastModifiedDate":"2025-01-23","isFullCredit":false}],"authorContributionMap":{"davidchongg":202}},{"path":"src/main/java/Event.java","fileType":"java","lines":[{"lineNumber":1,"author":{"gitId":"davidchongg"},"content":"public class Event extends Task {","lastModifiedDate":"2025-01-23","isFullCredit":false},{"lineNumber":2,"author":{"gitId":"davidchongg"},"content":"    String from;","lastModifiedDate":"2025-01-23","isFullCredit":false},{"lineNumber":3,"author":{"gitId":"davidchongg"},"content":"    String to;","lastModifiedDate":"2025-01-23","isFullCredit":false},{"lineNumber":4,"author":{"gitId":"davidchongg"},"content":"","lastModifiedDate":"2025-01-23","isFullCredit":false},{"lineNumber":5,"author":{"gitId":"davidchongg"},"content":"    public Event(String description, String from, String to) {","lastModifiedDate":"2025-01-23","isFullCredit":false},{"lineNumber":6,"author":{"gitId":"davidchongg"},"content":"        super(description);","lastModifiedDate":"2025-01-23","isFullCredit":false},{"lineNumber":7,"author":{"gitId":"davidchongg"},"content":"        this.from \u003d from;","lastModifiedDate":"2025-01-23","isFullCredit":false},{"lineNumber":8,"author":{"gitId":"davidchongg"},"content":"        this.to \u003d to;","lastModifiedDate":"2025-01-23","isFullCredit":false},{"lineNumber":9,"author":{"gitId":"davidchongg"},"content":"    }","lastModifiedDate":"2025-01-23","isFullCredit":false},{"lineNumber":10,"author":{"gitId":"davidchongg"},"content":"","lastModifiedDate":"2025-01-23","isFullCredit":false},{"lineNumber":11,"author":{"gitId":"davidchongg"},"content":"    @Override","lastModifiedDate":"2025-02-02","isFullCredit":false},{"lineNumber":12,"author":{"gitId":"davidchongg"},"content":"    public String toDataString() {","lastModifiedDate":"2025-02-02","isFullCredit":false},{"lineNumber":13,"author":{"gitId":"davidchongg"},"content":"        return \"T | \" + super.getStatusIcon() + \" | \" + this.description + \" | \" + this.from + \" | \" + this.to;","lastModifiedDate":"2025-02-02","isFullCredit":false},{"lineNumber":14,"author":{"gitId":"davidchongg"},"content":"    }","lastModifiedDate":"2025-02-02","isFullCredit":false},{"lineNumber":15,"author":{"gitId":"davidchongg"},"content":"","lastModifiedDate":"2025-02-02","isFullCredit":false},{"lineNumber":16,"author":{"gitId":"davidchongg"},"content":"    public String toString() {","lastModifiedDate":"2025-01-23","isFullCredit":false},{"lineNumber":17,"author":{"gitId":"davidchongg"},"content":"        return \"[E]\" + super.toString() + \" (from: \" + this.from + \" to: \" + this.to + \")\";","lastModifiedDate":"2025-01-23","isFullCredit":false},{"lineNumber":18,"author":{"gitId":"davidchongg"},"content":"    }","lastModifiedDate":"2025-01-23","isFullCredit":false},{"lineNumber":19,"author":{"gitId":"davidchongg"},"content":"","lastModifiedDate":"2025-01-23","isFullCredit":false},{"lineNumber":20,"author":{"gitId":"davidchongg"},"content":"}","lastModifiedDate":"2025-01-23","isFullCredit":false}],"authorContributionMap":{"davidchongg":20}},{"path":"src/main/java/EventTaskException.java","fileType":"java","lines":[{"lineNumber":1,"author":{"gitId":"davidchongg"},"content":"public class EventTaskException extends Exception {","lastModifiedDate":"2025-01-23","isFullCredit":false},{"lineNumber":2,"author":{"gitId":"davidchongg"},"content":"    public EventTaskException(String message) {","lastModifiedDate":"2025-01-23","isFullCredit":false},{"lineNumber":3,"author":{"gitId":"davidchongg"},"content":"        super(message);","lastModifiedDate":"2025-01-23","isFullCredit":false},{"lineNumber":4,"author":{"gitId":"davidchongg"},"content":"    }","lastModifiedDate":"2025-01-23","isFullCredit":false},{"lineNumber":5,"author":{"gitId":"davidchongg"},"content":"}","lastModifiedDate":"2025-01-23","isFullCredit":false}],"authorContributionMap":{"davidchongg":5}},{"path":"src/main/java/InvalidCommandException.java","fileType":"java","lines":[{"lineNumber":1,"author":{"gitId":"davidchongg"},"content":"public class InvalidCommandException extends Exception {","lastModifiedDate":"2025-01-23","isFullCredit":false},{"lineNumber":2,"author":{"gitId":"davidchongg"},"content":"    public InvalidCommandException(String message) {","lastModifiedDate":"2025-01-23","isFullCredit":false},{"lineNumber":3,"author":{"gitId":"davidchongg"},"content":"        super(message);","lastModifiedDate":"2025-01-23","isFullCredit":false},{"lineNumber":4,"author":{"gitId":"davidchongg"},"content":"    }","lastModifiedDate":"2025-01-23","isFullCredit":false},{"lineNumber":5,"author":{"gitId":"davidchongg"},"content":"}","lastModifiedDate":"2025-01-23","isFullCredit":false}],"authorContributionMap":{"davidchongg":5}},{"path":"src/main/java/InvalidTaskNumException.java","fileType":"java","lines":[{"lineNumber":1,"author":{"gitId":"davidchongg"},"content":"public class InvalidTaskNumException extends Exception {","lastModifiedDate":"2025-01-23","isFullCredit":false},{"lineNumber":2,"author":{"gitId":"davidchongg"},"content":"    public InvalidTaskNumException(String message) {","lastModifiedDate":"2025-01-23","isFullCredit":false},{"lineNumber":3,"author":{"gitId":"davidchongg"},"content":"        super(message);","lastModifiedDate":"2025-01-23","isFullCredit":false},{"lineNumber":4,"author":{"gitId":"davidchongg"},"content":"    }","lastModifiedDate":"2025-01-23","isFullCredit":false},{"lineNumber":5,"author":{"gitId":"davidchongg"},"content":"}","lastModifiedDate":"2025-01-23","isFullCredit":false}],"authorContributionMap":{"davidchongg":5}},{"path":"src/main/java/NotIntException.java","fileType":"java","lines":[{"lineNumber":1,"author":{"gitId":"davidchongg"},"content":"public class NotIntException extends Exception {","lastModifiedDate":"2025-01-23","isFullCredit":false},{"lineNumber":2,"author":{"gitId":"davidchongg"},"content":"    public NotIntException(String message) {","lastModifiedDate":"2025-01-23","isFullCredit":false},{"lineNumber":3,"author":{"gitId":"davidchongg"},"content":"        super(message);","lastModifiedDate":"2025-01-23","isFullCredit":false},{"lineNumber":4,"author":{"gitId":"davidchongg"},"content":"    }","lastModifiedDate":"2025-01-23","isFullCredit":false},{"lineNumber":5,"author":{"gitId":"davidchongg"},"content":"}","lastModifiedDate":"2025-01-23","isFullCredit":false}],"authorContributionMap":{"davidchongg":5}},{"path":"src/main/java/Task.java","fileType":"java","lines":[{"lineNumber":1,"author":{"gitId":"davidchongg"},"content":"public class Task {","lastModifiedDate":"2025-01-23","isFullCredit":false},{"lineNumber":2,"author":{"gitId":"davidchongg"},"content":"    protected String description;","lastModifiedDate":"2025-02-02","isFullCredit":false},{"lineNumber":3,"author":{"gitId":"davidchongg"},"content":"    private boolean isDone;","lastModifiedDate":"2025-01-23","isFullCredit":false},{"lineNumber":4,"author":{"gitId":"davidchongg"},"content":"","lastModifiedDate":"2025-01-23","isFullCredit":false},{"lineNumber":5,"author":{"gitId":"davidchongg"},"content":"    public Task(String description) {","lastModifiedDate":"2025-01-23","isFullCredit":false},{"lineNumber":6,"author":{"gitId":"davidchongg"},"content":"        this.description \u003d description;","lastModifiedDate":"2025-01-23","isFullCredit":false},{"lineNumber":7,"author":{"gitId":"davidchongg"},"content":"        this.isDone \u003d false;","lastModifiedDate":"2025-01-23","isFullCredit":false},{"lineNumber":8,"author":{"gitId":"davidchongg"},"content":"    }","lastModifiedDate":"2025-01-23","isFullCredit":false},{"lineNumber":9,"author":{"gitId":"davidchongg"},"content":"","lastModifiedDate":"2025-01-23","isFullCredit":false},{"lineNumber":10,"author":{"gitId":"davidchongg"},"content":"    public String getStatusIcon() {","lastModifiedDate":"2025-01-23","isFullCredit":false},{"lineNumber":11,"author":{"gitId":"davidchongg"},"content":"        return (isDone ? \"X\" : \" \");","lastModifiedDate":"2025-01-23","isFullCredit":false},{"lineNumber":12,"author":{"gitId":"davidchongg"},"content":"    }","lastModifiedDate":"2025-01-23","isFullCredit":false},{"lineNumber":13,"author":{"gitId":"davidchongg"},"content":"","lastModifiedDate":"2025-01-23","isFullCredit":false},{"lineNumber":14,"author":{"gitId":"davidchongg"},"content":"    public void markAsDone() {","lastModifiedDate":"2025-01-23","isFullCredit":false},{"lineNumber":15,"author":{"gitId":"davidchongg"},"content":"        isDone \u003d true;","lastModifiedDate":"2025-01-23","isFullCredit":false},{"lineNumber":16,"author":{"gitId":"davidchongg"},"content":"    };","lastModifiedDate":"2025-01-23","isFullCredit":false},{"lineNumber":17,"author":{"gitId":"davidchongg"},"content":"","lastModifiedDate":"2025-01-23","isFullCredit":false},{"lineNumber":18,"author":{"gitId":"davidchongg"},"content":"    public void markAsNotDone() {","lastModifiedDate":"2025-01-23","isFullCredit":false},{"lineNumber":19,"author":{"gitId":"davidchongg"},"content":"        isDone \u003d false;","lastModifiedDate":"2025-01-23","isFullCredit":false},{"lineNumber":20,"author":{"gitId":"davidchongg"},"content":"    };","lastModifiedDate":"2025-01-23","isFullCredit":false},{"lineNumber":21,"author":{"gitId":"davidchongg"},"content":"","lastModifiedDate":"2025-01-23","isFullCredit":false},{"lineNumber":22,"author":{"gitId":"davidchongg"},"content":"    public String toDataString() {","lastModifiedDate":"2025-02-02","isFullCredit":false},{"lineNumber":23,"author":{"gitId":"davidchongg"},"content":"        return description;","lastModifiedDate":"2025-02-02","isFullCredit":false},{"lineNumber":24,"author":{"gitId":"davidchongg"},"content":"    }","lastModifiedDate":"2025-02-02","isFullCredit":false},{"lineNumber":25,"author":{"gitId":"davidchongg"},"content":"","lastModifiedDate":"2025-02-02","isFullCredit":false},{"lineNumber":26,"author":{"gitId":"davidchongg"},"content":"    public String toString() {","lastModifiedDate":"2025-01-23","isFullCredit":false},{"lineNumber":27,"author":{"gitId":"davidchongg"},"content":"        return \"[\" + this.getStatusIcon() + \"] \" + this.description;","lastModifiedDate":"2025-01-23","isFullCredit":false},{"lineNumber":28,"author":{"gitId":"davidchongg"},"content":"    }","lastModifiedDate":"2025-01-23","isFullCredit":false},{"lineNumber":29,"author":{"gitId":"davidchongg"},"content":"}","lastModifiedDate":"2025-01-23","isFullCredit":false}],"authorContributionMap":{"davidchongg":29}},{"path":"src/main/java/ToDo.java","fileType":"java","lines":[{"lineNumber":1,"author":{"gitId":"davidchongg"},"content":"public class ToDo extends Task {","lastModifiedDate":"2025-01-23","isFullCredit":false},{"lineNumber":2,"author":{"gitId":"davidchongg"},"content":"    public ToDo(String description) {","lastModifiedDate":"2025-01-23","isFullCredit":false},{"lineNumber":3,"author":{"gitId":"davidchongg"},"content":"        super(description);","lastModifiedDate":"2025-01-23","isFullCredit":false},{"lineNumber":4,"author":{"gitId":"davidchongg"},"content":"    }","lastModifiedDate":"2025-01-23","isFullCredit":false},{"lineNumber":5,"author":{"gitId":"davidchongg"},"content":"","lastModifiedDate":"2025-01-23","isFullCredit":false},{"lineNumber":6,"author":{"gitId":"davidchongg"},"content":"    @Override","lastModifiedDate":"2025-02-02","isFullCredit":false},{"lineNumber":7,"author":{"gitId":"davidchongg"},"content":"    public String toDataString() {","lastModifiedDate":"2025-02-02","isFullCredit":false},{"lineNumber":8,"author":{"gitId":"davidchongg"},"content":"        return \"T | \" + super.getStatusIcon() + \" | \" + this.description;","lastModifiedDate":"2025-02-02","isFullCredit":false},{"lineNumber":9,"author":{"gitId":"davidchongg"},"content":"    }","lastModifiedDate":"2025-02-02","isFullCredit":false},{"lineNumber":10,"author":{"gitId":"davidchongg"},"content":"","lastModifiedDate":"2025-02-02","isFullCredit":false},{"lineNumber":11,"author":{"gitId":"davidchongg"},"content":"    public String toString() {","lastModifiedDate":"2025-01-23","isFullCredit":false},{"lineNumber":12,"author":{"gitId":"davidchongg"},"content":"        return \"[T]\" + super.toString();","lastModifiedDate":"2025-01-23","isFullCredit":false},{"lineNumber":13,"author":{"gitId":"davidchongg"},"content":"    }","lastModifiedDate":"2025-01-23","isFullCredit":false},{"lineNumber":14,"author":{"gitId":"davidchongg"},"content":"}","lastModifiedDate":"2025-01-23","isFullCredit":false}],"authorContributionMap":{"davidchongg":14}},{"path":"text-ui-test/input.txt","fileType":"txt","lines":[{"lineNumber":1,"author":{"gitId":"davidchongg"},"content":"todo borrow book","lastModifiedDate":"2025-01-23","isFullCredit":false},{"lineNumber":2,"author":{"gitId":"davidchongg"},"content":"deadline return book /by Sunday","lastModifiedDate":"2025-01-23","isFullCredit":false},{"lineNumber":3,"author":{"gitId":"davidchongg"},"content":"event project meeting /from Mon 2pm /to 4pm","lastModifiedDate":"2025-01-23","isFullCredit":false},{"lineNumber":4,"author":{"gitId":"davidchongg"},"content":"list","lastModifiedDate":"2025-01-23","isFullCredit":false},{"lineNumber":5,"author":{"gitId":"davidchongg"},"content":"mark 1","lastModifiedDate":"2025-01-23","isFullCredit":false},{"lineNumber":6,"author":{"gitId":"davidchongg"},"content":"mark 2","lastModifiedDate":"2025-01-23","isFullCredit":false},{"lineNumber":7,"author":{"gitId":"davidchongg"},"content":"unmark 1","lastModifiedDate":"2025-01-23","isFullCredit":false},{"lineNumber":8,"author":{"gitId":"davidchongg"},"content":"list","lastModifiedDate":"2025-01-23","isFullCredit":false},{"lineNumber":9,"author":{"gitId":"davidchongg"},"content":"bye","lastModifiedDate":"2025-01-23","isFullCredit":false}],"authorContributionMap":{"davidchongg":9}},{"path":"text-ui-test/runtest.bat","fileType":"bat","lines":[{"lineNumber":1,"author":{"gitId":"-"},"content":"@ECHO OFF","lastModifiedDate":"2020-05-25","isFullCredit":false},{"lineNumber":2,"author":{"gitId":"-"},"content":"","lastModifiedDate":"2020-05-25","isFullCredit":false},{"lineNumber":3,"author":{"gitId":"-"},"content":"REM create bin directory if it doesn\u0027t exist","lastModifiedDate":"2020-05-25","isFullCredit":false},{"lineNumber":4,"author":{"gitId":"-"},"content":"if not exist ..\\bin mkdir ..\\bin","lastModifiedDate":"2020-05-25","isFullCredit":false},{"lineNumber":5,"author":{"gitId":"-"},"content":"","lastModifiedDate":"2020-05-25","isFullCredit":false},{"lineNumber":6,"author":{"gitId":"-"},"content":"REM delete output from previous run","lastModifiedDate":"2020-05-25","isFullCredit":false},{"lineNumber":7,"author":{"gitId":"-"},"content":"if exist ACTUAL.TXT del ACTUAL.TXT","lastModifiedDate":"2020-08-25","isFullCredit":false},{"lineNumber":8,"author":{"gitId":"-"},"content":"","lastModifiedDate":"2020-05-25","isFullCredit":false},{"lineNumber":9,"author":{"gitId":"-"},"content":"REM compile the code into the bin folder","lastModifiedDate":"2020-05-25","isFullCredit":false},{"lineNumber":10,"author":{"gitId":"-"},"content":"javac  -cp ..\\src\\main\\java -Xlint:none -d ..\\bin ..\\src\\main\\java\\*.java","lastModifiedDate":"2020-08-25","isFullCredit":false},{"lineNumber":11,"author":{"gitId":"-"},"content":"IF ERRORLEVEL 1 (","lastModifiedDate":"2020-05-25","isFullCredit":false},{"lineNumber":12,"author":{"gitId":"-"},"content":"    echo ********** BUILD FAILURE **********","lastModifiedDate":"2020-05-25","isFullCredit":false},{"lineNumber":13,"author":{"gitId":"-"},"content":"    exit /b 1","lastModifiedDate":"2020-05-25","isFullCredit":false},{"lineNumber":14,"author":{"gitId":"-"},"content":")","lastModifiedDate":"2020-05-25","isFullCredit":false},{"lineNumber":15,"author":{"gitId":"-"},"content":"REM no error here, errorlevel \u003d\u003d 0","lastModifiedDate":"2020-05-25","isFullCredit":false},{"lineNumber":16,"author":{"gitId":"-"},"content":"","lastModifiedDate":"2020-05-25","isFullCredit":false},{"lineNumber":17,"author":{"gitId":"-"},"content":"REM run the program, feed commands from input.txt file and redirect the output to the ACTUAL.TXT","lastModifiedDate":"2020-05-25","isFullCredit":false},{"lineNumber":18,"author":{"gitId":"davidchongg"},"content":"java -classpath ..\\bin Eve \u003c input.txt \u003e ACTUAL.TXT","lastModifiedDate":"2025-01-23","isFullCredit":false},{"lineNumber":19,"author":{"gitId":"-"},"content":"","lastModifiedDate":"2020-05-25","isFullCredit":false},{"lineNumber":20,"author":{"gitId":"-"},"content":"REM compare the output to the expected output","lastModifiedDate":"2020-05-25","isFullCredit":false},{"lineNumber":21,"author":{"gitId":"-"},"content":"FC ACTUAL.TXT EXPECTED.TXT","lastModifiedDate":"2020-05-25","isFullCredit":false}],"authorContributionMap":{"davidchongg":1,"-":20}}]
