{"authorDailyContributionsMap":{"davidchongg":[{"date":"2025-01-23","commitResults":[{"hash":"d6896b8e8e7e6cb38545432e0967b03d13e50e98","isMergeCommit":false,"messageTitle":"Change Duke to Eve and implement level 0","messageBody":"","tags":["Level-0"],"fileTypesAndContributionMap":{"java":{"insertions":22,"deletions":10}}},{"hash":"3a17445b9e7b0bc248fd928e1e8c20fd638d6a1f","isMergeCommit":false,"messageTitle":"Eve.java: Implement level-1 (echo commands)","messageBody":"","tags":["Level-1"],"fileTypesAndContributionMap":{"java":{"insertions":10,"deletions":1}}},{"hash":"6e00f3a6be57b7f359c28ad68ab14ddc7b8ff156","isMergeCommit":false,"messageTitle":"Eve.java: implement level-2 (add to list and print list)","messageBody":"","tags":["Level-2"],"fileTypesAndContributionMap":{"java":{"insertions":18,"deletions":1}}},{"hash":"3551cecdbe55e04b8ed0d0ced709590c1223f248","isMergeCommit":false,"messageTitle":"add Task.java; Eve.java: implement mark as done","messageBody":"","tags":["Level-3"],"fileTypesAndContributionMap":{"java":{"insertions":65,"deletions":16}}},{"hash":"c02f811f3626288b043def3d9476e2fb0c9af186","isMergeCommit":false,"messageTitle":"add ToDo.java, Deadline.java, Event.java; Eve.java: implement todo, event \u0026 deadline tasks","messageBody":"","tags":["Level-4"],"fileTypesAndContributionMap":{"java":{"insertions":52,"deletions":4}}},{"hash":"a374c21ec77bb172c8d66d3d8ba5d72d6155e10e","isMergeCommit":false,"messageTitle":"Perform automated text ui testing","messageBody":"","tags":["A-TextUiTesting"],"fileTypesAndContributionMap":{"txt":{"insertions":9,"deletions":0},"bat":{"insertions":1,"deletions":1}}},{"hash":"fb49541b7ae126a7ea7573ec4f28308d713e880d","isMergeCommit":false,"messageTitle":"Handle exceptions","messageBody":"","fileTypesAndContributionMap":{"java":{"insertions":20,"deletions":0}}},{"hash":"b7c18527f3ac56c0c0aee62cbc0a9185090f0d50","isMergeCommit":false,"messageTitle":"Handle exceptions (fixed adding issue)","messageBody":"","tags":["Level-6","Level-5"],"fileTypesAndContributionMap":{"java":{"insertions":103,"deletions":40}}}]}]},"authorFileTypeContributionMap":{"davidchongg":{"java":228,"md":0,"fxml":0,"sh":0,"bat":1,"gradle":0,"txt":9}},"authorContributionVariance":{"davidchongg":9227.944},"authorDisplayNameMap":{"davidchongg":"DAVI.. WEI"}}
