[{"path":"src/main/java/Alice.java","fileType":"java","lines":[{"lineNumber":1,"author":{"gitId":"kerktaiheng"},"content":"import java.util.ArrayList;","lastModifiedDate":"2025-01-23","isFullCredit":false},{"lineNumber":2,"author":{"gitId":"kerktaiheng"},"content":"import java.util.List;","lastModifiedDate":"2025-01-23","isFullCredit":false},{"lineNumber":3,"author":{"gitId":"kerktaiheng"},"content":"import java.util.Scanner;","lastModifiedDate":"2025-01-24","isFullCredit":false},{"lineNumber":4,"author":{"gitId":"kerktaiheng"},"content":"","lastModifiedDate":"2025-01-23","isFullCredit":false},{"lineNumber":5,"author":{"gitId":"kerktaiheng"},"content":"public class Alice {","lastModifiedDate":"2025-01-23","isFullCredit":false},{"lineNumber":6,"author":{"gitId":"kerktaiheng"},"content":"    public static void main(String[] args) {","lastModifiedDate":"2025-01-23","isFullCredit":false},{"lineNumber":7,"author":{"gitId":"kerktaiheng"},"content":"        List\u003cTask\u003e list \u003d new ArrayList\u003c\u003e();","lastModifiedDate":"2025-01-23","isFullCredit":false},{"lineNumber":8,"author":{"gitId":"kerktaiheng"},"content":"        Scanner sc \u003d new Scanner(System.in);","lastModifiedDate":"2025-01-24","isFullCredit":false},{"lineNumber":9,"author":{"gitId":"kerktaiheng"},"content":"        final String ERRORMSG \u003d \"Huh????\";","lastModifiedDate":"2025-01-24","isFullCredit":false},{"lineNumber":10,"author":{"gitId":"kerktaiheng"},"content":"        String logo \u003d ","lastModifiedDate":"2025-01-23","isFullCredit":false},{"lineNumber":11,"author":{"gitId":"kerktaiheng"},"content":"            \"   ,---,        ,--,                                 \\n\" +","lastModifiedDate":"2025-01-23","isFullCredit":false},{"lineNumber":12,"author":{"gitId":"kerktaiheng"},"content":"            \"  \u0027  .\u0027 \\\\     ,--.\u0027|     ,--,                        \\n\" +","lastModifiedDate":"2025-01-23","isFullCredit":false},{"lineNumber":13,"author":{"gitId":"kerktaiheng"},"content":"            \" /  ;    \u0027.   |  | :   ,--.\u0027|                        \\n\" +","lastModifiedDate":"2025-01-23","isFullCredit":false},{"lineNumber":14,"author":{"gitId":"kerktaiheng"},"content":"            \":  :       \\\\  :  : \u0027   |  |,                         \\n\" +","lastModifiedDate":"2025-01-23","isFullCredit":false},{"lineNumber":15,"author":{"gitId":"kerktaiheng"},"content":"            \":  |   /\\\\   \\\\ |  \u0027 |   `--\u0027_       ,---.     ,---.   \\n\" +","lastModifiedDate":"2025-01-23","isFullCredit":false},{"lineNumber":16,"author":{"gitId":"kerktaiheng"},"content":"            \"|  :  \u0027 ;.   :\u0027  | |   ,\u0027 ,\u0027|     /     \\\\   /     \\\\  \\n\" +","lastModifiedDate":"2025-01-23","isFullCredit":false},{"lineNumber":17,"author":{"gitId":"kerktaiheng"},"content":"            \"|  |  ;/  \\\\   \\\\  | :   \u0027  | |    /    / \u0027  /    /  | \\n\" +","lastModifiedDate":"2025-01-23","isFullCredit":false},{"lineNumber":18,"author":{"gitId":"kerktaiheng"},"content":"            \"\u0027  :  | \\\\  \\\\ ,\u0027  : |__ |  | :   .    \u0027 /  .    \u0027 / | \\n\" +","lastModifiedDate":"2025-01-23","isFullCredit":false},{"lineNumber":19,"author":{"gitId":"kerktaiheng"},"content":"            \"|  |  \u0027  \u0027--\u0027 |  | \u0027.\u0027|\u0027  : |__ \u0027   ; :__ \u0027   ;   /| \\n\" +","lastModifiedDate":"2025-01-23","isFullCredit":false},{"lineNumber":20,"author":{"gitId":"kerktaiheng"},"content":"            \"|  :  :       ;  :    ;|  | \u0027.\u0027|\u0027   | \u0027.\u0027|\u0027   |  / | \\n\" +","lastModifiedDate":"2025-01-23","isFullCredit":false},{"lineNumber":21,"author":{"gitId":"kerktaiheng"},"content":"            \"|  | ,\u0027       |  ,   / ;  :    ;|   :    :|   :    | \\n\" +","lastModifiedDate":"2025-01-23","isFullCredit":false},{"lineNumber":22,"author":{"gitId":"kerktaiheng"},"content":"            \"`--\u0027\u0027          ---`-\u0027  |  ,   /  \\\\   \\\\  /  \\\\   \\\\  /  \\n\" +","lastModifiedDate":"2025-01-23","isFullCredit":false},{"lineNumber":23,"author":{"gitId":"kerktaiheng"},"content":"            \"                        ---`-\u0027    `----\u0027    `----\u0027   \\n\";","lastModifiedDate":"2025-01-23","isFullCredit":false},{"lineNumber":24,"author":{"gitId":"kerktaiheng"},"content":"        System.out.println(\"Hello from\\n\\n\" + logo + \"\\n\\n\");","lastModifiedDate":"2025-01-23","isFullCredit":false},{"lineNumber":25,"author":{"gitId":"kerktaiheng"},"content":"        System.out.println(\"What can I do for you today?\\n\");","lastModifiedDate":"2025-01-23","isFullCredit":false},{"lineNumber":26,"author":{"gitId":"kerktaiheng"},"content":"        while (sc.hasNextLine()) {","lastModifiedDate":"2025-01-24","isFullCredit":false},{"lineNumber":27,"author":{"gitId":"kerktaiheng"},"content":"            System.out.println(\"\");","lastModifiedDate":"2025-01-24","isFullCredit":false},{"lineNumber":28,"author":{"gitId":"kerktaiheng"},"content":"            String input \u003d sc.nextLine();","lastModifiedDate":"2025-01-24","isFullCredit":false},{"lineNumber":29,"author":{"gitId":"kerktaiheng"},"content":"            String[] varargs \u003d input.split(\"\\\\s+\");","lastModifiedDate":"2025-01-23","isFullCredit":false},{"lineNumber":30,"author":{"gitId":"kerktaiheng"},"content":"            if (varargs.length \u003d\u003d 1 \u0026\u0026 varargs[0].equals(\"bye\")) {","lastModifiedDate":"2025-01-23","isFullCredit":false},{"lineNumber":31,"author":{"gitId":"kerktaiheng"},"content":"                break;","lastModifiedDate":"2025-01-23","isFullCredit":false},{"lineNumber":32,"author":{"gitId":"kerktaiheng"},"content":"            } else if (varargs.length \u003d\u003d 1 \u0026\u0026 varargs[0].equals((\"list\"))) {","lastModifiedDate":"2025-01-24","isFullCredit":false},{"lineNumber":33,"author":{"gitId":"kerktaiheng"},"content":"                for (int i \u003d 0; i \u003c list.size(); i++) {","lastModifiedDate":"2025-01-23","isFullCredit":false},{"lineNumber":34,"author":{"gitId":"kerktaiheng"},"content":"                    System.out.println(i + 1 + \". \" +  list.get(i));","lastModifiedDate":"2025-01-23","isFullCredit":false},{"lineNumber":35,"author":{"gitId":"kerktaiheng"},"content":"                }","lastModifiedDate":"2025-01-23","isFullCredit":false},{"lineNumber":36,"author":{"gitId":"kerktaiheng"},"content":"                continue;","lastModifiedDate":"2025-01-23","isFullCredit":false},{"lineNumber":37,"author":{"gitId":"kerktaiheng"},"content":"            } else if (varargs.length \u003d\u003d 2 \u0026\u0026 varargs[0].equals(\"mark\")) {","lastModifiedDate":"2025-01-24","isFullCredit":false},{"lineNumber":38,"author":{"gitId":"kerktaiheng"},"content":"                try {","lastModifiedDate":"2025-01-23","isFullCredit":false},{"lineNumber":39,"author":{"gitId":"kerktaiheng"},"content":"                    int index \u003d Integer.parseInt(varargs[1]);","lastModifiedDate":"2025-01-23","isFullCredit":false},{"lineNumber":40,"author":{"gitId":"kerktaiheng"},"content":"                    if (index \u003e 0 \u0026\u0026 index \u003c\u003d list.size()) {","lastModifiedDate":"2025-01-23","isFullCredit":false},{"lineNumber":41,"author":{"gitId":"kerktaiheng"},"content":"                        Task task \u003d list.get(index - 1);","lastModifiedDate":"2025-01-23","isFullCredit":false},{"lineNumber":42,"author":{"gitId":"kerktaiheng"},"content":"                        task.isDone \u003d true;","lastModifiedDate":"2025-01-23","isFullCredit":false},{"lineNumber":43,"author":{"gitId":"kerktaiheng"},"content":"                        System.out.println(\"Nice! I\u0027ve marked this task as done:\");","lastModifiedDate":"2025-01-23","isFullCredit":false},{"lineNumber":44,"author":{"gitId":"kerktaiheng"},"content":"                        System.out.println(list.get(index - 1));","lastModifiedDate":"2025-01-23","isFullCredit":false},{"lineNumber":45,"author":{"gitId":"kerktaiheng"},"content":"                    } else {","lastModifiedDate":"2025-01-23","isFullCredit":false},{"lineNumber":46,"author":{"gitId":"kerktaiheng"},"content":"                        System.out.println(\"Invalid index\");","lastModifiedDate":"2025-01-23","isFullCredit":false},{"lineNumber":47,"author":{"gitId":"kerktaiheng"},"content":"                    }","lastModifiedDate":"2025-01-23","isFullCredit":false},{"lineNumber":48,"author":{"gitId":"kerktaiheng"},"content":"                } catch (NumberFormatException e) {","lastModifiedDate":"2025-01-23","isFullCredit":false},{"lineNumber":49,"author":{"gitId":"kerktaiheng"},"content":"                    System.out.println(\"Invalid index\");","lastModifiedDate":"2025-01-23","isFullCredit":false},{"lineNumber":50,"author":{"gitId":"kerktaiheng"},"content":"                } catch (IndexOutOfBoundsException e) {","lastModifiedDate":"2025-01-23","isFullCredit":false},{"lineNumber":51,"author":{"gitId":"kerktaiheng"},"content":"                    System.out.println(\"Invalid index\");","lastModifiedDate":"2025-01-23","isFullCredit":false},{"lineNumber":52,"author":{"gitId":"kerktaiheng"},"content":"                }","lastModifiedDate":"2025-01-23","isFullCredit":false},{"lineNumber":53,"author":{"gitId":"kerktaiheng"},"content":"                continue;","lastModifiedDate":"2025-01-23","isFullCredit":false},{"lineNumber":54,"author":{"gitId":"kerktaiheng"},"content":"            } else if (varargs.length \u003d\u003d 2 \u0026\u0026 varargs[0].equals(\"unmark\")) {","lastModifiedDate":"2025-01-24","isFullCredit":false},{"lineNumber":55,"author":{"gitId":"kerktaiheng"},"content":"                try {","lastModifiedDate":"2025-01-23","isFullCredit":false},{"lineNumber":56,"author":{"gitId":"kerktaiheng"},"content":"                    int index \u003d Integer.parseInt(varargs[1]);","lastModifiedDate":"2025-01-23","isFullCredit":false},{"lineNumber":57,"author":{"gitId":"kerktaiheng"},"content":"                    if (index \u003e 0 \u0026\u0026 index \u003c\u003d list.size()) {","lastModifiedDate":"2025-01-23","isFullCredit":false},{"lineNumber":58,"author":{"gitId":"kerktaiheng"},"content":"                        Task task \u003d list.get(index - 1);","lastModifiedDate":"2025-01-23","isFullCredit":false},{"lineNumber":59,"author":{"gitId":"kerktaiheng"},"content":"                        task.isDone \u003d false;","lastModifiedDate":"2025-01-23","isFullCredit":false},{"lineNumber":60,"author":{"gitId":"kerktaiheng"},"content":"                        System.out.println(\"Please stop slacking off:\");","lastModifiedDate":"2025-01-23","isFullCredit":false},{"lineNumber":61,"author":{"gitId":"kerktaiheng"},"content":"                        System.out.println(list.get(index - 1));","lastModifiedDate":"2025-01-23","isFullCredit":false},{"lineNumber":62,"author":{"gitId":"kerktaiheng"},"content":"                    } else {","lastModifiedDate":"2025-01-23","isFullCredit":false},{"lineNumber":63,"author":{"gitId":"kerktaiheng"},"content":"                        System.out.println(\"Invalid index\");","lastModifiedDate":"2025-01-23","isFullCredit":false},{"lineNumber":64,"author":{"gitId":"kerktaiheng"},"content":"                    }","lastModifiedDate":"2025-01-23","isFullCredit":false},{"lineNumber":65,"author":{"gitId":"kerktaiheng"},"content":"                } catch (NumberFormatException e) {","lastModifiedDate":"2025-01-23","isFullCredit":false},{"lineNumber":66,"author":{"gitId":"kerktaiheng"},"content":"                    System.out.println(\"Invalid index\");","lastModifiedDate":"2025-01-23","isFullCredit":false},{"lineNumber":67,"author":{"gitId":"kerktaiheng"},"content":"                } catch (IndexOutOfBoundsException e) {","lastModifiedDate":"2025-01-23","isFullCredit":false},{"lineNumber":68,"author":{"gitId":"kerktaiheng"},"content":"                    System.out.println(\"Invalid index\");","lastModifiedDate":"2025-01-23","isFullCredit":false},{"lineNumber":69,"author":{"gitId":"kerktaiheng"},"content":"                }","lastModifiedDate":"2025-01-23","isFullCredit":false},{"lineNumber":70,"author":{"gitId":"kerktaiheng"},"content":"                continue;","lastModifiedDate":"2025-01-23","isFullCredit":false},{"lineNumber":71,"author":{"gitId":"kerktaiheng"},"content":"            } else if (varargs.length \u003d\u003d 2 \u0026\u0026 varargs[0].equals(\"delete\")) {","lastModifiedDate":"2025-01-24","isFullCredit":false},{"lineNumber":72,"author":{"gitId":"kerktaiheng"},"content":"                try {","lastModifiedDate":"2025-01-24","isFullCredit":false},{"lineNumber":73,"author":{"gitId":"kerktaiheng"},"content":"                    int index \u003d Integer.parseInt(varargs[1]);","lastModifiedDate":"2025-01-24","isFullCredit":false},{"lineNumber":74,"author":{"gitId":"kerktaiheng"},"content":"                    if (index \u003e 0 \u0026\u0026 index \u003c\u003d list.size()) {","lastModifiedDate":"2025-01-24","isFullCredit":false},{"lineNumber":75,"author":{"gitId":"kerktaiheng"},"content":"                        Task task \u003d list.get(index - 1);","lastModifiedDate":"2025-01-24","isFullCredit":false},{"lineNumber":76,"author":{"gitId":"kerktaiheng"},"content":"                        System.out.println(\"Can\u0027t wait to hear your sh*tty excuse this time:\");","lastModifiedDate":"2025-01-24","isFullCredit":false},{"lineNumber":77,"author":{"gitId":"kerktaiheng"},"content":"                        System.out.println(list.get(index - 1));","lastModifiedDate":"2025-01-24","isFullCredit":false},{"lineNumber":78,"author":{"gitId":"kerktaiheng"},"content":"                        list.remove(index - 1);","lastModifiedDate":"2025-01-24","isFullCredit":false},{"lineNumber":79,"author":{"gitId":"kerktaiheng"},"content":"                        System.out.println(\"Now you have \" + list.size() + \" tasks in the list.\");","lastModifiedDate":"2025-01-24","isFullCredit":false},{"lineNumber":80,"author":{"gitId":"kerktaiheng"},"content":"                    } else {","lastModifiedDate":"2025-01-24","isFullCredit":false},{"lineNumber":81,"author":{"gitId":"kerktaiheng"},"content":"                        System.out.println(\"Invalid index\");","lastModifiedDate":"2025-01-24","isFullCredit":false},{"lineNumber":82,"author":{"gitId":"kerktaiheng"},"content":"                    }","lastModifiedDate":"2025-01-24","isFullCredit":false},{"lineNumber":83,"author":{"gitId":"kerktaiheng"},"content":"                } catch (NumberFormatException e) {","lastModifiedDate":"2025-01-24","isFullCredit":false},{"lineNumber":84,"author":{"gitId":"kerktaiheng"},"content":"                    System.out.println(\"Invalid index\");","lastModifiedDate":"2025-01-24","isFullCredit":false},{"lineNumber":85,"author":{"gitId":"kerktaiheng"},"content":"                } catch (IndexOutOfBoundsException e) {","lastModifiedDate":"2025-01-24","isFullCredit":false},{"lineNumber":86,"author":{"gitId":"kerktaiheng"},"content":"                    System.out.println(\"Invalid index\");","lastModifiedDate":"2025-01-24","isFullCredit":false},{"lineNumber":87,"author":{"gitId":"kerktaiheng"},"content":"                }","lastModifiedDate":"2025-01-24","isFullCredit":false},{"lineNumber":88,"author":{"gitId":"kerktaiheng"},"content":"                continue;","lastModifiedDate":"2025-01-24","isFullCredit":false},{"lineNumber":89,"author":{"gitId":"kerktaiheng"},"content":"            }","lastModifiedDate":"2025-01-23","isFullCredit":false},{"lineNumber":90,"author":{"gitId":"kerktaiheng"},"content":"            else {","lastModifiedDate":"2025-01-23","isFullCredit":false},{"lineNumber":91,"author":{"gitId":"kerktaiheng"},"content":"                StringBuilder sb;","lastModifiedDate":"2025-01-23","isFullCredit":false},{"lineNumber":92,"author":{"gitId":"kerktaiheng"},"content":"                String name;","lastModifiedDate":"2025-01-23","isFullCredit":false},{"lineNumber":93,"author":{"gitId":"kerktaiheng"},"content":"                String by;","lastModifiedDate":"2025-01-23","isFullCredit":false},{"lineNumber":94,"author":{"gitId":"kerktaiheng"},"content":"                String from;","lastModifiedDate":"2025-01-23","isFullCredit":false},{"lineNumber":95,"author":{"gitId":"kerktaiheng"},"content":"                String to;","lastModifiedDate":"2025-01-23","isFullCredit":false},{"lineNumber":96,"author":{"gitId":"kerktaiheng"},"content":"                switch (varargs[0]) {","lastModifiedDate":"2025-01-23","isFullCredit":false},{"lineNumber":97,"author":{"gitId":"kerktaiheng"},"content":"                    case \"todo\":","lastModifiedDate":"2025-01-23","isFullCredit":false},{"lineNumber":98,"author":{"gitId":"kerktaiheng"},"content":"                        sb \u003d new StringBuilder();","lastModifiedDate":"2025-01-23","isFullCredit":false},{"lineNumber":99,"author":{"gitId":"kerktaiheng"},"content":"                        for (int i \u003d 1; i \u003c varargs.length; i++) {","lastModifiedDate":"2025-01-23","isFullCredit":false},{"lineNumber":100,"author":{"gitId":"kerktaiheng"},"content":"                            sb.append(varargs[i]);","lastModifiedDate":"2025-01-23","isFullCredit":false},{"lineNumber":101,"author":{"gitId":"kerktaiheng"},"content":"                            sb.append(\" \");","lastModifiedDate":"2025-01-23","isFullCredit":false},{"lineNumber":102,"author":{"gitId":"kerktaiheng"},"content":"                        }","lastModifiedDate":"2025-01-23","isFullCredit":false},{"lineNumber":103,"author":{"gitId":"kerktaiheng"},"content":"                        name \u003d sb.toString().trim();","lastModifiedDate":"2025-01-23","isFullCredit":false},{"lineNumber":104,"author":{"gitId":"kerktaiheng"},"content":"                        if (name.equals(\"\")) {","lastModifiedDate":"2025-01-24","isFullCredit":false},{"lineNumber":105,"author":{"gitId":"kerktaiheng"},"content":"                            System.out.println(ERRORMSG);","lastModifiedDate":"2025-01-24","isFullCredit":false},{"lineNumber":106,"author":{"gitId":"kerktaiheng"},"content":"                            break;","lastModifiedDate":"2025-01-24","isFullCredit":false},{"lineNumber":107,"author":{"gitId":"kerktaiheng"},"content":"                        }","lastModifiedDate":"2025-01-24","isFullCredit":false},{"lineNumber":108,"author":{"gitId":"kerktaiheng"},"content":"                        Todo todo \u003d new Todo(name);","lastModifiedDate":"2025-01-23","isFullCredit":false},{"lineNumber":109,"author":{"gitId":"kerktaiheng"},"content":"                        list.add(todo);","lastModifiedDate":"2025-01-23","isFullCredit":false},{"lineNumber":110,"author":{"gitId":"kerktaiheng"},"content":"                        System.out.println(\"Got it. I\u0027ve added this task:\");","lastModifiedDate":"2025-01-23","isFullCredit":false},{"lineNumber":111,"author":{"gitId":"kerktaiheng"},"content":"                        System.out.println(todo);","lastModifiedDate":"2025-01-23","isFullCredit":false},{"lineNumber":112,"author":{"gitId":"kerktaiheng"},"content":"                        System.out.println(\"Now you have \" + list.size() + \" tasks in the list.\");","lastModifiedDate":"2025-01-23","isFullCredit":false},{"lineNumber":113,"author":{"gitId":"kerktaiheng"},"content":"                        break;","lastModifiedDate":"2025-01-23","isFullCredit":false},{"lineNumber":114,"author":{"gitId":"kerktaiheng"},"content":"                    case \"deadline\":","lastModifiedDate":"2025-01-23","isFullCredit":false},{"lineNumber":115,"author":{"gitId":"kerktaiheng"},"content":"                        sb \u003d new StringBuilder();","lastModifiedDate":"2025-01-23","isFullCredit":false},{"lineNumber":116,"author":{"gitId":"kerktaiheng"},"content":"                        int i \u003d 1;","lastModifiedDate":"2025-01-23","isFullCredit":false},{"lineNumber":117,"author":{"gitId":"kerktaiheng"},"content":"                        while (!varargs[i].equals(\"/by\")) {","lastModifiedDate":"2025-01-23","isFullCredit":false},{"lineNumber":118,"author":{"gitId":"kerktaiheng"},"content":"                            sb.append(varargs[i]);","lastModifiedDate":"2025-01-23","isFullCredit":false},{"lineNumber":119,"author":{"gitId":"kerktaiheng"},"content":"                            sb.append(\" \");","lastModifiedDate":"2025-01-23","isFullCredit":false},{"lineNumber":120,"author":{"gitId":"kerktaiheng"},"content":"                            i++;","lastModifiedDate":"2025-01-23","isFullCredit":false},{"lineNumber":121,"author":{"gitId":"kerktaiheng"},"content":"                        }","lastModifiedDate":"2025-01-23","isFullCredit":false},{"lineNumber":122,"author":{"gitId":"kerktaiheng"},"content":"                        name \u003d sb.toString().trim();","lastModifiedDate":"2025-01-23","isFullCredit":false},{"lineNumber":123,"author":{"gitId":"kerktaiheng"},"content":"                        sb \u003d new StringBuilder();","lastModifiedDate":"2025-01-23","isFullCredit":false},{"lineNumber":124,"author":{"gitId":"kerktaiheng"},"content":"                        i++;","lastModifiedDate":"2025-01-23","isFullCredit":false},{"lineNumber":125,"author":{"gitId":"kerktaiheng"},"content":"                        while (i \u003c varargs.length) {","lastModifiedDate":"2025-01-23","isFullCredit":false},{"lineNumber":126,"author":{"gitId":"kerktaiheng"},"content":"                            sb.append(varargs[i]);","lastModifiedDate":"2025-01-23","isFullCredit":false},{"lineNumber":127,"author":{"gitId":"kerktaiheng"},"content":"                            sb.append(\" \");","lastModifiedDate":"2025-01-23","isFullCredit":false},{"lineNumber":128,"author":{"gitId":"kerktaiheng"},"content":"                            i++;","lastModifiedDate":"2025-01-23","isFullCredit":false},{"lineNumber":129,"author":{"gitId":"kerktaiheng"},"content":"                        }","lastModifiedDate":"2025-01-23","isFullCredit":false},{"lineNumber":130,"author":{"gitId":"kerktaiheng"},"content":"                        by \u003d sb.toString().trim();","lastModifiedDate":"2025-01-23","isFullCredit":false},{"lineNumber":131,"author":{"gitId":"kerktaiheng"},"content":"                        if (name.equals(\"\") || by.equals(\"\")) {","lastModifiedDate":"2025-01-24","isFullCredit":false},{"lineNumber":132,"author":{"gitId":"kerktaiheng"},"content":"                            System.out.println(ERRORMSG);","lastModifiedDate":"2025-01-24","isFullCredit":false},{"lineNumber":133,"author":{"gitId":"kerktaiheng"},"content":"                            break;","lastModifiedDate":"2025-01-24","isFullCredit":false},{"lineNumber":134,"author":{"gitId":"kerktaiheng"},"content":"                        }","lastModifiedDate":"2025-01-24","isFullCredit":false},{"lineNumber":135,"author":{"gitId":"kerktaiheng"},"content":"                        Deadline deadline \u003d new Deadline(name, by);","lastModifiedDate":"2025-01-23","isFullCredit":false},{"lineNumber":136,"author":{"gitId":"kerktaiheng"},"content":"                        list.add(deadline);","lastModifiedDate":"2025-01-23","isFullCredit":false},{"lineNumber":137,"author":{"gitId":"kerktaiheng"},"content":"                        System.out.println(\"Got it. I\u0027ve added this task:\");","lastModifiedDate":"2025-01-23","isFullCredit":false},{"lineNumber":138,"author":{"gitId":"kerktaiheng"},"content":"                        System.out.println(deadline);","lastModifiedDate":"2025-01-23","isFullCredit":false},{"lineNumber":139,"author":{"gitId":"kerktaiheng"},"content":"                        System.out.println(\"Now you have \" + list.size() + \" tasks in the list.\");","lastModifiedDate":"2025-01-23","isFullCredit":false},{"lineNumber":140,"author":{"gitId":"kerktaiheng"},"content":"                        break;","lastModifiedDate":"2025-01-23","isFullCredit":false},{"lineNumber":141,"author":{"gitId":"kerktaiheng"},"content":"                    case \"event\":","lastModifiedDate":"2025-01-23","isFullCredit":false},{"lineNumber":142,"author":{"gitId":"kerktaiheng"},"content":"                        sb \u003d new StringBuilder();","lastModifiedDate":"2025-01-23","isFullCredit":false},{"lineNumber":143,"author":{"gitId":"kerktaiheng"},"content":"                        int j \u003d 1;","lastModifiedDate":"2025-01-23","isFullCredit":false},{"lineNumber":144,"author":{"gitId":"kerktaiheng"},"content":"                        while (!varargs[j].equals(\"/from\")) {","lastModifiedDate":"2025-01-23","isFullCredit":false},{"lineNumber":145,"author":{"gitId":"kerktaiheng"},"content":"                            sb.append(varargs[j]);","lastModifiedDate":"2025-01-23","isFullCredit":false},{"lineNumber":146,"author":{"gitId":"kerktaiheng"},"content":"                            sb.append(\" \");","lastModifiedDate":"2025-01-23","isFullCredit":false},{"lineNumber":147,"author":{"gitId":"kerktaiheng"},"content":"                            j++;","lastModifiedDate":"2025-01-23","isFullCredit":false},{"lineNumber":148,"author":{"gitId":"kerktaiheng"},"content":"                        }","lastModifiedDate":"2025-01-23","isFullCredit":false},{"lineNumber":149,"author":{"gitId":"kerktaiheng"},"content":"                        name \u003d sb.toString().trim();","lastModifiedDate":"2025-01-23","isFullCredit":false},{"lineNumber":150,"author":{"gitId":"kerktaiheng"},"content":"                        sb \u003d new StringBuilder();","lastModifiedDate":"2025-01-23","isFullCredit":false},{"lineNumber":151,"author":{"gitId":"kerktaiheng"},"content":"                        j++;","lastModifiedDate":"2025-01-23","isFullCredit":false},{"lineNumber":152,"author":{"gitId":"kerktaiheng"},"content":"                        while (!varargs[j].equals(\"/to\")) {","lastModifiedDate":"2025-01-23","isFullCredit":false},{"lineNumber":153,"author":{"gitId":"kerktaiheng"},"content":"                            sb.append(varargs[j]);","lastModifiedDate":"2025-01-23","isFullCredit":false},{"lineNumber":154,"author":{"gitId":"kerktaiheng"},"content":"                            sb.append(\" \");","lastModifiedDate":"2025-01-23","isFullCredit":false},{"lineNumber":155,"author":{"gitId":"kerktaiheng"},"content":"                            j++;","lastModifiedDate":"2025-01-23","isFullCredit":false},{"lineNumber":156,"author":{"gitId":"kerktaiheng"},"content":"                        }","lastModifiedDate":"2025-01-23","isFullCredit":false},{"lineNumber":157,"author":{"gitId":"kerktaiheng"},"content":"                        from \u003d sb.toString().trim();","lastModifiedDate":"2025-01-23","isFullCredit":false},{"lineNumber":158,"author":{"gitId":"kerktaiheng"},"content":"                        sb \u003d new StringBuilder();","lastModifiedDate":"2025-01-23","isFullCredit":false},{"lineNumber":159,"author":{"gitId":"kerktaiheng"},"content":"                        j++;","lastModifiedDate":"2025-01-23","isFullCredit":false},{"lineNumber":160,"author":{"gitId":"kerktaiheng"},"content":"                        while (j \u003c varargs.length) {","lastModifiedDate":"2025-01-23","isFullCredit":false},{"lineNumber":161,"author":{"gitId":"kerktaiheng"},"content":"                            sb.append(varargs[j]);","lastModifiedDate":"2025-01-23","isFullCredit":false},{"lineNumber":162,"author":{"gitId":"kerktaiheng"},"content":"                            sb.append(\" \");","lastModifiedDate":"2025-01-23","isFullCredit":false},{"lineNumber":163,"author":{"gitId":"kerktaiheng"},"content":"                            j++;","lastModifiedDate":"2025-01-23","isFullCredit":false},{"lineNumber":164,"author":{"gitId":"kerktaiheng"},"content":"                        }","lastModifiedDate":"2025-01-23","isFullCredit":false},{"lineNumber":165,"author":{"gitId":"kerktaiheng"},"content":"                        to \u003d sb.toString().trim();","lastModifiedDate":"2025-01-23","isFullCredit":false},{"lineNumber":166,"author":{"gitId":"kerktaiheng"},"content":"                        if (name.equals(\"\") || from.equals(\"\") || to.equals(\"\")) {","lastModifiedDate":"2025-01-24","isFullCredit":false},{"lineNumber":167,"author":{"gitId":"kerktaiheng"},"content":"                            System.out.println(ERRORMSG);","lastModifiedDate":"2025-01-24","isFullCredit":false},{"lineNumber":168,"author":{"gitId":"kerktaiheng"},"content":"                            break;","lastModifiedDate":"2025-01-24","isFullCredit":false},{"lineNumber":169,"author":{"gitId":"kerktaiheng"},"content":"                        }","lastModifiedDate":"2025-01-24","isFullCredit":false},{"lineNumber":170,"author":{"gitId":"kerktaiheng"},"content":"                        Event event \u003d new Event(name, from, to);","lastModifiedDate":"2025-01-23","isFullCredit":false},{"lineNumber":171,"author":{"gitId":"kerktaiheng"},"content":"                        list.add(event);","lastModifiedDate":"2025-01-23","isFullCredit":false},{"lineNumber":172,"author":{"gitId":"kerktaiheng"},"content":"                        System.out.println(\"Got it. I\u0027ve added this task:\");","lastModifiedDate":"2025-01-23","isFullCredit":false},{"lineNumber":173,"author":{"gitId":"kerktaiheng"},"content":"                        System.out.println(event);","lastModifiedDate":"2025-01-23","isFullCredit":false},{"lineNumber":174,"author":{"gitId":"kerktaiheng"},"content":"                        System.out.println(\"Now you have \" + list.size() + \" tasks in the list.\");","lastModifiedDate":"2025-01-23","isFullCredit":false},{"lineNumber":175,"author":{"gitId":"kerktaiheng"},"content":"                        break;","lastModifiedDate":"2025-01-23","isFullCredit":false},{"lineNumber":176,"author":{"gitId":"kerktaiheng"},"content":"                    default:","lastModifiedDate":"2025-01-24","isFullCredit":false},{"lineNumber":177,"author":{"gitId":"kerktaiheng"},"content":"                        System.out.println(ERRORMSG);","lastModifiedDate":"2025-01-24","isFullCredit":false},{"lineNumber":178,"author":{"gitId":"kerktaiheng"},"content":"                        break;","lastModifiedDate":"2025-01-24","isFullCredit":false},{"lineNumber":179,"author":{"gitId":"kerktaiheng"},"content":"                }","lastModifiedDate":"2025-01-23","isFullCredit":false},{"lineNumber":180,"author":{"gitId":"kerktaiheng"},"content":"            }","lastModifiedDate":"2025-01-23","isFullCredit":false},{"lineNumber":181,"author":{"gitId":"kerktaiheng"},"content":"        }","lastModifiedDate":"2025-01-23","isFullCredit":false},{"lineNumber":182,"author":{"gitId":"kerktaiheng"},"content":"        System.out.println();","lastModifiedDate":"2025-01-23","isFullCredit":false},{"lineNumber":183,"author":{"gitId":"kerktaiheng"},"content":"        System.out.println(\"See you soon!\");","lastModifiedDate":"2025-01-23","isFullCredit":false},{"lineNumber":184,"author":{"gitId":"kerktaiheng"},"content":"    }","lastModifiedDate":"2025-01-23","isFullCredit":false},{"lineNumber":185,"author":{"gitId":"kerktaiheng"},"content":"}","lastModifiedDate":"2025-01-23","isFullCredit":false}],"authorContributionMap":{"kerktaiheng":185}},{"path":"src/main/java/Deadline.java","fileType":"java","lines":[{"lineNumber":1,"author":{"gitId":"kerktaiheng"},"content":"public class Deadline extends Task{","lastModifiedDate":"2025-01-23","isFullCredit":false},{"lineNumber":2,"author":{"gitId":"kerktaiheng"},"content":"    protected String by;","lastModifiedDate":"2025-01-23","isFullCredit":false},{"lineNumber":3,"author":{"gitId":"kerktaiheng"},"content":"","lastModifiedDate":"2025-01-23","isFullCredit":false},{"lineNumber":4,"author":{"gitId":"kerktaiheng"},"content":"    public Deadline(String name, String by) {","lastModifiedDate":"2025-01-23","isFullCredit":false},{"lineNumber":5,"author":{"gitId":"kerktaiheng"},"content":"        super(name);","lastModifiedDate":"2025-01-23","isFullCredit":false},{"lineNumber":6,"author":{"gitId":"kerktaiheng"},"content":"        this.by \u003d by;","lastModifiedDate":"2025-01-23","isFullCredit":false},{"lineNumber":7,"author":{"gitId":"kerktaiheng"},"content":"    }","lastModifiedDate":"2025-01-23","isFullCredit":false},{"lineNumber":8,"author":{"gitId":"kerktaiheng"},"content":"","lastModifiedDate":"2025-01-23","isFullCredit":false},{"lineNumber":9,"author":{"gitId":"kerktaiheng"},"content":"    @Override","lastModifiedDate":"2025-01-23","isFullCredit":false},{"lineNumber":10,"author":{"gitId":"kerktaiheng"},"content":"    public String toString() {","lastModifiedDate":"2025-01-23","isFullCredit":false},{"lineNumber":11,"author":{"gitId":"kerktaiheng"},"content":"        return \"[D]\" + super.toString() + \" (by: \" + by + \")\";","lastModifiedDate":"2025-01-23","isFullCredit":false},{"lineNumber":12,"author":{"gitId":"kerktaiheng"},"content":"    }","lastModifiedDate":"2025-01-23","isFullCredit":false},{"lineNumber":13,"author":{"gitId":"kerktaiheng"},"content":"}","lastModifiedDate":"2025-01-23","isFullCredit":false}],"authorContributionMap":{"kerktaiheng":13}},{"path":"src/main/java/Event.java","fileType":"java","lines":[{"lineNumber":1,"author":{"gitId":"kerktaiheng"},"content":"public class Event extends Task{","lastModifiedDate":"2025-01-23","isFullCredit":false},{"lineNumber":2,"author":{"gitId":"kerktaiheng"},"content":"    protected String from;","lastModifiedDate":"2025-01-23","isFullCredit":false},{"lineNumber":3,"author":{"gitId":"kerktaiheng"},"content":"    protected String to;","lastModifiedDate":"2025-01-23","isFullCredit":false},{"lineNumber":4,"author":{"gitId":"kerktaiheng"},"content":"","lastModifiedDate":"2025-01-23","isFullCredit":false},{"lineNumber":5,"author":{"gitId":"kerktaiheng"},"content":"    public Event(String name, String from, String to) {","lastModifiedDate":"2025-01-23","isFullCredit":false},{"lineNumber":6,"author":{"gitId":"kerktaiheng"},"content":"        super(name);","lastModifiedDate":"2025-01-23","isFullCredit":false},{"lineNumber":7,"author":{"gitId":"kerktaiheng"},"content":"        this.from \u003d from;","lastModifiedDate":"2025-01-23","isFullCredit":false},{"lineNumber":8,"author":{"gitId":"kerktaiheng"},"content":"        this.to \u003d to;","lastModifiedDate":"2025-01-23","isFullCredit":false},{"lineNumber":9,"author":{"gitId":"kerktaiheng"},"content":"    }","lastModifiedDate":"2025-01-23","isFullCredit":false},{"lineNumber":10,"author":{"gitId":"kerktaiheng"},"content":"","lastModifiedDate":"2025-01-23","isFullCredit":false},{"lineNumber":11,"author":{"gitId":"kerktaiheng"},"content":"    @Override","lastModifiedDate":"2025-01-23","isFullCredit":false},{"lineNumber":12,"author":{"gitId":"kerktaiheng"},"content":"    public String toString() {","lastModifiedDate":"2025-01-23","isFullCredit":false},{"lineNumber":13,"author":{"gitId":"kerktaiheng"},"content":"        return \"[E]\" + super.toString() + \" (from: \" + from + \" to: \" + to + \")\";","lastModifiedDate":"2025-01-23","isFullCredit":false},{"lineNumber":14,"author":{"gitId":"kerktaiheng"},"content":"    }","lastModifiedDate":"2025-01-23","isFullCredit":false},{"lineNumber":15,"author":{"gitId":"kerktaiheng"},"content":"}","lastModifiedDate":"2025-01-23","isFullCredit":false}],"authorContributionMap":{"kerktaiheng":15}},{"path":"src/main/java/Task.java","fileType":"java","lines":[{"lineNumber":1,"author":{"gitId":"kerktaiheng"},"content":"public class Task {","lastModifiedDate":"2025-01-23","isFullCredit":false},{"lineNumber":2,"author":{"gitId":"kerktaiheng"},"content":"    protected String name;","lastModifiedDate":"2025-01-23","isFullCredit":false},{"lineNumber":3,"author":{"gitId":"kerktaiheng"},"content":"    protected Boolean isDone;","lastModifiedDate":"2025-01-23","isFullCredit":false},{"lineNumber":4,"author":{"gitId":"kerktaiheng"},"content":"","lastModifiedDate":"2025-01-23","isFullCredit":false},{"lineNumber":5,"author":{"gitId":"kerktaiheng"},"content":"    public Task(String name) {","lastModifiedDate":"2025-01-23","isFullCredit":false},{"lineNumber":6,"author":{"gitId":"kerktaiheng"},"content":"        this.name \u003d name;","lastModifiedDate":"2025-01-23","isFullCredit":false},{"lineNumber":7,"author":{"gitId":"kerktaiheng"},"content":"        this.isDone \u003d false;","lastModifiedDate":"2025-01-23","isFullCredit":false},{"lineNumber":8,"author":{"gitId":"kerktaiheng"},"content":"    }","lastModifiedDate":"2025-01-23","isFullCredit":false},{"lineNumber":9,"author":{"gitId":"kerktaiheng"},"content":"","lastModifiedDate":"2025-01-23","isFullCredit":false},{"lineNumber":10,"author":{"gitId":"kerktaiheng"},"content":"    @Override","lastModifiedDate":"2025-01-23","isFullCredit":false},{"lineNumber":11,"author":{"gitId":"kerktaiheng"},"content":"    public String toString() {","lastModifiedDate":"2025-01-23","isFullCredit":false},{"lineNumber":12,"author":{"gitId":"kerktaiheng"},"content":"        return \"[\" + (isDone ? \"X\" : \" \") + \"] \" + name;","lastModifiedDate":"2025-01-23","isFullCredit":false},{"lineNumber":13,"author":{"gitId":"kerktaiheng"},"content":"    }","lastModifiedDate":"2025-01-23","isFullCredit":false},{"lineNumber":14,"author":{"gitId":"kerktaiheng"},"content":"}","lastModifiedDate":"2025-01-23","isFullCredit":false}],"authorContributionMap":{"kerktaiheng":14}},{"path":"src/main/java/Todo.java","fileType":"java","lines":[{"lineNumber":1,"author":{"gitId":"kerktaiheng"},"content":"public class Todo extends Task{","lastModifiedDate":"2025-01-23","isFullCredit":false},{"lineNumber":2,"author":{"gitId":"kerktaiheng"},"content":"","lastModifiedDate":"2025-01-23","isFullCredit":false},{"lineNumber":3,"author":{"gitId":"kerktaiheng"},"content":"    public Todo(String name) {","lastModifiedDate":"2025-01-23","isFullCredit":false},{"lineNumber":4,"author":{"gitId":"kerktaiheng"},"content":"        super(name);","lastModifiedDate":"2025-01-23","isFullCredit":false},{"lineNumber":5,"author":{"gitId":"kerktaiheng"},"content":"    }","lastModifiedDate":"2025-01-23","isFullCredit":false},{"lineNumber":6,"author":{"gitId":"kerktaiheng"},"content":"","lastModifiedDate":"2025-01-23","isFullCredit":false},{"lineNumber":7,"author":{"gitId":"kerktaiheng"},"content":"    @Override","lastModifiedDate":"2025-01-23","isFullCredit":false},{"lineNumber":8,"author":{"gitId":"kerktaiheng"},"content":"    public String toString() {","lastModifiedDate":"2025-01-23","isFullCredit":false},{"lineNumber":9,"author":{"gitId":"kerktaiheng"},"content":"        return \"[T]\" + super.toString();","lastModifiedDate":"2025-01-23","isFullCredit":false},{"lineNumber":10,"author":{"gitId":"kerktaiheng"},"content":"    }","lastModifiedDate":"2025-01-23","isFullCredit":false},{"lineNumber":11,"author":{"gitId":"kerktaiheng"},"content":"}","lastModifiedDate":"2025-01-23","isFullCredit":false}],"authorContributionMap":{"kerktaiheng":11}},{"path":"text-ui-test/input.txt","fileType":"txt","lines":[{"lineNumber":1,"author":{"gitId":"kerktaiheng"},"content":"todo run","lastModifiedDate":"2025-01-24","isFullCredit":false},{"lineNumber":2,"author":{"gitId":"kerktaiheng"},"content":"deadline die /by tmr","lastModifiedDate":"2025-01-24","isFullCredit":false},{"lineNumber":3,"author":{"gitId":"kerktaiheng"},"content":"event lovemaking /from 3pm /to 3.01pm","lastModifiedDate":"2025-01-24","isFullCredit":false},{"lineNumber":4,"author":{"gitId":"kerktaiheng"},"content":"mark 1","lastModifiedDate":"2025-01-24","isFullCredit":false},{"lineNumber":5,"author":{"gitId":"kerktaiheng"},"content":"mark 2","lastModifiedDate":"2025-01-24","isFullCredit":false},{"lineNumber":6,"author":{"gitId":"kerktaiheng"},"content":"mark 3","lastModifiedDate":"2025-01-24","isFullCredit":false},{"lineNumber":7,"author":{"gitId":"kerktaiheng"},"content":"list","lastModifiedDate":"2025-01-24","isFullCredit":false},{"lineNumber":8,"author":{"gitId":"kerktaiheng"},"content":"unmark 1","lastModifiedDate":"2025-01-24","isFullCredit":false},{"lineNumber":9,"author":{"gitId":"kerktaiheng"},"content":"list","lastModifiedDate":"2025-01-24","isFullCredit":false},{"lineNumber":10,"author":{"gitId":"kerktaiheng"},"content":"unmark 2","lastModifiedDate":"2025-01-24","isFullCredit":false},{"lineNumber":11,"author":{"gitId":"kerktaiheng"},"content":"unmark 3","lastModifiedDate":"2025-01-24","isFullCredit":false},{"lineNumber":12,"author":{"gitId":"kerktaiheng"},"content":"list","lastModifiedDate":"2025-01-24","isFullCredit":false},{"lineNumber":13,"author":{"gitId":"kerktaiheng"},"content":"beat airplanes","lastModifiedDate":"2025-01-24","isFullCredit":false},{"lineNumber":14,"author":{"gitId":"kerktaiheng"},"content":"mark 100","lastModifiedDate":"2025-01-24","isFullCredit":false},{"lineNumber":15,"author":{"gitId":"kerktaiheng"},"content":"unmark 200","lastModifiedDate":"2025-01-24","isFullCredit":false},{"lineNumber":16,"author":{"gitId":"kerktaiheng"},"content":"delete 1","lastModifiedDate":"2025-01-24","isFullCredit":false},{"lineNumber":17,"author":{"gitId":"kerktaiheng"},"content":"list","lastModifiedDate":"2025-01-24","isFullCredit":false},{"lineNumber":18,"author":{"gitId":"kerktaiheng"},"content":"delete 1","lastModifiedDate":"2025-01-24","isFullCredit":false},{"lineNumber":19,"author":{"gitId":"kerktaiheng"},"content":"list","lastModifiedDate":"2025-01-24","isFullCredit":false},{"lineNumber":20,"author":{"gitId":"kerktaiheng"},"content":"delete 2","lastModifiedDate":"2025-01-24","isFullCredit":false},{"lineNumber":21,"author":{"gitId":"kerktaiheng"},"content":"list","lastModifiedDate":"2025-01-24","isFullCredit":false},{"lineNumber":22,"author":{"gitId":"kerktaiheng"},"content":"delete 1","lastModifiedDate":"2025-01-24","isFullCredit":false},{"lineNumber":23,"author":{"gitId":"kerktaiheng"},"content":"list","lastModifiedDate":"2025-01-24","isFullCredit":false},{"lineNumber":24,"author":{"gitId":"kerktaiheng"},"content":"bye","lastModifiedDate":"2025-01-24","isFullCredit":false}],"authorContributionMap":{"kerktaiheng":24}},{"path":"text-ui-test/runtest.bat","fileType":"bat","lines":[{"lineNumber":1,"author":{"gitId":"-"},"content":"@ECHO OFF","lastModifiedDate":"2020-05-25","isFullCredit":false},{"lineNumber":2,"author":{"gitId":"-"},"content":"","lastModifiedDate":"2020-05-25","isFullCredit":false},{"lineNumber":3,"author":{"gitId":"-"},"content":"REM create bin directory if it doesn\u0027t exist","lastModifiedDate":"2020-05-25","isFullCredit":false},{"lineNumber":4,"author":{"gitId":"-"},"content":"if not exist ..\\bin mkdir ..\\bin","lastModifiedDate":"2020-05-25","isFullCredit":false},{"lineNumber":5,"author":{"gitId":"-"},"content":"","lastModifiedDate":"2020-05-25","isFullCredit":false},{"lineNumber":6,"author":{"gitId":"-"},"content":"REM delete output from previous run","lastModifiedDate":"2020-05-25","isFullCredit":false},{"lineNumber":7,"author":{"gitId":"-"},"content":"if exist ACTUAL.TXT del ACTUAL.TXT","lastModifiedDate":"2020-08-25","isFullCredit":false},{"lineNumber":8,"author":{"gitId":"-"},"content":"","lastModifiedDate":"2020-05-25","isFullCredit":false},{"lineNumber":9,"author":{"gitId":"-"},"content":"REM compile the code into the bin folder","lastModifiedDate":"2020-05-25","isFullCredit":false},{"lineNumber":10,"author":{"gitId":"-"},"content":"javac  -cp ..\\src\\main\\java -Xlint:none -d ..\\bin ..\\src\\main\\java\\*.java","lastModifiedDate":"2020-08-25","isFullCredit":false},{"lineNumber":11,"author":{"gitId":"-"},"content":"IF ERRORLEVEL 1 (","lastModifiedDate":"2020-05-25","isFullCredit":false},{"lineNumber":12,"author":{"gitId":"-"},"content":"    echo ********** BUILD FAILURE **********","lastModifiedDate":"2020-05-25","isFullCredit":false},{"lineNumber":13,"author":{"gitId":"-"},"content":"    exit /b 1","lastModifiedDate":"2020-05-25","isFullCredit":false},{"lineNumber":14,"author":{"gitId":"-"},"content":")","lastModifiedDate":"2020-05-25","isFullCredit":false},{"lineNumber":15,"author":{"gitId":"-"},"content":"REM no error here, errorlevel \u003d\u003d 0","lastModifiedDate":"2020-05-25","isFullCredit":false},{"lineNumber":16,"author":{"gitId":"-"},"content":"","lastModifiedDate":"2020-05-25","isFullCredit":false},{"lineNumber":17,"author":{"gitId":"-"},"content":"REM run the program, feed commands from input.txt file and redirect the output to the ACTUAL.TXT","lastModifiedDate":"2020-05-25","isFullCredit":false},{"lineNumber":18,"author":{"gitId":"kerktaiheng"},"content":"java -classpath ..\\bin Alice \u003c input.txt \u003e ACTUAL.TXT","lastModifiedDate":"2025-01-24","isFullCredit":false},{"lineNumber":19,"author":{"gitId":"-"},"content":"","lastModifiedDate":"2020-05-25","isFullCredit":false},{"lineNumber":20,"author":{"gitId":"-"},"content":"REM compare the output to the expected output","lastModifiedDate":"2020-05-25","isFullCredit":false},{"lineNumber":21,"author":{"gitId":"-"},"content":"FC ACTUAL.TXT EXPECTED.TXT","lastModifiedDate":"2020-05-25","isFullCredit":false}],"authorContributionMap":{"kerktaiheng":1,"-":20}}]
