{"authorDailyContributionsMap":{"kerktaiheng":[{"date":"2025-01-23","commitResults":[{"hash":"596ac0b1ae179f38690df35af2f219605db54473","isMergeCommit":false,"messageTitle":"Rename chatbot to Alice, greet and exit","messageBody":"","fileTypesAndContributionMap":{"java":{"insertions":21,"deletions":10}}},{"hash":"7af86a089a4c65e9d8e027b1c4fa703b6ade3c32","isMergeCommit":false,"messageTitle":"Echo user commands","messageBody":"","tags":["Level-1","Level-0"],"fileTypesAndContributionMap":{"java":{"insertions":7,"deletions":0}}},{"hash":"e3a06ad00cdf5de3bab6c4841249f250b8ab509c","isMergeCommit":false,"messageTitle":"Mark and unmark tasks for completion","messageBody":"","tags":["Level-3","A-Classes"],"fileTypesAndContributionMap":{"java":{"insertions":64,"deletions":3}}},{"hash":"4ff82c8c03c6b5dc5bd1040f212754c616133d20","isMergeCommit":false,"messageTitle":"Support for ToDos, Events, Deadlines","messageBody":"","tags":["Level-4","A-Inheritance"],"fileTypesAndContributionMap":{"java":{"insertions":127,"deletions":11}}}]}]},"authorFileTypeContributionMap":{"kerktaiheng":{"java":205,"md":0,"fxml":0,"sh":0,"bat":0,"gradle":0,"txt":0}},"authorContributionVariance":{"kerktaiheng":7230.4893},"authorDisplayNameMap":{"kerktaiheng":"CS2103T-F10-1 KERK..HENG"}}
