[{"path":"src/main/java/JankBot.java","fileType":"java","lines":[{"lineNumber":1,"author":{"gitId":"-"},"content":"import java.util.ArrayList;","lastModifiedDate":"2025-01-16","isFullCredit":false},{"lineNumber":2,"author":{"gitId":"-"},"content":"import java.util.Arrays;","lastModifiedDate":"2025-01-16","isFullCredit":false},{"lineNumber":3,"author":{"gitId":"-"},"content":"import java.util.Scanner;","lastModifiedDate":"2025-01-16","isFullCredit":false},{"lineNumber":4,"author":{"gitId":"WhyAre"},"content":"import java.util.stream.Collectors;","lastModifiedDate":"2025-01-21","isFullCredit":false},{"lineNumber":5,"author":{"gitId":"-"},"content":"import java.util.stream.IntStream;","lastModifiedDate":"2025-01-16","isFullCredit":false},{"lineNumber":6,"author":{"gitId":"-"},"content":"import java.util.stream.Stream;","lastModifiedDate":"2025-01-16","isFullCredit":false},{"lineNumber":7,"author":{"gitId":"-"},"content":"","lastModifiedDate":"2025-01-16","isFullCredit":false},{"lineNumber":8,"author":{"gitId":"-"},"content":"public class JankBot {","lastModifiedDate":"2025-01-16","isFullCredit":false},{"lineNumber":9,"author":{"gitId":"WhyAre"},"content":"    private static final String name \u003d \"JankBot\";","lastModifiedDate":"2025-01-21","isFullCredit":false},{"lineNumber":10,"author":{"gitId":"-"},"content":"    private static final ArrayList\u003cTask\u003e tasks \u003d new ArrayList\u003c\u003e();","lastModifiedDate":"2025-01-16","isFullCredit":false},{"lineNumber":11,"author":{"gitId":"-"},"content":"","lastModifiedDate":"2025-01-16","isFullCredit":false},{"lineNumber":12,"author":{"gitId":"-"},"content":"    static void greet() {","lastModifiedDate":"2025-01-16","isFullCredit":false},{"lineNumber":13,"author":{"gitId":"-"},"content":"        System.out.println(\"\"\"","lastModifiedDate":"2025-01-16","isFullCredit":false},{"lineNumber":14,"author":{"gitId":"-"},"content":"                     _   _    _   _ _  __","lastModifiedDate":"2025-01-16","isFullCredit":false},{"lineNumber":15,"author":{"gitId":"-"},"content":"                    | | / \\\\  | \\\\ | | |/ /","lastModifiedDate":"2025-01-16","isFullCredit":false},{"lineNumber":16,"author":{"gitId":"-"},"content":"                 _  | |/ _ \\\\ |  \\\\| | \u0027 /","lastModifiedDate":"2025-01-16","isFullCredit":false},{"lineNumber":17,"author":{"gitId":"-"},"content":"                | |_| / ___ \\\\| |\\\\  | . \\\\","lastModifiedDate":"2025-01-16","isFullCredit":false},{"lineNumber":18,"author":{"gitId":"-"},"content":"                 \\\\___/_/   \\\\_\\\\_| \\\\_|_|\\\\_\\\\","lastModifiedDate":"2025-01-16","isFullCredit":false},{"lineNumber":19,"author":{"gitId":"-"},"content":"                \"\"\");","lastModifiedDate":"2025-01-16","isFullCredit":false},{"lineNumber":20,"author":{"gitId":"-"},"content":"        System.out.printf(\"Hello! I\u0027m %s\\nWhat can I do for you?\\n\", name);","lastModifiedDate":"2025-01-16","isFullCredit":false},{"lineNumber":21,"author":{"gitId":"-"},"content":"    }","lastModifiedDate":"2025-01-16","isFullCredit":false},{"lineNumber":22,"author":{"gitId":"-"},"content":"","lastModifiedDate":"2025-01-16","isFullCredit":false},{"lineNumber":23,"author":{"gitId":"-"},"content":"    static void bye() {","lastModifiedDate":"2025-01-16","isFullCredit":false},{"lineNumber":24,"author":{"gitId":"-"},"content":"        System.out.println(\"Bye. Hope to see you again soon!\");","lastModifiedDate":"2025-01-16","isFullCredit":false},{"lineNumber":25,"author":{"gitId":"-"},"content":"    }","lastModifiedDate":"2019-07-29","isFullCredit":false},{"lineNumber":26,"author":{"gitId":"-"},"content":"","lastModifiedDate":"2025-01-16","isFullCredit":false},{"lineNumber":27,"author":{"gitId":"-"},"content":"//    static void addToList(String line) {","lastModifiedDate":"2025-01-16","isFullCredit":false},{"lineNumber":28,"author":{"gitId":"-"},"content":"//        memory.add(new Task(line));","lastModifiedDate":"2025-01-16","isFullCredit":false},{"lineNumber":29,"author":{"gitId":"-"},"content":"//    }","lastModifiedDate":"2025-01-16","isFullCredit":false},{"lineNumber":30,"author":{"gitId":"-"},"content":"","lastModifiedDate":"2025-01-16","isFullCredit":false},{"lineNumber":31,"author":{"gitId":"-"},"content":"    static Task markListItem(int index, boolean isMarked) {","lastModifiedDate":"2025-01-16","isFullCredit":false},{"lineNumber":32,"author":{"gitId":"-"},"content":"        var task \u003d tasks.get(index);","lastModifiedDate":"2025-01-16","isFullCredit":false},{"lineNumber":33,"author":{"gitId":"-"},"content":"        task.setMark(isMarked);","lastModifiedDate":"2025-01-16","isFullCredit":false},{"lineNumber":34,"author":{"gitId":"-"},"content":"        return task;","lastModifiedDate":"2025-01-16","isFullCredit":false},{"lineNumber":35,"author":{"gitId":"-"},"content":"    }","lastModifiedDate":"2025-01-16","isFullCredit":false},{"lineNumber":36,"author":{"gitId":"-"},"content":"","lastModifiedDate":"2025-01-16","isFullCredit":false},{"lineNumber":37,"author":{"gitId":"-"},"content":"    static void printList() {","lastModifiedDate":"2025-01-16","isFullCredit":false},{"lineNumber":38,"author":{"gitId":"-"},"content":"        String out \u003d IntStream.iterate(1, x -\u003e x + 1)","lastModifiedDate":"2025-01-16","isFullCredit":false},{"lineNumber":39,"author":{"gitId":"-"},"content":"                .limit(tasks.size())","lastModifiedDate":"2025-01-16","isFullCredit":false},{"lineNumber":40,"author":{"gitId":"WhyAre"},"content":"                .mapToObj(i -\u003e \"%d. %s\".formatted(i, tasks.get(i - 1)))","lastModifiedDate":"2025-01-21","isFullCredit":false},{"lineNumber":41,"author":{"gitId":"WhyAre"},"content":"                .collect(Collectors.joining(\"\\n\"));","lastModifiedDate":"2025-01-21","isFullCredit":false},{"lineNumber":42,"author":{"gitId":"-"},"content":"        System.out.println(out);","lastModifiedDate":"2025-01-16","isFullCredit":false},{"lineNumber":43,"author":{"gitId":"-"},"content":"    }","lastModifiedDate":"2025-01-16","isFullCredit":false},{"lineNumber":44,"author":{"gitId":"-"},"content":"","lastModifiedDate":"2025-01-16","isFullCredit":false},{"lineNumber":45,"author":{"gitId":"-"},"content":"    static void printDelSuccessMsg(Task t) {","lastModifiedDate":"2025-01-16","isFullCredit":false},{"lineNumber":46,"author":{"gitId":"-"},"content":"        System.out.println(\"Noted. I\u0027ve removed this task:\");","lastModifiedDate":"2025-01-16","isFullCredit":false},{"lineNumber":47,"author":{"gitId":"-"},"content":"        System.out.println(t);","lastModifiedDate":"2025-01-16","isFullCredit":false},{"lineNumber":48,"author":{"gitId":"-"},"content":"        System.out.printf(\"Now you have %d tasks in the list.\\n\", tasks.size());","lastModifiedDate":"2025-01-16","isFullCredit":false},{"lineNumber":49,"author":{"gitId":"-"},"content":"    }","lastModifiedDate":"2025-01-16","isFullCredit":false},{"lineNumber":50,"author":{"gitId":"-"},"content":"","lastModifiedDate":"2025-01-16","isFullCredit":false},{"lineNumber":51,"author":{"gitId":"-"},"content":"    static void printAddSuccessMsg(Task t) {","lastModifiedDate":"2025-01-16","isFullCredit":false},{"lineNumber":52,"author":{"gitId":"-"},"content":"        System.out.println(\"Got it. I\u0027ve added this task:\");","lastModifiedDate":"2025-01-16","isFullCredit":false},{"lineNumber":53,"author":{"gitId":"-"},"content":"        System.out.println(t);","lastModifiedDate":"2025-01-16","isFullCredit":false},{"lineNumber":54,"author":{"gitId":"-"},"content":"        System.out.printf(\"Now you have %d tasks in the list.\\n\", tasks.size());","lastModifiedDate":"2025-01-16","isFullCredit":false},{"lineNumber":55,"author":{"gitId":"-"},"content":"    }","lastModifiedDate":"2025-01-16","isFullCredit":false},{"lineNumber":56,"author":{"gitId":"-"},"content":"","lastModifiedDate":"2025-01-16","isFullCredit":false},{"lineNumber":57,"author":{"gitId":"WhyAre"},"content":"    static void checkHasArgs(String[] cmd, String msg) throws JankBotException {","lastModifiedDate":"2025-01-21","isFullCredit":false},{"lineNumber":58,"author":{"gitId":"-"},"content":"        if (cmd.length \u003c\u003d 1) {","lastModifiedDate":"2025-01-16","isFullCredit":false},{"lineNumber":59,"author":{"gitId":"WhyAre"},"content":"            throw new JankBotException(msg);","lastModifiedDate":"2025-01-21","isFullCredit":false},{"lineNumber":60,"author":{"gitId":"-"},"content":"        }","lastModifiedDate":"2025-01-16","isFullCredit":false},{"lineNumber":61,"author":{"gitId":"-"},"content":"    }","lastModifiedDate":"2025-01-16","isFullCredit":false},{"lineNumber":62,"author":{"gitId":"-"},"content":"","lastModifiedDate":"2025-01-16","isFullCredit":false},{"lineNumber":63,"author":{"gitId":"WhyAre"},"content":"    static void processCommand(String[] line) throws JankBotException {","lastModifiedDate":"2025-01-21","isFullCredit":false},{"lineNumber":64,"author":{"gitId":"-"},"content":"        String cmd \u003d line[0];","lastModifiedDate":"2025-01-16","isFullCredit":false},{"lineNumber":65,"author":{"gitId":"-"},"content":"","lastModifiedDate":"2025-01-16","isFullCredit":false},{"lineNumber":66,"author":{"gitId":"-"},"content":"        switch (cmd) {","lastModifiedDate":"2025-01-16","isFullCredit":false},{"lineNumber":67,"author":{"gitId":"-"},"content":"            case \"list\" -\u003e printList();","lastModifiedDate":"2025-01-16","isFullCredit":false},{"lineNumber":68,"author":{"gitId":"-"},"content":"            case \"delete\" -\u003e {","lastModifiedDate":"2025-01-16","isFullCredit":false},{"lineNumber":69,"author":{"gitId":"-"},"content":"                checkHasArgs(line, \"Which task do you want to delete?\");","lastModifiedDate":"2025-01-16","isFullCredit":false},{"lineNumber":70,"author":{"gitId":"-"},"content":"                int index \u003d Integer.parseInt(line[1]) - 1;","lastModifiedDate":"2025-01-16","isFullCredit":false},{"lineNumber":71,"author":{"gitId":"-"},"content":"                printDelSuccessMsg(tasks.remove(index));","lastModifiedDate":"2025-01-16","isFullCredit":false},{"lineNumber":72,"author":{"gitId":"-"},"content":"            }","lastModifiedDate":"2025-01-16","isFullCredit":false},{"lineNumber":73,"author":{"gitId":"-"},"content":"            case \"mark\" -\u003e {","lastModifiedDate":"2025-01-16","isFullCredit":false},{"lineNumber":74,"author":{"gitId":"-"},"content":"                checkHasArgs(line, \"Which task do you want to mark?\");","lastModifiedDate":"2025-01-16","isFullCredit":false},{"lineNumber":75,"author":{"gitId":"-"},"content":"                int index \u003d Integer.parseInt(line[1]) - 1;","lastModifiedDate":"2025-01-16","isFullCredit":false},{"lineNumber":76,"author":{"gitId":"-"},"content":"                var task \u003d markListItem(index, true);","lastModifiedDate":"2025-01-16","isFullCredit":false},{"lineNumber":77,"author":{"gitId":"-"},"content":"                System.out.printf(\"Nice! I\u0027ve marked this task as done:\\n%s\\n\", task);","lastModifiedDate":"2025-01-16","isFullCredit":false},{"lineNumber":78,"author":{"gitId":"-"},"content":"            }","lastModifiedDate":"2025-01-16","isFullCredit":false},{"lineNumber":79,"author":{"gitId":"-"},"content":"            case \"unmark\" -\u003e {","lastModifiedDate":"2025-01-16","isFullCredit":false},{"lineNumber":80,"author":{"gitId":"-"},"content":"                checkHasArgs(line, \"Which task do you want to unmark?\");","lastModifiedDate":"2025-01-16","isFullCredit":false},{"lineNumber":81,"author":{"gitId":"-"},"content":"                int index \u003d Integer.parseInt(line[1]) - 1;","lastModifiedDate":"2025-01-16","isFullCredit":false},{"lineNumber":82,"author":{"gitId":"-"},"content":"                var task \u003d markListItem(index, false);","lastModifiedDate":"2025-01-16","isFullCredit":false},{"lineNumber":83,"author":{"gitId":"-"},"content":"                System.out.printf(\"Nice! I\u0027ve marked this task as not done yet:\\n%s\\n\",","lastModifiedDate":"2025-01-16","isFullCredit":false},{"lineNumber":84,"author":{"gitId":"-"},"content":"                        task);","lastModifiedDate":"2025-01-16","isFullCredit":false},{"lineNumber":85,"author":{"gitId":"-"},"content":"            }","lastModifiedDate":"2025-01-16","isFullCredit":false},{"lineNumber":86,"author":{"gitId":"-"},"content":"            case \"todo\" -\u003e {","lastModifiedDate":"2025-01-16","isFullCredit":false},{"lineNumber":87,"author":{"gitId":"-"},"content":"                checkHasArgs(line, \"Todo description cannot be empty\");","lastModifiedDate":"2025-01-16","isFullCredit":false},{"lineNumber":88,"author":{"gitId":"-"},"content":"                var task \u003d TodoTask.parse(Arrays.copyOfRange(line, 1, line.length));","lastModifiedDate":"2025-01-16","isFullCredit":false},{"lineNumber":89,"author":{"gitId":"-"},"content":"                tasks.add(task);","lastModifiedDate":"2025-01-16","isFullCredit":false},{"lineNumber":90,"author":{"gitId":"-"},"content":"                printAddSuccessMsg(task);","lastModifiedDate":"2025-01-16","isFullCredit":false},{"lineNumber":91,"author":{"gitId":"-"},"content":"            }","lastModifiedDate":"2025-01-16","isFullCredit":false},{"lineNumber":92,"author":{"gitId":"-"},"content":"            case \"deadline\" -\u003e {","lastModifiedDate":"2025-01-16","isFullCredit":false},{"lineNumber":93,"author":{"gitId":"-"},"content":"                checkHasArgs(line, \"Deadline description cannot be empty\");","lastModifiedDate":"2025-01-16","isFullCredit":false},{"lineNumber":94,"author":{"gitId":"-"},"content":"                var task \u003d DeadlineTask.parse(Arrays.copyOfRange(line, 1, line.length));","lastModifiedDate":"2025-01-16","isFullCredit":false},{"lineNumber":95,"author":{"gitId":"-"},"content":"                tasks.add(task);","lastModifiedDate":"2025-01-16","isFullCredit":false},{"lineNumber":96,"author":{"gitId":"-"},"content":"                printAddSuccessMsg(task);","lastModifiedDate":"2025-01-16","isFullCredit":false},{"lineNumber":97,"author":{"gitId":"-"},"content":"            }","lastModifiedDate":"2025-01-16","isFullCredit":false},{"lineNumber":98,"author":{"gitId":"-"},"content":"            case \"event\" -\u003e {","lastModifiedDate":"2025-01-16","isFullCredit":false},{"lineNumber":99,"author":{"gitId":"-"},"content":"                checkHasArgs(line, \"Event description cannot be empty\");","lastModifiedDate":"2025-01-16","isFullCredit":false},{"lineNumber":100,"author":{"gitId":"-"},"content":"                var task \u003d EventTask.parse(Arrays.copyOfRange(line, 1, line.length));","lastModifiedDate":"2025-01-16","isFullCredit":false},{"lineNumber":101,"author":{"gitId":"-"},"content":"                tasks.add(task);","lastModifiedDate":"2025-01-16","isFullCredit":false},{"lineNumber":102,"author":{"gitId":"-"},"content":"                printAddSuccessMsg(task);","lastModifiedDate":"2025-01-16","isFullCredit":false},{"lineNumber":103,"author":{"gitId":"-"},"content":"            }","lastModifiedDate":"2025-01-16","isFullCredit":false},{"lineNumber":104,"author":{"gitId":"-"},"content":"            default -\u003e {","lastModifiedDate":"2025-01-16","isFullCredit":false},{"lineNumber":105,"author":{"gitId":"WhyAre"},"content":"                throw new JankBotException(\"I don\u0027t know what that means\");","lastModifiedDate":"2025-01-21","isFullCredit":false},{"lineNumber":106,"author":{"gitId":"-"},"content":"            }","lastModifiedDate":"2025-01-16","isFullCredit":false},{"lineNumber":107,"author":{"gitId":"-"},"content":"        }","lastModifiedDate":"2025-01-16","isFullCredit":false},{"lineNumber":108,"author":{"gitId":"-"},"content":"    }","lastModifiedDate":"2025-01-16","isFullCredit":false},{"lineNumber":109,"author":{"gitId":"-"},"content":"","lastModifiedDate":"2025-01-16","isFullCredit":false},{"lineNumber":110,"author":{"gitId":"-"},"content":"    public static void main(String[] args) {","lastModifiedDate":"2025-01-16","isFullCredit":false},{"lineNumber":111,"author":{"gitId":"-"},"content":"        greet();","lastModifiedDate":"2025-01-16","isFullCredit":false},{"lineNumber":112,"author":{"gitId":"-"},"content":"","lastModifiedDate":"2025-01-16","isFullCredit":false},{"lineNumber":113,"author":{"gitId":"-"},"content":"        var sc \u003d new Scanner(System.in);","lastModifiedDate":"2025-01-16","isFullCredit":false},{"lineNumber":114,"author":{"gitId":"-"},"content":"","lastModifiedDate":"2025-01-16","isFullCredit":false},{"lineNumber":115,"author":{"gitId":"-"},"content":"        Stream.generate(sc::nextLine)","lastModifiedDate":"2025-01-16","isFullCredit":false},{"lineNumber":116,"author":{"gitId":"-"},"content":"                .map(String::strip)","lastModifiedDate":"2025-01-16","isFullCredit":false},{"lineNumber":117,"author":{"gitId":"-"},"content":"                .takeWhile(input -\u003e !input.equalsIgnoreCase(\"bye\"))","lastModifiedDate":"2025-01-16","isFullCredit":false},{"lineNumber":118,"author":{"gitId":"-"},"content":"                .map(line -\u003e line.split(\" \"))","lastModifiedDate":"2025-01-16","isFullCredit":false},{"lineNumber":119,"author":{"gitId":"-"},"content":"                .forEach(cmd -\u003e {","lastModifiedDate":"2025-01-16","isFullCredit":false},{"lineNumber":120,"author":{"gitId":"-"},"content":"                    try {","lastModifiedDate":"2025-01-16","isFullCredit":false},{"lineNumber":121,"author":{"gitId":"-"},"content":"                        JankBot.processCommand(cmd);","lastModifiedDate":"2025-01-16","isFullCredit":false},{"lineNumber":122,"author":{"gitId":"WhyAre"},"content":"                    } catch (JankBotException e) {","lastModifiedDate":"2025-01-21","isFullCredit":false},{"lineNumber":123,"author":{"gitId":"-"},"content":"                        System.out.println(e.getMessage());","lastModifiedDate":"2025-01-16","isFullCredit":false},{"lineNumber":124,"author":{"gitId":"-"},"content":"                    }","lastModifiedDate":"2025-01-16","isFullCredit":false},{"lineNumber":125,"author":{"gitId":"-"},"content":"                });","lastModifiedDate":"2025-01-16","isFullCredit":false},{"lineNumber":126,"author":{"gitId":"-"},"content":"","lastModifiedDate":"2025-01-16","isFullCredit":false},{"lineNumber":127,"author":{"gitId":"-"},"content":"        sc.close();","lastModifiedDate":"2025-01-16","isFullCredit":false},{"lineNumber":128,"author":{"gitId":"-"},"content":"","lastModifiedDate":"2025-01-16","isFullCredit":false},{"lineNumber":129,"author":{"gitId":"-"},"content":"        bye();","lastModifiedDate":"2025-01-16","isFullCredit":false},{"lineNumber":130,"author":{"gitId":"-"},"content":"    }","lastModifiedDate":"2025-01-16","isFullCredit":false},{"lineNumber":131,"author":{"gitId":"-"},"content":"","lastModifiedDate":"2025-01-16","isFullCredit":false},{"lineNumber":132,"author":{"gitId":"-"},"content":"}","lastModifiedDate":"2025-01-16","isFullCredit":false}],"authorContributionMap":{"-":123,"WhyAre":9}},{"path":"src/main/java/JankBotException.java","fileType":"java","lines":[{"lineNumber":1,"author":{"gitId":"WhyAre"},"content":"public class JankBotException extends Exception {","lastModifiedDate":"2025-01-21","isFullCredit":false},{"lineNumber":2,"author":{"gitId":"WhyAre"},"content":"    JankBotException(String msg) {","lastModifiedDate":"2025-01-21","isFullCredit":false},{"lineNumber":3,"author":{"gitId":"WhyAre"},"content":"        super(msg);","lastModifiedDate":"2025-01-21","isFullCredit":false},{"lineNumber":4,"author":{"gitId":"WhyAre"},"content":"    }","lastModifiedDate":"2025-01-21","isFullCredit":false},{"lineNumber":5,"author":{"gitId":"WhyAre"},"content":"}","lastModifiedDate":"2025-01-21","isFullCredit":false}],"authorContributionMap":{"WhyAre":5}}]
