{"authorDailyContributionsMap":{"WhyAre":[{"date":"2025-01-16","commitResults":[{"hash":"5b5086a445a0f221b12fb3e040b0a558adb07902","isMergeCommit":false,"messageTitle":"Rename all occurrences of Duke to JankyBot","messageBody":"","fileTypesAndContributionMap":{"java":{"insertions":1,"deletions":1},"bat":{"insertions":1,"deletions":1},"md":{"insertions":3,"deletions":3}}},{"hash":"e9ab61e89f1b4e80164c0551de90f83df5d00647","isMergeCommit":false,"messageTitle":"Add feature to greet user and exit","messageBody":"","tags":["Level-0"],"fileTypesAndContributionMap":{"java":{"insertions":5,"deletions":6}}},{"hash":"8a0c2d704713da142379c0f30d630ba1bd181cc9","isMergeCommit":false,"messageTitle":"Extract greet and bye into functions","messageBody":"","fileTypesAndContributionMap":{"java":{"insertions":9,"deletions":1}}},{"hash":"f63cc03caea715dbaa4f528d3dcca72ad1ecb63d","isMergeCommit":false,"messageTitle":"Add feature to echo user input","messageBody":"","tags":["Level-1"],"fileTypesAndContributionMap":{"java":{"insertions":11,"deletions":0}}},{"hash":"9e174d51160737e58dd5633aa66225b844349621","isMergeCommit":false,"messageTitle":"Add feature to store and retrieve user text","messageBody":"","tags":["Level-2"],"fileTypesAndContributionMap":{"java":{"insertions":26,"deletions":2}}},{"hash":"0451cf6edaa79b0205de9256ddbb8d471f30c218","isMergeCommit":false,"messageTitle":"Add feature to mark as done","messageBody":"","tags":["Level-3"],"fileTypesAndContributionMap":{"java":{"insertions":43,"deletions":4}}},{"hash":"9a394a2da51d05550d9b4cc468e1c79e2d1d1ca2","isMergeCommit":false,"messageTitle":"Refactor code to not use switch statements","messageBody":"","fileTypesAndContributionMap":{"java":{"insertions":14,"deletions":20}}},{"hash":"2d51f3a949cd137f137e2c0ded89d24aec61012d","isMergeCommit":false,"messageTitle":"Refactor command parsing to handle string array instead of string","messageBody":"","fileTypesAndContributionMap":{"java":{"insertions":43,"deletions":32}}},{"hash":"e7213c84b82481225c953b288ddb848afc0fa6f9","isMergeCommit":false,"messageTitle":"Add todo, deadline and event tasks","messageBody":"","tags":["Level-4","A-Inheritance"],"fileTypesAndContributionMap":{"java":{"insertions":141,"deletions":26}}},{"hash":"fec977d19577ac4d34dc8b4fc47a9fd8efef6352","isMergeCommit":false,"messageTitle":"Rename variable from memory to tasks","messageBody":"","fileTypesAndContributionMap":{"java":{"insertions":8,"deletions":8}}},{"hash":"7f68486a4c349f9fcbe3ed3b122ce0a77a643fb7","isMergeCommit":false,"messageTitle":"Add regression test","messageBody":"","tags":["A-TextUiTesting"],"fileTypesAndContributionMap":{"txt":{"insertions":11,"deletions":0},"sh":{"insertions":2,"deletions":2}}},{"hash":"24f5d0cd681a13de4840e796f2f714927fdd9746","isMergeCommit":false,"messageTitle":"Add error handling","messageBody":"","tags":["Level-5","A-Collections"],"fileTypesAndContributionMap":{"java":{"insertions":25,"deletions":5}}},{"hash":"d70633006c05ac874a31e2101d4bd172bcb5db70","isMergeCommit":false,"messageTitle":"Implement delete feature","messageBody":"","tags":["Level-6"],"fileTypesAndContributionMap":{"java":{"insertions":11,"deletions":0}}},{"hash":"87bd8a235b6e8af444c06747602e7f072c535e71","isMergeCommit":false,"messageTitle":"Change name to JankBot","messageBody":"","fileTypesAndContributionMap":{"java":{"insertions":9,"deletions":2},"bat":{"insertions":1,"deletions":1},"sh":{"insertions":1,"deletions":1},"md":{"insertions":17,"deletions":11}}}]},{"date":"2025-01-21","commitResults":[{"hash":"c3e8f01054cced667135014bda63ee9e8b940351","isMergeCommit":false,"messageTitle":"Use Collectors.joining to express intent more clearly","messageBody":"","fileTypesAndContributionMap":{"java":{"insertions":2,"deletions":2}}},{"hash":"0628f8a5f76a3ea03f33d2d6b013f72f79634fe5","isMergeCommit":false,"messageTitle":"Rename variable from c to i","messageBody":"Any sane person would name their counter i\n","fileTypesAndContributionMap":{"java":{"insertions":1,"deletions":1}}},{"hash":"3a3a091f7a7620fd1c009a61cde2d4b185039857","isMergeCommit":false,"messageTitle":"Change other occurrences of JankyBot to JankBot","messageBody":"","fileTypesAndContributionMap":{"java":{"insertions":11,"deletions":11}}}]},{"date":"2025-01-23","commitResults":[{"hash":"c533c577757a5acbe6ece4e3b2edabb3d54ad77d","isMergeCommit":false,"messageTitle":"Make task serializable","messageBody":"","fileTypesAndContributionMap":{"java":{"insertions":3,"deletions":1}}},{"hash":"6c8eddafa4938a0ddc7bca7ae7e27698e2685729","isMergeCommit":false,"messageTitle":"Add save functionality","messageBody":"","tags":["Level-7"],"fileTypesAndContributionMap":{"java":{"insertions":40,"deletions":9}}},{"hash":"8642aa709fe8de00104d79ef13207014dc1820a0","isMergeCommit":true,"messageTitle":"Merge branch \u0027branch-Level-7\u0027","messageBody":"","fileTypesAndContributionMap":{}},{"hash":"e66eee7b3b66b97a8ba6b8f4d5de76e96a71b54c","isMergeCommit":false,"messageTitle":"Store date as LocalDateTime instead of String","messageBody":"","tags":["Level-8"],"fileTypesAndContributionMap":{"java":{"insertions":29,"deletions":9}}},{"hash":"156a8e84bf07ea10b76668dc3d1ae3732e175da6","isMergeCommit":true,"messageTitle":"Merge branch \u0027branch-Level-8\u0027","messageBody":"","fileTypesAndContributionMap":{}},{"hash":"675f1e1718ed6b8a258a2dbd46c6475cf6759944","isMergeCommit":false,"messageTitle":"Add TaskList class","messageBody":"","fileTypesAndContributionMap":{"java":{"insertions":25,"deletions":0}}},{"hash":"9ddbd972feaa949f794e9168ad7b146643d6234d","isMergeCommit":false,"messageTitle":"Add print function to TaskList class","messageBody":"","fileTypesAndContributionMap":{"java":{"insertions":10,"deletions":0}}},{"hash":"02abcebb7a353fa6e22f7070a2fbbdab9d3a1735","isMergeCommit":false,"messageTitle":"Add Storage class","messageBody":"","fileTypesAndContributionMap":{"java":{"insertions":31,"deletions":0}}},{"hash":"d20656cf700908ad0bd8d5a6222ac3a3cd9a4be9","isMergeCommit":false,"messageTitle":"Make Storage work with TaskList instead of ArrayList\u003cTask\u003e","messageBody":"","fileTypesAndContributionMap":{"java":{"insertions":7,"deletions":5}}},{"hash":"64675f9132122e6ae120567c303ef3443e36c8ab","isMergeCommit":false,"messageTitle":"Make TaskList serializable","messageBody":"","fileTypesAndContributionMap":{"java":{"insertions":2,"deletions":1}}},{"hash":"fc86e868d4d1c40964af0033037eb71567bf3159","isMergeCommit":false,"messageTitle":"Make method return Task instead of void","messageBody":"","fileTypesAndContributionMap":{"java":{"insertions":10,"deletions":5}}},{"hash":"5d31d849f06f71db1a8db9190567e1ae29b180b6","isMergeCommit":false,"messageTitle":"Add remove method to TaskList","messageBody":"","fileTypesAndContributionMap":{"java":{"insertions":4,"deletions":0}}},{"hash":"ae71fba716ee456ce8b310f0055708e4067a4c45","isMergeCommit":false,"messageTitle":"Add size method to TaskList","messageBody":"","fileTypesAndContributionMap":{"java":{"insertions":4,"deletions":0}}},{"hash":"06118341bb84a1a5adb9fc0efe39131a17a32c66","isMergeCommit":false,"messageTitle":"Print something even though there are no tasks","messageBody":"","fileTypesAndContributionMap":{"java":{"insertions":4,"deletions":0}}},{"hash":"6421c52cb397950d1f85567541c1fce1d35e1a5b","isMergeCommit":false,"messageTitle":"Refactor main class to use newly created classes","messageBody":"","fileTypesAndContributionMap":{"java":{"insertions":14,"deletions":60}}},{"hash":"dfe732407880f342e4c6abeda54ce8ad6acdc3d0","isMergeCommit":false,"messageTitle":"Add parser and ui classes","messageBody":"","fileTypesAndContributionMap":{"java":{"insertions":4,"deletions":0}}},{"hash":"a081a1cc43ca87e7634565b15bcaf740724d96c4","isMergeCommit":true,"messageTitle":"Use more OOP","messageBody":"","tags":["A-MoreOOP"],"fileTypesAndContributionMap":{}},{"hash":"e14a0747aff925d03ffb1d31ea3d9b3b8b8bbc53","isMergeCommit":false,"messageTitle":"Add gradle support","messageBody":"","fileTypesAndContributionMap":{"gradle":{"insertions":41,"deletions":0}}},{"hash":"81080d4d1273a0637e5d1cbac391a373a2903db1","isMergeCommit":false,"messageTitle":"Update build.gradle","messageBody":"","tags":["A-Gradle"],"fileTypesAndContributionMap":{"gradle":{"insertions":2,"deletions":2}}},{"hash":"b88864623762b02833fc1580d66b971f218a3133","isMergeCommit":false,"messageTitle":"Move file into package","messageBody":"","tags":["A-Packages"],"fileTypesAndContributionMap":{"gradle":{"insertions":1,"deletions":1},"java":{"insertions":23,"deletions":1}}}]},{"date":"2025-01-24","commitResults":[{"hash":"4d3ecbe22306ae582f40940abd7d5269837c5738","isMergeCommit":false,"messageTitle":"Change to use List instead of ArrayList","messageBody":"Rely on an interface rather than a class (Dependency Inversion Principle)\n","tags":["A-JUnit"],"fileTypesAndContributionMap":{"java":{"insertions":3,"deletions":2}}},{"hash":"3e6a934f2167039eeaf69b0aab649f2b83a2348f","isMergeCommit":false,"messageTitle":"Add unit tests","messageBody":"Can add more in the future\n","fileTypesAndContributionMap":{"java":{"insertions":48,"deletions":0}}},{"hash":"8f72bfb8acc8e20d5a8a1485d8ab3a6c92ecdd67","isMergeCommit":false,"messageTitle":"Refactor code to conform to a coding style","messageBody":"Additionally, implement checkstyle to programmatically detect violations\n","tags":["A-CodingStandard","A-CheckStyle"],"fileTypesAndContributionMap":{"gradle":{"insertions":6,"deletions":1},"java":{"insertions":96,"deletions":65}}},{"hash":"2424b52a1d690de5bf5203d0ecd0865c28edecb9","isMergeCommit":true,"messageTitle":"Merge branch \u0027branch-A-CodingStandard\u0027","messageBody":"","fileTypesAndContributionMap":{}},{"hash":"1801c61d04cf32456b1c708fef72ec765285919e","isMergeCommit":false,"messageTitle":"Call isEmpty() instead of checking size","messageBody":"","fileTypesAndContributionMap":{"java":{"insertions":1,"deletions":1}}},{"hash":"f8caa2c52cd0b0d8d887c6520c299d97b4c9f694","isMergeCommit":false,"messageTitle":"Add find feature","messageBody":"","fileTypesAndContributionMap":{"java":{"insertions":76,"deletions":40}}},{"hash":"8c498c7715a19643d83348dc0423f75212b7712b","isMergeCommit":true,"messageTitle":"Merge branch \u0027branch-Level-9\u0027","messageBody":"","tags":["Level-9"],"fileTypesAndContributionMap":{}}]},{"date":"2025-01-25","commitResults":[{"hash":"61e68f4c0d8d7eeb855f75aca3b8a3bfa0287f43","isMergeCommit":false,"messageTitle":"Add javadocs to Storage and Task class","messageBody":"","fileTypesAndContributionMap":{"java":{"insertions":18,"deletions":0}}},{"hash":"cf60e3304871f966c55cc5064840d742624a1f19","isMergeCommit":false,"messageTitle":"Add javadoc for JankBot class","messageBody":"","tags":["A-JavaDoc"],"fileTypesAndContributionMap":{"java":{"insertions":29,"deletions":1}}},{"hash":"f5e9bdfa61a7c9e8b911ec6ef6d2fb637e48e901","isMergeCommit":true,"messageTitle":"Merge branch \u0027branch-A-JavaDoc\u0027","messageBody":"","fileTypesAndContributionMap":{}},{"hash":"5e65c7b1f78dc18dbbc8324d06b5c5982e031c31","isMergeCommit":false,"messageTitle":"Refactor parsing logic","messageBody":"commit b055a505f7190874c8d1b60c89fee8635b34a027\nAuthor: WhyAre \u003claiyr52@gmail.com\u003e\nDate:   Sat Jan 25 16:04:37 2025 +0800\n\n    Add unit tests for parsing\n\ncommit ef3f88c9afcd85b63630005c24d67d9fad58f7d4\nAuthor: WhyAre \u003claiyr52@gmail.com\u003e\nDate:   Sat Jan 25 15:53:41 2025 +0800\n\n    Change to use comma instead of newline as delimiter for error message in missing keys\n\ncommit 9b98f40b85079df570ff214ccd977a7d88f9261f\nAuthor: WhyAre \u003claiyr52@gmail.com\u003e\nDate:   Sat Jan 25 15:39:16 2025 +0800\n\n    Change input date format\n\ncommit 360236cc1e993e382d8da4d1c53c4ca352698a4d\nAuthor: WhyAre \u003claiyr52@gmail.com\u003e\nDate:   Sat Jan 25 15:36:19 2025 +0800\n\n    Move parsing logic into Parser.java\n\ncommit 7f73b475dfb173c25b6f15257411419b7cc63492\nAuthor: WhyAre \u003claiyr52@gmail.com\u003e\nDate:   Sat Jan 25 14:50:41 2025 +0800\n\n    Remove curly bracket for single statement in switch\n\ncommit 0b3473a256d820937178ebd4fc191cda620cb75f\nAuthor: WhyAre \u003claiyr52@gmail.com\u003e\nDate:   Sat Jan 25 14:50:13 2025 +0800\n\n    Make Task superclass non-abstract and remove parse method\n","fileTypesAndContributionMap":{"java":{"insertions":198,"deletions":70}}}]}]},"authorFileTypeContributionMap":{"WhyAre":{"java":655,"md":14,"fxml":0,"sh":1,"bat":1,"gradle":46,"txt":11}},"authorContributionVariance":{"WhyAre":27918.525},"authorDisplayNameMap":{"WhyAre":"CS2103-F15-1 LAI ..RONG"}}
