{"authorDailyContributionsMap":{"loyaltypollution":[{"date":"2025-01-24","commitResults":[{"hash":"a526c33e93411afeb08a2df5556c80f1a4186ad1","isMergeCommit":false,"messageTitle":"Duke.java: Rename chatbot name from Duke to Tom","messageBody":"Changes made:\n* File name is renamed from Duke.java to Tom.java\nto remove all traces of Duke from the source code.\n\n* Ascii art prining Duke has been changed to Tom.\n","fileTypesAndContributionMap":{"java":{"insertions":13,"deletions":10}}},{"hash":"cd45d3aae56fdc62e29702f935528457ade3404b","isMergeCommit":false,"messageTitle":"Tom.java: Add skeleton that greets user and exits.","messageBody":"","tags":["Level-0"],"fileTypesAndContributionMap":{"java":{"insertions":2,"deletions":0}}},{"hash":"b06679c7e644b09c51db60740dbcfd7ca0da5877","isMergeCommit":false,"messageTitle":"Tom.java: Add echo functionality and exit on \u0027bye\u0027 command","messageBody":"Implement functionality to echo user input and terminate when \u0027bye\u0027 is entered.\n","tags":["Level-1"],"fileTypesAndContributionMap":{"java":{"insertions":13,"deletions":0}}},{"hash":"4fa9c4f057816ac3538644961e4e20edf5bc4e6b","isMergeCommit":false,"messageTitle":"Tom.java: Add task storage and listing functionality","messageBody":"* Chatbot will store up to 100 tasks on nonpersistent storage.\n* Includes support for acknowledging added tasks.\n* Tasks are listed on command \"list\".\n","tags":["Level-2"],"fileTypesAndContributionMap":{"java":{"insertions":16,"deletions":1}}},{"hash":"a184e2a7549eeff40f04e08b879152f4a06bee48","isMergeCommit":false,"messageTitle":"Tom.java: Refactor if-elseif to switch case","messageBody":"Refactored the if-elseif statements into a switch-case structure.\nThis change makes it easier to add additional commands in the future.\n","fileTypesAndContributionMap":{"java":{"insertions":21,"deletions":20}}},{"hash":"bd00c43eb73a9ddfcbe93360d394417b7635f2ef","isMergeCommit":false,"messageTitle":"Task.java, Tom.java: Encapsulate task details in Task class","messageBody":"Task.java implements task details.\n\nTom.java abstracts the task-strings into a dedicated Task class.\n","fileTypesAndContributionMap":{"java":{"insertions":36,"deletions":2}}},{"hash":"d48f20eb814df10fc20b0971de2fc4e6a83dc51d","isMergeCommit":false,"messageTitle":"Tom.java: correct format of Ascii Art","messageBody":"","fileTypesAndContributionMap":{"java":{"insertions":6,"deletions":6}}},{"hash":"3e5b6e0bc247689ceb98767ffa875f76759ee701","isMergeCommit":false,"messageTitle":"Tom.java: add mark and unmark commands","messageBody":"","tags":["Level-3"],"fileTypesAndContributionMap":{"java":{"insertions":33,"deletions":0}}},{"hash":"453037d4fdeab8b774ef6a3e6b3347f377082603","isMergeCommit":false,"messageTitle":"Tom.java: Add template for todo, deadline, event commands","messageBody":"","tags":["Level-4"],"fileTypesAndContributionMap":{"java":{"insertions":12,"deletions":0}}}]},{"date":"2025-01-27","commitResults":[{"hash":"d1a2f56c1c33916ec7622caf8ee982d9d590cdd1","isMergeCommit":false,"messageTitle":"README.md: reword Duke to Tom","messageBody":"","fileTypesAndContributionMap":{"md":{"insertions":9,"deletions":8}}},{"hash":"35552ea30d1616fe0e5684982bd7b8f1584aa45c","isMergeCommit":false,"messageTitle":"bugfix: enable adding tasks with spaces","messageBody":"","fileTypesAndContributionMap":{"java":{"insertions":21,"deletions":5}}},{"hash":"045722bcb04310e36360e2997c3a77fa97f559d5","isMergeCommit":false,"messageTitle":"encapsulation: create Deadline, Event, Todo classes for each task.","messageBody":"","tags":["Level-5"],"fileTypesAndContributionMap":{"java":{"insertions":87,"deletions":10}}},{"hash":"0e12521bd40d7d39b818a69924278a7d73511ecd","isMergeCommit":false,"messageTitle":"feature: Perform I/O redirection testing","messageBody":"","tags":["A-TextUiTesting"],"fileTypesAndContributionMap":{"txt":{"insertions":11,"deletions":0},"bat":{"insertions":1,"deletions":1}}},{"hash":"56fb149144784350de71406fd188b82636609f4b","isMergeCommit":false,"messageTitle":"Tom.java: Add template for delete command","messageBody":"","tags":["Level-6"],"fileTypesAndContributionMap":{"java":{"insertions":4,"deletions":0}}}]},{"date":"2025-02-02","commitResults":[{"hash":"cdaf78e8ede7ab0848a2ebc1138714d9de7f6f7d","isMergeCommit":false,"messageTitle":"Tom.java: Refactor Task array to ArrayList","messageBody":"","fileTypesAndContributionMap":{"java":{"insertions":18,"deletions":22}}},{"hash":"1e91b6cda8dd608084763889fd1b10c720f1d3ab","isMergeCommit":false,"messageTitle":"Tom.java: Enable Task deletion","messageBody":"","fileTypesAndContributionMap":{"java":{"insertions":21,"deletions":2}}},{"hash":"5a5db6a6234926a566e4b458bb2591440e238eab","isMergeCommit":false,"messageTitle":"test: Add \"delete\" command to testcases","messageBody":"","fileTypesAndContributionMap":{"txt":{"insertions":2,"deletions":0},"java":{"insertions":5,"deletions":0}}}]}]},"authorFileTypeContributionMap":{"loyaltypollution":{"java":240,"md":9,"fxml":0,"sh":0,"bat":1,"gradle":0,"txt":13}},"authorContributionVariance":{"loyaltypollution":2447.9094},"authorDisplayNameMap":{"loyaltypollution":"CS2103T-T08-3 LIM ..RREN"}}
