{"authorDailyContributionsMap":{"cscms03":[{"date":"2025-01-23","commitResults":[{"hash":"adf2c85a37f7b3af4016606d1c23878634902bf1","isMergeCommit":false,"messageTitle":"Rename class Duke -\u003e Minnim","messageBody":"","fileTypesAndContributionMap":{"java":{"insertions":1,"deletions":1}}},{"hash":"8be6a26606296a45f497814a0976deb9dd1baea8","isMergeCommit":false,"messageTitle":"Add greet and exit feature","messageBody":"","tags":["Level-0"],"fileTypesAndContributionMap":{"java":{"insertions":4,"deletions":6}}},{"hash":"6976d053225880aaf24fdc76d0dbb1cd14972ba5","isMergeCommit":false,"messageTitle":"Add echo feature","messageBody":"","tags":["Level-1"],"fileTypesAndContributionMap":{"java":{"insertions":20,"deletions":1}}},{"hash":"3fc8cc07a14a27c31c9c26377ef89ba72f47a84c","isMergeCommit":false,"messageTitle":"Add Adding and List feature","messageBody":"","tags":["Level-2"],"fileTypesAndContributionMap":{"java":{"insertions":22,"deletions":8}}},{"hash":"d54baf80dbcf3099ba16b5d8ff0590cf3d04770a","isMergeCommit":false,"messageTitle":"Add Task class","messageBody":"","fileTypesAndContributionMap":{"java":{"insertions":4,"deletions":0}}},{"hash":"fc1ed2ff1403a803bb23586b19a29f638bf69529","isMergeCommit":false,"messageTitle":"Modify Task class","messageBody":"","fileTypesAndContributionMap":{"java":{"insertions":16,"deletions":2}}},{"hash":"f924222aa932de4f8d2a35ea26c8a79b1dfa647a","isMergeCommit":false,"messageTitle":"Add \u0027Mark as Done\u0027 feature","messageBody":"","tags":["Level-3"],"fileTypesAndContributionMap":{"java":{"insertions":23,"deletions":4}}},{"hash":"541859061e08dd98565ba229cb9d2bfafb72e5e8","isMergeCommit":false,"messageTitle":"Add inherited classes of Task class","messageBody":"","fileTypesAndContributionMap":{"java":{"insertions":38,"deletions":0}}}]}]},"authorFileTypeContributionMap":{"cscms03":{"java":113,"md":0,"fxml":0,"sh":0,"bat":0,"gradle":0,"txt":0}},"authorContributionVariance":{"cscms03":2755.1018},"authorDisplayNameMap":{"cscms03":"CS2103T-F12-4 CHOI..SEOK"}}
