[{"path":"src/main/java/Luke.java","fileType":"java","lines":[{"lineNumber":1,"author":{"gitId":"zechary28"},"content":"import java.io.BufferedReader;","lastModifiedDate":"2025-01-23","isFullCredit":false},{"lineNumber":2,"author":{"gitId":"zechary28"},"content":"import java.io.IOException;","lastModifiedDate":"2025-01-23","isFullCredit":false},{"lineNumber":3,"author":{"gitId":"zechary28"},"content":"import java.io.InputStreamReader;","lastModifiedDate":"2025-01-23","isFullCredit":false},{"lineNumber":4,"author":{"gitId":"zechary28"},"content":"import java.io.PrintWriter;","lastModifiedDate":"2025-01-23","isFullCredit":false},{"lineNumber":5,"author":{"gitId":"zechary28"},"content":"","lastModifiedDate":"2025-01-23","isFullCredit":false},{"lineNumber":6,"author":{"gitId":"zechary28"},"content":"public class Luke {","lastModifiedDate":"2025-01-23","isFullCredit":false},{"lineNumber":7,"author":{"gitId":"zechary28"},"content":"","lastModifiedDate":"2025-01-23","isFullCredit":false},{"lineNumber":8,"author":{"gitId":"zechary28"},"content":"    public static Task[] list;","lastModifiedDate":"2025-01-23","isFullCredit":false},{"lineNumber":9,"author":{"gitId":"zechary28"},"content":"    public static int numItems;","lastModifiedDate":"2025-01-23","isFullCredit":false},{"lineNumber":10,"author":{"gitId":"zechary28"},"content":"","lastModifiedDate":"2025-01-23","isFullCredit":false},{"lineNumber":11,"author":{"gitId":"zechary28"},"content":"    public static class Task {","lastModifiedDate":"2025-01-23","isFullCredit":false},{"lineNumber":12,"author":{"gitId":"zechary28"},"content":"        private String name;","lastModifiedDate":"2025-01-23","isFullCredit":false},{"lineNumber":13,"author":{"gitId":"zechary28"},"content":"        private boolean isDone;","lastModifiedDate":"2025-01-23","isFullCredit":false},{"lineNumber":14,"author":{"gitId":"zechary28"},"content":"","lastModifiedDate":"2025-01-23","isFullCredit":false},{"lineNumber":15,"author":{"gitId":"zechary28"},"content":"        public Task(String name) {","lastModifiedDate":"2025-01-23","isFullCredit":false},{"lineNumber":16,"author":{"gitId":"zechary28"},"content":"            this.name \u003d name;","lastModifiedDate":"2025-01-23","isFullCredit":false},{"lineNumber":17,"author":{"gitId":"zechary28"},"content":"            this.isDone \u003d false;","lastModifiedDate":"2025-01-23","isFullCredit":false},{"lineNumber":18,"author":{"gitId":"zechary28"},"content":"        }","lastModifiedDate":"2025-01-23","isFullCredit":false},{"lineNumber":19,"author":{"gitId":"zechary28"},"content":"","lastModifiedDate":"2025-01-23","isFullCredit":false},{"lineNumber":20,"author":{"gitId":"zechary28"},"content":"        public void setIsDone(boolean isDone) {","lastModifiedDate":"2025-01-24","isFullCredit":false},{"lineNumber":21,"author":{"gitId":"zechary28"},"content":"            this.isDone \u003d isDone;","lastModifiedDate":"2025-01-24","isFullCredit":false},{"lineNumber":22,"author":{"gitId":"zechary28"},"content":"        }","lastModifiedDate":"2025-01-23","isFullCredit":false},{"lineNumber":23,"author":{"gitId":"zechary28"},"content":"","lastModifiedDate":"2025-01-23","isFullCredit":false},{"lineNumber":24,"author":{"gitId":"zechary28"},"content":"        @Override","lastModifiedDate":"2025-01-23","isFullCredit":false},{"lineNumber":25,"author":{"gitId":"zechary28"},"content":"        public String toString() {","lastModifiedDate":"2025-01-23","isFullCredit":false},{"lineNumber":26,"author":{"gitId":"zechary28"},"content":"            return String.format(\"[%s] %s\", this.isDone?\"X\":\" \", this.name);","lastModifiedDate":"2025-01-23","isFullCredit":false},{"lineNumber":27,"author":{"gitId":"zechary28"},"content":"        }","lastModifiedDate":"2025-01-23","isFullCredit":false},{"lineNumber":28,"author":{"gitId":"zechary28"},"content":"    }","lastModifiedDate":"2025-01-23","isFullCredit":false},{"lineNumber":29,"author":{"gitId":"zechary28"},"content":"","lastModifiedDate":"2025-01-23","isFullCredit":false},{"lineNumber":30,"author":{"gitId":"zechary28"},"content":"    public static void main(String[] args) throws IOException {","lastModifiedDate":"2025-01-23","isFullCredit":false},{"lineNumber":31,"author":{"gitId":"zechary28"},"content":"        //io","lastModifiedDate":"2025-01-23","isFullCredit":false},{"lineNumber":32,"author":{"gitId":"zechary28"},"content":"        BufferedReader reader \u003d new BufferedReader(new InputStreamReader(System.in));","lastModifiedDate":"2025-01-23","isFullCredit":false},{"lineNumber":33,"author":{"gitId":"zechary28"},"content":"        PrintWriter writer \u003d new PrintWriter(System.out);","lastModifiedDate":"2025-01-23","isFullCredit":false},{"lineNumber":34,"author":{"gitId":"zechary28"},"content":"","lastModifiedDate":"2025-01-23","isFullCredit":false},{"lineNumber":35,"author":{"gitId":"zechary28"},"content":"        //data structures","lastModifiedDate":"2025-01-23","isFullCredit":false},{"lineNumber":36,"author":{"gitId":"zechary28"},"content":"        list \u003d new Task[100];","lastModifiedDate":"2025-01-23","isFullCredit":false},{"lineNumber":37,"author":{"gitId":"zechary28"},"content":"","lastModifiedDate":"2025-01-23","isFullCredit":false},{"lineNumber":38,"author":{"gitId":"zechary28"},"content":"        String logo \u003d \" _           _        \\n\"","lastModifiedDate":"2025-01-23","isFullCredit":false},{"lineNumber":39,"author":{"gitId":"zechary28"},"content":"                + \"| |    _   _| | _____ \\n\"","lastModifiedDate":"2025-01-23","isFullCredit":false},{"lineNumber":40,"author":{"gitId":"zechary28"},"content":"                + \"| |   | | | | |/ / _ \\\\\\n\"","lastModifiedDate":"2025-01-23","isFullCredit":false},{"lineNumber":41,"author":{"gitId":"zechary28"},"content":"                + \"| |___| |_| |   \u003c  __/\\n\"","lastModifiedDate":"2025-01-23","isFullCredit":false},{"lineNumber":42,"author":{"gitId":"zechary28"},"content":"                + \"|____/ \\\\__,_|_|\\\\_\\\\___|\\n\";","lastModifiedDate":"2025-01-23","isFullCredit":false},{"lineNumber":43,"author":{"gitId":"zechary28"},"content":"        System.out.println(\"_____________________________________\");","lastModifiedDate":"2025-01-23","isFullCredit":false},{"lineNumber":44,"author":{"gitId":"zechary28"},"content":"        System.out.println(\"Hello I\u0027m\\n\" + logo);","lastModifiedDate":"2025-01-23","isFullCredit":false},{"lineNumber":45,"author":{"gitId":"zechary28"},"content":"        System.out.println(\"What can I do for you?\");","lastModifiedDate":"2025-01-23","isFullCredit":false},{"lineNumber":46,"author":{"gitId":"zechary28"},"content":"","lastModifiedDate":"2025-01-23","isFullCredit":false},{"lineNumber":47,"author":{"gitId":"zechary28"},"content":"        numItems \u003d 0;","lastModifiedDate":"2025-01-23","isFullCredit":false},{"lineNumber":48,"author":{"gitId":"zechary28"},"content":"        while (true) {","lastModifiedDate":"2025-01-23","isFullCredit":false},{"lineNumber":49,"author":{"gitId":"zechary28"},"content":"            String input \u003d reader.readLine();","lastModifiedDate":"2025-01-23","isFullCredit":false},{"lineNumber":50,"author":{"gitId":"zechary28"},"content":"            String[] inputArr \u003d input.split(\" \");","lastModifiedDate":"2025-01-24","isFullCredit":false},{"lineNumber":51,"author":{"gitId":"zechary28"},"content":"            if (inputArr[0].equals(\"bye\")) exit();","lastModifiedDate":"2025-01-24","isFullCredit":false},{"lineNumber":52,"author":{"gitId":"zechary28"},"content":"            else if (inputArr[0].equals(\"mark\")) markTask(Integer.parseInt(inputArr[1]), true);","lastModifiedDate":"2025-01-24","isFullCredit":false},{"lineNumber":53,"author":{"gitId":"zechary28"},"content":"            else if (inputArr[0].equals(\"unmark\")) markTask(Integer.parseInt(inputArr[1]), false);","lastModifiedDate":"2025-01-24","isFullCredit":false},{"lineNumber":54,"author":{"gitId":"zechary28"},"content":"            else if (inputArr[0].equals(\"list\")) printList();","lastModifiedDate":"2025-01-24","isFullCredit":false},{"lineNumber":55,"author":{"gitId":"zechary28"},"content":"            else {","lastModifiedDate":"2025-01-23","isFullCredit":false},{"lineNumber":56,"author":{"gitId":"zechary28"},"content":"                list[numItems] \u003d new Task(input);","lastModifiedDate":"2025-01-23","isFullCredit":false},{"lineNumber":57,"author":{"gitId":"zechary28"},"content":"                numItems++;","lastModifiedDate":"2025-01-23","isFullCredit":false},{"lineNumber":58,"author":{"gitId":"zechary28"},"content":"                printLine();","lastModifiedDate":"2025-01-23","isFullCredit":false},{"lineNumber":59,"author":{"gitId":"zechary28"},"content":"                System.out.println(\"added: \" + input);","lastModifiedDate":"2025-01-23","isFullCredit":false},{"lineNumber":60,"author":{"gitId":"zechary28"},"content":"                printLine();","lastModifiedDate":"2025-01-23","isFullCredit":false},{"lineNumber":61,"author":{"gitId":"zechary28"},"content":"            }","lastModifiedDate":"2025-01-23","isFullCredit":false},{"lineNumber":62,"author":{"gitId":"zechary28"},"content":"        }","lastModifiedDate":"2025-01-23","isFullCredit":false},{"lineNumber":63,"author":{"gitId":"zechary28"},"content":"    }","lastModifiedDate":"2025-01-23","isFullCredit":false},{"lineNumber":64,"author":{"gitId":"zechary28"},"content":"","lastModifiedDate":"2025-01-23","isFullCredit":false},{"lineNumber":65,"author":{"gitId":"zechary28"},"content":"    public static void printLine() {","lastModifiedDate":"2025-01-23","isFullCredit":false},{"lineNumber":66,"author":{"gitId":"zechary28"},"content":"        System.out.println(\"_____________________________________\");","lastModifiedDate":"2025-01-23","isFullCredit":false},{"lineNumber":67,"author":{"gitId":"zechary28"},"content":"    }","lastModifiedDate":"2025-01-23","isFullCredit":false},{"lineNumber":68,"author":{"gitId":"zechary28"},"content":"","lastModifiedDate":"2025-01-23","isFullCredit":false},{"lineNumber":69,"author":{"gitId":"zechary28"},"content":"    public static void exit() {","lastModifiedDate":"2025-01-23","isFullCredit":false},{"lineNumber":70,"author":{"gitId":"zechary28"},"content":"        printLine();","lastModifiedDate":"2025-01-23","isFullCredit":false},{"lineNumber":71,"author":{"gitId":"zechary28"},"content":"        System.out.println(\"Bye. Hope to see you again soon!\");","lastModifiedDate":"2025-01-23","isFullCredit":false},{"lineNumber":72,"author":{"gitId":"zechary28"},"content":"        printLine();","lastModifiedDate":"2025-01-23","isFullCredit":false},{"lineNumber":73,"author":{"gitId":"zechary28"},"content":"        System.exit(0);","lastModifiedDate":"2025-01-23","isFullCredit":false},{"lineNumber":74,"author":{"gitId":"zechary28"},"content":"    }","lastModifiedDate":"2025-01-23","isFullCredit":false},{"lineNumber":75,"author":{"gitId":"zechary28"},"content":"","lastModifiedDate":"2025-01-23","isFullCredit":false},{"lineNumber":76,"author":{"gitId":"zechary28"},"content":"    public static void printList() {","lastModifiedDate":"2025-01-23","isFullCredit":false},{"lineNumber":77,"author":{"gitId":"zechary28"},"content":"        for (int i \u003d 0; i \u003c numItems; i++) {","lastModifiedDate":"2025-01-23","isFullCredit":false},{"lineNumber":78,"author":{"gitId":"zechary28"},"content":"            System.out.println(String.format(\"%s. %s\",i+1, list[i]));","lastModifiedDate":"2025-01-23","isFullCredit":false},{"lineNumber":79,"author":{"gitId":"zechary28"},"content":"        }","lastModifiedDate":"2025-01-23","isFullCredit":false},{"lineNumber":80,"author":{"gitId":"zechary28"},"content":"    }","lastModifiedDate":"2025-01-23","isFullCredit":false},{"lineNumber":81,"author":{"gitId":"zechary28"},"content":"","lastModifiedDate":"2025-01-24","isFullCredit":false},{"lineNumber":82,"author":{"gitId":"zechary28"},"content":"    public static void markTask(int i, boolean isDone) {","lastModifiedDate":"2025-01-24","isFullCredit":false},{"lineNumber":83,"author":{"gitId":"zechary28"},"content":"        Task task \u003d list[i-1];","lastModifiedDate":"2025-01-24","isFullCredit":false},{"lineNumber":84,"author":{"gitId":"zechary28"},"content":"        task.setIsDone(isDone);","lastModifiedDate":"2025-01-24","isFullCredit":false},{"lineNumber":85,"author":{"gitId":"zechary28"},"content":"        printLine();","lastModifiedDate":"2025-01-24","isFullCredit":false},{"lineNumber":86,"author":{"gitId":"zechary28"},"content":"        if (isDone) System.out.println(\"Nice! I\u0027ve marked this task as done:\");","lastModifiedDate":"2025-01-24","isFullCredit":false},{"lineNumber":87,"author":{"gitId":"zechary28"},"content":"        else System.out.println(\"OK, I\u0027ve marked this task as not done yet:\");","lastModifiedDate":"2025-01-24","isFullCredit":false},{"lineNumber":88,"author":{"gitId":"zechary28"},"content":"        System.out.println(task.toString());","lastModifiedDate":"2025-01-24","isFullCredit":false},{"lineNumber":89,"author":{"gitId":"zechary28"},"content":"        printLine();","lastModifiedDate":"2025-01-24","isFullCredit":false},{"lineNumber":90,"author":{"gitId":"zechary28"},"content":"    }","lastModifiedDate":"2025-01-24","isFullCredit":false},{"lineNumber":91,"author":{"gitId":"zechary28"},"content":"}","lastModifiedDate":"2025-01-23","isFullCredit":false}],"authorContributionMap":{"zechary28":91}}]
