[{"path":"src/main/java/Sebastian.java","fileType":"java","lines":[{"lineNumber":1,"author":{"gitId":"crmlatte"},"content":"import java.util.ArrayList;","lastModifiedDate":"2025-01-23","isFullCredit":false},{"lineNumber":2,"author":{"gitId":"crmlatte"},"content":"import java.util.Scanner;","lastModifiedDate":"2025-01-23","isFullCredit":false},{"lineNumber":3,"author":{"gitId":"crmlatte"},"content":"public class Sebastian {","lastModifiedDate":"2025-01-23","isFullCredit":false},{"lineNumber":4,"author":{"gitId":"crmlatte"},"content":"    static final String NEWLINE \u003d \"     --------------------------\";","lastModifiedDate":"2025-01-23","isFullCredit":false},{"lineNumber":5,"author":{"gitId":"crmlatte"},"content":"    public static void main(String[] args) {","lastModifiedDate":"2025-01-23","isFullCredit":false},{"lineNumber":6,"author":{"gitId":"crmlatte"},"content":"        Scanner s \u003d new Scanner(System.in);","lastModifiedDate":"2025-01-23","isFullCredit":false},{"lineNumber":7,"author":{"gitId":"crmlatte"},"content":"","lastModifiedDate":"2025-01-23","isFullCredit":false},{"lineNumber":8,"author":{"gitId":"crmlatte"},"content":"        String[] store \u003d new String[100]; // store the input in array","lastModifiedDate":"2025-01-23","isFullCredit":false},{"lineNumber":9,"author":{"gitId":"crmlatte"},"content":"","lastModifiedDate":"2025-01-23","isFullCredit":false},{"lineNumber":10,"author":{"gitId":"crmlatte"},"content":"        // welcome msg","lastModifiedDate":"2025-01-23","isFullCredit":false},{"lineNumber":11,"author":{"gitId":"crmlatte"},"content":"        System.out.println(NEWLINE","lastModifiedDate":"2025-01-23","isFullCredit":false},{"lineNumber":12,"author":{"gitId":"crmlatte"},"content":"        + \"\\n     Hello! I\u0027m Sebastian~ \"","lastModifiedDate":"2025-01-23","isFullCredit":false},{"lineNumber":13,"author":{"gitId":"crmlatte"},"content":"        + \"\\n     What can I do for you?\\n\"","lastModifiedDate":"2025-01-23","isFullCredit":false},{"lineNumber":14,"author":{"gitId":"crmlatte"},"content":"        + NEWLINE);","lastModifiedDate":"2025-01-23","isFullCredit":false},{"lineNumber":15,"author":{"gitId":"crmlatte"},"content":"","lastModifiedDate":"2025-01-23","isFullCredit":false},{"lineNumber":16,"author":{"gitId":"crmlatte"},"content":"        String input \u003d s.nextLine();","lastModifiedDate":"2025-01-23","isFullCredit":false},{"lineNumber":17,"author":{"gitId":"crmlatte"},"content":"        int count \u003d 0; // array indexing","lastModifiedDate":"2025-01-23","isFullCredit":false},{"lineNumber":18,"author":{"gitId":"crmlatte"},"content":"        while (!input.toUpperCase().equals(\"BYE\")) {","lastModifiedDate":"2025-01-23","isFullCredit":false},{"lineNumber":19,"author":{"gitId":"crmlatte"},"content":"            System.out.println(NEWLINE);","lastModifiedDate":"2025-01-23","isFullCredit":false},{"lineNumber":20,"author":{"gitId":"crmlatte"},"content":"","lastModifiedDate":"2025-01-23","isFullCredit":false},{"lineNumber":21,"author":{"gitId":"crmlatte"},"content":"            // if ask for list --\u003e \"list\" word not saved in list","lastModifiedDate":"2025-01-23","isFullCredit":false},{"lineNumber":22,"author":{"gitId":"crmlatte"},"content":"            if (input.toUpperCase().equals(\"LIST\")) {","lastModifiedDate":"2025-01-23","isFullCredit":false},{"lineNumber":23,"author":{"gitId":"crmlatte"},"content":"                System.out.println(\"     Here is your list:\");","lastModifiedDate":"2025-01-23","isFullCredit":false},{"lineNumber":24,"author":{"gitId":"crmlatte"},"content":"                int i \u003d 0;","lastModifiedDate":"2025-01-23","isFullCredit":false},{"lineNumber":25,"author":{"gitId":"crmlatte"},"content":"                while (!(store[i] \u003d\u003d null)) {","lastModifiedDate":"2025-01-23","isFullCredit":false},{"lineNumber":26,"author":{"gitId":"crmlatte"},"content":"                    System.out.println(\"     \" + (i + 1) + \". \" + store[i]);","lastModifiedDate":"2025-01-23","isFullCredit":false},{"lineNumber":27,"author":{"gitId":"crmlatte"},"content":"                    i++;","lastModifiedDate":"2025-01-23","isFullCredit":false},{"lineNumber":28,"author":{"gitId":"crmlatte"},"content":"                }","lastModifiedDate":"2025-01-23","isFullCredit":false},{"lineNumber":29,"author":{"gitId":"crmlatte"},"content":"","lastModifiedDate":"2025-01-23","isFullCredit":false},{"lineNumber":30,"author":{"gitId":"crmlatte"},"content":"            } else {","lastModifiedDate":"2025-01-23","isFullCredit":false},{"lineNumber":31,"author":{"gitId":"crmlatte"},"content":"                store[count] \u003d input;","lastModifiedDate":"2025-01-23","isFullCredit":false},{"lineNumber":32,"author":{"gitId":"crmlatte"},"content":"                System.out.println(\"     \"","lastModifiedDate":"2025-01-23","isFullCredit":false},{"lineNumber":33,"author":{"gitId":"crmlatte"},"content":"                        + \"You have added: \"","lastModifiedDate":"2025-01-23","isFullCredit":false},{"lineNumber":34,"author":{"gitId":"crmlatte"},"content":"                        + input);","lastModifiedDate":"2025-01-23","isFullCredit":false},{"lineNumber":35,"author":{"gitId":"crmlatte"},"content":"                count++;","lastModifiedDate":"2025-01-23","isFullCredit":false},{"lineNumber":36,"author":{"gitId":"crmlatte"},"content":"            }","lastModifiedDate":"2025-01-23","isFullCredit":false},{"lineNumber":37,"author":{"gitId":"crmlatte"},"content":"            System.out.println(NEWLINE);","lastModifiedDate":"2025-01-23","isFullCredit":false},{"lineNumber":38,"author":{"gitId":"crmlatte"},"content":"            input \u003d s.nextLine();","lastModifiedDate":"2025-01-23","isFullCredit":false},{"lineNumber":39,"author":{"gitId":"crmlatte"},"content":"        }","lastModifiedDate":"2025-01-23","isFullCredit":false},{"lineNumber":40,"author":{"gitId":"crmlatte"},"content":"","lastModifiedDate":"2025-01-23","isFullCredit":false},{"lineNumber":41,"author":{"gitId":"crmlatte"},"content":"        // Exit","lastModifiedDate":"2025-01-23","isFullCredit":false},{"lineNumber":42,"author":{"gitId":"crmlatte"},"content":"        if (input.toUpperCase().equals(\"BYE\")) {","lastModifiedDate":"2025-01-23","isFullCredit":false},{"lineNumber":43,"author":{"gitId":"crmlatte"},"content":"            System.out.println(NEWLINE","lastModifiedDate":"2025-01-23","isFullCredit":false},{"lineNumber":44,"author":{"gitId":"crmlatte"},"content":"                    + \"\\n     Bye! See you again :D\\n\"","lastModifiedDate":"2025-01-23","isFullCredit":false},{"lineNumber":45,"author":{"gitId":"crmlatte"},"content":"                    + NEWLINE);","lastModifiedDate":"2025-01-23","isFullCredit":false},{"lineNumber":46,"author":{"gitId":"crmlatte"},"content":"        }","lastModifiedDate":"2025-01-23","isFullCredit":false},{"lineNumber":47,"author":{"gitId":"crmlatte"},"content":"","lastModifiedDate":"2025-01-23","isFullCredit":false},{"lineNumber":48,"author":{"gitId":"-"},"content":"    }","lastModifiedDate":"2019-07-29","isFullCredit":false},{"lineNumber":49,"author":{"gitId":"-"},"content":"}","lastModifiedDate":"2019-07-29","isFullCredit":false}],"authorContributionMap":{"crmlatte":47,"-":2}}]
