[{"path":"README.md","fileType":"md","lines":[{"lineNumber":1,"author":{"gitId":"kokseen1"},"content":"# Isla project template","lastModifiedDate":"2025-01-21","isFullCredit":false},{"lineNumber":2,"author":{"gitId":"-"},"content":"","lastModifiedDate":"2020-05-25","isFullCredit":false},{"lineNumber":3,"author":{"gitId":"kokseen1"},"content":"This is a project template for a greenfield Java project. Given below are instructions on how to use it.","lastModifiedDate":"2025-01-21","isFullCredit":false},{"lineNumber":4,"author":{"gitId":"-"},"content":"","lastModifiedDate":"2020-05-25","isFullCredit":false},{"lineNumber":5,"author":{"gitId":"-"},"content":"## Setting up in Intellij","lastModifiedDate":"2020-05-25","isFullCredit":false},{"lineNumber":6,"author":{"gitId":"-"},"content":"","lastModifiedDate":"2020-05-25","isFullCredit":false},{"lineNumber":7,"author":{"gitId":"-"},"content":"Prerequisites: JDK 17, update Intellij to the most recent version.","lastModifiedDate":"2024-07-11","isFullCredit":false},{"lineNumber":8,"author":{"gitId":"-"},"content":"","lastModifiedDate":"2020-05-25","isFullCredit":false},{"lineNumber":9,"author":{"gitId":"-"},"content":"1. Open Intellij (if you are not in the welcome screen, click `File` \u003e `Close Project` to close the existing project first)","lastModifiedDate":"2021-01-17","isFullCredit":false},{"lineNumber":10,"author":{"gitId":"-"},"content":"1. Open the project into Intellij as follows:","lastModifiedDate":"2021-01-17","isFullCredit":false},{"lineNumber":11,"author":{"gitId":"-"},"content":"   1. Click `Open`.","lastModifiedDate":"2021-01-17","isFullCredit":false},{"lineNumber":12,"author":{"gitId":"-"},"content":"   1. Select the project directory, and click `OK`.","lastModifiedDate":"2021-01-17","isFullCredit":false},{"lineNumber":13,"author":{"gitId":"-"},"content":"   1. If there are any further prompts, accept the defaults.","lastModifiedDate":"2020-05-25","isFullCredit":false},{"lineNumber":14,"author":{"gitId":"-"},"content":"1. Configure the project to use **JDK 17** (not other versions) as explained in [here](https://www.jetbrains.com/help/idea/sdk.html#set-up-jdk).\u003cbr\u003e","lastModifiedDate":"2024-07-11","isFullCredit":false},{"lineNumber":15,"author":{"gitId":"-"},"content":"   In the same dialog, set the **Project language level** field to the `SDK default` option.","lastModifiedDate":"2021-07-29","isFullCredit":false},{"lineNumber":16,"author":{"gitId":"kokseen1"},"content":"1. After that, locate the `src/main/java/Isla.java` file, right-click it, and choose `Run Isla.main()` (if the code editor is showing compile errors, try restarting the IDE). If the setup is correct, you should see something like the below as the output:","lastModifiedDate":"2025-01-21","isFullCredit":false},{"lineNumber":17,"author":{"gitId":"-"},"content":"   ```","lastModifiedDate":"2020-05-25","isFullCredit":false},{"lineNumber":18,"author":{"gitId":"-"},"content":"   Hello from","lastModifiedDate":"2020-05-25","isFullCredit":false},{"lineNumber":19,"author":{"gitId":"-"},"content":"    ____        _        ","lastModifiedDate":"2020-05-25","isFullCredit":false},{"lineNumber":20,"author":{"gitId":"-"},"content":"   |  _ \\ _   _| | _____ ","lastModifiedDate":"2020-05-25","isFullCredit":false},{"lineNumber":21,"author":{"gitId":"-"},"content":"   | | | | | | | |/ / _ \\","lastModifiedDate":"2020-05-25","isFullCredit":false},{"lineNumber":22,"author":{"gitId":"-"},"content":"   | |_| | |_| |   \u003c  __/","lastModifiedDate":"2020-05-25","isFullCredit":false},{"lineNumber":23,"author":{"gitId":"-"},"content":"   |____/ \\__,_|_|\\_\\___|","lastModifiedDate":"2020-05-25","isFullCredit":false},{"lineNumber":24,"author":{"gitId":"-"},"content":"   ```","lastModifiedDate":"2020-05-25","isFullCredit":false},{"lineNumber":25,"author":{"gitId":"-"},"content":"","lastModifiedDate":"2025-01-04","isFullCredit":false},{"lineNumber":26,"author":{"gitId":"-"},"content":"**Warning:** Keep the `src\\main\\java` folder as the root folder for Java files (i.e., don\u0027t rename those folders or move Java files to another folder outside of this folder path), as this is the default location some tools (e.g., Gradle) expect to find Java files.","lastModifiedDate":"2025-01-04","isFullCredit":false}],"authorContributionMap":{"kokseen1":3,"-":23}},{"path":"docs/README.md","fileType":"md","lines":[{"lineNumber":1,"author":{"gitId":"kokseen1"},"content":"# Isla User Guide","lastModifiedDate":"2025-01-21","isFullCredit":false},{"lineNumber":2,"author":{"gitId":"-"},"content":"","lastModifiedDate":"2019-07-29","isFullCredit":false},{"lineNumber":3,"author":{"gitId":"-"},"content":"// Update the title above to match the actual product name","lastModifiedDate":"2024-01-07","isFullCredit":false},{"lineNumber":4,"author":{"gitId":"-"},"content":"","lastModifiedDate":"2019-07-29","isFullCredit":false},{"lineNumber":5,"author":{"gitId":"-"},"content":"// Product screenshot goes here","lastModifiedDate":"2024-01-07","isFullCredit":false},{"lineNumber":6,"author":{"gitId":"-"},"content":"","lastModifiedDate":"2021-07-17","isFullCredit":false},{"lineNumber":7,"author":{"gitId":"-"},"content":"// Product intro goes here","lastModifiedDate":"2024-01-07","isFullCredit":false},{"lineNumber":8,"author":{"gitId":"-"},"content":"","lastModifiedDate":"2021-07-17","isFullCredit":false},{"lineNumber":9,"author":{"gitId":"-"},"content":"## Adding deadlines","lastModifiedDate":"2024-01-07","isFullCredit":false},{"lineNumber":10,"author":{"gitId":"-"},"content":"","lastModifiedDate":"2021-07-17","isFullCredit":false},{"lineNumber":11,"author":{"gitId":"-"},"content":"// Describe the action and its outcome.","lastModifiedDate":"2024-01-07","isFullCredit":false},{"lineNumber":12,"author":{"gitId":"-"},"content":"","lastModifiedDate":"2019-07-29","isFullCredit":false},{"lineNumber":13,"author":{"gitId":"-"},"content":"// Give examples of usage","lastModifiedDate":"2024-01-07","isFullCredit":false},{"lineNumber":14,"author":{"gitId":"-"},"content":"","lastModifiedDate":"2019-07-29","isFullCredit":false},{"lineNumber":15,"author":{"gitId":"-"},"content":"Example: `keyword (optional arguments)`","lastModifiedDate":"2024-01-07","isFullCredit":false},{"lineNumber":16,"author":{"gitId":"-"},"content":"","lastModifiedDate":"2019-07-29","isFullCredit":false},{"lineNumber":17,"author":{"gitId":"-"},"content":"// A description of the expected outcome goes here","lastModifiedDate":"2024-01-07","isFullCredit":false},{"lineNumber":18,"author":{"gitId":"-"},"content":"","lastModifiedDate":"2019-07-29","isFullCredit":false},{"lineNumber":19,"author":{"gitId":"-"},"content":"```","lastModifiedDate":"2024-01-07","isFullCredit":false},{"lineNumber":20,"author":{"gitId":"-"},"content":"expected output","lastModifiedDate":"2024-01-07","isFullCredit":false},{"lineNumber":21,"author":{"gitId":"-"},"content":"```","lastModifiedDate":"2024-01-07","isFullCredit":false},{"lineNumber":22,"author":{"gitId":"-"},"content":"","lastModifiedDate":"2019-07-29","isFullCredit":false},{"lineNumber":23,"author":{"gitId":"-"},"content":"## Feature ABC","lastModifiedDate":"2024-01-07","isFullCredit":false},{"lineNumber":24,"author":{"gitId":"-"},"content":"","lastModifiedDate":"2019-07-29","isFullCredit":false},{"lineNumber":25,"author":{"gitId":"-"},"content":"// Feature details","lastModifiedDate":"2024-01-07","isFullCredit":false},{"lineNumber":26,"author":{"gitId":"-"},"content":"","lastModifiedDate":"2019-07-29","isFullCredit":false},{"lineNumber":27,"author":{"gitId":"-"},"content":"","lastModifiedDate":"2021-07-17","isFullCredit":false},{"lineNumber":28,"author":{"gitId":"-"},"content":"## Feature XYZ","lastModifiedDate":"2024-01-07","isFullCredit":false},{"lineNumber":29,"author":{"gitId":"-"},"content":"","lastModifiedDate":"2024-01-07","isFullCredit":false},{"lineNumber":30,"author":{"gitId":"-"},"content":"// Feature details","lastModifiedDate":"2024-01-07","isFullCredit":false}],"authorContributionMap":{"kokseen1":1,"-":29}},{"path":"src/main/java/Deadline.java","fileType":"java","lines":[{"lineNumber":1,"author":{"gitId":"kokseen1"},"content":"import java.time.LocalDate;","lastModifiedDate":"2025-01-28","isFullCredit":false},{"lineNumber":2,"author":{"gitId":"kokseen1"},"content":"import java.time.format.DateTimeFormatter;","lastModifiedDate":"2025-01-28","isFullCredit":false},{"lineNumber":3,"author":{"gitId":"kokseen1"},"content":"","lastModifiedDate":"2025-01-28","isFullCredit":false},{"lineNumber":4,"author":{"gitId":"kokseen1"},"content":"public class Deadline extends Task {","lastModifiedDate":"2025-01-21","isFullCredit":false},{"lineNumber":5,"author":{"gitId":"kokseen1"},"content":"","lastModifiedDate":"2025-01-21","isFullCredit":false},{"lineNumber":6,"author":{"gitId":"kokseen1"},"content":"    protected LocalDate by;","lastModifiedDate":"2025-01-28","isFullCredit":false},{"lineNumber":7,"author":{"gitId":"kokseen1"},"content":"","lastModifiedDate":"2025-01-21","isFullCredit":false},{"lineNumber":8,"author":{"gitId":"kokseen1"},"content":"    public Deadline(String description, LocalDate by) {","lastModifiedDate":"2025-01-28","isFullCredit":false},{"lineNumber":9,"author":{"gitId":"kokseen1"},"content":"        super(description);","lastModifiedDate":"2025-01-21","isFullCredit":false},{"lineNumber":10,"author":{"gitId":"kokseen1"},"content":"        this.by \u003d by;","lastModifiedDate":"2025-01-21","isFullCredit":false},{"lineNumber":11,"author":{"gitId":"kokseen1"},"content":"    }","lastModifiedDate":"2025-01-21","isFullCredit":false},{"lineNumber":12,"author":{"gitId":"kokseen1"},"content":"","lastModifiedDate":"2025-01-21","isFullCredit":false},{"lineNumber":13,"author":{"gitId":"kokseen1"},"content":"    @Override","lastModifiedDate":"2025-01-27","isFullCredit":false},{"lineNumber":14,"author":{"gitId":"kokseen1"},"content":"    public String serialize() {","lastModifiedDate":"2025-01-27","isFullCredit":false},{"lineNumber":15,"author":{"gitId":"kokseen1"},"content":"        return \"D|\" + super.serialize() + \"|\" + this.by;","lastModifiedDate":"2025-01-27","isFullCredit":false},{"lineNumber":16,"author":{"gitId":"kokseen1"},"content":"    }","lastModifiedDate":"2025-01-27","isFullCredit":false},{"lineNumber":17,"author":{"gitId":"kokseen1"},"content":"","lastModifiedDate":"2025-01-27","isFullCredit":false},{"lineNumber":18,"author":{"gitId":"kokseen1"},"content":"    @Override","lastModifiedDate":"2025-01-21","isFullCredit":false},{"lineNumber":19,"author":{"gitId":"kokseen1"},"content":"    public String toString() {","lastModifiedDate":"2025-01-21","isFullCredit":false},{"lineNumber":20,"author":{"gitId":"kokseen1"},"content":"        return \"[D]\" + super.toString() + \" (by: \" + this.by.format(DateTimeFormatter.ofPattern(\"MMM d yyyy\")) + \")\";","lastModifiedDate":"2025-01-28","isFullCredit":false},{"lineNumber":21,"author":{"gitId":"kokseen1"},"content":"    }","lastModifiedDate":"2025-01-21","isFullCredit":false},{"lineNumber":22,"author":{"gitId":"kokseen1"},"content":"}","lastModifiedDate":"2025-01-21","isFullCredit":false}],"authorContributionMap":{"kokseen1":22}},{"path":"src/main/java/Event.java","fileType":"java","lines":[{"lineNumber":1,"author":{"gitId":"kokseen1"},"content":"public class Event extends Task {","lastModifiedDate":"2025-01-21","isFullCredit":false},{"lineNumber":2,"author":{"gitId":"kokseen1"},"content":"","lastModifiedDate":"2025-01-21","isFullCredit":false},{"lineNumber":3,"author":{"gitId":"kokseen1"},"content":"    protected String from;","lastModifiedDate":"2025-01-21","isFullCredit":false},{"lineNumber":4,"author":{"gitId":"kokseen1"},"content":"    protected String to;","lastModifiedDate":"2025-01-21","isFullCredit":false},{"lineNumber":5,"author":{"gitId":"kokseen1"},"content":"","lastModifiedDate":"2025-01-21","isFullCredit":false},{"lineNumber":6,"author":{"gitId":"kokseen1"},"content":"    public Event(String description, String from, String to) {","lastModifiedDate":"2025-01-21","isFullCredit":false},{"lineNumber":7,"author":{"gitId":"kokseen1"},"content":"        super(description);","lastModifiedDate":"2025-01-21","isFullCredit":false},{"lineNumber":8,"author":{"gitId":"kokseen1"},"content":"        this.from \u003d from;","lastModifiedDate":"2025-01-21","isFullCredit":false},{"lineNumber":9,"author":{"gitId":"kokseen1"},"content":"        this.to \u003d to;","lastModifiedDate":"2025-01-21","isFullCredit":false},{"lineNumber":10,"author":{"gitId":"kokseen1"},"content":"    }","lastModifiedDate":"2025-01-21","isFullCredit":false},{"lineNumber":11,"author":{"gitId":"kokseen1"},"content":"","lastModifiedDate":"2025-01-21","isFullCredit":false},{"lineNumber":12,"author":{"gitId":"kokseen1"},"content":"    @Override","lastModifiedDate":"2025-01-27","isFullCredit":false},{"lineNumber":13,"author":{"gitId":"kokseen1"},"content":"    public String serialize() {","lastModifiedDate":"2025-01-27","isFullCredit":false},{"lineNumber":14,"author":{"gitId":"kokseen1"},"content":"        return \"E|\" + super.serialize() + \"|\" + this.from + \"|\" + this.to;","lastModifiedDate":"2025-01-27","isFullCredit":false},{"lineNumber":15,"author":{"gitId":"kokseen1"},"content":"    }","lastModifiedDate":"2025-01-27","isFullCredit":false},{"lineNumber":16,"author":{"gitId":"kokseen1"},"content":"","lastModifiedDate":"2025-01-27","isFullCredit":false},{"lineNumber":17,"author":{"gitId":"kokseen1"},"content":"    @Override","lastModifiedDate":"2025-01-21","isFullCredit":false},{"lineNumber":18,"author":{"gitId":"kokseen1"},"content":"    public String toString() {","lastModifiedDate":"2025-01-21","isFullCredit":false},{"lineNumber":19,"author":{"gitId":"kokseen1"},"content":"        return \"[E]\" + super.toString() + \" (from: \" + this.from + \" to: \" + this.to + \")\";","lastModifiedDate":"2025-01-21","isFullCredit":false},{"lineNumber":20,"author":{"gitId":"kokseen1"},"content":"    }","lastModifiedDate":"2025-01-21","isFullCredit":false},{"lineNumber":21,"author":{"gitId":"kokseen1"},"content":"}","lastModifiedDate":"2025-01-21","isFullCredit":false}],"authorContributionMap":{"kokseen1":21}},{"path":"src/main/java/Isla.java","fileType":"java","lines":[{"lineNumber":1,"author":{"gitId":"kokseen1"},"content":"import java.io.IOException;","lastModifiedDate":"2025-01-27","isFullCredit":false},{"lineNumber":2,"author":{"gitId":"kokseen1"},"content":"import java.nio.file.Files;","lastModifiedDate":"2025-01-27","isFullCredit":false},{"lineNumber":3,"author":{"gitId":"kokseen1"},"content":"import java.nio.file.Path;","lastModifiedDate":"2025-01-27","isFullCredit":false},{"lineNumber":4,"author":{"gitId":"kokseen1"},"content":"import java.nio.file.Paths;","lastModifiedDate":"2025-01-27","isFullCredit":false},{"lineNumber":5,"author":{"gitId":"kokseen1"},"content":"import java.time.LocalDate;","lastModifiedDate":"2025-01-28","isFullCredit":false},{"lineNumber":6,"author":{"gitId":"kokseen1"},"content":"import java.time.format.DateTimeParseException;","lastModifiedDate":"2025-01-28","isFullCredit":false},{"lineNumber":7,"author":{"gitId":"kokseen1"},"content":"import java.util.Arrays;","lastModifiedDate":"2025-01-21","isFullCredit":false},{"lineNumber":8,"author":{"gitId":"kokseen1"},"content":"import java.util.List;","lastModifiedDate":"2025-01-27","isFullCredit":false},{"lineNumber":9,"author":{"gitId":"kokseen1"},"content":"import java.util.Scanner;","lastModifiedDate":"2025-01-21","isFullCredit":false},{"lineNumber":10,"author":{"gitId":"kokseen1"},"content":"import java.util.ArrayList;","lastModifiedDate":"2025-01-21","isFullCredit":false},{"lineNumber":11,"author":{"gitId":"kokseen1"},"content":"import java.util.stream.Collectors;","lastModifiedDate":"2025-01-27","isFullCredit":false},{"lineNumber":12,"author":{"gitId":"kokseen1"},"content":"","lastModifiedDate":"2025-01-27","isFullCredit":false},{"lineNumber":13,"author":{"gitId":"kokseen1"},"content":"import static java.nio.charset.StandardCharsets.UTF_8;","lastModifiedDate":"2025-01-27","isFullCredit":false},{"lineNumber":14,"author":{"gitId":"kokseen1"},"content":"","lastModifiedDate":"2025-01-21","isFullCredit":false},{"lineNumber":15,"author":{"gitId":"kokseen1"},"content":"public class Isla {","lastModifiedDate":"2025-01-21","isFullCredit":false},{"lineNumber":16,"author":{"gitId":"kokseen1"},"content":"    public static ArrayList\u003cTask\u003e taskList;","lastModifiedDate":"2025-01-21","isFullCredit":false},{"lineNumber":17,"author":{"gitId":"kokseen1"},"content":"    public static Path savePath \u003d Paths.get(\"./data/isla.txt\");","lastModifiedDate":"2025-01-27","isFullCredit":false},{"lineNumber":18,"author":{"gitId":"kokseen1"},"content":"","lastModifiedDate":"2025-01-27","isFullCredit":false},{"lineNumber":19,"author":{"gitId":"kokseen1"},"content":"    public static Task deserialize(String serializedTask) throws IslaException {","lastModifiedDate":"2025-01-27","isFullCredit":false},{"lineNumber":20,"author":{"gitId":"kokseen1"},"content":"        String[] taskComponents \u003d serializedTask.split(\"\\\\|\");","lastModifiedDate":"2025-01-27","isFullCredit":false},{"lineNumber":21,"author":{"gitId":"kokseen1"},"content":"        String taskType \u003d taskComponents[0];","lastModifiedDate":"2025-01-27","isFullCredit":false},{"lineNumber":22,"author":{"gitId":"kokseen1"},"content":"        boolean isDone \u003d Boolean.parseBoolean(taskComponents[1]);","lastModifiedDate":"2025-01-27","isFullCredit":false},{"lineNumber":23,"author":{"gitId":"kokseen1"},"content":"        String description \u003d taskComponents[2];","lastModifiedDate":"2025-01-27","isFullCredit":false},{"lineNumber":24,"author":{"gitId":"kokseen1"},"content":"","lastModifiedDate":"2025-01-27","isFullCredit":false},{"lineNumber":25,"author":{"gitId":"kokseen1"},"content":"        Task newTask;","lastModifiedDate":"2025-01-27","isFullCredit":false},{"lineNumber":26,"author":{"gitId":"kokseen1"},"content":"        switch (taskType) {","lastModifiedDate":"2025-01-27","isFullCredit":false},{"lineNumber":27,"author":{"gitId":"kokseen1"},"content":"            case \"T\":","lastModifiedDate":"2025-01-27","isFullCredit":false},{"lineNumber":28,"author":{"gitId":"kokseen1"},"content":"                newTask \u003d new Todo(description);","lastModifiedDate":"2025-01-27","isFullCredit":false},{"lineNumber":29,"author":{"gitId":"kokseen1"},"content":"                break;","lastModifiedDate":"2025-01-27","isFullCredit":false},{"lineNumber":30,"author":{"gitId":"kokseen1"},"content":"            case \"D\":","lastModifiedDate":"2025-01-27","isFullCredit":false},{"lineNumber":31,"author":{"gitId":"kokseen1"},"content":"                LocalDate by;","lastModifiedDate":"2025-01-28","isFullCredit":false},{"lineNumber":32,"author":{"gitId":"kokseen1"},"content":"                String byString \u003d taskComponents[3];","lastModifiedDate":"2025-01-28","isFullCredit":false},{"lineNumber":33,"author":{"gitId":"kokseen1"},"content":"                try {","lastModifiedDate":"2025-01-28","isFullCredit":false},{"lineNumber":34,"author":{"gitId":"kokseen1"},"content":"                    by \u003d LocalDate.parse(byString);","lastModifiedDate":"2025-01-28","isFullCredit":false},{"lineNumber":35,"author":{"gitId":"kokseen1"},"content":"                } catch (DateTimeParseException e) {","lastModifiedDate":"2025-01-28","isFullCredit":false},{"lineNumber":36,"author":{"gitId":"kokseen1"},"content":"                    throw new IslaException(\"Invalid date format.\");","lastModifiedDate":"2025-01-28","isFullCredit":false},{"lineNumber":37,"author":{"gitId":"kokseen1"},"content":"                }","lastModifiedDate":"2025-01-28","isFullCredit":false},{"lineNumber":38,"author":{"gitId":"kokseen1"},"content":"                newTask \u003d new Deadline(description, by);","lastModifiedDate":"2025-01-27","isFullCredit":false},{"lineNumber":39,"author":{"gitId":"kokseen1"},"content":"                break;","lastModifiedDate":"2025-01-27","isFullCredit":false},{"lineNumber":40,"author":{"gitId":"kokseen1"},"content":"            case \"E\":","lastModifiedDate":"2025-01-27","isFullCredit":false},{"lineNumber":41,"author":{"gitId":"kokseen1"},"content":"                String from \u003d taskComponents[3];","lastModifiedDate":"2025-01-27","isFullCredit":false},{"lineNumber":42,"author":{"gitId":"kokseen1"},"content":"                String to \u003d taskComponents[4];","lastModifiedDate":"2025-01-27","isFullCredit":false},{"lineNumber":43,"author":{"gitId":"kokseen1"},"content":"                newTask \u003d new Event(description, from, to);","lastModifiedDate":"2025-01-27","isFullCredit":false},{"lineNumber":44,"author":{"gitId":"kokseen1"},"content":"                break;","lastModifiedDate":"2025-01-27","isFullCredit":false},{"lineNumber":45,"author":{"gitId":"kokseen1"},"content":"            default:","lastModifiedDate":"2025-01-27","isFullCredit":false},{"lineNumber":46,"author":{"gitId":"kokseen1"},"content":"                throw new IslaException(\"Invalid task type: \" + taskType);","lastModifiedDate":"2025-01-27","isFullCredit":false},{"lineNumber":47,"author":{"gitId":"kokseen1"},"content":"        }","lastModifiedDate":"2025-01-27","isFullCredit":false},{"lineNumber":48,"author":{"gitId":"kokseen1"},"content":"","lastModifiedDate":"2025-01-27","isFullCredit":false},{"lineNumber":49,"author":{"gitId":"kokseen1"},"content":"        if (isDone)","lastModifiedDate":"2025-01-27","isFullCredit":false},{"lineNumber":50,"author":{"gitId":"kokseen1"},"content":"            newTask.markAsDone();","lastModifiedDate":"2025-01-27","isFullCredit":false},{"lineNumber":51,"author":{"gitId":"kokseen1"},"content":"","lastModifiedDate":"2025-01-27","isFullCredit":false},{"lineNumber":52,"author":{"gitId":"kokseen1"},"content":"        return newTask;","lastModifiedDate":"2025-01-27","isFullCredit":false},{"lineNumber":53,"author":{"gitId":"kokseen1"},"content":"    }","lastModifiedDate":"2025-01-27","isFullCredit":false},{"lineNumber":54,"author":{"gitId":"kokseen1"},"content":"","lastModifiedDate":"2025-01-27","isFullCredit":false},{"lineNumber":55,"author":{"gitId":"kokseen1"},"content":"    public static void loadList() throws IslaException {","lastModifiedDate":"2025-01-27","isFullCredit":false},{"lineNumber":56,"author":{"gitId":"kokseen1"},"content":"        List\u003cString\u003e serializedList;","lastModifiedDate":"2025-01-27","isFullCredit":false},{"lineNumber":57,"author":{"gitId":"kokseen1"},"content":"","lastModifiedDate":"2025-01-27","isFullCredit":false},{"lineNumber":58,"author":{"gitId":"kokseen1"},"content":"        try {","lastModifiedDate":"2025-01-27","isFullCredit":false},{"lineNumber":59,"author":{"gitId":"kokseen1"},"content":"            serializedList \u003d Files.readAllLines(savePath);","lastModifiedDate":"2025-01-27","isFullCredit":false},{"lineNumber":60,"author":{"gitId":"kokseen1"},"content":"        } catch (IOException e) {","lastModifiedDate":"2025-01-27","isFullCredit":false},{"lineNumber":61,"author":{"gitId":"kokseen1"},"content":"            throw new IslaException(\"Error when reading save file.\");","lastModifiedDate":"2025-01-27","isFullCredit":false},{"lineNumber":62,"author":{"gitId":"kokseen1"},"content":"        }","lastModifiedDate":"2025-01-27","isFullCredit":false},{"lineNumber":63,"author":{"gitId":"kokseen1"},"content":"","lastModifiedDate":"2025-01-27","isFullCredit":false},{"lineNumber":64,"author":{"gitId":"kokseen1"},"content":"        for (String serializedTask : serializedList) {","lastModifiedDate":"2025-01-27","isFullCredit":false},{"lineNumber":65,"author":{"gitId":"kokseen1"},"content":"            try {","lastModifiedDate":"2025-01-27","isFullCredit":false},{"lineNumber":66,"author":{"gitId":"kokseen1"},"content":"                taskList.add(deserialize(serializedTask));","lastModifiedDate":"2025-01-27","isFullCredit":false},{"lineNumber":67,"author":{"gitId":"kokseen1"},"content":"            } catch (IslaException e) {","lastModifiedDate":"2025-01-27","isFullCredit":false},{"lineNumber":68,"author":{"gitId":"kokseen1"},"content":"                throw new IslaException(\"Error when deserializing save file.\");","lastModifiedDate":"2025-01-27","isFullCredit":false},{"lineNumber":69,"author":{"gitId":"kokseen1"},"content":"            }","lastModifiedDate":"2025-01-27","isFullCredit":false},{"lineNumber":70,"author":{"gitId":"kokseen1"},"content":"        }","lastModifiedDate":"2025-01-27","isFullCredit":false},{"lineNumber":71,"author":{"gitId":"kokseen1"},"content":"    }","lastModifiedDate":"2025-01-27","isFullCredit":false},{"lineNumber":72,"author":{"gitId":"kokseen1"},"content":"","lastModifiedDate":"2025-01-27","isFullCredit":false},{"lineNumber":73,"author":{"gitId":"kokseen1"},"content":"    public static void saveList() throws IslaException {","lastModifiedDate":"2025-01-27","isFullCredit":false},{"lineNumber":74,"author":{"gitId":"kokseen1"},"content":"        List\u003cString\u003e serializedList \u003d taskList.stream().map(Task::serialize).toList();","lastModifiedDate":"2025-01-27","isFullCredit":false},{"lineNumber":75,"author":{"gitId":"kokseen1"},"content":"","lastModifiedDate":"2025-01-27","isFullCredit":false},{"lineNumber":76,"author":{"gitId":"kokseen1"},"content":"        try {","lastModifiedDate":"2025-01-27","isFullCredit":false},{"lineNumber":77,"author":{"gitId":"kokseen1"},"content":"            Files.createDirectories(Paths.get(\"./data\"));","lastModifiedDate":"2025-01-27","isFullCredit":false},{"lineNumber":78,"author":{"gitId":"kokseen1"},"content":"            Files.write(savePath, serializedList, UTF_8);","lastModifiedDate":"2025-01-27","isFullCredit":false},{"lineNumber":79,"author":{"gitId":"kokseen1"},"content":"        } catch (IOException e) {","lastModifiedDate":"2025-01-27","isFullCredit":false},{"lineNumber":80,"author":{"gitId":"kokseen1"},"content":"            throw new IslaException(\"Encountered error when saving.\");","lastModifiedDate":"2025-01-27","isFullCredit":false},{"lineNumber":81,"author":{"gitId":"kokseen1"},"content":"        }","lastModifiedDate":"2025-01-27","isFullCredit":false},{"lineNumber":82,"author":{"gitId":"kokseen1"},"content":"    }","lastModifiedDate":"2025-01-27","isFullCredit":false},{"lineNumber":83,"author":{"gitId":"kokseen1"},"content":"","lastModifiedDate":"2025-01-21","isFullCredit":false},{"lineNumber":84,"author":{"gitId":"kokseen1"},"content":"    public static void addTask(Task task) throws IslaException {","lastModifiedDate":"2025-01-27","isFullCredit":false},{"lineNumber":85,"author":{"gitId":"kokseen1"},"content":"        taskList.add(task);","lastModifiedDate":"2025-01-21","isFullCredit":false},{"lineNumber":86,"author":{"gitId":"kokseen1"},"content":"        System.out.println(\"Got it. I\u0027ve added this task:\");","lastModifiedDate":"2025-01-21","isFullCredit":false},{"lineNumber":87,"author":{"gitId":"kokseen1"},"content":"        System.out.println(task);","lastModifiedDate":"2025-01-21","isFullCredit":false},{"lineNumber":88,"author":{"gitId":"kokseen1"},"content":"        System.out.println(\"Now you have \" + taskList.size() + \" task(s) in the list.\");","lastModifiedDate":"2025-01-21","isFullCredit":false},{"lineNumber":89,"author":{"gitId":"kokseen1"},"content":"    }","lastModifiedDate":"2025-01-21","isFullCredit":false},{"lineNumber":90,"author":{"gitId":"kokseen1"},"content":"","lastModifiedDate":"2025-01-21","isFullCredit":false},{"lineNumber":91,"author":{"gitId":"kokseen1"},"content":"    public static void handleParameters(String[] answerArray) throws IslaException {","lastModifiedDate":"2025-01-21","isFullCredit":false},{"lineNumber":92,"author":{"gitId":"kokseen1"},"content":"        String command \u003d answerArray[0];","lastModifiedDate":"2025-01-21","isFullCredit":false},{"lineNumber":93,"author":{"gitId":"kokseen1"},"content":"        switch (command) {","lastModifiedDate":"2025-01-21","isFullCredit":false},{"lineNumber":94,"author":{"gitId":"kokseen1"},"content":"","lastModifiedDate":"2025-01-21","isFullCredit":false},{"lineNumber":95,"author":{"gitId":"kokseen1"},"content":"            case \"todo\": {","lastModifiedDate":"2025-01-21","isFullCredit":false},{"lineNumber":96,"author":{"gitId":"kokseen1"},"content":"                String description \u003d String.join(\" \", Arrays.copyOfRange(answerArray,","lastModifiedDate":"2025-01-21","isFullCredit":false},{"lineNumber":97,"author":{"gitId":"kokseen1"},"content":"                        1, answerArray.length));","lastModifiedDate":"2025-01-21","isFullCredit":false},{"lineNumber":98,"author":{"gitId":"kokseen1"},"content":"                if (description.isEmpty()) {","lastModifiedDate":"2025-01-21","isFullCredit":false},{"lineNumber":99,"author":{"gitId":"kokseen1"},"content":"                    throw new IslaException(\"Description cannot be empty.\");","lastModifiedDate":"2025-01-21","isFullCredit":false},{"lineNumber":100,"author":{"gitId":"kokseen1"},"content":"                }","lastModifiedDate":"2025-01-21","isFullCredit":false},{"lineNumber":101,"author":{"gitId":"kokseen1"},"content":"                addTask(new Todo(description));","lastModifiedDate":"2025-01-21","isFullCredit":false},{"lineNumber":102,"author":{"gitId":"kokseen1"},"content":"                break;","lastModifiedDate":"2025-01-21","isFullCredit":false},{"lineNumber":103,"author":{"gitId":"kokseen1"},"content":"            }","lastModifiedDate":"2025-01-21","isFullCredit":false},{"lineNumber":104,"author":{"gitId":"kokseen1"},"content":"","lastModifiedDate":"2025-01-21","isFullCredit":false},{"lineNumber":105,"author":{"gitId":"kokseen1"},"content":"            case \"deadline\": {","lastModifiedDate":"2025-01-21","isFullCredit":false},{"lineNumber":106,"author":{"gitId":"kokseen1"},"content":"                int byIndex \u003d Arrays.asList(answerArray).indexOf(\"/by\");","lastModifiedDate":"2025-01-21","isFullCredit":false},{"lineNumber":107,"author":{"gitId":"kokseen1"},"content":"                if (byIndex \u003d\u003d -1) {","lastModifiedDate":"2025-01-21","isFullCredit":false},{"lineNumber":108,"author":{"gitId":"kokseen1"},"content":"                    throw new IslaException(\"Must specify /by.\");","lastModifiedDate":"2025-01-21","isFullCredit":false},{"lineNumber":109,"author":{"gitId":"kokseen1"},"content":"                }","lastModifiedDate":"2025-01-21","isFullCredit":false},{"lineNumber":110,"author":{"gitId":"kokseen1"},"content":"                String description \u003d String.join(\" \", Arrays.copyOfRange(answerArray,","lastModifiedDate":"2025-01-21","isFullCredit":false},{"lineNumber":111,"author":{"gitId":"kokseen1"},"content":"                        1, byIndex));","lastModifiedDate":"2025-01-21","isFullCredit":false},{"lineNumber":112,"author":{"gitId":"kokseen1"},"content":"                String byString \u003d String.join(\" \", Arrays.copyOfRange(answerArray,","lastModifiedDate":"2025-01-28","isFullCredit":false},{"lineNumber":113,"author":{"gitId":"kokseen1"},"content":"                        byIndex + 1, answerArray.length));","lastModifiedDate":"2025-01-21","isFullCredit":false},{"lineNumber":114,"author":{"gitId":"kokseen1"},"content":"                if (description.isEmpty()) {","lastModifiedDate":"2025-01-21","isFullCredit":false},{"lineNumber":115,"author":{"gitId":"kokseen1"},"content":"                    throw new IslaException(\"Description cannot be empty.\");","lastModifiedDate":"2025-01-21","isFullCredit":false},{"lineNumber":116,"author":{"gitId":"kokseen1"},"content":"                }","lastModifiedDate":"2025-01-21","isFullCredit":false},{"lineNumber":117,"author":{"gitId":"kokseen1"},"content":"                if (byString.isEmpty()) {","lastModifiedDate":"2025-01-28","isFullCredit":false},{"lineNumber":118,"author":{"gitId":"kokseen1"},"content":"                    throw new IslaException(\"Due by date cannot be empty.\");","lastModifiedDate":"2025-01-21","isFullCredit":false},{"lineNumber":119,"author":{"gitId":"kokseen1"},"content":"                }","lastModifiedDate":"2025-01-21","isFullCredit":false},{"lineNumber":120,"author":{"gitId":"kokseen1"},"content":"                LocalDate by;","lastModifiedDate":"2025-01-28","isFullCredit":false},{"lineNumber":121,"author":{"gitId":"kokseen1"},"content":"                try {","lastModifiedDate":"2025-01-28","isFullCredit":false},{"lineNumber":122,"author":{"gitId":"kokseen1"},"content":"                    by \u003d LocalDate.parse(byString);","lastModifiedDate":"2025-01-28","isFullCredit":false},{"lineNumber":123,"author":{"gitId":"kokseen1"},"content":"                } catch (DateTimeParseException e) {","lastModifiedDate":"2025-01-28","isFullCredit":false},{"lineNumber":124,"author":{"gitId":"kokseen1"},"content":"                    throw new IslaException(\"Could not parse date.\");","lastModifiedDate":"2025-01-28","isFullCredit":false},{"lineNumber":125,"author":{"gitId":"kokseen1"},"content":"                }","lastModifiedDate":"2025-01-28","isFullCredit":false},{"lineNumber":126,"author":{"gitId":"kokseen1"},"content":"                addTask(new Deadline(description, by));","lastModifiedDate":"2025-01-21","isFullCredit":false},{"lineNumber":127,"author":{"gitId":"kokseen1"},"content":"                break;","lastModifiedDate":"2025-01-21","isFullCredit":false},{"lineNumber":128,"author":{"gitId":"kokseen1"},"content":"            }","lastModifiedDate":"2025-01-21","isFullCredit":false},{"lineNumber":129,"author":{"gitId":"kokseen1"},"content":"","lastModifiedDate":"2025-01-21","isFullCredit":false},{"lineNumber":130,"author":{"gitId":"kokseen1"},"content":"            case \"event\": {","lastModifiedDate":"2025-01-21","isFullCredit":false},{"lineNumber":131,"author":{"gitId":"kokseen1"},"content":"                int fromIndex \u003d Arrays.asList(answerArray).indexOf(\"/from\");","lastModifiedDate":"2025-01-21","isFullCredit":false},{"lineNumber":132,"author":{"gitId":"kokseen1"},"content":"                if (fromIndex \u003d\u003d -1) {","lastModifiedDate":"2025-01-21","isFullCredit":false},{"lineNumber":133,"author":{"gitId":"kokseen1"},"content":"                    throw new IslaException(\"Must specify /from.\");","lastModifiedDate":"2025-01-21","isFullCredit":false},{"lineNumber":134,"author":{"gitId":"kokseen1"},"content":"                }","lastModifiedDate":"2025-01-21","isFullCredit":false},{"lineNumber":135,"author":{"gitId":"kokseen1"},"content":"                int toIndex \u003d Arrays.asList(answerArray).indexOf(\"/to\");","lastModifiedDate":"2025-01-21","isFullCredit":false},{"lineNumber":136,"author":{"gitId":"kokseen1"},"content":"                if (toIndex \u003d\u003d -1) {","lastModifiedDate":"2025-01-21","isFullCredit":false},{"lineNumber":137,"author":{"gitId":"kokseen1"},"content":"                    throw new IslaException(\"Must specify /to.\");","lastModifiedDate":"2025-01-21","isFullCredit":false},{"lineNumber":138,"author":{"gitId":"kokseen1"},"content":"                }","lastModifiedDate":"2025-01-21","isFullCredit":false},{"lineNumber":139,"author":{"gitId":"kokseen1"},"content":"                String description \u003d String.join(\" \", Arrays.copyOfRange(answerArray,","lastModifiedDate":"2025-01-21","isFullCredit":false},{"lineNumber":140,"author":{"gitId":"kokseen1"},"content":"                        1, fromIndex));","lastModifiedDate":"2025-01-21","isFullCredit":false},{"lineNumber":141,"author":{"gitId":"kokseen1"},"content":"                String from \u003d String.join(\" \", Arrays.copyOfRange(answerArray,","lastModifiedDate":"2025-01-21","isFullCredit":false},{"lineNumber":142,"author":{"gitId":"kokseen1"},"content":"                        fromIndex + 1, toIndex));","lastModifiedDate":"2025-01-21","isFullCredit":false},{"lineNumber":143,"author":{"gitId":"kokseen1"},"content":"                String to \u003d String.join(\" \", Arrays.copyOfRange(answerArray,","lastModifiedDate":"2025-01-21","isFullCredit":false},{"lineNumber":144,"author":{"gitId":"kokseen1"},"content":"                        toIndex + 1, answerArray.length));","lastModifiedDate":"2025-01-21","isFullCredit":false},{"lineNumber":145,"author":{"gitId":"kokseen1"},"content":"                if (description.isEmpty()) {","lastModifiedDate":"2025-01-21","isFullCredit":false},{"lineNumber":146,"author":{"gitId":"kokseen1"},"content":"                    throw new IslaException(\"Description cannot be empty.\");","lastModifiedDate":"2025-01-21","isFullCredit":false},{"lineNumber":147,"author":{"gitId":"kokseen1"},"content":"                }","lastModifiedDate":"2025-01-21","isFullCredit":false},{"lineNumber":148,"author":{"gitId":"kokseen1"},"content":"                if (from.isEmpty()) {","lastModifiedDate":"2025-01-21","isFullCredit":false},{"lineNumber":149,"author":{"gitId":"kokseen1"},"content":"                    throw new IslaException(\"From date cannot be empty.\");","lastModifiedDate":"2025-01-21","isFullCredit":false},{"lineNumber":150,"author":{"gitId":"kokseen1"},"content":"                }","lastModifiedDate":"2025-01-21","isFullCredit":false},{"lineNumber":151,"author":{"gitId":"kokseen1"},"content":"                if (to.isEmpty()) {","lastModifiedDate":"2025-01-21","isFullCredit":false},{"lineNumber":152,"author":{"gitId":"kokseen1"},"content":"                    throw new IslaException(\"To date cannot be empty.\");","lastModifiedDate":"2025-01-21","isFullCredit":false},{"lineNumber":153,"author":{"gitId":"kokseen1"},"content":"                }","lastModifiedDate":"2025-01-21","isFullCredit":false},{"lineNumber":154,"author":{"gitId":"kokseen1"},"content":"                addTask(new Event(description, from, to));","lastModifiedDate":"2025-01-21","isFullCredit":false},{"lineNumber":155,"author":{"gitId":"kokseen1"},"content":"                break;","lastModifiedDate":"2025-01-21","isFullCredit":false},{"lineNumber":156,"author":{"gitId":"kokseen1"},"content":"            }","lastModifiedDate":"2025-01-21","isFullCredit":false},{"lineNumber":157,"author":{"gitId":"kokseen1"},"content":"","lastModifiedDate":"2025-01-21","isFullCredit":false},{"lineNumber":158,"author":{"gitId":"kokseen1"},"content":"            case \"delete\": {","lastModifiedDate":"2025-01-21","isFullCredit":false},{"lineNumber":159,"author":{"gitId":"kokseen1"},"content":"                int targetIndex;","lastModifiedDate":"2025-01-21","isFullCredit":false},{"lineNumber":160,"author":{"gitId":"kokseen1"},"content":"                Task task;","lastModifiedDate":"2025-01-21","isFullCredit":false},{"lineNumber":161,"author":{"gitId":"kokseen1"},"content":"                try {","lastModifiedDate":"2025-01-21","isFullCredit":false},{"lineNumber":162,"author":{"gitId":"kokseen1"},"content":"                    targetIndex \u003d Integer.parseInt(answerArray[1]) - 1;","lastModifiedDate":"2025-01-21","isFullCredit":false},{"lineNumber":163,"author":{"gitId":"kokseen1"},"content":"                    task \u003d taskList.get(targetIndex);","lastModifiedDate":"2025-01-21","isFullCredit":false},{"lineNumber":164,"author":{"gitId":"kokseen1"},"content":"                    taskList.remove(targetIndex);","lastModifiedDate":"2025-01-21","isFullCredit":false},{"lineNumber":165,"author":{"gitId":"kokseen1"},"content":"                } catch (IndexOutOfBoundsException e) {","lastModifiedDate":"2025-01-21","isFullCredit":false},{"lineNumber":166,"author":{"gitId":"kokseen1"},"content":"                    throw new IslaException(\"Target index is out of bounds.\");","lastModifiedDate":"2025-01-21","isFullCredit":false},{"lineNumber":167,"author":{"gitId":"kokseen1"},"content":"                } catch (NumberFormatException e) {","lastModifiedDate":"2025-01-21","isFullCredit":false},{"lineNumber":168,"author":{"gitId":"kokseen1"},"content":"                    throw new IslaException(\"Target index must be a number.\");","lastModifiedDate":"2025-01-21","isFullCredit":false},{"lineNumber":169,"author":{"gitId":"kokseen1"},"content":"                }","lastModifiedDate":"2025-01-21","isFullCredit":false},{"lineNumber":170,"author":{"gitId":"kokseen1"},"content":"                System.out.println(\"Removed:\");","lastModifiedDate":"2025-01-21","isFullCredit":false},{"lineNumber":171,"author":{"gitId":"kokseen1"},"content":"                System.out.println(task);","lastModifiedDate":"2025-01-21","isFullCredit":false},{"lineNumber":172,"author":{"gitId":"kokseen1"},"content":"                break;","lastModifiedDate":"2025-01-21","isFullCredit":false},{"lineNumber":173,"author":{"gitId":"kokseen1"},"content":"            }","lastModifiedDate":"2025-01-21","isFullCredit":false},{"lineNumber":174,"author":{"gitId":"kokseen1"},"content":"","lastModifiedDate":"2025-01-21","isFullCredit":false},{"lineNumber":175,"author":{"gitId":"kokseen1"},"content":"            case \"mark\": {","lastModifiedDate":"2025-01-21","isFullCredit":false},{"lineNumber":176,"author":{"gitId":"kokseen1"},"content":"                Task task;","lastModifiedDate":"2025-01-21","isFullCredit":false},{"lineNumber":177,"author":{"gitId":"kokseen1"},"content":"                try {","lastModifiedDate":"2025-01-21","isFullCredit":false},{"lineNumber":178,"author":{"gitId":"kokseen1"},"content":"                    task \u003d taskList.get(Integer.parseInt(answerArray[1]) - 1);","lastModifiedDate":"2025-01-21","isFullCredit":false},{"lineNumber":179,"author":{"gitId":"kokseen1"},"content":"                } catch (NumberFormatException e) {","lastModifiedDate":"2025-01-21","isFullCredit":false},{"lineNumber":180,"author":{"gitId":"kokseen1"},"content":"                    throw new IslaException(\"Target index must be a number.\");","lastModifiedDate":"2025-01-21","isFullCredit":false},{"lineNumber":181,"author":{"gitId":"kokseen1"},"content":"                } catch (IndexOutOfBoundsException e) {","lastModifiedDate":"2025-01-21","isFullCredit":false},{"lineNumber":182,"author":{"gitId":"kokseen1"},"content":"                    throw new IslaException(\"Target index is out of bounds.\");","lastModifiedDate":"2025-01-21","isFullCredit":false},{"lineNumber":183,"author":{"gitId":"kokseen1"},"content":"                }","lastModifiedDate":"2025-01-21","isFullCredit":false},{"lineNumber":184,"author":{"gitId":"kokseen1"},"content":"                task.markAsDone();","lastModifiedDate":"2025-01-21","isFullCredit":false},{"lineNumber":185,"author":{"gitId":"kokseen1"},"content":"                System.out.println(\"Nice! I\u0027ve marked this task as done:\");","lastModifiedDate":"2025-01-21","isFullCredit":false},{"lineNumber":186,"author":{"gitId":"kokseen1"},"content":"                System.out.println(task);","lastModifiedDate":"2025-01-21","isFullCredit":false},{"lineNumber":187,"author":{"gitId":"kokseen1"},"content":"                break;","lastModifiedDate":"2025-01-21","isFullCredit":false},{"lineNumber":188,"author":{"gitId":"kokseen1"},"content":"            }","lastModifiedDate":"2025-01-21","isFullCredit":false},{"lineNumber":189,"author":{"gitId":"kokseen1"},"content":"","lastModifiedDate":"2025-01-21","isFullCredit":false},{"lineNumber":190,"author":{"gitId":"kokseen1"},"content":"            case \"unmark\": {","lastModifiedDate":"2025-01-21","isFullCredit":false},{"lineNumber":191,"author":{"gitId":"kokseen1"},"content":"                Task task;","lastModifiedDate":"2025-01-21","isFullCredit":false},{"lineNumber":192,"author":{"gitId":"kokseen1"},"content":"                try {","lastModifiedDate":"2025-01-21","isFullCredit":false},{"lineNumber":193,"author":{"gitId":"kokseen1"},"content":"                    task \u003d taskList.get(Integer.parseInt(answerArray[1]) - 1);","lastModifiedDate":"2025-01-21","isFullCredit":false},{"lineNumber":194,"author":{"gitId":"kokseen1"},"content":"                } catch (NumberFormatException e) {","lastModifiedDate":"2025-01-21","isFullCredit":false},{"lineNumber":195,"author":{"gitId":"kokseen1"},"content":"                    throw new IslaException(\"Target index must be a number.\");","lastModifiedDate":"2025-01-21","isFullCredit":false},{"lineNumber":196,"author":{"gitId":"kokseen1"},"content":"                } catch (IndexOutOfBoundsException e) {","lastModifiedDate":"2025-01-21","isFullCredit":false},{"lineNumber":197,"author":{"gitId":"kokseen1"},"content":"                    throw new IslaException(\"Target index is out of bounds.\");","lastModifiedDate":"2025-01-21","isFullCredit":false},{"lineNumber":198,"author":{"gitId":"kokseen1"},"content":"                }","lastModifiedDate":"2025-01-21","isFullCredit":false},{"lineNumber":199,"author":{"gitId":"kokseen1"},"content":"                task.markAsNotDone();","lastModifiedDate":"2025-01-21","isFullCredit":false},{"lineNumber":200,"author":{"gitId":"kokseen1"},"content":"                System.out.println(\"OK, I\u0027ve marked this task as not done yet:\");","lastModifiedDate":"2025-01-21","isFullCredit":false},{"lineNumber":201,"author":{"gitId":"kokseen1"},"content":"                System.out.println(task);","lastModifiedDate":"2025-01-21","isFullCredit":false},{"lineNumber":202,"author":{"gitId":"kokseen1"},"content":"                break;","lastModifiedDate":"2025-01-21","isFullCredit":false},{"lineNumber":203,"author":{"gitId":"kokseen1"},"content":"            }","lastModifiedDate":"2025-01-21","isFullCredit":false},{"lineNumber":204,"author":{"gitId":"kokseen1"},"content":"","lastModifiedDate":"2025-01-21","isFullCredit":false},{"lineNumber":205,"author":{"gitId":"kokseen1"},"content":"            default:","lastModifiedDate":"2025-01-21","isFullCredit":false},{"lineNumber":206,"author":{"gitId":"kokseen1"},"content":"                throw new IslaException(\"Unknown command.\");","lastModifiedDate":"2025-01-21","isFullCredit":false},{"lineNumber":207,"author":{"gitId":"kokseen1"},"content":"        }","lastModifiedDate":"2025-01-21","isFullCredit":false},{"lineNumber":208,"author":{"gitId":"kokseen1"},"content":"        saveList();","lastModifiedDate":"2025-01-27","isFullCredit":false},{"lineNumber":209,"author":{"gitId":"kokseen1"},"content":"    }","lastModifiedDate":"2025-01-21","isFullCredit":false},{"lineNumber":210,"author":{"gitId":"kokseen1"},"content":"","lastModifiedDate":"2025-01-21","isFullCredit":false},{"lineNumber":211,"author":{"gitId":"kokseen1"},"content":"    public static void main(String[] args) {","lastModifiedDate":"2025-01-21","isFullCredit":false},{"lineNumber":212,"author":{"gitId":"kokseen1"},"content":"        Scanner input \u003d new Scanner(System.in);","lastModifiedDate":"2025-01-21","isFullCredit":false},{"lineNumber":213,"author":{"gitId":"kokseen1"},"content":"        taskList \u003d new ArrayList\u003c\u003e();","lastModifiedDate":"2025-01-21","isFullCredit":false},{"lineNumber":214,"author":{"gitId":"kokseen1"},"content":"        try {","lastModifiedDate":"2025-01-27","isFullCredit":false},{"lineNumber":215,"author":{"gitId":"kokseen1"},"content":"            loadList();","lastModifiedDate":"2025-01-27","isFullCredit":false},{"lineNumber":216,"author":{"gitId":"kokseen1"},"content":"        } catch (IslaException e) {","lastModifiedDate":"2025-01-27","isFullCredit":false},{"lineNumber":217,"author":{"gitId":"kokseen1"},"content":"            System.out.println(e.getMessage());","lastModifiedDate":"2025-01-27","isFullCredit":false},{"lineNumber":218,"author":{"gitId":"kokseen1"},"content":"            System.out.println(\"Could not load task list.\");","lastModifiedDate":"2025-01-28","isFullCredit":false},{"lineNumber":219,"author":{"gitId":"kokseen1"},"content":"            System.exit(1);","lastModifiedDate":"2025-01-28","isFullCredit":false},{"lineNumber":220,"author":{"gitId":"kokseen1"},"content":"        }","lastModifiedDate":"2025-01-27","isFullCredit":false},{"lineNumber":221,"author":{"gitId":"kokseen1"},"content":"","lastModifiedDate":"2025-01-21","isFullCredit":false},{"lineNumber":222,"author":{"gitId":"kokseen1"},"content":"        System.out.println(\"Hello, I am Isla.\\nWhat can I do for you?\");","lastModifiedDate":"2025-01-21","isFullCredit":false},{"lineNumber":223,"author":{"gitId":"kokseen1"},"content":"","lastModifiedDate":"2025-01-21","isFullCredit":false},{"lineNumber":224,"author":{"gitId":"kokseen1"},"content":"        while (true) {","lastModifiedDate":"2025-01-21","isFullCredit":false},{"lineNumber":225,"author":{"gitId":"kokseen1"},"content":"            String answer \u003d input.nextLine();","lastModifiedDate":"2025-01-21","isFullCredit":false},{"lineNumber":226,"author":{"gitId":"kokseen1"},"content":"","lastModifiedDate":"2025-01-21","isFullCredit":false},{"lineNumber":227,"author":{"gitId":"kokseen1"},"content":"            switch (answer) {","lastModifiedDate":"2025-01-21","isFullCredit":false},{"lineNumber":228,"author":{"gitId":"kokseen1"},"content":"                case \"bye\":","lastModifiedDate":"2025-01-21","isFullCredit":false},{"lineNumber":229,"author":{"gitId":"kokseen1"},"content":"                    System.out.println(\"Bye. Hope to see you again.\");","lastModifiedDate":"2025-01-21","isFullCredit":false},{"lineNumber":230,"author":{"gitId":"kokseen1"},"content":"                    return;","lastModifiedDate":"2025-01-21","isFullCredit":false},{"lineNumber":231,"author":{"gitId":"kokseen1"},"content":"","lastModifiedDate":"2025-01-21","isFullCredit":false},{"lineNumber":232,"author":{"gitId":"kokseen1"},"content":"                case \"list\":","lastModifiedDate":"2025-01-21","isFullCredit":false},{"lineNumber":233,"author":{"gitId":"kokseen1"},"content":"                    System.out.println(\"Here are the tasks in your list:\");","lastModifiedDate":"2025-01-21","isFullCredit":false},{"lineNumber":234,"author":{"gitId":"kokseen1"},"content":"                    for (int i \u003d 0; i \u003c taskList.size(); i++) {","lastModifiedDate":"2025-01-21","isFullCredit":false},{"lineNumber":235,"author":{"gitId":"kokseen1"},"content":"                        Task task \u003d taskList.get(i);","lastModifiedDate":"2025-01-21","isFullCredit":false},{"lineNumber":236,"author":{"gitId":"kokseen1"},"content":"                        System.out.println(i + 1 + \".\" + task);","lastModifiedDate":"2025-01-21","isFullCredit":false},{"lineNumber":237,"author":{"gitId":"kokseen1"},"content":"                    }","lastModifiedDate":"2025-01-21","isFullCredit":false},{"lineNumber":238,"author":{"gitId":"kokseen1"},"content":"                    break;","lastModifiedDate":"2025-01-21","isFullCredit":false},{"lineNumber":239,"author":{"gitId":"kokseen1"},"content":"","lastModifiedDate":"2025-01-21","isFullCredit":false},{"lineNumber":240,"author":{"gitId":"kokseen1"},"content":"                default:","lastModifiedDate":"2025-01-21","isFullCredit":false},{"lineNumber":241,"author":{"gitId":"kokseen1"},"content":"                    String[] answerArray \u003d answer.split(\" \");","lastModifiedDate":"2025-01-21","isFullCredit":false},{"lineNumber":242,"author":{"gitId":"kokseen1"},"content":"                    try {","lastModifiedDate":"2025-01-21","isFullCredit":false},{"lineNumber":243,"author":{"gitId":"kokseen1"},"content":"                        handleParameters(answerArray);","lastModifiedDate":"2025-01-21","isFullCredit":false},{"lineNumber":244,"author":{"gitId":"kokseen1"},"content":"                    } catch (IslaException e) {","lastModifiedDate":"2025-01-21","isFullCredit":false},{"lineNumber":245,"author":{"gitId":"kokseen1"},"content":"                        System.out.println(e.getMessage());","lastModifiedDate":"2025-01-21","isFullCredit":false},{"lineNumber":246,"author":{"gitId":"kokseen1"},"content":"                    }","lastModifiedDate":"2025-01-21","isFullCredit":false},{"lineNumber":247,"author":{"gitId":"kokseen1"},"content":"                    break;","lastModifiedDate":"2025-01-21","isFullCredit":false},{"lineNumber":248,"author":{"gitId":"kokseen1"},"content":"            }","lastModifiedDate":"2025-01-21","isFullCredit":false},{"lineNumber":249,"author":{"gitId":"kokseen1"},"content":"        }","lastModifiedDate":"2025-01-21","isFullCredit":false},{"lineNumber":250,"author":{"gitId":"kokseen1"},"content":"    }","lastModifiedDate":"2025-01-21","isFullCredit":false},{"lineNumber":251,"author":{"gitId":"kokseen1"},"content":"}","lastModifiedDate":"2025-01-21","isFullCredit":false}],"authorContributionMap":{"kokseen1":251}},{"path":"src/main/java/IslaException.java","fileType":"java","lines":[{"lineNumber":1,"author":{"gitId":"kokseen1"},"content":"class IslaException extends Exception {","lastModifiedDate":"2025-01-21","isFullCredit":false},{"lineNumber":2,"author":{"gitId":"kokseen1"},"content":"    public IslaException(String message) {","lastModifiedDate":"2025-01-21","isFullCredit":false},{"lineNumber":3,"author":{"gitId":"kokseen1"},"content":"        super(message);","lastModifiedDate":"2025-01-21","isFullCredit":false},{"lineNumber":4,"author":{"gitId":"kokseen1"},"content":"    }","lastModifiedDate":"2025-01-21","isFullCredit":false},{"lineNumber":5,"author":{"gitId":"kokseen1"},"content":"}","lastModifiedDate":"2025-01-21","isFullCredit":false}],"authorContributionMap":{"kokseen1":5}},{"path":"src/main/java/Task.java","fileType":"java","lines":[{"lineNumber":1,"author":{"gitId":"kokseen1"},"content":"public abstract class Task {","lastModifiedDate":"2025-01-27","isFullCredit":false},{"lineNumber":2,"author":{"gitId":"kokseen1"},"content":"    protected String description;","lastModifiedDate":"2025-01-21","isFullCredit":false},{"lineNumber":3,"author":{"gitId":"kokseen1"},"content":"    protected boolean isDone;","lastModifiedDate":"2025-01-21","isFullCredit":false},{"lineNumber":4,"author":{"gitId":"kokseen1"},"content":"","lastModifiedDate":"2025-01-21","isFullCredit":false},{"lineNumber":5,"author":{"gitId":"kokseen1"},"content":"    public Task(String description) {","lastModifiedDate":"2025-01-21","isFullCredit":false},{"lineNumber":6,"author":{"gitId":"kokseen1"},"content":"        this.description \u003d description;","lastModifiedDate":"2025-01-21","isFullCredit":false},{"lineNumber":7,"author":{"gitId":"kokseen1"},"content":"        this.isDone \u003d false;","lastModifiedDate":"2025-01-21","isFullCredit":false},{"lineNumber":8,"author":{"gitId":"kokseen1"},"content":"    }","lastModifiedDate":"2025-01-21","isFullCredit":false},{"lineNumber":9,"author":{"gitId":"kokseen1"},"content":"","lastModifiedDate":"2025-01-21","isFullCredit":false},{"lineNumber":10,"author":{"gitId":"kokseen1"},"content":"    public String getStatusIcon() {","lastModifiedDate":"2025-01-21","isFullCredit":false},{"lineNumber":11,"author":{"gitId":"kokseen1"},"content":"        return (isDone ? \"X\" : \" \"); // mark done task with X","lastModifiedDate":"2025-01-21","isFullCredit":false},{"lineNumber":12,"author":{"gitId":"kokseen1"},"content":"    }","lastModifiedDate":"2025-01-21","isFullCredit":false},{"lineNumber":13,"author":{"gitId":"kokseen1"},"content":"","lastModifiedDate":"2025-01-21","isFullCredit":false},{"lineNumber":14,"author":{"gitId":"kokseen1"},"content":"    public void markAsDone() {","lastModifiedDate":"2025-01-21","isFullCredit":false},{"lineNumber":15,"author":{"gitId":"kokseen1"},"content":"        this.isDone \u003d true;","lastModifiedDate":"2025-01-21","isFullCredit":false},{"lineNumber":16,"author":{"gitId":"kokseen1"},"content":"    }","lastModifiedDate":"2025-01-21","isFullCredit":false},{"lineNumber":17,"author":{"gitId":"kokseen1"},"content":"","lastModifiedDate":"2025-01-21","isFullCredit":false},{"lineNumber":18,"author":{"gitId":"kokseen1"},"content":"    public void markAsNotDone() {","lastModifiedDate":"2025-01-21","isFullCredit":false},{"lineNumber":19,"author":{"gitId":"kokseen1"},"content":"        this.isDone \u003d false;","lastModifiedDate":"2025-01-21","isFullCredit":false},{"lineNumber":20,"author":{"gitId":"kokseen1"},"content":"    }","lastModifiedDate":"2025-01-21","isFullCredit":false},{"lineNumber":21,"author":{"gitId":"kokseen1"},"content":"","lastModifiedDate":"2025-01-21","isFullCredit":false},{"lineNumber":22,"author":{"gitId":"kokseen1"},"content":"    public String serialize() {","lastModifiedDate":"2025-01-27","isFullCredit":false},{"lineNumber":23,"author":{"gitId":"kokseen1"},"content":"        return this.isDone + \"|\" + this.description;","lastModifiedDate":"2025-01-27","isFullCredit":false},{"lineNumber":24,"author":{"gitId":"kokseen1"},"content":"    }","lastModifiedDate":"2025-01-27","isFullCredit":false},{"lineNumber":25,"author":{"gitId":"kokseen1"},"content":"","lastModifiedDate":"2025-01-27","isFullCredit":false},{"lineNumber":26,"author":{"gitId":"kokseen1"},"content":"    @Override","lastModifiedDate":"2025-01-21","isFullCredit":false},{"lineNumber":27,"author":{"gitId":"kokseen1"},"content":"    public String toString() {","lastModifiedDate":"2025-01-21","isFullCredit":false},{"lineNumber":28,"author":{"gitId":"kokseen1"},"content":"        return \"[\" + getStatusIcon() + \"] \" + this.description;","lastModifiedDate":"2025-01-21","isFullCredit":false},{"lineNumber":29,"author":{"gitId":"kokseen1"},"content":"    }","lastModifiedDate":"2025-01-21","isFullCredit":false},{"lineNumber":30,"author":{"gitId":"kokseen1"},"content":"}","lastModifiedDate":"2025-01-21","isFullCredit":false}],"authorContributionMap":{"kokseen1":30}},{"path":"src/main/java/Todo.java","fileType":"java","lines":[{"lineNumber":1,"author":{"gitId":"kokseen1"},"content":"public class Todo extends Task {","lastModifiedDate":"2025-01-21","isFullCredit":false},{"lineNumber":2,"author":{"gitId":"kokseen1"},"content":"","lastModifiedDate":"2025-01-21","isFullCredit":false},{"lineNumber":3,"author":{"gitId":"kokseen1"},"content":"    public Todo(String description) {","lastModifiedDate":"2025-01-21","isFullCredit":false},{"lineNumber":4,"author":{"gitId":"kokseen1"},"content":"        super(description);","lastModifiedDate":"2025-01-21","isFullCredit":false},{"lineNumber":5,"author":{"gitId":"kokseen1"},"content":"    }","lastModifiedDate":"2025-01-21","isFullCredit":false},{"lineNumber":6,"author":{"gitId":"kokseen1"},"content":"","lastModifiedDate":"2025-01-21","isFullCredit":false},{"lineNumber":7,"author":{"gitId":"kokseen1"},"content":"    @Override","lastModifiedDate":"2025-01-27","isFullCredit":false},{"lineNumber":8,"author":{"gitId":"kokseen1"},"content":"    public String serialize() {","lastModifiedDate":"2025-01-27","isFullCredit":false},{"lineNumber":9,"author":{"gitId":"kokseen1"},"content":"        return \"T|\" + super.serialize();","lastModifiedDate":"2025-01-27","isFullCredit":false},{"lineNumber":10,"author":{"gitId":"kokseen1"},"content":"    }","lastModifiedDate":"2025-01-27","isFullCredit":false},{"lineNumber":11,"author":{"gitId":"kokseen1"},"content":"","lastModifiedDate":"2025-01-27","isFullCredit":false},{"lineNumber":12,"author":{"gitId":"kokseen1"},"content":"    @Override","lastModifiedDate":"2025-01-21","isFullCredit":false},{"lineNumber":13,"author":{"gitId":"kokseen1"},"content":"    public String toString() {","lastModifiedDate":"2025-01-21","isFullCredit":false},{"lineNumber":14,"author":{"gitId":"kokseen1"},"content":"        return \"[T]\" + super.toString();","lastModifiedDate":"2025-01-21","isFullCredit":false},{"lineNumber":15,"author":{"gitId":"kokseen1"},"content":"    }","lastModifiedDate":"2025-01-21","isFullCredit":false},{"lineNumber":16,"author":{"gitId":"kokseen1"},"content":"}","lastModifiedDate":"2025-01-21","isFullCredit":false}],"authorContributionMap":{"kokseen1":16}},{"path":"text-ui-test/input.txt","fileType":"txt","lines":[{"lineNumber":1,"author":{"gitId":"kokseen1"},"content":"todo borrow book","lastModifiedDate":"2025-01-21","isFullCredit":false},{"lineNumber":2,"author":{"gitId":"kokseen1"},"content":"list","lastModifiedDate":"2025-01-21","isFullCredit":false},{"lineNumber":3,"author":{"gitId":"kokseen1"},"content":"deadline return book /by Sunday","lastModifiedDate":"2025-01-21","isFullCredit":false},{"lineNumber":4,"author":{"gitId":"kokseen1"},"content":"event project meeting /from Mon 2pm /to 4pm","lastModifiedDate":"2025-01-21","isFullCredit":false},{"lineNumber":5,"author":{"gitId":"kokseen1"},"content":"delete 1","lastModifiedDate":"2025-01-21","isFullCredit":false},{"lineNumber":6,"author":{"gitId":"kokseen1"},"content":"list","lastModifiedDate":"2025-01-21","isFullCredit":false},{"lineNumber":7,"author":{"gitId":"kokseen1"},"content":"mark abc","lastModifiedDate":"2025-01-21","isFullCredit":false},{"lineNumber":8,"author":{"gitId":"kokseen1"},"content":"unmark 100","lastModifiedDate":"2025-01-21","isFullCredit":false},{"lineNumber":9,"author":{"gitId":"kokseen1"},"content":"todo","lastModifiedDate":"2025-01-21","isFullCredit":false},{"lineNumber":10,"author":{"gitId":"kokseen1"},"content":"deadline","lastModifiedDate":"2025-01-21","isFullCredit":false},{"lineNumber":11,"author":{"gitId":"kokseen1"},"content":"deadline a /by","lastModifiedDate":"2025-01-21","isFullCredit":false},{"lineNumber":12,"author":{"gitId":"kokseen1"},"content":"deadline /by b","lastModifiedDate":"2025-01-21","isFullCredit":false},{"lineNumber":13,"author":{"gitId":"kokseen1"},"content":"event a /from /to","lastModifiedDate":"2025-01-21","isFullCredit":false},{"lineNumber":14,"author":{"gitId":"kokseen1"},"content":"event a /from b /to","lastModifiedDate":"2025-01-21","isFullCredit":false},{"lineNumber":15,"author":{"gitId":"kokseen1"},"content":"event /from b /to c","lastModifiedDate":"2025-01-21","isFullCredit":false},{"lineNumber":16,"author":{"gitId":"kokseen1"},"content":"blah","lastModifiedDate":"2025-01-21","isFullCredit":false},{"lineNumber":17,"author":{"gitId":"kokseen1"},"content":"list","lastModifiedDate":"2025-01-21","isFullCredit":false},{"lineNumber":18,"author":{"gitId":"kokseen1"},"content":"bye","lastModifiedDate":"2025-01-21","isFullCredit":false}],"authorContributionMap":{"kokseen1":18}},{"path":"text-ui-test/runtest.bat","fileType":"bat","lines":[{"lineNumber":1,"author":{"gitId":"-"},"content":"@ECHO OFF","lastModifiedDate":"2020-05-25","isFullCredit":false},{"lineNumber":2,"author":{"gitId":"-"},"content":"","lastModifiedDate":"2020-05-25","isFullCredit":false},{"lineNumber":3,"author":{"gitId":"-"},"content":"REM create bin directory if it doesn\u0027t exist","lastModifiedDate":"2020-05-25","isFullCredit":false},{"lineNumber":4,"author":{"gitId":"-"},"content":"if not exist ..\\bin mkdir ..\\bin","lastModifiedDate":"2020-05-25","isFullCredit":false},{"lineNumber":5,"author":{"gitId":"-"},"content":"","lastModifiedDate":"2020-05-25","isFullCredit":false},{"lineNumber":6,"author":{"gitId":"-"},"content":"REM delete output from previous run","lastModifiedDate":"2020-05-25","isFullCredit":false},{"lineNumber":7,"author":{"gitId":"-"},"content":"if exist ACTUAL.TXT del ACTUAL.TXT","lastModifiedDate":"2020-08-25","isFullCredit":false},{"lineNumber":8,"author":{"gitId":"-"},"content":"","lastModifiedDate":"2020-05-25","isFullCredit":false},{"lineNumber":9,"author":{"gitId":"-"},"content":"REM compile the code into the bin folder","lastModifiedDate":"2020-05-25","isFullCredit":false},{"lineNumber":10,"author":{"gitId":"-"},"content":"javac  -cp ..\\src\\main\\java -Xlint:none -d ..\\bin ..\\src\\main\\java\\*.java","lastModifiedDate":"2020-08-25","isFullCredit":false},{"lineNumber":11,"author":{"gitId":"-"},"content":"IF ERRORLEVEL 1 (","lastModifiedDate":"2020-05-25","isFullCredit":false},{"lineNumber":12,"author":{"gitId":"-"},"content":"    echo ********** BUILD FAILURE **********","lastModifiedDate":"2020-05-25","isFullCredit":false},{"lineNumber":13,"author":{"gitId":"-"},"content":"    exit /b 1","lastModifiedDate":"2020-05-25","isFullCredit":false},{"lineNumber":14,"author":{"gitId":"-"},"content":")","lastModifiedDate":"2020-05-25","isFullCredit":false},{"lineNumber":15,"author":{"gitId":"-"},"content":"REM no error here, errorlevel \u003d\u003d 0","lastModifiedDate":"2020-05-25","isFullCredit":false},{"lineNumber":16,"author":{"gitId":"-"},"content":"","lastModifiedDate":"2020-05-25","isFullCredit":false},{"lineNumber":17,"author":{"gitId":"-"},"content":"REM run the program, feed commands from input.txt file and redirect the output to the ACTUAL.TXT","lastModifiedDate":"2020-05-25","isFullCredit":false},{"lineNumber":18,"author":{"gitId":"kokseen1"},"content":"java -classpath ..\\bin Isla \u003c input.txt \u003e ACTUAL.TXT","lastModifiedDate":"2025-01-21","isFullCredit":false},{"lineNumber":19,"author":{"gitId":"-"},"content":"","lastModifiedDate":"2020-05-25","isFullCredit":false},{"lineNumber":20,"author":{"gitId":"-"},"content":"REM compare the output to the expected output","lastModifiedDate":"2020-05-25","isFullCredit":false},{"lineNumber":21,"author":{"gitId":"-"},"content":"FC ACTUAL.TXT EXPECTED.TXT","lastModifiedDate":"2020-05-25","isFullCredit":false}],"authorContributionMap":{"kokseen1":1,"-":20}},{"path":"text-ui-test/runtest.sh","fileType":"sh","lines":[{"lineNumber":1,"author":{"gitId":"-"},"content":"#!/usr/bin/env bash","lastModifiedDate":"2020-05-25","isFullCredit":false},{"lineNumber":2,"author":{"gitId":"-"},"content":"","lastModifiedDate":"2020-05-25","isFullCredit":false},{"lineNumber":3,"author":{"gitId":"-"},"content":"# create bin directory if it doesn\u0027t exist","lastModifiedDate":"2020-05-25","isFullCredit":false},{"lineNumber":4,"author":{"gitId":"-"},"content":"if [ ! -d \"../bin\" ]","lastModifiedDate":"2020-05-25","isFullCredit":false},{"lineNumber":5,"author":{"gitId":"-"},"content":"then","lastModifiedDate":"2020-05-25","isFullCredit":false},{"lineNumber":6,"author":{"gitId":"-"},"content":"    mkdir ../bin","lastModifiedDate":"2020-05-25","isFullCredit":false},{"lineNumber":7,"author":{"gitId":"-"},"content":"fi","lastModifiedDate":"2020-05-25","isFullCredit":false},{"lineNumber":8,"author":{"gitId":"-"},"content":"","lastModifiedDate":"2020-05-25","isFullCredit":false},{"lineNumber":9,"author":{"gitId":"-"},"content":"# delete output from previous run","lastModifiedDate":"2020-05-25","isFullCredit":false},{"lineNumber":10,"author":{"gitId":"-"},"content":"if [ -e \"./ACTUAL.TXT\" ]","lastModifiedDate":"2020-05-25","isFullCredit":false},{"lineNumber":11,"author":{"gitId":"-"},"content":"then","lastModifiedDate":"2020-05-25","isFullCredit":false},{"lineNumber":12,"author":{"gitId":"-"},"content":"    rm ACTUAL.TXT","lastModifiedDate":"2020-05-25","isFullCredit":false},{"lineNumber":13,"author":{"gitId":"-"},"content":"fi","lastModifiedDate":"2020-05-25","isFullCredit":false},{"lineNumber":14,"author":{"gitId":"-"},"content":"","lastModifiedDate":"2020-05-25","isFullCredit":false},{"lineNumber":15,"author":{"gitId":"-"},"content":"# compile the code into the bin folder, terminates if error occurred","lastModifiedDate":"2020-05-25","isFullCredit":false},{"lineNumber":16,"author":{"gitId":"-"},"content":"if ! javac -cp ../src/main/java -Xlint:none -d ../bin ../src/main/java/*.java","lastModifiedDate":"2020-08-25","isFullCredit":false},{"lineNumber":17,"author":{"gitId":"-"},"content":"then","lastModifiedDate":"2020-05-25","isFullCredit":false},{"lineNumber":18,"author":{"gitId":"-"},"content":"    echo \"********** BUILD FAILURE **********\"","lastModifiedDate":"2020-05-25","isFullCredit":false},{"lineNumber":19,"author":{"gitId":"-"},"content":"    exit 1","lastModifiedDate":"2020-05-25","isFullCredit":false},{"lineNumber":20,"author":{"gitId":"-"},"content":"fi","lastModifiedDate":"2020-05-25","isFullCredit":false},{"lineNumber":21,"author":{"gitId":"-"},"content":"","lastModifiedDate":"2020-05-25","isFullCredit":false},{"lineNumber":22,"author":{"gitId":"-"},"content":"# run the program, feed commands from input.txt file and redirect the output to the ACTUAL.TXT","lastModifiedDate":"2020-05-25","isFullCredit":false},{"lineNumber":23,"author":{"gitId":"kokseen1"},"content":"java -classpath ../bin Isla \u003c input.txt \u003e ACTUAL.TXT","lastModifiedDate":"2025-01-21","isFullCredit":false},{"lineNumber":24,"author":{"gitId":"-"},"content":"","lastModifiedDate":"2020-05-25","isFullCredit":false},{"lineNumber":25,"author":{"gitId":"-"},"content":"# convert to UNIX format","lastModifiedDate":"2020-05-25","isFullCredit":false},{"lineNumber":26,"author":{"gitId":"-"},"content":"cp EXPECTED.TXT EXPECTED-UNIX.TXT","lastModifiedDate":"2020-05-25","isFullCredit":false},{"lineNumber":27,"author":{"gitId":"-"},"content":"dos2unix ACTUAL.TXT EXPECTED-UNIX.TXT","lastModifiedDate":"2020-05-25","isFullCredit":false},{"lineNumber":28,"author":{"gitId":"-"},"content":"","lastModifiedDate":"2020-05-25","isFullCredit":false},{"lineNumber":29,"author":{"gitId":"-"},"content":"# compare the output to the expected output","lastModifiedDate":"2020-05-25","isFullCredit":false},{"lineNumber":30,"author":{"gitId":"-"},"content":"diff ACTUAL.TXT EXPECTED-UNIX.TXT","lastModifiedDate":"2020-05-25","isFullCredit":false},{"lineNumber":31,"author":{"gitId":"-"},"content":"if [ $? -eq 0 ]","lastModifiedDate":"2020-05-25","isFullCredit":false},{"lineNumber":32,"author":{"gitId":"-"},"content":"then","lastModifiedDate":"2020-05-25","isFullCredit":false},{"lineNumber":33,"author":{"gitId":"-"},"content":"    echo \"Test result: PASSED\"","lastModifiedDate":"2020-05-25","isFullCredit":false},{"lineNumber":34,"author":{"gitId":"-"},"content":"    exit 0","lastModifiedDate":"2020-05-25","isFullCredit":false},{"lineNumber":35,"author":{"gitId":"-"},"content":"else","lastModifiedDate":"2020-05-25","isFullCredit":false},{"lineNumber":36,"author":{"gitId":"-"},"content":"    echo \"Test result: FAILED\"","lastModifiedDate":"2020-05-25","isFullCredit":false},{"lineNumber":37,"author":{"gitId":"-"},"content":"    exit 1","lastModifiedDate":"2020-05-25","isFullCredit":false},{"lineNumber":38,"author":{"gitId":"-"},"content":"fi","lastModifiedDate":"2020-05-25","isFullCredit":false}],"authorContributionMap":{"kokseen1":1,"-":37}}]
