[{"path":"data/bibi.txt","fileType":"txt","lines":[{"lineNumber":1,"author":{"gitId":"Seethevon"},"content":"F | return book","lastModifiedDate":"2025-02-04","isFullCredit":false}],"authorContributionMap":{"Seethevon":1}},{"path":"data/tasks.txt","fileType":"txt","lines":[{"lineNumber":1,"author":{"gitId":"Seethevon"},"content":"T | 1 | read","lastModifiedDate":"2025-02-05","isFullCredit":false},{"lineNumber":2,"author":{"gitId":"Seethevon"},"content":"D | 0 | finish assg1 | 2025-02-01 1000","lastModifiedDate":"2025-02-05","isFullCredit":false}],"authorContributionMap":{"Seethevon":2}},{"path":"src/main/java/Bibi/Bibi.java","fileType":"java","lines":[{"lineNumber":1,"author":{"gitId":"Seethevon"},"content":"package Bibi;","lastModifiedDate":"2025-02-05","isFullCredit":false},{"lineNumber":2,"author":{"gitId":"Seethevon"},"content":"","lastModifiedDate":"2025-02-05","isFullCredit":false},{"lineNumber":3,"author":{"gitId":"Seethevon"},"content":"import java.util.Scanner;","lastModifiedDate":"2025-01-22","isFullCredit":false},{"lineNumber":4,"author":{"gitId":"Seethevon"},"content":"public class Bibi {","lastModifiedDate":"2025-01-22","isFullCredit":false},{"lineNumber":5,"author":{"gitId":"Seethevon"},"content":"","lastModifiedDate":"2025-01-22","isFullCredit":false},{"lineNumber":6,"author":{"gitId":"Seethevon"},"content":"    private Storage storage;","lastModifiedDate":"2025-02-05","isFullCredit":false},{"lineNumber":7,"author":{"gitId":"Seethevon"},"content":"    private TaskList tasks;","lastModifiedDate":"2025-02-05","isFullCredit":false},{"lineNumber":8,"author":{"gitId":"Seethevon"},"content":"    private Ui ui;","lastModifiedDate":"2025-02-05","isFullCredit":false},{"lineNumber":9,"author":{"gitId":"Seethevon"},"content":"","lastModifiedDate":"2025-01-22","isFullCredit":false},{"lineNumber":10,"author":{"gitId":"Seethevon"},"content":"    public Bibi(String filePath) {","lastModifiedDate":"2025-02-05","isFullCredit":false},{"lineNumber":11,"author":{"gitId":"Seethevon"},"content":"        ui \u003d new Ui();","lastModifiedDate":"2025-02-05","isFullCredit":false},{"lineNumber":12,"author":{"gitId":"Seethevon"},"content":"        storage \u003d new Storage(filePath);","lastModifiedDate":"2025-02-05","isFullCredit":false},{"lineNumber":13,"author":{"gitId":"Seethevon"},"content":"        tasks \u003d new TaskList(storage.load());","lastModifiedDate":"2025-02-05","isFullCredit":false},{"lineNumber":14,"author":{"gitId":"Seethevon"},"content":"    }","lastModifiedDate":"2025-02-05","isFullCredit":false},{"lineNumber":15,"author":{"gitId":"Seethevon"},"content":"    public void run() {","lastModifiedDate":"2025-02-05","isFullCredit":false},{"lineNumber":16,"author":{"gitId":"Seethevon"},"content":"        ui.showWelcome();","lastModifiedDate":"2025-02-05","isFullCredit":false},{"lineNumber":17,"author":{"gitId":"Seethevon"},"content":"        Scanner scanner \u003d new Scanner(System.in);","lastModifiedDate":"2025-02-05","isFullCredit":false},{"lineNumber":18,"author":{"gitId":"Seethevon"},"content":"","lastModifiedDate":"2025-02-04","isFullCredit":false},{"lineNumber":19,"author":{"gitId":"Seethevon"},"content":"        while (true) {","lastModifiedDate":"2025-01-22","isFullCredit":false},{"lineNumber":20,"author":{"gitId":"Seethevon"},"content":"            String userInput \u003d ui.readCommand(scanner);","lastModifiedDate":"2025-02-05","isFullCredit":false},{"lineNumber":21,"author":{"gitId":"Seethevon"},"content":"            if (userInput.equals(\"bye\")) {","lastModifiedDate":"2025-02-05","isFullCredit":false},{"lineNumber":22,"author":{"gitId":"Seethevon"},"content":"                ui.showGoodbye();","lastModifiedDate":"2025-02-05","isFullCredit":false},{"lineNumber":23,"author":{"gitId":"Seethevon"},"content":"                break;","lastModifiedDate":"2025-01-22","isFullCredit":false},{"lineNumber":24,"author":{"gitId":"Seethevon"},"content":"            }","lastModifiedDate":"2025-01-22","isFullCredit":false},{"lineNumber":25,"author":{"gitId":"Seethevon"},"content":"            Parser.handleCommand(userInput, tasks, ui);","lastModifiedDate":"2025-02-05","isFullCredit":false},{"lineNumber":26,"author":{"gitId":"Seethevon"},"content":"            storage.save(tasks);","lastModifiedDate":"2025-02-05","isFullCredit":false},{"lineNumber":27,"author":{"gitId":"Seethevon"},"content":"        }","lastModifiedDate":"2025-01-22","isFullCredit":false},{"lineNumber":28,"author":{"gitId":"Seethevon"},"content":"","lastModifiedDate":"2025-01-22","isFullCredit":false},{"lineNumber":29,"author":{"gitId":"Seethevon"},"content":"        scanner.close();","lastModifiedDate":"2025-01-22","isFullCredit":false},{"lineNumber":30,"author":{"gitId":"Seethevon"},"content":"    }","lastModifiedDate":"2025-01-22","isFullCredit":false},{"lineNumber":31,"author":{"gitId":"Seethevon"},"content":"","lastModifiedDate":"2025-02-04","isFullCredit":false},{"lineNumber":32,"author":{"gitId":"Seethevon"},"content":"    public static void main(String[] args) {","lastModifiedDate":"2025-02-05","isFullCredit":false},{"lineNumber":33,"author":{"gitId":"Seethevon"},"content":"        new Bibi(\"data/tasks.txt\").run();","lastModifiedDate":"2025-02-05","isFullCredit":false},{"lineNumber":34,"author":{"gitId":"Seethevon"},"content":"    }","lastModifiedDate":"2025-02-04","isFullCredit":false},{"lineNumber":35,"author":{"gitId":"Seethevon"},"content":"}","lastModifiedDate":"2025-01-22","isFullCredit":false},{"lineNumber":36,"author":{"gitId":"Seethevon"},"content":"","lastModifiedDate":"2025-01-22","isFullCredit":false}],"authorContributionMap":{"Seethevon":36}},{"path":"src/main/java/Bibi/BibiException.java","fileType":"java","lines":[{"lineNumber":1,"author":{"gitId":"Seethevon"},"content":"package Bibi;","lastModifiedDate":"2025-02-05","isFullCredit":false},{"lineNumber":2,"author":{"gitId":"Seethevon"},"content":"","lastModifiedDate":"2025-02-05","isFullCredit":false},{"lineNumber":3,"author":{"gitId":"Seethevon"},"content":"public class BibiException extends Exception {","lastModifiedDate":"2025-01-24","isFullCredit":false},{"lineNumber":4,"author":{"gitId":"Seethevon"},"content":"    public BibiException(String message) {","lastModifiedDate":"2025-01-24","isFullCredit":false},{"lineNumber":5,"author":{"gitId":"Seethevon"},"content":"        super(message);","lastModifiedDate":"2025-01-24","isFullCredit":false},{"lineNumber":6,"author":{"gitId":"Seethevon"},"content":"    }","lastModifiedDate":"2025-01-24","isFullCredit":false},{"lineNumber":7,"author":{"gitId":"Seethevon"},"content":"}","lastModifiedDate":"2025-01-24","isFullCredit":false}],"authorContributionMap":{"Seethevon":7}},{"path":"src/main/java/Bibi/Deadline.java","fileType":"java","lines":[{"lineNumber":1,"author":{"gitId":"Seethevon"},"content":"package Bibi;","lastModifiedDate":"2025-02-05","isFullCredit":false},{"lineNumber":2,"author":{"gitId":"Seethevon"},"content":"","lastModifiedDate":"2025-02-05","isFullCredit":false},{"lineNumber":3,"author":{"gitId":"Seethevon"},"content":"import java.time.LocalDateTime;","lastModifiedDate":"2025-02-04","isFullCredit":false},{"lineNumber":4,"author":{"gitId":"Seethevon"},"content":"import java.time.format.DateTimeFormatter;","lastModifiedDate":"2025-02-04","isFullCredit":false},{"lineNumber":5,"author":{"gitId":"Seethevon"},"content":"public class Deadline extends Task {","lastModifiedDate":"2025-01-22","isFullCredit":false},{"lineNumber":6,"author":{"gitId":"Seethevon"},"content":"    private LocalDateTime by;","lastModifiedDate":"2025-02-04","isFullCredit":false},{"lineNumber":7,"author":{"gitId":"Seethevon"},"content":"    public Deadline(String description, String by) {","lastModifiedDate":"2025-01-22","isFullCredit":false},{"lineNumber":8,"author":{"gitId":"Seethevon"},"content":"        super(description);","lastModifiedDate":"2025-01-22","isFullCredit":false},{"lineNumber":9,"author":{"gitId":"Seethevon"},"content":"        this.by \u003d LocalDateTime.parse(by, DateTimeFormatter.ofPattern(\"yyyy-MM-dd HHmm\"));","lastModifiedDate":"2025-02-04","isFullCredit":false},{"lineNumber":10,"author":{"gitId":"Seethevon"},"content":"    }","lastModifiedDate":"2025-02-04","isFullCredit":false},{"lineNumber":11,"author":{"gitId":"Seethevon"},"content":"","lastModifiedDate":"2025-02-04","isFullCredit":false},{"lineNumber":12,"author":{"gitId":"Seethevon"},"content":"    @Override","lastModifiedDate":"2025-02-05","isFullCredit":false},{"lineNumber":13,"author":{"gitId":"Seethevon"},"content":"    public String toString() {","lastModifiedDate":"2025-02-05","isFullCredit":false},{"lineNumber":14,"author":{"gitId":"Seethevon"},"content":"        return \"[D]\" + super.toString() + \" (by: \" + by.format(DateTimeFormatter.ofPattern(\"MMM dd yyyy HHmm\")) + \")\";","lastModifiedDate":"2025-02-05","isFullCredit":false},{"lineNumber":15,"author":{"gitId":"Seethevon"},"content":"    }","lastModifiedDate":"2025-01-22","isFullCredit":false},{"lineNumber":16,"author":{"gitId":"Seethevon"},"content":"","lastModifiedDate":"2025-01-22","isFullCredit":false},{"lineNumber":17,"author":{"gitId":"Seethevon"},"content":"    @Override","lastModifiedDate":"2025-01-22","isFullCredit":false},{"lineNumber":18,"author":{"gitId":"Seethevon"},"content":"    public String toFileFormat() {","lastModifiedDate":"2025-02-05","isFullCredit":false},{"lineNumber":19,"author":{"gitId":"Seethevon"},"content":"        return \"D | \" + (isDone ? \"1\" : \"0\") + \" | \" + description + \" | \" + by.format(DateTimeFormatter.ofPattern(\"yyyy-MM-dd HHmm\"));","lastModifiedDate":"2025-02-05","isFullCredit":false},{"lineNumber":20,"author":{"gitId":"Seethevon"},"content":"    }","lastModifiedDate":"2025-02-05","isFullCredit":false},{"lineNumber":21,"author":{"gitId":"Seethevon"},"content":"","lastModifiedDate":"2025-02-05","isFullCredit":false},{"lineNumber":22,"author":{"gitId":"Seethevon"},"content":"    public LocalDateTime getBy() {","lastModifiedDate":"2025-02-05","isFullCredit":false},{"lineNumber":23,"author":{"gitId":"Seethevon"},"content":"        return by;","lastModifiedDate":"2025-02-05","isFullCredit":false},{"lineNumber":24,"author":{"gitId":"Seethevon"},"content":"    }","lastModifiedDate":"2025-01-22","isFullCredit":false},{"lineNumber":25,"author":{"gitId":"Seethevon"},"content":"}","lastModifiedDate":"2025-01-22","isFullCredit":false}],"authorContributionMap":{"Seethevon":25}},{"path":"src/main/java/Bibi/Event.java","fileType":"java","lines":[{"lineNumber":1,"author":{"gitId":"Seethevon"},"content":"package Bibi;","lastModifiedDate":"2025-02-05","isFullCredit":false},{"lineNumber":2,"author":{"gitId":"Seethevon"},"content":"","lastModifiedDate":"2025-02-05","isFullCredit":false},{"lineNumber":3,"author":{"gitId":"Seethevon"},"content":"import java.time.LocalDateTime;","lastModifiedDate":"2025-02-04","isFullCredit":false},{"lineNumber":4,"author":{"gitId":"Seethevon"},"content":"import java.time.format.DateTimeFormatter;","lastModifiedDate":"2025-02-04","isFullCredit":false},{"lineNumber":5,"author":{"gitId":"Seethevon"},"content":"","lastModifiedDate":"2025-02-05","isFullCredit":false},{"lineNumber":6,"author":{"gitId":"Seethevon"},"content":"public class Event extends Task {","lastModifiedDate":"2025-01-22","isFullCredit":false},{"lineNumber":7,"author":{"gitId":"Seethevon"},"content":"    private LocalDateTime from;","lastModifiedDate":"2025-02-05","isFullCredit":false},{"lineNumber":8,"author":{"gitId":"Seethevon"},"content":"    private LocalDateTime to;","lastModifiedDate":"2025-02-05","isFullCredit":false},{"lineNumber":9,"author":{"gitId":"Seethevon"},"content":"","lastModifiedDate":"2025-01-22","isFullCredit":false},{"lineNumber":10,"author":{"gitId":"Seethevon"},"content":"    public Event(String description, String from, String to) {","lastModifiedDate":"2025-01-22","isFullCredit":false},{"lineNumber":11,"author":{"gitId":"Seethevon"},"content":"        super(description);","lastModifiedDate":"2025-01-22","isFullCredit":false},{"lineNumber":12,"author":{"gitId":"Seethevon"},"content":"        this.from \u003d LocalDateTime.parse(from, DateTimeFormatter.ofPattern(\"yyyy-MM-dd HHmm\"));","lastModifiedDate":"2025-02-04","isFullCredit":false},{"lineNumber":13,"author":{"gitId":"Seethevon"},"content":"        this.to \u003d LocalDateTime.parse(to, DateTimeFormatter.ofPattern(\"yyyy-MM-dd HHmm\"));","lastModifiedDate":"2025-02-04","isFullCredit":false},{"lineNumber":14,"author":{"gitId":"Seethevon"},"content":"    }","lastModifiedDate":"2025-02-04","isFullCredit":false},{"lineNumber":15,"author":{"gitId":"Seethevon"},"content":"","lastModifiedDate":"2025-02-04","isFullCredit":false},{"lineNumber":16,"author":{"gitId":"Seethevon"},"content":"    @Override","lastModifiedDate":"2025-02-05","isFullCredit":false},{"lineNumber":17,"author":{"gitId":"Seethevon"},"content":"    public String toString() {","lastModifiedDate":"2025-02-05","isFullCredit":false},{"lineNumber":18,"author":{"gitId":"Seethevon"},"content":"        return \"[E]\" + super.toString() + \" (from: \" + from.format(DateTimeFormatter.ofPattern(\"MMM dd yyyy HH:mm\")) +","lastModifiedDate":"2025-02-05","isFullCredit":false},{"lineNumber":19,"author":{"gitId":"Seethevon"},"content":"                \" to: \" + to.format(DateTimeFormatter.ofPattern(\"MMM dd yyyy HH:mm\")) + \")\";","lastModifiedDate":"2025-02-05","isFullCredit":false},{"lineNumber":20,"author":{"gitId":"Seethevon"},"content":"    }","lastModifiedDate":"2025-02-05","isFullCredit":false},{"lineNumber":21,"author":{"gitId":"Seethevon"},"content":"","lastModifiedDate":"2025-02-05","isFullCredit":false},{"lineNumber":22,"author":{"gitId":"Seethevon"},"content":"    @Override","lastModifiedDate":"2025-02-05","isFullCredit":false},{"lineNumber":23,"author":{"gitId":"Seethevon"},"content":"    public String toFileFormat() {","lastModifiedDate":"2025-02-05","isFullCredit":false},{"lineNumber":24,"author":{"gitId":"Seethevon"},"content":"        return \"E | \" + (isDone ? \"1\" : \"0\") + \" | \" + description + \" | \" +","lastModifiedDate":"2025-02-05","isFullCredit":false},{"lineNumber":25,"author":{"gitId":"Seethevon"},"content":"                from.format(DateTimeFormatter.ofPattern(\"yyyy-MM-dd HHmm\")) + \" | \" +","lastModifiedDate":"2025-02-05","isFullCredit":false},{"lineNumber":26,"author":{"gitId":"Seethevon"},"content":"                to.format(DateTimeFormatter.ofPattern(\"yyyy-MM-dd HHmm\"));","lastModifiedDate":"2025-02-05","isFullCredit":false},{"lineNumber":27,"author":{"gitId":"Seethevon"},"content":"    }","lastModifiedDate":"2025-02-05","isFullCredit":false},{"lineNumber":28,"author":{"gitId":"Seethevon"},"content":"","lastModifiedDate":"2025-02-05","isFullCredit":false},{"lineNumber":29,"author":{"gitId":"Seethevon"},"content":"    public LocalDateTime getFrom() {","lastModifiedDate":"2025-02-04","isFullCredit":false},{"lineNumber":30,"author":{"gitId":"Seethevon"},"content":"        return from;","lastModifiedDate":"2025-02-04","isFullCredit":false},{"lineNumber":31,"author":{"gitId":"Seethevon"},"content":"    }","lastModifiedDate":"2025-02-04","isFullCredit":false},{"lineNumber":32,"author":{"gitId":"Seethevon"},"content":"","lastModifiedDate":"2025-02-04","isFullCredit":false},{"lineNumber":33,"author":{"gitId":"Seethevon"},"content":"    public LocalDateTime getTo() {","lastModifiedDate":"2025-02-04","isFullCredit":false},{"lineNumber":34,"author":{"gitId":"Seethevon"},"content":"        return to;","lastModifiedDate":"2025-02-04","isFullCredit":false},{"lineNumber":35,"author":{"gitId":"Seethevon"},"content":"    }","lastModifiedDate":"2025-01-22","isFullCredit":false},{"lineNumber":36,"author":{"gitId":"Seethevon"},"content":"}","lastModifiedDate":"2025-01-22","isFullCredit":false}],"authorContributionMap":{"Seethevon":36}},{"path":"src/main/java/Bibi/Parser.java","fileType":"java","lines":[{"lineNumber":1,"author":{"gitId":"Seethevon"},"content":"package Bibi;","lastModifiedDate":"2025-02-05","isFullCredit":false},{"lineNumber":2,"author":{"gitId":"Seethevon"},"content":"","lastModifiedDate":"2025-02-05","isFullCredit":false},{"lineNumber":3,"author":{"gitId":"Seethevon"},"content":"public class Parser {","lastModifiedDate":"2025-02-05","isFullCredit":false},{"lineNumber":4,"author":{"gitId":"Seethevon"},"content":"    public static void handleCommand(String input, TaskList tasks, Ui ui) {","lastModifiedDate":"2025-02-05","isFullCredit":false},{"lineNumber":5,"author":{"gitId":"Seethevon"},"content":"        try {","lastModifiedDate":"2025-02-05","isFullCredit":false},{"lineNumber":6,"author":{"gitId":"Seethevon"},"content":"            if (input.equals(\"list\")) {","lastModifiedDate":"2025-02-05","isFullCredit":false},{"lineNumber":7,"author":{"gitId":"Seethevon"},"content":"                ui.showMessage(tasks.listTasks());","lastModifiedDate":"2025-02-05","isFullCredit":false},{"lineNumber":8,"author":{"gitId":"Seethevon"},"content":"            } else if (input.startsWith(\"mark \")) {","lastModifiedDate":"2025-02-05","isFullCredit":false},{"lineNumber":9,"author":{"gitId":"Seethevon"},"content":"                int taskNumber \u003d Integer.parseInt(input.substring(5).trim()) - 1;","lastModifiedDate":"2025-02-05","isFullCredit":false},{"lineNumber":10,"author":{"gitId":"Seethevon"},"content":"                tasks.markTask(taskNumber);","lastModifiedDate":"2025-02-05","isFullCredit":false},{"lineNumber":11,"author":{"gitId":"Seethevon"},"content":"                ui.showMessage(\"Good job! Bibi.Bibi.Task marked as done:\\n\" + tasks.getTask(taskNumber));","lastModifiedDate":"2025-02-05","isFullCredit":false},{"lineNumber":12,"author":{"gitId":"Seethevon"},"content":"            } else if (input.startsWith(\"unmark \")) {","lastModifiedDate":"2025-02-05","isFullCredit":false},{"lineNumber":13,"author":{"gitId":"Seethevon"},"content":"                int taskNumber \u003d Integer.parseInt(input.substring(7).trim()) - 1;","lastModifiedDate":"2025-02-05","isFullCredit":false},{"lineNumber":14,"author":{"gitId":"Seethevon"},"content":"                tasks.unmarkTask(taskNumber);","lastModifiedDate":"2025-02-05","isFullCredit":false},{"lineNumber":15,"author":{"gitId":"Seethevon"},"content":"                ui.showMessage(\"Bibi.Bibi.Task marked as not done:\\n\" + tasks.getTask(taskNumber));","lastModifiedDate":"2025-02-05","isFullCredit":false},{"lineNumber":16,"author":{"gitId":"Seethevon"},"content":"            } else if (input.startsWith(\"todo \")) {","lastModifiedDate":"2025-02-05","isFullCredit":false},{"lineNumber":17,"author":{"gitId":"Seethevon"},"content":"                tasks.addTodo(input.substring(5).trim());","lastModifiedDate":"2025-02-05","isFullCredit":false},{"lineNumber":18,"author":{"gitId":"Seethevon"},"content":"                ui.showMessage(\"Added a Bibi.Bibi.Todo:\\n\" + tasks.getLastTask());","lastModifiedDate":"2025-02-05","isFullCredit":false},{"lineNumber":19,"author":{"gitId":"Seethevon"},"content":"            } else if (input.startsWith(\"deadline \")) {","lastModifiedDate":"2025-02-05","isFullCredit":false},{"lineNumber":20,"author":{"gitId":"Seethevon"},"content":"                String[] parts \u003d input.substring(9).split(\" /by \");","lastModifiedDate":"2025-02-05","isFullCredit":false},{"lineNumber":21,"author":{"gitId":"Seethevon"},"content":"                tasks.addDeadline(parts[0].trim(), parts[1].trim());","lastModifiedDate":"2025-02-05","isFullCredit":false},{"lineNumber":22,"author":{"gitId":"Seethevon"},"content":"                ui.showMessage(\"Added a Bibi.Bibi.Deadline:\\n\" + tasks.getLastTask());","lastModifiedDate":"2025-02-05","isFullCredit":false},{"lineNumber":23,"author":{"gitId":"Seethevon"},"content":"            } else if (input.startsWith(\"event \")) {","lastModifiedDate":"2025-02-05","isFullCredit":false},{"lineNumber":24,"author":{"gitId":"Seethevon"},"content":"                String[] parts \u003d input.substring(6).split(\" /from | /to \");","lastModifiedDate":"2025-02-05","isFullCredit":false},{"lineNumber":25,"author":{"gitId":"Seethevon"},"content":"                tasks.addEvent(parts[0].trim(), parts[1].trim(), parts[2].trim());","lastModifiedDate":"2025-02-05","isFullCredit":false},{"lineNumber":26,"author":{"gitId":"Seethevon"},"content":"                ui.showMessage(\"Added an Bibi.Bibi.Event:\\n\" + tasks.getLastTask());","lastModifiedDate":"2025-02-05","isFullCredit":false},{"lineNumber":27,"author":{"gitId":"Seethevon"},"content":"            } else if (input.startsWith(\"delete \")) {","lastModifiedDate":"2025-02-05","isFullCredit":false},{"lineNumber":28,"author":{"gitId":"Seethevon"},"content":"                int taskNumber \u003d Integer.parseInt(input.substring(7).trim()) - 1;","lastModifiedDate":"2025-02-05","isFullCredit":false},{"lineNumber":29,"author":{"gitId":"Seethevon"},"content":"                ui.showMessage(\"Meow! Removed this task:\\n\" + tasks.deleteTask(taskNumber));","lastModifiedDate":"2025-02-05","isFullCredit":false},{"lineNumber":30,"author":{"gitId":"Seethevon"},"content":"            } else {","lastModifiedDate":"2025-02-05","isFullCredit":false},{"lineNumber":31,"author":{"gitId":"Seethevon"},"content":"                throw new BibiException(\"Meow! No clue what you just said.\");","lastModifiedDate":"2025-02-05","isFullCredit":false},{"lineNumber":32,"author":{"gitId":"Seethevon"},"content":"            }","lastModifiedDate":"2025-02-05","isFullCredit":false},{"lineNumber":33,"author":{"gitId":"Seethevon"},"content":"        } catch (Exception e) {","lastModifiedDate":"2025-02-05","isFullCredit":false},{"lineNumber":34,"author":{"gitId":"Seethevon"},"content":"            ui.showMessage(\"Meow! Something went wrong: \" + e.getMessage());","lastModifiedDate":"2025-02-05","isFullCredit":false},{"lineNumber":35,"author":{"gitId":"Seethevon"},"content":"        }","lastModifiedDate":"2025-02-05","isFullCredit":false},{"lineNumber":36,"author":{"gitId":"Seethevon"},"content":"    }","lastModifiedDate":"2025-02-05","isFullCredit":false},{"lineNumber":37,"author":{"gitId":"Seethevon"},"content":"","lastModifiedDate":"2025-02-05","isFullCredit":false},{"lineNumber":38,"author":{"gitId":"Seethevon"},"content":"    public static Task parseTaskFromFile(String line) {","lastModifiedDate":"2025-02-05","isFullCredit":false},{"lineNumber":39,"author":{"gitId":"Seethevon"},"content":"        String[] parts \u003d line.split(\" \\\\| \");","lastModifiedDate":"2025-02-05","isFullCredit":false},{"lineNumber":40,"author":{"gitId":"Seethevon"},"content":"        String type \u003d parts[0];","lastModifiedDate":"2025-02-05","isFullCredit":false},{"lineNumber":41,"author":{"gitId":"Seethevon"},"content":"        boolean isDone \u003d parts[1].equals(\"1\");","lastModifiedDate":"2025-02-05","isFullCredit":false},{"lineNumber":42,"author":{"gitId":"Seethevon"},"content":"        String description \u003d parts[2];","lastModifiedDate":"2025-02-05","isFullCredit":false},{"lineNumber":43,"author":{"gitId":"Seethevon"},"content":"","lastModifiedDate":"2025-02-05","isFullCredit":false},{"lineNumber":44,"author":{"gitId":"Seethevon"},"content":"        Task task;","lastModifiedDate":"2025-02-05","isFullCredit":false},{"lineNumber":45,"author":{"gitId":"Seethevon"},"content":"        if (type.equals(\"T\")) {","lastModifiedDate":"2025-02-05","isFullCredit":false},{"lineNumber":46,"author":{"gitId":"Seethevon"},"content":"            task \u003d new Todo(description);","lastModifiedDate":"2025-02-05","isFullCredit":false},{"lineNumber":47,"author":{"gitId":"Seethevon"},"content":"        } else if (type.equals(\"D\")) {","lastModifiedDate":"2025-02-05","isFullCredit":false},{"lineNumber":48,"author":{"gitId":"Seethevon"},"content":"            task \u003d new Deadline(description, parts[3]);","lastModifiedDate":"2025-02-05","isFullCredit":false},{"lineNumber":49,"author":{"gitId":"Seethevon"},"content":"        } else {","lastModifiedDate":"2025-02-05","isFullCredit":false},{"lineNumber":50,"author":{"gitId":"Seethevon"},"content":"            task \u003d new Event(description, parts[3], parts[4]);","lastModifiedDate":"2025-02-05","isFullCredit":false},{"lineNumber":51,"author":{"gitId":"Seethevon"},"content":"        }","lastModifiedDate":"2025-02-05","isFullCredit":false},{"lineNumber":52,"author":{"gitId":"Seethevon"},"content":"","lastModifiedDate":"2025-02-05","isFullCredit":false},{"lineNumber":53,"author":{"gitId":"Seethevon"},"content":"        if (isDone) {","lastModifiedDate":"2025-02-05","isFullCredit":false},{"lineNumber":54,"author":{"gitId":"Seethevon"},"content":"            task.markDone();","lastModifiedDate":"2025-02-05","isFullCredit":false},{"lineNumber":55,"author":{"gitId":"Seethevon"},"content":"        }","lastModifiedDate":"2025-02-05","isFullCredit":false},{"lineNumber":56,"author":{"gitId":"Seethevon"},"content":"        return task;","lastModifiedDate":"2025-02-05","isFullCredit":false},{"lineNumber":57,"author":{"gitId":"Seethevon"},"content":"    }","lastModifiedDate":"2025-02-05","isFullCredit":false},{"lineNumber":58,"author":{"gitId":"Seethevon"},"content":"}","lastModifiedDate":"2025-02-05","isFullCredit":false}],"authorContributionMap":{"Seethevon":58}},{"path":"src/main/java/Bibi/Storage.java","fileType":"java","lines":[{"lineNumber":1,"author":{"gitId":"Seethevon"},"content":"package Bibi;","lastModifiedDate":"2025-02-05","isFullCredit":false},{"lineNumber":2,"author":{"gitId":"Seethevon"},"content":"","lastModifiedDate":"2025-02-05","isFullCredit":false},{"lineNumber":3,"author":{"gitId":"Seethevon"},"content":"import java.io.BufferedReader;","lastModifiedDate":"2025-02-05","isFullCredit":false},{"lineNumber":4,"author":{"gitId":"Seethevon"},"content":"import java.io.BufferedWriter;","lastModifiedDate":"2025-02-05","isFullCredit":false},{"lineNumber":5,"author":{"gitId":"Seethevon"},"content":"import java.io.File;","lastModifiedDate":"2025-02-05","isFullCredit":false},{"lineNumber":6,"author":{"gitId":"Seethevon"},"content":"import java.io.FileReader;","lastModifiedDate":"2025-02-05","isFullCredit":false},{"lineNumber":7,"author":{"gitId":"Seethevon"},"content":"import java.io.FileWriter;","lastModifiedDate":"2025-02-05","isFullCredit":false},{"lineNumber":8,"author":{"gitId":"Seethevon"},"content":"import java.io.IOException;","lastModifiedDate":"2025-02-05","isFullCredit":false},{"lineNumber":9,"author":{"gitId":"Seethevon"},"content":"import java.util.ArrayList;","lastModifiedDate":"2025-02-05","isFullCredit":false},{"lineNumber":10,"author":{"gitId":"Seethevon"},"content":"","lastModifiedDate":"2025-02-05","isFullCredit":false},{"lineNumber":11,"author":{"gitId":"Seethevon"},"content":"public class Storage {","lastModifiedDate":"2025-02-05","isFullCredit":false},{"lineNumber":12,"author":{"gitId":"Seethevon"},"content":"    private String filePath;","lastModifiedDate":"2025-02-05","isFullCredit":false},{"lineNumber":13,"author":{"gitId":"Seethevon"},"content":"","lastModifiedDate":"2025-02-05","isFullCredit":false},{"lineNumber":14,"author":{"gitId":"Seethevon"},"content":"    public Storage(String filePath) {","lastModifiedDate":"2025-02-05","isFullCredit":false},{"lineNumber":15,"author":{"gitId":"Seethevon"},"content":"        this.filePath \u003d filePath;","lastModifiedDate":"2025-02-05","isFullCredit":false},{"lineNumber":16,"author":{"gitId":"Seethevon"},"content":"    }","lastModifiedDate":"2025-02-05","isFullCredit":false},{"lineNumber":17,"author":{"gitId":"Seethevon"},"content":"","lastModifiedDate":"2025-02-05","isFullCredit":false},{"lineNumber":18,"author":{"gitId":"Seethevon"},"content":"    public ArrayList\u003cTask\u003e load() {","lastModifiedDate":"2025-02-05","isFullCredit":false},{"lineNumber":19,"author":{"gitId":"Seethevon"},"content":"        ArrayList\u003cTask\u003e tasks \u003d new ArrayList\u003c\u003e();","lastModifiedDate":"2025-02-05","isFullCredit":false},{"lineNumber":20,"author":{"gitId":"Seethevon"},"content":"        File file \u003d new File(filePath);","lastModifiedDate":"2025-02-05","isFullCredit":false},{"lineNumber":21,"author":{"gitId":"Seethevon"},"content":"","lastModifiedDate":"2025-02-05","isFullCredit":false},{"lineNumber":22,"author":{"gitId":"Seethevon"},"content":"        if (!file.exists()) {","lastModifiedDate":"2025-02-05","isFullCredit":false},{"lineNumber":23,"author":{"gitId":"Seethevon"},"content":"            return tasks;","lastModifiedDate":"2025-02-05","isFullCredit":false},{"lineNumber":24,"author":{"gitId":"Seethevon"},"content":"        }","lastModifiedDate":"2025-02-05","isFullCredit":false},{"lineNumber":25,"author":{"gitId":"Seethevon"},"content":"","lastModifiedDate":"2025-02-05","isFullCredit":false},{"lineNumber":26,"author":{"gitId":"Seethevon"},"content":"        try (BufferedReader br \u003d new BufferedReader(new FileReader(file))) {","lastModifiedDate":"2025-02-05","isFullCredit":false},{"lineNumber":27,"author":{"gitId":"Seethevon"},"content":"            String line;","lastModifiedDate":"2025-02-05","isFullCredit":false},{"lineNumber":28,"author":{"gitId":"Seethevon"},"content":"            while ((line \u003d br.readLine()) !\u003d null) {","lastModifiedDate":"2025-02-05","isFullCredit":false},{"lineNumber":29,"author":{"gitId":"Seethevon"},"content":"                tasks.add(Parser.parseTaskFromFile(line));","lastModifiedDate":"2025-02-05","isFullCredit":false},{"lineNumber":30,"author":{"gitId":"Seethevon"},"content":"            }","lastModifiedDate":"2025-02-05","isFullCredit":false},{"lineNumber":31,"author":{"gitId":"Seethevon"},"content":"        } catch (IOException e) {","lastModifiedDate":"2025-02-05","isFullCredit":false},{"lineNumber":32,"author":{"gitId":"Seethevon"},"content":"            System.out.println(\"Meow! Unable to load tasks from file.\");","lastModifiedDate":"2025-02-05","isFullCredit":false},{"lineNumber":33,"author":{"gitId":"Seethevon"},"content":"        }","lastModifiedDate":"2025-02-05","isFullCredit":false},{"lineNumber":34,"author":{"gitId":"Seethevon"},"content":"","lastModifiedDate":"2025-02-05","isFullCredit":false},{"lineNumber":35,"author":{"gitId":"Seethevon"},"content":"        return tasks;","lastModifiedDate":"2025-02-05","isFullCredit":false},{"lineNumber":36,"author":{"gitId":"Seethevon"},"content":"    }","lastModifiedDate":"2025-02-05","isFullCredit":false},{"lineNumber":37,"author":{"gitId":"Seethevon"},"content":"","lastModifiedDate":"2025-02-05","isFullCredit":false},{"lineNumber":38,"author":{"gitId":"Seethevon"},"content":"    public void save(TaskList taskList) {","lastModifiedDate":"2025-02-05","isFullCredit":false},{"lineNumber":39,"author":{"gitId":"Seethevon"},"content":"        try (BufferedWriter bw \u003d new BufferedWriter(new FileWriter(filePath))) {","lastModifiedDate":"2025-02-05","isFullCredit":false},{"lineNumber":40,"author":{"gitId":"Seethevon"},"content":"            for (Task task : taskList.getTasks()) {","lastModifiedDate":"2025-02-05","isFullCredit":false},{"lineNumber":41,"author":{"gitId":"Seethevon"},"content":"                bw.write(task.toFileFormat());","lastModifiedDate":"2025-02-05","isFullCredit":false},{"lineNumber":42,"author":{"gitId":"Seethevon"},"content":"                bw.newLine();","lastModifiedDate":"2025-02-05","isFullCredit":false},{"lineNumber":43,"author":{"gitId":"Seethevon"},"content":"            }","lastModifiedDate":"2025-02-05","isFullCredit":false},{"lineNumber":44,"author":{"gitId":"Seethevon"},"content":"        } catch (IOException e) {","lastModifiedDate":"2025-02-05","isFullCredit":false},{"lineNumber":45,"author":{"gitId":"Seethevon"},"content":"            System.out.println(\"Meow! Unable to save tasks to file.\");","lastModifiedDate":"2025-02-05","isFullCredit":false},{"lineNumber":46,"author":{"gitId":"Seethevon"},"content":"        }","lastModifiedDate":"2025-02-05","isFullCredit":false},{"lineNumber":47,"author":{"gitId":"Seethevon"},"content":"    }","lastModifiedDate":"2025-02-05","isFullCredit":false},{"lineNumber":48,"author":{"gitId":"Seethevon"},"content":"}","lastModifiedDate":"2025-02-05","isFullCredit":false}],"authorContributionMap":{"Seethevon":48}},{"path":"src/main/java/Bibi/Task.java","fileType":"java","lines":[{"lineNumber":1,"author":{"gitId":"Seethevon"},"content":"package Bibi;","lastModifiedDate":"2025-02-05","isFullCredit":false},{"lineNumber":2,"author":{"gitId":"Seethevon"},"content":"","lastModifiedDate":"2025-02-05","isFullCredit":false},{"lineNumber":3,"author":{"gitId":"Seethevon"},"content":"import java.time.format.DateTimeFormatter;","lastModifiedDate":"2025-02-05","isFullCredit":false},{"lineNumber":4,"author":{"gitId":"Seethevon"},"content":"","lastModifiedDate":"2025-02-05","isFullCredit":false},{"lineNumber":5,"author":{"gitId":"Seethevon"},"content":"public class Task {","lastModifiedDate":"2025-01-22","isFullCredit":false},{"lineNumber":6,"author":{"gitId":"Seethevon"},"content":"    protected String description;","lastModifiedDate":"2025-01-22","isFullCredit":false},{"lineNumber":7,"author":{"gitId":"Seethevon"},"content":"    protected boolean isDone;","lastModifiedDate":"2025-01-22","isFullCredit":false},{"lineNumber":8,"author":{"gitId":"Seethevon"},"content":"","lastModifiedDate":"2025-01-22","isFullCredit":false},{"lineNumber":9,"author":{"gitId":"Seethevon"},"content":"    public Task(String description) {","lastModifiedDate":"2025-01-22","isFullCredit":false},{"lineNumber":10,"author":{"gitId":"Seethevon"},"content":"        this.description \u003d description;","lastModifiedDate":"2025-01-22","isFullCredit":false},{"lineNumber":11,"author":{"gitId":"Seethevon"},"content":"        this.isDone \u003d false;","lastModifiedDate":"2025-01-22","isFullCredit":false},{"lineNumber":12,"author":{"gitId":"Seethevon"},"content":"    }","lastModifiedDate":"2025-01-22","isFullCredit":false},{"lineNumber":13,"author":{"gitId":"Seethevon"},"content":"","lastModifiedDate":"2025-01-22","isFullCredit":false},{"lineNumber":14,"author":{"gitId":"Seethevon"},"content":"    public String getStatusIcon() {","lastModifiedDate":"2025-01-22","isFullCredit":false},{"lineNumber":15,"author":{"gitId":"Seethevon"},"content":"        return (isDone ? \"X\" : \" \");","lastModifiedDate":"2025-02-05","isFullCredit":false},{"lineNumber":16,"author":{"gitId":"Seethevon"},"content":"    }","lastModifiedDate":"2025-01-22","isFullCredit":false},{"lineNumber":17,"author":{"gitId":"Seethevon"},"content":"","lastModifiedDate":"2025-01-22","isFullCredit":false},{"lineNumber":18,"author":{"gitId":"Seethevon"},"content":"    public void markDone() {","lastModifiedDate":"2025-01-22","isFullCredit":false},{"lineNumber":19,"author":{"gitId":"Seethevon"},"content":"        this.isDone \u003d true;","lastModifiedDate":"2025-01-22","isFullCredit":false},{"lineNumber":20,"author":{"gitId":"Seethevon"},"content":"    }","lastModifiedDate":"2025-01-22","isFullCredit":false},{"lineNumber":21,"author":{"gitId":"Seethevon"},"content":"","lastModifiedDate":"2025-01-22","isFullCredit":false},{"lineNumber":22,"author":{"gitId":"Seethevon"},"content":"    public void markNotDone() {","lastModifiedDate":"2025-01-22","isFullCredit":false},{"lineNumber":23,"author":{"gitId":"Seethevon"},"content":"        this.isDone \u003d false;","lastModifiedDate":"2025-01-22","isFullCredit":false},{"lineNumber":24,"author":{"gitId":"Seethevon"},"content":"    }","lastModifiedDate":"2025-01-22","isFullCredit":false},{"lineNumber":25,"author":{"gitId":"Seethevon"},"content":"","lastModifiedDate":"2025-01-22","isFullCredit":false},{"lineNumber":26,"author":{"gitId":"Seethevon"},"content":"    @Override","lastModifiedDate":"2025-01-22","isFullCredit":false},{"lineNumber":27,"author":{"gitId":"Seethevon"},"content":"    public String toString() {","lastModifiedDate":"2025-01-22","isFullCredit":false},{"lineNumber":28,"author":{"gitId":"Seethevon"},"content":"        return \"[\" + getStatusIcon() + \"] \" + this.description;","lastModifiedDate":"2025-01-22","isFullCredit":false},{"lineNumber":29,"author":{"gitId":"Seethevon"},"content":"    }","lastModifiedDate":"2025-01-22","isFullCredit":false},{"lineNumber":30,"author":{"gitId":"Seethevon"},"content":"","lastModifiedDate":"2025-02-05","isFullCredit":false},{"lineNumber":31,"author":{"gitId":"Seethevon"},"content":"    public String toFileFormat() {","lastModifiedDate":"2025-02-05","isFullCredit":false},{"lineNumber":32,"author":{"gitId":"Seethevon"},"content":"        return \"Bibi.Bibi.Task | \" + (isDone ? \"1\" : \"0\") + \" | \" + description;","lastModifiedDate":"2025-02-05","isFullCredit":false},{"lineNumber":33,"author":{"gitId":"Seethevon"},"content":"    }","lastModifiedDate":"2025-02-05","isFullCredit":false},{"lineNumber":34,"author":{"gitId":"Seethevon"},"content":"}","lastModifiedDate":"2025-01-22","isFullCredit":false}],"authorContributionMap":{"Seethevon":34}},{"path":"src/main/java/Bibi/TaskList.java","fileType":"java","lines":[{"lineNumber":1,"author":{"gitId":"Seethevon"},"content":"package Bibi;","lastModifiedDate":"2025-02-05","isFullCredit":false},{"lineNumber":2,"author":{"gitId":"Seethevon"},"content":"","lastModifiedDate":"2025-02-05","isFullCredit":false},{"lineNumber":3,"author":{"gitId":"Seethevon"},"content":"import java.util.ArrayList;","lastModifiedDate":"2025-02-05","isFullCredit":false},{"lineNumber":4,"author":{"gitId":"Seethevon"},"content":"","lastModifiedDate":"2025-02-05","isFullCredit":false},{"lineNumber":5,"author":{"gitId":"Seethevon"},"content":"public class TaskList {","lastModifiedDate":"2025-02-05","isFullCredit":false},{"lineNumber":6,"author":{"gitId":"Seethevon"},"content":"    private ArrayList\u003cTask\u003e tasks;","lastModifiedDate":"2025-02-05","isFullCredit":false},{"lineNumber":7,"author":{"gitId":"Seethevon"},"content":"","lastModifiedDate":"2025-02-05","isFullCredit":false},{"lineNumber":8,"author":{"gitId":"Seethevon"},"content":"    public TaskList(ArrayList\u003cTask\u003e tasks) {","lastModifiedDate":"2025-02-05","isFullCredit":false},{"lineNumber":9,"author":{"gitId":"Seethevon"},"content":"        this.tasks \u003d tasks;","lastModifiedDate":"2025-02-05","isFullCredit":false},{"lineNumber":10,"author":{"gitId":"Seethevon"},"content":"    }","lastModifiedDate":"2025-02-05","isFullCredit":false},{"lineNumber":11,"author":{"gitId":"Seethevon"},"content":"","lastModifiedDate":"2025-02-05","isFullCredit":false},{"lineNumber":12,"author":{"gitId":"Seethevon"},"content":"    public ArrayList\u003cTask\u003e getTasks() {","lastModifiedDate":"2025-02-05","isFullCredit":false},{"lineNumber":13,"author":{"gitId":"Seethevon"},"content":"        return tasks;","lastModifiedDate":"2025-02-05","isFullCredit":false},{"lineNumber":14,"author":{"gitId":"Seethevon"},"content":"    }","lastModifiedDate":"2025-02-05","isFullCredit":false},{"lineNumber":15,"author":{"gitId":"Seethevon"},"content":"","lastModifiedDate":"2025-02-05","isFullCredit":false},{"lineNumber":16,"author":{"gitId":"Seethevon"},"content":"    public String listTasks() {","lastModifiedDate":"2025-02-05","isFullCredit":false},{"lineNumber":17,"author":{"gitId":"Seethevon"},"content":"        if (tasks.isEmpty()) {","lastModifiedDate":"2025-02-05","isFullCredit":false},{"lineNumber":18,"author":{"gitId":"Seethevon"},"content":"            return \"Meow! No tasks yet!\";","lastModifiedDate":"2025-02-05","isFullCredit":false},{"lineNumber":19,"author":{"gitId":"Seethevon"},"content":"        }","lastModifiedDate":"2025-02-05","isFullCredit":false},{"lineNumber":20,"author":{"gitId":"Seethevon"},"content":"","lastModifiedDate":"2025-02-05","isFullCredit":false},{"lineNumber":21,"author":{"gitId":"Seethevon"},"content":"        StringBuilder sb \u003d new StringBuilder();","lastModifiedDate":"2025-02-05","isFullCredit":false},{"lineNumber":22,"author":{"gitId":"Seethevon"},"content":"        for (int i \u003d 0; i \u003c tasks.size(); i++) {","lastModifiedDate":"2025-02-05","isFullCredit":false},{"lineNumber":23,"author":{"gitId":"Seethevon"},"content":"            sb.append((i + 1)).append(\". \").append(tasks.get(i)).append(\"\\n\");","lastModifiedDate":"2025-02-05","isFullCredit":false},{"lineNumber":24,"author":{"gitId":"Seethevon"},"content":"        }","lastModifiedDate":"2025-02-05","isFullCredit":false},{"lineNumber":25,"author":{"gitId":"Seethevon"},"content":"        return sb.toString();","lastModifiedDate":"2025-02-05","isFullCredit":false},{"lineNumber":26,"author":{"gitId":"Seethevon"},"content":"    }","lastModifiedDate":"2025-02-05","isFullCredit":false},{"lineNumber":27,"author":{"gitId":"Seethevon"},"content":"","lastModifiedDate":"2025-02-05","isFullCredit":false},{"lineNumber":28,"author":{"gitId":"Seethevon"},"content":"    public void markTask(int index) {","lastModifiedDate":"2025-02-05","isFullCredit":false},{"lineNumber":29,"author":{"gitId":"Seethevon"},"content":"        tasks.get(index).markDone();","lastModifiedDate":"2025-02-05","isFullCredit":false},{"lineNumber":30,"author":{"gitId":"Seethevon"},"content":"    }","lastModifiedDate":"2025-02-05","isFullCredit":false},{"lineNumber":31,"author":{"gitId":"Seethevon"},"content":"","lastModifiedDate":"2025-02-05","isFullCredit":false},{"lineNumber":32,"author":{"gitId":"Seethevon"},"content":"    public void unmarkTask(int index) {","lastModifiedDate":"2025-02-05","isFullCredit":false},{"lineNumber":33,"author":{"gitId":"Seethevon"},"content":"        tasks.get(index).markNotDone();","lastModifiedDate":"2025-02-05","isFullCredit":false},{"lineNumber":34,"author":{"gitId":"Seethevon"},"content":"    }","lastModifiedDate":"2025-02-05","isFullCredit":false},{"lineNumber":35,"author":{"gitId":"Seethevon"},"content":"","lastModifiedDate":"2025-02-05","isFullCredit":false},{"lineNumber":36,"author":{"gitId":"Seethevon"},"content":"    public void addTodo(String description) {","lastModifiedDate":"2025-02-05","isFullCredit":false},{"lineNumber":37,"author":{"gitId":"Seethevon"},"content":"        tasks.add(new Todo(description));","lastModifiedDate":"2025-02-05","isFullCredit":false},{"lineNumber":38,"author":{"gitId":"Seethevon"},"content":"    }","lastModifiedDate":"2025-02-05","isFullCredit":false},{"lineNumber":39,"author":{"gitId":"Seethevon"},"content":"","lastModifiedDate":"2025-02-05","isFullCredit":false},{"lineNumber":40,"author":{"gitId":"Seethevon"},"content":"    public void addDeadline(String description, String by) {","lastModifiedDate":"2025-02-05","isFullCredit":false},{"lineNumber":41,"author":{"gitId":"Seethevon"},"content":"        tasks.add(new Deadline(description, by));","lastModifiedDate":"2025-02-05","isFullCredit":false},{"lineNumber":42,"author":{"gitId":"Seethevon"},"content":"    }","lastModifiedDate":"2025-02-05","isFullCredit":false},{"lineNumber":43,"author":{"gitId":"Seethevon"},"content":"","lastModifiedDate":"2025-02-05","isFullCredit":false},{"lineNumber":44,"author":{"gitId":"Seethevon"},"content":"    public void addEvent(String description, String from, String to) {","lastModifiedDate":"2025-02-05","isFullCredit":false},{"lineNumber":45,"author":{"gitId":"Seethevon"},"content":"        tasks.add(new Event(description, from, to));","lastModifiedDate":"2025-02-05","isFullCredit":false},{"lineNumber":46,"author":{"gitId":"Seethevon"},"content":"    }","lastModifiedDate":"2025-02-05","isFullCredit":false},{"lineNumber":47,"author":{"gitId":"Seethevon"},"content":"","lastModifiedDate":"2025-02-05","isFullCredit":false},{"lineNumber":48,"author":{"gitId":"Seethevon"},"content":"    public Task deleteTask(int index) {","lastModifiedDate":"2025-02-05","isFullCredit":false},{"lineNumber":49,"author":{"gitId":"Seethevon"},"content":"        return tasks.remove(index);","lastModifiedDate":"2025-02-05","isFullCredit":false},{"lineNumber":50,"author":{"gitId":"Seethevon"},"content":"    }","lastModifiedDate":"2025-02-05","isFullCredit":false},{"lineNumber":51,"author":{"gitId":"Seethevon"},"content":"","lastModifiedDate":"2025-02-05","isFullCredit":false},{"lineNumber":52,"author":{"gitId":"Seethevon"},"content":"    public Task getTask(int index) {","lastModifiedDate":"2025-02-05","isFullCredit":false},{"lineNumber":53,"author":{"gitId":"Seethevon"},"content":"        return tasks.get(index);","lastModifiedDate":"2025-02-05","isFullCredit":false},{"lineNumber":54,"author":{"gitId":"Seethevon"},"content":"    }","lastModifiedDate":"2025-02-05","isFullCredit":false},{"lineNumber":55,"author":{"gitId":"Seethevon"},"content":"","lastModifiedDate":"2025-02-05","isFullCredit":false},{"lineNumber":56,"author":{"gitId":"Seethevon"},"content":"    public Task getLastTask() {","lastModifiedDate":"2025-02-05","isFullCredit":false},{"lineNumber":57,"author":{"gitId":"Seethevon"},"content":"        return tasks.get(tasks.size() - 1);","lastModifiedDate":"2025-02-05","isFullCredit":false},{"lineNumber":58,"author":{"gitId":"Seethevon"},"content":"    }","lastModifiedDate":"2025-02-05","isFullCredit":false},{"lineNumber":59,"author":{"gitId":"Seethevon"},"content":"}","lastModifiedDate":"2025-02-05","isFullCredit":false}],"authorContributionMap":{"Seethevon":59}},{"path":"src/main/java/Bibi/Todo.java","fileType":"java","lines":[{"lineNumber":1,"author":{"gitId":"Seethevon"},"content":"package Bibi;","lastModifiedDate":"2025-02-05","isFullCredit":false},{"lineNumber":2,"author":{"gitId":"Seethevon"},"content":"","lastModifiedDate":"2025-02-05","isFullCredit":false},{"lineNumber":3,"author":{"gitId":"Seethevon"},"content":"public class Todo extends Task {","lastModifiedDate":"2025-01-22","isFullCredit":false},{"lineNumber":4,"author":{"gitId":"Seethevon"},"content":"    public Todo(String description) {","lastModifiedDate":"2025-01-22","isFullCredit":false},{"lineNumber":5,"author":{"gitId":"Seethevon"},"content":"        super(description);","lastModifiedDate":"2025-01-22","isFullCredit":false},{"lineNumber":6,"author":{"gitId":"Seethevon"},"content":"    }","lastModifiedDate":"2025-01-22","isFullCredit":false},{"lineNumber":7,"author":{"gitId":"Seethevon"},"content":"","lastModifiedDate":"2025-01-22","isFullCredit":false},{"lineNumber":8,"author":{"gitId":"Seethevon"},"content":"    @Override","lastModifiedDate":"2025-01-22","isFullCredit":false},{"lineNumber":9,"author":{"gitId":"Seethevon"},"content":"    public String toString() {","lastModifiedDate":"2025-01-22","isFullCredit":false},{"lineNumber":10,"author":{"gitId":"Seethevon"},"content":"        return \"[T]\" + super.toString();","lastModifiedDate":"2025-01-22","isFullCredit":false},{"lineNumber":11,"author":{"gitId":"Seethevon"},"content":"    }","lastModifiedDate":"2025-01-22","isFullCredit":false},{"lineNumber":12,"author":{"gitId":"Seethevon"},"content":"","lastModifiedDate":"2025-02-05","isFullCredit":false},{"lineNumber":13,"author":{"gitId":"Seethevon"},"content":"    @Override","lastModifiedDate":"2025-02-05","isFullCredit":false},{"lineNumber":14,"author":{"gitId":"Seethevon"},"content":"    public String toFileFormat() {","lastModifiedDate":"2025-02-05","isFullCredit":false},{"lineNumber":15,"author":{"gitId":"Seethevon"},"content":"        return \"T | \" + (isDone ? \"1\" : \"0\") + \" | \" + description;","lastModifiedDate":"2025-02-05","isFullCredit":false},{"lineNumber":16,"author":{"gitId":"Seethevon"},"content":"    }","lastModifiedDate":"2025-02-05","isFullCredit":false},{"lineNumber":17,"author":{"gitId":"Seethevon"},"content":"}","lastModifiedDate":"2025-01-22","isFullCredit":false}],"authorContributionMap":{"Seethevon":17}},{"path":"src/main/java/Bibi/Ui.java","fileType":"java","lines":[{"lineNumber":1,"author":{"gitId":"Seethevon"},"content":"package Bibi;","lastModifiedDate":"2025-02-05","isFullCredit":false},{"lineNumber":2,"author":{"gitId":"Seethevon"},"content":"","lastModifiedDate":"2025-02-05","isFullCredit":false},{"lineNumber":3,"author":{"gitId":"Seethevon"},"content":"import java.util.Scanner;","lastModifiedDate":"2025-02-05","isFullCredit":false},{"lineNumber":4,"author":{"gitId":"Seethevon"},"content":"","lastModifiedDate":"2025-02-05","isFullCredit":false},{"lineNumber":5,"author":{"gitId":"Seethevon"},"content":"public class Ui {","lastModifiedDate":"2025-02-05","isFullCredit":false},{"lineNumber":6,"author":{"gitId":"Seethevon"},"content":"    public void showWelcome() {","lastModifiedDate":"2025-02-05","isFullCredit":false},{"lineNumber":7,"author":{"gitId":"Seethevon"},"content":"        System.out.println(\"____________________________________________________________\");","lastModifiedDate":"2025-02-05","isFullCredit":false},{"lineNumber":8,"author":{"gitId":"Seethevon"},"content":"        System.out.println(\"                           ≽^•⩊•^≼\");","lastModifiedDate":"2025-02-05","isFullCredit":false},{"lineNumber":9,"author":{"gitId":"Seethevon"},"content":"        System.out.println(\"       Meow. It\u0027s me Bibi.Bibi and I\u0027m back from the dead!\");","lastModifiedDate":"2025-02-05","isFullCredit":false},{"lineNumber":10,"author":{"gitId":"Seethevon"},"content":"        System.out.println(\"         Since I\u0027m no longer there to help you out.\");","lastModifiedDate":"2025-02-05","isFullCredit":false},{"lineNumber":11,"author":{"gitId":"Seethevon"},"content":"        System.out.println(\"          I will haunt you to do your work instead.\");","lastModifiedDate":"2025-02-05","isFullCredit":false},{"lineNumber":12,"author":{"gitId":"Seethevon"},"content":"        System.out.println(\"____________________________________________________________\");","lastModifiedDate":"2025-02-05","isFullCredit":false},{"lineNumber":13,"author":{"gitId":"Seethevon"},"content":"    }","lastModifiedDate":"2025-02-05","isFullCredit":false},{"lineNumber":14,"author":{"gitId":"Seethevon"},"content":"","lastModifiedDate":"2025-02-05","isFullCredit":false},{"lineNumber":15,"author":{"gitId":"Seethevon"},"content":"    public void showGoodbye() {","lastModifiedDate":"2025-02-05","isFullCredit":false},{"lineNumber":16,"author":{"gitId":"Seethevon"},"content":"        System.out.println(\"____________________________________________________________\");","lastModifiedDate":"2025-02-05","isFullCredit":false},{"lineNumber":17,"author":{"gitId":"Seethevon"},"content":"        System.out.println(\" Goodbye Owner. ˙◠˙\");","lastModifiedDate":"2025-02-05","isFullCredit":false},{"lineNumber":18,"author":{"gitId":"Seethevon"},"content":"        System.out.println(\"____________________________________________________________\");","lastModifiedDate":"2025-02-05","isFullCredit":false},{"lineNumber":19,"author":{"gitId":"Seethevon"},"content":"    }","lastModifiedDate":"2025-02-05","isFullCredit":false},{"lineNumber":20,"author":{"gitId":"Seethevon"},"content":"","lastModifiedDate":"2025-02-05","isFullCredit":false},{"lineNumber":21,"author":{"gitId":"Seethevon"},"content":"    public String readCommand(Scanner scanner) {","lastModifiedDate":"2025-02-05","isFullCredit":false},{"lineNumber":22,"author":{"gitId":"Seethevon"},"content":"        return scanner.nextLine();","lastModifiedDate":"2025-02-05","isFullCredit":false},{"lineNumber":23,"author":{"gitId":"Seethevon"},"content":"    }","lastModifiedDate":"2025-02-05","isFullCredit":false},{"lineNumber":24,"author":{"gitId":"Seethevon"},"content":"","lastModifiedDate":"2025-02-05","isFullCredit":false},{"lineNumber":25,"author":{"gitId":"Seethevon"},"content":"    public void showMessage(String message) {","lastModifiedDate":"2025-02-05","isFullCredit":false},{"lineNumber":26,"author":{"gitId":"Seethevon"},"content":"        System.out.println(\"____________________________________________________________\");","lastModifiedDate":"2025-02-05","isFullCredit":false},{"lineNumber":27,"author":{"gitId":"Seethevon"},"content":"        System.out.println(message);","lastModifiedDate":"2025-02-05","isFullCredit":false},{"lineNumber":28,"author":{"gitId":"Seethevon"},"content":"        System.out.println(\"____________________________________________________________\");","lastModifiedDate":"2025-02-05","isFullCredit":false},{"lineNumber":29,"author":{"gitId":"Seethevon"},"content":"    }","lastModifiedDate":"2025-02-05","isFullCredit":false},{"lineNumber":30,"author":{"gitId":"Seethevon"},"content":"}","lastModifiedDate":"2025-02-05","isFullCredit":false}],"authorContributionMap":{"Seethevon":30}},{"path":"src/test/java/Bibi/DeadlineTest.java","fileType":"java","lines":[{"lineNumber":1,"author":{"gitId":"Seethevon"},"content":"package Bibi;","lastModifiedDate":"2025-02-05","isFullCredit":false},{"lineNumber":2,"author":{"gitId":"Seethevon"},"content":"import org.junit.jupiter.api.Test;","lastModifiedDate":"2025-02-05","isFullCredit":false},{"lineNumber":3,"author":{"gitId":"Seethevon"},"content":"import static org.junit.jupiter.api.Assertions.assertEquals;","lastModifiedDate":"2025-02-05","isFullCredit":false},{"lineNumber":4,"author":{"gitId":"Seethevon"},"content":"import java.time.LocalDateTime;","lastModifiedDate":"2025-02-05","isFullCredit":false},{"lineNumber":5,"author":{"gitId":"Seethevon"},"content":"","lastModifiedDate":"2025-02-05","isFullCredit":false},{"lineNumber":6,"author":{"gitId":"Seethevon"},"content":"public class DeadlineTest {","lastModifiedDate":"2025-02-05","isFullCredit":false},{"lineNumber":7,"author":{"gitId":"Seethevon"},"content":"    @Test","lastModifiedDate":"2025-02-05","isFullCredit":false},{"lineNumber":8,"author":{"gitId":"Seethevon"},"content":"    public void testDeadlineToString() {","lastModifiedDate":"2025-02-05","isFullCredit":false},{"lineNumber":9,"author":{"gitId":"Seethevon"},"content":"        Deadline d \u003d new Deadline(\"submit assg0\", \"2025-02-10 2359\");","lastModifiedDate":"2025-02-05","isFullCredit":false},{"lineNumber":10,"author":{"gitId":"Seethevon"},"content":"        String expected \u003d \"[D][ ] submit assg0 (by: Feb 10 2025 2359)\";","lastModifiedDate":"2025-02-05","isFullCredit":false},{"lineNumber":11,"author":{"gitId":"Seethevon"},"content":"        assertEquals(expected, d.toString());","lastModifiedDate":"2025-02-05","isFullCredit":false},{"lineNumber":12,"author":{"gitId":"Seethevon"},"content":"    }","lastModifiedDate":"2025-02-05","isFullCredit":false},{"lineNumber":13,"author":{"gitId":"Seethevon"},"content":"","lastModifiedDate":"2025-02-05","isFullCredit":false},{"lineNumber":14,"author":{"gitId":"Seethevon"},"content":"    @Test","lastModifiedDate":"2025-02-05","isFullCredit":false},{"lineNumber":15,"author":{"gitId":"Seethevon"},"content":"    public void testGetBy() {","lastModifiedDate":"2025-02-05","isFullCredit":false},{"lineNumber":16,"author":{"gitId":"Seethevon"},"content":"        Deadline d \u003d new Deadline(\"submit assg0\", \"2025-03-15 1800\");","lastModifiedDate":"2025-02-05","isFullCredit":false},{"lineNumber":17,"author":{"gitId":"Seethevon"},"content":"        LocalDateTime expectedDate \u003d LocalDateTime.of(2025, 3, 15, 18, 0);","lastModifiedDate":"2025-02-05","isFullCredit":false},{"lineNumber":18,"author":{"gitId":"Seethevon"},"content":"        assertEquals(expectedDate, d.getBy());","lastModifiedDate":"2025-02-05","isFullCredit":false},{"lineNumber":19,"author":{"gitId":"Seethevon"},"content":"    }","lastModifiedDate":"2025-02-05","isFullCredit":false},{"lineNumber":20,"author":{"gitId":"Seethevon"},"content":"}","lastModifiedDate":"2025-02-05","isFullCredit":false}],"authorContributionMap":{"Seethevon":20}},{"path":"src/test/java/Bibi/ToDoTest.java","fileType":"java","lines":[{"lineNumber":1,"author":{"gitId":"Seethevon"},"content":"package Bibi;","lastModifiedDate":"2025-02-05","isFullCredit":false},{"lineNumber":2,"author":{"gitId":"Seethevon"},"content":"import org.junit.jupiter.api.Test;","lastModifiedDate":"2025-02-05","isFullCredit":false},{"lineNumber":3,"author":{"gitId":"Seethevon"},"content":"import static org.junit.jupiter.api.Assertions.assertEquals;","lastModifiedDate":"2025-02-05","isFullCredit":false},{"lineNumber":4,"author":{"gitId":"Seethevon"},"content":"","lastModifiedDate":"2025-02-05","isFullCredit":false},{"lineNumber":5,"author":{"gitId":"Seethevon"},"content":"public class ToDoTest {","lastModifiedDate":"2025-02-05","isFullCredit":false},{"lineNumber":6,"author":{"gitId":"Seethevon"},"content":"    @Test","lastModifiedDate":"2025-02-05","isFullCredit":false},{"lineNumber":7,"author":{"gitId":"Seethevon"},"content":"    public void testToDoString() {","lastModifiedDate":"2025-02-05","isFullCredit":false},{"lineNumber":8,"author":{"gitId":"Seethevon"},"content":"        Todo t \u003d new Todo(\"watch lecture\");","lastModifiedDate":"2025-02-05","isFullCredit":false},{"lineNumber":9,"author":{"gitId":"Seethevon"},"content":"        String expected \u003d \"[T][ ] watch lecture\";","lastModifiedDate":"2025-02-05","isFullCredit":false},{"lineNumber":10,"author":{"gitId":"Seethevon"},"content":"        assertEquals(expected, t.toString());","lastModifiedDate":"2025-02-05","isFullCredit":false},{"lineNumber":11,"author":{"gitId":"Seethevon"},"content":"    }","lastModifiedDate":"2025-02-05","isFullCredit":false},{"lineNumber":12,"author":{"gitId":"Seethevon"},"content":"","lastModifiedDate":"2025-02-05","isFullCredit":false},{"lineNumber":13,"author":{"gitId":"Seethevon"},"content":"    @Test","lastModifiedDate":"2025-02-05","isFullCredit":false},{"lineNumber":14,"author":{"gitId":"Seethevon"},"content":"    public void testToDoMarKDone() {","lastModifiedDate":"2025-02-05","isFullCredit":false},{"lineNumber":15,"author":{"gitId":"Seethevon"},"content":"        Todo t \u003d new Todo(\"go for a jog\");","lastModifiedDate":"2025-02-05","isFullCredit":false},{"lineNumber":16,"author":{"gitId":"Seethevon"},"content":"        t.markDone();","lastModifiedDate":"2025-02-05","isFullCredit":false},{"lineNumber":17,"author":{"gitId":"Seethevon"},"content":"        String expected \u003d \"[T][X] go for a jog\";","lastModifiedDate":"2025-02-05","isFullCredit":false},{"lineNumber":18,"author":{"gitId":"Seethevon"},"content":"        assertEquals(expected, t.toString());","lastModifiedDate":"2025-02-05","isFullCredit":false},{"lineNumber":19,"author":{"gitId":"Seethevon"},"content":"    }","lastModifiedDate":"2025-02-05","isFullCredit":false},{"lineNumber":20,"author":{"gitId":"Seethevon"},"content":"}","lastModifiedDate":"2025-02-05","isFullCredit":false}],"authorContributionMap":{"Seethevon":20}},{"path":"text-ui-test/input.txt","fileType":"txt","lines":[{"lineNumber":1,"author":{"gitId":"Seethevon"},"content":"todo finish week 2 ip","lastModifiedDate":"2025-01-24","isFullCredit":false},{"lineNumber":2,"author":{"gitId":"Seethevon"},"content":"deadline watch lecture recording /by Sunday","lastModifiedDate":"2025-01-24","isFullCredit":false},{"lineNumber":3,"author":{"gitId":"Seethevon"},"content":"event take a flight /from Mon 12pm /to 3pm","lastModifiedDate":"2025-01-24","isFullCredit":false},{"lineNumber":4,"author":{"gitId":"Seethevon"},"content":"list","lastModifiedDate":"2025-01-24","isFullCredit":false},{"lineNumber":5,"author":{"gitId":"Seethevon"},"content":"mark 2","lastModifiedDate":"2025-01-24","isFullCredit":false},{"lineNumber":6,"author":{"gitId":"Seethevon"},"content":"list","lastModifiedDate":"2025-01-24","isFullCredit":false},{"lineNumber":7,"author":{"gitId":"Seethevon"},"content":"bye","lastModifiedDate":"2025-01-24","isFullCredit":false}],"authorContributionMap":{"Seethevon":7}},{"path":"text-ui-test/runtest.bat","fileType":"bat","lines":[{"lineNumber":1,"author":{"gitId":"-"},"content":"@ECHO OFF","lastModifiedDate":"2020-05-25","isFullCredit":false},{"lineNumber":2,"author":{"gitId":"-"},"content":"","lastModifiedDate":"2020-05-25","isFullCredit":false},{"lineNumber":3,"author":{"gitId":"-"},"content":"REM create bin directory if it doesn\u0027t exist","lastModifiedDate":"2020-05-25","isFullCredit":false},{"lineNumber":4,"author":{"gitId":"-"},"content":"if not exist ..\\bin mkdir ..\\bin","lastModifiedDate":"2020-05-25","isFullCredit":false},{"lineNumber":5,"author":{"gitId":"-"},"content":"","lastModifiedDate":"2020-05-25","isFullCredit":false},{"lineNumber":6,"author":{"gitId":"-"},"content":"REM delete output from previous run","lastModifiedDate":"2020-05-25","isFullCredit":false},{"lineNumber":7,"author":{"gitId":"-"},"content":"if exist ACTUAL.TXT del ACTUAL.TXT","lastModifiedDate":"2020-08-25","isFullCredit":false},{"lineNumber":8,"author":{"gitId":"-"},"content":"","lastModifiedDate":"2020-05-25","isFullCredit":false},{"lineNumber":9,"author":{"gitId":"-"},"content":"REM compile the code into the bin folder","lastModifiedDate":"2020-05-25","isFullCredit":false},{"lineNumber":10,"author":{"gitId":"-"},"content":"javac  -cp ..\\src\\main\\java -Xlint:none -d ..\\bin ..\\src\\main\\java\\*.java","lastModifiedDate":"2020-08-25","isFullCredit":false},{"lineNumber":11,"author":{"gitId":"-"},"content":"IF ERRORLEVEL 1 (","lastModifiedDate":"2020-05-25","isFullCredit":false},{"lineNumber":12,"author":{"gitId":"-"},"content":"    echo ********** BUILD FAILURE **********","lastModifiedDate":"2020-05-25","isFullCredit":false},{"lineNumber":13,"author":{"gitId":"-"},"content":"    exit /b 1","lastModifiedDate":"2020-05-25","isFullCredit":false},{"lineNumber":14,"author":{"gitId":"-"},"content":")","lastModifiedDate":"2020-05-25","isFullCredit":false},{"lineNumber":15,"author":{"gitId":"-"},"content":"REM no error here, errorlevel \u003d\u003d 0","lastModifiedDate":"2020-05-25","isFullCredit":false},{"lineNumber":16,"author":{"gitId":"-"},"content":"","lastModifiedDate":"2020-05-25","isFullCredit":false},{"lineNumber":17,"author":{"gitId":"-"},"content":"REM run the program, feed commands from input.txt file and redirect the output to the ACTUAL.TXT","lastModifiedDate":"2020-05-25","isFullCredit":false},{"lineNumber":18,"author":{"gitId":"Seethevon"},"content":"java -classpath ..\\bin Bibi.Bibi \u003c input.txt \u003e ACTUAL.TXT","lastModifiedDate":"2025-02-05","isFullCredit":false},{"lineNumber":19,"author":{"gitId":"-"},"content":"","lastModifiedDate":"2020-05-25","isFullCredit":false},{"lineNumber":20,"author":{"gitId":"-"},"content":"REM compare the output to the expected output","lastModifiedDate":"2020-05-25","isFullCredit":false},{"lineNumber":21,"author":{"gitId":"-"},"content":"FC ACTUAL.TXT EXPECTED.TXT","lastModifiedDate":"2020-05-25","isFullCredit":false}],"authorContributionMap":{"Seethevon":1,"-":20}}]
