[{"path":"src/main/java/AbuHurairah.java","fileType":"java","lines":[{"lineNumber":1,"author":{"gitId":"heyitssakinah"},"content":"import java.util.ArrayList;","lastModifiedDate":"2025-01-26","isFullCredit":false},{"lineNumber":2,"author":{"gitId":"heyitssakinah"},"content":"import java.util.Scanner;","lastModifiedDate":"2025-01-26","isFullCredit":false},{"lineNumber":3,"author":{"gitId":"heyitssakinah"},"content":"import java.util.Arrays;","lastModifiedDate":"2025-01-26","isFullCredit":false},{"lineNumber":4,"author":{"gitId":"heyitssakinah"},"content":"","lastModifiedDate":"2025-01-25","isFullCredit":false},{"lineNumber":5,"author":{"gitId":"heyitssakinah"},"content":"public class AbuHurairah {","lastModifiedDate":"2025-01-25","isFullCredit":false},{"lineNumber":6,"author":{"gitId":"heyitssakinah"},"content":"","lastModifiedDate":"2025-01-26","isFullCredit":false},{"lineNumber":7,"author":{"gitId":"heyitssakinah"},"content":"  static String NAME \u003d \"Abu Hurairah\";","lastModifiedDate":"2025-01-25","isFullCredit":false},{"lineNumber":8,"author":{"gitId":"heyitssakinah"},"content":"  static String LINE \u003d","lastModifiedDate":"2025-01-26","isFullCredit":false},{"lineNumber":9,"author":{"gitId":"heyitssakinah"},"content":"    \"    ____________________________________________________________\";","lastModifiedDate":"2025-01-26","isFullCredit":false},{"lineNumber":10,"author":{"gitId":"heyitssakinah"},"content":"  public static enum Req {","lastModifiedDate":"2025-01-26","isFullCredit":false},{"lineNumber":11,"author":{"gitId":"heyitssakinah"},"content":"    MARK, UNMARK, EVENT, DEADLINE, TODO, LIST, BYE;","lastModifiedDate":"2025-01-26","isFullCredit":false},{"lineNumber":12,"author":{"gitId":"heyitssakinah"},"content":"  }","lastModifiedDate":"2025-01-26","isFullCredit":false},{"lineNumber":13,"author":{"gitId":"heyitssakinah"},"content":"","lastModifiedDate":"2025-01-25","isFullCredit":false},{"lineNumber":14,"author":{"gitId":"heyitssakinah"},"content":"  public static void serve(String s) {","lastModifiedDate":"2025-01-26","isFullCredit":false},{"lineNumber":15,"author":{"gitId":"heyitssakinah"},"content":"    System.out.println(s);","lastModifiedDate":"2025-01-26","isFullCredit":false},{"lineNumber":16,"author":{"gitId":"heyitssakinah"},"content":"  }","lastModifiedDate":"2025-01-26","isFullCredit":false},{"lineNumber":17,"author":{"gitId":"heyitssakinah"},"content":"","lastModifiedDate":"2025-01-25","isFullCredit":false},{"lineNumber":18,"author":{"gitId":"heyitssakinah"},"content":"  public static void serveRequestBack(String s, Task task, int i) {","lastModifiedDate":"2025-01-26","isFullCredit":false},{"lineNumber":19,"author":{"gitId":"heyitssakinah"},"content":"    serve(s + \"\\n       \" + task.toString() +","lastModifiedDate":"2025-01-26","isFullCredit":false},{"lineNumber":20,"author":{"gitId":"heyitssakinah"},"content":"            \"\\n     \" + i + \" tasks left love.\\n\" + LINE + \"\\n\");","lastModifiedDate":"2025-01-26","isFullCredit":false},{"lineNumber":21,"author":{"gitId":"heyitssakinah"},"content":"  }","lastModifiedDate":"2025-01-26","isFullCredit":false},{"lineNumber":22,"author":{"gitId":"heyitssakinah"},"content":"","lastModifiedDate":"2025-01-26","isFullCredit":false},{"lineNumber":23,"author":{"gitId":"heyitssakinah"},"content":"  public static class MissingDescriptionException extends Exception {","lastModifiedDate":"2025-01-26","isFullCredit":false},{"lineNumber":24,"author":{"gitId":"heyitssakinah"},"content":"    public MissingDescriptionException() {","lastModifiedDate":"2025-01-26","isFullCredit":false},{"lineNumber":25,"author":{"gitId":"heyitssakinah"},"content":"      super(\"you\u0027re likely missing a request description\");","lastModifiedDate":"2025-01-26","isFullCredit":false},{"lineNumber":26,"author":{"gitId":"heyitssakinah"},"content":"    }","lastModifiedDate":"2025-01-26","isFullCredit":false},{"lineNumber":27,"author":{"gitId":"heyitssakinah"},"content":"  }","lastModifiedDate":"2025-01-26","isFullCredit":false},{"lineNumber":28,"author":{"gitId":"heyitssakinah"},"content":"","lastModifiedDate":"2025-01-26","isFullCredit":false},{"lineNumber":29,"author":{"gitId":"heyitssakinah"},"content":"  public static void main(String[] args) {","lastModifiedDate":"2025-01-25","isFullCredit":false},{"lineNumber":30,"author":{"gitId":"heyitssakinah"},"content":"    // Welcome prompt","lastModifiedDate":"2025-01-25","isFullCredit":false},{"lineNumber":31,"author":{"gitId":"heyitssakinah"},"content":"    serve(","lastModifiedDate":"2025-01-26","isFullCredit":false},{"lineNumber":32,"author":{"gitId":"heyitssakinah"},"content":"      LINE +","lastModifiedDate":"2025-01-26","isFullCredit":false},{"lineNumber":33,"author":{"gitId":"heyitssakinah"},"content":"      \"\\n\" +","lastModifiedDate":"2025-01-26","isFullCredit":false},{"lineNumber":34,"author":{"gitId":"heyitssakinah"},"content":"      \"     Assalamualaikum! I\u0027m \" +","lastModifiedDate":"2025-01-26","isFullCredit":false},{"lineNumber":35,"author":{"gitId":"heyitssakinah"},"content":"      NAME +","lastModifiedDate":"2025-01-26","isFullCredit":false},{"lineNumber":36,"author":{"gitId":"heyitssakinah"},"content":"      \"\\n\" +","lastModifiedDate":"2025-01-26","isFullCredit":false},{"lineNumber":37,"author":{"gitId":"heyitssakinah"},"content":"      \"     What can I do for you?\\n\" +","lastModifiedDate":"2025-01-26","isFullCredit":false},{"lineNumber":38,"author":{"gitId":"heyitssakinah"},"content":"      LINE +","lastModifiedDate":"2025-01-26","isFullCredit":false},{"lineNumber":39,"author":{"gitId":"heyitssakinah"},"content":"      \"\\n\"","lastModifiedDate":"2025-01-26","isFullCredit":false},{"lineNumber":40,"author":{"gitId":"heyitssakinah"},"content":"    );","lastModifiedDate":"2025-01-26","isFullCredit":false},{"lineNumber":41,"author":{"gitId":"heyitssakinah"},"content":"","lastModifiedDate":"2025-01-26","isFullCredit":false},{"lineNumber":42,"author":{"gitId":"heyitssakinah"},"content":"    ArrayList\u003cTask\u003e list \u003d new ArrayList\u003c\u003e();","lastModifiedDate":"2025-01-26","isFullCredit":false},{"lineNumber":43,"author":{"gitId":"heyitssakinah"},"content":"    int unDoneCount \u003d 0;","lastModifiedDate":"2025-01-26","isFullCredit":false},{"lineNumber":44,"author":{"gitId":"heyitssakinah"},"content":"    // Get request","lastModifiedDate":"2025-01-26","isFullCredit":false},{"lineNumber":45,"author":{"gitId":"heyitssakinah"},"content":"    Scanner input \u003d new Scanner(System.in);","lastModifiedDate":"2025-01-25","isFullCredit":false},{"lineNumber":46,"author":{"gitId":"heyitssakinah"},"content":"    String regex \u003d \"[[\\\\[X]\\\\]]\";","lastModifiedDate":"2025-01-26","isFullCredit":false},{"lineNumber":47,"author":{"gitId":"heyitssakinah"},"content":"    while (true) {","lastModifiedDate":"2025-01-25","isFullCredit":false},{"lineNumber":48,"author":{"gitId":"heyitssakinah"},"content":"      String request \u003d input.nextLine();","lastModifiedDate":"2025-01-25","isFullCredit":false},{"lineNumber":49,"author":{"gitId":"heyitssakinah"},"content":"      if (request.equalsIgnoreCase(Req.BYE.toString())) {","lastModifiedDate":"2025-01-26","isFullCredit":false},{"lineNumber":50,"author":{"gitId":"heyitssakinah"},"content":"        serve(LINE + \"\\n     Hope to see you again soon!\\n\" + LINE + \"\\n\");","lastModifiedDate":"2025-01-26","isFullCredit":false},{"lineNumber":51,"author":{"gitId":"heyitssakinah"},"content":"        break;","lastModifiedDate":"2025-01-25","isFullCredit":false},{"lineNumber":52,"author":{"gitId":"heyitssakinah"},"content":"      } else {","lastModifiedDate":"2025-01-26","isFullCredit":false},{"lineNumber":53,"author":{"gitId":"heyitssakinah"},"content":"        serve(LINE);","lastModifiedDate":"2025-01-26","isFullCredit":false},{"lineNumber":54,"author":{"gitId":"heyitssakinah"},"content":"        Task task;","lastModifiedDate":"2025-01-26","isFullCredit":false},{"lineNumber":55,"author":{"gitId":"heyitssakinah"},"content":"        try {","lastModifiedDate":"2025-01-26","isFullCredit":false},{"lineNumber":56,"author":{"gitId":"heyitssakinah"},"content":"          String[] requestArgsArr \u003d request.split(\" \");","lastModifiedDate":"2025-01-26","isFullCredit":false},{"lineNumber":57,"author":{"gitId":"heyitssakinah"},"content":"          String reqType \u003d requestArgsArr[0].toUpperCase();","lastModifiedDate":"2025-01-26","isFullCredit":false},{"lineNumber":58,"author":{"gitId":"heyitssakinah"},"content":"          String reqArgsString \u003d String.join(\" \", Arrays.asList(requestArgsArr).","lastModifiedDate":"2025-01-26","isFullCredit":false},{"lineNumber":59,"author":{"gitId":"heyitssakinah"},"content":"                  subList(1, requestArgsArr.length));","lastModifiedDate":"2025-01-26","isFullCredit":false},{"lineNumber":60,"author":{"gitId":"heyitssakinah"},"content":"          if (requestArgsArr.length \u003c\u003d 1 \u0026\u0026 !reqType.equalsIgnoreCase(Req.LIST.toString())) {","lastModifiedDate":"2025-01-26","isFullCredit":false},{"lineNumber":61,"author":{"gitId":"heyitssakinah"},"content":"            throw new MissingDescriptionException();","lastModifiedDate":"2025-01-26","isFullCredit":false},{"lineNumber":62,"author":{"gitId":"heyitssakinah"},"content":"          }","lastModifiedDate":"2025-01-26","isFullCredit":false},{"lineNumber":63,"author":{"gitId":"heyitssakinah"},"content":"          Req reqTypeEnum \u003d Req.valueOf(reqType.toUpperCase());","lastModifiedDate":"2025-01-26","isFullCredit":false},{"lineNumber":64,"author":{"gitId":"heyitssakinah"},"content":"          switch (reqTypeEnum) {","lastModifiedDate":"2025-01-26","isFullCredit":false},{"lineNumber":65,"author":{"gitId":"heyitssakinah"},"content":"            case LIST:","lastModifiedDate":"2025-01-26","isFullCredit":false},{"lineNumber":66,"author":{"gitId":"heyitssakinah"},"content":"              if(list.size() \u003d\u003d 0) {","lastModifiedDate":"2025-01-26","isFullCredit":false},{"lineNumber":67,"author":{"gitId":"heyitssakinah"},"content":"                serve(\"     No new tasks, YAY\");","lastModifiedDate":"2025-01-26","isFullCredit":false},{"lineNumber":68,"author":{"gitId":"heyitssakinah"},"content":"                serve(LINE + \"\\n\");","lastModifiedDate":"2025-01-26","isFullCredit":false},{"lineNumber":69,"author":{"gitId":"heyitssakinah"},"content":"                break;","lastModifiedDate":"2025-01-26","isFullCredit":false},{"lineNumber":70,"author":{"gitId":"heyitssakinah"},"content":"              }","lastModifiedDate":"2025-01-26","isFullCredit":false},{"lineNumber":71,"author":{"gitId":"heyitssakinah"},"content":"              serve(\"     That\u0027s a lot of things to do...\");","lastModifiedDate":"2025-01-26","isFullCredit":false},{"lineNumber":72,"author":{"gitId":"heyitssakinah"},"content":"              for (int i \u003d 0; i \u003c list.size(); i++) {","lastModifiedDate":"2025-01-26","isFullCredit":false},{"lineNumber":73,"author":{"gitId":"heyitssakinah"},"content":"                serve(\"      \" + (i + 1) + \".\" + list.get(i).toString());","lastModifiedDate":"2025-01-26","isFullCredit":false},{"lineNumber":74,"author":{"gitId":"heyitssakinah"},"content":"              }","lastModifiedDate":"2025-01-26","isFullCredit":false},{"lineNumber":75,"author":{"gitId":"heyitssakinah"},"content":"              serve(LINE + \"\\n\");","lastModifiedDate":"2025-01-26","isFullCredit":false},{"lineNumber":76,"author":{"gitId":"heyitssakinah"},"content":"              break;","lastModifiedDate":"2025-01-26","isFullCredit":false},{"lineNumber":77,"author":{"gitId":"heyitssakinah"},"content":"            case MARK:","lastModifiedDate":"2025-01-26","isFullCredit":false},{"lineNumber":78,"author":{"gitId":"heyitssakinah"},"content":"              int index \u003d Integer.parseInt(reqArgsString);","lastModifiedDate":"2025-01-26","isFullCredit":false},{"lineNumber":79,"author":{"gitId":"heyitssakinah"},"content":"              task \u003d list.get(index - 1);","lastModifiedDate":"2025-01-26","isFullCredit":false},{"lineNumber":80,"author":{"gitId":"heyitssakinah"},"content":"              if (task.isComplete()) {","lastModifiedDate":"2025-01-26","isFullCredit":false},{"lineNumber":81,"author":{"gitId":"heyitssakinah"},"content":"                serve(\"Task already marked as completed\");","lastModifiedDate":"2025-01-26","isFullCredit":false},{"lineNumber":82,"author":{"gitId":"heyitssakinah"},"content":"                break;","lastModifiedDate":"2025-01-26","isFullCredit":false},{"lineNumber":83,"author":{"gitId":"heyitssakinah"},"content":"              } else {","lastModifiedDate":"2025-01-26","isFullCredit":false},{"lineNumber":84,"author":{"gitId":"heyitssakinah"},"content":"                task.setComplete(true);","lastModifiedDate":"2025-01-26","isFullCredit":false},{"lineNumber":85,"author":{"gitId":"heyitssakinah"},"content":"                unDoneCount--;","lastModifiedDate":"2025-01-26","isFullCredit":false},{"lineNumber":86,"author":{"gitId":"heyitssakinah"},"content":"                serveRequestBack(\"     Alhamdulillah one down\", task, unDoneCount);","lastModifiedDate":"2025-01-26","isFullCredit":false},{"lineNumber":87,"author":{"gitId":"heyitssakinah"},"content":"              }","lastModifiedDate":"2025-01-26","isFullCredit":false},{"lineNumber":88,"author":{"gitId":"heyitssakinah"},"content":"              break;","lastModifiedDate":"2025-01-26","isFullCredit":false},{"lineNumber":89,"author":{"gitId":"heyitssakinah"},"content":"            case UNMARK:","lastModifiedDate":"2025-01-26","isFullCredit":false},{"lineNumber":90,"author":{"gitId":"heyitssakinah"},"content":"              index \u003d Integer.parseInt(reqArgsString);","lastModifiedDate":"2025-01-26","isFullCredit":false},{"lineNumber":91,"author":{"gitId":"heyitssakinah"},"content":"              task \u003d list.get(index - 1);","lastModifiedDate":"2025-01-26","isFullCredit":false},{"lineNumber":92,"author":{"gitId":"heyitssakinah"},"content":"              if (!task.isComplete()) {","lastModifiedDate":"2025-01-26","isFullCredit":false},{"lineNumber":93,"author":{"gitId":"heyitssakinah"},"content":"                serve(\"Task already marked as not completed\");","lastModifiedDate":"2025-01-26","isFullCredit":false},{"lineNumber":94,"author":{"gitId":"heyitssakinah"},"content":"                 break;","lastModifiedDate":"2025-01-26","isFullCredit":false},{"lineNumber":95,"author":{"gitId":"heyitssakinah"},"content":"              } else {","lastModifiedDate":"2025-01-26","isFullCredit":false},{"lineNumber":96,"author":{"gitId":"heyitssakinah"},"content":"                task.setComplete(false);","lastModifiedDate":"2025-01-26","isFullCredit":false},{"lineNumber":97,"author":{"gitId":"heyitssakinah"},"content":"                unDoneCount--;","lastModifiedDate":"2025-01-26","isFullCredit":false},{"lineNumber":98,"author":{"gitId":"heyitssakinah"},"content":"                serveRequestBack(\"     Verily with hardship comes ease\", task, unDoneCount);","lastModifiedDate":"2025-01-26","isFullCredit":false},{"lineNumber":99,"author":{"gitId":"heyitssakinah"},"content":"              }","lastModifiedDate":"2025-01-26","isFullCredit":false},{"lineNumber":100,"author":{"gitId":"heyitssakinah"},"content":"              break;","lastModifiedDate":"2025-01-26","isFullCredit":false},{"lineNumber":101,"author":{"gitId":"heyitssakinah"},"content":"            case EVENT:","lastModifiedDate":"2025-01-26","isFullCredit":false},{"lineNumber":102,"author":{"gitId":"heyitssakinah"},"content":"              task \u003d new Event(reqArgsString.split(\"/from\")[0], reqArgsString.split(\"/from\")[1].split(\"/to\")[0],","lastModifiedDate":"2025-01-26","isFullCredit":false},{"lineNumber":103,"author":{"gitId":"heyitssakinah"},"content":"                      reqArgsString.split(\"/to\")[1]);","lastModifiedDate":"2025-01-26","isFullCredit":false},{"lineNumber":104,"author":{"gitId":"heyitssakinah"},"content":"              list.add(task);","lastModifiedDate":"2025-01-26","isFullCredit":false},{"lineNumber":105,"author":{"gitId":"heyitssakinah"},"content":"              unDoneCount++;","lastModifiedDate":"2025-01-26","isFullCredit":false},{"lineNumber":106,"author":{"gitId":"heyitssakinah"},"content":"              serveRequestBack(\"     Sure thing, I\u0027ve added this task:\", task, unDoneCount);","lastModifiedDate":"2025-01-26","isFullCredit":false},{"lineNumber":107,"author":{"gitId":"heyitssakinah"},"content":"              break;","lastModifiedDate":"2025-01-26","isFullCredit":false},{"lineNumber":108,"author":{"gitId":"heyitssakinah"},"content":"            case DEADLINE:","lastModifiedDate":"2025-01-26","isFullCredit":false},{"lineNumber":109,"author":{"gitId":"heyitssakinah"},"content":"              task \u003d new Deadline(reqArgsString.split(\"/by\")[0], reqArgsString.split(\"/by\")[1]);","lastModifiedDate":"2025-01-26","isFullCredit":false},{"lineNumber":110,"author":{"gitId":"heyitssakinah"},"content":"              list.add(task);","lastModifiedDate":"2025-01-26","isFullCredit":false},{"lineNumber":111,"author":{"gitId":"heyitssakinah"},"content":"              unDoneCount++;","lastModifiedDate":"2025-01-26","isFullCredit":false},{"lineNumber":112,"author":{"gitId":"heyitssakinah"},"content":"              serveRequestBack(\"     Sure thing, I\u0027ve added this task:\", task, unDoneCount);","lastModifiedDate":"2025-01-26","isFullCredit":false},{"lineNumber":113,"author":{"gitId":"heyitssakinah"},"content":"              break;","lastModifiedDate":"2025-01-26","isFullCredit":false},{"lineNumber":114,"author":{"gitId":"heyitssakinah"},"content":"            case TODO:","lastModifiedDate":"2025-01-26","isFullCredit":false},{"lineNumber":115,"author":{"gitId":"heyitssakinah"},"content":"              task \u003d new Todo(reqArgsString);","lastModifiedDate":"2025-01-26","isFullCredit":false},{"lineNumber":116,"author":{"gitId":"heyitssakinah"},"content":"              list.add(task);","lastModifiedDate":"2025-01-26","isFullCredit":false},{"lineNumber":117,"author":{"gitId":"heyitssakinah"},"content":"              unDoneCount++;","lastModifiedDate":"2025-01-26","isFullCredit":false},{"lineNumber":118,"author":{"gitId":"heyitssakinah"},"content":"              serveRequestBack(\"     Sure thing, I\u0027ve added this task:\", task, unDoneCount);","lastModifiedDate":"2025-01-26","isFullCredit":false},{"lineNumber":119,"author":{"gitId":"heyitssakinah"},"content":"              break;","lastModifiedDate":"2025-01-26","isFullCredit":false},{"lineNumber":120,"author":{"gitId":"heyitssakinah"},"content":"            default:","lastModifiedDate":"2025-01-26","isFullCredit":false},{"lineNumber":121,"author":{"gitId":"heyitssakinah"},"content":"          }","lastModifiedDate":"2025-01-26","isFullCredit":false},{"lineNumber":122,"author":{"gitId":"heyitssakinah"},"content":"        } catch (IllegalArgumentException e) {","lastModifiedDate":"2025-01-26","isFullCredit":false},{"lineNumber":123,"author":{"gitId":"heyitssakinah"},"content":"          serve(\"     Please use one of the following commands:\\n\" +","lastModifiedDate":"2025-01-26","isFullCredit":false},{"lineNumber":124,"author":{"gitId":"heyitssakinah"},"content":"                  \"     list, mark, unmark, event, deadline, todo.\\n\" + LINE + \"\\n\");","lastModifiedDate":"2025-01-26","isFullCredit":false},{"lineNumber":125,"author":{"gitId":"heyitssakinah"},"content":"        } catch (ArrayIndexOutOfBoundsException e) {","lastModifiedDate":"2025-01-26","isFullCredit":false},{"lineNumber":126,"author":{"gitId":"heyitssakinah"},"content":"          serve(\"     You\u0027ve inputted an invalid description for this task,\\n\" +","lastModifiedDate":"2025-01-26","isFullCredit":false},{"lineNumber":127,"author":{"gitId":"heyitssakinah"},"content":"                  \"     please consult the docs.\\n\" + LINE + \"\\n\");","lastModifiedDate":"2025-01-26","isFullCredit":false},{"lineNumber":128,"author":{"gitId":"heyitssakinah"},"content":"        } catch (MissingDescriptionException e) {","lastModifiedDate":"2025-01-26","isFullCredit":false},{"lineNumber":129,"author":{"gitId":"heyitssakinah"},"content":"          serve(\"     You\u0027re missing a request description.\\n\" + LINE + \"\\n\");","lastModifiedDate":"2025-01-26","isFullCredit":false},{"lineNumber":130,"author":{"gitId":"heyitssakinah"},"content":"        } catch (IndexOutOfBoundsException e) {","lastModifiedDate":"2025-01-26","isFullCredit":false},{"lineNumber":131,"author":{"gitId":"heyitssakinah"},"content":"          serve(\"     Your item doesn\u0027t...exist....\\n\" + LINE + \"\\n\");","lastModifiedDate":"2025-01-26","isFullCredit":false},{"lineNumber":132,"author":{"gitId":"heyitssakinah"},"content":"        }","lastModifiedDate":"2025-01-26","isFullCredit":false},{"lineNumber":133,"author":{"gitId":"heyitssakinah"},"content":"      }","lastModifiedDate":"2025-01-25","isFullCredit":false},{"lineNumber":134,"author":{"gitId":"heyitssakinah"},"content":"    }","lastModifiedDate":"2025-01-25","isFullCredit":false},{"lineNumber":135,"author":{"gitId":"heyitssakinah"},"content":"  }","lastModifiedDate":"2025-01-25","isFullCredit":false},{"lineNumber":136,"author":{"gitId":"heyitssakinah"},"content":"}","lastModifiedDate":"2025-01-25","isFullCredit":false}],"authorContributionMap":{"heyitssakinah":136}},{"path":"src/main/java/Deadline.java","fileType":"java","lines":[{"lineNumber":1,"author":{"gitId":"heyitssakinah"},"content":"public class Deadline extends Task {","lastModifiedDate":"2025-01-26","isFullCredit":false},{"lineNumber":2,"author":{"gitId":"heyitssakinah"},"content":"    private String by;","lastModifiedDate":"2025-01-26","isFullCredit":false},{"lineNumber":3,"author":{"gitId":"heyitssakinah"},"content":"","lastModifiedDate":"2025-01-26","isFullCredit":false},{"lineNumber":4,"author":{"gitId":"heyitssakinah"},"content":"    public Deadline(String description, String by) {","lastModifiedDate":"2025-01-26","isFullCredit":false},{"lineNumber":5,"author":{"gitId":"heyitssakinah"},"content":"        super(description);","lastModifiedDate":"2025-01-26","isFullCredit":false},{"lineNumber":6,"author":{"gitId":"heyitssakinah"},"content":"        this.by \u003d by;","lastModifiedDate":"2025-01-26","isFullCredit":false},{"lineNumber":7,"author":{"gitId":"heyitssakinah"},"content":"    }","lastModifiedDate":"2025-01-26","isFullCredit":false},{"lineNumber":8,"author":{"gitId":"heyitssakinah"},"content":"","lastModifiedDate":"2025-01-26","isFullCredit":false},{"lineNumber":9,"author":{"gitId":"heyitssakinah"},"content":"    @Override","lastModifiedDate":"2025-01-26","isFullCredit":false},{"lineNumber":10,"author":{"gitId":"heyitssakinah"},"content":"    public String toString() {","lastModifiedDate":"2025-01-26","isFullCredit":false},{"lineNumber":11,"author":{"gitId":"heyitssakinah"},"content":"        return \"[D]\" + super.toString() + \"(by:\" + this.by + \")\";","lastModifiedDate":"2025-01-26","isFullCredit":false},{"lineNumber":12,"author":{"gitId":"heyitssakinah"},"content":"    }","lastModifiedDate":"2025-01-26","isFullCredit":false},{"lineNumber":13,"author":{"gitId":"heyitssakinah"},"content":"}","lastModifiedDate":"2025-01-26","isFullCredit":false}],"authorContributionMap":{"heyitssakinah":13}},{"path":"src/main/java/Event.java","fileType":"java","lines":[{"lineNumber":1,"author":{"gitId":"heyitssakinah"},"content":"public class Event extends Task {","lastModifiedDate":"2025-01-26","isFullCredit":false},{"lineNumber":2,"author":{"gitId":"heyitssakinah"},"content":"    private String start;","lastModifiedDate":"2025-01-26","isFullCredit":false},{"lineNumber":3,"author":{"gitId":"heyitssakinah"},"content":"    private String end;","lastModifiedDate":"2025-01-26","isFullCredit":false},{"lineNumber":4,"author":{"gitId":"heyitssakinah"},"content":"","lastModifiedDate":"2025-01-26","isFullCredit":false},{"lineNumber":5,"author":{"gitId":"heyitssakinah"},"content":"    public Event(String description, String start, String end) {","lastModifiedDate":"2025-01-26","isFullCredit":false},{"lineNumber":6,"author":{"gitId":"heyitssakinah"},"content":"        super(description);","lastModifiedDate":"2025-01-26","isFullCredit":false},{"lineNumber":7,"author":{"gitId":"heyitssakinah"},"content":"        this.start \u003d start;","lastModifiedDate":"2025-01-26","isFullCredit":false},{"lineNumber":8,"author":{"gitId":"heyitssakinah"},"content":"        this.end \u003d end;","lastModifiedDate":"2025-01-26","isFullCredit":false},{"lineNumber":9,"author":{"gitId":"heyitssakinah"},"content":"    }","lastModifiedDate":"2025-01-26","isFullCredit":false},{"lineNumber":10,"author":{"gitId":"heyitssakinah"},"content":"","lastModifiedDate":"2025-01-26","isFullCredit":false},{"lineNumber":11,"author":{"gitId":"heyitssakinah"},"content":"    @Override","lastModifiedDate":"2025-01-26","isFullCredit":false},{"lineNumber":12,"author":{"gitId":"heyitssakinah"},"content":"    public String toString() {","lastModifiedDate":"2025-01-26","isFullCredit":false},{"lineNumber":13,"author":{"gitId":"heyitssakinah"},"content":"        return \"[E]\" + super.toString() + \"(from:\" + this.start + \"to:\" + this.end + \")\";","lastModifiedDate":"2025-01-26","isFullCredit":false},{"lineNumber":14,"author":{"gitId":"heyitssakinah"},"content":"    }","lastModifiedDate":"2025-01-26","isFullCredit":false},{"lineNumber":15,"author":{"gitId":"heyitssakinah"},"content":"}","lastModifiedDate":"2025-01-26","isFullCredit":false}],"authorContributionMap":{"heyitssakinah":15}},{"path":"src/main/java/Task.java","fileType":"java","lines":[{"lineNumber":1,"author":{"gitId":"heyitssakinah"},"content":"public abstract class Task {","lastModifiedDate":"2025-01-26","isFullCredit":false},{"lineNumber":2,"author":{"gitId":"heyitssakinah"},"content":"    private String description;","lastModifiedDate":"2025-01-26","isFullCredit":false},{"lineNumber":3,"author":{"gitId":"heyitssakinah"},"content":"    private boolean complete;","lastModifiedDate":"2025-01-26","isFullCredit":false},{"lineNumber":4,"author":{"gitId":"heyitssakinah"},"content":"","lastModifiedDate":"2025-01-26","isFullCredit":false},{"lineNumber":5,"author":{"gitId":"heyitssakinah"},"content":"    public Task(String description) {","lastModifiedDate":"2025-01-26","isFullCredit":false},{"lineNumber":6,"author":{"gitId":"heyitssakinah"},"content":"        this.description \u003d description;","lastModifiedDate":"2025-01-26","isFullCredit":false},{"lineNumber":7,"author":{"gitId":"heyitssakinah"},"content":"        this.complete \u003d false;","lastModifiedDate":"2025-01-26","isFullCredit":false},{"lineNumber":8,"author":{"gitId":"heyitssakinah"},"content":"    }","lastModifiedDate":"2025-01-26","isFullCredit":false},{"lineNumber":9,"author":{"gitId":"heyitssakinah"},"content":"","lastModifiedDate":"2025-01-26","isFullCredit":false},{"lineNumber":10,"author":{"gitId":"heyitssakinah"},"content":"    public void setComplete(boolean complete) {","lastModifiedDate":"2025-01-26","isFullCredit":false},{"lineNumber":11,"author":{"gitId":"heyitssakinah"},"content":"        this.complete \u003d complete;","lastModifiedDate":"2025-01-26","isFullCredit":false},{"lineNumber":12,"author":{"gitId":"heyitssakinah"},"content":"    }","lastModifiedDate":"2025-01-26","isFullCredit":false},{"lineNumber":13,"author":{"gitId":"heyitssakinah"},"content":"","lastModifiedDate":"2025-01-26","isFullCredit":false},{"lineNumber":14,"author":{"gitId":"heyitssakinah"},"content":"    public boolean isComplete() {","lastModifiedDate":"2025-01-26","isFullCredit":false},{"lineNumber":15,"author":{"gitId":"heyitssakinah"},"content":"        return complete;","lastModifiedDate":"2025-01-26","isFullCredit":false},{"lineNumber":16,"author":{"gitId":"heyitssakinah"},"content":"    }","lastModifiedDate":"2025-01-26","isFullCredit":false},{"lineNumber":17,"author":{"gitId":"heyitssakinah"},"content":"","lastModifiedDate":"2025-01-26","isFullCredit":false},{"lineNumber":18,"author":{"gitId":"heyitssakinah"},"content":"    public String toString() {","lastModifiedDate":"2025-01-26","isFullCredit":false},{"lineNumber":19,"author":{"gitId":"heyitssakinah"},"content":"        return complete ? \"[X] \" + description : \"[ ] \" + description;","lastModifiedDate":"2025-01-26","isFullCredit":false},{"lineNumber":20,"author":{"gitId":"heyitssakinah"},"content":"    }","lastModifiedDate":"2025-01-26","isFullCredit":false},{"lineNumber":21,"author":{"gitId":"heyitssakinah"},"content":"}","lastModifiedDate":"2025-01-26","isFullCredit":false}],"authorContributionMap":{"heyitssakinah":21}},{"path":"src/main/java/Todo.java","fileType":"java","lines":[{"lineNumber":1,"author":{"gitId":"heyitssakinah"},"content":"public class Todo extends Task {","lastModifiedDate":"2025-01-26","isFullCredit":false},{"lineNumber":2,"author":{"gitId":"heyitssakinah"},"content":"","lastModifiedDate":"2025-01-26","isFullCredit":false},{"lineNumber":3,"author":{"gitId":"heyitssakinah"},"content":"    public Todo(String description) {","lastModifiedDate":"2025-01-26","isFullCredit":false},{"lineNumber":4,"author":{"gitId":"heyitssakinah"},"content":"        super(description);","lastModifiedDate":"2025-01-26","isFullCredit":false},{"lineNumber":5,"author":{"gitId":"heyitssakinah"},"content":"    }","lastModifiedDate":"2025-01-26","isFullCredit":false},{"lineNumber":6,"author":{"gitId":"heyitssakinah"},"content":"","lastModifiedDate":"2025-01-26","isFullCredit":false},{"lineNumber":7,"author":{"gitId":"heyitssakinah"},"content":"    @Override","lastModifiedDate":"2025-01-26","isFullCredit":false},{"lineNumber":8,"author":{"gitId":"heyitssakinah"},"content":"    public String toString() {","lastModifiedDate":"2025-01-26","isFullCredit":false},{"lineNumber":9,"author":{"gitId":"heyitssakinah"},"content":"        return \"[T]\" + super.toString();","lastModifiedDate":"2025-01-26","isFullCredit":false},{"lineNumber":10,"author":{"gitId":"heyitssakinah"},"content":"    }","lastModifiedDate":"2025-01-26","isFullCredit":false},{"lineNumber":11,"author":{"gitId":"heyitssakinah"},"content":"}","lastModifiedDate":"2025-01-26","isFullCredit":false}],"authorContributionMap":{"heyitssakinah":11}},{"path":"text-ui-test/input.txt","fileType":"txt","lines":[{"lineNumber":1,"author":{"gitId":"heyitssakinah"},"content":"mark 1","lastModifiedDate":"2025-01-26","isFullCredit":false},{"lineNumber":2,"author":{"gitId":"heyitssakinah"},"content":"unmark 2","lastModifiedDate":"2025-01-26","isFullCredit":false},{"lineNumber":3,"author":{"gitId":"heyitssakinah"},"content":"list","lastModifiedDate":"2025-01-26","isFullCredit":false},{"lineNumber":4,"author":{"gitId":"heyitssakinah"},"content":"todo borrow book","lastModifiedDate":"2025-01-26","isFullCredit":false},{"lineNumber":5,"author":{"gitId":"heyitssakinah"},"content":"deadline return book /by Sunday","lastModifiedDate":"2025-01-26","isFullCredit":false},{"lineNumber":6,"author":{"gitId":"heyitssakinah"},"content":"event project meeting /from Aug 6th 2pm /to 4pm","lastModifiedDate":"2025-01-26","isFullCredit":false},{"lineNumber":7,"author":{"gitId":"heyitssakinah"},"content":"list","lastModifiedDate":"2025-01-26","isFullCredit":false},{"lineNumber":8,"author":{"gitId":"heyitssakinah"},"content":"mark 2","lastModifiedDate":"2025-01-26","isFullCredit":false},{"lineNumber":9,"author":{"gitId":"heyitssakinah"},"content":"unmark 2","lastModifiedDate":"2025-01-26","isFullCredit":false},{"lineNumber":10,"author":{"gitId":"heyitssakinah"},"content":"","lastModifiedDate":"2025-01-26","isFullCredit":false},{"lineNumber":11,"author":{"gitId":"heyitssakinah"},"content":"todo","lastModifiedDate":"2025-01-26","isFullCredit":false},{"lineNumber":12,"author":{"gitId":"heyitssakinah"},"content":"event","lastModifiedDate":"2025-01-26","isFullCredit":false},{"lineNumber":13,"author":{"gitId":"heyitssakinah"},"content":"deadline","lastModifiedDate":"2025-01-26","isFullCredit":false},{"lineNumber":14,"author":{"gitId":"heyitssakinah"},"content":"event something /by","lastModifiedDate":"2025-01-26","isFullCredit":false},{"lineNumber":15,"author":{"gitId":"heyitssakinah"},"content":"deadline something /by 2","lastModifiedDate":"2025-01-26","isFullCredit":false},{"lineNumber":16,"author":{"gitId":"heyitssakinah"},"content":"blurgh ref","lastModifiedDate":"2025-01-26","isFullCredit":false},{"lineNumber":17,"author":{"gitId":"heyitssakinah"},"content":"bye","lastModifiedDate":"2025-01-26","isFullCredit":false}],"authorContributionMap":{"heyitssakinah":17}},{"path":"text-ui-test/runtest.sh","fileType":"sh","lines":[{"lineNumber":1,"author":{"gitId":"-"},"content":"#!/usr/bin/env bash","lastModifiedDate":"2020-05-25","isFullCredit":false},{"lineNumber":2,"author":{"gitId":"-"},"content":"","lastModifiedDate":"2020-05-25","isFullCredit":false},{"lineNumber":3,"author":{"gitId":"-"},"content":"# create bin directory if it doesn\u0027t exist","lastModifiedDate":"2020-05-25","isFullCredit":false},{"lineNumber":4,"author":{"gitId":"-"},"content":"if [ ! -d \"../bin\" ]","lastModifiedDate":"2020-05-25","isFullCredit":false},{"lineNumber":5,"author":{"gitId":"-"},"content":"then","lastModifiedDate":"2020-05-25","isFullCredit":false},{"lineNumber":6,"author":{"gitId":"-"},"content":"    mkdir ../bin","lastModifiedDate":"2020-05-25","isFullCredit":false},{"lineNumber":7,"author":{"gitId":"-"},"content":"fi","lastModifiedDate":"2020-05-25","isFullCredit":false},{"lineNumber":8,"author":{"gitId":"-"},"content":"","lastModifiedDate":"2020-05-25","isFullCredit":false},{"lineNumber":9,"author":{"gitId":"-"},"content":"# delete output from previous run","lastModifiedDate":"2020-05-25","isFullCredit":false},{"lineNumber":10,"author":{"gitId":"-"},"content":"if [ -e \"./ACTUAL.TXT\" ]","lastModifiedDate":"2020-05-25","isFullCredit":false},{"lineNumber":11,"author":{"gitId":"-"},"content":"then","lastModifiedDate":"2020-05-25","isFullCredit":false},{"lineNumber":12,"author":{"gitId":"-"},"content":"    rm ACTUAL.TXT","lastModifiedDate":"2020-05-25","isFullCredit":false},{"lineNumber":13,"author":{"gitId":"-"},"content":"fi","lastModifiedDate":"2020-05-25","isFullCredit":false},{"lineNumber":14,"author":{"gitId":"-"},"content":"","lastModifiedDate":"2020-05-25","isFullCredit":false},{"lineNumber":15,"author":{"gitId":"-"},"content":"# compile the code into the bin folder, terminates if error occurred","lastModifiedDate":"2020-05-25","isFullCredit":false},{"lineNumber":16,"author":{"gitId":"-"},"content":"if ! javac -cp ../src/main/java -Xlint:none -d ../bin ../src/main/java/*.java","lastModifiedDate":"2020-08-25","isFullCredit":false},{"lineNumber":17,"author":{"gitId":"-"},"content":"then","lastModifiedDate":"2020-05-25","isFullCredit":false},{"lineNumber":18,"author":{"gitId":"-"},"content":"    echo \"********** BUILD FAILURE **********\"","lastModifiedDate":"2020-05-25","isFullCredit":false},{"lineNumber":19,"author":{"gitId":"-"},"content":"    exit 1","lastModifiedDate":"2020-05-25","isFullCredit":false},{"lineNumber":20,"author":{"gitId":"-"},"content":"fi","lastModifiedDate":"2020-05-25","isFullCredit":false},{"lineNumber":21,"author":{"gitId":"-"},"content":"","lastModifiedDate":"2020-05-25","isFullCredit":false},{"lineNumber":22,"author":{"gitId":"-"},"content":"# run the program, feed commands from input.txt file and redirect the output to the ACTUAL.TXT","lastModifiedDate":"2020-05-25","isFullCredit":false},{"lineNumber":23,"author":{"gitId":"heyitssakinah"},"content":"java -classpath ../bin AbuHurairah \u003c input.txt \u003e ACTUAL.TXT","lastModifiedDate":"2025-01-25","isFullCredit":false},{"lineNumber":24,"author":{"gitId":"-"},"content":"","lastModifiedDate":"2020-05-25","isFullCredit":false},{"lineNumber":25,"author":{"gitId":"-"},"content":"# convert to UNIX format","lastModifiedDate":"2020-05-25","isFullCredit":false},{"lineNumber":26,"author":{"gitId":"-"},"content":"cp EXPECTED.TXT EXPECTED-UNIX.TXT","lastModifiedDate":"2020-05-25","isFullCredit":false},{"lineNumber":27,"author":{"gitId":"-"},"content":"dos2unix ACTUAL.TXT EXPECTED-UNIX.TXT","lastModifiedDate":"2020-05-25","isFullCredit":false},{"lineNumber":28,"author":{"gitId":"-"},"content":"","lastModifiedDate":"2020-05-25","isFullCredit":false},{"lineNumber":29,"author":{"gitId":"-"},"content":"# compare the output to the expected output","lastModifiedDate":"2020-05-25","isFullCredit":false},{"lineNumber":30,"author":{"gitId":"-"},"content":"diff ACTUAL.TXT EXPECTED-UNIX.TXT","lastModifiedDate":"2020-05-25","isFullCredit":false},{"lineNumber":31,"author":{"gitId":"-"},"content":"if [ $? -eq 0 ]","lastModifiedDate":"2020-05-25","isFullCredit":false},{"lineNumber":32,"author":{"gitId":"-"},"content":"then","lastModifiedDate":"2020-05-25","isFullCredit":false},{"lineNumber":33,"author":{"gitId":"-"},"content":"    echo \"Test result: PASSED\"","lastModifiedDate":"2020-05-25","isFullCredit":false},{"lineNumber":34,"author":{"gitId":"-"},"content":"    exit 0","lastModifiedDate":"2020-05-25","isFullCredit":false},{"lineNumber":35,"author":{"gitId":"-"},"content":"else","lastModifiedDate":"2020-05-25","isFullCredit":false},{"lineNumber":36,"author":{"gitId":"-"},"content":"    echo \"Test result: FAILED\"","lastModifiedDate":"2020-05-25","isFullCredit":false},{"lineNumber":37,"author":{"gitId":"-"},"content":"    exit 1","lastModifiedDate":"2020-05-25","isFullCredit":false},{"lineNumber":38,"author":{"gitId":"-"},"content":"fi","lastModifiedDate":"2020-05-25","isFullCredit":false}],"authorContributionMap":{"heyitssakinah":1,"-":37}}]
