[{"path":"README.md","fileType":"md","lines":[{"lineNumber":1,"author":{"gitId":"-"},"content":"## Setting up in Intellij","lastModifiedDate":"2020-05-25","isFullCredit":false},{"lineNumber":2,"author":{"gitId":"-"},"content":"","lastModifiedDate":"2020-05-25","isFullCredit":false},{"lineNumber":3,"author":{"gitId":"-"},"content":"Prerequisites: JDK 17, update Intellij to the most recent version.","lastModifiedDate":"2024-07-11","isFullCredit":false},{"lineNumber":4,"author":{"gitId":"-"},"content":"","lastModifiedDate":"2020-05-25","isFullCredit":false},{"lineNumber":5,"author":{"gitId":"-"},"content":"1. Open Intellij (if you are not in the welcome screen, click `File` \u003e `Close Project` to close the existing project first)","lastModifiedDate":"2021-01-17","isFullCredit":false},{"lineNumber":6,"author":{"gitId":"-"},"content":"1. Open the project into Intellij as follows:","lastModifiedDate":"2021-01-17","isFullCredit":false},{"lineNumber":7,"author":{"gitId":"-"},"content":"   1. Click `Open`.","lastModifiedDate":"2021-01-17","isFullCredit":false},{"lineNumber":8,"author":{"gitId":"-"},"content":"   1. Select the project directory, and click `OK`.","lastModifiedDate":"2021-01-17","isFullCredit":false},{"lineNumber":9,"author":{"gitId":"-"},"content":"   1. If there are any further prompts, accept the defaults.","lastModifiedDate":"2020-05-25","isFullCredit":false},{"lineNumber":10,"author":{"gitId":"-"},"content":"1. Configure the project to use **JDK 17** (not other versions) as explained in [here](https://www.jetbrains.com/help/idea/sdk.html#set-up-jdk).\u003cbr\u003e","lastModifiedDate":"2024-07-11","isFullCredit":false},{"lineNumber":11,"author":{"gitId":"-"},"content":"   In the same dialog, set the **Project language level** field to the `SDK default` option.","lastModifiedDate":"2021-07-29","isFullCredit":false},{"lineNumber":12,"author":{"gitId":"Shamanbenny"},"content":"1. After that, locate the `src/main/java/NightCoder.java` file, right-click it, and choose `Run NightCoder.main()` (if the code editor is showing compile errors, try restarting the IDE). If the setup is correct, you should see something like the below as the output:","lastModifiedDate":"2025-01-21","isFullCredit":false},{"lineNumber":13,"author":{"gitId":"-"},"content":"   ```","lastModifiedDate":"2020-05-25","isFullCredit":false},{"lineNumber":14,"author":{"gitId":"Shamanbenny"},"content":"   ","lastModifiedDate":"2025-01-21","isFullCredit":false},{"lineNumber":15,"author":{"gitId":"Shamanbenny"},"content":"    /$$   /$$ /$$           /$$         /$$      /$$$$$$                  /$$                    ","lastModifiedDate":"2025-01-21","isFullCredit":false},{"lineNumber":16,"author":{"gitId":"Shamanbenny"},"content":"   | $$$ | $$|__/          | $$        | $$     /$$__  $$                | $$                    ","lastModifiedDate":"2025-01-21","isFullCredit":false},{"lineNumber":17,"author":{"gitId":"Shamanbenny"},"content":"   | $$$$| $$ /$$  /$$$$$$ | $$$$$$$  /$$$$$$  | $$  \\__/  /$$$$$$   /$$$$$$$  /$$$$$$   /$$$$$$ ","lastModifiedDate":"2025-01-21","isFullCredit":false},{"lineNumber":18,"author":{"gitId":"Shamanbenny"},"content":"   | $$ $$ $$| $$ /$$__  $$| $$__  $$|_  $$_/  | $$       /$$__  $$ /$$__  $$ /$$__  $$ /$$__  $$","lastModifiedDate":"2025-01-21","isFullCredit":false},{"lineNumber":19,"author":{"gitId":"Shamanbenny"},"content":"   | $$  $$$$| $$| $$  \\ $$| $$  \\ $$  | $$    | $$      | $$  \\ $$| $$  | $$| $$$$$$$$| $$  \\__/","lastModifiedDate":"2025-01-21","isFullCredit":false},{"lineNumber":20,"author":{"gitId":"Shamanbenny"},"content":"   | $$\\  $$$| $$| $$  | $$| $$  | $$  | $$ /$$| $$    $$| $$  | $$| $$  | $$| $$_____/| $$      ","lastModifiedDate":"2025-01-21","isFullCredit":false},{"lineNumber":21,"author":{"gitId":"Shamanbenny"},"content":"   | $$ \\  $$| $$|  $$$$$$$| $$  | $$  |  $$$$/|  $$$$$$/|  $$$$$$/|  $$$$$$$|  $$$$$$$| $$      ","lastModifiedDate":"2025-01-21","isFullCredit":false},{"lineNumber":22,"author":{"gitId":"Shamanbenny"},"content":"   |__/  \\__/|__/ \\____  $$|__/  |__/   \\___/   \\______/  \\______/  \\_______/ \\_______/|__/      ","lastModifiedDate":"2025-01-21","isFullCredit":false},{"lineNumber":23,"author":{"gitId":"Shamanbenny"},"content":"                  /$$  \\ $$                                                                      ","lastModifiedDate":"2025-01-21","isFullCredit":false},{"lineNumber":24,"author":{"gitId":"Shamanbenny"},"content":"                 |  $$$$$$/                                                                      ","lastModifiedDate":"2025-01-21","isFullCredit":false},{"lineNumber":25,"author":{"gitId":"Shamanbenny"},"content":"                  \\______/                                                                       ","lastModifiedDate":"2025-01-21","isFullCredit":false},{"lineNumber":26,"author":{"gitId":"Shamanbenny"},"content":"","lastModifiedDate":"2025-01-21","isFullCredit":false},{"lineNumber":27,"author":{"gitId":"Shamanbenny"},"content":"","lastModifiedDate":"2025-01-21","isFullCredit":false},{"lineNumber":28,"author":{"gitId":"-"},"content":"   ```","lastModifiedDate":"2020-05-25","isFullCredit":false},{"lineNumber":29,"author":{"gitId":"-"},"content":"","lastModifiedDate":"2025-01-04","isFullCredit":false},{"lineNumber":30,"author":{"gitId":"-"},"content":"**Warning:** Keep the `src\\main\\java` folder as the root folder for Java files (i.e., don\u0027t rename those folders or move Java files to another folder outside of this folder path), as this is the default location some tools (e.g., Gradle) expect to find Java files.","lastModifiedDate":"2025-01-04","isFullCredit":false}],"authorContributionMap":{"-":15,"Shamanbenny":15}},{"path":"docs/README.md","fileType":"md","lines":[{"lineNumber":1,"author":{"gitId":"Shamanbenny"},"content":"# NightCoder User Guide","lastModifiedDate":"2025-01-21","isFullCredit":false},{"lineNumber":2,"author":{"gitId":"-"},"content":"","lastModifiedDate":"2019-07-29","isFullCredit":false},{"lineNumber":3,"author":{"gitId":"-"},"content":"// Update the title above to match the actual product name","lastModifiedDate":"2024-01-07","isFullCredit":false},{"lineNumber":4,"author":{"gitId":"-"},"content":"","lastModifiedDate":"2019-07-29","isFullCredit":false},{"lineNumber":5,"author":{"gitId":"-"},"content":"// Product screenshot goes here","lastModifiedDate":"2024-01-07","isFullCredit":false},{"lineNumber":6,"author":{"gitId":"-"},"content":"","lastModifiedDate":"2021-07-17","isFullCredit":false},{"lineNumber":7,"author":{"gitId":"-"},"content":"// Product intro goes here","lastModifiedDate":"2024-01-07","isFullCredit":false},{"lineNumber":8,"author":{"gitId":"-"},"content":"","lastModifiedDate":"2021-07-17","isFullCredit":false},{"lineNumber":9,"author":{"gitId":"-"},"content":"## Adding deadlines","lastModifiedDate":"2024-01-07","isFullCredit":false},{"lineNumber":10,"author":{"gitId":"-"},"content":"","lastModifiedDate":"2021-07-17","isFullCredit":false},{"lineNumber":11,"author":{"gitId":"-"},"content":"// Describe the action and its outcome.","lastModifiedDate":"2024-01-07","isFullCredit":false},{"lineNumber":12,"author":{"gitId":"-"},"content":"","lastModifiedDate":"2019-07-29","isFullCredit":false},{"lineNumber":13,"author":{"gitId":"-"},"content":"// Give examples of usage","lastModifiedDate":"2024-01-07","isFullCredit":false},{"lineNumber":14,"author":{"gitId":"-"},"content":"","lastModifiedDate":"2019-07-29","isFullCredit":false},{"lineNumber":15,"author":{"gitId":"-"},"content":"Example: `keyword (optional arguments)`","lastModifiedDate":"2024-01-07","isFullCredit":false},{"lineNumber":16,"author":{"gitId":"-"},"content":"","lastModifiedDate":"2019-07-29","isFullCredit":false},{"lineNumber":17,"author":{"gitId":"-"},"content":"// A description of the expected outcome goes here","lastModifiedDate":"2024-01-07","isFullCredit":false},{"lineNumber":18,"author":{"gitId":"-"},"content":"","lastModifiedDate":"2019-07-29","isFullCredit":false},{"lineNumber":19,"author":{"gitId":"-"},"content":"```","lastModifiedDate":"2024-01-07","isFullCredit":false},{"lineNumber":20,"author":{"gitId":"-"},"content":"expected output","lastModifiedDate":"2024-01-07","isFullCredit":false},{"lineNumber":21,"author":{"gitId":"-"},"content":"```","lastModifiedDate":"2024-01-07","isFullCredit":false},{"lineNumber":22,"author":{"gitId":"-"},"content":"","lastModifiedDate":"2019-07-29","isFullCredit":false},{"lineNumber":23,"author":{"gitId":"-"},"content":"## Feature ABC","lastModifiedDate":"2024-01-07","isFullCredit":false},{"lineNumber":24,"author":{"gitId":"-"},"content":"","lastModifiedDate":"2019-07-29","isFullCredit":false},{"lineNumber":25,"author":{"gitId":"-"},"content":"// Feature details","lastModifiedDate":"2024-01-07","isFullCredit":false},{"lineNumber":26,"author":{"gitId":"-"},"content":"","lastModifiedDate":"2019-07-29","isFullCredit":false},{"lineNumber":27,"author":{"gitId":"-"},"content":"","lastModifiedDate":"2021-07-17","isFullCredit":false},{"lineNumber":28,"author":{"gitId":"-"},"content":"## Feature XYZ","lastModifiedDate":"2024-01-07","isFullCredit":false},{"lineNumber":29,"author":{"gitId":"-"},"content":"","lastModifiedDate":"2024-01-07","isFullCredit":false},{"lineNumber":30,"author":{"gitId":"-"},"content":"// Feature details","lastModifiedDate":"2024-01-07","isFullCredit":false}],"authorContributionMap":{"-":29,"Shamanbenny":1}},{"path":"src/main/java/NightCoder.java","fileType":"java","lines":[{"lineNumber":1,"author":{"gitId":"Shamanbenny"},"content":"import java.util.Scanner;","lastModifiedDate":"2025-01-21","isFullCredit":false},{"lineNumber":2,"author":{"gitId":"Shamanbenny"},"content":"import java.util.ArrayList;","lastModifiedDate":"2025-01-21","isFullCredit":false},{"lineNumber":3,"author":{"gitId":"Shamanbenny"},"content":"import java.util.stream.Stream;","lastModifiedDate":"2025-01-21","isFullCredit":false},{"lineNumber":4,"author":{"gitId":"Shamanbenny"},"content":"","lastModifiedDate":"2025-01-21","isFullCredit":false},{"lineNumber":5,"author":{"gitId":"Shamanbenny"},"content":"/**","lastModifiedDate":"2025-01-21","isFullCredit":false},{"lineNumber":6,"author":{"gitId":"Shamanbenny"},"content":" * A playful and motivational chatbot assistant for late-night coding sessions.","lastModifiedDate":"2025-01-21","isFullCredit":false},{"lineNumber":7,"author":{"gitId":"Shamanbenny"},"content":" *","lastModifiedDate":"2025-01-21","isFullCredit":false},{"lineNumber":8,"author":{"gitId":"Shamanbenny"},"content":" * @author ShamanBenny","lastModifiedDate":"2025-01-21","isFullCredit":false},{"lineNumber":9,"author":{"gitId":"Shamanbenny"},"content":" * @version 1.0","lastModifiedDate":"2025-01-21","isFullCredit":false},{"lineNumber":10,"author":{"gitId":"Shamanbenny"},"content":" */","lastModifiedDate":"2025-01-21","isFullCredit":false},{"lineNumber":11,"author":{"gitId":"Shamanbenny"},"content":"public class NightCoder {","lastModifiedDate":"2025-01-21","isFullCredit":false},{"lineNumber":12,"author":{"gitId":"Shamanbenny"},"content":"    private static final String lineBreak \u003d \"\\t______________________________________________________________________________________________\";","lastModifiedDate":"2025-01-21","isFullCredit":false},{"lineNumber":13,"author":{"gitId":"Shamanbenny"},"content":"    private static final ArrayList\u003cString\u003e tasks \u003d new ArrayList\u003c\u003e();","lastModifiedDate":"2025-01-21","isFullCredit":false},{"lineNumber":14,"author":{"gitId":"Shamanbenny"},"content":"","lastModifiedDate":"2025-01-21","isFullCredit":false},{"lineNumber":15,"author":{"gitId":"Shamanbenny"},"content":"    private static void printWelcome() {","lastModifiedDate":"2025-01-21","isFullCredit":false},{"lineNumber":16,"author":{"gitId":"Shamanbenny"},"content":"        String logo \u003d \"\"\"","lastModifiedDate":"2025-01-21","isFullCredit":false},{"lineNumber":17,"author":{"gitId":"Shamanbenny"},"content":"                \\t  /$$   /$$ /$$           /$$         /$$      /$$$$$$                  /$$                   \\s","lastModifiedDate":"2025-01-21","isFullCredit":false},{"lineNumber":18,"author":{"gitId":"Shamanbenny"},"content":"                \\t | $$$ | $$|__/          | $$        | $$     /$$__  $$                | $$                   \\s","lastModifiedDate":"2025-01-21","isFullCredit":false},{"lineNumber":19,"author":{"gitId":"Shamanbenny"},"content":"                \\t | $$$$| $$ /$$  /$$$$$$ | $$$$$$$  /$$$$$$  | $$  \\\\__/  /$$$$$$   /$$$$$$$  /$$$$$$   /$$$$$$\\s","lastModifiedDate":"2025-01-21","isFullCredit":false},{"lineNumber":20,"author":{"gitId":"Shamanbenny"},"content":"                \\t | $$ $$ $$| $$ /$$__  $$| $$__  $$|_  $$_/  | $$       /$$__  $$ /$$__  $$ /$$__  $$ /$$__  $$","lastModifiedDate":"2025-01-21","isFullCredit":false},{"lineNumber":21,"author":{"gitId":"Shamanbenny"},"content":"                \\t | $$  $$$$| $$| $$  \\\\ $$| $$  \\\\ $$  | $$    | $$      | $$  \\\\ $$| $$  | $$| $$$$$$$$| $$  \\\\__/","lastModifiedDate":"2025-01-21","isFullCredit":false},{"lineNumber":22,"author":{"gitId":"Shamanbenny"},"content":"                \\t | $$\\\\  $$$| $$| $$  | $$| $$  | $$  | $$ /$$| $$    $$| $$  | $$| $$  | $$| $$_____/| $$     \\s","lastModifiedDate":"2025-01-21","isFullCredit":false},{"lineNumber":23,"author":{"gitId":"Shamanbenny"},"content":"                \\t | $$ \\\\  $$| $$|  $$$$$$$| $$  | $$  |  $$$$/|  $$$$$$/|  $$$$$$/|  $$$$$$$|  $$$$$$$| $$     \\s","lastModifiedDate":"2025-01-21","isFullCredit":false},{"lineNumber":24,"author":{"gitId":"Shamanbenny"},"content":"                \\t |__/  \\\\__/|__/ \\\\____  $$|__/  |__/   \\\\___/   \\\\______/  \\\\______/  \\\\_______/ \\\\_______/|__/     \\s","lastModifiedDate":"2025-01-21","isFullCredit":false},{"lineNumber":25,"author":{"gitId":"Shamanbenny"},"content":"                \\t                /$$  \\\\ $$                                                                     \\s","lastModifiedDate":"2025-01-21","isFullCredit":false},{"lineNumber":26,"author":{"gitId":"Shamanbenny"},"content":"                \\t               |  $$$$$$/                                                                     \\s","lastModifiedDate":"2025-01-21","isFullCredit":false},{"lineNumber":27,"author":{"gitId":"Shamanbenny"},"content":"                \\t                \\\\______/                                                                      \\s","lastModifiedDate":"2025-01-21","isFullCredit":false},{"lineNumber":28,"author":{"gitId":"Shamanbenny"},"content":"                \"\"\";","lastModifiedDate":"2025-01-21","isFullCredit":false},{"lineNumber":29,"author":{"gitId":"Shamanbenny"},"content":"        System.out.println(\"\\n\" + NightCoder.lineBreak + \"\\n\\n\" + logo);","lastModifiedDate":"2025-01-21","isFullCredit":false},{"lineNumber":30,"author":{"gitId":"Shamanbenny"},"content":"        System.out.println(\"\\t\\uD83C\\uDF19 Booting Up... ☕\\n\");","lastModifiedDate":"2025-01-21","isFullCredit":false},{"lineNumber":31,"author":{"gitId":"Shamanbenny"},"content":"        System.out.println(\"\"\"","lastModifiedDate":"2025-01-21","isFullCredit":false},{"lineNumber":32,"author":{"gitId":"Shamanbenny"},"content":"                \\tAh, there you are! The moon is bright, the code is flowing, and caffeine—wait, I mean","lastModifiedDate":"2025-01-21","isFullCredit":false},{"lineNumber":33,"author":{"gitId":"Shamanbenny"},"content":"                \\tmotivation—fuels our mission tonight. Welcome back to Night Coder, your loyal (and slightly","lastModifiedDate":"2025-01-21","isFullCredit":false},{"lineNumber":34,"author":{"gitId":"Shamanbenny"},"content":"                \\tsleep-deprived) coding companion. Whether it’s wrangling deadlines, or organizing your todo","lastModifiedDate":"2025-01-21","isFullCredit":false},{"lineNumber":35,"author":{"gitId":"Shamanbenny"},"content":"                \\tlist, I’m here to lend a hand.\"\"\");","lastModifiedDate":"2025-01-21","isFullCredit":false},{"lineNumber":36,"author":{"gitId":"Shamanbenny"},"content":"        System.out.println(\"\\n\\tLet’s make some magic together. What’s on the docket tonight? \\uD83C\\uDF1F\");","lastModifiedDate":"2025-01-21","isFullCredit":false},{"lineNumber":37,"author":{"gitId":"Shamanbenny"},"content":"        System.out.println(\"\\n\\tIf you’re unsure about what I can do, just type \\\"help\\\", and I’ll get you sorted in no time!\");","lastModifiedDate":"2025-01-21","isFullCredit":false},{"lineNumber":38,"author":{"gitId":"Shamanbenny"},"content":"        System.out.println(NightCoder.lineBreak + \"\\n\");","lastModifiedDate":"2025-01-21","isFullCredit":false},{"lineNumber":39,"author":{"gitId":"Shamanbenny"},"content":"    }","lastModifiedDate":"2025-01-21","isFullCredit":false},{"lineNumber":40,"author":{"gitId":"Shamanbenny"},"content":"","lastModifiedDate":"2025-01-21","isFullCredit":false},{"lineNumber":41,"author":{"gitId":"Shamanbenny"},"content":"    private static void printHelp() {","lastModifiedDate":"2025-01-21","isFullCredit":false},{"lineNumber":42,"author":{"gitId":"Shamanbenny"},"content":"        System.out.println(\"\"\"","lastModifiedDate":"2025-01-21","isFullCredit":false},{"lineNumber":43,"author":{"gitId":"Shamanbenny"},"content":"                \\t🌙 Night Code Command Guide ☕️","lastModifiedDate":"2025-01-21","isFullCredit":false},{"lineNumber":44,"author":{"gitId":"Shamanbenny"},"content":"                ","lastModifiedDate":"2025-01-21","isFullCredit":false},{"lineNumber":45,"author":{"gitId":"Shamanbenny"},"content":"                \\tNeed a hand? No problem! Here’s what I can do for you:","lastModifiedDate":"2025-01-21","isFullCredit":false},{"lineNumber":46,"author":{"gitId":"Shamanbenny"},"content":"                ","lastModifiedDate":"2025-01-21","isFullCredit":false},{"lineNumber":47,"author":{"gitId":"Shamanbenny"},"content":"                \\t    help","lastModifiedDate":"2025-01-21","isFullCredit":false},{"lineNumber":48,"author":{"gitId":"Shamanbenny"},"content":"                \\t    - Prints this handy guide. Because even pros need reminders sometimes.","lastModifiedDate":"2025-01-21","isFullCredit":false},{"lineNumber":49,"author":{"gitId":"Shamanbenny"},"content":"                ","lastModifiedDate":"2025-01-21","isFullCredit":false},{"lineNumber":50,"author":{"gitId":"Shamanbenny"},"content":"                \\t    add \u003cString\u003e","lastModifiedDate":"2025-01-21","isFullCredit":false},{"lineNumber":51,"author":{"gitId":"Shamanbenny"},"content":"                \\t    - Adds a task to your to-do list. Just tell me what needs doing, and I’ll keep track.","lastModifiedDate":"2025-01-21","isFullCredit":false},{"lineNumber":52,"author":{"gitId":"Shamanbenny"},"content":"                \\t      Example: add Finish the project report.","lastModifiedDate":"2025-01-21","isFullCredit":false},{"lineNumber":53,"author":{"gitId":"Shamanbenny"},"content":"                ","lastModifiedDate":"2025-01-21","isFullCredit":false},{"lineNumber":54,"author":{"gitId":"Shamanbenny"},"content":"                \\t    list","lastModifiedDate":"2025-01-21","isFullCredit":false},{"lineNumber":55,"author":{"gitId":"Shamanbenny"},"content":"                \\t    - Shows all your tasks. Think of it as your personal task constellation.","lastModifiedDate":"2025-01-21","isFullCredit":false},{"lineNumber":56,"author":{"gitId":"Shamanbenny"},"content":"                ","lastModifiedDate":"2025-01-21","isFullCredit":false},{"lineNumber":57,"author":{"gitId":"Shamanbenny"},"content":"                \\t    bye","lastModifiedDate":"2025-01-21","isFullCredit":false},{"lineNumber":58,"author":{"gitId":"Shamanbenny"},"content":"                \\t    - Exits the program. But don’t be a stranger—I’ll be here when you need me again!","lastModifiedDate":"2025-01-21","isFullCredit":false},{"lineNumber":59,"author":{"gitId":"Shamanbenny"},"content":"                ","lastModifiedDate":"2025-01-21","isFullCredit":false},{"lineNumber":60,"author":{"gitId":"Shamanbenny"},"content":"                \\tGot it? Let’s get back to work! 🚀\"\"\");","lastModifiedDate":"2025-01-21","isFullCredit":false},{"lineNumber":61,"author":{"gitId":"Shamanbenny"},"content":"    }","lastModifiedDate":"2025-01-21","isFullCredit":false},{"lineNumber":62,"author":{"gitId":"Shamanbenny"},"content":"","lastModifiedDate":"2025-01-21","isFullCredit":false},{"lineNumber":63,"author":{"gitId":"Shamanbenny"},"content":"    private static void printExit() {","lastModifiedDate":"2025-01-21","isFullCredit":false},{"lineNumber":64,"author":{"gitId":"Shamanbenny"},"content":"        System.out.println(NightCoder.lineBreak);","lastModifiedDate":"2025-01-21","isFullCredit":false},{"lineNumber":65,"author":{"gitId":"Shamanbenny"},"content":"        System.out.println(\"\"\"","lastModifiedDate":"2025-01-21","isFullCredit":false},{"lineNumber":66,"author":{"gitId":"Shamanbenny"},"content":"                ","lastModifiedDate":"2025-01-21","isFullCredit":false},{"lineNumber":67,"author":{"gitId":"Shamanbenny"},"content":"                \\tAlright, signing off for now. Remember, even the brightest coders need some rest—yes, I’m","lastModifiedDate":"2025-01-21","isFullCredit":false},{"lineNumber":68,"author":{"gitId":"Shamanbenny"},"content":"                \\tlooking at you! \\uD83D\\uDECC\"\"\");","lastModifiedDate":"2025-01-21","isFullCredit":false},{"lineNumber":69,"author":{"gitId":"Shamanbenny"},"content":"        System.out.println(\"\"\"","lastModifiedDate":"2025-01-21","isFullCredit":false},{"lineNumber":70,"author":{"gitId":"Shamanbenny"},"content":"                \\tIf you need me, you know where to find me. Until next time, keep dreaming big, debugging smart,","lastModifiedDate":"2025-01-21","isFullCredit":false},{"lineNumber":71,"author":{"gitId":"Shamanbenny"},"content":"                \\tand chasing that moonlit inspiration.\"\"\");","lastModifiedDate":"2025-01-21","isFullCredit":false},{"lineNumber":72,"author":{"gitId":"Shamanbenny"},"content":"        System.out.println(\"\\tGoodnight, and happy coding! \\uD83C\\uDF0C✨\");","lastModifiedDate":"2025-01-21","isFullCredit":false},{"lineNumber":73,"author":{"gitId":"Shamanbenny"},"content":"        System.out.println(\"\\n\\t\\uD83C\\uDF19 Powering Down... ☕\\uD83D\\uDCA4\");","lastModifiedDate":"2025-01-21","isFullCredit":false},{"lineNumber":74,"author":{"gitId":"Shamanbenny"},"content":"        System.out.println(NightCoder.lineBreak);","lastModifiedDate":"2025-01-21","isFullCredit":false},{"lineNumber":75,"author":{"gitId":"Shamanbenny"},"content":"    }","lastModifiedDate":"2025-01-21","isFullCredit":false},{"lineNumber":76,"author":{"gitId":"Shamanbenny"},"content":"","lastModifiedDate":"2025-01-21","isFullCredit":false},{"lineNumber":77,"author":{"gitId":"Shamanbenny"},"content":"    /**","lastModifiedDate":"2025-01-21","isFullCredit":false},{"lineNumber":78,"author":{"gitId":"Shamanbenny"},"content":"     * Reads user input, checks if the command is \"bye\". Else, process the command.","lastModifiedDate":"2025-01-21","isFullCredit":false},{"lineNumber":79,"author":{"gitId":"Shamanbenny"},"content":"     *","lastModifiedDate":"2025-01-21","isFullCredit":false},{"lineNumber":80,"author":{"gitId":"Shamanbenny"},"content":"     * @return false if the input is \"bye\", true otherwise.","lastModifiedDate":"2025-01-21","isFullCredit":false},{"lineNumber":81,"author":{"gitId":"Shamanbenny"},"content":"     */","lastModifiedDate":"2025-01-21","isFullCredit":false},{"lineNumber":82,"author":{"gitId":"Shamanbenny"},"content":"    private static boolean getUserInput() {","lastModifiedDate":"2025-01-21","isFullCredit":false},{"lineNumber":83,"author":{"gitId":"Shamanbenny"},"content":"        Scanner scanner \u003d new Scanner(System.in);","lastModifiedDate":"2025-01-21","isFullCredit":false},{"lineNumber":84,"author":{"gitId":"Shamanbenny"},"content":"        String userInput \u003d scanner.nextLine().trim(); // Trim to remove extra spaces","lastModifiedDate":"2025-01-21","isFullCredit":false},{"lineNumber":85,"author":{"gitId":"Shamanbenny"},"content":"","lastModifiedDate":"2025-01-21","isFullCredit":false},{"lineNumber":86,"author":{"gitId":"Shamanbenny"},"content":"        if (\"bye\".equalsIgnoreCase(userInput)) {","lastModifiedDate":"2025-01-21","isFullCredit":false},{"lineNumber":87,"author":{"gitId":"Shamanbenny"},"content":"            return false; // Return false if the input is \"bye\"","lastModifiedDate":"2025-01-21","isFullCredit":false},{"lineNumber":88,"author":{"gitId":"Shamanbenny"},"content":"        }","lastModifiedDate":"2025-01-21","isFullCredit":false},{"lineNumber":89,"author":{"gitId":"Shamanbenny"},"content":"        parseCommand(userInput);","lastModifiedDate":"2025-01-21","isFullCredit":false},{"lineNumber":90,"author":{"gitId":"Shamanbenny"},"content":"        return true; // Return true for other inputs","lastModifiedDate":"2025-01-21","isFullCredit":false},{"lineNumber":91,"author":{"gitId":"Shamanbenny"},"content":"    }","lastModifiedDate":"2025-01-21","isFullCredit":false},{"lineNumber":92,"author":{"gitId":"Shamanbenny"},"content":"","lastModifiedDate":"2025-01-21","isFullCredit":false},{"lineNumber":93,"author":{"gitId":"Shamanbenny"},"content":"    /**","lastModifiedDate":"2025-01-21","isFullCredit":false},{"lineNumber":94,"author":{"gitId":"Shamanbenny"},"content":"     * Parses the user input and processes the command accordingly.","lastModifiedDate":"2025-01-21","isFullCredit":false},{"lineNumber":95,"author":{"gitId":"Shamanbenny"},"content":"     * [Contains SIMPLE attempt at detecting invalid command usage]","lastModifiedDate":"2025-01-21","isFullCredit":false},{"lineNumber":96,"author":{"gitId":"Shamanbenny"},"content":"     *","lastModifiedDate":"2025-01-21","isFullCredit":false},{"lineNumber":97,"author":{"gitId":"Shamanbenny"},"content":"     * @param input The full user input string to be parsed and processed.","lastModifiedDate":"2025-01-21","isFullCredit":false},{"lineNumber":98,"author":{"gitId":"Shamanbenny"},"content":"     */","lastModifiedDate":"2025-01-21","isFullCredit":false},{"lineNumber":99,"author":{"gitId":"Shamanbenny"},"content":"    private static void parseCommand(String input) {","lastModifiedDate":"2025-01-21","isFullCredit":false},{"lineNumber":100,"author":{"gitId":"Shamanbenny"},"content":"        System.out.println(NightCoder.lineBreak);","lastModifiedDate":"2025-01-21","isFullCredit":false},{"lineNumber":101,"author":{"gitId":"Shamanbenny"},"content":"","lastModifiedDate":"2025-01-21","isFullCredit":false},{"lineNumber":102,"author":{"gitId":"Shamanbenny"},"content":"        String[] parts \u003d input.split(\" \", 2);","lastModifiedDate":"2025-01-21","isFullCredit":false},{"lineNumber":103,"author":{"gitId":"Shamanbenny"},"content":"        String command \u003d parts[0].toLowerCase();","lastModifiedDate":"2025-01-21","isFullCredit":false},{"lineNumber":104,"author":{"gitId":"Shamanbenny"},"content":"        switch (command) {","lastModifiedDate":"2025-01-21","isFullCredit":false},{"lineNumber":105,"author":{"gitId":"Shamanbenny"},"content":"            case \"help\":","lastModifiedDate":"2025-01-21","isFullCredit":false},{"lineNumber":106,"author":{"gitId":"Shamanbenny"},"content":"                printHelp();","lastModifiedDate":"2025-01-21","isFullCredit":false},{"lineNumber":107,"author":{"gitId":"Shamanbenny"},"content":"                break;","lastModifiedDate":"2025-01-21","isFullCredit":false},{"lineNumber":108,"author":{"gitId":"Shamanbenny"},"content":"            case \"add\":","lastModifiedDate":"2025-01-21","isFullCredit":false},{"lineNumber":109,"author":{"gitId":"Shamanbenny"},"content":"                if (parts.length !\u003d 2) {","lastModifiedDate":"2025-01-21","isFullCredit":false},{"lineNumber":110,"author":{"gitId":"Shamanbenny"},"content":"                    System.out.println(\"\"\"","lastModifiedDate":"2025-01-21","isFullCredit":false},{"lineNumber":111,"author":{"gitId":"Shamanbenny"},"content":"                        \\t⚠️ Oops!","lastModifiedDate":"2025-01-21","isFullCredit":false},{"lineNumber":112,"author":{"gitId":"Shamanbenny"},"content":"                        \\tIncorrect usage of \"add\". Type \"help\" to refer to its appropriate usage. Let’s get back on track! 🚀\"\"\");","lastModifiedDate":"2025-01-21","isFullCredit":false},{"lineNumber":113,"author":{"gitId":"Shamanbenny"},"content":"                    break;","lastModifiedDate":"2025-01-21","isFullCredit":false},{"lineNumber":114,"author":{"gitId":"Shamanbenny"},"content":"                }","lastModifiedDate":"2025-01-21","isFullCredit":false},{"lineNumber":115,"author":{"gitId":"Shamanbenny"},"content":"                String params \u003d parts[1];","lastModifiedDate":"2025-01-21","isFullCredit":false},{"lineNumber":116,"author":{"gitId":"Shamanbenny"},"content":"                addTask(params);","lastModifiedDate":"2025-01-21","isFullCredit":false},{"lineNumber":117,"author":{"gitId":"Shamanbenny"},"content":"                break;","lastModifiedDate":"2025-01-21","isFullCredit":false},{"lineNumber":118,"author":{"gitId":"Shamanbenny"},"content":"            case \"list\":","lastModifiedDate":"2025-01-21","isFullCredit":false},{"lineNumber":119,"author":{"gitId":"Shamanbenny"},"content":"                listTasks();","lastModifiedDate":"2025-01-21","isFullCredit":false},{"lineNumber":120,"author":{"gitId":"Shamanbenny"},"content":"                break;","lastModifiedDate":"2025-01-21","isFullCredit":false},{"lineNumber":121,"author":{"gitId":"Shamanbenny"},"content":"            default:","lastModifiedDate":"2025-01-21","isFullCredit":false},{"lineNumber":122,"author":{"gitId":"Shamanbenny"},"content":"                System.out.println(\"\"\"","lastModifiedDate":"2025-01-21","isFullCredit":false},{"lineNumber":123,"author":{"gitId":"Shamanbenny"},"content":"                        \\t⚠️ Oops!","lastModifiedDate":"2025-01-21","isFullCredit":false},{"lineNumber":124,"author":{"gitId":"Shamanbenny"},"content":"                        \\tI didn’t catch that. Type \"help\" to see the list of commands I understand. Let’s get back on track! 🚀\"\"\");","lastModifiedDate":"2025-01-21","isFullCredit":false},{"lineNumber":125,"author":{"gitId":"Shamanbenny"},"content":"        }","lastModifiedDate":"2025-01-21","isFullCredit":false},{"lineNumber":126,"author":{"gitId":"Shamanbenny"},"content":"","lastModifiedDate":"2025-01-21","isFullCredit":false},{"lineNumber":127,"author":{"gitId":"Shamanbenny"},"content":"        System.out.println(NightCoder.lineBreak + \"\\n\");","lastModifiedDate":"2025-01-21","isFullCredit":false},{"lineNumber":128,"author":{"gitId":"Shamanbenny"},"content":"    }","lastModifiedDate":"2025-01-21","isFullCredit":false},{"lineNumber":129,"author":{"gitId":"Shamanbenny"},"content":"","lastModifiedDate":"2025-01-21","isFullCredit":false},{"lineNumber":130,"author":{"gitId":"Shamanbenny"},"content":"    /**","lastModifiedDate":"2025-01-21","isFullCredit":false},{"lineNumber":131,"author":{"gitId":"Shamanbenny"},"content":"     * Adds a task to the to-do list.","lastModifiedDate":"2025-01-21","isFullCredit":false},{"lineNumber":132,"author":{"gitId":"Shamanbenny"},"content":"     *","lastModifiedDate":"2025-01-21","isFullCredit":false},{"lineNumber":133,"author":{"gitId":"Shamanbenny"},"content":"     * @param task The task to be added to the list.","lastModifiedDate":"2025-01-21","isFullCredit":false},{"lineNumber":134,"author":{"gitId":"Shamanbenny"},"content":"     */","lastModifiedDate":"2025-01-21","isFullCredit":false},{"lineNumber":135,"author":{"gitId":"Shamanbenny"},"content":"    private static void addTask(String task) {","lastModifiedDate":"2025-01-21","isFullCredit":false},{"lineNumber":136,"author":{"gitId":"Shamanbenny"},"content":"        tasks.add(task);","lastModifiedDate":"2025-01-21","isFullCredit":false},{"lineNumber":137,"author":{"gitId":"Shamanbenny"},"content":"        System.out.println(\"\\t✅ Task #\" + tasks.size() + \" Added: \" + task);","lastModifiedDate":"2025-01-21","isFullCredit":false},{"lineNumber":138,"author":{"gitId":"Shamanbenny"},"content":"        System.out.println(\"\\tGot it! I’ll keep this safe in your to-do list. Let me know what’s next! 🌟\");","lastModifiedDate":"2025-01-21","isFullCredit":false},{"lineNumber":139,"author":{"gitId":"Shamanbenny"},"content":"    }","lastModifiedDate":"2025-01-21","isFullCredit":false},{"lineNumber":140,"author":{"gitId":"Shamanbenny"},"content":"","lastModifiedDate":"2025-01-21","isFullCredit":false},{"lineNumber":141,"author":{"gitId":"Shamanbenny"},"content":"    /**","lastModifiedDate":"2025-01-21","isFullCredit":false},{"lineNumber":142,"author":{"gitId":"Shamanbenny"},"content":"     * Displays the list of tasks with their respective indices.","lastModifiedDate":"2025-01-21","isFullCredit":false},{"lineNumber":143,"author":{"gitId":"Shamanbenny"},"content":"     * Iterates through the tasks ArrayList and prints each task with its index in a numbered format.","lastModifiedDate":"2025-01-21","isFullCredit":false},{"lineNumber":144,"author":{"gitId":"Shamanbenny"},"content":"     * If the list is empty, it will print a message indicating no tasks are available.","lastModifiedDate":"2025-01-21","isFullCredit":false},{"lineNumber":145,"author":{"gitId":"Shamanbenny"},"content":"     */","lastModifiedDate":"2025-01-21","isFullCredit":false},{"lineNumber":146,"author":{"gitId":"Shamanbenny"},"content":"    private static void listTasks() {","lastModifiedDate":"2025-01-21","isFullCredit":false},{"lineNumber":147,"author":{"gitId":"Shamanbenny"},"content":"        if (tasks.isEmpty()) {","lastModifiedDate":"2025-01-21","isFullCredit":false},{"lineNumber":148,"author":{"gitId":"Shamanbenny"},"content":"            System.out.println(\"\\t\\uD83C\\uDF0C Your To-Do List is Empty!\");","lastModifiedDate":"2025-01-21","isFullCredit":false},{"lineNumber":149,"author":{"gitId":"Shamanbenny"},"content":"            System.out.println(\"Looks like we’re starting with a clean slate. What shall we tackle first? \\uD83C\\uDF1F\");","lastModifiedDate":"2025-01-21","isFullCredit":false},{"lineNumber":150,"author":{"gitId":"Shamanbenny"},"content":"        } else {","lastModifiedDate":"2025-01-21","isFullCredit":false},{"lineNumber":151,"author":{"gitId":"Shamanbenny"},"content":"            System.out.print(","lastModifiedDate":"2025-01-21","isFullCredit":false},{"lineNumber":152,"author":{"gitId":"Shamanbenny"},"content":"                    // Using Functional Programming learnt from CS2030S to replace the need to use for-loops","lastModifiedDate":"2025-01-21","isFullCredit":false},{"lineNumber":153,"author":{"gitId":"Shamanbenny"},"content":"                    Stream.iterate(0, i -\u003e i + 1)","lastModifiedDate":"2025-01-21","isFullCredit":false},{"lineNumber":154,"author":{"gitId":"Shamanbenny"},"content":"                            .limit(tasks.size())","lastModifiedDate":"2025-01-21","isFullCredit":false},{"lineNumber":155,"author":{"gitId":"Shamanbenny"},"content":"                            .reduce(\"\", (result, index) -\u003e result + \"\\t\" + (index + 1) + \". \" + tasks.get(index) + \"\\n\", String::concat)","lastModifiedDate":"2025-01-21","isFullCredit":false},{"lineNumber":156,"author":{"gitId":"Shamanbenny"},"content":"            );","lastModifiedDate":"2025-01-21","isFullCredit":false},{"lineNumber":157,"author":{"gitId":"Shamanbenny"},"content":"        }","lastModifiedDate":"2025-01-21","isFullCredit":false},{"lineNumber":158,"author":{"gitId":"Shamanbenny"},"content":"    }","lastModifiedDate":"2025-01-21","isFullCredit":false},{"lineNumber":159,"author":{"gitId":"Shamanbenny"},"content":"","lastModifiedDate":"2025-01-21","isFullCredit":false},{"lineNumber":160,"author":{"gitId":"Shamanbenny"},"content":"    /**","lastModifiedDate":"2025-01-21","isFullCredit":false},{"lineNumber":161,"author":{"gitId":"Shamanbenny"},"content":"     * The main method, serving as the entry point for the application.","lastModifiedDate":"2025-01-21","isFullCredit":false},{"lineNumber":162,"author":{"gitId":"Shamanbenny"},"content":"     * It displays a welcome message, enters a loop to process user input,","lastModifiedDate":"2025-01-21","isFullCredit":false},{"lineNumber":163,"author":{"gitId":"Shamanbenny"},"content":"     * and exits when the user types \"bye\".","lastModifiedDate":"2025-01-21","isFullCredit":false},{"lineNumber":164,"author":{"gitId":"Shamanbenny"},"content":"     *","lastModifiedDate":"2025-01-21","isFullCredit":false},{"lineNumber":165,"author":{"gitId":"Shamanbenny"},"content":"     * @param args Command-line arguments (not used in this application).","lastModifiedDate":"2025-01-21","isFullCredit":false},{"lineNumber":166,"author":{"gitId":"Shamanbenny"},"content":"     */","lastModifiedDate":"2025-01-21","isFullCredit":false},{"lineNumber":167,"author":{"gitId":"Shamanbenny"},"content":"    public static void main(String[] args) {","lastModifiedDate":"2025-01-21","isFullCredit":false},{"lineNumber":168,"author":{"gitId":"Shamanbenny"},"content":"        printWelcome();","lastModifiedDate":"2025-01-21","isFullCredit":false},{"lineNumber":169,"author":{"gitId":"Shamanbenny"},"content":"        while (true) {","lastModifiedDate":"2025-01-21","isFullCredit":false},{"lineNumber":170,"author":{"gitId":"Shamanbenny"},"content":"            if (!getUserInput()) {","lastModifiedDate":"2025-01-21","isFullCredit":false},{"lineNumber":171,"author":{"gitId":"Shamanbenny"},"content":"                break;","lastModifiedDate":"2025-01-21","isFullCredit":false},{"lineNumber":172,"author":{"gitId":"Shamanbenny"},"content":"            }","lastModifiedDate":"2025-01-21","isFullCredit":false},{"lineNumber":173,"author":{"gitId":"Shamanbenny"},"content":"        }","lastModifiedDate":"2025-01-21","isFullCredit":false},{"lineNumber":174,"author":{"gitId":"Shamanbenny"},"content":"        printExit();","lastModifiedDate":"2025-01-21","isFullCredit":false},{"lineNumber":175,"author":{"gitId":"Shamanbenny"},"content":"    }","lastModifiedDate":"2025-01-21","isFullCredit":false},{"lineNumber":176,"author":{"gitId":"Shamanbenny"},"content":"}","lastModifiedDate":"2025-01-21","isFullCredit":false}],"authorContributionMap":{"Shamanbenny":176}},{"path":"text-ui-test/runtest.bat","fileType":"bat","lines":[{"lineNumber":1,"author":{"gitId":"-"},"content":"@ECHO OFF","lastModifiedDate":"2020-05-25","isFullCredit":false},{"lineNumber":2,"author":{"gitId":"-"},"content":"","lastModifiedDate":"2020-05-25","isFullCredit":false},{"lineNumber":3,"author":{"gitId":"-"},"content":"REM create bin directory if it doesn\u0027t exist","lastModifiedDate":"2020-05-25","isFullCredit":false},{"lineNumber":4,"author":{"gitId":"-"},"content":"if not exist ..\\bin mkdir ..\\bin","lastModifiedDate":"2020-05-25","isFullCredit":false},{"lineNumber":5,"author":{"gitId":"-"},"content":"","lastModifiedDate":"2020-05-25","isFullCredit":false},{"lineNumber":6,"author":{"gitId":"-"},"content":"REM delete output from previous run","lastModifiedDate":"2020-05-25","isFullCredit":false},{"lineNumber":7,"author":{"gitId":"-"},"content":"if exist ACTUAL.TXT del ACTUAL.TXT","lastModifiedDate":"2020-08-25","isFullCredit":false},{"lineNumber":8,"author":{"gitId":"-"},"content":"","lastModifiedDate":"2020-05-25","isFullCredit":false},{"lineNumber":9,"author":{"gitId":"-"},"content":"REM compile the code into the bin folder","lastModifiedDate":"2020-05-25","isFullCredit":false},{"lineNumber":10,"author":{"gitId":"-"},"content":"javac  -cp ..\\src\\main\\java -Xlint:none -d ..\\bin ..\\src\\main\\java\\*.java","lastModifiedDate":"2020-08-25","isFullCredit":false},{"lineNumber":11,"author":{"gitId":"-"},"content":"IF ERRORLEVEL 1 (","lastModifiedDate":"2020-05-25","isFullCredit":false},{"lineNumber":12,"author":{"gitId":"-"},"content":"    echo ********** BUILD FAILURE **********","lastModifiedDate":"2020-05-25","isFullCredit":false},{"lineNumber":13,"author":{"gitId":"-"},"content":"    exit /b 1","lastModifiedDate":"2020-05-25","isFullCredit":false},{"lineNumber":14,"author":{"gitId":"-"},"content":")","lastModifiedDate":"2020-05-25","isFullCredit":false},{"lineNumber":15,"author":{"gitId":"-"},"content":"REM no error here, errorlevel \u003d\u003d 0","lastModifiedDate":"2020-05-25","isFullCredit":false},{"lineNumber":16,"author":{"gitId":"-"},"content":"","lastModifiedDate":"2020-05-25","isFullCredit":false},{"lineNumber":17,"author":{"gitId":"-"},"content":"REM run the program, feed commands from input.txt file and redirect the output to the ACTUAL.TXT","lastModifiedDate":"2020-05-25","isFullCredit":false},{"lineNumber":18,"author":{"gitId":"Shamanbenny"},"content":"java -classpath ..\\bin NightCoder \u003c input.txt \u003e ACTUAL.TXT","lastModifiedDate":"2025-01-21","isFullCredit":false},{"lineNumber":19,"author":{"gitId":"-"},"content":"","lastModifiedDate":"2020-05-25","isFullCredit":false},{"lineNumber":20,"author":{"gitId":"-"},"content":"REM compare the output to the expected output","lastModifiedDate":"2020-05-25","isFullCredit":false},{"lineNumber":21,"author":{"gitId":"-"},"content":"FC ACTUAL.TXT EXPECTED.TXT","lastModifiedDate":"2020-05-25","isFullCredit":false}],"authorContributionMap":{"-":20,"Shamanbenny":1}}]
