{"authorDailyContributionsMap":{"Shamanbenny":[{"date":"2025-01-21","commitResults":[{"hash":"598c874024142e4a23c8886df398cb40109461ab","isMergeCommit":false,"messageTitle":"Renamed Duke to NightCoder","messageBody":"","fileTypesAndContributionMap":{"java":{"insertions":22,"deletions":10},"bat":{"insertions":1,"deletions":1},"md":{"insertions":19,"deletions":10}}},{"hash":"96d5963668b7af3847d8a4f51614f1a02eadbee0","isMergeCommit":false,"messageTitle":"Updated Welcome and Exit message","messageBody":"","tags":["Level-0"],"fileTypesAndContributionMap":{"java":{"insertions":32,"deletions":2}}},{"hash":"f00a991b6221c4d73ae3d7c4913cb8363566d6b1","isMergeCommit":false,"messageTitle":"Updated with Echoing of User Input","messageBody":"","tags":["Level-1"],"fileTypesAndContributionMap":{"java":{"insertions":68,"deletions":26}}},{"hash":"8b4692a45a57ab7c67c50c4cbffd74ea37e2ddcf","isMergeCommit":false,"messageTitle":"Updated README.md","messageBody":"","fileTypesAndContributionMap":{"md":{"insertions":0,"deletions":5}}},{"hash":"e6ba59a143bb3ff603057000956b6207f1503003","isMergeCommit":false,"messageTitle":"Added \u0027help\u0027, \u0027add\u0027, and \u0027list\u0027 command","messageBody":"","fileTypesAndContributionMap":{"java":{"insertions":87,"deletions":5}}},{"hash":"793298f4e5bc9734234ddbeea88c6a00b0acf383","isMergeCommit":false,"messageTitle":"Fixed Casing Faults in previous version","messageBody":"","fileTypesAndContributionMap":{"java":{"insertions":3,"deletions":3}}},{"hash":"3b8298b7749e74128c597b140791df3693fddfb6","isMergeCommit":false,"messageTitle":"Updated version number for JavaDoc","messageBody":"","tags":["Level-2"],"fileTypesAndContributionMap":{"java":{"insertions":1,"deletions":1}}}]},{"date":"2025-01-22","commitResults":[{"hash":"1872b2148b430aef0f2f89d0ce9909723f0af42b","isMergeCommit":false,"messageTitle":"Added Task Object, and Done Markers","messageBody":"","fileTypesAndContributionMap":{"java":{"insertions":68,"deletions":15}}},{"hash":"6e95795e4dbecd7f68c1b0a1e681c77fb54aad93","isMergeCommit":false,"messageTitle":"Updated with \u0027mark\u0027 and \u0027unmark\u0027 command","messageBody":"","fileTypesAndContributionMap":{"java":{"insertions":63,"deletions":4}}},{"hash":"657aea858ba2ab16723f30e0a66f6b05e6e670fd","isMergeCommit":false,"messageTitle":"Updated with additional edge-cases \u0026 updated JavaDoc","messageBody":"","tags":["Level-3"],"fileTypesAndContributionMap":{"java":{"insertions":27,"deletions":5}}},{"hash":"de01065de13a6dbc6b47204d273998ebd3d1d07e","isMergeCommit":false,"messageTitle":"Added the inheritance of Task.java, but still unused","messageBody":"","fileTypesAndContributionMap":{"java":{"insertions":95,"deletions":3}}},{"hash":"23280640ddb743114dde10f2293c5bbb146d3e53","isMergeCommit":false,"messageTitle":"Added \u0027todo\u0027, \u0027deadline\u0027 and \u0027event\u0027 command","messageBody":"","tags":["Level-4"],"fileTypesAndContributionMap":{"java":{"insertions":106,"deletions":16}}},{"hash":"7cb31c9bd1b782927ade8cc3c0f7379bc2c4c2b4","isMergeCommit":false,"messageTitle":"Remove all usage of Emojis in preparation for Automated Testing","messageBody":"","fileTypesAndContributionMap":{"txt":{"insertions":69,"deletions":0},"java":{"insertions":33,"deletions":34}}},{"hash":"9935c3d8298a16c147f8e262f7b0157004c707d5","isMergeCommit":false,"messageTitle":"Fixed Scanner bug and updated runtest.sh","messageBody":"","fileTypesAndContributionMap":{"java":{"insertions":11,"deletions":8},"sh":{"insertions":1,"deletions":1}}},{"hash":"7389d4c7dbabc0b89df364841d75d9d9d333b19d","isMergeCommit":false,"messageTitle":"Updated JavaDoc version number, and checked that test passed for Windows \u0026 UNIX","messageBody":"","tags":["A-TextUiTesting"],"fileTypesAndContributionMap":{"java":{"insertions":5,"deletions":5}}},{"hash":"eaea89d888d5c68be40602ec5ca6411670195743","isMergeCommit":false,"messageTitle":"Added Error Handling (Exceptions) for Integer parsing during \u0027mark\u0027 \u0026 \u0027unmark\u0027","messageBody":"","tags":["Level-5"],"fileTypesAndContributionMap":{"txt":{"insertions":2,"deletions":0},"java":{"insertions":39,"deletions":10}}},{"hash":"9aada2ea44bd7e89edae5bde40ca6c03f9ad24db","isMergeCommit":false,"messageTitle":"Added \u0027delete\u0027 feature with updated Automated Testing","messageBody":"","tags":["Level-6"],"fileTypesAndContributionMap":{"txt":{"insertions":7,"deletions":0},"java":{"insertions":49,"deletions":5}}},{"hash":"03e452a108ef4a468490ab1228f800552997667a","isMergeCommit":false,"messageTitle":"Used Java\u0027s Enum, Updated docs/README.md, Updated JavaDocs","messageBody":"","tags":["A-Enums"],"fileTypesAndContributionMap":{"java":{"insertions":60,"deletions":40},"md":{"insertions":190,"deletions":13}}}]}]},"authorFileTypeContributionMap":{"Shamanbenny":{"java":587,"md":206,"fxml":0,"sh":1,"bat":1,"gradle":0,"txt":78}},"authorContributionVariance":{"Shamanbenny":71526.24},"authorDisplayNameMap":{"Shamanbenny":"LEE ..QUAN"}}
