[{"path":"src/main/java/Deadline.java","fileType":"java","lines":[{"lineNumber":1,"author":{"gitId":"xuxuezhou"},"content":"public class Deadline extends Task {","lastModifiedDate":"2025-01-30","isFullCredit":false},{"lineNumber":2,"author":{"gitId":"xuxuezhou"},"content":"    protected String by;","lastModifiedDate":"2025-01-30","isFullCredit":false},{"lineNumber":3,"author":{"gitId":"xuxuezhou"},"content":"","lastModifiedDate":"2025-01-30","isFullCredit":false},{"lineNumber":4,"author":{"gitId":"xuxuezhou"},"content":"    public Deadline(String description, String by) {","lastModifiedDate":"2025-01-30","isFullCredit":false},{"lineNumber":5,"author":{"gitId":"xuxuezhou"},"content":"        super(description);","lastModifiedDate":"2025-01-30","isFullCredit":false},{"lineNumber":6,"author":{"gitId":"xuxuezhou"},"content":"        this.by \u003d by;","lastModifiedDate":"2025-01-30","isFullCredit":false},{"lineNumber":7,"author":{"gitId":"xuxuezhou"},"content":"    }","lastModifiedDate":"2025-01-30","isFullCredit":false},{"lineNumber":8,"author":{"gitId":"xuxuezhou"},"content":"","lastModifiedDate":"2025-01-30","isFullCredit":false},{"lineNumber":9,"author":{"gitId":"xuxuezhou"},"content":"    @Override","lastModifiedDate":"2025-01-30","isFullCredit":false},{"lineNumber":10,"author":{"gitId":"xuxuezhou"},"content":"    public String toString() {","lastModifiedDate":"2025-01-30","isFullCredit":false},{"lineNumber":11,"author":{"gitId":"xuxuezhou"},"content":"        return \"[D]\" + super.toString() + \" (by: \" + by + \")\";","lastModifiedDate":"2025-01-30","isFullCredit":false},{"lineNumber":12,"author":{"gitId":"xuxuezhou"},"content":"    }","lastModifiedDate":"2025-01-30","isFullCredit":false},{"lineNumber":13,"author":{"gitId":"xuxuezhou"},"content":"}","lastModifiedDate":"2025-01-30","isFullCredit":false}],"authorContributionMap":{"xuxuezhou":13}},{"path":"src/main/java/Event.java","fileType":"java","lines":[{"lineNumber":1,"author":{"gitId":"xuxuezhou"},"content":"public class Event extends Task {","lastModifiedDate":"2025-01-30","isFullCredit":false},{"lineNumber":2,"author":{"gitId":"xuxuezhou"},"content":"    protected String from;","lastModifiedDate":"2025-01-30","isFullCredit":false},{"lineNumber":3,"author":{"gitId":"xuxuezhou"},"content":"    protected String to;","lastModifiedDate":"2025-01-30","isFullCredit":false},{"lineNumber":4,"author":{"gitId":"xuxuezhou"},"content":"","lastModifiedDate":"2025-01-30","isFullCredit":false},{"lineNumber":5,"author":{"gitId":"xuxuezhou"},"content":"    public Event(String description, String from, String to) {","lastModifiedDate":"2025-01-30","isFullCredit":false},{"lineNumber":6,"author":{"gitId":"xuxuezhou"},"content":"        super(description);","lastModifiedDate":"2025-01-30","isFullCredit":false},{"lineNumber":7,"author":{"gitId":"xuxuezhou"},"content":"        this.from \u003d from;","lastModifiedDate":"2025-01-30","isFullCredit":false},{"lineNumber":8,"author":{"gitId":"xuxuezhou"},"content":"        this.to \u003d to;","lastModifiedDate":"2025-01-30","isFullCredit":false},{"lineNumber":9,"author":{"gitId":"xuxuezhou"},"content":"    }","lastModifiedDate":"2025-01-30","isFullCredit":false},{"lineNumber":10,"author":{"gitId":"xuxuezhou"},"content":"","lastModifiedDate":"2025-01-30","isFullCredit":false},{"lineNumber":11,"author":{"gitId":"xuxuezhou"},"content":"    @Override","lastModifiedDate":"2025-01-30","isFullCredit":false},{"lineNumber":12,"author":{"gitId":"xuxuezhou"},"content":"    public String toString() {","lastModifiedDate":"2025-01-30","isFullCredit":false},{"lineNumber":13,"author":{"gitId":"xuxuezhou"},"content":"        return \"[E]\" + super.toString() + \" (from: \" + from + \" to: \" + to + \")\";","lastModifiedDate":"2025-01-30","isFullCredit":false},{"lineNumber":14,"author":{"gitId":"xuxuezhou"},"content":"    }","lastModifiedDate":"2025-01-30","isFullCredit":false},{"lineNumber":15,"author":{"gitId":"xuxuezhou"},"content":"}","lastModifiedDate":"2025-01-30","isFullCredit":false}],"authorContributionMap":{"xuxuezhou":15}},{"path":"src/main/java/Jarvis.java","fileType":"java","lines":[{"lineNumber":1,"author":{"gitId":"xuxuezhou"},"content":"import java.util.Scanner;","lastModifiedDate":"2025-01-30","isFullCredit":false},{"lineNumber":2,"author":{"gitId":"xuxuezhou"},"content":"","lastModifiedDate":"2025-01-30","isFullCredit":false},{"lineNumber":3,"author":{"gitId":"xuxuezhou"},"content":"public class Jarvis {","lastModifiedDate":"2025-01-30","isFullCredit":false},{"lineNumber":4,"author":{"gitId":"xuxuezhou"},"content":"    private static final int MAX_TASKS \u003d 100;","lastModifiedDate":"2025-01-30","isFullCredit":false},{"lineNumber":5,"author":{"gitId":"xuxuezhou"},"content":"    private static Task[] tasks \u003d new Task[MAX_TASKS];","lastModifiedDate":"2025-01-30","isFullCredit":false},{"lineNumber":6,"author":{"gitId":"xuxuezhou"},"content":"    private static int taskCount \u003d 0;","lastModifiedDate":"2025-01-30","isFullCredit":false},{"lineNumber":7,"author":{"gitId":"xuxuezhou"},"content":"","lastModifiedDate":"2025-01-30","isFullCredit":false},{"lineNumber":8,"author":{"gitId":"xuxuezhou"},"content":"    public static void main(String[] args) {","lastModifiedDate":"2025-01-30","isFullCredit":false},{"lineNumber":9,"author":{"gitId":"xuxuezhou"},"content":"        String logo \u003d \"      ____.                  .__        \\n\"","lastModifiedDate":"2025-01-30","isFullCredit":false},{"lineNumber":10,"author":{"gitId":"xuxuezhou"},"content":"                + \"     |    |____ __________  _|__| ______\\n\"","lastModifiedDate":"2025-01-30","isFullCredit":false},{"lineNumber":11,"author":{"gitId":"xuxuezhou"},"content":"                + \"     |    \\\\__  \\\\_  __ \\\\  \\\\/ /  |/  ___/\\n\"","lastModifiedDate":"2025-01-30","isFullCredit":false},{"lineNumber":12,"author":{"gitId":"xuxuezhou"},"content":"                + \" /\\\\__|    |/ __ \\\\|  | \\\\/\\\\   /|  |\\\\___ \\\\ \\n\"","lastModifiedDate":"2025-01-30","isFullCredit":false},{"lineNumber":13,"author":{"gitId":"xuxuezhou"},"content":"                + \" \\\\________(____  /__|    \\\\_/ |__/____  \u003e\\n\"","lastModifiedDate":"2025-01-30","isFullCredit":false},{"lineNumber":14,"author":{"gitId":"xuxuezhou"},"content":"                + \"               \\\\/                    \\\\/ \\n\";","lastModifiedDate":"2025-01-30","isFullCredit":false},{"lineNumber":15,"author":{"gitId":"xuxuezhou"},"content":"","lastModifiedDate":"2025-01-30","isFullCredit":false},{"lineNumber":16,"author":{"gitId":"xuxuezhou"},"content":"        System.out.println(logo);","lastModifiedDate":"2025-01-30","isFullCredit":false},{"lineNumber":17,"author":{"gitId":"xuxuezhou"},"content":"        System.out.println(\"_________________________________________\");","lastModifiedDate":"2025-01-30","isFullCredit":false},{"lineNumber":18,"author":{"gitId":"xuxuezhou"},"content":"        System.out.println(\"Hello, sir. I am Jarvis, now with enhanced task management.\");","lastModifiedDate":"2025-01-30","isFullCredit":false},{"lineNumber":19,"author":{"gitId":"xuxuezhou"},"content":"        System.out.println(\"Commands:\");","lastModifiedDate":"2025-01-30","isFullCredit":false},{"lineNumber":20,"author":{"gitId":"xuxuezhou"},"content":"        System.out.println(\"  - \u0027todo \u003ctask\u003e\u0027 → Adds a ToDo task\");","lastModifiedDate":"2025-01-30","isFullCredit":false},{"lineNumber":21,"author":{"gitId":"xuxuezhou"},"content":"        System.out.println(\"  - \u0027deadline \u003ctask\u003e /by \u003cdate\u003e\u0027 → Adds a Deadline task\");","lastModifiedDate":"2025-01-30","isFullCredit":false},{"lineNumber":22,"author":{"gitId":"xuxuezhou"},"content":"        System.out.println(\"  - \u0027event \u003ctask\u003e /from \u003cstart\u003e /to \u003cend\u003e\u0027 → Adds an Event task\");","lastModifiedDate":"2025-01-30","isFullCredit":false},{"lineNumber":23,"author":{"gitId":"xuxuezhou"},"content":"        System.out.println(\"  - \u0027mark \u003cnumber\u003e\u0027 → Marks a task as done\");","lastModifiedDate":"2025-01-30","isFullCredit":false},{"lineNumber":24,"author":{"gitId":"xuxuezhou"},"content":"        System.out.println(\"  - \u0027unmark \u003cnumber\u003e\u0027 → Unmarks a completed task\");","lastModifiedDate":"2025-01-30","isFullCredit":false},{"lineNumber":25,"author":{"gitId":"xuxuezhou"},"content":"        System.out.println(\"  - \u0027list\u0027 → Shows all tasks\");","lastModifiedDate":"2025-01-30","isFullCredit":false},{"lineNumber":26,"author":{"gitId":"xuxuezhou"},"content":"        System.out.println(\"  - \u0027bye\u0027 → Exits the program\");","lastModifiedDate":"2025-01-30","isFullCredit":false},{"lineNumber":27,"author":{"gitId":"xuxuezhou"},"content":"        System.out.println(\"_________________________________________\");","lastModifiedDate":"2025-01-30","isFullCredit":false},{"lineNumber":28,"author":{"gitId":"xuxuezhou"},"content":"","lastModifiedDate":"2025-01-30","isFullCredit":false},{"lineNumber":29,"author":{"gitId":"xuxuezhou"},"content":"        Scanner scanner \u003d new Scanner(System.in);","lastModifiedDate":"2025-01-30","isFullCredit":false},{"lineNumber":30,"author":{"gitId":"xuxuezhou"},"content":"        String userInput;","lastModifiedDate":"2025-01-30","isFullCredit":false},{"lineNumber":31,"author":{"gitId":"xuxuezhou"},"content":"","lastModifiedDate":"2025-01-30","isFullCredit":false},{"lineNumber":32,"author":{"gitId":"xuxuezhou"},"content":"        while (true) {","lastModifiedDate":"2025-01-30","isFullCredit":false},{"lineNumber":33,"author":{"gitId":"xuxuezhou"},"content":"            System.out.print(\"\u003e \");","lastModifiedDate":"2025-01-30","isFullCredit":false},{"lineNumber":34,"author":{"gitId":"xuxuezhou"},"content":"            userInput \u003d scanner.nextLine().trim();","lastModifiedDate":"2025-01-30","isFullCredit":false},{"lineNumber":35,"author":{"gitId":"xuxuezhou"},"content":"","lastModifiedDate":"2025-01-30","isFullCredit":false},{"lineNumber":36,"author":{"gitId":"xuxuezhou"},"content":"            if (userInput.equalsIgnoreCase(\"bye\")) {","lastModifiedDate":"2025-01-30","isFullCredit":false},{"lineNumber":37,"author":{"gitId":"xuxuezhou"},"content":"                System.out.println(\"_________________________________________\");","lastModifiedDate":"2025-01-30","isFullCredit":false},{"lineNumber":38,"author":{"gitId":"xuxuezhou"},"content":"                System.out.println(\"Sir, I am now shutting down. Until next time.\");","lastModifiedDate":"2025-01-30","isFullCredit":false},{"lineNumber":39,"author":{"gitId":"xuxuezhou"},"content":"                System.out.println(\"_________________________________________\");","lastModifiedDate":"2025-01-30","isFullCredit":false},{"lineNumber":40,"author":{"gitId":"xuxuezhou"},"content":"                break;","lastModifiedDate":"2025-01-30","isFullCredit":false},{"lineNumber":41,"author":{"gitId":"xuxuezhou"},"content":"            } else if (userInput.equalsIgnoreCase(\"list\")) {","lastModifiedDate":"2025-01-30","isFullCredit":false},{"lineNumber":42,"author":{"gitId":"xuxuezhou"},"content":"                displayTasks();","lastModifiedDate":"2025-01-30","isFullCredit":false},{"lineNumber":43,"author":{"gitId":"xuxuezhou"},"content":"            } else if (userInput.startsWith(\"todo \")) {","lastModifiedDate":"2025-01-30","isFullCredit":false},{"lineNumber":44,"author":{"gitId":"xuxuezhou"},"content":"                addToDo(userInput.substring(5));","lastModifiedDate":"2025-01-30","isFullCredit":false},{"lineNumber":45,"author":{"gitId":"xuxuezhou"},"content":"            } else if (userInput.startsWith(\"deadline \")) {","lastModifiedDate":"2025-01-30","isFullCredit":false},{"lineNumber":46,"author":{"gitId":"xuxuezhou"},"content":"                addDeadline(userInput);","lastModifiedDate":"2025-01-30","isFullCredit":false},{"lineNumber":47,"author":{"gitId":"xuxuezhou"},"content":"            } else if (userInput.startsWith(\"event \")) {","lastModifiedDate":"2025-01-30","isFullCredit":false},{"lineNumber":48,"author":{"gitId":"xuxuezhou"},"content":"                addEvent(userInput);","lastModifiedDate":"2025-01-30","isFullCredit":false},{"lineNumber":49,"author":{"gitId":"xuxuezhou"},"content":"            } else if (userInput.startsWith(\"mark \")) {","lastModifiedDate":"2025-01-30","isFullCredit":false},{"lineNumber":50,"author":{"gitId":"xuxuezhou"},"content":"                markTask(userInput);","lastModifiedDate":"2025-01-30","isFullCredit":false},{"lineNumber":51,"author":{"gitId":"xuxuezhou"},"content":"            } else if (userInput.startsWith(\"unmark \")) {","lastModifiedDate":"2025-01-30","isFullCredit":false},{"lineNumber":52,"author":{"gitId":"xuxuezhou"},"content":"                unmarkTask(userInput);","lastModifiedDate":"2025-01-30","isFullCredit":false},{"lineNumber":53,"author":{"gitId":"xuxuezhou"},"content":"            } else {","lastModifiedDate":"2025-01-30","isFullCredit":false},{"lineNumber":54,"author":{"gitId":"xuxuezhou"},"content":"                System.out.println(\"Sir, I did not understand that command. Please use \u0027todo\u0027, \u0027deadline\u0027, \u0027event\u0027, \u0027mark\u0027, or \u0027unmark\u0027.\");","lastModifiedDate":"2025-01-30","isFullCredit":false},{"lineNumber":55,"author":{"gitId":"xuxuezhou"},"content":"            }","lastModifiedDate":"2025-01-30","isFullCredit":false},{"lineNumber":56,"author":{"gitId":"xuxuezhou"},"content":"        }","lastModifiedDate":"2025-01-30","isFullCredit":false},{"lineNumber":57,"author":{"gitId":"xuxuezhou"},"content":"","lastModifiedDate":"2025-01-30","isFullCredit":false},{"lineNumber":58,"author":{"gitId":"xuxuezhou"},"content":"        scanner.close();","lastModifiedDate":"2025-01-30","isFullCredit":false},{"lineNumber":59,"author":{"gitId":"xuxuezhou"},"content":"    }","lastModifiedDate":"2025-01-30","isFullCredit":false},{"lineNumber":60,"author":{"gitId":"xuxuezhou"},"content":"","lastModifiedDate":"2025-01-30","isFullCredit":false},{"lineNumber":61,"author":{"gitId":"xuxuezhou"},"content":"    private static void addToDo(String taskDescription) {","lastModifiedDate":"2025-01-30","isFullCredit":false},{"lineNumber":62,"author":{"gitId":"xuxuezhou"},"content":"        tasks[taskCount++] \u003d new ToDo(taskDescription);","lastModifiedDate":"2025-01-30","isFullCredit":false},{"lineNumber":63,"author":{"gitId":"xuxuezhou"},"content":"        printAddedTask();","lastModifiedDate":"2025-01-30","isFullCredit":false},{"lineNumber":64,"author":{"gitId":"xuxuezhou"},"content":"    }","lastModifiedDate":"2025-01-30","isFullCredit":false},{"lineNumber":65,"author":{"gitId":"xuxuezhou"},"content":"","lastModifiedDate":"2025-01-30","isFullCredit":false},{"lineNumber":66,"author":{"gitId":"xuxuezhou"},"content":"    private static void addDeadline(String input) {","lastModifiedDate":"2025-01-30","isFullCredit":false},{"lineNumber":67,"author":{"gitId":"xuxuezhou"},"content":"        try {","lastModifiedDate":"2025-01-30","isFullCredit":false},{"lineNumber":68,"author":{"gitId":"xuxuezhou"},"content":"            String[] parts \u003d input.split(\" /by \", 2);","lastModifiedDate":"2025-01-30","isFullCredit":false},{"lineNumber":69,"author":{"gitId":"xuxuezhou"},"content":"            if (parts.length \u003c 2 || parts[1].trim().isEmpty()) {","lastModifiedDate":"2025-01-30","isFullCredit":false},{"lineNumber":70,"author":{"gitId":"xuxuezhou"},"content":"                throw new Exception();","lastModifiedDate":"2025-01-30","isFullCredit":false},{"lineNumber":71,"author":{"gitId":"xuxuezhou"},"content":"            }","lastModifiedDate":"2025-01-30","isFullCredit":false},{"lineNumber":72,"author":{"gitId":"xuxuezhou"},"content":"            String description \u003d parts[0].substring(\"deadline \".length()).trim();","lastModifiedDate":"2025-01-30","isFullCredit":false},{"lineNumber":73,"author":{"gitId":"xuxuezhou"},"content":"            String by \u003d parts[1].trim();","lastModifiedDate":"2025-01-30","isFullCredit":false},{"lineNumber":74,"author":{"gitId":"xuxuezhou"},"content":"            tasks[taskCount++] \u003d new Deadline(description, by);","lastModifiedDate":"2025-01-30","isFullCredit":false},{"lineNumber":75,"author":{"gitId":"xuxuezhou"},"content":"            printAddedTask();","lastModifiedDate":"2025-01-30","isFullCredit":false},{"lineNumber":76,"author":{"gitId":"xuxuezhou"},"content":"        } catch (Exception e) {","lastModifiedDate":"2025-01-30","isFullCredit":false},{"lineNumber":77,"author":{"gitId":"xuxuezhou"},"content":"            System.out.println(\"Sir, please provide a valid deadline format: \u0027deadline \u003ctask\u003e /by \u003cdate\u003e\u0027.\");","lastModifiedDate":"2025-01-30","isFullCredit":false},{"lineNumber":78,"author":{"gitId":"xuxuezhou"},"content":"        }","lastModifiedDate":"2025-01-30","isFullCredit":false},{"lineNumber":79,"author":{"gitId":"xuxuezhou"},"content":"    }","lastModifiedDate":"2025-01-30","isFullCredit":false},{"lineNumber":80,"author":{"gitId":"xuxuezhou"},"content":"","lastModifiedDate":"2025-01-30","isFullCredit":false},{"lineNumber":81,"author":{"gitId":"xuxuezhou"},"content":"    private static void addEvent(String input) {","lastModifiedDate":"2025-01-30","isFullCredit":false},{"lineNumber":82,"author":{"gitId":"xuxuezhou"},"content":"        try {","lastModifiedDate":"2025-01-30","isFullCredit":false},{"lineNumber":83,"author":{"gitId":"xuxuezhou"},"content":"            String[] parts \u003d input.split(\" /from | /to \");","lastModifiedDate":"2025-01-30","isFullCredit":false},{"lineNumber":84,"author":{"gitId":"xuxuezhou"},"content":"            if (parts.length \u003c 3 || parts[1].trim().isEmpty() || parts[2].trim().isEmpty()) {","lastModifiedDate":"2025-01-30","isFullCredit":false},{"lineNumber":85,"author":{"gitId":"xuxuezhou"},"content":"                throw new Exception();","lastModifiedDate":"2025-01-30","isFullCredit":false},{"lineNumber":86,"author":{"gitId":"xuxuezhou"},"content":"            }","lastModifiedDate":"2025-01-30","isFullCredit":false},{"lineNumber":87,"author":{"gitId":"xuxuezhou"},"content":"            String description \u003d parts[0].substring(\"event \".length()).trim();","lastModifiedDate":"2025-01-30","isFullCredit":false},{"lineNumber":88,"author":{"gitId":"xuxuezhou"},"content":"            String from \u003d parts[1].trim();","lastModifiedDate":"2025-01-30","isFullCredit":false},{"lineNumber":89,"author":{"gitId":"xuxuezhou"},"content":"            String to \u003d parts[2].trim();","lastModifiedDate":"2025-01-30","isFullCredit":false},{"lineNumber":90,"author":{"gitId":"xuxuezhou"},"content":"            tasks[taskCount++] \u003d new Event(description, from, to);","lastModifiedDate":"2025-01-30","isFullCredit":false},{"lineNumber":91,"author":{"gitId":"xuxuezhou"},"content":"            printAddedTask();","lastModifiedDate":"2025-01-30","isFullCredit":false},{"lineNumber":92,"author":{"gitId":"xuxuezhou"},"content":"        } catch (Exception e) {","lastModifiedDate":"2025-01-30","isFullCredit":false},{"lineNumber":93,"author":{"gitId":"xuxuezhou"},"content":"            System.out.println(\"Sir, please provide a valid event format: \u0027event \u003ctask\u003e /from \u003cstart\u003e /to \u003cend\u003e\u0027.\");","lastModifiedDate":"2025-01-30","isFullCredit":false},{"lineNumber":94,"author":{"gitId":"xuxuezhou"},"content":"        }","lastModifiedDate":"2025-01-30","isFullCredit":false},{"lineNumber":95,"author":{"gitId":"xuxuezhou"},"content":"    }","lastModifiedDate":"2025-01-30","isFullCredit":false},{"lineNumber":96,"author":{"gitId":"xuxuezhou"},"content":"","lastModifiedDate":"2025-01-30","isFullCredit":false},{"lineNumber":97,"author":{"gitId":"xuxuezhou"},"content":"    private static void markTask(String command) {","lastModifiedDate":"2025-01-30","isFullCredit":false},{"lineNumber":98,"author":{"gitId":"xuxuezhou"},"content":"        try {","lastModifiedDate":"2025-01-30","isFullCredit":false},{"lineNumber":99,"author":{"gitId":"xuxuezhou"},"content":"            int taskNumber \u003d Integer.parseInt(command.split(\" \")[1]) - 1;","lastModifiedDate":"2025-01-30","isFullCredit":false},{"lineNumber":100,"author":{"gitId":"xuxuezhou"},"content":"            tasks[taskNumber].markAsDone();","lastModifiedDate":"2025-01-30","isFullCredit":false},{"lineNumber":101,"author":{"gitId":"xuxuezhou"},"content":"            System.out.println(\"_________________________________________\");","lastModifiedDate":"2025-01-30","isFullCredit":false},{"lineNumber":102,"author":{"gitId":"xuxuezhou"},"content":"            System.out.println(\"Nice! I\u0027ve marked this task as done:\");","lastModifiedDate":"2025-01-30","isFullCredit":false},{"lineNumber":103,"author":{"gitId":"xuxuezhou"},"content":"            System.out.println(\"  \" + tasks[taskNumber]);","lastModifiedDate":"2025-01-30","isFullCredit":false},{"lineNumber":104,"author":{"gitId":"xuxuezhou"},"content":"            System.out.println(\"_________________________________________\");","lastModifiedDate":"2025-01-30","isFullCredit":false},{"lineNumber":105,"author":{"gitId":"xuxuezhou"},"content":"        } catch (Exception e) {","lastModifiedDate":"2025-01-30","isFullCredit":false},{"lineNumber":106,"author":{"gitId":"xuxuezhou"},"content":"            System.out.println(\"Sir, please provide a valid task number for marking.\");","lastModifiedDate":"2025-01-30","isFullCredit":false},{"lineNumber":107,"author":{"gitId":"xuxuezhou"},"content":"        }","lastModifiedDate":"2025-01-30","isFullCredit":false},{"lineNumber":108,"author":{"gitId":"xuxuezhou"},"content":"    }","lastModifiedDate":"2025-01-30","isFullCredit":false},{"lineNumber":109,"author":{"gitId":"xuxuezhou"},"content":"","lastModifiedDate":"2025-01-30","isFullCredit":false},{"lineNumber":110,"author":{"gitId":"xuxuezhou"},"content":"    private static void unmarkTask(String command) {","lastModifiedDate":"2025-01-30","isFullCredit":false},{"lineNumber":111,"author":{"gitId":"xuxuezhou"},"content":"        try {","lastModifiedDate":"2025-01-30","isFullCredit":false},{"lineNumber":112,"author":{"gitId":"xuxuezhou"},"content":"            int taskNumber \u003d Integer.parseInt(command.split(\" \")[1]) - 1;","lastModifiedDate":"2025-01-30","isFullCredit":false},{"lineNumber":113,"author":{"gitId":"xuxuezhou"},"content":"            tasks[taskNumber].markAsNotDone();","lastModifiedDate":"2025-01-30","isFullCredit":false},{"lineNumber":114,"author":{"gitId":"xuxuezhou"},"content":"            System.out.println(\"_________________________________________\");","lastModifiedDate":"2025-01-30","isFullCredit":false},{"lineNumber":115,"author":{"gitId":"xuxuezhou"},"content":"            System.out.println(\"OK, I\u0027ve marked this task as not done yet:\");","lastModifiedDate":"2025-01-30","isFullCredit":false},{"lineNumber":116,"author":{"gitId":"xuxuezhou"},"content":"            System.out.println(\"  \" + tasks[taskNumber]);","lastModifiedDate":"2025-01-30","isFullCredit":false},{"lineNumber":117,"author":{"gitId":"xuxuezhou"},"content":"            System.out.println(\"_________________________________________\");","lastModifiedDate":"2025-01-30","isFullCredit":false},{"lineNumber":118,"author":{"gitId":"xuxuezhou"},"content":"        } catch (Exception e) {","lastModifiedDate":"2025-01-30","isFullCredit":false},{"lineNumber":119,"author":{"gitId":"xuxuezhou"},"content":"            System.out.println(\"Sir, please provide a valid task number for unmarking.\");","lastModifiedDate":"2025-01-30","isFullCredit":false},{"lineNumber":120,"author":{"gitId":"xuxuezhou"},"content":"        }","lastModifiedDate":"2025-01-30","isFullCredit":false},{"lineNumber":121,"author":{"gitId":"xuxuezhou"},"content":"    }","lastModifiedDate":"2025-01-30","isFullCredit":false},{"lineNumber":122,"author":{"gitId":"xuxuezhou"},"content":"","lastModifiedDate":"2025-01-30","isFullCredit":false},{"lineNumber":123,"author":{"gitId":"xuxuezhou"},"content":"    private static void displayTasks() {","lastModifiedDate":"2025-01-30","isFullCredit":false},{"lineNumber":124,"author":{"gitId":"xuxuezhou"},"content":"        System.out.println(\"_________________________________________\");","lastModifiedDate":"2025-01-30","isFullCredit":false},{"lineNumber":125,"author":{"gitId":"xuxuezhou"},"content":"        if (taskCount \u003d\u003d 0) {","lastModifiedDate":"2025-01-30","isFullCredit":false},{"lineNumber":126,"author":{"gitId":"xuxuezhou"},"content":"            System.out.println(\"Sir, your task list is currently empty.\");","lastModifiedDate":"2025-01-30","isFullCredit":false},{"lineNumber":127,"author":{"gitId":"xuxuezhou"},"content":"        } else {","lastModifiedDate":"2025-01-30","isFullCredit":false},{"lineNumber":128,"author":{"gitId":"xuxuezhou"},"content":"            System.out.println(\"Here are your tasks, sir:\");","lastModifiedDate":"2025-01-30","isFullCredit":false},{"lineNumber":129,"author":{"gitId":"xuxuezhou"},"content":"            for (int i \u003d 0; i \u003c taskCount; i++) {","lastModifiedDate":"2025-01-30","isFullCredit":false},{"lineNumber":130,"author":{"gitId":"xuxuezhou"},"content":"                System.out.println((i + 1) + \". \" + tasks[i]);","lastModifiedDate":"2025-01-30","isFullCredit":false},{"lineNumber":131,"author":{"gitId":"xuxuezhou"},"content":"            }","lastModifiedDate":"2025-01-30","isFullCredit":false},{"lineNumber":132,"author":{"gitId":"xuxuezhou"},"content":"        }","lastModifiedDate":"2025-01-30","isFullCredit":false},{"lineNumber":133,"author":{"gitId":"xuxuezhou"},"content":"        System.out.println(\"_________________________________________\");","lastModifiedDate":"2025-01-30","isFullCredit":false},{"lineNumber":134,"author":{"gitId":"xuxuezhou"},"content":"    }","lastModifiedDate":"2025-01-30","isFullCredit":false},{"lineNumber":135,"author":{"gitId":"xuxuezhou"},"content":"","lastModifiedDate":"2025-01-30","isFullCredit":false},{"lineNumber":136,"author":{"gitId":"xuxuezhou"},"content":"    private static void printAddedTask() {","lastModifiedDate":"2025-01-30","isFullCredit":false},{"lineNumber":137,"author":{"gitId":"xuxuezhou"},"content":"        System.out.println(\"_________________________________________\");","lastModifiedDate":"2025-01-30","isFullCredit":false},{"lineNumber":138,"author":{"gitId":"xuxuezhou"},"content":"        System.out.println(\"Got it. I\u0027ve added this task:\");","lastModifiedDate":"2025-01-30","isFullCredit":false},{"lineNumber":139,"author":{"gitId":"xuxuezhou"},"content":"        System.out.println(\"  \" + tasks[taskCount - 1]);","lastModifiedDate":"2025-01-30","isFullCredit":false},{"lineNumber":140,"author":{"gitId":"xuxuezhou"},"content":"        System.out.println(\"Now you have \" + taskCount + \" tasks in the list.\");","lastModifiedDate":"2025-01-30","isFullCredit":false},{"lineNumber":141,"author":{"gitId":"xuxuezhou"},"content":"        System.out.println(\"_________________________________________\");","lastModifiedDate":"2025-01-30","isFullCredit":false},{"lineNumber":142,"author":{"gitId":"xuxuezhou"},"content":"    }","lastModifiedDate":"2025-01-30","isFullCredit":false},{"lineNumber":143,"author":{"gitId":"xuxuezhou"},"content":"}","lastModifiedDate":"2025-01-30","isFullCredit":false}],"authorContributionMap":{"xuxuezhou":143}},{"path":"src/main/java/Task.java","fileType":"java","lines":[{"lineNumber":1,"author":{"gitId":"xuxuezhou"},"content":"public class Task {","lastModifiedDate":"2025-01-30","isFullCredit":false},{"lineNumber":2,"author":{"gitId":"xuxuezhou"},"content":"    protected String description;","lastModifiedDate":"2025-01-30","isFullCredit":false},{"lineNumber":3,"author":{"gitId":"xuxuezhou"},"content":"    protected boolean isDone;","lastModifiedDate":"2025-01-30","isFullCredit":false},{"lineNumber":4,"author":{"gitId":"xuxuezhou"},"content":"","lastModifiedDate":"2025-01-30","isFullCredit":false},{"lineNumber":5,"author":{"gitId":"xuxuezhou"},"content":"    public Task(String description) {","lastModifiedDate":"2025-01-30","isFullCredit":false},{"lineNumber":6,"author":{"gitId":"xuxuezhou"},"content":"        this.description \u003d description;","lastModifiedDate":"2025-01-30","isFullCredit":false},{"lineNumber":7,"author":{"gitId":"xuxuezhou"},"content":"        this.isDone \u003d false;","lastModifiedDate":"2025-01-30","isFullCredit":false},{"lineNumber":8,"author":{"gitId":"xuxuezhou"},"content":"    }","lastModifiedDate":"2025-01-30","isFullCredit":false},{"lineNumber":9,"author":{"gitId":"xuxuezhou"},"content":"","lastModifiedDate":"2025-01-30","isFullCredit":false},{"lineNumber":10,"author":{"gitId":"xuxuezhou"},"content":"    public void markAsDone() {","lastModifiedDate":"2025-01-30","isFullCredit":false},{"lineNumber":11,"author":{"gitId":"xuxuezhou"},"content":"        this.isDone \u003d true;","lastModifiedDate":"2025-01-30","isFullCredit":false},{"lineNumber":12,"author":{"gitId":"xuxuezhou"},"content":"    }","lastModifiedDate":"2025-01-30","isFullCredit":false},{"lineNumber":13,"author":{"gitId":"xuxuezhou"},"content":"","lastModifiedDate":"2025-01-30","isFullCredit":false},{"lineNumber":14,"author":{"gitId":"xuxuezhou"},"content":"    public void markAsNotDone() {","lastModifiedDate":"2025-01-30","isFullCredit":false},{"lineNumber":15,"author":{"gitId":"xuxuezhou"},"content":"        this.isDone \u003d false;","lastModifiedDate":"2025-01-30","isFullCredit":false},{"lineNumber":16,"author":{"gitId":"xuxuezhou"},"content":"    }","lastModifiedDate":"2025-01-30","isFullCredit":false},{"lineNumber":17,"author":{"gitId":"xuxuezhou"},"content":"","lastModifiedDate":"2025-01-30","isFullCredit":false},{"lineNumber":18,"author":{"gitId":"xuxuezhou"},"content":"    public String getStatusIcon() {","lastModifiedDate":"2025-01-30","isFullCredit":false},{"lineNumber":19,"author":{"gitId":"xuxuezhou"},"content":"        return (isDone ? \"[X]\" : \"[ ]\");","lastModifiedDate":"2025-01-30","isFullCredit":false},{"lineNumber":20,"author":{"gitId":"xuxuezhou"},"content":"    }","lastModifiedDate":"2025-01-30","isFullCredit":false},{"lineNumber":21,"author":{"gitId":"xuxuezhou"},"content":"","lastModifiedDate":"2025-01-30","isFullCredit":false},{"lineNumber":22,"author":{"gitId":"xuxuezhou"},"content":"    @Override","lastModifiedDate":"2025-01-30","isFullCredit":false},{"lineNumber":23,"author":{"gitId":"xuxuezhou"},"content":"    public String toString() {","lastModifiedDate":"2025-01-30","isFullCredit":false},{"lineNumber":24,"author":{"gitId":"xuxuezhou"},"content":"        return getStatusIcon() + \" \" + description;","lastModifiedDate":"2025-01-30","isFullCredit":false},{"lineNumber":25,"author":{"gitId":"xuxuezhou"},"content":"    }","lastModifiedDate":"2025-01-30","isFullCredit":false},{"lineNumber":26,"author":{"gitId":"xuxuezhou"},"content":"}","lastModifiedDate":"2025-01-30","isFullCredit":false}],"authorContributionMap":{"xuxuezhou":26}},{"path":"src/main/java/ToDo.java","fileType":"java","lines":[{"lineNumber":1,"author":{"gitId":"xuxuezhou"},"content":"public class ToDo extends Task {","lastModifiedDate":"2025-01-30","isFullCredit":false},{"lineNumber":2,"author":{"gitId":"xuxuezhou"},"content":"    public ToDo(String description) {","lastModifiedDate":"2025-01-30","isFullCredit":false},{"lineNumber":3,"author":{"gitId":"xuxuezhou"},"content":"        super(description);","lastModifiedDate":"2025-01-30","isFullCredit":false},{"lineNumber":4,"author":{"gitId":"xuxuezhou"},"content":"    }","lastModifiedDate":"2025-01-30","isFullCredit":false},{"lineNumber":5,"author":{"gitId":"xuxuezhou"},"content":"","lastModifiedDate":"2025-01-30","isFullCredit":false},{"lineNumber":6,"author":{"gitId":"xuxuezhou"},"content":"    @Override","lastModifiedDate":"2025-01-30","isFullCredit":false},{"lineNumber":7,"author":{"gitId":"xuxuezhou"},"content":"    public String toString() {","lastModifiedDate":"2025-01-30","isFullCredit":false},{"lineNumber":8,"author":{"gitId":"xuxuezhou"},"content":"        return \"[T]\" + super.toString();","lastModifiedDate":"2025-01-30","isFullCredit":false},{"lineNumber":9,"author":{"gitId":"xuxuezhou"},"content":"    }","lastModifiedDate":"2025-01-30","isFullCredit":false},{"lineNumber":10,"author":{"gitId":"xuxuezhou"},"content":"}","lastModifiedDate":"2025-01-30","isFullCredit":false}],"authorContributionMap":{"xuxuezhou":10}},{"path":"text-ui-test/input.txt","fileType":"txt","lines":[{"lineNumber":1,"author":{"gitId":"xuxuezhou"},"content":"todo buy milk","lastModifiedDate":"2025-01-30","isFullCredit":false},{"lineNumber":2,"author":{"gitId":"xuxuezhou"},"content":"deadline return book /by Sunday","lastModifiedDate":"2025-01-30","isFullCredit":false},{"lineNumber":3,"author":{"gitId":"xuxuezhou"},"content":"event project meeting /from Mon 2pm /to 4pm","lastModifiedDate":"2025-01-30","isFullCredit":false},{"lineNumber":4,"author":{"gitId":"xuxuezhou"},"content":"list","lastModifiedDate":"2025-01-30","isFullCredit":false},{"lineNumber":5,"author":{"gitId":"xuxuezhou"},"content":"mark 2","lastModifiedDate":"2025-01-30","isFullCredit":false},{"lineNumber":6,"author":{"gitId":"xuxuezhou"},"content":"unmark 2","lastModifiedDate":"2025-01-30","isFullCredit":false},{"lineNumber":7,"author":{"gitId":"xuxuezhou"},"content":"list","lastModifiedDate":"2025-01-30","isFullCredit":false},{"lineNumber":8,"author":{"gitId":"xuxuezhou"},"content":"bye","lastModifiedDate":"2025-01-30","isFullCredit":false}],"authorContributionMap":{"xuxuezhou":8}},{"path":"text-ui-test/runtest.sh","fileType":"sh","lines":[{"lineNumber":1,"author":{"gitId":"-"},"content":"#!/usr/bin/env bash","lastModifiedDate":"2020-05-25","isFullCredit":false},{"lineNumber":2,"author":{"gitId":"-"},"content":"","lastModifiedDate":"2020-05-25","isFullCredit":false},{"lineNumber":3,"author":{"gitId":"-"},"content":"# create bin directory if it doesn\u0027t exist","lastModifiedDate":"2020-05-25","isFullCredit":false},{"lineNumber":4,"author":{"gitId":"-"},"content":"if [ ! -d \"../bin\" ]","lastModifiedDate":"2020-05-25","isFullCredit":false},{"lineNumber":5,"author":{"gitId":"-"},"content":"then","lastModifiedDate":"2020-05-25","isFullCredit":false},{"lineNumber":6,"author":{"gitId":"-"},"content":"    mkdir ../bin","lastModifiedDate":"2020-05-25","isFullCredit":false},{"lineNumber":7,"author":{"gitId":"-"},"content":"fi","lastModifiedDate":"2020-05-25","isFullCredit":false},{"lineNumber":8,"author":{"gitId":"-"},"content":"","lastModifiedDate":"2020-05-25","isFullCredit":false},{"lineNumber":9,"author":{"gitId":"-"},"content":"# delete output from previous run","lastModifiedDate":"2020-05-25","isFullCredit":false},{"lineNumber":10,"author":{"gitId":"-"},"content":"if [ -e \"./ACTUAL.TXT\" ]","lastModifiedDate":"2020-05-25","isFullCredit":false},{"lineNumber":11,"author":{"gitId":"-"},"content":"then","lastModifiedDate":"2020-05-25","isFullCredit":false},{"lineNumber":12,"author":{"gitId":"-"},"content":"    rm ACTUAL.TXT","lastModifiedDate":"2020-05-25","isFullCredit":false},{"lineNumber":13,"author":{"gitId":"-"},"content":"fi","lastModifiedDate":"2020-05-25","isFullCredit":false},{"lineNumber":14,"author":{"gitId":"-"},"content":"","lastModifiedDate":"2020-05-25","isFullCredit":false},{"lineNumber":15,"author":{"gitId":"-"},"content":"# compile the code into the bin folder, terminates if error occurred","lastModifiedDate":"2020-05-25","isFullCredit":false},{"lineNumber":16,"author":{"gitId":"-"},"content":"if ! javac -cp ../src/main/java -Xlint:none -d ../bin ../src/main/java/*.java","lastModifiedDate":"2020-08-25","isFullCredit":false},{"lineNumber":17,"author":{"gitId":"-"},"content":"then","lastModifiedDate":"2020-05-25","isFullCredit":false},{"lineNumber":18,"author":{"gitId":"-"},"content":"    echo \"********** BUILD FAILURE **********\"","lastModifiedDate":"2020-05-25","isFullCredit":false},{"lineNumber":19,"author":{"gitId":"-"},"content":"    exit 1","lastModifiedDate":"2020-05-25","isFullCredit":false},{"lineNumber":20,"author":{"gitId":"-"},"content":"fi","lastModifiedDate":"2020-05-25","isFullCredit":false},{"lineNumber":21,"author":{"gitId":"-"},"content":"","lastModifiedDate":"2020-05-25","isFullCredit":false},{"lineNumber":22,"author":{"gitId":"xuxuezhou"},"content":"# run the program, feed commands from input.txt file and redirect the output to ACTUAL.TXT","lastModifiedDate":"2025-01-30","isFullCredit":false},{"lineNumber":23,"author":{"gitId":"xuxuezhou"},"content":"java -classpath ../bin Jarvis \u003c input.txt \u003e ACTUAL.TXT","lastModifiedDate":"2025-01-30","isFullCredit":false},{"lineNumber":24,"author":{"gitId":"-"},"content":"","lastModifiedDate":"2020-05-25","isFullCredit":false},{"lineNumber":25,"author":{"gitId":"-"},"content":"# convert to UNIX format","lastModifiedDate":"2020-05-25","isFullCredit":false},{"lineNumber":26,"author":{"gitId":"-"},"content":"cp EXPECTED.TXT EXPECTED-UNIX.TXT","lastModifiedDate":"2020-05-25","isFullCredit":false},{"lineNumber":27,"author":{"gitId":"-"},"content":"dos2unix ACTUAL.TXT EXPECTED-UNIX.TXT","lastModifiedDate":"2020-05-25","isFullCredit":false},{"lineNumber":28,"author":{"gitId":"-"},"content":"","lastModifiedDate":"2020-05-25","isFullCredit":false},{"lineNumber":29,"author":{"gitId":"-"},"content":"# compare the output to the expected output","lastModifiedDate":"2020-05-25","isFullCredit":false},{"lineNumber":30,"author":{"gitId":"-"},"content":"diff ACTUAL.TXT EXPECTED-UNIX.TXT","lastModifiedDate":"2020-05-25","isFullCredit":false},{"lineNumber":31,"author":{"gitId":"-"},"content":"if [ $? -eq 0 ]","lastModifiedDate":"2020-05-25","isFullCredit":false},{"lineNumber":32,"author":{"gitId":"-"},"content":"then","lastModifiedDate":"2020-05-25","isFullCredit":false},{"lineNumber":33,"author":{"gitId":"-"},"content":"    echo \"Test result: PASSED\"","lastModifiedDate":"2020-05-25","isFullCredit":false},{"lineNumber":34,"author":{"gitId":"-"},"content":"    exit 0","lastModifiedDate":"2020-05-25","isFullCredit":false},{"lineNumber":35,"author":{"gitId":"-"},"content":"else","lastModifiedDate":"2020-05-25","isFullCredit":false},{"lineNumber":36,"author":{"gitId":"-"},"content":"    echo \"Test result: FAILED\"","lastModifiedDate":"2020-05-25","isFullCredit":false},{"lineNumber":37,"author":{"gitId":"-"},"content":"    exit 1","lastModifiedDate":"2020-05-25","isFullCredit":false},{"lineNumber":38,"author":{"gitId":"-"},"content":"fi","lastModifiedDate":"2020-05-25","isFullCredit":false}],"authorContributionMap":{"xuxuezhou":2,"-":36}}]
