{"authorDailyContributionsMap":{"xuxuezhou":[{"date":"2025-01-30","commitResults":[{"hash":"4d2eea606716e875e27285bfcc2e54c0d233cfbe","isMergeCommit":false,"messageTitle":"Completed Level 0: Rename, Greet, Exit","messageBody":"","tags":["level-0"],"fileTypesAndContributionMap":{"java":{"insertions":18,"deletions":10}}},{"hash":"7f363fe7987d837ddcb1f9e333f2ef883f5a67f4","isMergeCommit":false,"messageTitle":"Completed Level 1: Echo feature implemented","messageBody":"","tags":["level-1"],"fileTypesAndContributionMap":{"java":{"insertions":24,"deletions":2}}},{"hash":"8bf2f504899dee6a77628cde6f0f9d1ad8b05aac","isMergeCommit":false,"messageTitle":"Completed Level 2: Added task storage and listing functionality","messageBody":"","tags":["level-2"],"fileTypesAndContributionMap":{"java":{"insertions":36,"deletions":7}}},{"hash":"ca628e05bbd1ebb4eded8b4d56035c9d9d19bab9","isMergeCommit":false,"messageTitle":"Fixed Task class import issue and completed Level 3: Mark as Done","messageBody":"","tags":["level-3"],"fileTypesAndContributionMap":{"java":{"insertions":75,"deletions":11}}},{"hash":"0fbb5ac6f7dc92903f3bf1d0e9ace978f2084168","isMergeCommit":false,"messageTitle":"Completed Level 4: Integrated ToDos, Deadlines, Events, and Marking functionality","messageBody":"","tags":["level-4"],"fileTypesAndContributionMap":{"java":{"insertions":114,"deletions":40}}},{"hash":"5dc06d31be6cc30096e6c476dbf7cad46f966d09","isMergeCommit":false,"messageTitle":"Add delete feature with Collection and Enum support","messageBody":"","tags":["level-6"],"fileTypesAndContributionMap":{"txt":{"insertions":8,"deletions":0},"java":{"insertions":0,"deletions":0},"sh":{"insertions":3,"deletions":3}}},{"hash":"6bc7e1b463a910eb3b02747870d65538c2968448","isMergeCommit":false,"messageTitle":"Implement Level 7: Task persistence with file storage","messageBody":"","fileTypesAndContributionMap":{"txt":{"insertions":5,"deletions":0},"java":{"insertions":130,"deletions":50}}},{"hash":"ef5200a434e42fcdd4b43fa4f8d2a33aa13f64cd","isMergeCommit":true,"messageTitle":"Merge Level 7: Task persistence with file storage","messageBody":"","tags":["level-7"],"fileTypesAndContributionMap":{}},{"hash":"356b09867a8be52a85688245e62e85830161985e","isMergeCommit":false,"messageTitle":"feat: Implement date and time parsing for deadlines and events","messageBody":"","fileTypesAndContributionMap":{"txt":{"insertions":9,"deletions":5}}},{"hash":"530935fa0ab182b967a3b873e7b111f06155bb7e","isMergeCommit":true,"messageTitle":"merge: Integrate Level 8 with date-time parsing","messageBody":"","tags":["Level-8"],"fileTypesAndContributionMap":{}},{"hash":"1e5870a5697c65900e04525fb46ccf8ef2b940cb","isMergeCommit":false,"messageTitle":"Refactor code for better OOP structure and package organization","messageBody":"","tags":["A-Packages","A-MoreOOP"],"fileTypesAndContributionMap":{"java":{"insertions":363,"deletions":7}}},{"hash":"e3c5a3c2a7973a6028592963a891119f2050494e","isMergeCommit":true,"messageTitle":"Merge feature-refactor into master with structured OOP and package improvements","messageBody":"","fileTypesAndContributionMap":{}}]},{"date":"2025-01-31","commitResults":[{"hash":"a1e6b3ceb18f0b0f8d8c77b2258c7b0662d98418","isMergeCommit":false,"messageTitle":"update .gitignore","messageBody":"","fileTypesAndContributionMap":{"txt":{"insertions":2,"deletions":1},"java":{"insertions":0,"deletions":195}}},{"hash":"a00b48095cd5f8177377ff75c37e670eacb39f21","isMergeCommit":true,"messageTitle":"Merge add-gradle-support into A-Gradle","messageBody":"","fileTypesAndContributionMap":{}},{"hash":"33f693447007d4bfffaa9ee6102b37f141f0bcf0","isMergeCommit":true,"messageTitle":"Merge A-Gradle into master","messageBody":"","tags":["A-Gradle"],"fileTypesAndContributionMap":{}},{"hash":"87893359cfb7989b6e0ad61bdb7e79bbb1cfaa91","isMergeCommit":false,"messageTitle":"Add JUnit tests for Parser and TaskList","messageBody":"","tags":["A-JUnit"],"fileTypesAndContributionMap":{"java":{"insertions":192,"deletions":1}}},{"hash":"dea3afb79589aed95e30e2ff0c12655fc73e1d71","isMergeCommit":true,"messageTitle":"Merge JUnit test improvements into master","messageBody":"","fileTypesAndContributionMap":{}},{"hash":"fd237b1fc4b9dfcdfb346c0076ff0486ce712eff","isMergeCommit":false,"messageTitle":"Add Shadow JAR support for JAR packaging","messageBody":"","fileTypesAndContributionMap":{"gradle":{"insertions":2,"deletions":2}}},{"hash":"c6c9d59a124e8649edd1ac4897f546a8e107cdf6","isMergeCommit":true,"messageTitle":"Merge A-Jar: Add JAR packaging support","messageBody":"","tags":["A-Jar"],"fileTypesAndContributionMap":{}},{"hash":"241588b54369398bf2334031a54507c059dcd711","isMergeCommit":false,"messageTitle":"Add JavaDoc comments for Jarvis class","messageBody":"","fileTypesAndContributionMap":{"java":{"insertions":355,"deletions":15}}}]},{"date":"2025-02-01","commitResults":[{"hash":"6fa3d6835114b3ca64846eac0d3b2955a5c3157f","isMergeCommit":false,"messageTitle":"Ensure compliance with Java Coding Standard","messageBody":"","tags":["A-CodingStandard"],"fileTypesAndContributionMap":{"java":{"insertions":145,"deletions":18}}},{"hash":"b2bb1a2dc310636ef81592ea08d0089b4ecdf5ba","isMergeCommit":false,"messageTitle":"Add FindCommand to search tasks by keyword","messageBody":"","tags":["Level-9"],"fileTypesAndContributionMap":{"java":{"insertions":54,"deletions":0}}},{"hash":"439463a99883fe0a223e980bf76d3ee3ac96f7c4","isMergeCommit":true,"messageTitle":"Merge A-CodingStandard into master","messageBody":"","fileTypesAndContributionMap":{}},{"hash":"9f54e8a6e54ddea19dd20ba5df2ab72fb89b64af","isMergeCommit":true,"messageTitle":"Resolved merge conflicts and merged A-JavaDoc into master","messageBody":"","fileTypesAndContributionMap":{}},{"hash":"991008536ec0d9158a22ac82acb8085b33330173","isMergeCommit":true,"messageTitle":"Resolved merge conflicts and merged level-9 into master","messageBody":"","fileTypesAndContributionMap":{}}]},{"date":"2025-02-04","commitResults":[{"hash":"40738d44bec75d2bbd7e9f78649ff54e1dcead50","isMergeCommit":false,"messageTitle":"Fix: resolve text UI testing issue","messageBody":"","fileTypesAndContributionMap":{"sh":{"insertions":1,"deletions":1}}}]},{"date":"2025-02-05","commitResults":[{"hash":"b5618d60c48685ff375aa9e67ff881b971b3faca","isMergeCommit":false,"messageTitle":"Create extension to handle error","messageBody":"","tags":["level-5"],"fileTypesAndContributionMap":{"java":{"insertions":42,"deletions":10}}}]},{"date":"2025-02-07","commitResults":[{"hash":"4c4f2a361911917722f87c26c19d44f2d7363599","isMergeCommit":false,"messageTitle":"Use checkStyle to detect coding style violations, with bugs","messageBody":"","fileTypesAndContributionMap":{"gradle":{"insertions":5,"deletions":0},"java":{"insertions":31,"deletions":26}}},{"hash":"a9e547b32d6f57d974348f1a046a6d1e3305fbca","isMergeCommit":false,"messageTitle":"Implement A-CheckStyle changes","messageBody":"","fileTypesAndContributionMap":{"java":{"insertions":4,"deletions":2}}},{"hash":"dd3e6cf2cbf7b7cd456dc2bf20658b9e85a74bbe","isMergeCommit":true,"messageTitle":"Merge A-CheckStyle into master","messageBody":"","tags":["A-CheckStyle"],"fileTypesAndContributionMap":{}}]},{"date":"2025-02-08","commitResults":[{"hash":"15a8cb550a402de4a7f9ff94bd61c0f558167681","isMergeCommit":false,"messageTitle":"Add GUI for Jarvis","messageBody":"","tags":["Level-10","A-JavaDoc"],"fileTypesAndContributionMap":{"gradle":{"insertions":17,"deletions":1},"fxml":{"insertions":67,"deletions":0},"java":{"insertions":198,"deletions":45}}},{"hash":"ed6ccc41ba764a379cd63f1970176dd54455bdcc","isMergeCommit":false,"messageTitle":"Imcrement JavaDoc","messageBody":"","fileTypesAndContributionMap":{"java":{"insertions":18,"deletions":3}}}]},{"date":"2025-02-16","commitResults":[{"hash":"3c1f0dde4f9ed4961cd6c71b3d61180da3b3fa29","isMergeCommit":false,"messageTitle":"Fix Jarvis exit behavior and clear chat on \u0027bye\u0027 command","messageBody":"Previously, the \u0027bye\u0027 command did not properly clear the chat window or close the JavaFX application. This commit ensures that when \u0027bye\u0027 is entered, Jarvis will clear all messages from the UI and close the application window.\n\nChanges include:\n-\n  - Added  to remove all chat messages.\n  - Added  and  to manage the JavaFX primary stage.\n  - Ensured  is properly assigned in .\n\n-\n  - Modified  to detect the \u0027bye\u0027 command.\n  - Calls  before closing the window.\n\n-\n  - Ensures  receives a reference to , allowing it to properly close the application when needed.\n\nWith these changes, Jarvis now gracefully exits and resets the chat history when the user types \u0027bye\u0027.\n","tags":["branch-Level-10","A-FullCommitMessage"],"fileTypesAndContributionMap":{"txt":{"insertions":10,"deletions":8},"java":{"insertions":96,"deletions":42}}},{"hash":"f37bbb997dc640cb684fa63734dafc9170a01c11","isMergeCommit":true,"messageTitle":"Merge tag \u0027branch-Level-10\u0027","messageBody":"","fileTypesAndContributionMap":{}},{"hash":"0233b9d5eaa393d9fa72bdf552655217a2833067","isMergeCommit":false,"messageTitle":"[A-Assertions] Add assertions to ensure validity of key objects and inputs","messageBody":"- Added assertions to check that UI, Storage, and TaskList are properly initialized.\n- Ensured that user input is not null before processing.\n- Verified that parsed commands are not null before execution.\n- Checked that the JavaFX stage is not null before closing the application.\n\nThese assertions help catch potential issues early during debugging and ensure that critical assumptions hold in the program.\n","tags":["A-Assertions"],"fileTypesAndContributionMap":{"java":{"insertions":12,"deletions":1}}},{"hash":"f7752d898be22f3442c852f2e9b0eb0b877468fb","isMergeCommit":false,"messageTitle":"Refactor command classes to improve code quality","messageBody":"- Extracted static constants for messages to avoid magic strings.\n\n- Added  method to simplify index validation logic.\n\n- Reduced deep nesting by using early return.\n\n- Ensured  method in  is used instead of direct list access.\n\n- Improved readability and maintainability of , , and .\n\nTag: A-CodeQuality\n","tags":["A-CodeQuality"],"fileTypesAndContributionMap":{"java":{"insertions":28,"deletions":17}}},{"hash":"17422cc1c3cd9a7f7b1ba79c1c375dab92bcdb56","isMergeCommit":false,"messageTitle":"feat: Refactor AddCommand to use Java Streams","messageBody":"- Replaced manual string concatenation with  for improved readability and efficiency.\n- Introduced  constant to remove magic strings.\n- Enhanced the  method to provide a formatted list of tasks using Streams.\n\nThis update aligns with the A-Streams requirement by leveraging Java Streams for data processing.\n","tags":["A-Streams"],"fileTypesAndContributionMap":{"java":{"insertions":8,"deletions":19}}},{"hash":"51976f0454d3e5a510ba7716fa360c83473fe136","isMergeCommit":true,"messageTitle":"Merge tag \u0027A-Streams\u0027","messageBody":"","fileTypesAndContributionMap":{}},{"hash":"7bb7c869d44cb4e60534f0d88b25c1eddbb933dd","isMergeCommit":false,"messageTitle":"Add extension to detect duplicates","messageBody":"","tags":["BCD-Extension"],"fileTypesAndContributionMap":{"java":{"insertions":56,"deletions":60}}}]},{"date":"2025-02-19","commitResults":[{"hash":"a117282f359d87b053cd922ae32286010da4ce3a","isMergeCommit":false,"messageTitle":"Improve feature with auto-expanding and highlight error message","messageBody":"","tags":["A-Personality","A-MoreErrorHandling","A-BetterGui"],"fileTypesAndContributionMap":{"java":{"insertions":40,"deletions":77}}}]},{"date":"2025-02-20","commitResults":[{"hash":"a8c2db9afc9def873cbeae70a83bf4549df8d160","isMergeCommit":false,"messageTitle":"Update README.md","messageBody":"","tags":["A-UserGuide"],"fileTypesAndContributionMap":{"fxml":{"insertions":1,"deletions":2},"java":{"insertions":96,"deletions":55},"md":{"insertions":95,"deletions":17}}},{"hash":"eaf2a784f24c988c635ccffd053dc4899e7ceaff","isMergeCommit":false,"messageTitle":"Update conversion content","messageBody":"","fileTypesAndContributionMap":{"gradle":{"insertions":4,"deletions":0},"fxml":{"insertions":6,"deletions":2},"java":{"insertions":154,"deletions":38},"md":{"insertions":4,"deletions":0}}},{"hash":"1d9c465b4b5b50aa7b20e2df863956c8cf28de2e","isMergeCommit":false,"messageTitle":"Remove writing file issue and update README","messageBody":"","fileTypesAndContributionMap":{"java":{"insertions":9,"deletions":1},"md":{"insertions":9,"deletions":29}}}]},{"date":"2025-02-23","commitResults":[{"hash":"82be9ed703db39bac0c6d270a2c6526c5569e7c6","isMergeCommit":true,"messageTitle":"Merge with branch-A-Assertions","messageBody":"","fileTypesAndContributionMap":{}},{"hash":"610567f9f811fb5650599d6be4281bfa3ddf0959","isMergeCommit":false,"messageTitle":"Remove GPT feature","messageBody":"","tags":["Merge-PR"],"fileTypesAndContributionMap":{"java":{"insertions":90,"deletions":90}}}]}]},"authorFileTypeContributionMap":{"xuxuezhou":{"java":1445,"md":79,"fxml":70,"sh":3,"bat":0,"gradle":27,"txt":20}},"authorContributionVariance":{"xuxuezhou":39421.6},"authorDisplayNameMap":{"xuxuezhou":"CS2103-F15-4 XU X..ZHOU"}}
