{"authorDailyContributionsMap":{"dexterleng":[{"date":"2025-01-24T00:00:00","commitResults":[{"hash":"70536c7d6cd05d46852d403c34cfaad4658b7e3d","isMergeCommit":false,"messageTitle":"Rename Duke to Pookie","messageBody":"","fileTypesAndContributionMap":{"java":{"insertions":1,"deletions":1},"bat":{"insertions":1,"deletions":1},"sh":{"insertions":1,"deletions":1},"md":{"insertions":3,"deletions":3}}},{"hash":"7c2e2486ae17c19539a4f869217583d097601ad0","isMergeCommit":false,"messageTitle":"greet the user and exit","messageBody":"","tags":["Level-0"],"fileTypesAndContributionMap":{"java":{"insertions":7,"deletions":6}}},{"hash":"645cecf908b543746c7fa94de62aaa024261cfdd","isMergeCommit":false,"messageTitle":"Add echo functionality and exit command to chatbot","messageBody":"","tags":["Level-1"],"fileTypesAndContributionMap":{"java":{"insertions":21,"deletions":3}}},{"hash":"ccc07866b054cbd3e5f96f9fa5d8aa0ad8cc9db4","isMergeCommit":false,"messageTitle":"Add task management with add and list commands","messageBody":"","tags":["Level-2"],"fileTypesAndContributionMap":{"java":{"insertions":28,"deletions":8}}},{"hash":"fd488bf535ecdf56761bce4d232b18fa8c876cb5","isMergeCommit":false,"messageTitle":"Add support for marking tasks as done and undone","messageBody":"","tags":["Level-3","A-Classes"],"fileTypesAndContributionMap":{"java":{"insertions":68,"deletions":10}}},{"hash":"972f7960abf34c7fef6018c821d5bf9eac461a33","isMergeCommit":false,"messageTitle":"reuse invalid task number error handling","messageBody":"","fileTypesAndContributionMap":{"java":{"insertions":25,"deletions":13}}},{"hash":"4f1d7eecf7a11f731c2691270b03bda86567d64f","isMergeCommit":false,"messageTitle":"Implement task types: ToDos, Deadlines, and Events","messageBody":"","tags":["Level-4","A-Inheritance"],"fileTypesAndContributionMap":{"java":{"insertions":80,"deletions":6}}},{"hash":"54aea6b22e8b87754b614cbafd7c63e90442db98","isMergeCommit":false,"messageTitle":"Add test","messageBody":"","tags":["A-TextUiTesting"],"fileTypesAndContributionMap":{"txt":{"insertions":16,"deletions":0},"java":{"insertions":1,"deletions":3}}},{"hash":"55a9c43e5fd5bfbfb5cd06c9e2479a90dbf362ce","isMergeCommit":false,"messageTitle":"Handle invalid usage for todo, deadline, and event","messageBody":"","tags":["Level-5","A-Exceptions"],"fileTypesAndContributionMap":{"java":{"insertions":51,"deletions":14}}},{"hash":"6c9b2a54267ddfa3513dc9303292de2916ed504f","isMergeCommit":false,"messageTitle":"Add test cases for invalid usages of todo, deadline, and event","messageBody":"","fileTypesAndContributionMap":{"txt":{"insertions":12,"deletions":0}}},{"hash":"af51770861683d9eb7cd1e5693c5db071056366e","isMergeCommit":false,"messageTitle":"Use ArrayList to hold tasks","messageBody":"","tags":["A-Collections"],"fileTypesAndContributionMap":{"java":{"insertions":21,"deletions":23}}},{"hash":"3ec5037a1a22d508cc137587a704b034531be00b","isMergeCommit":false,"messageTitle":"Add delete command; update tests","messageBody":"","tags":["Level-6"],"fileTypesAndContributionMap":{"txt":{"insertions":7,"deletions":0},"java":{"insertions":30,"deletions":2}}}]},{"date":"2025-01-29T00:00:00","commitResults":[{"hash":"a42577a9ffdede67638bf9a802b5d02ba2e2d5b5","isMergeCommit":false,"messageTitle":"Persistence: Save and load tasks from disk","messageBody":"","tags":["Level-7"],"fileTypesAndContributionMap":{"java":{"insertions":97,"deletions":14}}}]},{"date":"2025-01-30T00:00:00","commitResults":[{"hash":"e5e2c2b8986b51651d78c29b6c3928e025e9b6b1","isMergeCommit":false,"messageTitle":"Parse, save, and print dates using LocalDateTime","messageBody":"","tags":["Level-8"],"fileTypesAndContributionMap":{"txt":{"insertions":13,"deletions":7},"java":{"insertions":68,"deletions":19},"sh":{"insertions":1,"deletions":1}}},{"hash":"9a55fa584e362ef9d138fecf43f69f60ce6f4bee","isMergeCommit":false,"messageTitle":"Add Storage class","messageBody":"","fileTypesAndContributionMap":{"java":{"insertions":70,"deletions":67}}},{"hash":"c3cc02b7da5d53d5a5b28a4bd0ae99ede28ce0fc","isMergeCommit":false,"messageTitle":"Create TaskList class to manage tasks","messageBody":"","fileTypesAndContributionMap":{"java":{"insertions":38,"deletions":2}}},{"hash":"58804e5f6998da3100856507177392ee98963894","isMergeCommit":false,"messageTitle":"Storage: parameterise file","messageBody":"","fileTypesAndContributionMap":{"java":{"insertions":10,"deletions":4}}},{"hash":"0b8aea86df1632ca31882c341e2b119ca711bb41","isMergeCommit":false,"messageTitle":"Make Pookie do its work in an instance instead of static methods","messageBody":"","fileTypesAndContributionMap":{"java":{"insertions":18,"deletions":4}}},{"hash":"50d8d059ea0eb0300ee8cec34892a71b1e9428b9","isMergeCommit":false,"messageTitle":"Move classes into separate files","messageBody":"","fileTypesAndContributionMap":{"java":{"insertions":216,"deletions":211}}},{"hash":"89420df1264b788e57692e021a116eab972fd717","isMergeCommit":false,"messageTitle":"Delete unused variable","messageBody":"","fileTypesAndContributionMap":{"java":{"insertions":0,"deletions":1}}},{"hash":"a3ed40cdc86d757a5feea2c7c1c86c0f6629f304","isMergeCommit":false,"messageTitle":"Move command logic to separate Command classes","messageBody":"","fileTypesAndContributionMap":{"java":{"insertions":274,"deletions":179}}},{"hash":"c70733b3042e1a95dbc5dd438585132946f8d8de","isMergeCommit":false,"messageTitle":"Add a Ui class responsible for printing","messageBody":"","fileTypesAndContributionMap":{"java":{"insertions":97,"deletions":101}}},{"hash":"59f7815a768ee676b178ef24adceb01ad413b099","isMergeCommit":false,"messageTitle":"Move read line functionality from Pookie to Ui","messageBody":"","tags":["A-MoreOOP"],"fileTypesAndContributionMap":{"java":{"insertions":15,"deletions":5}}},{"hash":"67e85ef5a18b214a617a1ab2ed126e399d29a4c7","isMergeCommit":true,"messageTitle":"Merge branch \u0027add-gradle-support\u0027","messageBody":"","tags":["A-Gradle"],"fileTypesAndContributionMap":{}}]},{"date":"2025-01-31T00:00:00","commitResults":[{"hash":"827463d07ff9f3466447458381c6e737b7f61354","isMergeCommit":false,"messageTitle":"Add tests for DeadlineCommand and EventCommand","messageBody":"","tags":["A-JUnit"],"fileTypesAndContributionMap":{"java":{"insertions":293,"deletions":41}}},{"hash":"89bb179e0f79f9240116174078004a4cf8a3c553","isMergeCommit":false,"messageTitle":"gradle: Update jar filename and main class","messageBody":"","tags":["A-Jar"],"fileTypesAndContributionMap":{"gradle":{"insertions":2,"deletions":2},"java":{"insertions":0,"deletions":2}}},{"hash":"f982a13d70852c4aa595b0ee6dd3f2bf5d1dcd05","isMergeCommit":false,"messageTitle":"Move files into packages (command and model)","messageBody":"","tags":["A-Packages"],"fileTypesAndContributionMap":{"gradle":{"insertions":1,"deletions":1},"java":{"insertions":113,"deletions":10},"bat":{"insertions":1,"deletions":1},"md":{"insertions":3,"deletions":3}}},{"hash":"0f56e023d15b658998f3b9a81e64e3167f879b0a","isMergeCommit":false,"messageTitle":"Add JavaDocs","messageBody":"","tags":["A-JavaDoc"],"fileTypesAndContributionMap":{"java":{"insertions":345,"deletions":24}}},{"hash":"eb8ef84a2e1ab7e393a47359cfe9fed1885d10df","isMergeCommit":false,"messageTitle":"Style: Do not indent case branches and never import with *","messageBody":"","tags":["A-CodingStandard"],"fileTypesAndContributionMap":{"java":{"insertions":110,"deletions":84}}},{"hash":"a47a188a949c2610bd4774880eef5b0cf2708512","isMergeCommit":true,"messageTitle":"Merge branch \u0027branch-A-CodingStandard\u0027","messageBody":"","fileTypesAndContributionMap":{}},{"hash":"009421a075dfb7cf08c07df980315acba953bbf7","isMergeCommit":false,"messageTitle":"Add find command and its tests","messageBody":"","tags":["Level-9"],"fileTypesAndContributionMap":{"java":{"insertions":142,"deletions":0}}},{"hash":"9a0c705b294f1702ef8211b959981c3f4eb4e7ef","isMergeCommit":true,"messageTitle":"Merge branch \u0027branch-Level-9\u0027","messageBody":"","fileTypesAndContributionMap":{}},{"hash":"b82c3db853c0350b7b31dcf5b2bd50e580523d0e","isMergeCommit":false,"messageTitle":"Fix merge issues","messageBody":"","fileTypesAndContributionMap":{"java":{"insertions":1,"deletions":1}}},{"hash":"510aabfe3eaa8ba10477784d407a320005f13a0f","isMergeCommit":false,"messageTitle":"FindCommandTest: rename test cases","messageBody":"","fileTypesAndContributionMap":{"java":{"insertions":2,"deletions":2}}}]},{"date":"2025-02-05T00:00:00","commitResults":[{"hash":"85ea3ad8c76c83f9620523587e897d2b9c0e5966","isMergeCommit":false,"messageTitle":"Add JavaFx GUI","messageBody":"","tags":["Level-10"],"fileTypesAndContributionMap":{"gradle":{"insertions":19,"deletions":4},"fxml":{"insertions":66,"deletions":0},"java":{"insertions":174,"deletions":0}}},{"hash":"dcdd99aab2b6e8a48f8455047a4932588fb605f3","isMergeCommit":false,"messageTitle":"Delete text-ui-test","messageBody":"","fileTypesAndContributionMap":{"txt":{"insertions":0,"deletions":41},"bat":{"insertions":0,"deletions":21},"sh":{"insertions":0,"deletions":38}}},{"hash":"9ca166bbf0f4d5e183c5b68f05d2130bdaf6ed7c","isMergeCommit":false,"messageTitle":"Rename testMode to isTestMode","messageBody":"","fileTypesAndContributionMap":{"java":{"insertions":21,"deletions":21}}},{"hash":"b4ce89516ccaca0fbcbe382ce6d3bce8fd86140a","isMergeCommit":false,"messageTitle":"Put conditionals on a separate line","messageBody":"","fileTypesAndContributionMap":{"java":{"insertions":12,"deletions":4}}}]},{"date":"2025-02-10T00:00:00","commitResults":[{"hash":"8e1148fba43cffc037e69c07f08757b0009d3d7f","isMergeCommit":false,"messageTitle":"Add assertions to TaskList","messageBody":"","fileTypesAndContributionMap":{"gradle":{"insertions":1,"deletions":0},"java":{"insertions":4,"deletions":0}}},{"hash":"82d00fc9b25bccf7a68cbc7e011881099eb1a52a","isMergeCommit":false,"messageTitle":"Move ui code into pookie/ui","messageBody":"","fileTypesAndContributionMap":{"fxml":{"insertions":1,"deletions":1},"java":{"insertions":4,"deletions":2}}},{"hash":"b012e142779a9461a5e9bb68536036f3c72a869f","isMergeCommit":true,"messageTitle":"Merge pull request #1 from dexterleng/branch-A-Assertions","messageBody":"Add assertions","tags":["A-Assertions"],"fileTypesAndContributionMap":{}},{"hash":"729e9d2c650eefb2b2fed381ccbd95ee3f2b6a99","isMergeCommit":true,"messageTitle":"Merge branch \u0027master\u0027 into branch-A-CodeQuality","messageBody":"","tags":["A-CodeQuality"],"fileTypesAndContributionMap":{}},{"hash":"56d67ea104e373371641456a8497509e5d37c0b1","isMergeCommit":true,"messageTitle":"Merge pull request #2 from dexterleng/branch-A-CodeQuality","messageBody":"Move ui code into pookie/ui","fileTypesAndContributionMap":{}}]},{"date":"2025-02-11T00:00:00","commitResults":[{"hash":"4de58cf3c0626d4706e55d0214066ee852a43b8c","isMergeCommit":false,"messageTitle":"Rename duke to pookie","messageBody":"","fileTypesAndContributionMap":{"java":{"insertions":10,"deletions":10}}},{"hash":"95820c8983644c8d1fd029d46cca6611784ed2f5","isMergeCommit":false,"messageTitle":"Make the GUI actually work","messageBody":"","fileTypesAndContributionMap":{"java":{"insertions":61,"deletions":52}}},{"hash":"335e1a42ebf10a383139798d2bc9c1113213b27d","isMergeCommit":false,"messageTitle":"Create one letter aliases for todo, deadline, event, and find command","messageBody":"","tags":["C-FriendlierSyntax"],"fileTypesAndContributionMap":{"java":{"insertions":17,"deletions":7}}},{"hash":"a7f46f2cd0e4d90906e4780c3fea730d263c5292","isMergeCommit":false,"messageTitle":"Save messages when application quits through means other than /bye","messageBody":"","fileTypesAndContributionMap":{"java":{"insertions":19,"deletions":0}}},{"hash":"a34cc1144e5b6912a65e69c94981a31f37aebb22","isMergeCommit":false,"messageTitle":"Correct indentation for task addition messages","messageBody":"The indentation for the task addition messages within EventCommand.java was inconsistent, leading to potential formatting issues or lack of readability in the UI. This commit fixes the alignment to maintain a consistent style when displaying messages to the user.\n","fileTypesAndContributionMap":{"java":{"insertions":3,"deletions":3}}},{"hash":"03c377eef9f663d7f43494947c8727f97522e43c","isMergeCommit":false,"messageTitle":"Delete ConsoleUi","messageBody":"ConsoleUi has been replaced by the GUI and is no longer needed.\n","tags":["A-FullCommitMessage"],"fileTypesAndContributionMap":{"java":{"insertions":0,"deletions":74}}}]},{"date":"2025-02-20T00:00:00","commitResults":[{"hash":"9918d28863231cb6e3b2d95d15bc3b2158783f7e","isMergeCommit":false,"messageTitle":"Make UI constrainted to window size; Pin text field and button to the bottom","messageBody":"","fileTypesAndContributionMap":{"fxml":{"insertions":18,"deletions":14}}},{"hash":"59b3e7c97036e95abae18f9ed0ad4aa69554714b","isMergeCommit":false,"messageTitle":"Set the window title to \u0027Pookie\u0027","messageBody":"","fileTypesAndContributionMap":{"java":{"insertions":1,"deletions":0}}},{"hash":"eadcc65989959c7aaf083a2bd36b9138591822eb","isMergeCommit":false,"messageTitle":"Add README","messageBody":"","tags":["A-UserGuide","A-Release"],"fileTypesAndContributionMap":{"md":{"insertions":76,"deletions":14}}}]}]},"authorFileTypeContributionMap":{"dexterleng":{"java":1540,"md":78,"fxml":70,"sh":0,"bat":0,"gradle":21,"txt":0}},"authorContributionVariance":{"dexterleng":84033.164},"authorDisplayNameMap":{"dexterleng":"CS2103-F09-1 DEXT.. HAO"}}
