[{"path":"README.md","fileType":"md","lines":[{"lineNumber":1,"author":{"gitId":"AerollingOverDeepBlueSeas"},"content":"# Tete project template","lastModifiedDate":"2025-01-24","isFullCredit":false},{"lineNumber":2,"author":{"gitId":"-"},"content":"","lastModifiedDate":"2020-05-25","isFullCredit":false},{"lineNumber":3,"author":{"gitId":"-"},"content":"This is a project template for a greenfield Java project. It\u0027s named after the Java mascot _Duke_. Given below are instructions on how to use it.","lastModifiedDate":"2020-05-25","isFullCredit":false},{"lineNumber":4,"author":{"gitId":"-"},"content":"","lastModifiedDate":"2020-05-25","isFullCredit":false},{"lineNumber":5,"author":{"gitId":"-"},"content":"## Setting up in Intellij","lastModifiedDate":"2020-05-25","isFullCredit":false},{"lineNumber":6,"author":{"gitId":"-"},"content":"","lastModifiedDate":"2020-05-25","isFullCredit":false},{"lineNumber":7,"author":{"gitId":"-"},"content":"Prerequisites: JDK 17, update Intellij to the most recent version.","lastModifiedDate":"2024-07-11","isFullCredit":false},{"lineNumber":8,"author":{"gitId":"-"},"content":"","lastModifiedDate":"2020-05-25","isFullCredit":false},{"lineNumber":9,"author":{"gitId":"-"},"content":"1. Open Intellij (if you are not in the welcome screen, click `File` \u003e `Close Project` to close the existing project first)","lastModifiedDate":"2021-01-17","isFullCredit":false},{"lineNumber":10,"author":{"gitId":"-"},"content":"1. Open the project into Intellij as follows:","lastModifiedDate":"2021-01-17","isFullCredit":false},{"lineNumber":11,"author":{"gitId":"-"},"content":"   1. Click `Open`.","lastModifiedDate":"2021-01-17","isFullCredit":false},{"lineNumber":12,"author":{"gitId":"-"},"content":"   1. Select the project directory, and click `OK`.","lastModifiedDate":"2021-01-17","isFullCredit":false},{"lineNumber":13,"author":{"gitId":"-"},"content":"   1. If there are any further prompts, accept the defaults.","lastModifiedDate":"2020-05-25","isFullCredit":false},{"lineNumber":14,"author":{"gitId":"-"},"content":"1. Configure the project to use **JDK 17** (not other versions) as explained in [here](https://www.jetbrains.com/help/idea/sdk.html#set-up-jdk).\u003cbr\u003e","lastModifiedDate":"2024-07-11","isFullCredit":false},{"lineNumber":15,"author":{"gitId":"-"},"content":"   In the same dialog, set the **Project language level** field to the `SDK default` option.","lastModifiedDate":"2021-07-29","isFullCredit":false},{"lineNumber":16,"author":{"gitId":"AerollingOverDeepBlueSeas"},"content":"1. After that, locate the `src/main/java/Tete.java` file, right-click it, and choose `Run Tete.main()` (if the code editor is showing compile errors, try restarting the IDE). If the setup is correct, you should see something like the below as the output:","lastModifiedDate":"2025-01-24","isFullCredit":false},{"lineNumber":17,"author":{"gitId":"-"},"content":"   ```","lastModifiedDate":"2020-05-25","isFullCredit":false},{"lineNumber":18,"author":{"gitId":"-"},"content":"   Hello from","lastModifiedDate":"2020-05-25","isFullCredit":false},{"lineNumber":19,"author":{"gitId":"-"},"content":"    ____        _        ","lastModifiedDate":"2020-05-25","isFullCredit":false},{"lineNumber":20,"author":{"gitId":"-"},"content":"   |  _ \\ _   _| | _____ ","lastModifiedDate":"2020-05-25","isFullCredit":false},{"lineNumber":21,"author":{"gitId":"-"},"content":"   | | | | | | | |/ / _ \\","lastModifiedDate":"2020-05-25","isFullCredit":false},{"lineNumber":22,"author":{"gitId":"-"},"content":"   | |_| | |_| |   \u003c  __/","lastModifiedDate":"2020-05-25","isFullCredit":false},{"lineNumber":23,"author":{"gitId":"-"},"content":"   |____/ \\__,_|_|\\_\\___|","lastModifiedDate":"2020-05-25","isFullCredit":false},{"lineNumber":24,"author":{"gitId":"-"},"content":"   ```","lastModifiedDate":"2020-05-25","isFullCredit":false},{"lineNumber":25,"author":{"gitId":"-"},"content":"","lastModifiedDate":"2025-01-04","isFullCredit":false},{"lineNumber":26,"author":{"gitId":"-"},"content":"**Warning:** Keep the `src\\main\\java` folder as the root folder for Java files (i.e., don\u0027t rename those folders or move Java files to another folder outside of this folder path), as this is the default location some tools (e.g., Gradle) expect to find Java files.","lastModifiedDate":"2025-01-04","isFullCredit":false}],"authorContributionMap":{"AerollingOverDeepBlueSeas":2,"-":24}},{"path":"docs/README.md","fileType":"md","lines":[{"lineNumber":1,"author":{"gitId":"AerollingOverDeepBlueSeas"},"content":"# Tete User Guide","lastModifiedDate":"2025-01-24","isFullCredit":false},{"lineNumber":2,"author":{"gitId":"-"},"content":"","lastModifiedDate":"2019-07-29","isFullCredit":false},{"lineNumber":3,"author":{"gitId":"-"},"content":"// Update the title above to match the actual product name","lastModifiedDate":"2024-01-07","isFullCredit":false},{"lineNumber":4,"author":{"gitId":"-"},"content":"","lastModifiedDate":"2019-07-29","isFullCredit":false},{"lineNumber":5,"author":{"gitId":"-"},"content":"// Product screenshot goes here","lastModifiedDate":"2024-01-07","isFullCredit":false},{"lineNumber":6,"author":{"gitId":"-"},"content":"","lastModifiedDate":"2021-07-17","isFullCredit":false},{"lineNumber":7,"author":{"gitId":"-"},"content":"// Product intro goes here","lastModifiedDate":"2024-01-07","isFullCredit":false},{"lineNumber":8,"author":{"gitId":"-"},"content":"","lastModifiedDate":"2021-07-17","isFullCredit":false},{"lineNumber":9,"author":{"gitId":"-"},"content":"## Adding deadlines","lastModifiedDate":"2024-01-07","isFullCredit":false},{"lineNumber":10,"author":{"gitId":"-"},"content":"","lastModifiedDate":"2021-07-17","isFullCredit":false},{"lineNumber":11,"author":{"gitId":"-"},"content":"// Describe the action and its outcome.","lastModifiedDate":"2024-01-07","isFullCredit":false},{"lineNumber":12,"author":{"gitId":"-"},"content":"","lastModifiedDate":"2019-07-29","isFullCredit":false},{"lineNumber":13,"author":{"gitId":"-"},"content":"// Give examples of usage","lastModifiedDate":"2024-01-07","isFullCredit":false},{"lineNumber":14,"author":{"gitId":"-"},"content":"","lastModifiedDate":"2019-07-29","isFullCredit":false},{"lineNumber":15,"author":{"gitId":"-"},"content":"Example: `keyword (optional arguments)`","lastModifiedDate":"2024-01-07","isFullCredit":false},{"lineNumber":16,"author":{"gitId":"-"},"content":"","lastModifiedDate":"2019-07-29","isFullCredit":false},{"lineNumber":17,"author":{"gitId":"-"},"content":"// A description of the expected outcome goes here","lastModifiedDate":"2024-01-07","isFullCredit":false},{"lineNumber":18,"author":{"gitId":"-"},"content":"","lastModifiedDate":"2019-07-29","isFullCredit":false},{"lineNumber":19,"author":{"gitId":"-"},"content":"```","lastModifiedDate":"2024-01-07","isFullCredit":false},{"lineNumber":20,"author":{"gitId":"-"},"content":"expected output","lastModifiedDate":"2024-01-07","isFullCredit":false},{"lineNumber":21,"author":{"gitId":"-"},"content":"```","lastModifiedDate":"2024-01-07","isFullCredit":false},{"lineNumber":22,"author":{"gitId":"-"},"content":"","lastModifiedDate":"2019-07-29","isFullCredit":false},{"lineNumber":23,"author":{"gitId":"-"},"content":"## Feature ABC","lastModifiedDate":"2024-01-07","isFullCredit":false},{"lineNumber":24,"author":{"gitId":"-"},"content":"","lastModifiedDate":"2019-07-29","isFullCredit":false},{"lineNumber":25,"author":{"gitId":"-"},"content":"// Feature details","lastModifiedDate":"2024-01-07","isFullCredit":false},{"lineNumber":26,"author":{"gitId":"-"},"content":"","lastModifiedDate":"2019-07-29","isFullCredit":false},{"lineNumber":27,"author":{"gitId":"-"},"content":"","lastModifiedDate":"2021-07-17","isFullCredit":false},{"lineNumber":28,"author":{"gitId":"-"},"content":"## Feature XYZ","lastModifiedDate":"2024-01-07","isFullCredit":false},{"lineNumber":29,"author":{"gitId":"-"},"content":"","lastModifiedDate":"2024-01-07","isFullCredit":false},{"lineNumber":30,"author":{"gitId":"-"},"content":"// Feature details","lastModifiedDate":"2024-01-07","isFullCredit":false}],"authorContributionMap":{"AerollingOverDeepBlueSeas":1,"-":29}},{"path":"src/main/java/Deadline.java","fileType":"java","lines":[{"lineNumber":1,"author":{"gitId":"AerollingOverDeepBlueSeas"},"content":"public class Deadline extends Task{","lastModifiedDate":"2025-01-24","isFullCredit":false},{"lineNumber":2,"author":{"gitId":"AerollingOverDeepBlueSeas"},"content":"","lastModifiedDate":"2025-01-24","isFullCredit":false},{"lineNumber":3,"author":{"gitId":"AerollingOverDeepBlueSeas"},"content":"    protected String deadline;","lastModifiedDate":"2025-01-24","isFullCredit":false},{"lineNumber":4,"author":{"gitId":"AerollingOverDeepBlueSeas"},"content":"","lastModifiedDate":"2025-01-24","isFullCredit":false},{"lineNumber":5,"author":{"gitId":"AerollingOverDeepBlueSeas"},"content":"    public Deadline(String newItem, String deadline){","lastModifiedDate":"2025-01-24","isFullCredit":false},{"lineNumber":6,"author":{"gitId":"AerollingOverDeepBlueSeas"},"content":"        super(newItem);","lastModifiedDate":"2025-01-24","isFullCredit":false},{"lineNumber":7,"author":{"gitId":"AerollingOverDeepBlueSeas"},"content":"        this.deadline \u003d deadline;","lastModifiedDate":"2025-01-24","isFullCredit":false},{"lineNumber":8,"author":{"gitId":"AerollingOverDeepBlueSeas"},"content":"    }","lastModifiedDate":"2025-01-24","isFullCredit":false},{"lineNumber":9,"author":{"gitId":"AerollingOverDeepBlueSeas"},"content":"","lastModifiedDate":"2025-01-24","isFullCredit":false},{"lineNumber":10,"author":{"gitId":"AerollingOverDeepBlueSeas"},"content":"    @Override","lastModifiedDate":"2025-01-24","isFullCredit":false},{"lineNumber":11,"author":{"gitId":"AerollingOverDeepBlueSeas"},"content":"    public String toString(){","lastModifiedDate":"2025-01-24","isFullCredit":false},{"lineNumber":12,"author":{"gitId":"AerollingOverDeepBlueSeas"},"content":"        return \"[D][\"+this.getStatus()+\"] \" + this.description + \" (by: \" + this.deadline + \")\";","lastModifiedDate":"2025-01-24","isFullCredit":false},{"lineNumber":13,"author":{"gitId":"AerollingOverDeepBlueSeas"},"content":"    }","lastModifiedDate":"2025-01-24","isFullCredit":false},{"lineNumber":14,"author":{"gitId":"AerollingOverDeepBlueSeas"},"content":"","lastModifiedDate":"2025-01-24","isFullCredit":false},{"lineNumber":15,"author":{"gitId":"AerollingOverDeepBlueSeas"},"content":"}","lastModifiedDate":"2025-01-24","isFullCredit":false}],"authorContributionMap":{"AerollingOverDeepBlueSeas":15}},{"path":"src/main/java/EmptyDeadlineException.java","fileType":"java","lines":[{"lineNumber":1,"author":{"gitId":"AerollingOverDeepBlueSeas"},"content":"public class EmptyDeadlineException extends TeteException {","lastModifiedDate":"2025-01-24","isFullCredit":false},{"lineNumber":2,"author":{"gitId":"AerollingOverDeepBlueSeas"},"content":"    public EmptyDeadlineException() {","lastModifiedDate":"2025-01-24","isFullCredit":false},{"lineNumber":3,"author":{"gitId":"AerollingOverDeepBlueSeas"},"content":"        super(\"\"\"","lastModifiedDate":"2025-01-24","isFullCredit":false},{"lineNumber":4,"author":{"gitId":"AerollingOverDeepBlueSeas"},"content":"                \\tSurely there was a deadline you wanted to meet?\\","lastModifiedDate":"2025-01-24","isFullCredit":false},{"lineNumber":5,"author":{"gitId":"AerollingOverDeepBlueSeas"},"content":"                ","lastModifiedDate":"2025-01-24","isFullCredit":false},{"lineNumber":6,"author":{"gitId":"AerollingOverDeepBlueSeas"},"content":"                \\t...or did you simply wish to relish in the lack of actual deadlines?\\","lastModifiedDate":"2025-01-24","isFullCredit":false},{"lineNumber":7,"author":{"gitId":"AerollingOverDeepBlueSeas"},"content":"                ","lastModifiedDate":"2025-01-24","isFullCredit":false},{"lineNumber":8,"author":{"gitId":"AerollingOverDeepBlueSeas"},"content":"                \\tIf so, I recommend actually creating a deadline and striking it out.\\","lastModifiedDate":"2025-01-24","isFullCredit":false},{"lineNumber":9,"author":{"gitId":"AerollingOverDeepBlueSeas"},"content":"                ","lastModifiedDate":"2025-01-24","isFullCredit":false},{"lineNumber":10,"author":{"gitId":"AerollingOverDeepBlueSeas"},"content":"                \\tIt tends to be more satisfying that way.\\","lastModifiedDate":"2025-01-24","isFullCredit":false},{"lineNumber":11,"author":{"gitId":"AerollingOverDeepBlueSeas"},"content":"                ","lastModifiedDate":"2025-01-24","isFullCredit":false},{"lineNumber":12,"author":{"gitId":"AerollingOverDeepBlueSeas"},"content":"                \\t(Enter some text after the \u0027deadline\u0027 command)\"\"\");","lastModifiedDate":"2025-01-24","isFullCredit":false},{"lineNumber":13,"author":{"gitId":"AerollingOverDeepBlueSeas"},"content":"    }","lastModifiedDate":"2025-01-24","isFullCredit":false},{"lineNumber":14,"author":{"gitId":"AerollingOverDeepBlueSeas"},"content":"}","lastModifiedDate":"2025-01-24","isFullCredit":false}],"authorContributionMap":{"AerollingOverDeepBlueSeas":14}},{"path":"src/main/java/EmptyEventException.java","fileType":"java","lines":[{"lineNumber":1,"author":{"gitId":"AerollingOverDeepBlueSeas"},"content":"public class EmptyEventException extends TeteException {","lastModifiedDate":"2025-01-24","isFullCredit":false},{"lineNumber":2,"author":{"gitId":"AerollingOverDeepBlueSeas"},"content":"    public EmptyEventException() {","lastModifiedDate":"2025-01-24","isFullCredit":false},{"lineNumber":3,"author":{"gitId":"AerollingOverDeepBlueSeas"},"content":"        super(\"\"\"","lastModifiedDate":"2025-01-24","isFullCredit":false},{"lineNumber":4,"author":{"gitId":"AerollingOverDeepBlueSeas"},"content":"                \\tSurely there was an event you need to attend?\\","lastModifiedDate":"2025-01-24","isFullCredit":false},{"lineNumber":5,"author":{"gitId":"AerollingOverDeepBlueSeas"},"content":"                ","lastModifiedDate":"2025-01-24","isFullCredit":false},{"lineNumber":6,"author":{"gitId":"AerollingOverDeepBlueSeas"},"content":"                \\t...or did you simply wish to be invited to one?\\","lastModifiedDate":"2025-01-24","isFullCredit":false},{"lineNumber":7,"author":{"gitId":"AerollingOverDeepBlueSeas"},"content":"                ","lastModifiedDate":"2025-01-24","isFullCredit":false},{"lineNumber":8,"author":{"gitId":"AerollingOverDeepBlueSeas"},"content":"                \\t(Enter some text after the \u0027event\u0027 command.)\"\"\");","lastModifiedDate":"2025-01-24","isFullCredit":false},{"lineNumber":9,"author":{"gitId":"AerollingOverDeepBlueSeas"},"content":"    }","lastModifiedDate":"2025-01-24","isFullCredit":false},{"lineNumber":10,"author":{"gitId":"AerollingOverDeepBlueSeas"},"content":"}","lastModifiedDate":"2025-01-24","isFullCredit":false}],"authorContributionMap":{"AerollingOverDeepBlueSeas":10}},{"path":"src/main/java/EmptyTodoException.java","fileType":"java","lines":[{"lineNumber":1,"author":{"gitId":"AerollingOverDeepBlueSeas"},"content":"public class EmptyTodoException extends TeteException {","lastModifiedDate":"2025-01-24","isFullCredit":false},{"lineNumber":2,"author":{"gitId":"AerollingOverDeepBlueSeas"},"content":"    public EmptyTodoException() {","lastModifiedDate":"2025-01-24","isFullCredit":false},{"lineNumber":3,"author":{"gitId":"AerollingOverDeepBlueSeas"},"content":"        super(\"\"\"","lastModifiedDate":"2025-01-24","isFullCredit":false},{"lineNumber":4,"author":{"gitId":"AerollingOverDeepBlueSeas"},"content":"                \\tSurely there must be something you ought to do?\\","lastModifiedDate":"2025-01-24","isFullCredit":false},{"lineNumber":5,"author":{"gitId":"AerollingOverDeepBlueSeas"},"content":"                ","lastModifiedDate":"2025-01-24","isFullCredit":false},{"lineNumber":6,"author":{"gitId":"AerollingOverDeepBlueSeas"},"content":"                \\tOr did you stumble upon this command on by accident?\\","lastModifiedDate":"2025-01-24","isFullCredit":false},{"lineNumber":7,"author":{"gitId":"AerollingOverDeepBlueSeas"},"content":"                ","lastModifiedDate":"2025-01-24","isFullCredit":false},{"lineNumber":8,"author":{"gitId":"AerollingOverDeepBlueSeas"},"content":"                \\t(Enter some text after the \u0027todo\u0027 command.)\"\"\");","lastModifiedDate":"2025-01-24","isFullCredit":false},{"lineNumber":9,"author":{"gitId":"AerollingOverDeepBlueSeas"},"content":"    }","lastModifiedDate":"2025-01-24","isFullCredit":false},{"lineNumber":10,"author":{"gitId":"AerollingOverDeepBlueSeas"},"content":"}","lastModifiedDate":"2025-01-24","isFullCredit":false}],"authorContributionMap":{"AerollingOverDeepBlueSeas":10}},{"path":"src/main/java/Event.java","fileType":"java","lines":[{"lineNumber":1,"author":{"gitId":"AerollingOverDeepBlueSeas"},"content":"public class Event extends Task {","lastModifiedDate":"2025-01-24","isFullCredit":false},{"lineNumber":2,"author":{"gitId":"AerollingOverDeepBlueSeas"},"content":"","lastModifiedDate":"2025-01-24","isFullCredit":false},{"lineNumber":3,"author":{"gitId":"AerollingOverDeepBlueSeas"},"content":"    protected String start;","lastModifiedDate":"2025-01-24","isFullCredit":false},{"lineNumber":4,"author":{"gitId":"AerollingOverDeepBlueSeas"},"content":"    protected String end;","lastModifiedDate":"2025-01-24","isFullCredit":false},{"lineNumber":5,"author":{"gitId":"AerollingOverDeepBlueSeas"},"content":"","lastModifiedDate":"2025-01-24","isFullCredit":false},{"lineNumber":6,"author":{"gitId":"AerollingOverDeepBlueSeas"},"content":"    public Event(String newItem, String start, String end) {","lastModifiedDate":"2025-01-24","isFullCredit":false},{"lineNumber":7,"author":{"gitId":"AerollingOverDeepBlueSeas"},"content":"        super(newItem);","lastModifiedDate":"2025-01-24","isFullCredit":false},{"lineNumber":8,"author":{"gitId":"AerollingOverDeepBlueSeas"},"content":"        this.start \u003d start;","lastModifiedDate":"2025-01-24","isFullCredit":false},{"lineNumber":9,"author":{"gitId":"AerollingOverDeepBlueSeas"},"content":"        this.end \u003d end;","lastModifiedDate":"2025-01-24","isFullCredit":false},{"lineNumber":10,"author":{"gitId":"AerollingOverDeepBlueSeas"},"content":"    }","lastModifiedDate":"2025-01-24","isFullCredit":false},{"lineNumber":11,"author":{"gitId":"AerollingOverDeepBlueSeas"},"content":"","lastModifiedDate":"2025-01-24","isFullCredit":false},{"lineNumber":12,"author":{"gitId":"AerollingOverDeepBlueSeas"},"content":"    @Override","lastModifiedDate":"2025-01-24","isFullCredit":false},{"lineNumber":13,"author":{"gitId":"AerollingOverDeepBlueSeas"},"content":"    public String toString() {","lastModifiedDate":"2025-01-24","isFullCredit":false},{"lineNumber":14,"author":{"gitId":"AerollingOverDeepBlueSeas"},"content":"        return \"[E][\"+this.getStatus()+\"] \" + this.description + \" (from: \" + this.start + \" to: \" + this.end + \")\";","lastModifiedDate":"2025-01-24","isFullCredit":false},{"lineNumber":15,"author":{"gitId":"AerollingOverDeepBlueSeas"},"content":"    }","lastModifiedDate":"2025-01-24","isFullCredit":false},{"lineNumber":16,"author":{"gitId":"AerollingOverDeepBlueSeas"},"content":"","lastModifiedDate":"2025-01-24","isFullCredit":false},{"lineNumber":17,"author":{"gitId":"AerollingOverDeepBlueSeas"},"content":"}","lastModifiedDate":"2025-01-24","isFullCredit":false}],"authorContributionMap":{"AerollingOverDeepBlueSeas":17}},{"path":"src/main/java/InvalidCommandException.java","fileType":"java","lines":[{"lineNumber":1,"author":{"gitId":"AerollingOverDeepBlueSeas"},"content":"public class InvalidCommandException extends TeteException {","lastModifiedDate":"2025-01-24","isFullCredit":false},{"lineNumber":2,"author":{"gitId":"AerollingOverDeepBlueSeas"},"content":"    public InvalidCommandException() {","lastModifiedDate":"2025-01-24","isFullCredit":false},{"lineNumber":3,"author":{"gitId":"AerollingOverDeepBlueSeas"},"content":"        super(\"\"\"","lastModifiedDate":"2025-01-24","isFullCredit":false},{"lineNumber":4,"author":{"gitId":"AerollingOverDeepBlueSeas"},"content":"                \\tI am afraid I do not understand this command.\\","lastModifiedDate":"2025-01-24","isFullCredit":false},{"lineNumber":5,"author":{"gitId":"AerollingOverDeepBlueSeas"},"content":"                ","lastModifiedDate":"2025-01-24","isFullCredit":false},{"lineNumber":6,"author":{"gitId":"AerollingOverDeepBlueSeas"},"content":"                \\tOf course, it is just as likely a result of my ignorance as it is your incompetence.\\","lastModifiedDate":"2025-01-24","isFullCredit":false},{"lineNumber":7,"author":{"gitId":"AerollingOverDeepBlueSeas"},"content":"                ","lastModifiedDate":"2025-01-24","isFullCredit":false},{"lineNumber":8,"author":{"gitId":"AerollingOverDeepBlueSeas"},"content":"                \\t(Commands supported currently: todo, deadline, event, mark, unmark, delete, bye\"\"\");","lastModifiedDate":"2025-01-24","isFullCredit":false},{"lineNumber":9,"author":{"gitId":"AerollingOverDeepBlueSeas"},"content":"    }","lastModifiedDate":"2025-01-24","isFullCredit":false},{"lineNumber":10,"author":{"gitId":"AerollingOverDeepBlueSeas"},"content":"}","lastModifiedDate":"2025-01-24","isFullCredit":false}],"authorContributionMap":{"AerollingOverDeepBlueSeas":10}},{"path":"src/main/java/InvalidIndexException.java","fileType":"java","lines":[{"lineNumber":1,"author":{"gitId":"AerollingOverDeepBlueSeas"},"content":"public class InvalidIndexException extends TeteException {","lastModifiedDate":"2025-01-24","isFullCredit":false},{"lineNumber":2,"author":{"gitId":"AerollingOverDeepBlueSeas"},"content":"    public InvalidIndexException() {","lastModifiedDate":"2025-01-24","isFullCredit":false},{"lineNumber":3,"author":{"gitId":"AerollingOverDeepBlueSeas"},"content":"        super(\"\\tThere is no task with the specified index.\" +","lastModifiedDate":"2025-01-24","isFullCredit":false},{"lineNumber":4,"author":{"gitId":"AerollingOverDeepBlueSeas"},"content":"                \"\\n\\tYou may want to run the command \u0027list\u0027 again.\");","lastModifiedDate":"2025-01-24","isFullCredit":false},{"lineNumber":5,"author":{"gitId":"AerollingOverDeepBlueSeas"},"content":"    }","lastModifiedDate":"2025-01-24","isFullCredit":false},{"lineNumber":6,"author":{"gitId":"AerollingOverDeepBlueSeas"},"content":"}","lastModifiedDate":"2025-01-24","isFullCredit":false}],"authorContributionMap":{"AerollingOverDeepBlueSeas":6}},{"path":"src/main/java/MissingFieldContentsException.java","fileType":"java","lines":[{"lineNumber":1,"author":{"gitId":"AerollingOverDeepBlueSeas"},"content":"public class MissingFieldContentsException extends TeteException {","lastModifiedDate":"2025-01-24","isFullCredit":false},{"lineNumber":2,"author":{"gitId":"AerollingOverDeepBlueSeas"},"content":"    public MissingFieldContentsException(String field) {","lastModifiedDate":"2025-01-24","isFullCredit":false},{"lineNumber":3,"author":{"gitId":"AerollingOverDeepBlueSeas"},"content":"        super(\"\\tYour command seems to be missing information for the following field(s): \" + field);","lastModifiedDate":"2025-01-24","isFullCredit":false},{"lineNumber":4,"author":{"gitId":"AerollingOverDeepBlueSeas"},"content":"    }","lastModifiedDate":"2025-01-24","isFullCredit":false},{"lineNumber":5,"author":{"gitId":"AerollingOverDeepBlueSeas"},"content":"}","lastModifiedDate":"2025-01-24","isFullCredit":false}],"authorContributionMap":{"AerollingOverDeepBlueSeas":5}},{"path":"src/main/java/MissingFieldException.java","fileType":"java","lines":[{"lineNumber":1,"author":{"gitId":"AerollingOverDeepBlueSeas"},"content":"public class MissingFieldException extends TeteException {","lastModifiedDate":"2025-01-24","isFullCredit":false},{"lineNumber":2,"author":{"gitId":"AerollingOverDeepBlueSeas"},"content":"    public MissingFieldException(String component) {","lastModifiedDate":"2025-01-24","isFullCredit":false},{"lineNumber":3,"author":{"gitId":"AerollingOverDeepBlueSeas"},"content":"        super(\"\\tYour command seems to be missing the component \" + component + \".\");","lastModifiedDate":"2025-01-24","isFullCredit":false},{"lineNumber":4,"author":{"gitId":"AerollingOverDeepBlueSeas"},"content":"    }","lastModifiedDate":"2025-01-24","isFullCredit":false},{"lineNumber":5,"author":{"gitId":"AerollingOverDeepBlueSeas"},"content":"}","lastModifiedDate":"2025-01-24","isFullCredit":false}],"authorContributionMap":{"AerollingOverDeepBlueSeas":5}},{"path":"src/main/java/Task.java","fileType":"java","lines":[{"lineNumber":1,"author":{"gitId":"AerollingOverDeepBlueSeas"},"content":"","lastModifiedDate":"2025-01-24","isFullCredit":false},{"lineNumber":2,"author":{"gitId":"AerollingOverDeepBlueSeas"},"content":"public class Task {","lastModifiedDate":"2025-01-24","isFullCredit":false},{"lineNumber":3,"author":{"gitId":"AerollingOverDeepBlueSeas"},"content":"","lastModifiedDate":"2025-01-24","isFullCredit":false},{"lineNumber":4,"author":{"gitId":"AerollingOverDeepBlueSeas"},"content":"    protected String description;","lastModifiedDate":"2025-01-24","isFullCredit":false},{"lineNumber":5,"author":{"gitId":"AerollingOverDeepBlueSeas"},"content":"    protected boolean isDone;","lastModifiedDate":"2025-01-24","isFullCredit":false},{"lineNumber":6,"author":{"gitId":"AerollingOverDeepBlueSeas"},"content":"","lastModifiedDate":"2025-01-24","isFullCredit":false},{"lineNumber":7,"author":{"gitId":"AerollingOverDeepBlueSeas"},"content":"    public Task(String description) {","lastModifiedDate":"2025-01-24","isFullCredit":false},{"lineNumber":8,"author":{"gitId":"AerollingOverDeepBlueSeas"},"content":"        this.description \u003d description;","lastModifiedDate":"2025-01-24","isFullCredit":false},{"lineNumber":9,"author":{"gitId":"AerollingOverDeepBlueSeas"},"content":"        this.isDone \u003d false;","lastModifiedDate":"2025-01-24","isFullCredit":false},{"lineNumber":10,"author":{"gitId":"AerollingOverDeepBlueSeas"},"content":"    }","lastModifiedDate":"2025-01-24","isFullCredit":false},{"lineNumber":11,"author":{"gitId":"AerollingOverDeepBlueSeas"},"content":"","lastModifiedDate":"2025-01-24","isFullCredit":false},{"lineNumber":12,"author":{"gitId":"AerollingOverDeepBlueSeas"},"content":"    public String getStatus() {","lastModifiedDate":"2025-01-24","isFullCredit":false},{"lineNumber":13,"author":{"gitId":"AerollingOverDeepBlueSeas"},"content":"        return this.isDone ? \"X\" : \" \";","lastModifiedDate":"2025-01-24","isFullCredit":false},{"lineNumber":14,"author":{"gitId":"AerollingOverDeepBlueSeas"},"content":"    }","lastModifiedDate":"2025-01-24","isFullCredit":false},{"lineNumber":15,"author":{"gitId":"AerollingOverDeepBlueSeas"},"content":"","lastModifiedDate":"2025-01-24","isFullCredit":false},{"lineNumber":16,"author":{"gitId":"AerollingOverDeepBlueSeas"},"content":"    public void markAsDone() {","lastModifiedDate":"2025-01-24","isFullCredit":false},{"lineNumber":17,"author":{"gitId":"AerollingOverDeepBlueSeas"},"content":"        this.isDone \u003d true;","lastModifiedDate":"2025-01-24","isFullCredit":false},{"lineNumber":18,"author":{"gitId":"AerollingOverDeepBlueSeas"},"content":"        System.out.println(\"\\tIn accordance to your wishes, the following task has been marked as completed.\");","lastModifiedDate":"2025-01-24","isFullCredit":false},{"lineNumber":19,"author":{"gitId":"AerollingOverDeepBlueSeas"},"content":"        System.out.println(\"\\t\"+this.toString());","lastModifiedDate":"2025-01-24","isFullCredit":false},{"lineNumber":20,"author":{"gitId":"AerollingOverDeepBlueSeas"},"content":"    }","lastModifiedDate":"2025-01-24","isFullCredit":false},{"lineNumber":21,"author":{"gitId":"AerollingOverDeepBlueSeas"},"content":"","lastModifiedDate":"2025-01-24","isFullCredit":false},{"lineNumber":22,"author":{"gitId":"AerollingOverDeepBlueSeas"},"content":"    public void unmarkAsDone() {","lastModifiedDate":"2025-01-24","isFullCredit":false},{"lineNumber":23,"author":{"gitId":"AerollingOverDeepBlueSeas"},"content":"        this.isDone \u003d false;","lastModifiedDate":"2025-01-24","isFullCredit":false},{"lineNumber":24,"author":{"gitId":"AerollingOverDeepBlueSeas"},"content":"        System.out.println(\"\\tIn accordance to your wishes, the completion status of the following task has been revoked.\" +","lastModifiedDate":"2025-01-24","isFullCredit":false},{"lineNumber":25,"author":{"gitId":"AerollingOverDeepBlueSeas"},"content":"                \"\\n\\tPlease see to it that you complete it soon.\");","lastModifiedDate":"2025-01-24","isFullCredit":false},{"lineNumber":26,"author":{"gitId":"AerollingOverDeepBlueSeas"},"content":"        System.out.println(\"\\t\"+this.toString());","lastModifiedDate":"2025-01-24","isFullCredit":false},{"lineNumber":27,"author":{"gitId":"AerollingOverDeepBlueSeas"},"content":"    }","lastModifiedDate":"2025-01-24","isFullCredit":false},{"lineNumber":28,"author":{"gitId":"AerollingOverDeepBlueSeas"},"content":"","lastModifiedDate":"2025-01-24","isFullCredit":false},{"lineNumber":29,"author":{"gitId":"AerollingOverDeepBlueSeas"},"content":"    @Override","lastModifiedDate":"2025-01-24","isFullCredit":false},{"lineNumber":30,"author":{"gitId":"AerollingOverDeepBlueSeas"},"content":"    public String toString() {","lastModifiedDate":"2025-01-24","isFullCredit":false},{"lineNumber":31,"author":{"gitId":"AerollingOverDeepBlueSeas"},"content":"        return \"[\"+this.getStatus()+\"] \" + this.description;","lastModifiedDate":"2025-01-24","isFullCredit":false},{"lineNumber":32,"author":{"gitId":"AerollingOverDeepBlueSeas"},"content":"    }","lastModifiedDate":"2025-01-24","isFullCredit":false},{"lineNumber":33,"author":{"gitId":"AerollingOverDeepBlueSeas"},"content":"","lastModifiedDate":"2025-01-24","isFullCredit":false},{"lineNumber":34,"author":{"gitId":"AerollingOverDeepBlueSeas"},"content":"}","lastModifiedDate":"2025-01-24","isFullCredit":false}],"authorContributionMap":{"AerollingOverDeepBlueSeas":34}},{"path":"src/main/java/Tete.java","fileType":"java","lines":[{"lineNumber":1,"author":{"gitId":"AerollingOverDeepBlueSeas"},"content":"import java.util.ArrayList;","lastModifiedDate":"2025-01-24","isFullCredit":false},{"lineNumber":2,"author":{"gitId":"AerollingOverDeepBlueSeas"},"content":"import java.util.Scanner;","lastModifiedDate":"2025-01-24","isFullCredit":false},{"lineNumber":3,"author":{"gitId":"AerollingOverDeepBlueSeas"},"content":"","lastModifiedDate":"2025-01-24","isFullCredit":false},{"lineNumber":4,"author":{"gitId":"AerollingOverDeepBlueSeas"},"content":"enum Command {","lastModifiedDate":"2025-01-24","isFullCredit":false},{"lineNumber":5,"author":{"gitId":"AerollingOverDeepBlueSeas"},"content":"    LIST,","lastModifiedDate":"2025-01-24","isFullCredit":false},{"lineNumber":6,"author":{"gitId":"AerollingOverDeepBlueSeas"},"content":"    TODO,","lastModifiedDate":"2025-01-24","isFullCredit":false},{"lineNumber":7,"author":{"gitId":"AerollingOverDeepBlueSeas"},"content":"    DEADLINE,","lastModifiedDate":"2025-01-24","isFullCredit":false},{"lineNumber":8,"author":{"gitId":"AerollingOverDeepBlueSeas"},"content":"    EVENT,","lastModifiedDate":"2025-01-24","isFullCredit":false},{"lineNumber":9,"author":{"gitId":"AerollingOverDeepBlueSeas"},"content":"    MARK,","lastModifiedDate":"2025-01-24","isFullCredit":false},{"lineNumber":10,"author":{"gitId":"AerollingOverDeepBlueSeas"},"content":"    UNMARK,","lastModifiedDate":"2025-01-24","isFullCredit":false},{"lineNumber":11,"author":{"gitId":"AerollingOverDeepBlueSeas"},"content":"    DELETE,","lastModifiedDate":"2025-01-24","isFullCredit":false},{"lineNumber":12,"author":{"gitId":"AerollingOverDeepBlueSeas"},"content":"    BYE;","lastModifiedDate":"2025-01-24","isFullCredit":false},{"lineNumber":13,"author":{"gitId":"AerollingOverDeepBlueSeas"},"content":"}","lastModifiedDate":"2025-01-24","isFullCredit":false},{"lineNumber":14,"author":{"gitId":"AerollingOverDeepBlueSeas"},"content":"","lastModifiedDate":"2025-01-24","isFullCredit":false},{"lineNumber":15,"author":{"gitId":"AerollingOverDeepBlueSeas"},"content":"public class Tete {","lastModifiedDate":"2025-01-24","isFullCredit":false},{"lineNumber":16,"author":{"gitId":"AerollingOverDeepBlueSeas"},"content":"","lastModifiedDate":"2025-01-24","isFullCredit":false},{"lineNumber":17,"author":{"gitId":"AerollingOverDeepBlueSeas"},"content":"    public static ArrayList\u003cTask\u003e tasks \u003d new ArrayList\u003c\u003e();","lastModifiedDate":"2025-01-24","isFullCredit":false},{"lineNumber":18,"author":{"gitId":"AerollingOverDeepBlueSeas"},"content":"","lastModifiedDate":"2025-01-24","isFullCredit":false},{"lineNumber":19,"author":{"gitId":"AerollingOverDeepBlueSeas"},"content":"    public static void addItem(Task newTask) {","lastModifiedDate":"2025-01-24","isFullCredit":false},{"lineNumber":20,"author":{"gitId":"AerollingOverDeepBlueSeas"},"content":"        tasks.add(newTask);","lastModifiedDate":"2025-01-24","isFullCredit":false},{"lineNumber":21,"author":{"gitId":"AerollingOverDeepBlueSeas"},"content":"        System.out.println(\"\\tIn accordance to your wishes, the following task has been added: \");","lastModifiedDate":"2025-01-24","isFullCredit":false},{"lineNumber":22,"author":{"gitId":"AerollingOverDeepBlueSeas"},"content":"        System.out.println(\"\\t  \" + newTask);","lastModifiedDate":"2025-01-24","isFullCredit":false},{"lineNumber":23,"author":{"gitId":"AerollingOverDeepBlueSeas"},"content":"        System.out.println(\"\\tYou now have \" + tasks.size() + ((tasks.size()\u003d\u003d1)?\" task.\":\" tasks.\"));","lastModifiedDate":"2025-01-24","isFullCredit":false},{"lineNumber":24,"author":{"gitId":"AerollingOverDeepBlueSeas"},"content":"    }","lastModifiedDate":"2025-01-24","isFullCredit":false},{"lineNumber":25,"author":{"gitId":"AerollingOverDeepBlueSeas"},"content":"","lastModifiedDate":"2025-01-24","isFullCredit":false},{"lineNumber":26,"author":{"gitId":"AerollingOverDeepBlueSeas"},"content":"    public static void removeItem(int index) {","lastModifiedDate":"2025-01-24","isFullCredit":false},{"lineNumber":27,"author":{"gitId":"AerollingOverDeepBlueSeas"},"content":"        System.out.println(\"In accordance to your wishes, the following task has been removed: \");","lastModifiedDate":"2025-01-24","isFullCredit":false},{"lineNumber":28,"author":{"gitId":"AerollingOverDeepBlueSeas"},"content":"        System.out.println(\"\\t  \" + tasks.get(index));","lastModifiedDate":"2025-01-24","isFullCredit":false},{"lineNumber":29,"author":{"gitId":"AerollingOverDeepBlueSeas"},"content":"        tasks.remove(index);","lastModifiedDate":"2025-01-24","isFullCredit":false},{"lineNumber":30,"author":{"gitId":"AerollingOverDeepBlueSeas"},"content":"        System.out.println(\"\\tYou now have \" + tasks.size() + ((tasks.size()\u003d\u003d1)?\" task.\":\" tasks.\"));","lastModifiedDate":"2025-01-24","isFullCredit":false},{"lineNumber":31,"author":{"gitId":"AerollingOverDeepBlueSeas"},"content":"    }","lastModifiedDate":"2025-01-24","isFullCredit":false},{"lineNumber":32,"author":{"gitId":"AerollingOverDeepBlueSeas"},"content":"","lastModifiedDate":"2025-01-24","isFullCredit":false},{"lineNumber":33,"author":{"gitId":"AerollingOverDeepBlueSeas"},"content":"    public static void displayItems() {","lastModifiedDate":"2025-01-24","isFullCredit":false},{"lineNumber":34,"author":{"gitId":"AerollingOverDeepBlueSeas"},"content":"        int index \u003d 0;","lastModifiedDate":"2025-01-24","isFullCredit":false},{"lineNumber":35,"author":{"gitId":"AerollingOverDeepBlueSeas"},"content":"        for (Task task : tasks) {","lastModifiedDate":"2025-01-24","isFullCredit":false},{"lineNumber":36,"author":{"gitId":"AerollingOverDeepBlueSeas"},"content":"            System.out.println(\"\\t\" + Integer.valueOf(++index).toString() + \". \" + task.toString());","lastModifiedDate":"2025-01-24","isFullCredit":false},{"lineNumber":37,"author":{"gitId":"AerollingOverDeepBlueSeas"},"content":"        }","lastModifiedDate":"2025-01-24","isFullCredit":false},{"lineNumber":38,"author":{"gitId":"AerollingOverDeepBlueSeas"},"content":"    }","lastModifiedDate":"2025-01-24","isFullCredit":false},{"lineNumber":39,"author":{"gitId":"AerollingOverDeepBlueSeas"},"content":"","lastModifiedDate":"2025-01-24","isFullCredit":false},{"lineNumber":40,"author":{"gitId":"AerollingOverDeepBlueSeas"},"content":"    public static void main(String[] args) {","lastModifiedDate":"2025-01-24","isFullCredit":false},{"lineNumber":41,"author":{"gitId":"AerollingOverDeepBlueSeas"},"content":"","lastModifiedDate":"2025-01-24","isFullCredit":false},{"lineNumber":42,"author":{"gitId":"AerollingOverDeepBlueSeas"},"content":"        String line \u003d \"\\t⊱ ──── {⋆⌘⋆} ──── ⊰⊱ ────── {⋆⌘⋆} ────── ⊰⊱ ──── {⋆⌘⋆} ──── ⊰\";","lastModifiedDate":"2025-01-24","isFullCredit":false},{"lineNumber":43,"author":{"gitId":"AerollingOverDeepBlueSeas"},"content":"        String greeting \u003d \"\"\"","lastModifiedDate":"2025-01-24","isFullCredit":false},{"lineNumber":44,"author":{"gitId":"AerollingOverDeepBlueSeas"},"content":"                    Greetings, I\u0027m Tete.","lastModifiedDate":"2025-01-24","isFullCredit":false},{"lineNumber":45,"author":{"gitId":"AerollingOverDeepBlueSeas"},"content":"                    How may I be of service to you?","lastModifiedDate":"2025-01-24","isFullCredit":false},{"lineNumber":46,"author":{"gitId":"AerollingOverDeepBlueSeas"},"content":"                \"\"\";","lastModifiedDate":"2025-01-24","isFullCredit":false},{"lineNumber":47,"author":{"gitId":"AerollingOverDeepBlueSeas"},"content":"        String farewell \u003d \"\\tFarewell. May our paths cross again soon. \\n\";","lastModifiedDate":"2025-01-24","isFullCredit":false},{"lineNumber":48,"author":{"gitId":"AerollingOverDeepBlueSeas"},"content":"","lastModifiedDate":"2025-01-24","isFullCredit":false},{"lineNumber":49,"author":{"gitId":"AerollingOverDeepBlueSeas"},"content":"        Scanner sc \u003d new Scanner(System.in);","lastModifiedDate":"2025-01-24","isFullCredit":false},{"lineNumber":50,"author":{"gitId":"AerollingOverDeepBlueSeas"},"content":"","lastModifiedDate":"2025-01-24","isFullCredit":false},{"lineNumber":51,"author":{"gitId":"AerollingOverDeepBlueSeas"},"content":"        System.out.println(line);","lastModifiedDate":"2025-01-24","isFullCredit":false},{"lineNumber":52,"author":{"gitId":"AerollingOverDeepBlueSeas"},"content":"        System.out.println(greeting);","lastModifiedDate":"2025-01-24","isFullCredit":false},{"lineNumber":53,"author":{"gitId":"AerollingOverDeepBlueSeas"},"content":"        System.out.println(line);","lastModifiedDate":"2025-01-24","isFullCredit":false},{"lineNumber":54,"author":{"gitId":"AerollingOverDeepBlueSeas"},"content":"        String input \u003d \"\";","lastModifiedDate":"2025-01-24","isFullCredit":false},{"lineNumber":55,"author":{"gitId":"AerollingOverDeepBlueSeas"},"content":"        String[] inputs;","lastModifiedDate":"2025-01-24","isFullCredit":false},{"lineNumber":56,"author":{"gitId":"AerollingOverDeepBlueSeas"},"content":"","lastModifiedDate":"2025-01-24","isFullCredit":false},{"lineNumber":57,"author":{"gitId":"AerollingOverDeepBlueSeas"},"content":"        while (!input.equalsIgnoreCase(\"bye\")) {","lastModifiedDate":"2025-01-24","isFullCredit":false},{"lineNumber":58,"author":{"gitId":"AerollingOverDeepBlueSeas"},"content":"            try {","lastModifiedDate":"2025-01-24","isFullCredit":false},{"lineNumber":59,"author":{"gitId":"AerollingOverDeepBlueSeas"},"content":"                input \u003d sc.nextLine();","lastModifiedDate":"2025-01-24","isFullCredit":false},{"lineNumber":60,"author":{"gitId":"AerollingOverDeepBlueSeas"},"content":"                inputs \u003d input.split(\" \");","lastModifiedDate":"2025-01-24","isFullCredit":false},{"lineNumber":61,"author":{"gitId":"AerollingOverDeepBlueSeas"},"content":"                Command command \u003d null;","lastModifiedDate":"2025-01-24","isFullCredit":false},{"lineNumber":62,"author":{"gitId":"AerollingOverDeepBlueSeas"},"content":"                try {","lastModifiedDate":"2025-01-24","isFullCredit":false},{"lineNumber":63,"author":{"gitId":"AerollingOverDeepBlueSeas"},"content":"                    command \u003d Command.valueOf(input.toUpperCase());","lastModifiedDate":"2025-01-24","isFullCredit":false},{"lineNumber":64,"author":{"gitId":"AerollingOverDeepBlueSeas"},"content":"                } catch (IllegalArgumentException e) {","lastModifiedDate":"2025-01-24","isFullCredit":false},{"lineNumber":65,"author":{"gitId":"AerollingOverDeepBlueSeas"},"content":"                    throw new InvalidCommandException();","lastModifiedDate":"2025-01-24","isFullCredit":false},{"lineNumber":66,"author":{"gitId":"AerollingOverDeepBlueSeas"},"content":"                }","lastModifiedDate":"2025-01-24","isFullCredit":false},{"lineNumber":67,"author":{"gitId":"AerollingOverDeepBlueSeas"},"content":"                int index;","lastModifiedDate":"2025-01-24","isFullCredit":false},{"lineNumber":68,"author":{"gitId":"AerollingOverDeepBlueSeas"},"content":"                switch (command) {","lastModifiedDate":"2025-01-24","isFullCredit":false},{"lineNumber":69,"author":{"gitId":"AerollingOverDeepBlueSeas"},"content":"                    case LIST:","lastModifiedDate":"2025-01-24","isFullCredit":false},{"lineNumber":70,"author":{"gitId":"AerollingOverDeepBlueSeas"},"content":"                        displayItems();","lastModifiedDate":"2025-01-24","isFullCredit":false},{"lineNumber":71,"author":{"gitId":"AerollingOverDeepBlueSeas"},"content":"                        break;","lastModifiedDate":"2025-01-24","isFullCredit":false},{"lineNumber":72,"author":{"gitId":"AerollingOverDeepBlueSeas"},"content":"                    case MARK:","lastModifiedDate":"2025-01-24","isFullCredit":false},{"lineNumber":73,"author":{"gitId":"AerollingOverDeepBlueSeas"},"content":"                        index \u003d Integer.parseInt(inputs[1]) - 1;","lastModifiedDate":"2025-01-24","isFullCredit":false},{"lineNumber":74,"author":{"gitId":"AerollingOverDeepBlueSeas"},"content":"                        if (index \u003e\u003d 0 \u0026\u0026 index \u003c tasks.size()) {","lastModifiedDate":"2025-01-24","isFullCredit":false},{"lineNumber":75,"author":{"gitId":"AerollingOverDeepBlueSeas"},"content":"                            tasks.get(index).markAsDone();","lastModifiedDate":"2025-01-24","isFullCredit":false},{"lineNumber":76,"author":{"gitId":"AerollingOverDeepBlueSeas"},"content":"                        } else {","lastModifiedDate":"2025-01-24","isFullCredit":false},{"lineNumber":77,"author":{"gitId":"AerollingOverDeepBlueSeas"},"content":"                            throw new InvalidIndexException();","lastModifiedDate":"2025-01-24","isFullCredit":false},{"lineNumber":78,"author":{"gitId":"AerollingOverDeepBlueSeas"},"content":"                        }","lastModifiedDate":"2025-01-24","isFullCredit":false},{"lineNumber":79,"author":{"gitId":"AerollingOverDeepBlueSeas"},"content":"                        break;","lastModifiedDate":"2025-01-24","isFullCredit":false},{"lineNumber":80,"author":{"gitId":"AerollingOverDeepBlueSeas"},"content":"                    case UNMARK:","lastModifiedDate":"2025-01-24","isFullCredit":false},{"lineNumber":81,"author":{"gitId":"AerollingOverDeepBlueSeas"},"content":"                        index \u003d Integer.parseInt(inputs[1]) - 1;","lastModifiedDate":"2025-01-24","isFullCredit":false},{"lineNumber":82,"author":{"gitId":"AerollingOverDeepBlueSeas"},"content":"                        if (index \u003e\u003d 0 \u0026\u0026 index \u003c tasks.size()) {","lastModifiedDate":"2025-01-24","isFullCredit":false},{"lineNumber":83,"author":{"gitId":"AerollingOverDeepBlueSeas"},"content":"                            tasks.get(index).unmarkAsDone();","lastModifiedDate":"2025-01-24","isFullCredit":false},{"lineNumber":84,"author":{"gitId":"AerollingOverDeepBlueSeas"},"content":"                        } else {","lastModifiedDate":"2025-01-24","isFullCredit":false},{"lineNumber":85,"author":{"gitId":"AerollingOverDeepBlueSeas"},"content":"                            throw new InvalidIndexException();","lastModifiedDate":"2025-01-24","isFullCredit":false},{"lineNumber":86,"author":{"gitId":"AerollingOverDeepBlueSeas"},"content":"                        }","lastModifiedDate":"2025-01-24","isFullCredit":false},{"lineNumber":87,"author":{"gitId":"AerollingOverDeepBlueSeas"},"content":"                        break;","lastModifiedDate":"2025-01-24","isFullCredit":false},{"lineNumber":88,"author":{"gitId":"AerollingOverDeepBlueSeas"},"content":"                    case DELETE:","lastModifiedDate":"2025-01-24","isFullCredit":false},{"lineNumber":89,"author":{"gitId":"AerollingOverDeepBlueSeas"},"content":"                        index \u003d Integer.parseInt(inputs[1]) - 1;","lastModifiedDate":"2025-01-24","isFullCredit":false},{"lineNumber":90,"author":{"gitId":"AerollingOverDeepBlueSeas"},"content":"                        if (index \u003e\u003d 0 \u0026\u0026 index \u003c tasks.size()) {","lastModifiedDate":"2025-01-24","isFullCredit":false},{"lineNumber":91,"author":{"gitId":"AerollingOverDeepBlueSeas"},"content":"                            removeItem(index);","lastModifiedDate":"2025-01-24","isFullCredit":false},{"lineNumber":92,"author":{"gitId":"AerollingOverDeepBlueSeas"},"content":"                        } else {","lastModifiedDate":"2025-01-24","isFullCredit":false},{"lineNumber":93,"author":{"gitId":"AerollingOverDeepBlueSeas"},"content":"                            throw new InvalidIndexException();","lastModifiedDate":"2025-01-24","isFullCredit":false},{"lineNumber":94,"author":{"gitId":"AerollingOverDeepBlueSeas"},"content":"                        }","lastModifiedDate":"2025-01-24","isFullCredit":false},{"lineNumber":95,"author":{"gitId":"AerollingOverDeepBlueSeas"},"content":"                        break;","lastModifiedDate":"2025-01-24","isFullCredit":false},{"lineNumber":96,"author":{"gitId":"AerollingOverDeepBlueSeas"},"content":"                    case TODO:","lastModifiedDate":"2025-01-24","isFullCredit":false},{"lineNumber":97,"author":{"gitId":"AerollingOverDeepBlueSeas"},"content":"                        if (inputs.length \u003e 1) {","lastModifiedDate":"2025-01-24","isFullCredit":false},{"lineNumber":98,"author":{"gitId":"AerollingOverDeepBlueSeas"},"content":"                            addItem(new Todo(input.replaceFirst(\"todo \", \"\")));","lastModifiedDate":"2025-01-24","isFullCredit":false},{"lineNumber":99,"author":{"gitId":"AerollingOverDeepBlueSeas"},"content":"                        } else {","lastModifiedDate":"2025-01-24","isFullCredit":false},{"lineNumber":100,"author":{"gitId":"AerollingOverDeepBlueSeas"},"content":"                            throw new EmptyTodoException();","lastModifiedDate":"2025-01-24","isFullCredit":false},{"lineNumber":101,"author":{"gitId":"AerollingOverDeepBlueSeas"},"content":"                        }","lastModifiedDate":"2025-01-24","isFullCredit":false},{"lineNumber":102,"author":{"gitId":"AerollingOverDeepBlueSeas"},"content":"                        break;","lastModifiedDate":"2025-01-24","isFullCredit":false},{"lineNumber":103,"author":{"gitId":"AerollingOverDeepBlueSeas"},"content":"                    case DEADLINE:","lastModifiedDate":"2025-01-24","isFullCredit":false},{"lineNumber":104,"author":{"gitId":"AerollingOverDeepBlueSeas"},"content":"                        if (inputs.length \u003e 1) {","lastModifiedDate":"2025-01-24","isFullCredit":false},{"lineNumber":105,"author":{"gitId":"AerollingOverDeepBlueSeas"},"content":"                            if (input.contains(\" /by \")) {","lastModifiedDate":"2025-01-24","isFullCredit":false},{"lineNumber":106,"author":{"gitId":"AerollingOverDeepBlueSeas"},"content":"                                String[] temp \u003d input.replaceFirst(\"deadline \", \"\").split(\" /by \");","lastModifiedDate":"2025-01-24","isFullCredit":false},{"lineNumber":107,"author":{"gitId":"AerollingOverDeepBlueSeas"},"content":"                                addItem(new Deadline(temp[0], temp[1]));","lastModifiedDate":"2025-01-24","isFullCredit":false},{"lineNumber":108,"author":{"gitId":"AerollingOverDeepBlueSeas"},"content":"                            } else {","lastModifiedDate":"2025-01-24","isFullCredit":false},{"lineNumber":109,"author":{"gitId":"AerollingOverDeepBlueSeas"},"content":"                                throw new MissingFieldException(\"/by\");","lastModifiedDate":"2025-01-24","isFullCredit":false},{"lineNumber":110,"author":{"gitId":"AerollingOverDeepBlueSeas"},"content":"                            }","lastModifiedDate":"2025-01-24","isFullCredit":false},{"lineNumber":111,"author":{"gitId":"AerollingOverDeepBlueSeas"},"content":"                        } else {","lastModifiedDate":"2025-01-24","isFullCredit":false},{"lineNumber":112,"author":{"gitId":"AerollingOverDeepBlueSeas"},"content":"                            throw new EmptyDeadlineException();","lastModifiedDate":"2025-01-24","isFullCredit":false},{"lineNumber":113,"author":{"gitId":"AerollingOverDeepBlueSeas"},"content":"                        }","lastModifiedDate":"2025-01-24","isFullCredit":false},{"lineNumber":114,"author":{"gitId":"AerollingOverDeepBlueSeas"},"content":"                        break;","lastModifiedDate":"2025-01-24","isFullCredit":false},{"lineNumber":115,"author":{"gitId":"AerollingOverDeepBlueSeas"},"content":"                    case EVENT:","lastModifiedDate":"2025-01-24","isFullCredit":false},{"lineNumber":116,"author":{"gitId":"AerollingOverDeepBlueSeas"},"content":"                        if (inputs.length \u003e 1) {","lastModifiedDate":"2025-01-24","isFullCredit":false},{"lineNumber":117,"author":{"gitId":"AerollingOverDeepBlueSeas"},"content":"                            if (input.contains(\" /from \") \u0026\u0026 input.contains(\" /to \")) {","lastModifiedDate":"2025-01-24","isFullCredit":false},{"lineNumber":118,"author":{"gitId":"AerollingOverDeepBlueSeas"},"content":"                                String[] temp \u003d input.replaceFirst(\"event \", \"\")","lastModifiedDate":"2025-01-24","isFullCredit":false},{"lineNumber":119,"author":{"gitId":"AerollingOverDeepBlueSeas"},"content":"                                        .replaceFirst(\" /from \", \"---\")","lastModifiedDate":"2025-01-24","isFullCredit":false},{"lineNumber":120,"author":{"gitId":"AerollingOverDeepBlueSeas"},"content":"                                        .replaceFirst(\" /to \", \"---\")","lastModifiedDate":"2025-01-24","isFullCredit":false},{"lineNumber":121,"author":{"gitId":"AerollingOverDeepBlueSeas"},"content":"                                        .split(\"---\");","lastModifiedDate":"2025-01-24","isFullCredit":false},{"lineNumber":122,"author":{"gitId":"AerollingOverDeepBlueSeas"},"content":"                                if (temp.length \u003d\u003d 3) {","lastModifiedDate":"2025-01-24","isFullCredit":false},{"lineNumber":123,"author":{"gitId":"AerollingOverDeepBlueSeas"},"content":"                                    addItem(new Event(temp[0], temp[1], temp[2]));","lastModifiedDate":"2025-01-24","isFullCredit":false},{"lineNumber":124,"author":{"gitId":"AerollingOverDeepBlueSeas"},"content":"                                } else {","lastModifiedDate":"2025-01-24","isFullCredit":false},{"lineNumber":125,"author":{"gitId":"AerollingOverDeepBlueSeas"},"content":"                                    throw new MissingFieldContentsException(\"/from and/or /to\");","lastModifiedDate":"2025-01-24","isFullCredit":false},{"lineNumber":126,"author":{"gitId":"AerollingOverDeepBlueSeas"},"content":"                                }","lastModifiedDate":"2025-01-24","isFullCredit":false},{"lineNumber":127,"author":{"gitId":"AerollingOverDeepBlueSeas"},"content":"                            } else {","lastModifiedDate":"2025-01-24","isFullCredit":false},{"lineNumber":128,"author":{"gitId":"AerollingOverDeepBlueSeas"},"content":"                                throw new MissingFieldException(\" /from and/or /to\");","lastModifiedDate":"2025-01-24","isFullCredit":false},{"lineNumber":129,"author":{"gitId":"AerollingOverDeepBlueSeas"},"content":"                            }","lastModifiedDate":"2025-01-24","isFullCredit":false},{"lineNumber":130,"author":{"gitId":"AerollingOverDeepBlueSeas"},"content":"                        } else {","lastModifiedDate":"2025-01-24","isFullCredit":false},{"lineNumber":131,"author":{"gitId":"AerollingOverDeepBlueSeas"},"content":"                            throw new EmptyEventException();","lastModifiedDate":"2025-01-24","isFullCredit":false},{"lineNumber":132,"author":{"gitId":"AerollingOverDeepBlueSeas"},"content":"                        }","lastModifiedDate":"2025-01-24","isFullCredit":false},{"lineNumber":133,"author":{"gitId":"AerollingOverDeepBlueSeas"},"content":"                }","lastModifiedDate":"2025-01-24","isFullCredit":false},{"lineNumber":134,"author":{"gitId":"AerollingOverDeepBlueSeas"},"content":"            } catch (TeteException e) {","lastModifiedDate":"2025-01-24","isFullCredit":false},{"lineNumber":135,"author":{"gitId":"AerollingOverDeepBlueSeas"},"content":"                System.out.println(e.getMessage());","lastModifiedDate":"2025-01-24","isFullCredit":false},{"lineNumber":136,"author":{"gitId":"AerollingOverDeepBlueSeas"},"content":"            } finally {","lastModifiedDate":"2025-01-24","isFullCredit":false},{"lineNumber":137,"author":{"gitId":"AerollingOverDeepBlueSeas"},"content":"                System.out.println();","lastModifiedDate":"2025-01-24","isFullCredit":false},{"lineNumber":138,"author":{"gitId":"AerollingOverDeepBlueSeas"},"content":"                System.out.println(line);","lastModifiedDate":"2025-01-24","isFullCredit":false},{"lineNumber":139,"author":{"gitId":"AerollingOverDeepBlueSeas"},"content":"            }","lastModifiedDate":"2025-01-24","isFullCredit":false},{"lineNumber":140,"author":{"gitId":"AerollingOverDeepBlueSeas"},"content":"        }","lastModifiedDate":"2025-01-24","isFullCredit":false},{"lineNumber":141,"author":{"gitId":"AerollingOverDeepBlueSeas"},"content":"","lastModifiedDate":"2025-01-24","isFullCredit":false},{"lineNumber":142,"author":{"gitId":"AerollingOverDeepBlueSeas"},"content":"        System.out.println(farewell);","lastModifiedDate":"2025-01-24","isFullCredit":false},{"lineNumber":143,"author":{"gitId":"AerollingOverDeepBlueSeas"},"content":"        System.out.println(line);","lastModifiedDate":"2025-01-24","isFullCredit":false},{"lineNumber":144,"author":{"gitId":"AerollingOverDeepBlueSeas"},"content":"    }","lastModifiedDate":"2025-01-24","isFullCredit":false},{"lineNumber":145,"author":{"gitId":"AerollingOverDeepBlueSeas"},"content":"}","lastModifiedDate":"2025-01-24","isFullCredit":false}],"authorContributionMap":{"AerollingOverDeepBlueSeas":145}},{"path":"src/main/java/TeteException.java","fileType":"java","lines":[{"lineNumber":1,"author":{"gitId":"AerollingOverDeepBlueSeas"},"content":"public class TeteException extends RuntimeException {","lastModifiedDate":"2025-01-24","isFullCredit":false},{"lineNumber":2,"author":{"gitId":"AerollingOverDeepBlueSeas"},"content":"    public TeteException(String message, Throwable cause) {","lastModifiedDate":"2025-01-24","isFullCredit":false},{"lineNumber":3,"author":{"gitId":"AerollingOverDeepBlueSeas"},"content":"        super(message, cause);","lastModifiedDate":"2025-01-24","isFullCredit":false},{"lineNumber":4,"author":{"gitId":"AerollingOverDeepBlueSeas"},"content":"    }","lastModifiedDate":"2025-01-24","isFullCredit":false},{"lineNumber":5,"author":{"gitId":"AerollingOverDeepBlueSeas"},"content":"    public TeteException(String message) {","lastModifiedDate":"2025-01-24","isFullCredit":false},{"lineNumber":6,"author":{"gitId":"AerollingOverDeepBlueSeas"},"content":"        super(message);","lastModifiedDate":"2025-01-24","isFullCredit":false},{"lineNumber":7,"author":{"gitId":"AerollingOverDeepBlueSeas"},"content":"    }","lastModifiedDate":"2025-01-24","isFullCredit":false},{"lineNumber":8,"author":{"gitId":"AerollingOverDeepBlueSeas"},"content":"}","lastModifiedDate":"2025-01-24","isFullCredit":false}],"authorContributionMap":{"AerollingOverDeepBlueSeas":8}},{"path":"src/main/java/Todo.java","fileType":"java","lines":[{"lineNumber":1,"author":{"gitId":"AerollingOverDeepBlueSeas"},"content":"public class Todo extends Task {","lastModifiedDate":"2025-01-24","isFullCredit":false},{"lineNumber":2,"author":{"gitId":"AerollingOverDeepBlueSeas"},"content":"","lastModifiedDate":"2025-01-24","isFullCredit":false},{"lineNumber":3,"author":{"gitId":"AerollingOverDeepBlueSeas"},"content":"    public Todo(String newItem) {","lastModifiedDate":"2025-01-24","isFullCredit":false},{"lineNumber":4,"author":{"gitId":"AerollingOverDeepBlueSeas"},"content":"        super(newItem);","lastModifiedDate":"2025-01-24","isFullCredit":false},{"lineNumber":5,"author":{"gitId":"AerollingOverDeepBlueSeas"},"content":"    }","lastModifiedDate":"2025-01-24","isFullCredit":false},{"lineNumber":6,"author":{"gitId":"AerollingOverDeepBlueSeas"},"content":"","lastModifiedDate":"2025-01-24","isFullCredit":false},{"lineNumber":7,"author":{"gitId":"AerollingOverDeepBlueSeas"},"content":"    @Override","lastModifiedDate":"2025-01-24","isFullCredit":false},{"lineNumber":8,"author":{"gitId":"AerollingOverDeepBlueSeas"},"content":"    public String toString() {","lastModifiedDate":"2025-01-24","isFullCredit":false},{"lineNumber":9,"author":{"gitId":"AerollingOverDeepBlueSeas"},"content":"        return \"[T][\"+this.getStatus()+\"] \" + this.description;","lastModifiedDate":"2025-01-24","isFullCredit":false},{"lineNumber":10,"author":{"gitId":"AerollingOverDeepBlueSeas"},"content":"    }","lastModifiedDate":"2025-01-24","isFullCredit":false},{"lineNumber":11,"author":{"gitId":"AerollingOverDeepBlueSeas"},"content":"","lastModifiedDate":"2025-01-24","isFullCredit":false},{"lineNumber":12,"author":{"gitId":"AerollingOverDeepBlueSeas"},"content":"}","lastModifiedDate":"2025-01-24","isFullCredit":false}],"authorContributionMap":{"AerollingOverDeepBlueSeas":12}},{"path":"text-ui-test/input.txt","fileType":"txt","lines":[{"lineNumber":1,"author":{"gitId":"AerollingOverDeepBlueSeas"},"content":"list","lastModifiedDate":"2025-01-24","isFullCredit":false},{"lineNumber":2,"author":{"gitId":"AerollingOverDeepBlueSeas"},"content":"todo water plants","lastModifiedDate":"2025-01-24","isFullCredit":false},{"lineNumber":3,"author":{"gitId":"AerollingOverDeepBlueSeas"},"content":"list","lastModifiedDate":"2025-01-24","isFullCredit":false},{"lineNumber":4,"author":{"gitId":"AerollingOverDeepBlueSeas"},"content":"deadline complete this task /by today 2359","lastModifiedDate":"2025-01-24","isFullCredit":false},{"lineNumber":5,"author":{"gitId":"AerollingOverDeepBlueSeas"},"content":"list","lastModifiedDate":"2025-01-24","isFullCredit":false},{"lineNumber":6,"author":{"gitId":"AerollingOverDeepBlueSeas"},"content":"event lecture /from today 1600 /to 1700","lastModifiedDate":"2025-01-24","isFullCredit":false},{"lineNumber":7,"author":{"gitId":"AerollingOverDeepBlueSeas"},"content":"list","lastModifiedDate":"2025-01-24","isFullCredit":false},{"lineNumber":8,"author":{"gitId":"AerollingOverDeepBlueSeas"},"content":"bye","lastModifiedDate":"2025-01-24","isFullCredit":false}],"authorContributionMap":{"AerollingOverDeepBlueSeas":8}},{"path":"text-ui-test/runtest.bat","fileType":"bat","lines":[{"lineNumber":1,"author":{"gitId":"-"},"content":"@ECHO OFF","lastModifiedDate":"2020-05-25","isFullCredit":false},{"lineNumber":2,"author":{"gitId":"-"},"content":"","lastModifiedDate":"2020-05-25","isFullCredit":false},{"lineNumber":3,"author":{"gitId":"-"},"content":"REM create bin directory if it doesn\u0027t exist","lastModifiedDate":"2020-05-25","isFullCredit":false},{"lineNumber":4,"author":{"gitId":"-"},"content":"if not exist ..\\bin mkdir ..\\bin","lastModifiedDate":"2020-05-25","isFullCredit":false},{"lineNumber":5,"author":{"gitId":"-"},"content":"","lastModifiedDate":"2020-05-25","isFullCredit":false},{"lineNumber":6,"author":{"gitId":"-"},"content":"REM delete output from previous run","lastModifiedDate":"2020-05-25","isFullCredit":false},{"lineNumber":7,"author":{"gitId":"-"},"content":"if exist ACTUAL.TXT del ACTUAL.TXT","lastModifiedDate":"2020-08-25","isFullCredit":false},{"lineNumber":8,"author":{"gitId":"-"},"content":"","lastModifiedDate":"2020-05-25","isFullCredit":false},{"lineNumber":9,"author":{"gitId":"-"},"content":"REM compile the code into the bin folder","lastModifiedDate":"2020-05-25","isFullCredit":false},{"lineNumber":10,"author":{"gitId":"-"},"content":"javac  -cp ..\\src\\main\\java -Xlint:none -d ..\\bin ..\\src\\main\\java\\*.java","lastModifiedDate":"2020-08-25","isFullCredit":false},{"lineNumber":11,"author":{"gitId":"-"},"content":"IF ERRORLEVEL 1 (","lastModifiedDate":"2020-05-25","isFullCredit":false},{"lineNumber":12,"author":{"gitId":"-"},"content":"    echo ********** BUILD FAILURE **********","lastModifiedDate":"2020-05-25","isFullCredit":false},{"lineNumber":13,"author":{"gitId":"-"},"content":"    exit /b 1","lastModifiedDate":"2020-05-25","isFullCredit":false},{"lineNumber":14,"author":{"gitId":"-"},"content":")","lastModifiedDate":"2020-05-25","isFullCredit":false},{"lineNumber":15,"author":{"gitId":"-"},"content":"REM no error here, errorlevel \u003d\u003d 0","lastModifiedDate":"2020-05-25","isFullCredit":false},{"lineNumber":16,"author":{"gitId":"-"},"content":"","lastModifiedDate":"2020-05-25","isFullCredit":false},{"lineNumber":17,"author":{"gitId":"-"},"content":"REM run the program, feed commands from input.txt file and redirect the output to the ACTUAL.TXT","lastModifiedDate":"2020-05-25","isFullCredit":false},{"lineNumber":18,"author":{"gitId":"AerollingOverDeepBlueSeas"},"content":"java -classpath ..\\bin Tete \u003c input.txt \u003e ACTUAL.TXT","lastModifiedDate":"2025-01-24","isFullCredit":false},{"lineNumber":19,"author":{"gitId":"-"},"content":"","lastModifiedDate":"2020-05-25","isFullCredit":false},{"lineNumber":20,"author":{"gitId":"-"},"content":"REM compare the output to the expected output","lastModifiedDate":"2020-05-25","isFullCredit":false},{"lineNumber":21,"author":{"gitId":"-"},"content":"FC ACTUAL.TXT EXPECTED.TXT","lastModifiedDate":"2020-05-25","isFullCredit":false}],"authorContributionMap":{"AerollingOverDeepBlueSeas":1,"-":20}}]
