{"authorDailyContributionsMap":{"AerollingOverDeepBlueSeas":[{"date":"2025-01-24","commitResults":[{"hash":"9ba12a33ee2a25f3a84f78388115e4e6723c8fac","isMergeCommit":false,"messageTitle":"Week 2 Project (All Levels Except A-enums)","messageBody":"","tags":["A-Enums"],"fileTypesAndContributionMap":{"txt":{"insertions":8,"deletions":0},"java":{"insertions":278,"deletions":10},"bat":{"insertions":1,"deletions":1},"md":{"insertions":3,"deletions":3}}},{"hash":"536e947a8b6a90f403327aa5870b8e5ecbff9138","isMergeCommit":false,"messageTitle":"A-Enums","messageBody":"","fileTypesAndContributionMap":{"java":{"insertions":37,"deletions":24}}}]},{"date":"2025-01-31","commitResults":[{"hash":"753ebf351a42f0c1ef6c609107e7cd367fbfe441","isMergeCommit":false,"messageTitle":"Create File to read.","messageBody":"","tags":["Level-7"],"fileTypesAndContributionMap":{"java":{"insertions":116,"deletions":15}}},{"hash":"98210a0a17b53a1a4ce55ab4b28e1e6849091046","isMergeCommit":false,"messageTitle":"Complete level 7","messageBody":"","fileTypesAndContributionMap":{"java":{"insertions":113,"deletions":92}}},{"hash":"77f2f935f824a99634f19527edbe8fd029da8379","isMergeCommit":true,"messageTitle":"Merge branch \u0027branch-Level-7\u0027","messageBody":"* branch-Level-7:\n  Complete level 7\n  Create File to read.\n","tags":["Level-8"],"fileTypesAndContributionMap":{}},{"hash":"50b47a460c5ce0a85d6f03f868eccac633bb24f0","isMergeCommit":false,"messageTitle":"Complete Level 8","messageBody":"","fileTypesAndContributionMap":{"java":{"insertions":47,"deletions":13}}},{"hash":"d73a55a3bca4e4198b55e6de7bc508544a335ea8","isMergeCommit":true,"messageTitle":"Merge branch \u0027branch-Level-8\u0027","messageBody":"* branch-Level-8:\n  Complete Level 8\n","fileTypesAndContributionMap":{}}]},{"date":"2025-02-01","commitResults":[{"hash":"7ec7b353c12e3e0091353dd908d3826ad7806958","isMergeCommit":false,"messageTitle":"Add Storage and TaskList","messageBody":"","tags":["A-MoreOOP"],"fileTypesAndContributionMap":{"java":{"insertions":8,"deletions":0}}}]},{"date":"2025-02-02","commitResults":[{"hash":"99a056af20d5a3852700dd6cfee46492bb124613","isMergeCommit":false,"messageTitle":"Complete A-MoreOOP requirements","messageBody":"","fileTypesAndContributionMap":{"java":{"insertions":321,"deletions":211}}},{"hash":"134853818a1a119978c990e98a884cf7224a1de3","isMergeCommit":true,"messageTitle":"Merge branch \u0027more-OOP\u0027","messageBody":"","tags":["A-Packages"],"fileTypesAndContributionMap":{}},{"hash":"a95b69d358c1345ac595c01dfaa6d3c611291e08","isMergeCommit":false,"messageTitle":"Move contents into duke package","messageBody":"","fileTypesAndContributionMap":{"java":{"insertions":0,"deletions":0}}}]},{"date":"2025-02-03","commitResults":[{"hash":"b85fde36bcfea3b5be7e0e608635cbb1c6248a12","isMergeCommit":true,"messageTitle":"Merge remote-tracking branch \u0027origin/add-gradle-support\u0027","messageBody":"","fileTypesAndContributionMap":{}},{"hash":"97dcb9f9d1651773c62a4c7986d32aa085eabd14","isMergeCommit":false,"messageTitle":"Package class files","messageBody":"","tags":["A-Jar","A-JUnit","A-Gradle"],"fileTypesAndContributionMap":{"java":{"insertions":39,"deletions":8},"bat":{"insertions":1,"deletions":1},"md":{"insertions":3,"deletions":3}}}]},{"date":"2025-02-04","commitResults":[{"hash":"01292216f407584555ca91fab89870c1e02fe8ab","isMergeCommit":false,"messageTitle":"Complete A-Gradle, A-JUnit and A-Jar","messageBody":"","tags":["Level-9","A-JavaDoc"],"fileTypesAndContributionMap":{"gradle":{"insertions":16,"deletions":1},"java":{"insertions":329,"deletions":3}}}]},{"date":"2025-02-05","commitResults":[{"hash":"b4fdf55cf34642b044c2e8cd60f3e7e9bb3d8a8e","isMergeCommit":false,"messageTitle":"Complete A-JavaDoc","messageBody":"","tags":["A-CodingStandard"],"fileTypesAndContributionMap":{"java":{"insertions":165,"deletions":3}}},{"hash":"fa64084903c120279c9ed3c38a1454367b75af51","isMergeCommit":false,"messageTitle":"Complete Level-9","messageBody":"","fileTypesAndContributionMap":{"java":{"insertions":79,"deletions":58}}},{"hash":"2e12ec7db1f951b0468b9545c64047d5d0f5cf06","isMergeCommit":true,"messageTitle":"Merge branch \u0027branch-A-JavaDoc\u0027","messageBody":"","fileTypesAndContributionMap":{}},{"hash":"0ceeabe6723e162b22e49be20951240c3ac91d79","isMergeCommit":false,"messageTitle":"no message","messageBody":"","fileTypesAndContributionMap":{"java":{"insertions":1,"deletions":1}}},{"hash":"ca6783fbb66bda55989ac0a4b6f41891ac5791aa","isMergeCommit":true,"messageTitle":"Merge branch \u0027branch-A-CodingStandard\u0027","messageBody":"","fileTypesAndContributionMap":{}},{"hash":"ae5b769e1a4e6451b5ca9fae063bf2cb2b58aa2a","isMergeCommit":true,"messageTitle":"Merge branch \u0027branch-Level-9\u0027","messageBody":"# Conflicts:\n#\tsrc/main/java/duke/Task.java\n","fileTypesAndContributionMap":{}}]},{"date":"2025-02-06","commitResults":[{"hash":"13ec63f9c5bea0a3f1ddb2724723b43daf4a793f","isMergeCommit":false,"messageTitle":"Updated Level-9 so find is more flexible (description only needs to contain the search string, instead of exact match). Enforced OOP better by moving more display calls to UI.","messageBody":"","tags":["A-CheckStyle"],"fileTypesAndContributionMap":{"java":{"insertions":62,"deletions":29}}}]},{"date":"2025-02-07","commitResults":[{"hash":"7c7c508e79432c0be5d1738b80bea0058c2a930e","isMergeCommit":false,"messageTitle":"Implement checkstyle","messageBody":"","tags":["Level-10","A-Varargs"],"fileTypesAndContributionMap":{"gradle":{"insertions":5,"deletions":0},"java":{"insertions":54,"deletions":44}}}]},{"date":"2025-02-14","commitResults":[{"hash":"42e5e77659a8864f5cf3750bb33c8735ef65b5cc","isMergeCommit":false,"messageTitle":"Add initial GUI","messageBody":"","fileTypesAndContributionMap":{"java":{"insertions":13,"deletions":0}}}]},{"date":"2025-02-17","commitResults":[{"hash":"50e696a1e7da0666425cc8dc68b251711d62e167","isMergeCommit":false,"messageTitle":"Complete level 10 requirements","messageBody":"","fileTypesAndContributionMap":{"gradle":{"insertions":2,"deletions":2},"fxml":{"insertions":41,"deletions":0},"java":{"insertions":256,"deletions":43}}},{"hash":"c7a744fc2579ea3ab616acc1cb3bc5a7a358e823","isMergeCommit":true,"messageTitle":"Merge branch \u0027branch-Level-10\u0027","messageBody":"","tags":["A-Streams","A-CodeQuality","A-Assertions"],"fileTypesAndContributionMap":{}}]},{"date":"2025-02-21","commitResults":[{"hash":"dc6116d3a50016d5675287115c78f2de32a16c7f","isMergeCommit":false,"messageTitle":"Add assertions and update GUI","messageBody":"","fileTypesAndContributionMap":{"java":{"insertions":46,"deletions":4},"md":{"insertions":3,"deletions":3}}},{"hash":"164b19cffc2ae045ee0cbb8a858d0c43b0ea9efb","isMergeCommit":false,"messageTitle":"Reduce line length for long lines","messageBody":"","fileTypesAndContributionMap":{"fxml":{"insertions":12,"deletions":4}}},{"hash":"4bfb2a68b53a97eef4a86a905bad62421d150883","isMergeCommit":true,"messageTitle":"Merge branch \u0027branch-A-Assertions\u0027","messageBody":"","fileTypesAndContributionMap":{}},{"hash":"349ebdf37d6e7d2b5b98c0c7f06b3fcca65cc81d","isMergeCommit":true,"messageTitle":"Merge branch \u0027branch-A-CodeQuality\u0027","messageBody":"","fileTypesAndContributionMap":{}},{"hash":"dd56e2e8df3caa6a327c03e271711f134399d4b0","isMergeCommit":false,"messageTitle":"Rename Duke to Tete","messageBody":"","fileTypesAndContributionMap":{"java":{"insertions":6,"deletions":7}}},{"hash":"e2068c56087da3b183cdcdde119f001527107fdb","isMergeCommit":true,"messageTitle":"Merge branch \u0027branch-A-Streams\u0027","messageBody":"","fileTypesAndContributionMap":{}},{"hash":"5bd9fd5fc31099e52a17aabf7ecea33415ad0fab","isMergeCommit":false,"messageTitle":"Enable check of duplicate tasks","messageBody":"There is no check of duplicates when adding new tasks.\n\nThis causes issues when marking tasks as completed - it is not clear\nwhether they are the same task and accidentally duplicated or they are\nmultiple and distinct instances of the same task.\n\nAdding this check would remove this ambiguity.\n\nLet\u0027s add this check right before adding the new task to the list,\nso that a response can be made to the user in lieu of a success\nmessage.\n","tags":["BCD-Extension","A-FullCommitMessage"],"fileTypesAndContributionMap":{"java":{"insertions":14,"deletions":0}}}]},{"date":"2025-02-22","commitResults":[{"hash":"e0c7bba3602a2b3bda7fda2f2735b98119657831","isMergeCommit":true,"messageTitle":"Merge branch \u0027C-DetectDuplicates\u0027","messageBody":"","fileTypesAndContributionMap":{}},{"hash":"3994c6d4f45cf23c29b6aa21efbd94f05d812aec","isMergeCommit":false,"messageTitle":"Refactor parser","messageBody":"Validation and execution of all commands are done under one method.\n\nThis results in deep nesting, and a method that is longer than it\nneeds to be.\n\nPulling out the validation and execution from the method to form their\nown distinct methods allows for greater readability of code.\n\nLet\u0027s pull out the validation and execution of each command into their\nseparate methods, and call them under the original parsing method.\n\nDoing so makes each component easier to debug as the different methods\ncan be tested separately.\n","fileTypesAndContributionMap":{"java":{"insertions":84,"deletions":55}}}]}]},"authorFileTypeContributionMap":{"AerollingOverDeepBlueSeas":{"java":1460,"md":3,"fxml":49,"sh":0,"bat":1,"gradle":22,"txt":8}},"authorContributionVariance":{"AerollingOverDeepBlueSeas":17736.639},"authorDisplayNameMap":{"AerollingOverDeepBlueSeas":"CS2103T-F11-1 CHEN..NGEL"}}
