{"authorDailyContributionsMap":{"AerollingOverDeepBlueSeas":[{"date":"2025-01-24","commitResults":[{"hash":"9ba12a33ee2a25f3a84f78388115e4e6723c8fac","isMergeCommit":false,"messageTitle":"Week 2 Project (All Levels Except A-enums)","messageBody":"","tags":["A-Enums"],"fileTypesAndContributionMap":{"txt":{"insertions":8,"deletions":0},"java":{"insertions":278,"deletions":10},"bat":{"insertions":1,"deletions":1},"md":{"insertions":3,"deletions":3}}},{"hash":"536e947a8b6a90f403327aa5870b8e5ecbff9138","isMergeCommit":false,"messageTitle":"A-Enums","messageBody":"","fileTypesAndContributionMap":{"java":{"insertions":37,"deletions":24}}}]},{"date":"2025-01-31","commitResults":[{"hash":"753ebf351a42f0c1ef6c609107e7cd367fbfe441","isMergeCommit":false,"messageTitle":"Create File to read.","messageBody":"","tags":["Level-7"],"fileTypesAndContributionMap":{"java":{"insertions":116,"deletions":15}}},{"hash":"98210a0a17b53a1a4ce55ab4b28e1e6849091046","isMergeCommit":false,"messageTitle":"Complete level 7","messageBody":"","fileTypesAndContributionMap":{"java":{"insertions":113,"deletions":92}}},{"hash":"77f2f935f824a99634f19527edbe8fd029da8379","isMergeCommit":true,"messageTitle":"Merge branch \u0027branch-Level-7\u0027","messageBody":"* branch-Level-7:\n  Complete level 7\n  Create File to read.\n","tags":["Level-8"],"fileTypesAndContributionMap":{}},{"hash":"50b47a460c5ce0a85d6f03f868eccac633bb24f0","isMergeCommit":false,"messageTitle":"Complete Level 8","messageBody":"","fileTypesAndContributionMap":{"java":{"insertions":47,"deletions":13}}},{"hash":"d73a55a3bca4e4198b55e6de7bc508544a335ea8","isMergeCommit":true,"messageTitle":"Merge branch \u0027branch-Level-8\u0027","messageBody":"* branch-Level-8:\n  Complete Level 8\n","fileTypesAndContributionMap":{}}]},{"date":"2025-02-01","commitResults":[{"hash":"7ec7b353c12e3e0091353dd908d3826ad7806958","isMergeCommit":false,"messageTitle":"Add Storage and TaskList","messageBody":"","tags":["A-MoreOOP"],"fileTypesAndContributionMap":{"java":{"insertions":8,"deletions":0}}}]},{"date":"2025-02-02","commitResults":[{"hash":"99a056af20d5a3852700dd6cfee46492bb124613","isMergeCommit":false,"messageTitle":"Complete A-MoreOOP requirements","messageBody":"","fileTypesAndContributionMap":{"java":{"insertions":321,"deletions":211}}},{"hash":"134853818a1a119978c990e98a884cf7224a1de3","isMergeCommit":true,"messageTitle":"Merge branch \u0027more-OOP\u0027","messageBody":"","tags":["A-Packages"],"fileTypesAndContributionMap":{}},{"hash":"a95b69d358c1345ac595c01dfaa6d3c611291e08","isMergeCommit":false,"messageTitle":"Move contents into duke package","messageBody":"","fileTypesAndContributionMap":{"java":{"insertions":0,"deletions":0}}}]},{"date":"2025-02-03","commitResults":[{"hash":"b85fde36bcfea3b5be7e0e608635cbb1c6248a12","isMergeCommit":true,"messageTitle":"Merge remote-tracking branch \u0027origin/add-gradle-support\u0027","messageBody":"","fileTypesAndContributionMap":{}},{"hash":"97dcb9f9d1651773c62a4c7986d32aa085eabd14","isMergeCommit":false,"messageTitle":"Package class files","messageBody":"","tags":["A-Jar","A-JUnit","A-Gradle"],"fileTypesAndContributionMap":{"java":{"insertions":39,"deletions":8},"bat":{"insertions":1,"deletions":1},"md":{"insertions":3,"deletions":3}}}]},{"date":"2025-02-04","commitResults":[{"hash":"01292216f407584555ca91fab89870c1e02fe8ab","isMergeCommit":false,"messageTitle":"Complete A-Gradle, A-JUnit and A-Jar","messageBody":"","tags":["Level-9","A-JavaDoc"],"fileTypesAndContributionMap":{"gradle":{"insertions":16,"deletions":1},"java":{"insertions":329,"deletions":3}}}]},{"date":"2025-02-05","commitResults":[{"hash":"b4fdf55cf34642b044c2e8cd60f3e7e9bb3d8a8e","isMergeCommit":false,"messageTitle":"Complete A-JavaDoc","messageBody":"","tags":["A-CodingStandard"],"fileTypesAndContributionMap":{"java":{"insertions":165,"deletions":3}}},{"hash":"fa64084903c120279c9ed3c38a1454367b75af51","isMergeCommit":false,"messageTitle":"Complete Level-9","messageBody":"","fileTypesAndContributionMap":{"java":{"insertions":79,"deletions":58}}},{"hash":"2e12ec7db1f951b0468b9545c64047d5d0f5cf06","isMergeCommit":true,"messageTitle":"Merge branch \u0027branch-A-JavaDoc\u0027","messageBody":"","fileTypesAndContributionMap":{}},{"hash":"0ceeabe6723e162b22e49be20951240c3ac91d79","isMergeCommit":false,"messageTitle":"no message","messageBody":"","fileTypesAndContributionMap":{"java":{"insertions":1,"deletions":1}}},{"hash":"ca6783fbb66bda55989ac0a4b6f41891ac5791aa","isMergeCommit":true,"messageTitle":"Merge branch \u0027branch-A-CodingStandard\u0027","messageBody":"","fileTypesAndContributionMap":{}},{"hash":"ae5b769e1a4e6451b5ca9fae063bf2cb2b58aa2a","isMergeCommit":true,"messageTitle":"Merge branch \u0027branch-Level-9\u0027","messageBody":"# Conflicts:\n#\tsrc/main/java/duke/Task.java\n","fileTypesAndContributionMap":{}}]}]},"authorFileTypeContributionMap":{"AerollingOverDeepBlueSeas":{"java":1107,"md":3,"fxml":0,"sh":0,"bat":1,"gradle":16,"txt":8}},"authorContributionVariance":{"AerollingOverDeepBlueSeas":23787.879},"authorDisplayNameMap":{"AerollingOverDeepBlueSeas":"CS2103T-F11-1 CHEN..NGEL"}}
