{"authorDailyContributionsMap":{"bipplane":[{"date":"2025-01-19","commitResults":[{"hash":"794ba5d520173c0b9f9fe24ec64c6da8112d2ac3","isMergeCommit":false,"messageTitle":"Level-0: Rename, Greet, Exit","messageBody":"","fileTypesAndContributionMap":{"java":{"insertions":15,"deletions":10}}},{"hash":"ae663e5ee2e982748b94a8360020335e9d576559","isMergeCommit":false,"messageTitle":"Level-0: Rename, Greet, Exit","messageBody":"","tags":["Level-0"],"fileTypesAndContributionMap":{"java":{"insertions":15,"deletions":10}}},{"hash":"18ca2ee208e8b2af84f283b105725329e68b75e9","isMergeCommit":false,"messageTitle":"Level-1: Echo","messageBody":"","fileTypesAndContributionMap":{"java":{"insertions":16,"deletions":0}}},{"hash":"ecd5213fe6ab0712674b3967760c6866d84ab067","isMergeCommit":true,"messageTitle":"Level-1: Echo","messageBody":"","tags":["Level-1"],"fileTypesAndContributionMap":{}},{"hash":"44de5be3e89b27545a5b64a07bf11a6c536d44a6","isMergeCommit":true,"messageTitle":"Level-1: Echo","messageBody":"","fileTypesAndContributionMap":{}},{"hash":"30a9d4da4bcb386e39eea299abd6298c00449be0","isMergeCommit":false,"messageTitle":"Level-2: Add, List","messageBody":"","fileTypesAndContributionMap":{"java":{"insertions":11,"deletions":2}}},{"hash":"0938d3c08b6fa1f68735a60fd26cbc89655eedb1","isMergeCommit":false,"messageTitle":"Level-2: Add, List","messageBody":"","fileTypesAndContributionMap":{"java":{"insertions":11,"deletions":2}}}]},{"date":"2025-01-20","commitResults":[{"hash":"e3d2bac0b5f9e72a89066dcff4fec7622e43f8fe","isMergeCommit":false,"messageTitle":"Level-3: Mark as Done","messageBody":"","fileTypesAndContributionMap":{"java":{"insertions":61,"deletions":10}}},{"hash":"2be26c63416b14c2ff502b951e2ef139d971a8f2","isMergeCommit":false,"messageTitle":"Level-4: ToDo, Event, Deadline","messageBody":"","fileTypesAndContributionMap":{"java":{"insertions":82,"deletions":2}}},{"hash":"8819dca8864ea1919dc4cc3f22b6a6b8c446c7a2","isMergeCommit":false,"messageTitle":"Level-4: ToDo, Event, Deadline","messageBody":"","fileTypesAndContributionMap":{"java":{"insertions":2,"deletions":1}}},{"hash":"2aac1e7b7ae1e8bea6004f33baaefa7da9b1bc8a","isMergeCommit":false,"messageTitle":"A-TextUiTesting","messageBody":"","fileTypesAndContributionMap":{"txt":{"insertions":7,"deletions":0},"bat":{"insertions":8,"deletions":1}}},{"hash":"e14a3f01a970056ceb059a88ffdb2322f7d90eb6","isMergeCommit":false,"messageTitle":"Level-5: Handle Errors","messageBody":"","fileTypesAndContributionMap":{"java":{"insertions":145,"deletions":90}}},{"hash":"611d1e007838e3651f35d7d3d8c6196836ff51c3","isMergeCommit":false,"messageTitle":"Level-6: Delete","messageBody":"","fileTypesAndContributionMap":{"java":{"insertions":22,"deletions":0}}},{"hash":"13f4d3f4bedea310b87d24afff726e7ee5f92977","isMergeCommit":false,"messageTitle":"Level-6: Delete","messageBody":"","tags":["Level-6","A-Collections"],"fileTypesAndContributionMap":{"java":{"insertions":1,"deletions":1}}},{"hash":"4d208ecd40f611694d65ee4240071a5f7c3c5d8e","isMergeCommit":false,"messageTitle":"Added extra tests","messageBody":"","fileTypesAndContributionMap":{"txt":{"insertions":3,"deletions":0}}},{"hash":"2b376476b8a730a3d11530f6f3a1b817a9bb8168","isMergeCommit":false,"messageTitle":"Update README.md","messageBody":"","fileTypesAndContributionMap":{"md":{"insertions":18,"deletions":13}}}]},{"date":"2025-01-23","commitResults":[{"hash":"69e1713bbec06a109ab4942f7908d9b3162b1a3b","isMergeCommit":false,"messageTitle":"Packaged tasks","messageBody":"","fileTypesAndContributionMap":{"java":{"insertions":9,"deletions":1}}},{"hash":"961df2a67a6dec62d3e6363a914ded3a5424655f","isMergeCommit":false,"messageTitle":"Added ChaewonException","messageBody":"","fileTypesAndContributionMap":{"java":{"insertions":5,"deletions":0}}},{"hash":"7b6c3261784755ed8b12679960768d87c3429f31","isMergeCommit":false,"messageTitle":"Refactor main class to use tasks package and add ChaewonException","messageBody":"","fileTypesAndContributionMap":{"java":{"insertions":8,"deletions":6}}},{"hash":"befdb1656d1c93ec464e5013083880b805da5e52","isMergeCommit":true,"messageTitle":"Merge remote-tracking branch \u0027origin/master\u0027","messageBody":"","fileTypesAndContributionMap":{}}]}]},"authorFileTypeContributionMap":{"bipplane":{"java":264,"md":18,"fxml":0,"sh":0,"bat":8,"gradle":0,"txt":10}},"authorContributionVariance":{"bipplane":25428.857},"authorDisplayNameMap":{"bipplane":"CS2103T-T16-4 RYAN..YANG"}}
