{"authorDailyContributionsMap":{"chinpcbenjamin":[{"date":"2025-01-23","commitResults":[{"hash":"09beac8ad305dc98e2836e8645b36136d1142804","isMergeCommit":false,"messageTitle":"Renamed Duke.java to BenjaminBot.java, and added Greet and Exit","messageBody":"","tags":["Level-0"],"fileTypesAndContributionMap":{"java":{"insertions":10,"deletions":10}}},{"hash":"c5345ec19a712e0b8433394311ae40ba6f3fea76","isMergeCommit":false,"messageTitle":"Implemented echo feature for BenjaminBot","messageBody":"","tags":["Level-1"],"fileTypesAndContributionMap":{"java":{"insertions":9,"deletions":0}}}]},{"date":"2025-01-24","commitResults":[{"hash":"6e7f80742ec8ea2ba31bb1ebba6b534e728df294","isMergeCommit":false,"messageTitle":"Added ability to store text enter by user and display back to user when requested","messageBody":"","tags":["Level-2"],"fileTypesAndContributionMap":{"java":{"insertions":14,"deletions":3}}},{"hash":"8babb27940f773a7d96ed1d6581f08273ddbc210","isMergeCommit":false,"messageTitle":"Created Task class. Added ability to set Task as done and not done","messageBody":"","tags":["Level-3"],"fileTypesAndContributionMap":{"java":{"insertions":49,"deletions":4}}},{"hash":"404b0c15e6ae52ad069fdae8efbe53ddc98743eb","isMergeCommit":false,"messageTitle":"Added Todos, Events and Deadlines as subclass of Task","messageBody":"","tags":["Level-4"],"fileTypesAndContributionMap":{"java":{"insertions":97,"deletions":5}}},{"hash":"89feac928774f93d7a3bc53206af768b0150dd1d","isMergeCommit":false,"messageTitle":"Added error handling for some erroneous inputs","messageBody":"","tags":["Level-5","A-TextUiTesting"],"fileTypesAndContributionMap":{"txt":{"insertions":23,"deletions":0},"java":{"insertions":101,"deletions":37},"sh":{"insertions":1,"deletions":1}}},{"hash":"8f50fc895e69405982981e7e1e9de30050cb4466","isMergeCommit":false,"messageTitle":"Added ability to delete along with error handling. Added enum to handle different Add vs Delete actions.","messageBody":"","tags":["Level-6","A-Enums"],"fileTypesAndContributionMap":{"txt":{"insertions":4,"deletions":0},"java":{"insertions":37,"deletions":6}}}]},{"date":"2025-01-29","commitResults":[{"hash":"5209a4ea0076997a8de6c56dc727fb977a3f6125","isMergeCommit":false,"messageTitle":"Add loading of tasks from .txt file","messageBody":"","fileTypesAndContributionMap":{"txt":{"insertions":4,"deletions":0},"java":{"insertions":36,"deletions":0}}},{"hash":"ddd6c942361188a443ca5169752224af14d95e41","isMergeCommit":false,"messageTitle":"Add saving of list of tasks to .txt file","messageBody":"","fileTypesAndContributionMap":{"txt":{"insertions":3,"deletions":4},"java":{"insertions":32,"deletions":2}}},{"hash":"0be3f6909af5aac97130682c51cfb94b11a5f211","isMergeCommit":true,"messageTitle":"Merge branch \u0027branch-Level-7\u0027","messageBody":"","tags":["Level-7"],"fileTypesAndContributionMap":{}}]},{"date":"2025-01-30","commitResults":[{"hash":"40f873267624b9515ce4feb1c73bb47533a4e772","isMergeCommit":false,"messageTitle":"Format any dates that users enter as a LocalDateTime instead of String","messageBody":"","fileTypesAndContributionMap":{"txt":{"insertions":2,"deletions":0},"java":{"insertions":34,"deletions":20}}},{"hash":"0e36805bde0e959f261318a3da049e8fabe42028","isMergeCommit":true,"messageTitle":"Merge branch \u0027branch-Level-8\u0027","messageBody":"","tags":["Level-8"],"fileTypesAndContributionMap":{}}]},{"date":"2025-01-31","commitResults":[{"hash":"2e8ef5ae25c8374bea7b2dc62607ae8ebc081c94","isMergeCommit":false,"messageTitle":"Create new Ui class to handle interactions with the user","messageBody":"","fileTypesAndContributionMap":{"java":{"insertions":146,"deletions":135}}},{"hash":"16be59395834ee764e033812ba22e98382de367c","isMergeCommit":false,"messageTitle":"Create new TaskList class to keep track of the lists of tasks that is currently being used by BenjaminBot","messageBody":"","fileTypesAndContributionMap":{"txt":{"insertions":2,"deletions":1},"java":{"insertions":82,"deletions":48}}},{"hash":"1b3937b5ab4933916302ce5c761c039a32f52a54","isMergeCommit":false,"messageTitle":"Create Storage class to handle reading and writing of saved list of tasks","messageBody":"","fileTypesAndContributionMap":{"txt":{"insertions":0,"deletions":3},"java":{"insertions":65,"deletions":49}}},{"hash":"20c96fc4dd5813e7f1a45b6edd8852e1bc1bf685","isMergeCommit":false,"messageTitle":"Created Parser class to handle the logic for decoding user commands","messageBody":"","fileTypesAndContributionMap":{"txt":{"insertions":1,"deletions":0},"java":{"insertions":48,"deletions":35}}},{"hash":"52eac8172efe5789fd99f78a8712cb25946e73e2","isMergeCommit":true,"messageTitle":"Merge branch \u0027branch-A-MoreOOP\u0027","messageBody":"","tags":["A-MoreOOP"],"fileTypesAndContributionMap":{}},{"hash":"5a190050d49b1e0c34a585ce4ff84cba76296ec1","isMergeCommit":false,"messageTitle":"Put all classes into one \u0027BenjaminBot\u0027 Package","messageBody":"","fileTypesAndContributionMap":{"java":{"insertions":18,"deletions":0}}},{"hash":"61dd3e8a04aab8e2b62b3929b8e703915858e802","isMergeCommit":true,"messageTitle":"Merge branch \u0027branch-A-Packages\u0027","messageBody":"","tags":["A-Packages"],"fileTypesAndContributionMap":{}},{"hash":"6ab01000bedea45c72fb1847bd288a199449b31c","isMergeCommit":true,"messageTitle":"Merge branch \u0027branch-A-Gradle\u0027","messageBody":"","tags":["A-Gradle"],"fileTypesAndContributionMap":{}},{"hash":"1f468785b960bc53c58b51e6f91dccd01e27fa51","isMergeCommit":false,"messageTitle":"Add JUnit tests to test TaskList\u0027s addTask, removeTask and getTaskCount methods","messageBody":"","fileTypesAndContributionMap":{"java":{"insertions":35,"deletions":0}}},{"hash":"23ea677427686747abb1913382c23053a71e55df","isMergeCommit":true,"messageTitle":"Merge branch \u0027branch-A-JUnit\u0027","messageBody":"","tags":["A-JUnit"],"fileTypesAndContributionMap":{}},{"hash":"c7a7e4850866d7c4c53aad267e36ea98d828397d","isMergeCommit":false,"messageTitle":"Change build.gradle to create .jar file of the bot","messageBody":"","fileTypesAndContributionMap":{"gradle":{"insertions":2,"deletions":2}}},{"hash":"fce4346cd6a1ac215869c8bc7cff73b6198a600e","isMergeCommit":true,"messageTitle":"Merge branch \u0027branch-A-Jar\u0027","messageBody":"","tags":["A-Jar"],"fileTypesAndContributionMap":{}},{"hash":"9202cf1080c33f5cdcad16077ad01ffc63bc159d","isMergeCommit":false,"messageTitle":"Add JavaDoc to BenjaminBot class","messageBody":"","fileTypesAndContributionMap":{"java":{"insertions":22,"deletions":0}}},{"hash":"45404d3a0641929ce84889c70052f821979ff8a5","isMergeCommit":false,"messageTitle":"Modify BenjaminBot class to be compliant with coding standard","messageBody":"","fileTypesAndContributionMap":{"java":{"insertions":19,"deletions":10}}},{"hash":"58f3c37cd965a727b6a1b5a2b5ec752d634c6c16","isMergeCommit":false,"messageTitle":"Add new condition in Parser class to handle \u0027find\u0027 commands","messageBody":"","fileTypesAndContributionMap":{"java":{"insertions":7,"deletions":1}}},{"hash":"bd45c03544b32dc8bc6c355c9b58c12f04f6ecf3","isMergeCommit":false,"messageTitle":"Add JavaDoc comments for Task and Deadline classes","messageBody":"","fileTypesAndContributionMap":{"java":{"insertions":36,"deletions":3}}},{"hash":"5e8720f8317ed257cb0c8a75c31fd827f762e16d","isMergeCommit":false,"messageTitle":"Added JavaDoc for Event and Parser classes","messageBody":"","fileTypesAndContributionMap":{"java":{"insertions":30,"deletions":0}}},{"hash":"76460b22085085c5c2b2a3176a712dd79dbd171f","isMergeCommit":false,"messageTitle":"Add JavaDoc for Storage class","messageBody":"","fileTypesAndContributionMap":{"java":{"insertions":25,"deletions":0}}},{"hash":"8632b932a556bc4395551d56ed7e923ea35d9b60","isMergeCommit":false,"messageTitle":"Add JavaDoc for TaskList and Todo classes","messageBody":"","fileTypesAndContributionMap":{"java":{"insertions":33,"deletions":0}}},{"hash":"8a7b09bc630a7ddf12b13cc640c9baee56114e6d","isMergeCommit":false,"messageTitle":"Added JavaDoc for Ui class","messageBody":"","fileTypesAndContributionMap":{"java":{"insertions":55,"deletions":0}}},{"hash":"694a5999c4a8a82b035c9bd3d9e5273aaa408424","isMergeCommit":false,"messageTitle":" Modify Deadline and Event classes to be compliant with coding standard.","messageBody":"","fileTypesAndContributionMap":{"java":{"insertions":23,"deletions":6}}},{"hash":"e0844e8e8cd44ccf0f805a5b8531d7d8388c04b7","isMergeCommit":false,"messageTitle":"Modify Storage, Todo and Ui classes to be compliant with coding standard","messageBody":"","fileTypesAndContributionMap":{"java":{"insertions":25,"deletions":8}}},{"hash":"edbd597d02fa3d5e430a34d075c2a347c21727b2","isMergeCommit":false,"messageTitle":"Add handling of find command to Ui, Task and TaskList classes","messageBody":"","fileTypesAndContributionMap":{"java":{"insertions":39,"deletions":1}}},{"hash":"7895a63df6ddb4b853e4faae147da36eee6a59aa","isMergeCommit":true,"messageTitle":"Merge branch \u0027branch-A-JavaDoc\u0027","messageBody":"","tags":["A-JavaDoc"],"fileTypesAndContributionMap":{}},{"hash":"b2409dc7938fe5e39d16658d26362d14221c2326","isMergeCommit":true,"messageTitle":"Merge branch \u0027branch-A-CodingStandard\u0027","messageBody":"","tags":["A-CodingStandard"],"fileTypesAndContributionMap":{}},{"hash":"d5b36b35d875db8566d1f603d284df8c35b2d00e","isMergeCommit":true,"messageTitle":"Merge branch \u0027branch-Level-9\u0027","messageBody":"","tags":["Level-9"],"fileTypesAndContributionMap":{}}]},{"date":"2025-02-06","commitResults":[{"hash":"ff380ab6decbbd6805ece1361fe157cde3d12ac5","isMergeCommit":false,"messageTitle":"Add checkstyle","messageBody":"","fileTypesAndContributionMap":{"gradle":{"insertions":6,"deletions":0}}},{"hash":"9e3bcd715eedc211fe061c2cc8eea51bbe9b212a","isMergeCommit":false,"messageTitle":"Fix code to be in line with coding standard as tested by checkstyle","messageBody":"","fileTypesAndContributionMap":{"gradle":{"insertions":1,"deletions":1},"java":{"insertions":19,"deletions":20}}},{"hash":"f6d8cdfa6da55956c376fcadcc891bb91703c2fa","isMergeCommit":true,"messageTitle":"Merge branch \u0027A-CheckStyle\u0027","messageBody":"","tags":["A-Checkstyle"],"fileTypesAndContributionMap":{}}]}]},"authorFileTypeContributionMap":{"chinpcbenjamin":{"java":753,"md":0,"fxml":0,"sh":1,"bat":0,"gradle":8,"txt":31}},"authorContributionVariance":{"chinpcbenjamin":39154.32},"authorDisplayNameMap":{"chinpcbenjamin":"CS2103T-T11-3 CHIN..AMIN"}}
