{"authorDailyContributionsMap":{"nanditaselvaraju":[{"date":"2025-01-30","commitResults":[{"hash":"92954b46544519dcb2f0f1925793b95d87366b77","isMergeCommit":false,"messageTitle":"create new main class, add greeting remove Duke.java","messageBody":"","tags":["Level-0"],"fileTypesAndContributionMap":{"java":{"insertions":8,"deletions":10}}},{"hash":"919774091ad88be1a19671aefd13791c258840d8","isMergeCommit":false,"messageTitle":"added code to echo command given by the user","messageBody":"","tags":["Level-1"],"fileTypesAndContributionMap":{"java":{"insertions":15,"deletions":1}}},{"hash":"3cc4716216e79bd7c26f7df8e47afe80cdeed18c","isMergeCommit":false,"messageTitle":"store tasks in a list, and print out the list of tasks","messageBody":"","tags":["Level-2"],"fileTypesAndContributionMap":{"java":{"insertions":20,"deletions":2}}}]},{"date":"2025-01-31","commitResults":[{"hash":"b3bcd26cf0244aa34fde1cff1d73933ed157205b","isMergeCommit":false,"messageTitle":"ability to mark things as done, and uncheck if not done","messageBody":"","tags":["Level-3"],"fileTypesAndContributionMap":{"java":{"insertions":99,"deletions":21}}}]},{"date":"2025-02-02","commitResults":[{"hash":"a7b59acdde4ccc1ae4700f4eb5a112ac0fb655e9","isMergeCommit":false,"messageTitle":"added a ToDo, Deadline and Event class, together with necessary methods","messageBody":"","tags":["Level-5","Level-4"],"fileTypesAndContributionMap":{"java":{"insertions":77,"deletions":5}}},{"hash":"2e303e91ca9e8172943250284b9c00967a62c7d1","isMergeCommit":false,"messageTitle":"added a deleteTasks method, implemented I/O testing","messageBody":"","tags":["Level-6"],"fileTypesAndContributionMap":{"txt":{"insertions":9,"deletions":0},"java":{"insertions":32,"deletions":8},"bat":{"insertions":1,"deletions":1},"sh":{"insertions":1,"deletions":1}}}]},{"date":"2025-02-07","commitResults":[{"hash":"b6c3e8d1e7522abac5b39639b3027eeda503367c","isMergeCommit":false,"messageTitle":"Implement task storage, auto-save and load tasks from disk","messageBody":"","fileTypesAndContributionMap":{"java":{"insertions":87,"deletions":26}}},{"hash":"df70b4922434bcf3ac88021f203ee47222b0fb3b","isMergeCommit":false,"messageTitle":"no message","messageBody":"","fileTypesAndContributionMap":{"txt":{"insertions":3,"deletions":0}}}]}]},"authorFileTypeContributionMap":{"nanditaselvaraju":{"java":275,"md":0,"fxml":0,"sh":1,"bat":1,"gradle":0,"txt":12}},"authorContributionVariance":{"nanditaselvaraju":1480.3378},"authorDisplayNameMap":{"nanditaselvaraju":"CS2103T-T14-2 SELV..DITA"}}
