[{"path":"src/main/java/Boblet.java","fileType":"java","lines":[{"lineNumber":1,"author":{"gitId":"isaacchua0309"},"content":"import java.util.ArrayList;","lastModifiedDate":"2025-01-24","isFullCredit":false},{"lineNumber":2,"author":{"gitId":"isaacchua0309"},"content":"import java.util.Scanner;","lastModifiedDate":"2025-01-24","isFullCredit":false},{"lineNumber":3,"author":{"gitId":"isaacchua0309"},"content":"","lastModifiedDate":"2025-01-24","isFullCredit":false},{"lineNumber":4,"author":{"gitId":"isaacchua0309"},"content":"public class Boblet {","lastModifiedDate":"2025-01-20","isFullCredit":false},{"lineNumber":5,"author":{"gitId":"isaacchua0309"},"content":"","lastModifiedDate":"2025-01-24","isFullCredit":false},{"lineNumber":6,"author":{"gitId":"isaacchua0309"},"content":"    public static void main(String[] args) {","lastModifiedDate":"2025-01-20","isFullCredit":false},{"lineNumber":7,"author":{"gitId":"isaacchua0309"},"content":"        System.out.println(\"____________________________________________________________\");","lastModifiedDate":"2025-01-24","isFullCredit":false},{"lineNumber":8,"author":{"gitId":"isaacchua0309"},"content":"        System.out.println(\"Hey there! I\u0027m Boblet, your friendly assistant!\");","lastModifiedDate":"2025-01-24","isFullCredit":false},{"lineNumber":9,"author":{"gitId":"isaacchua0309"},"content":"        System.out.println(\"I can track ToDos, Deadlines, and Events. Just tell me what to do!\");","lastModifiedDate":"2025-01-24","isFullCredit":false},{"lineNumber":10,"author":{"gitId":"isaacchua0309"},"content":"        System.out.println(\"Type \u0027list\u0027 to see your tasks, \u0027done \u003cnumber\u003e\u0027 to mark a task as done, \u0027delete \u003cnumber\u003e\u0027 to remove a task, or \u0027bye\u0027 to leave. Let\u0027s get started!\");","lastModifiedDate":"2025-01-24","isFullCredit":false},{"lineNumber":11,"author":{"gitId":"isaacchua0309"},"content":"        System.out.println(\"____________________________________________________________\");","lastModifiedDate":"2025-01-24","isFullCredit":false},{"lineNumber":12,"author":{"gitId":"isaacchua0309"},"content":"","lastModifiedDate":"2025-01-24","isFullCredit":false},{"lineNumber":13,"author":{"gitId":"isaacchua0309"},"content":"        ArrayList\u003cTask\u003e tasks \u003d new ArrayList\u003c\u003e(); // Dynamic list for tasks","lastModifiedDate":"2025-01-24","isFullCredit":false},{"lineNumber":14,"author":{"gitId":"isaacchua0309"},"content":"        Scanner scanner \u003d new Scanner(System.in);","lastModifiedDate":"2025-01-24","isFullCredit":false},{"lineNumber":15,"author":{"gitId":"isaacchua0309"},"content":"","lastModifiedDate":"2025-01-24","isFullCredit":false},{"lineNumber":16,"author":{"gitId":"isaacchua0309"},"content":"        while (true) {","lastModifiedDate":"2025-01-24","isFullCredit":false},{"lineNumber":17,"author":{"gitId":"isaacchua0309"},"content":"            System.out.print(\"You: \");","lastModifiedDate":"2025-01-24","isFullCredit":false},{"lineNumber":18,"author":{"gitId":"isaacchua0309"},"content":"            String userInput \u003d scanner.nextLine();","lastModifiedDate":"2025-01-24","isFullCredit":false},{"lineNumber":19,"author":{"gitId":"isaacchua0309"},"content":"","lastModifiedDate":"2025-01-24","isFullCredit":false},{"lineNumber":20,"author":{"gitId":"isaacchua0309"},"content":"            try {","lastModifiedDate":"2025-01-24","isFullCredit":false},{"lineNumber":21,"author":{"gitId":"isaacchua0309"},"content":"                if (userInput.equalsIgnoreCase(\"bye\")) {","lastModifiedDate":"2025-01-24","isFullCredit":false},{"lineNumber":22,"author":{"gitId":"isaacchua0309"},"content":"                    System.out.println(\"____________________________________________________________\");","lastModifiedDate":"2025-01-24","isFullCredit":false},{"lineNumber":23,"author":{"gitId":"isaacchua0309"},"content":"                    System.out.println(\"Aww, you\u0027re leaving already! Well, take care!\");","lastModifiedDate":"2025-01-24","isFullCredit":false},{"lineNumber":24,"author":{"gitId":"isaacchua0309"},"content":"                    System.out.println(\"See you soon! Bye from Boblet!\");","lastModifiedDate":"2025-01-24","isFullCredit":false},{"lineNumber":25,"author":{"gitId":"isaacchua0309"},"content":"                    System.out.println(\"____________________________________________________________\");","lastModifiedDate":"2025-01-24","isFullCredit":false},{"lineNumber":26,"author":{"gitId":"isaacchua0309"},"content":"                    break;","lastModifiedDate":"2025-01-24","isFullCredit":false},{"lineNumber":27,"author":{"gitId":"isaacchua0309"},"content":"                }","lastModifiedDate":"2025-01-20","isFullCredit":false},{"lineNumber":28,"author":{"gitId":"isaacchua0309"},"content":"","lastModifiedDate":"2025-01-24","isFullCredit":false},{"lineNumber":29,"author":{"gitId":"isaacchua0309"},"content":"                if (userInput.equalsIgnoreCase(\"list\")) {","lastModifiedDate":"2025-01-24","isFullCredit":false},{"lineNumber":30,"author":{"gitId":"isaacchua0309"},"content":"                    handleListCommand(tasks);","lastModifiedDate":"2025-01-24","isFullCredit":false},{"lineNumber":31,"author":{"gitId":"isaacchua0309"},"content":"                } else if (userInput.startsWith(\"done\")) {","lastModifiedDate":"2025-01-24","isFullCredit":false},{"lineNumber":32,"author":{"gitId":"isaacchua0309"},"content":"                    handleDoneCommand(userInput, tasks);","lastModifiedDate":"2025-01-24","isFullCredit":false},{"lineNumber":33,"author":{"gitId":"isaacchua0309"},"content":"                } else if (userInput.startsWith(\"delete\")) {","lastModifiedDate":"2025-01-24","isFullCredit":false},{"lineNumber":34,"author":{"gitId":"isaacchua0309"},"content":"                    handleDeleteCommand(userInput, tasks);","lastModifiedDate":"2025-01-24","isFullCredit":false},{"lineNumber":35,"author":{"gitId":"isaacchua0309"},"content":"                } else if (userInput.startsWith(\"todo\")) {","lastModifiedDate":"2025-01-24","isFullCredit":false},{"lineNumber":36,"author":{"gitId":"isaacchua0309"},"content":"                    handleTodoCommand(userInput, tasks);","lastModifiedDate":"2025-01-24","isFullCredit":false},{"lineNumber":37,"author":{"gitId":"isaacchua0309"},"content":"                } else if (userInput.startsWith(\"deadline\")) {","lastModifiedDate":"2025-01-24","isFullCredit":false},{"lineNumber":38,"author":{"gitId":"isaacchua0309"},"content":"                    handleDeadlineCommand(userInput, tasks);","lastModifiedDate":"2025-01-24","isFullCredit":false},{"lineNumber":39,"author":{"gitId":"isaacchua0309"},"content":"                } else if (userInput.startsWith(\"event\")) {","lastModifiedDate":"2025-01-24","isFullCredit":false},{"lineNumber":40,"author":{"gitId":"isaacchua0309"},"content":"                    handleEventCommand(userInput, tasks);","lastModifiedDate":"2025-01-24","isFullCredit":false},{"lineNumber":41,"author":{"gitId":"isaacchua0309"},"content":"                } else {","lastModifiedDate":"2025-01-24","isFullCredit":false},{"lineNumber":42,"author":{"gitId":"isaacchua0309"},"content":"                    throw new BobletException(\"☹ OOPS!!! I\u0027m sorry, but I don\u0027t know what that means :-(\");","lastModifiedDate":"2025-01-24","isFullCredit":false},{"lineNumber":43,"author":{"gitId":"isaacchua0309"},"content":"                }","lastModifiedDate":"2025-01-24","isFullCredit":false},{"lineNumber":44,"author":{"gitId":"isaacchua0309"},"content":"            } catch (BobletException e) {","lastModifiedDate":"2025-01-24","isFullCredit":false},{"lineNumber":45,"author":{"gitId":"isaacchua0309"},"content":"                System.out.println(\"____________________________________________________________\");","lastModifiedDate":"2025-01-24","isFullCredit":false},{"lineNumber":46,"author":{"gitId":"isaacchua0309"},"content":"                System.out.println(e.getMessage());","lastModifiedDate":"2025-01-24","isFullCredit":false},{"lineNumber":47,"author":{"gitId":"isaacchua0309"},"content":"                System.out.println(\"____________________________________________________________\");","lastModifiedDate":"2025-01-24","isFullCredit":false},{"lineNumber":48,"author":{"gitId":"isaacchua0309"},"content":"            }","lastModifiedDate":"2025-01-24","isFullCredit":false},{"lineNumber":49,"author":{"gitId":"isaacchua0309"},"content":"        }","lastModifiedDate":"2025-01-24","isFullCredit":false},{"lineNumber":50,"author":{"gitId":"isaacchua0309"},"content":"","lastModifiedDate":"2025-01-24","isFullCredit":false},{"lineNumber":51,"author":{"gitId":"isaacchua0309"},"content":"        scanner.close();","lastModifiedDate":"2025-01-24","isFullCredit":false},{"lineNumber":52,"author":{"gitId":"isaacchua0309"},"content":"    }","lastModifiedDate":"2025-01-24","isFullCredit":false},{"lineNumber":53,"author":{"gitId":"isaacchua0309"},"content":"","lastModifiedDate":"2025-01-24","isFullCredit":false},{"lineNumber":54,"author":{"gitId":"isaacchua0309"},"content":"    private static void handleListCommand(ArrayList\u003cTask\u003e tasks) {","lastModifiedDate":"2025-01-24","isFullCredit":false},{"lineNumber":55,"author":{"gitId":"isaacchua0309"},"content":"        System.out.println(\"____________________________________________________________\");","lastModifiedDate":"2025-01-24","isFullCredit":false},{"lineNumber":56,"author":{"gitId":"isaacchua0309"},"content":"        if (tasks.isEmpty()) {","lastModifiedDate":"2025-01-24","isFullCredit":false},{"lineNumber":57,"author":{"gitId":"isaacchua0309"},"content":"            System.out.println(\"Your task list is empty! Add something to get started.\");","lastModifiedDate":"2025-01-24","isFullCredit":false},{"lineNumber":58,"author":{"gitId":"isaacchua0309"},"content":"        } else {","lastModifiedDate":"2025-01-24","isFullCredit":false},{"lineNumber":59,"author":{"gitId":"isaacchua0309"},"content":"            System.out.println(\"Here are the tasks in your list:\");","lastModifiedDate":"2025-01-24","isFullCredit":false},{"lineNumber":60,"author":{"gitId":"isaacchua0309"},"content":"            for (int i \u003d 0; i \u003c tasks.size(); i++) {","lastModifiedDate":"2025-01-24","isFullCredit":false},{"lineNumber":61,"author":{"gitId":"isaacchua0309"},"content":"                System.out.println((i + 1) + \".\" + tasks.get(i));","lastModifiedDate":"2025-01-24","isFullCredit":false},{"lineNumber":62,"author":{"gitId":"isaacchua0309"},"content":"            }","lastModifiedDate":"2025-01-24","isFullCredit":false},{"lineNumber":63,"author":{"gitId":"isaacchua0309"},"content":"        }","lastModifiedDate":"2025-01-24","isFullCredit":false},{"lineNumber":64,"author":{"gitId":"isaacchua0309"},"content":"        System.out.println(\"____________________________________________________________\");","lastModifiedDate":"2025-01-24","isFullCredit":false},{"lineNumber":65,"author":{"gitId":"isaacchua0309"},"content":"    }","lastModifiedDate":"2025-01-24","isFullCredit":false},{"lineNumber":66,"author":{"gitId":"isaacchua0309"},"content":"","lastModifiedDate":"2025-01-24","isFullCredit":false},{"lineNumber":67,"author":{"gitId":"isaacchua0309"},"content":"    private static void handleDoneCommand(String userInput, ArrayList\u003cTask\u003e tasks) throws BobletException {","lastModifiedDate":"2025-01-24","isFullCredit":false},{"lineNumber":68,"author":{"gitId":"isaacchua0309"},"content":"        try {","lastModifiedDate":"2025-01-24","isFullCredit":false},{"lineNumber":69,"author":{"gitId":"isaacchua0309"},"content":"            int taskNumber \u003d Integer.parseInt(userInput.split(\" \")[1]) - 1;","lastModifiedDate":"2025-01-24","isFullCredit":false},{"lineNumber":70,"author":{"gitId":"isaacchua0309"},"content":"            if (taskNumber \u003c 0 || taskNumber \u003e\u003d tasks.size()) {","lastModifiedDate":"2025-01-24","isFullCredit":false},{"lineNumber":71,"author":{"gitId":"isaacchua0309"},"content":"                throw new BobletException(\"☹ OOPS!!! Invalid task number!\");","lastModifiedDate":"2025-01-24","isFullCredit":false},{"lineNumber":72,"author":{"gitId":"isaacchua0309"},"content":"            }","lastModifiedDate":"2025-01-24","isFullCredit":false},{"lineNumber":73,"author":{"gitId":"isaacchua0309"},"content":"            tasks.get(taskNumber).markAsDone();","lastModifiedDate":"2025-01-24","isFullCredit":false},{"lineNumber":74,"author":{"gitId":"isaacchua0309"},"content":"            System.out.println(\"____________________________________________________________\");","lastModifiedDate":"2025-01-24","isFullCredit":false},{"lineNumber":75,"author":{"gitId":"isaacchua0309"},"content":"            System.out.println(\"Nice! I\u0027ve marked this task as done:\");","lastModifiedDate":"2025-01-24","isFullCredit":false},{"lineNumber":76,"author":{"gitId":"isaacchua0309"},"content":"            System.out.println(\"  \" + tasks.get(taskNumber));","lastModifiedDate":"2025-01-24","isFullCredit":false},{"lineNumber":77,"author":{"gitId":"isaacchua0309"},"content":"            System.out.println(\"____________________________________________________________\");","lastModifiedDate":"2025-01-24","isFullCredit":false},{"lineNumber":78,"author":{"gitId":"isaacchua0309"},"content":"        } catch (IndexOutOfBoundsException | NumberFormatException e) {","lastModifiedDate":"2025-01-24","isFullCredit":false},{"lineNumber":79,"author":{"gitId":"isaacchua0309"},"content":"            throw new BobletException(\"☹ OOPS!!! Invalid input format! Use: done \u003ctask number\u003e\");","lastModifiedDate":"2025-01-24","isFullCredit":false},{"lineNumber":80,"author":{"gitId":"isaacchua0309"},"content":"        }","lastModifiedDate":"2025-01-24","isFullCredit":false},{"lineNumber":81,"author":{"gitId":"isaacchua0309"},"content":"    }","lastModifiedDate":"2025-01-24","isFullCredit":false},{"lineNumber":82,"author":{"gitId":"isaacchua0309"},"content":"","lastModifiedDate":"2025-01-24","isFullCredit":false},{"lineNumber":83,"author":{"gitId":"isaacchua0309"},"content":"    private static void handleDeleteCommand(String userInput, ArrayList\u003cTask\u003e tasks) throws BobletException {","lastModifiedDate":"2025-01-24","isFullCredit":false},{"lineNumber":84,"author":{"gitId":"isaacchua0309"},"content":"        try {","lastModifiedDate":"2025-01-24","isFullCredit":false},{"lineNumber":85,"author":{"gitId":"isaacchua0309"},"content":"            int taskNumber \u003d Integer.parseInt(userInput.split(\" \")[1]) - 1;","lastModifiedDate":"2025-01-24","isFullCredit":false},{"lineNumber":86,"author":{"gitId":"isaacchua0309"},"content":"            if (taskNumber \u003c 0 || taskNumber \u003e\u003d tasks.size()) {","lastModifiedDate":"2025-01-24","isFullCredit":false},{"lineNumber":87,"author":{"gitId":"isaacchua0309"},"content":"                throw new BobletException(\"☹ OOPS!!! Invalid task number!\");","lastModifiedDate":"2025-01-24","isFullCredit":false},{"lineNumber":88,"author":{"gitId":"isaacchua0309"},"content":"            }","lastModifiedDate":"2025-01-24","isFullCredit":false},{"lineNumber":89,"author":{"gitId":"isaacchua0309"},"content":"            Task removedTask \u003d tasks.remove(taskNumber); // Remove the task","lastModifiedDate":"2025-01-24","isFullCredit":false},{"lineNumber":90,"author":{"gitId":"isaacchua0309"},"content":"            System.out.println(\"____________________________________________________________\");","lastModifiedDate":"2025-01-24","isFullCredit":false},{"lineNumber":91,"author":{"gitId":"isaacchua0309"},"content":"            System.out.println(\"Noted. I\u0027ve removed this task:\");","lastModifiedDate":"2025-01-24","isFullCredit":false},{"lineNumber":92,"author":{"gitId":"isaacchua0309"},"content":"            System.out.println(\"  \" + removedTask);","lastModifiedDate":"2025-01-24","isFullCredit":false},{"lineNumber":93,"author":{"gitId":"isaacchua0309"},"content":"            System.out.println(\"Now you have \" + tasks.size() + \" tasks in the list.\");","lastModifiedDate":"2025-01-24","isFullCredit":false},{"lineNumber":94,"author":{"gitId":"isaacchua0309"},"content":"            System.out.println(\"____________________________________________________________\");","lastModifiedDate":"2025-01-24","isFullCredit":false},{"lineNumber":95,"author":{"gitId":"isaacchua0309"},"content":"        } catch (IndexOutOfBoundsException | NumberFormatException e) {","lastModifiedDate":"2025-01-24","isFullCredit":false},{"lineNumber":96,"author":{"gitId":"isaacchua0309"},"content":"            throw new BobletException(\"☹ OOPS!!! Invalid input format! Use: delete \u003ctask number\u003e\");","lastModifiedDate":"2025-01-24","isFullCredit":false},{"lineNumber":97,"author":{"gitId":"isaacchua0309"},"content":"        }","lastModifiedDate":"2025-01-24","isFullCredit":false},{"lineNumber":98,"author":{"gitId":"isaacchua0309"},"content":"    }","lastModifiedDate":"2025-01-24","isFullCredit":false},{"lineNumber":99,"author":{"gitId":"isaacchua0309"},"content":"","lastModifiedDate":"2025-01-24","isFullCredit":false},{"lineNumber":100,"author":{"gitId":"isaacchua0309"},"content":"    private static void handleTodoCommand(String userInput, ArrayList\u003cTask\u003e tasks) throws BobletException {","lastModifiedDate":"2025-01-24","isFullCredit":false},{"lineNumber":101,"author":{"gitId":"isaacchua0309"},"content":"        if (userInput.length() \u003c\u003d 5 || userInput.substring(5).trim().isEmpty()) {","lastModifiedDate":"2025-01-24","isFullCredit":false},{"lineNumber":102,"author":{"gitId":"isaacchua0309"},"content":"            throw new BobletException(\"☹ OOPS!!! The description of a todo cannot be empty.\");","lastModifiedDate":"2025-01-24","isFullCredit":false},{"lineNumber":103,"author":{"gitId":"isaacchua0309"},"content":"        }","lastModifiedDate":"2025-01-24","isFullCredit":false},{"lineNumber":104,"author":{"gitId":"isaacchua0309"},"content":"        String description \u003d userInput.substring(5).trim();","lastModifiedDate":"2025-01-24","isFullCredit":false},{"lineNumber":105,"author":{"gitId":"isaacchua0309"},"content":"        tasks.add(new Todo(description)); // Add to the list","lastModifiedDate":"2025-01-24","isFullCredit":false},{"lineNumber":106,"author":{"gitId":"isaacchua0309"},"content":"        System.out.println(\"____________________________________________________________\");","lastModifiedDate":"2025-01-24","isFullCredit":false},{"lineNumber":107,"author":{"gitId":"isaacchua0309"},"content":"        System.out.println(\"Got it. I\u0027ve added this task:\");","lastModifiedDate":"2025-01-24","isFullCredit":false},{"lineNumber":108,"author":{"gitId":"isaacchua0309"},"content":"        System.out.println(\"  \" + tasks.get(tasks.size() - 1));","lastModifiedDate":"2025-01-24","isFullCredit":false},{"lineNumber":109,"author":{"gitId":"isaacchua0309"},"content":"        System.out.println(\"Now you have \" + tasks.size() + \" tasks in the list.\");","lastModifiedDate":"2025-01-24","isFullCredit":false},{"lineNumber":110,"author":{"gitId":"isaacchua0309"},"content":"        System.out.println(\"____________________________________________________________\");","lastModifiedDate":"2025-01-24","isFullCredit":false},{"lineNumber":111,"author":{"gitId":"isaacchua0309"},"content":"    }","lastModifiedDate":"2025-01-24","isFullCredit":false},{"lineNumber":112,"author":{"gitId":"isaacchua0309"},"content":"","lastModifiedDate":"2025-01-24","isFullCredit":false},{"lineNumber":113,"author":{"gitId":"isaacchua0309"},"content":"    private static void handleDeadlineCommand(String userInput, ArrayList\u003cTask\u003e tasks) throws BobletException {","lastModifiedDate":"2025-01-24","isFullCredit":false},{"lineNumber":114,"author":{"gitId":"isaacchua0309"},"content":"        try {","lastModifiedDate":"2025-01-24","isFullCredit":false},{"lineNumber":115,"author":{"gitId":"isaacchua0309"},"content":"            String[] parts \u003d userInput.substring(9).split(\" /by \");","lastModifiedDate":"2025-01-24","isFullCredit":false},{"lineNumber":116,"author":{"gitId":"isaacchua0309"},"content":"            if (parts.length \u003c 2) {","lastModifiedDate":"2025-01-24","isFullCredit":false},{"lineNumber":117,"author":{"gitId":"isaacchua0309"},"content":"                throw new BobletException(\"☹ OOPS!!! The description or deadline of a deadline cannot be empty.\");","lastModifiedDate":"2025-01-24","isFullCredit":false},{"lineNumber":118,"author":{"gitId":"isaacchua0309"},"content":"            }","lastModifiedDate":"2025-01-24","isFullCredit":false},{"lineNumber":119,"author":{"gitId":"isaacchua0309"},"content":"            tasks.add(new Deadline(parts[0].trim(), parts[1].trim()));","lastModifiedDate":"2025-01-24","isFullCredit":false},{"lineNumber":120,"author":{"gitId":"isaacchua0309"},"content":"            System.out.println(\"____________________________________________________________\");","lastModifiedDate":"2025-01-24","isFullCredit":false},{"lineNumber":121,"author":{"gitId":"isaacchua0309"},"content":"            System.out.println(\"Got it. I\u0027ve added this task:\");","lastModifiedDate":"2025-01-24","isFullCredit":false},{"lineNumber":122,"author":{"gitId":"isaacchua0309"},"content":"            System.out.println(\"  \" + tasks.get(tasks.size() - 1));","lastModifiedDate":"2025-01-24","isFullCredit":false},{"lineNumber":123,"author":{"gitId":"isaacchua0309"},"content":"            System.out.println(\"Now you have \" + tasks.size() + \" tasks in the list.\");","lastModifiedDate":"2025-01-24","isFullCredit":false},{"lineNumber":124,"author":{"gitId":"isaacchua0309"},"content":"            System.out.println(\"____________________________________________________________\");","lastModifiedDate":"2025-01-24","isFullCredit":false},{"lineNumber":125,"author":{"gitId":"isaacchua0309"},"content":"        } catch (IndexOutOfBoundsException e) {","lastModifiedDate":"2025-01-24","isFullCredit":false},{"lineNumber":126,"author":{"gitId":"isaacchua0309"},"content":"            throw new BobletException(\"☹ OOPS!!! The description or deadline of a deadline cannot be empty.\");","lastModifiedDate":"2025-01-24","isFullCredit":false},{"lineNumber":127,"author":{"gitId":"isaacchua0309"},"content":"        }","lastModifiedDate":"2025-01-24","isFullCredit":false},{"lineNumber":128,"author":{"gitId":"isaacchua0309"},"content":"    }","lastModifiedDate":"2025-01-24","isFullCredit":false},{"lineNumber":129,"author":{"gitId":"isaacchua0309"},"content":"","lastModifiedDate":"2025-01-24","isFullCredit":false},{"lineNumber":130,"author":{"gitId":"isaacchua0309"},"content":"    private static void handleEventCommand(String userInput, ArrayList\u003cTask\u003e tasks) throws BobletException {","lastModifiedDate":"2025-01-24","isFullCredit":false},{"lineNumber":131,"author":{"gitId":"isaacchua0309"},"content":"        try {","lastModifiedDate":"2025-01-24","isFullCredit":false},{"lineNumber":132,"author":{"gitId":"isaacchua0309"},"content":"            String[] parts \u003d userInput.substring(6).split(\" /at \");","lastModifiedDate":"2025-01-24","isFullCredit":false},{"lineNumber":133,"author":{"gitId":"isaacchua0309"},"content":"            if (parts.length \u003c 2) {","lastModifiedDate":"2025-01-24","isFullCredit":false},{"lineNumber":134,"author":{"gitId":"isaacchua0309"},"content":"                throw new BobletException(\"☹ OOPS!!! The description or time of an event cannot be empty.\");","lastModifiedDate":"2025-01-24","isFullCredit":false},{"lineNumber":135,"author":{"gitId":"isaacchua0309"},"content":"            }","lastModifiedDate":"2025-01-24","isFullCredit":false},{"lineNumber":136,"author":{"gitId":"isaacchua0309"},"content":"            tasks.add(new Event(parts[0].trim(), parts[1].trim()));","lastModifiedDate":"2025-01-24","isFullCredit":false},{"lineNumber":137,"author":{"gitId":"isaacchua0309"},"content":"            System.out.println(\"____________________________________________________________\");","lastModifiedDate":"2025-01-24","isFullCredit":false},{"lineNumber":138,"author":{"gitId":"isaacchua0309"},"content":"            System.out.println(\"Got it. I\u0027ve added this task:\");","lastModifiedDate":"2025-01-24","isFullCredit":false},{"lineNumber":139,"author":{"gitId":"isaacchua0309"},"content":"            System.out.println(\"  \" + tasks.get(tasks.size() - 1));","lastModifiedDate":"2025-01-24","isFullCredit":false},{"lineNumber":140,"author":{"gitId":"isaacchua0309"},"content":"            System.out.println(\"Now you have \" + tasks.size() + \" tasks in the list.\");","lastModifiedDate":"2025-01-24","isFullCredit":false},{"lineNumber":141,"author":{"gitId":"isaacchua0309"},"content":"            System.out.println(\"____________________________________________________________\");","lastModifiedDate":"2025-01-24","isFullCredit":false},{"lineNumber":142,"author":{"gitId":"isaacchua0309"},"content":"        } catch (IndexOutOfBoundsException e) {","lastModifiedDate":"2025-01-24","isFullCredit":false},{"lineNumber":143,"author":{"gitId":"isaacchua0309"},"content":"            throw new BobletException(\"☹ OOPS!!! The description or time of an event cannot be empty.\");","lastModifiedDate":"2025-01-24","isFullCredit":false},{"lineNumber":144,"author":{"gitId":"isaacchua0309"},"content":"        }","lastModifiedDate":"2025-01-24","isFullCredit":false},{"lineNumber":145,"author":{"gitId":"isaacchua0309"},"content":"    }","lastModifiedDate":"2025-01-24","isFullCredit":false},{"lineNumber":146,"author":{"gitId":"isaacchua0309"},"content":"}","lastModifiedDate":"2025-01-20","isFullCredit":false}],"authorContributionMap":{"isaacchua0309":146}},{"path":"src/main/java/BobletException.java","fileType":"java","lines":[{"lineNumber":1,"author":{"gitId":"isaacchua0309"},"content":"public class BobletException extends Exception {","lastModifiedDate":"2025-01-24","isFullCredit":false},{"lineNumber":2,"author":{"gitId":"isaacchua0309"},"content":"    public BobletException(String message) {","lastModifiedDate":"2025-01-24","isFullCredit":false},{"lineNumber":3,"author":{"gitId":"isaacchua0309"},"content":"        super(message);","lastModifiedDate":"2025-01-24","isFullCredit":false},{"lineNumber":4,"author":{"gitId":"isaacchua0309"},"content":"    }","lastModifiedDate":"2025-01-24","isFullCredit":false},{"lineNumber":5,"author":{"gitId":"isaacchua0309"},"content":"}","lastModifiedDate":"2025-01-24","isFullCredit":false}],"authorContributionMap":{"isaacchua0309":5}},{"path":"src/main/java/Deadline.java","fileType":"java","lines":[{"lineNumber":1,"author":{"gitId":"isaacchua0309"},"content":"public class Deadline extends Task {","lastModifiedDate":"2025-01-24","isFullCredit":false},{"lineNumber":2,"author":{"gitId":"isaacchua0309"},"content":"    protected String by; // Deadline date/time","lastModifiedDate":"2025-01-24","isFullCredit":false},{"lineNumber":3,"author":{"gitId":"isaacchua0309"},"content":"","lastModifiedDate":"2025-01-24","isFullCredit":false},{"lineNumber":4,"author":{"gitId":"isaacchua0309"},"content":"    public Deadline(String description, String by) {","lastModifiedDate":"2025-01-24","isFullCredit":false},{"lineNumber":5,"author":{"gitId":"isaacchua0309"},"content":"        super(description);","lastModifiedDate":"2025-01-24","isFullCredit":false},{"lineNumber":6,"author":{"gitId":"isaacchua0309"},"content":"        this.by \u003d by;","lastModifiedDate":"2025-01-24","isFullCredit":false},{"lineNumber":7,"author":{"gitId":"isaacchua0309"},"content":"    }","lastModifiedDate":"2025-01-24","isFullCredit":false},{"lineNumber":8,"author":{"gitId":"isaacchua0309"},"content":"","lastModifiedDate":"2025-01-24","isFullCredit":false},{"lineNumber":9,"author":{"gitId":"isaacchua0309"},"content":"    @Override","lastModifiedDate":"2025-01-24","isFullCredit":false},{"lineNumber":10,"author":{"gitId":"isaacchua0309"},"content":"    public String toString() {","lastModifiedDate":"2025-01-24","isFullCredit":false},{"lineNumber":11,"author":{"gitId":"isaacchua0309"},"content":"        return \"[D]\" + super.toString() + \" (by: \" + by + \")\";","lastModifiedDate":"2025-01-24","isFullCredit":false},{"lineNumber":12,"author":{"gitId":"isaacchua0309"},"content":"    }","lastModifiedDate":"2025-01-24","isFullCredit":false},{"lineNumber":13,"author":{"gitId":"isaacchua0309"},"content":"}","lastModifiedDate":"2025-01-24","isFullCredit":false}],"authorContributionMap":{"isaacchua0309":13}},{"path":"src/main/java/Event.java","fileType":"java","lines":[{"lineNumber":1,"author":{"gitId":"isaacchua0309"},"content":"public class Event extends Task {","lastModifiedDate":"2025-01-24","isFullCredit":false},{"lineNumber":2,"author":{"gitId":"isaacchua0309"},"content":"    protected String at; // Event time","lastModifiedDate":"2025-01-24","isFullCredit":false},{"lineNumber":3,"author":{"gitId":"isaacchua0309"},"content":"","lastModifiedDate":"2025-01-24","isFullCredit":false},{"lineNumber":4,"author":{"gitId":"isaacchua0309"},"content":"    public Event(String description, String at) {","lastModifiedDate":"2025-01-24","isFullCredit":false},{"lineNumber":5,"author":{"gitId":"isaacchua0309"},"content":"        super(description);","lastModifiedDate":"2025-01-24","isFullCredit":false},{"lineNumber":6,"author":{"gitId":"isaacchua0309"},"content":"        this.at \u003d at;","lastModifiedDate":"2025-01-24","isFullCredit":false},{"lineNumber":7,"author":{"gitId":"isaacchua0309"},"content":"    }","lastModifiedDate":"2025-01-24","isFullCredit":false},{"lineNumber":8,"author":{"gitId":"isaacchua0309"},"content":"","lastModifiedDate":"2025-01-24","isFullCredit":false},{"lineNumber":9,"author":{"gitId":"isaacchua0309"},"content":"    @Override","lastModifiedDate":"2025-01-24","isFullCredit":false},{"lineNumber":10,"author":{"gitId":"isaacchua0309"},"content":"    public String toString() {","lastModifiedDate":"2025-01-24","isFullCredit":false},{"lineNumber":11,"author":{"gitId":"isaacchua0309"},"content":"        return \"[E]\" + super.toString() + \" (at: \" + at + \")\";","lastModifiedDate":"2025-01-24","isFullCredit":false},{"lineNumber":12,"author":{"gitId":"isaacchua0309"},"content":"    }","lastModifiedDate":"2025-01-24","isFullCredit":false},{"lineNumber":13,"author":{"gitId":"isaacchua0309"},"content":"}","lastModifiedDate":"2025-01-24","isFullCredit":false}],"authorContributionMap":{"isaacchua0309":13}},{"path":"src/main/java/Task.java","fileType":"java","lines":[{"lineNumber":1,"author":{"gitId":"isaacchua0309"},"content":"public class Task {","lastModifiedDate":"2025-01-24","isFullCredit":false},{"lineNumber":2,"author":{"gitId":"isaacchua0309"},"content":"    protected String description;","lastModifiedDate":"2025-01-24","isFullCredit":false},{"lineNumber":3,"author":{"gitId":"isaacchua0309"},"content":"    protected boolean isDone;","lastModifiedDate":"2025-01-24","isFullCredit":false},{"lineNumber":4,"author":{"gitId":"isaacchua0309"},"content":"","lastModifiedDate":"2025-01-24","isFullCredit":false},{"lineNumber":5,"author":{"gitId":"isaacchua0309"},"content":"    // Constructor","lastModifiedDate":"2025-01-24","isFullCredit":false},{"lineNumber":6,"author":{"gitId":"isaacchua0309"},"content":"    public Task(String description) {","lastModifiedDate":"2025-01-24","isFullCredit":false},{"lineNumber":7,"author":{"gitId":"isaacchua0309"},"content":"        this.description \u003d description;","lastModifiedDate":"2025-01-24","isFullCredit":false},{"lineNumber":8,"author":{"gitId":"isaacchua0309"},"content":"        this.isDone \u003d false;","lastModifiedDate":"2025-01-24","isFullCredit":false},{"lineNumber":9,"author":{"gitId":"isaacchua0309"},"content":"    }","lastModifiedDate":"2025-01-24","isFullCredit":false},{"lineNumber":10,"author":{"gitId":"isaacchua0309"},"content":"","lastModifiedDate":"2025-01-24","isFullCredit":false},{"lineNumber":11,"author":{"gitId":"isaacchua0309"},"content":"    // Method to get the status icon","lastModifiedDate":"2025-01-24","isFullCredit":false},{"lineNumber":12,"author":{"gitId":"isaacchua0309"},"content":"    public String getStatusIcon() {","lastModifiedDate":"2025-01-24","isFullCredit":false},{"lineNumber":13,"author":{"gitId":"isaacchua0309"},"content":"        return (isDone ? \"✓\" : \"✗\"); // Use consistent symbols","lastModifiedDate":"2025-01-24","isFullCredit":false},{"lineNumber":14,"author":{"gitId":"isaacchua0309"},"content":"    }","lastModifiedDate":"2025-01-24","isFullCredit":false},{"lineNumber":15,"author":{"gitId":"isaacchua0309"},"content":"    ","lastModifiedDate":"2025-01-24","isFullCredit":false},{"lineNumber":16,"author":{"gitId":"isaacchua0309"},"content":"","lastModifiedDate":"2025-01-24","isFullCredit":false},{"lineNumber":17,"author":{"gitId":"isaacchua0309"},"content":"    // Method to mark the task as done","lastModifiedDate":"2025-01-24","isFullCredit":false},{"lineNumber":18,"author":{"gitId":"isaacchua0309"},"content":"    public void markAsDone() {","lastModifiedDate":"2025-01-24","isFullCredit":false},{"lineNumber":19,"author":{"gitId":"isaacchua0309"},"content":"        this.isDone \u003d true;","lastModifiedDate":"2025-01-24","isFullCredit":false},{"lineNumber":20,"author":{"gitId":"isaacchua0309"},"content":"    }","lastModifiedDate":"2025-01-24","isFullCredit":false},{"lineNumber":21,"author":{"gitId":"isaacchua0309"},"content":"","lastModifiedDate":"2025-01-24","isFullCredit":false},{"lineNumber":22,"author":{"gitId":"isaacchua0309"},"content":"    @Override","lastModifiedDate":"2025-01-24","isFullCredit":false},{"lineNumber":23,"author":{"gitId":"isaacchua0309"},"content":"    public String toString() {","lastModifiedDate":"2025-01-24","isFullCredit":false},{"lineNumber":24,"author":{"gitId":"isaacchua0309"},"content":"        return \"[\" + getStatusIcon() + \"] \" + description;","lastModifiedDate":"2025-01-24","isFullCredit":false},{"lineNumber":25,"author":{"gitId":"isaacchua0309"},"content":"    }","lastModifiedDate":"2025-01-24","isFullCredit":false},{"lineNumber":26,"author":{"gitId":"isaacchua0309"},"content":"}","lastModifiedDate":"2025-01-24","isFullCredit":false}],"authorContributionMap":{"isaacchua0309":26}},{"path":"src/main/java/Todo.java","fileType":"java","lines":[{"lineNumber":1,"author":{"gitId":"isaacchua0309"},"content":"public class Todo extends Task {","lastModifiedDate":"2025-01-24","isFullCredit":false},{"lineNumber":2,"author":{"gitId":"isaacchua0309"},"content":"    public Todo(String description) {","lastModifiedDate":"2025-01-24","isFullCredit":false},{"lineNumber":3,"author":{"gitId":"isaacchua0309"},"content":"        super(description);","lastModifiedDate":"2025-01-24","isFullCredit":false},{"lineNumber":4,"author":{"gitId":"isaacchua0309"},"content":"    }","lastModifiedDate":"2025-01-24","isFullCredit":false},{"lineNumber":5,"author":{"gitId":"isaacchua0309"},"content":"","lastModifiedDate":"2025-01-24","isFullCredit":false},{"lineNumber":6,"author":{"gitId":"isaacchua0309"},"content":"    @Override","lastModifiedDate":"2025-01-24","isFullCredit":false},{"lineNumber":7,"author":{"gitId":"isaacchua0309"},"content":"    public String toString() {","lastModifiedDate":"2025-01-24","isFullCredit":false},{"lineNumber":8,"author":{"gitId":"isaacchua0309"},"content":"        return \"[T]\" + super.toString();","lastModifiedDate":"2025-01-24","isFullCredit":false},{"lineNumber":9,"author":{"gitId":"isaacchua0309"},"content":"    }","lastModifiedDate":"2025-01-24","isFullCredit":false},{"lineNumber":10,"author":{"gitId":"isaacchua0309"},"content":"}","lastModifiedDate":"2025-01-24","isFullCredit":false}],"authorContributionMap":{"isaacchua0309":10}},{"path":"text-ui-test/input.txt","fileType":"txt","lines":[{"lineNumber":1,"author":{"gitId":"isaacchua0309"},"content":"todo read book","lastModifiedDate":"2025-01-24","isFullCredit":false},{"lineNumber":2,"author":{"gitId":"isaacchua0309"},"content":"deadline return book /by Sunday","lastModifiedDate":"2025-01-24","isFullCredit":false},{"lineNumber":3,"author":{"gitId":"isaacchua0309"},"content":"event project meeting /at Mon 2-4pm","lastModifiedDate":"2025-01-24","isFullCredit":false},{"lineNumber":4,"author":{"gitId":"isaacchua0309"},"content":"list","lastModifiedDate":"2025-01-24","isFullCredit":false},{"lineNumber":5,"author":{"gitId":"isaacchua0309"},"content":"done 2","lastModifiedDate":"2025-01-24","isFullCredit":false},{"lineNumber":6,"author":{"gitId":"isaacchua0309"},"content":"list","lastModifiedDate":"2025-01-24","isFullCredit":false},{"lineNumber":7,"author":{"gitId":"isaacchua0309"},"content":"bye","lastModifiedDate":"2025-01-24","isFullCredit":false}],"authorContributionMap":{"isaacchua0309":7}},{"path":"text-ui-test/runtest.bat","fileType":"bat","lines":[{"lineNumber":1,"author":{"gitId":"-"},"content":"@ECHO OFF","lastModifiedDate":"2020-05-25","isFullCredit":false},{"lineNumber":2,"author":{"gitId":"-"},"content":"","lastModifiedDate":"2020-05-25","isFullCredit":false},{"lineNumber":3,"author":{"gitId":"isaacchua0309"},"content":"REM Create bin directory if it doesn\u0027t exist","lastModifiedDate":"2025-01-24","isFullCredit":false},{"lineNumber":4,"author":{"gitId":"-"},"content":"if not exist ..\\bin mkdir ..\\bin","lastModifiedDate":"2020-05-25","isFullCredit":false},{"lineNumber":5,"author":{"gitId":"-"},"content":"","lastModifiedDate":"2020-05-25","isFullCredit":false},{"lineNumber":6,"author":{"gitId":"isaacchua0309"},"content":"REM Delete output from the previous run","lastModifiedDate":"2025-01-24","isFullCredit":false},{"lineNumber":7,"author":{"gitId":"isaacchua0309"},"content":"del ACTUAL.TXT","lastModifiedDate":"2025-01-24","isFullCredit":false},{"lineNumber":8,"author":{"gitId":"-"},"content":"","lastModifiedDate":"2020-05-25","isFullCredit":false},{"lineNumber":9,"author":{"gitId":"isaacchua0309"},"content":"REM Compile the code into the bin folder","lastModifiedDate":"2025-01-24","isFullCredit":false},{"lineNumber":10,"author":{"gitId":"-"},"content":"javac -cp ..\\src\\main\\java -Xlint:none -d ..\\bin ..\\src\\main\\java\\*.java","lastModifiedDate":"2020-08-25","isFullCredit":false},{"lineNumber":11,"author":{"gitId":"-"},"content":"IF ERRORLEVEL 1 (","lastModifiedDate":"2020-05-25","isFullCredit":false},{"lineNumber":12,"author":{"gitId":"-"},"content":"    echo ********** BUILD FAILURE **********","lastModifiedDate":"2020-05-25","isFullCredit":false},{"lineNumber":13,"author":{"gitId":"-"},"content":"    exit /b 1","lastModifiedDate":"2020-05-25","isFullCredit":false},{"lineNumber":14,"author":{"gitId":"-"},"content":")","lastModifiedDate":"2020-05-25","isFullCredit":false},{"lineNumber":15,"author":{"gitId":"-"},"content":"","lastModifiedDate":"2020-05-25","isFullCredit":false},{"lineNumber":16,"author":{"gitId":"isaacchua0309"},"content":"REM Run the program, feed commands from input.txt, and redirect output to ACTUAL.TXT","lastModifiedDate":"2025-01-24","isFullCredit":false},{"lineNumber":17,"author":{"gitId":"isaacchua0309"},"content":"java -classpath ..\\bin Boblet \u003c input.txt \u003e ACTUAL.TXT","lastModifiedDate":"2025-01-24","isFullCredit":false},{"lineNumber":18,"author":{"gitId":"-"},"content":"","lastModifiedDate":"2020-05-25","isFullCredit":false},{"lineNumber":19,"author":{"gitId":"isaacchua0309"},"content":"REM Compare actual output to the expected output","lastModifiedDate":"2025-01-24","isFullCredit":false},{"lineNumber":20,"author":{"gitId":"-"},"content":"FC ACTUAL.TXT EXPECTED.TXT","lastModifiedDate":"2020-05-25","isFullCredit":false}],"authorContributionMap":{"isaacchua0309":7,"-":13}},{"path":"text-ui-test/runtest.sh","fileType":"sh","lines":[{"lineNumber":1,"author":{"gitId":"isaacchua0309"},"content":"#!/bin/bash","lastModifiedDate":"2025-01-24","isFullCredit":false},{"lineNumber":2,"author":{"gitId":"-"},"content":"","lastModifiedDate":"2020-05-25","isFullCredit":false},{"lineNumber":3,"author":{"gitId":"isaacchua0309"},"content":"# Create bin directory if it doesn\u0027t exist","lastModifiedDate":"2025-01-24","isFullCredit":false},{"lineNumber":4,"author":{"gitId":"isaacchua0309"},"content":"mkdir -p ../bin","lastModifiedDate":"2025-01-24","isFullCredit":false},{"lineNumber":5,"author":{"gitId":"-"},"content":"","lastModifiedDate":"2020-05-25","isFullCredit":false},{"lineNumber":6,"author":{"gitId":"isaacchua0309"},"content":"# Delete output from the previous run","lastModifiedDate":"2025-01-24","isFullCredit":false},{"lineNumber":7,"author":{"gitId":"isaacchua0309"},"content":"rm -f ACTUAL.TXT","lastModifiedDate":"2025-01-24","isFullCredit":false},{"lineNumber":8,"author":{"gitId":"-"},"content":"","lastModifiedDate":"2020-05-25","isFullCredit":false},{"lineNumber":9,"author":{"gitId":"isaacchua0309"},"content":"# Compile the code into the bin folder","lastModifiedDate":"2025-01-24","isFullCredit":false},{"lineNumber":10,"author":{"gitId":"isaacchua0309"},"content":"javac -cp ../src/main/java -Xlint:none -d ../bin ../src/main/java/*.java","lastModifiedDate":"2025-01-24","isFullCredit":false},{"lineNumber":11,"author":{"gitId":"isaacchua0309"},"content":"if [ $? -ne 0 ]; then","lastModifiedDate":"2025-01-24","isFullCredit":false},{"lineNumber":12,"author":{"gitId":"-"},"content":"    echo \"********** BUILD FAILURE **********\"","lastModifiedDate":"2020-05-25","isFullCredit":false},{"lineNumber":13,"author":{"gitId":"-"},"content":"    exit 1","lastModifiedDate":"2020-05-25","isFullCredit":false},{"lineNumber":14,"author":{"gitId":"-"},"content":"fi","lastModifiedDate":"2020-05-25","isFullCredit":false},{"lineNumber":15,"author":{"gitId":"-"},"content":"","lastModifiedDate":"2020-05-25","isFullCredit":false},{"lineNumber":16,"author":{"gitId":"isaacchua0309"},"content":"# Run the program, feed commands from input.txt, and redirect output to ACTUAL.TXT","lastModifiedDate":"2025-01-24","isFullCredit":false},{"lineNumber":17,"author":{"gitId":"isaacchua0309"},"content":"java -classpath ../bin Boblet \u003c input.txt \u003e ACTUAL.TXT","lastModifiedDate":"2025-01-24","isFullCredit":false},{"lineNumber":18,"author":{"gitId":"-"},"content":"","lastModifiedDate":"2020-05-25","isFullCredit":false},{"lineNumber":19,"author":{"gitId":"isaacchua0309"},"content":"# Compare actual output to the expected output","lastModifiedDate":"2025-01-24","isFullCredit":false},{"lineNumber":20,"author":{"gitId":"isaacchua0309"},"content":"diff ACTUAL.TXT EXPECTED.TXT","lastModifiedDate":"2025-01-24","isFullCredit":false},{"lineNumber":21,"author":{"gitId":"isaacchua0309"},"content":"if [ $? -eq 0 ]; then","lastModifiedDate":"2025-01-24","isFullCredit":false},{"lineNumber":22,"author":{"gitId":"isaacchua0309"},"content":"    echo \"Test passed!\"","lastModifiedDate":"2025-01-24","isFullCredit":false},{"lineNumber":23,"author":{"gitId":"-"},"content":"else","lastModifiedDate":"2020-05-25","isFullCredit":false},{"lineNumber":24,"author":{"gitId":"isaacchua0309"},"content":"    echo \"Test failed. See differences above.\"","lastModifiedDate":"2025-01-24","isFullCredit":false},{"lineNumber":25,"author":{"gitId":"-"},"content":"fi","lastModifiedDate":"2020-05-25","isFullCredit":false}],"authorContributionMap":{"isaacchua0309":15,"-":10}}]
