{"authorDailyContributionsMap":{"isaacchua0309":[{"date":"2025-01-20","commitResults":[{"hash":"f5350bda2e515800daeefad6247076a18b6f41c7","isMergeCommit":false,"messageTitle":"Level-0 Tester","messageBody":"","tags":["Level-0"],"fileTypesAndContributionMap":{"java":{"insertions":19,"deletions":10}}}]},{"date":"2025-01-24","commitResults":[{"hash":"001b7c432436153d3b989b636828078b8dccce4f","isMergeCommit":false,"messageTitle":"Add Level-1 functionality: Greet, Echo, Exit","messageBody":"","tags":["Level-1"],"fileTypesAndContributionMap":{"java":{"insertions":31,"deletions":15}}},{"hash":"3ffec6eb20910cfc66efc561226a4e6f249d1c08","isMergeCommit":false,"messageTitle":"Add Level-2 functionality: Add and List","messageBody":"","tags":["Level-2"],"fileTypesAndContributionMap":{"java":{"insertions":20,"deletions":11}}},{"hash":"202a4c53629767717b83c26b0f7d0ef40572f24e","isMergeCommit":false,"messageTitle":"Add more personality and engagement to Boblet","messageBody":"","fileTypesAndContributionMap":{"java":{"insertions":18,"deletions":8}}},{"hash":"5277d8e42a30c177fab7dd6c621befe7ccaa6ec9","isMergeCommit":false,"messageTitle":"Add Level-3 functionality: Mark tasks as done with A-Classes","messageBody":"","tags":["Level-3"],"fileTypesAndContributionMap":{"java":{"insertions":50,"deletions":5}}},{"hash":"93728e1ae1e63f836ab53c5a3a6fb5e4d57c03f6","isMergeCommit":false,"messageTitle":"Add Level-4 functionality: Support ToDos, Deadlines, and Events with A-Inheritance","messageBody":"","tags":["Level-4"],"fileTypesAndContributionMap":{"java":{"insertions":73,"deletions":12}}},{"hash":"ff07f013a1429ab616bb5078f9cdc95ba2b77213","isMergeCommit":false,"messageTitle":"Add text UI teting component for Boblet","messageBody":"","tags":["A-TextUiTesting"],"fileTypesAndContributionMap":{"txt":{"insertions":7,"deletions":0},"bat":{"insertions":8,"deletions":9},"sh":{"insertions":16,"deletions":29}}},{"hash":"61f53e65510df5511ea13cd4736159f91196a286","isMergeCommit":false,"messageTitle":"Added ability to handle errors to Boblet","messageBody":"","tags":["Level-5"],"fileTypesAndContributionMap":{"java":{"insertions":102,"deletions":69}}},{"hash":"60e31b255442ca939311e5b5b788d60bc1c3b7d8","isMergeCommit":false,"messageTitle":"Added Level-5 functionality: Error Handling to Boblet","messageBody":"","fileTypesAndContributionMap":{"java":{"insertions":0,"deletions":1}}},{"hash":"de159be4cc0072d1a5cb95e8bbd92ed03ac471da","isMergeCommit":false,"messageTitle":"Add Level-6 functionality: Support Delete","messageBody":"","tags":["Level-6"],"fileTypesAndContributionMap":{"java":{"insertions":58,"deletions":37}}}]},{"date":"2025-01-25","commitResults":[{"hash":"02fdbe189f18c3e3f0d71a96a742142361789c8f","isMergeCommit":false,"messageTitle":"Added Enums component for Boblet","messageBody":"","tags":["A-Enums"],"fileTypesAndContributionMap":{"java":{"insertions":88,"deletions":45}}},{"hash":"845e8e15fc43e9045c0d41e6f4221a0b9e4e94f3","isMergeCommit":false,"messageTitle":"Updated README file for Boblet","messageBody":"","fileTypesAndContributionMap":{"md":{"insertions":233,"deletions":19}}},{"hash":"c73e8cf388f3545f7921187cfcf9ef624ff21e87","isMergeCommit":false,"messageTitle":"Add Level-7 functionality: Implement task saving and loading with file handling","messageBody":"","fileTypesAndContributionMap":{"txt":{"insertions":2,"deletions":0},"java":{"insertions":116,"deletions":2}}},{"hash":"6061cf645f3081dab1bd183e2a543c679236d341","isMergeCommit":true,"messageTitle":"Merge branch-Level-7 into master","messageBody":"","tags":["Level-7"],"fileTypesAndContributionMap":{}},{"hash":"3279317d67d020c6c92f9994e1e7ae020a8b7502","isMergeCommit":false,"messageTitle":"Add Level-8 functionality: Boblet date and time handling","messageBody":"","fileTypesAndContributionMap":{"txt":{"insertions":3,"deletions":4},"java":{"insertions":108,"deletions":21}}},{"hash":"2e4066d7f9b8ab570da6171298fac8295db94775","isMergeCommit":true,"messageTitle":"Merge branch-Level-8 into master","messageBody":"","tags":["Level-8"],"fileTypesAndContributionMap":{}},{"hash":"10e23427ecb446cc9f4e2f12679a0bb6e49e42e7","isMergeCommit":false,"messageTitle":"Updated switch cases to include ShowDate command","messageBody":"","fileTypesAndContributionMap":{"java":{"insertions":12,"deletions":7}}},{"hash":"13861db71bd82cbca937a501386320125fe473d4","isMergeCommit":false,"messageTitle":"Added A-MoreOOP: Made the code more OOP and refactored closely related code as classes","messageBody":"","tags":["A-MoreOOP"],"fileTypesAndContributionMap":{"txt":{"insertions":11,"deletions":6},"java":{"insertions":377,"deletions":235}}},{"hash":"d7675de2ebdf3ac81a971d31896b8189dcd06f7c","isMergeCommit":false,"messageTitle":"Added A-packages: Organised the classes into suitable java packages","messageBody":"","tags":["A-Packages"],"fileTypesAndContributionMap":{"txt":{"insertions":2,"deletions":2},"java":{"insertions":132,"deletions":41}}}]},{"date":"2025-01-26","commitResults":[{"hash":"037f4c8c8efc63d3fd69374e2f404143e8ecb47e","isMergeCommit":false,"messageTitle":"Added A-Gradle: Set up gradle to build and run Boblet","messageBody":"","tags":["A-Gradle"],"fileTypesAndContributionMap":{"gradle":{"insertions":52,"deletions":0},"txt":{"insertions":1,"deletions":0},"java":{"insertions":28,"deletions":0}}},{"hash":"441d14a2eebb237801bf8957fb3ce21faed28d4c","isMergeCommit":false,"messageTitle":"Added A-JUnit functionality: Added JUnit tests to test behavior of code","messageBody":"","tags":["A-JUnit"],"fileTypesAndContributionMap":{"gradle":{"insertions":6,"deletions":1},"java":{"insertions":390,"deletions":24}}}]},{"date":"2025-01-27","commitResults":[{"hash":"43a0db65da2e1649c61d5fb14a9730eb392542c8","isMergeCommit":false,"messageTitle":"Added A-JavaDoc: Added JavaDoc comments to codebase","messageBody":"","fileTypesAndContributionMap":{"java":{"insertions":410,"deletions":28}}},{"hash":"ff21e9b02bb20d2a788547b9eddeca484c093762","isMergeCommit":false,"messageTitle":"Added Level-9 functionality: Allow user to search for keywords in task description","messageBody":"","fileTypesAndContributionMap":{"java":{"insertions":56,"deletions":0}}},{"hash":"dcc921fad998517128fbc8346e771d7ea6fbdec5","isMergeCommit":false,"messageTitle":"Added A-CodingStandard: Standardised coding structure","messageBody":"","fileTypesAndContributionMap":{"java":{"insertions":0,"deletions":2}}},{"hash":"10ec83c365132d6be266964219153ddd9e1d21f6","isMergeCommit":true,"messageTitle":"Merge branch \u0027branch-A-CodingStandard\u0027","messageBody":"","fileTypesAndContributionMap":{}},{"hash":"264aabb8d19b58d053c21a87f8a4ff0952c1e671","isMergeCommit":true,"messageTitle":"Added Level-9 functionality: Allow user to search for keywords in task description","messageBody":"","fileTypesAndContributionMap":{}}]}]},"authorFileTypeContributionMap":{"isaacchua0309":{"java":1525,"md":232,"fxml":0,"sh":15,"bat":7,"gradle":57,"txt":14}},"authorContributionVariance":{"isaacchua0309":136609.44},"authorDisplayNameMap":{"isaacchua0309":"CS2103T-F12-1 ISAA..IANG"}}
