[{"path":"src/main/java/Deadline.java","fileType":"java","lines":[{"lineNumber":1,"author":{"gitId":"CloudKai"},"content":"","lastModifiedDate":"2025-01-24","isFullCredit":false},{"lineNumber":2,"author":{"gitId":"CloudKai"},"content":"public class Deadline extends Task {","lastModifiedDate":"2025-01-24","isFullCredit":false},{"lineNumber":3,"author":{"gitId":"CloudKai"},"content":"","lastModifiedDate":"2025-01-24","isFullCredit":false},{"lineNumber":4,"author":{"gitId":"CloudKai"},"content":"    protected String by;","lastModifiedDate":"2025-01-24","isFullCredit":false},{"lineNumber":5,"author":{"gitId":"CloudKai"},"content":"","lastModifiedDate":"2025-01-24","isFullCredit":false},{"lineNumber":6,"author":{"gitId":"CloudKai"},"content":"    public Deadline(String description, String by) {","lastModifiedDate":"2025-01-24","isFullCredit":false},{"lineNumber":7,"author":{"gitId":"CloudKai"},"content":"        super(description);","lastModifiedDate":"2025-01-24","isFullCredit":false},{"lineNumber":8,"author":{"gitId":"CloudKai"},"content":"        this.by \u003d by;","lastModifiedDate":"2025-01-24","isFullCredit":false},{"lineNumber":9,"author":{"gitId":"CloudKai"},"content":"    }","lastModifiedDate":"2025-01-24","isFullCredit":false},{"lineNumber":10,"author":{"gitId":"CloudKai"},"content":"","lastModifiedDate":"2025-01-24","isFullCredit":false},{"lineNumber":11,"author":{"gitId":"CloudKai"},"content":"    @Override","lastModifiedDate":"2025-01-24","isFullCredit":false},{"lineNumber":12,"author":{"gitId":"CloudKai"},"content":"    public String toString() {","lastModifiedDate":"2025-01-24","isFullCredit":false},{"lineNumber":13,"author":{"gitId":"CloudKai"},"content":"        return \"[D]\" + super.toString() + \" (by: \" + by + \")\";","lastModifiedDate":"2025-01-24","isFullCredit":false},{"lineNumber":14,"author":{"gitId":"CloudKai"},"content":"    }","lastModifiedDate":"2025-01-24","isFullCredit":false},{"lineNumber":15,"author":{"gitId":"CloudKai"},"content":"}","lastModifiedDate":"2025-01-24","isFullCredit":false}],"authorContributionMap":{"CloudKai":15}},{"path":"src/main/java/Event.java","fileType":"java","lines":[{"lineNumber":1,"author":{"gitId":"CloudKai"},"content":"","lastModifiedDate":"2025-01-24","isFullCredit":false},{"lineNumber":2,"author":{"gitId":"CloudKai"},"content":"public class Event extends Task {","lastModifiedDate":"2025-01-24","isFullCredit":false},{"lineNumber":3,"author":{"gitId":"CloudKai"},"content":"","lastModifiedDate":"2025-01-24","isFullCredit":false},{"lineNumber":4,"author":{"gitId":"CloudKai"},"content":"    protected String to;","lastModifiedDate":"2025-01-24","isFullCredit":false},{"lineNumber":5,"author":{"gitId":"CloudKai"},"content":"    protected String start;","lastModifiedDate":"2025-01-24","isFullCredit":false},{"lineNumber":6,"author":{"gitId":"CloudKai"},"content":"","lastModifiedDate":"2025-01-24","isFullCredit":false},{"lineNumber":7,"author":{"gitId":"CloudKai"},"content":"    public Event(String description, String start, String to) {","lastModifiedDate":"2025-01-24","isFullCredit":false},{"lineNumber":8,"author":{"gitId":"CloudKai"},"content":"        super(description);","lastModifiedDate":"2025-01-24","isFullCredit":false},{"lineNumber":9,"author":{"gitId":"CloudKai"},"content":"        this.start \u003d start;","lastModifiedDate":"2025-01-24","isFullCredit":false},{"lineNumber":10,"author":{"gitId":"CloudKai"},"content":"        this.to \u003d to;        ","lastModifiedDate":"2025-01-24","isFullCredit":false},{"lineNumber":11,"author":{"gitId":"CloudKai"},"content":"    }","lastModifiedDate":"2025-01-24","isFullCredit":false},{"lineNumber":12,"author":{"gitId":"CloudKai"},"content":"","lastModifiedDate":"2025-01-24","isFullCredit":false},{"lineNumber":13,"author":{"gitId":"CloudKai"},"content":"    @Override","lastModifiedDate":"2025-01-24","isFullCredit":false},{"lineNumber":14,"author":{"gitId":"CloudKai"},"content":"    public String toString() {","lastModifiedDate":"2025-01-24","isFullCredit":false},{"lineNumber":15,"author":{"gitId":"CloudKai"},"content":"        return \"[E]\" + super.toString() + \" (from: \" + start + \" to: \" + to + \")\";","lastModifiedDate":"2025-01-24","isFullCredit":false},{"lineNumber":16,"author":{"gitId":"CloudKai"},"content":"    }","lastModifiedDate":"2025-01-24","isFullCredit":false},{"lineNumber":17,"author":{"gitId":"CloudKai"},"content":"}","lastModifiedDate":"2025-01-24","isFullCredit":false}],"authorContributionMap":{"CloudKai":17}},{"path":"src/main/java/KaiM.java","fileType":"java","lines":[{"lineNumber":1,"author":{"gitId":"CloudKai"},"content":"","lastModifiedDate":"2025-01-24","isFullCredit":false},{"lineNumber":2,"author":{"gitId":"CloudKai"},"content":"import java.util.*;","lastModifiedDate":"2025-01-24","isFullCredit":false},{"lineNumber":3,"author":{"gitId":"CloudKai"},"content":"import java.io.*;","lastModifiedDate":"2025-01-24","isFullCredit":false},{"lineNumber":4,"author":{"gitId":"CloudKai"},"content":"","lastModifiedDate":"2025-01-24","isFullCredit":false},{"lineNumber":5,"author":{"gitId":"CloudKai"},"content":"","lastModifiedDate":"2025-01-24","isFullCredit":false},{"lineNumber":6,"author":{"gitId":"CloudKai"},"content":"class KaiM {","lastModifiedDate":"2025-01-24","isFullCredit":false},{"lineNumber":7,"author":{"gitId":"CloudKai"},"content":"    ","lastModifiedDate":"2025-01-24","isFullCredit":false},{"lineNumber":8,"author":{"gitId":"CloudKai"},"content":"    public static void main(String[] args) throws Exception {","lastModifiedDate":"2025-01-24","isFullCredit":false},{"lineNumber":9,"author":{"gitId":"CloudKai"},"content":"        BufferedReader br \u003d new BufferedReader(new InputStreamReader(System.in));","lastModifiedDate":"2025-01-24","isFullCredit":false},{"lineNumber":10,"author":{"gitId":"CloudKai"},"content":"        PrintWriter pw \u003d new PrintWriter(System.out, true);","lastModifiedDate":"2025-01-24","isFullCredit":false},{"lineNumber":11,"author":{"gitId":"CloudKai"},"content":"        ","lastModifiedDate":"2025-01-24","isFullCredit":false},{"lineNumber":12,"author":{"gitId":"CloudKai"},"content":"        int taskCount \u003d 0;","lastModifiedDate":"2025-01-24","isFullCredit":false},{"lineNumber":13,"author":{"gitId":"CloudKai"},"content":"        ArrayList\u003cTask\u003e tasks \u003d new ArrayList\u003c\u003e();     //To store the items","lastModifiedDate":"2025-01-24","isFullCredit":false},{"lineNumber":14,"author":{"gitId":"CloudKai"},"content":"","lastModifiedDate":"2025-01-24","isFullCredit":false},{"lineNumber":15,"author":{"gitId":"CloudKai"},"content":"        pw.println(\" Hello! I\u0027m KaiM\");","lastModifiedDate":"2025-01-24","isFullCredit":false},{"lineNumber":16,"author":{"gitId":"CloudKai"},"content":"        pw.println(\" What can I do for you?\");","lastModifiedDate":"2025-01-24","isFullCredit":false},{"lineNumber":17,"author":{"gitId":"CloudKai"},"content":"","lastModifiedDate":"2025-01-24","isFullCredit":false},{"lineNumber":18,"author":{"gitId":"CloudKai"},"content":"        while(taskCount \u003c 100) {","lastModifiedDate":"2025-01-24","isFullCredit":false},{"lineNumber":19,"author":{"gitId":"CloudKai"},"content":"            String task \u003d br.readLine();","lastModifiedDate":"2025-01-24","isFullCredit":false},{"lineNumber":20,"author":{"gitId":"CloudKai"},"content":"","lastModifiedDate":"2025-01-24","isFullCredit":false},{"lineNumber":21,"author":{"gitId":"CloudKai"},"content":"            try {","lastModifiedDate":"2025-01-24","isFullCredit":false},{"lineNumber":22,"author":{"gitId":"CloudKai"},"content":"                if (task.equals(null)){","lastModifiedDate":"2025-01-24","isFullCredit":false},{"lineNumber":23,"author":{"gitId":"CloudKai"},"content":"                    continue;","lastModifiedDate":"2025-01-24","isFullCredit":false},{"lineNumber":24,"author":{"gitId":"CloudKai"},"content":"                }","lastModifiedDate":"2025-01-24","isFullCredit":false},{"lineNumber":25,"author":{"gitId":"CloudKai"},"content":"","lastModifiedDate":"2025-01-24","isFullCredit":false},{"lineNumber":26,"author":{"gitId":"CloudKai"},"content":"                if(task.equals(\"bye\")) {","lastModifiedDate":"2025-01-24","isFullCredit":false},{"lineNumber":27,"author":{"gitId":"CloudKai"},"content":"                    pw.println(\" Bye. Hope to see you again soon!\");","lastModifiedDate":"2025-01-24","isFullCredit":false},{"lineNumber":28,"author":{"gitId":"CloudKai"},"content":"                    break;","lastModifiedDate":"2025-01-24","isFullCredit":false},{"lineNumber":29,"author":{"gitId":"CloudKai"},"content":"","lastModifiedDate":"2025-01-24","isFullCredit":false},{"lineNumber":30,"author":{"gitId":"CloudKai"},"content":"                } else if (task.equals(\"list\")) {","lastModifiedDate":"2025-01-24","isFullCredit":false},{"lineNumber":31,"author":{"gitId":"CloudKai"},"content":"                    if (tasks.size() \u003c 1) {","lastModifiedDate":"2025-01-24","isFullCredit":false},{"lineNumber":32,"author":{"gitId":"CloudKai"},"content":"                        throw new KaiMException(\"Your list is currently empty\");","lastModifiedDate":"2025-01-24","isFullCredit":false},{"lineNumber":33,"author":{"gitId":"CloudKai"},"content":"                    }","lastModifiedDate":"2025-01-24","isFullCredit":false},{"lineNumber":34,"author":{"gitId":"CloudKai"},"content":"                    for (int i \u003d 0; i \u003c taskCount; i++) {","lastModifiedDate":"2025-01-24","isFullCredit":false},{"lineNumber":35,"author":{"gitId":"CloudKai"},"content":"                        pw.println(\" \" + (i + 1) + \". \" + tasks.get(i));","lastModifiedDate":"2025-01-24","isFullCredit":false},{"lineNumber":36,"author":{"gitId":"CloudKai"},"content":"                    }","lastModifiedDate":"2025-01-24","isFullCredit":false},{"lineNumber":37,"author":{"gitId":"CloudKai"},"content":"","lastModifiedDate":"2025-01-24","isFullCredit":false},{"lineNumber":38,"author":{"gitId":"CloudKai"},"content":"                } else if (task.split(\" \")[0].equals(\"mark\")){","lastModifiedDate":"2025-01-24","isFullCredit":false},{"lineNumber":39,"author":{"gitId":"CloudKai"},"content":"                    int taskNumber \u003d Integer.parseInt(task.split(\" \")[1]) - 1;","lastModifiedDate":"2025-01-24","isFullCredit":false},{"lineNumber":40,"author":{"gitId":"CloudKai"},"content":"                    tasks.get(taskNumber).markAsDone();","lastModifiedDate":"2025-01-24","isFullCredit":false},{"lineNumber":41,"author":{"gitId":"CloudKai"},"content":"                    pw.println(\" Nice! I\u0027ve marked this task as done:\");","lastModifiedDate":"2025-01-24","isFullCredit":false},{"lineNumber":42,"author":{"gitId":"CloudKai"},"content":"                    pw.println(\"   \" + tasks.get(taskNumber));","lastModifiedDate":"2025-01-24","isFullCredit":false},{"lineNumber":43,"author":{"gitId":"CloudKai"},"content":"","lastModifiedDate":"2025-01-24","isFullCredit":false},{"lineNumber":44,"author":{"gitId":"CloudKai"},"content":"                } else if (task.split(\" \")[0].equals(\"unmark\")){","lastModifiedDate":"2025-01-24","isFullCredit":false},{"lineNumber":45,"author":{"gitId":"CloudKai"},"content":"                    int taskNumber \u003d Integer.parseInt(task.split(\" \")[1]) - 1;","lastModifiedDate":"2025-01-24","isFullCredit":false},{"lineNumber":46,"author":{"gitId":"CloudKai"},"content":"                    tasks.get(taskNumber).markAsNotDone();","lastModifiedDate":"2025-01-24","isFullCredit":false},{"lineNumber":47,"author":{"gitId":"CloudKai"},"content":"                    pw.println(\" OK, I\u0027ve marked this task as not done yet:\");","lastModifiedDate":"2025-01-24","isFullCredit":false},{"lineNumber":48,"author":{"gitId":"CloudKai"},"content":"                    pw.println(\"   \" + tasks.get(taskNumber));","lastModifiedDate":"2025-01-24","isFullCredit":false},{"lineNumber":49,"author":{"gitId":"CloudKai"},"content":"","lastModifiedDate":"2025-01-24","isFullCredit":false},{"lineNumber":50,"author":{"gitId":"CloudKai"},"content":"                } else if (task.split(\" \")[0].equals(\"delete\")) {","lastModifiedDate":"2025-01-24","isFullCredit":false},{"lineNumber":51,"author":{"gitId":"CloudKai"},"content":"                    int taskNumber \u003d Integer.parseInt(task.split(\" \")[1]) - 1;","lastModifiedDate":"2025-01-24","isFullCredit":false},{"lineNumber":52,"author":{"gitId":"CloudKai"},"content":"                    if (taskNumber \u003e tasks.size() - 1) {","lastModifiedDate":"2025-01-24","isFullCredit":false},{"lineNumber":53,"author":{"gitId":"CloudKai"},"content":"                        throw new KaiMException(\"Incorrect input cannot delete task\");","lastModifiedDate":"2025-01-24","isFullCredit":false},{"lineNumber":54,"author":{"gitId":"CloudKai"},"content":"                    }","lastModifiedDate":"2025-01-24","isFullCredit":false},{"lineNumber":55,"author":{"gitId":"CloudKai"},"content":"                    Task removedTask \u003d tasks.remove(taskNumber);","lastModifiedDate":"2025-01-24","isFullCredit":false},{"lineNumber":56,"author":{"gitId":"CloudKai"},"content":"                    pw.println(\" Noted. I\u0027ve removed this task:\");","lastModifiedDate":"2025-01-24","isFullCredit":false},{"lineNumber":57,"author":{"gitId":"CloudKai"},"content":"                    pw.println(\"   \" + removedTask);","lastModifiedDate":"2025-01-24","isFullCredit":false},{"lineNumber":58,"author":{"gitId":"CloudKai"},"content":"                    pw.println(\" Now you have \" + tasks.size() + \" tasks in the list.\");","lastModifiedDate":"2025-01-24","isFullCredit":false},{"lineNumber":59,"author":{"gitId":"CloudKai"},"content":"                ","lastModifiedDate":"2025-01-24","isFullCredit":false},{"lineNumber":60,"author":{"gitId":"CloudKai"},"content":"                } else if (task.split(\" \")[0].equals(\"todo\")) {","lastModifiedDate":"2025-01-24","isFullCredit":false},{"lineNumber":61,"author":{"gitId":"CloudKai"},"content":"                    String[] taskDescription \u003d task.split(\"todo\");","lastModifiedDate":"2025-01-24","isFullCredit":false},{"lineNumber":62,"author":{"gitId":"CloudKai"},"content":"                    if (taskDescription.length \u003d\u003d 0) {","lastModifiedDate":"2025-01-24","isFullCredit":false},{"lineNumber":63,"author":{"gitId":"CloudKai"},"content":"                        throw new KaiMException(\"The description of a todo cannot be empty.\");","lastModifiedDate":"2025-01-24","isFullCredit":false},{"lineNumber":64,"author":{"gitId":"CloudKai"},"content":"                    }","lastModifiedDate":"2025-01-24","isFullCredit":false},{"lineNumber":65,"author":{"gitId":"CloudKai"},"content":"                    tasks.add(new Todo(taskDescription[1].trim()));","lastModifiedDate":"2025-01-24","isFullCredit":false},{"lineNumber":66,"author":{"gitId":"CloudKai"},"content":"                    pw.println(\" Got it. I\u0027ve added this task:\");","lastModifiedDate":"2025-01-24","isFullCredit":false},{"lineNumber":67,"author":{"gitId":"CloudKai"},"content":"                    pw.println(\"   \" + tasks.get(taskCount));","lastModifiedDate":"2025-01-24","isFullCredit":false},{"lineNumber":68,"author":{"gitId":"CloudKai"},"content":"                    taskCount++;","lastModifiedDate":"2025-01-24","isFullCredit":false},{"lineNumber":69,"author":{"gitId":"CloudKai"},"content":"                    pw.println(\" Now you have \" + taskCount + \" tasks in the list.\");","lastModifiedDate":"2025-01-24","isFullCredit":false},{"lineNumber":70,"author":{"gitId":"CloudKai"},"content":"                    ","lastModifiedDate":"2025-01-24","isFullCredit":false},{"lineNumber":71,"author":{"gitId":"CloudKai"},"content":"                } else if (task.split(\" \")[0].equals(\"deadline\")) {","lastModifiedDate":"2025-01-24","isFullCredit":false},{"lineNumber":72,"author":{"gitId":"CloudKai"},"content":"                    String[] parts \u003d task.split(\"/by\");","lastModifiedDate":"2025-01-24","isFullCredit":false},{"lineNumber":73,"author":{"gitId":"CloudKai"},"content":"                    String[] taskDescription \u003d parts[0].split(\"deadline\");","lastModifiedDate":"2025-01-24","isFullCredit":false},{"lineNumber":74,"author":{"gitId":"CloudKai"},"content":"                    tasks.add(new Deadline(taskDescription[1].trim(), parts[1].trim()));","lastModifiedDate":"2025-01-24","isFullCredit":false},{"lineNumber":75,"author":{"gitId":"CloudKai"},"content":"                    pw.println(\" Got it. I\u0027ve added this task:\");","lastModifiedDate":"2025-01-24","isFullCredit":false},{"lineNumber":76,"author":{"gitId":"CloudKai"},"content":"                    pw.println(\"   \" + tasks.get(taskCount));","lastModifiedDate":"2025-01-24","isFullCredit":false},{"lineNumber":77,"author":{"gitId":"CloudKai"},"content":"                    taskCount++;","lastModifiedDate":"2025-01-24","isFullCredit":false},{"lineNumber":78,"author":{"gitId":"CloudKai"},"content":"                    pw.println(\" Now you have \" + taskCount + \" tasks in the list.\");","lastModifiedDate":"2025-01-24","isFullCredit":false},{"lineNumber":79,"author":{"gitId":"CloudKai"},"content":"","lastModifiedDate":"2025-01-24","isFullCredit":false},{"lineNumber":80,"author":{"gitId":"CloudKai"},"content":"                } else if (task.split(\" \")[0].equals(\"event\")) {","lastModifiedDate":"2025-01-24","isFullCredit":false},{"lineNumber":81,"author":{"gitId":"CloudKai"},"content":"                    String[] parts \u003d task.split(\"/from\");","lastModifiedDate":"2025-01-24","isFullCredit":false},{"lineNumber":82,"author":{"gitId":"CloudKai"},"content":"                    String[] taskDescription \u003d parts[0].split(\"event\");","lastModifiedDate":"2025-01-24","isFullCredit":false},{"lineNumber":83,"author":{"gitId":"CloudKai"},"content":"                    String[] taskTime \u003d parts[1].split(\"/to\");","lastModifiedDate":"2025-01-24","isFullCredit":false},{"lineNumber":84,"author":{"gitId":"CloudKai"},"content":"                    tasks.add(new Event(taskDescription[1].trim(), taskTime[0].trim(), taskTime[1].trim()));","lastModifiedDate":"2025-01-24","isFullCredit":false},{"lineNumber":85,"author":{"gitId":"CloudKai"},"content":"                    pw.println(\" Got it. I\u0027ve added this task:\");","lastModifiedDate":"2025-01-24","isFullCredit":false},{"lineNumber":86,"author":{"gitId":"CloudKai"},"content":"                    pw.println(\"   \" + tasks.get(taskCount));","lastModifiedDate":"2025-01-24","isFullCredit":false},{"lineNumber":87,"author":{"gitId":"CloudKai"},"content":"                    taskCount++;","lastModifiedDate":"2025-01-24","isFullCredit":false},{"lineNumber":88,"author":{"gitId":"CloudKai"},"content":"                    pw.println(\" Now you have \" + taskCount + \" tasks in the list.\");","lastModifiedDate":"2025-01-24","isFullCredit":false},{"lineNumber":89,"author":{"gitId":"CloudKai"},"content":"","lastModifiedDate":"2025-01-24","isFullCredit":false},{"lineNumber":90,"author":{"gitId":"CloudKai"},"content":"                } else {","lastModifiedDate":"2025-01-24","isFullCredit":false},{"lineNumber":91,"author":{"gitId":"CloudKai"},"content":"                    if (task.split(\" \").length \u003d\u003d 1) {","lastModifiedDate":"2025-01-24","isFullCredit":false},{"lineNumber":92,"author":{"gitId":"CloudKai"},"content":"                        throw new KaiMException(\"I\u0027m sorry, unknown input please try again\");","lastModifiedDate":"2025-01-24","isFullCredit":false},{"lineNumber":93,"author":{"gitId":"CloudKai"},"content":"                    }","lastModifiedDate":"2025-01-24","isFullCredit":false},{"lineNumber":94,"author":{"gitId":"CloudKai"},"content":"                    tasks.add(new Task(task));","lastModifiedDate":"2025-01-24","isFullCredit":false},{"lineNumber":95,"author":{"gitId":"CloudKai"},"content":"                    pw.println(\" added: \" + task);","lastModifiedDate":"2025-01-24","isFullCredit":false},{"lineNumber":96,"author":{"gitId":"CloudKai"},"content":"                    taskCount++;","lastModifiedDate":"2025-01-24","isFullCredit":false},{"lineNumber":97,"author":{"gitId":"CloudKai"},"content":"","lastModifiedDate":"2025-01-24","isFullCredit":false},{"lineNumber":98,"author":{"gitId":"CloudKai"},"content":"                }","lastModifiedDate":"2025-01-24","isFullCredit":false},{"lineNumber":99,"author":{"gitId":"CloudKai"},"content":"            } catch (KaiMException e) {","lastModifiedDate":"2025-01-24","isFullCredit":false},{"lineNumber":100,"author":{"gitId":"CloudKai"},"content":"                pw.println(e.getMessage());","lastModifiedDate":"2025-01-24","isFullCredit":false},{"lineNumber":101,"author":{"gitId":"CloudKai"},"content":"            }","lastModifiedDate":"2025-01-24","isFullCredit":false},{"lineNumber":102,"author":{"gitId":"CloudKai"},"content":"        }","lastModifiedDate":"2025-01-24","isFullCredit":false},{"lineNumber":103,"author":{"gitId":"CloudKai"},"content":"","lastModifiedDate":"2025-01-24","isFullCredit":false},{"lineNumber":104,"author":{"gitId":"CloudKai"},"content":"        pw.close();","lastModifiedDate":"2025-01-24","isFullCredit":false},{"lineNumber":105,"author":{"gitId":"CloudKai"},"content":"    }","lastModifiedDate":"2025-01-24","isFullCredit":false},{"lineNumber":106,"author":{"gitId":"CloudKai"},"content":"}","lastModifiedDate":"2025-01-24","isFullCredit":false}],"authorContributionMap":{"CloudKai":106}},{"path":"src/main/java/KaiMException.java","fileType":"java","lines":[{"lineNumber":1,"author":{"gitId":"CloudKai"},"content":"class KaiMException extends Exception {","lastModifiedDate":"2025-01-24","isFullCredit":false},{"lineNumber":2,"author":{"gitId":"CloudKai"},"content":"    public KaiMException(String message) {","lastModifiedDate":"2025-01-24","isFullCredit":false},{"lineNumber":3,"author":{"gitId":"CloudKai"},"content":"        super(message);","lastModifiedDate":"2025-01-24","isFullCredit":false},{"lineNumber":4,"author":{"gitId":"CloudKai"},"content":"    }","lastModifiedDate":"2025-01-24","isFullCredit":false},{"lineNumber":5,"author":{"gitId":"CloudKai"},"content":"}","lastModifiedDate":"2025-01-24","isFullCredit":false}],"authorContributionMap":{"CloudKai":5}},{"path":"src/main/java/Task.java","fileType":"java","lines":[{"lineNumber":1,"author":{"gitId":"CloudKai"},"content":"","lastModifiedDate":"2025-01-24","isFullCredit":false},{"lineNumber":2,"author":{"gitId":"CloudKai"},"content":"public class Task {","lastModifiedDate":"2025-01-24","isFullCredit":false},{"lineNumber":3,"author":{"gitId":"CloudKai"},"content":"    protected String description;","lastModifiedDate":"2025-01-24","isFullCredit":false},{"lineNumber":4,"author":{"gitId":"CloudKai"},"content":"    protected boolean isDone;","lastModifiedDate":"2025-01-24","isFullCredit":false},{"lineNumber":5,"author":{"gitId":"CloudKai"},"content":"","lastModifiedDate":"2025-01-24","isFullCredit":false},{"lineNumber":6,"author":{"gitId":"CloudKai"},"content":"    public Task(String description) {","lastModifiedDate":"2025-01-24","isFullCredit":false},{"lineNumber":7,"author":{"gitId":"CloudKai"},"content":"        this.description \u003d description;","lastModifiedDate":"2025-01-24","isFullCredit":false},{"lineNumber":8,"author":{"gitId":"CloudKai"},"content":"        this.isDone \u003d false;","lastModifiedDate":"2025-01-24","isFullCredit":false},{"lineNumber":9,"author":{"gitId":"CloudKai"},"content":"    }","lastModifiedDate":"2025-01-24","isFullCredit":false},{"lineNumber":10,"author":{"gitId":"CloudKai"},"content":"","lastModifiedDate":"2025-01-24","isFullCredit":false},{"lineNumber":11,"author":{"gitId":"CloudKai"},"content":"    public String getStatusIcon() {","lastModifiedDate":"2025-01-24","isFullCredit":false},{"lineNumber":12,"author":{"gitId":"CloudKai"},"content":"        return (isDone ? \"X\" : \" \"); // mark done task with X","lastModifiedDate":"2025-01-24","isFullCredit":false},{"lineNumber":13,"author":{"gitId":"CloudKai"},"content":"    }","lastModifiedDate":"2025-01-24","isFullCredit":false},{"lineNumber":14,"author":{"gitId":"CloudKai"},"content":"","lastModifiedDate":"2025-01-24","isFullCredit":false},{"lineNumber":15,"author":{"gitId":"CloudKai"},"content":"    public void markAsDone() {","lastModifiedDate":"2025-01-24","isFullCredit":false},{"lineNumber":16,"author":{"gitId":"CloudKai"},"content":"        this.isDone \u003d true;","lastModifiedDate":"2025-01-24","isFullCredit":false},{"lineNumber":17,"author":{"gitId":"CloudKai"},"content":"    }","lastModifiedDate":"2025-01-24","isFullCredit":false},{"lineNumber":18,"author":{"gitId":"CloudKai"},"content":"","lastModifiedDate":"2025-01-24","isFullCredit":false},{"lineNumber":19,"author":{"gitId":"CloudKai"},"content":"    public void markAsNotDone() {","lastModifiedDate":"2025-01-24","isFullCredit":false},{"lineNumber":20,"author":{"gitId":"CloudKai"},"content":"        this.isDone \u003d false;","lastModifiedDate":"2025-01-24","isFullCredit":false},{"lineNumber":21,"author":{"gitId":"CloudKai"},"content":"    }","lastModifiedDate":"2025-01-24","isFullCredit":false},{"lineNumber":22,"author":{"gitId":"CloudKai"},"content":"","lastModifiedDate":"2025-01-24","isFullCredit":false},{"lineNumber":23,"author":{"gitId":"CloudKai"},"content":"    @Override","lastModifiedDate":"2025-01-24","isFullCredit":false},{"lineNumber":24,"author":{"gitId":"CloudKai"},"content":"    public String toString() {","lastModifiedDate":"2025-01-24","isFullCredit":false},{"lineNumber":25,"author":{"gitId":"CloudKai"},"content":"        return \"[\" + getStatusIcon() + \"] \" + description;","lastModifiedDate":"2025-01-24","isFullCredit":false},{"lineNumber":26,"author":{"gitId":"CloudKai"},"content":"    }","lastModifiedDate":"2025-01-24","isFullCredit":false},{"lineNumber":27,"author":{"gitId":"CloudKai"},"content":"}","lastModifiedDate":"2025-01-24","isFullCredit":false}],"authorContributionMap":{"CloudKai":27}},{"path":"src/main/java/Todo.java","fileType":"java","lines":[{"lineNumber":1,"author":{"gitId":"CloudKai"},"content":"","lastModifiedDate":"2025-01-24","isFullCredit":false},{"lineNumber":2,"author":{"gitId":"CloudKai"},"content":"public class Todo extends Task {","lastModifiedDate":"2025-01-24","isFullCredit":false},{"lineNumber":3,"author":{"gitId":"CloudKai"},"content":"","lastModifiedDate":"2025-01-24","isFullCredit":false},{"lineNumber":4,"author":{"gitId":"CloudKai"},"content":"    public Todo(String description) {","lastModifiedDate":"2025-01-24","isFullCredit":false},{"lineNumber":5,"author":{"gitId":"CloudKai"},"content":"        super(description);","lastModifiedDate":"2025-01-24","isFullCredit":false},{"lineNumber":6,"author":{"gitId":"CloudKai"},"content":"    }","lastModifiedDate":"2025-01-24","isFullCredit":false},{"lineNumber":7,"author":{"gitId":"CloudKai"},"content":"","lastModifiedDate":"2025-01-24","isFullCredit":false},{"lineNumber":8,"author":{"gitId":"CloudKai"},"content":"    @Override","lastModifiedDate":"2025-01-24","isFullCredit":false},{"lineNumber":9,"author":{"gitId":"CloudKai"},"content":"    public String toString() {","lastModifiedDate":"2025-01-24","isFullCredit":false},{"lineNumber":10,"author":{"gitId":"CloudKai"},"content":"        return \"[T]\" + super.toString();","lastModifiedDate":"2025-01-24","isFullCredit":false},{"lineNumber":11,"author":{"gitId":"CloudKai"},"content":"    }","lastModifiedDate":"2025-01-24","isFullCredit":false},{"lineNumber":12,"author":{"gitId":"CloudKai"},"content":"}","lastModifiedDate":"2025-01-24","isFullCredit":false}],"authorContributionMap":{"CloudKai":12}},{"path":"text-ui-test/input.txt","fileType":"txt","lines":[{"lineNumber":1,"author":{"gitId":"CloudKai"},"content":"todo borrow book","lastModifiedDate":"2025-01-24","isFullCredit":false},{"lineNumber":2,"author":{"gitId":"CloudKai"},"content":"list","lastModifiedDate":"2025-01-24","isFullCredit":false},{"lineNumber":3,"author":{"gitId":"CloudKai"},"content":"deadline return book /by Sunday","lastModifiedDate":"2025-01-24","isFullCredit":false},{"lineNumber":4,"author":{"gitId":"CloudKai"},"content":"event project meeting /from Mon 2pm /to 4pm","lastModifiedDate":"2025-01-24","isFullCredit":false},{"lineNumber":5,"author":{"gitId":"CloudKai"},"content":"mark 2","lastModifiedDate":"2025-01-24","isFullCredit":false},{"lineNumber":6,"author":{"gitId":"CloudKai"},"content":"list","lastModifiedDate":"2025-01-24","isFullCredit":false},{"lineNumber":7,"author":{"gitId":"CloudKai"},"content":"unmark 2","lastModifiedDate":"2025-01-24","isFullCredit":false}],"authorContributionMap":{"CloudKai":7}},{"path":"text-ui-test/runtest.sh","fileType":"sh","lines":[{"lineNumber":1,"author":{"gitId":"-"},"content":"#!/usr/bin/env bash","lastModifiedDate":"2020-05-25","isFullCredit":false},{"lineNumber":2,"author":{"gitId":"-"},"content":"","lastModifiedDate":"2020-05-25","isFullCredit":false},{"lineNumber":3,"author":{"gitId":"-"},"content":"# create bin directory if it doesn\u0027t exist","lastModifiedDate":"2020-05-25","isFullCredit":false},{"lineNumber":4,"author":{"gitId":"-"},"content":"if [ ! -d \"../bin\" ]","lastModifiedDate":"2020-05-25","isFullCredit":false},{"lineNumber":5,"author":{"gitId":"-"},"content":"then","lastModifiedDate":"2020-05-25","isFullCredit":false},{"lineNumber":6,"author":{"gitId":"-"},"content":"    mkdir ../bin","lastModifiedDate":"2020-05-25","isFullCredit":false},{"lineNumber":7,"author":{"gitId":"-"},"content":"fi","lastModifiedDate":"2020-05-25","isFullCredit":false},{"lineNumber":8,"author":{"gitId":"-"},"content":"","lastModifiedDate":"2020-05-25","isFullCredit":false},{"lineNumber":9,"author":{"gitId":"-"},"content":"# delete output from previous run","lastModifiedDate":"2020-05-25","isFullCredit":false},{"lineNumber":10,"author":{"gitId":"-"},"content":"if [ -e \"./ACTUAL.TXT\" ]","lastModifiedDate":"2020-05-25","isFullCredit":false},{"lineNumber":11,"author":{"gitId":"-"},"content":"then","lastModifiedDate":"2020-05-25","isFullCredit":false},{"lineNumber":12,"author":{"gitId":"-"},"content":"    rm ACTUAL.TXT","lastModifiedDate":"2020-05-25","isFullCredit":false},{"lineNumber":13,"author":{"gitId":"-"},"content":"fi","lastModifiedDate":"2020-05-25","isFullCredit":false},{"lineNumber":14,"author":{"gitId":"-"},"content":"","lastModifiedDate":"2020-05-25","isFullCredit":false},{"lineNumber":15,"author":{"gitId":"-"},"content":"# compile the code into the bin folder, terminates if error occurred","lastModifiedDate":"2020-05-25","isFullCredit":false},{"lineNumber":16,"author":{"gitId":"-"},"content":"if ! javac -cp ../src/main/java -Xlint:none -d ../bin ../src/main/java/*.java","lastModifiedDate":"2020-08-25","isFullCredit":false},{"lineNumber":17,"author":{"gitId":"-"},"content":"then","lastModifiedDate":"2020-05-25","isFullCredit":false},{"lineNumber":18,"author":{"gitId":"-"},"content":"    echo \"********** BUILD FAILURE **********\"","lastModifiedDate":"2020-05-25","isFullCredit":false},{"lineNumber":19,"author":{"gitId":"-"},"content":"    exit 1","lastModifiedDate":"2020-05-25","isFullCredit":false},{"lineNumber":20,"author":{"gitId":"-"},"content":"fi","lastModifiedDate":"2020-05-25","isFullCredit":false},{"lineNumber":21,"author":{"gitId":"-"},"content":"","lastModifiedDate":"2020-05-25","isFullCredit":false},{"lineNumber":22,"author":{"gitId":"-"},"content":"# run the program, feed commands from input.txt file and redirect the output to the ACTUAL.TXT","lastModifiedDate":"2020-05-25","isFullCredit":false},{"lineNumber":23,"author":{"gitId":"CloudKai"},"content":"java -classpath ../bin KaiM \u003c input.txt \u003e ACTUAL.TXT","lastModifiedDate":"2025-01-24","isFullCredit":false},{"lineNumber":24,"author":{"gitId":"-"},"content":"","lastModifiedDate":"2020-05-25","isFullCredit":false},{"lineNumber":25,"author":{"gitId":"-"},"content":"# compare the output to the expected output","lastModifiedDate":"2020-05-25","isFullCredit":false},{"lineNumber":26,"author":{"gitId":"CloudKai"},"content":"diff ACTUAL.TXT EXPECTED.TXT","lastModifiedDate":"2025-01-24","isFullCredit":false},{"lineNumber":27,"author":{"gitId":"-"},"content":"if [ $? -eq 0 ]","lastModifiedDate":"2020-05-25","isFullCredit":false},{"lineNumber":28,"author":{"gitId":"-"},"content":"then","lastModifiedDate":"2020-05-25","isFullCredit":false},{"lineNumber":29,"author":{"gitId":"-"},"content":"    echo \"Test result: PASSED\"","lastModifiedDate":"2020-05-25","isFullCredit":false},{"lineNumber":30,"author":{"gitId":"-"},"content":"    exit 0","lastModifiedDate":"2020-05-25","isFullCredit":false},{"lineNumber":31,"author":{"gitId":"-"},"content":"else","lastModifiedDate":"2020-05-25","isFullCredit":false},{"lineNumber":32,"author":{"gitId":"-"},"content":"    echo \"Test result: FAILED\"","lastModifiedDate":"2020-05-25","isFullCredit":false},{"lineNumber":33,"author":{"gitId":"-"},"content":"    exit 1","lastModifiedDate":"2020-05-25","isFullCredit":false},{"lineNumber":34,"author":{"gitId":"-"},"content":"fi","lastModifiedDate":"2020-05-25","isFullCredit":false}],"authorContributionMap":{"CloudKai":2,"-":32}}]
