{"authorDailyContributionsMap":{"Rae2480":[{"date":"2025-01-23","commitResults":[{"hash":"516dfce47d4fb8d3ec3ef5807c1c91076af90bdc","isMergeCommit":false,"messageTitle":"Implement initial skeletal version of chatbot","messageBody":"Renamed chatbot from \"Duke\" to \"Viktor\".\nAdded a basic greeting as per requirements.\n","tags":["Level-0"],"fileTypesAndContributionMap":{"java":{"insertions":0,"deletions":10},"bat":{"insertions":1,"deletions":1},"sh":{"insertions":1,"deletions":1},"md":{"insertions":4,"deletions":4}}},{"hash":"de16436a524d2025513f23bb1ae4c64065928817","isMergeCommit":false,"messageTitle":"Implement echo and exit functions","messageBody":"","fileTypesAndContributionMap":{"java":{"insertions":37,"deletions":0}}},{"hash":"f0d870f50f4496a6cde8bd18130aa75fbe60b634","isMergeCommit":false,"messageTitle":"Add customizations \u0026 credit AI","messageBody":"Both display and responses are now different from DUKE.\nResponses are not randomized from a range of responses.\nObservations wrt AI use recorded\n","tags":["Level-1"],"fileTypesAndContributionMap":{"java":{"insertions":34,"deletions":22}}},{"hash":"16e67066b8c184e8f122db8364062ff82d0eedc0","isMergeCommit":false,"messageTitle":"Add storing in list \u0026 display function","messageBody":"","tags":["Level-2"],"fileTypesAndContributionMap":{"java":{"insertions":20,"deletions":9}}},{"hash":"7193fe18fd3905ef218d09596a25c3b6f3d14a3d","isMergeCommit":false,"messageTitle":"Add list command","messageBody":"","fileTypesAndContributionMap":{"java":{"insertions":10,"deletions":8}}},{"hash":"62188f7b3f08017c8c3599261db0a1f866fabfa0","isMergeCommit":false,"messageTitle":"Add Task class; implement mark and unmark commands","messageBody":"","tags":["Level-3"],"fileTypesAndContributionMap":{"java":{"insertions":48,"deletions":7}}}]},{"date":"2025-01-24","commitResults":[{"hash":"e297c9a91da7b2bd33fac76fe76888e845b169a6","isMergeCommit":false,"messageTitle":"Create child classes of Task; refactor Viktor class","messageBody":"","tags":["Level-4"],"fileTypesAndContributionMap":{"java":{"insertions":83,"deletions":3}}},{"hash":"f1192b6cd6bceab847cf8d7e19171004d014c75f","isMergeCommit":false,"messageTitle":"Semi-automate testing; Handle errors","messageBody":"","tags":["Level-5","A-TextUiTesting"],"fileTypesAndContributionMap":{"txt":{"insertions":8,"deletions":0},"java":{"insertions":81,"deletions":42},"bat":{"insertions":2,"deletions":2},"sh":{"insertions":2,"deletions":2}}},{"hash":"721ec61d09cb0c0ab465056770aadbdd4098111a","isMergeCommit":false,"messageTitle":"Add delete command","messageBody":"","tags":["Level-6"],"fileTypesAndContributionMap":{"java":{"insertions":23,"deletions":6}}}]}]},"authorFileTypeContributionMap":{"Rae2480":{"java":239,"md":4,"fxml":0,"sh":2,"bat":2,"gradle":0,"txt":8}},"authorContributionVariance":{"Rae2480":10484.359},"authorDisplayNameMap":{"Rae2480":"CS2103T-W09-4 RAEE..SAIN"}}
