{"authorDailyContributionsMap":{"botosek":[{"date":"2025-01-21","commitResults":[{"hash":"f8adb0064dd84b22be182c1fb1bd0f3eaeef8729","isMergeCommit":false,"messageTitle":"Implement initial skeletal code","messageBody":"","tags":["Level-0"],"fileTypesAndContributionMap":{"java":{"insertions":12,"deletions":10}}},{"hash":"1cc987057ba5cb6b7d685f50b41859346684f571","isMergeCommit":false,"messageTitle":"Include command echoing","messageBody":"","tags":["Level-1"],"fileTypesAndContributionMap":{"java":{"insertions":19,"deletions":5}}},{"hash":"6bcdeb5e3e68207a576c90ad014565df3edf6e1c","isMergeCommit":false,"messageTitle":"Add ability to store text entered by user as tasks and display them back when requested","messageBody":"","tags":["Level-2"],"fileTypesAndContributionMap":{"java":{"insertions":17,"deletions":3}}}]},{"date":"2025-01-22","commitResults":[{"hash":"da9ff2ec6caea550293ef4023aa2d731d905a112","isMergeCommit":false,"messageTitle":"Add ability to mark and unmark tasks as done and undone respectively","messageBody":"","tags":["Level-3"],"fileTypesAndContributionMap":{"java":{"insertions":62,"deletions":3}}},{"hash":"7c561b5a3b4da8a4571c4c503c3da8a4f6b63eda","isMergeCommit":false,"messageTitle":"Add support to track 3 types of tasks(Todo, Event, Deadline)","messageBody":"","tags":["Level-4"],"fileTypesAndContributionMap":{"java":{"insertions":123,"deletions":43}}}]},{"date":"2025-01-23","commitResults":[{"hash":"9b0d7dae935236d644764b702f4f36274e955baa","isMergeCommit":false,"messageTitle":"Use the input/output redirection technique to semi-automate testing of chatbot","messageBody":"","tags":["A-TextUiTesting"],"fileTypesAndContributionMap":{"txt":{"insertions":18,"deletions":0},"java":{"insertions":1,"deletions":0},"bat":{"insertions":1,"deletions":1},"sh":{"insertions":1,"deletions":1}}},{"hash":"c980fb03b339fafb24fdc235f2b1c2605a72827c","isMergeCommit":false,"messageTitle":"Add error handling for invalid commands and invalid inputs of todo commands","messageBody":"","tags":["Level-5"],"fileTypesAndContributionMap":{"java":{"insertions":45,"deletions":16}}},{"hash":"2364674cec9f3a528a39f2fc110f7e5774918c00","isMergeCommit":false,"messageTitle":"Add support for deleting tasks from the list","messageBody":"","tags":["Level-6"],"fileTypesAndContributionMap":{"java":{"insertions":44,"deletions":26}}}]},{"date":"2025-01-24","commitResults":[{"hash":"a93425a19a7d9c149f1859124bda30d72ae9c52e","isMergeCommit":false,"messageTitle":"Use Java enums for user commands","messageBody":"","tags":["A-Enums"],"fileTypesAndContributionMap":{"java":{"insertions":97,"deletions":65}}}]},{"date":"2025-01-28","commitResults":[{"hash":"984f2e7d42967320e807d04948225d420a99f719","isMergeCommit":false,"messageTitle":"Add support for saving task list to hard drive","messageBody":"","fileTypesAndContributionMap":{"txt":{"insertions":4,"deletions":0},"java":{"insertions":196,"deletions":49}}},{"hash":"b24445b5474e90096a3d2927b4e03dd6351f3774","isMergeCommit":false,"messageTitle":"Add support for files with corrupted data","messageBody":"","fileTypesAndContributionMap":{"java":{"insertions":1,"deletions":1}}},{"hash":"faeddcb1a4a45c6f712e8a7d0f749aa87aa294ac","isMergeCommit":true,"messageTitle":"Merge branch-Level-7 back to master","messageBody":"","tags":["Level-7"],"fileTypesAndContributionMap":{}}]},{"date":"2025-01-29","commitResults":[{"hash":"cce63b1d31fa97399ceebd373a8e3b0ea4992ef3","isMergeCommit":false,"messageTitle":"Add task datetime functionality","messageBody":"","fileTypesAndContributionMap":{"txt":{"insertions":5,"deletions":3},"java":{"insertions":114,"deletions":46}}},{"hash":"33c00b54240945672eb5c1a4cb5c6f374f8ef580","isMergeCommit":true,"messageTitle":"Merge branch-Level-8 back to master","messageBody":"","tags":["Level-8"],"fileTypesAndContributionMap":{}},{"hash":"87bd4f7c0995c823648c0312c72b6fef54fbe3b4","isMergeCommit":false,"messageTitle":"Modify main code to become more OOP","messageBody":"","fileTypesAndContributionMap":{"txt":{"insertions":5,"deletions":5},"java":{"insertions":455,"deletions":270}}},{"hash":"84ac656e0b7078f1b1aed86d344f260838e0a4c8","isMergeCommit":false,"messageTitle":"Modify Storage code to be more OOP","messageBody":"","fileTypesAndContributionMap":{"java":{"insertions":1,"deletions":1}}},{"hash":"9ed07f06b67c254cd2f8a8942aa135d46188d65b","isMergeCommit":true,"messageTitle":"Merge branch-A-moreOOP back to master","messageBody":"","tags":["A-MoreOOP"],"fileTypesAndContributionMap":{}}]},{"date":"2025-01-30","commitResults":[{"hash":"af9b1f82b447e67676ce62116f7bc3932211c530","isMergeCommit":false,"messageTitle":"Order class files into packages","messageBody":"","fileTypesAndContributionMap":{"java":{"insertions":40,"deletions":19}}},{"hash":"88c51b6fda4f5dc0fc65f2c255c0c67c508dc189","isMergeCommit":true,"messageTitle":"Merge A-packages back to master","messageBody":"","tags":["A-Packages"],"fileTypesAndContributionMap":{}}]}]},"authorFileTypeContributionMap":{"botosek":{"java":680,"md":0,"fxml":0,"sh":1,"bat":1,"gradle":0,"txt":24}},"authorContributionVariance":{"botosek":39717.19},"authorDisplayNameMap":{"botosek":"CS2103-F09-2 SEAN..KIAT"}}
