{"authorDailyContributionsMap":{"botosek":[{"date":"2025-01-21","commitResults":[{"hash":"f8adb0064dd84b22be182c1fb1bd0f3eaeef8729","isMergeCommit":false,"messageTitle":"Implement initial skeletal code","messageBody":"","tags":["Level-0"],"fileTypesAndContributionMap":{"java":{"insertions":12,"deletions":10}}},{"hash":"1cc987057ba5cb6b7d685f50b41859346684f571","isMergeCommit":false,"messageTitle":"Include command echoing","messageBody":"","tags":["Level-1"],"fileTypesAndContributionMap":{"java":{"insertions":19,"deletions":5}}},{"hash":"6bcdeb5e3e68207a576c90ad014565df3edf6e1c","isMergeCommit":false,"messageTitle":"Add ability to store text entered by user as tasks and display them back when requested","messageBody":"","tags":["Level-2"],"fileTypesAndContributionMap":{"java":{"insertions":17,"deletions":3}}}]},{"date":"2025-01-22","commitResults":[{"hash":"da9ff2ec6caea550293ef4023aa2d731d905a112","isMergeCommit":false,"messageTitle":"Add ability to mark and unmark tasks as done and undone respectively","messageBody":"","tags":["Level-3"],"fileTypesAndContributionMap":{"java":{"insertions":62,"deletions":3}}},{"hash":"7c561b5a3b4da8a4571c4c503c3da8a4f6b63eda","isMergeCommit":false,"messageTitle":"Add support to track 3 types of tasks(Todo, Event, Deadline)","messageBody":"","tags":["Level-4"],"fileTypesAndContributionMap":{"java":{"insertions":123,"deletions":43}}}]},{"date":"2025-01-23","commitResults":[{"hash":"9b0d7dae935236d644764b702f4f36274e955baa","isMergeCommit":false,"messageTitle":"Use the input/output redirection technique to semi-automate testing of chatbot","messageBody":"","tags":["A-TextUiTesting"],"fileTypesAndContributionMap":{"txt":{"insertions":18,"deletions":0},"java":{"insertions":1,"deletions":0},"bat":{"insertions":1,"deletions":1},"sh":{"insertions":1,"deletions":1}}},{"hash":"c980fb03b339fafb24fdc235f2b1c2605a72827c","isMergeCommit":false,"messageTitle":"Add error handling for invalid commands and invalid inputs of todo commands","messageBody":"","tags":["Level-5"],"fileTypesAndContributionMap":{"java":{"insertions":45,"deletions":16}}},{"hash":"2364674cec9f3a528a39f2fc110f7e5774918c00","isMergeCommit":false,"messageTitle":"Add support for deleting tasks from the list","messageBody":"","tags":["Level-6"],"fileTypesAndContributionMap":{"java":{"insertions":44,"deletions":26}}}]},{"date":"2025-01-24","commitResults":[{"hash":"a93425a19a7d9c149f1859124bda30d72ae9c52e","isMergeCommit":false,"messageTitle":"Use Java enums for user commands","messageBody":"","tags":["A-Enums"],"fileTypesAndContributionMap":{"java":{"insertions":97,"deletions":65}}}]}]},"authorFileTypeContributionMap":{"botosek":{"java":259,"md":0,"fxml":0,"sh":1,"bat":1,"gradle":0,"txt":18}},"authorContributionVariance":{"botosek":7588.2344},"authorDisplayNameMap":{"botosek":"SEAN..KIAT"}}
