{"authorDailyContributionsMap":{"Jeremiah33-3":[{"date":"2025-01-21","commitResults":[{"hash":"911786102293c81c475a92126b7cc5551ad2c21a","isMergeCommit":false,"messageTitle":"Add greetUser() to HeyJudy","messageBody":"","tags":["Level-0"],"fileTypesAndContributionMap":{"java":{"insertions":46,"deletions":10},"bat":{"insertions":1,"deletions":1},"md":{"insertions":3,"deletions":3}}},{"hash":"f95acdada8a078b256b302abf09e98ec420effe2","isMergeCommit":false,"messageTitle":"Add echoCommand() to HeyJudy","messageBody":"","tags":["Level-1"],"fileTypesAndContributionMap":{"java":{"insertions":1,"deletions":1}}},{"hash":"adc67aee568b19747ad43987154a82d4d7e870de","isMergeCommit":false,"messageTitle":"Add the functionality to add to-do task to a list and then list it.","messageBody":"","tags":["Level-2"],"fileTypesAndContributionMap":{"java":{"insertions":28,"deletions":8}}}]},{"date":"2025-01-22","commitResults":[{"hash":"ec1b28866e3499c5936081c8805178b6ca053cd8","isMergeCommit":false,"messageTitle":"New class: add Task.java to represent class HeyJudy.java: update static methods and add markTask to facilitate marking and unmarking of class","messageBody":"Task is not being represented as a class\nTask should have its own class to utilise OOP principles.\nCreate a new class for Task so that task can store its own attributes and information, to allow data and data opeation.\n","tags":["Level-3","A-Classes"],"fileTypesAndContributionMap":{"java":{"insertions":75,"deletions":5}}},{"hash":"538bb7835d602fca29777ea165fbf736c0ecbc31","isMergeCommit":false,"messageTitle":"Add derived classes of Task","messageBody":"Represent the task as a single Task class.\nCannot support for different types of tasks that have slightly different behaviours\nDeclare subclasses to Task so differentiate.\n","tags":["Level-4","A-Inheritance"],"fileTypesAndContributionMap":{"java":{"insertions":98,"deletions":16}}},{"hash":"da8220705a4afbb68580d5026cf80cf36c22aa96","isMergeCommit":false,"messageTitle":"Add error handling logic and fix bugs in ToDo.java","messageBody":"","tags":["Level-5"],"fileTypesAndContributionMap":{"java":{"insertions":15,"deletions":9}}}]},{"date":"2025-01-23","commitResults":[{"hash":"0ebf3675ea1b034846cc2e4390b6acc0f1a81f8f","isMergeCommit":false,"messageTitle":"Add the ability to delete task for users","messageBody":"Users cannot delete task yet\nThey should be able to as a user story.\nChange collection of containing list of tasks to ArrayList for ease of delete and insert.\n","tags":["Level-6","A-Collections"],"fileTypesAndContributionMap":{"java":{"insertions":60,"deletions":21}}}]},{"date":"2025-01-24","commitResults":[{"hash":"e7ea1c61179e4e80bf42bcf50b626744454cf60a","isMergeCommit":false,"messageTitle":"Add automated text ui testing function","messageBody":"","tags":["A-TextUiTesting"],"fileTypesAndContributionMap":{"txt":{"insertions":11,"deletions":0},"java":{"insertions":5,"deletions":5},"bat":{"insertions":19,"deletions":4}}}]},{"date":"2025-01-30","commitResults":[{"hash":"cc17286f37e8c7ba24b497258681816c50e2e82a","isMergeCommit":false,"messageTitle":"Add FileManager to save task list.","messageBody":"","fileTypesAndContributionMap":{"java":{"insertions":112,"deletions":0}}},{"hash":"62f79eb032ff64d232cd4b90c41de3d401fefb53","isMergeCommit":true,"messageTitle":"Merge branch \u0027branch-Level-7\u0027","messageBody":"","tags":["Level-7"],"fileTypesAndContributionMap":{}}]}]},"authorFileTypeContributionMap":{"Jeremiah33-3":{"java":375,"md":3,"fxml":0,"sh":0,"bat":19,"gradle":0,"txt":11}},"authorContributionVariance":{"Jeremiah33-3":3056.916},"authorDisplayNameMap":{"Jeremiah33-3":"CS2103-F09-4 WEI ..NYUE"}}
