{"authorDailyContributionsMap":{"zedonggg":[{"date":"2025-01-23","commitResults":[{"hash":"64c7b3889ccae7f05c109203fd965ca73b8ccde2","isMergeCommit":false,"messageTitle":"Level-0","messageBody":"","tags":["Level-0"],"fileTypesAndContributionMap":{"java":{"insertions":16,"deletions":10}}},{"hash":"998628a6bbc9068b938c3482024dea51cd7139f4","isMergeCommit":false,"messageTitle":"Level-1","messageBody":"","tags":["Level-1"],"fileTypesAndContributionMap":{"java":{"insertions":21,"deletions":2}}}]},{"date":"2025-01-24","commitResults":[{"hash":"53d4c4308f8a32745cd71b20b9e625ad5d4add06","isMergeCommit":false,"messageTitle":"Level-2","messageBody":"","tags":["Level-2"],"fileTypesAndContributionMap":{"java":{"insertions":17,"deletions":1}}},{"hash":"1e09a22d5f7db1ef8da3ae60f6c006d5717ec85d","isMergeCommit":false,"messageTitle":"Level-3","messageBody":"","tags":["Level-3"],"fileTypesAndContributionMap":{"java":{"insertions":115,"deletions":30}}},{"hash":"afff64539916b6ba97ad00aa094a66a6176b8071","isMergeCommit":false,"messageTitle":"Level-4","messageBody":"","tags":["Level-4"],"fileTypesAndContributionMap":{"java":{"insertions":109,"deletions":55}}},{"hash":"c33edfd3868c4137ae8f54053ecfab731721c090","isMergeCommit":false,"messageTitle":"A-TextUiTesting","messageBody":"","tags":["A-TextUiTesting"],"fileTypesAndContributionMap":{"txt":{"insertions":5,"deletions":0},"sh":{"insertions":1,"deletions":1}}},{"hash":"c28e54da0bb68bd248cfdbdec6d30995e42d6c2d","isMergeCommit":false,"messageTitle":"Level-5","messageBody":"","tags":["Level-5"],"fileTypesAndContributionMap":{"java":{"insertions":140,"deletions":57}}},{"hash":"1af0527f65aed9732cd3915b8706d758f4df9459","isMergeCommit":false,"messageTitle":"Level-6","messageBody":"","tags":["Level-6"],"fileTypesAndContributionMap":{"java":{"insertions":48,"deletions":14}}}]},{"date":"2025-01-30","commitResults":[{"hash":"27b7b5d0e7ef24075040c3560784db615b38c728","isMergeCommit":false,"messageTitle":"add more oop for task list","messageBody":"","fileTypesAndContributionMap":{"txt":{"insertions":3,"deletions":0},"java":{"insertions":165,"deletions":157}}},{"hash":"a2c72a0cd30d3d74202d7da0d437adefcc1714be","isMergeCommit":false,"messageTitle":"Added autosave and load from txt","messageBody":"","fileTypesAndContributionMap":{"txt":{"insertions":4,"deletions":3},"java":{"insertions":119,"deletions":4}}},{"hash":"cd3502ed8fd3913ffd1286ce6a7d9d4b2bfa1a6c","isMergeCommit":false,"messageTitle":"fix autosave bugs","messageBody":"","fileTypesAndContributionMap":{"txt":{"insertions":1,"deletions":4}}},{"hash":"d6ea74444738441aa3dbddebd27e9d723fa0bc6a","isMergeCommit":false,"messageTitle":"modified README","messageBody":"","fileTypesAndContributionMap":{"md":{"insertions":1,"deletions":1}}},{"hash":"5c9e27e2b0753ae33808a1bef9ddfb41a6db0ee7","isMergeCommit":false,"messageTitle":"add more autosave fixes","messageBody":"","fileTypesAndContributionMap":{"md":{"insertions":1,"deletions":1}}},{"hash":"6d7c2c0fda323f30a848c997d065b6944f9c5ee0","isMergeCommit":true,"messageTitle":"Merge branch \u0027branch-Level-7\u0027","messageBody":"","tags":["Level-7"],"fileTypesAndContributionMap":{}},{"hash":"31ce67b05c7c5c3e9befa3ef4fbd3e91d90b30f0","isMergeCommit":false,"messageTitle":"Add LocalDateTime support to tasks","messageBody":"","fileTypesAndContributionMap":{"txt":{"insertions":3,"deletions":1},"java":{"insertions":114,"deletions":37}}},{"hash":"9ea028bc5e4b156b571f8ad4dc4473cc54682c7b","isMergeCommit":true,"messageTitle":"Merge branch \u0027branch-Level-8\u0027","messageBody":"","tags":["Level-8"],"fileTypesAndContributionMap":{}}]},{"date":"2025-01-31","commitResults":[{"hash":"95c7bf265a89b5f63cd7a2de9dac7da0b5dca0b5","isMergeCommit":false,"messageTitle":"Add OOP for commands and ui","messageBody":"","fileTypesAndContributionMap":{"txt":{"insertions":4,"deletions":2},"java":{"insertions":289,"deletions":148}}},{"hash":"8b125c3b7bd2811888f58539076bc3bcf744ceab","isMergeCommit":true,"messageTitle":"Merge branch \u0027A-MoreOOP\u0027","messageBody":"","tags":["A-MoreOOP"],"fileTypesAndContributionMap":{}},{"hash":"5c0f2e9149559ac36a816d7ae1e1345a361bbf47","isMergeCommit":false,"messageTitle":"Organize into packages","messageBody":"","fileTypesAndContributionMap":{"txt":{"insertions":1,"deletions":0},"java":{"insertions":89,"deletions":26}}},{"hash":"02bebe252b264853c2f1355853f1f4ef489a2178","isMergeCommit":true,"messageTitle":"Merge branch \u0027Feature-Packages\u0027","messageBody":"","tags":["A-Packages"],"fileTypesAndContributionMap":{}},{"hash":"f52d980a44893d05550414f76778d5ff77692495","isMergeCommit":true,"messageTitle":"Merge branch \u0027add-gradle-support\u0027","messageBody":"","tags":["A-Gradle"],"fileTypesAndContributionMap":{}},{"hash":"81e4a774a09ca843741dfa147d0f1465c68df777","isMergeCommit":false,"messageTitle":"Add some JUnit tests for DeleteCommand and DateTimeParser","messageBody":"","tags":["A-JUnit"],"fileTypesAndContributionMap":{"java":{"insertions":297,"deletions":0}}},{"hash":"725e85091b890ff4c5ce1faf54ba39f74a1267ce","isMergeCommit":false,"messageTitle":"Modify gradle config","messageBody":"","tags":["A-Jar"],"fileTypesAndContributionMap":{"gradle":{"insertions":2,"deletions":2}}},{"hash":"cd9b4a027ecbf86c2091e2a3a48f76f1ba5c45c6","isMergeCommit":false,"messageTitle":"Add javadoc header comments","messageBody":"","fileTypesAndContributionMap":{"java":{"insertions":253,"deletions":15}}},{"hash":"622b2ebe81cd74ff28e493424b9bb8bef6e471c4","isMergeCommit":false,"messageTitle":"Fix styling errors","messageBody":"","fileTypesAndContributionMap":{"java":{"insertions":25,"deletions":25}}},{"hash":"1388f58e661ae8b5108692dd8cf68551c7931bf4","isMergeCommit":false,"messageTitle":"Add support for searching tasks","messageBody":"","fileTypesAndContributionMap":{"java":{"insertions":43,"deletions":2}}},{"hash":"921e1a136583d3b7402898b884482078cf308759","isMergeCommit":true,"messageTitle":"Merge Javadoc branch","messageBody":"","tags":["A-JavaDoc"],"fileTypesAndContributionMap":{}},{"hash":"8dc299b00719073afb65190d88c89b26f8870e01","isMergeCommit":true,"messageTitle":"Merge branch \u0027branch-A-CodingStandard\u0027","messageBody":"","tags":["Level-9","A-CodingStandard"],"fileTypesAndContributionMap":{}}]},{"date":"2025-02-06","commitResults":[{"hash":"da1bfce9f7fd89ffc105766c9c97bee727eba4fb","isMergeCommit":false,"messageTitle":"Add gradle checkstyle support","messageBody":"","tags":["A-CheckStyle"],"fileTypesAndContributionMap":{"gradle":{"insertions":5,"deletions":0}}}]},{"date":"2025-02-07","commitResults":[{"hash":"a5ef2bd96f51ad6094bd8b319add2edd38bdc66f","isMergeCommit":false,"messageTitle":"Add JavaFX Gui support","messageBody":"","fileTypesAndContributionMap":{"gradle":{"insertions":15,"deletions":1},"txt":{"insertions":2,"deletions":2},"fxml":{"insertions":68,"deletions":0},"java":{"insertions":239,"deletions":57}}},{"hash":"0ae3dfe421e13b5854514466ef56fcbd0df7233f","isMergeCommit":true,"messageTitle":"Merge branch \u0027branch-Level-10\u0027","messageBody":"","tags":["Level-10"],"fileTypesAndContributionMap":{}}]},{"date":"2025-02-15","commitResults":[{"hash":"966fb0a7fe46e067e6dc0a0b1e79cd1ce0f6398c","isMergeCommit":false,"messageTitle":"feat(commands) : add assertions to ensure valid inputs","messageBody":"Added assertions within the Commands and DateParser objects to ensure valid inputs are passed before execution. This helps prevent runtime errors and improves stability.\n","tags":["A-FullCommitMessage"],"fileTypesAndContributionMap":{"txt":{"insertions":1,"deletions":1},"java":{"insertions":6,"deletions":0}}},{"hash":"4fd506a6f33bacc0ded657732b04f0d8a9f1a20b","isMergeCommit":false,"messageTitle":"Refactor code quality","messageBody":"Changed wildcard imports to individual packages and cleaned up redundant code lines.\n","fileTypesAndContributionMap":{"txt":{"insertions":2,"deletions":1},"java":{"insertions":55,"deletions":80}}},{"hash":"24716305115dab1056ae81aea7fb885246a57fd5","isMergeCommit":true,"messageTitle":"Merge pull request #2 from zedonggg/branch-A-Assertions","messageBody":"Add assertions to ensure valid inputs","tags":["A-Assertions"],"fileTypesAndContributionMap":{}},{"hash":"2838a3695251ba2187f4cb36762698115945aa30","isMergeCommit":true,"messageTitle":"Merge branch \u0027branch-A-CodeQuality\u0027","messageBody":"","fileTypesAndContributionMap":{}},{"hash":"face32d2e4d77db12eb2ebdef6ea1d2db913990b","isMergeCommit":true,"messageTitle":"Merge pull request #3 from zedonggg/branch-A-CodeQuality","messageBody":"Refactor code quality","fileTypesAndContributionMap":{}}]},{"date":"2025-02-16","commitResults":[{"hash":"d1a8b7262bfc5c9b9120647aa664e7999ca7a0df","isMergeCommit":false,"messageTitle":"Add view schedule by date","messageBody":"Added the ability to view deadlines and event on a given date, sorted chronologically. Usage: findbydate DD/MM/YYYY\n","fileTypesAndContributionMap":{"txt":{"insertions":4,"deletions":5},"java":{"insertions":80,"deletions":0}}},{"hash":"4d8329f768b0b3bb3f247e12c4b6d31f3a1dd1e4","isMergeCommit":true,"messageTitle":"Merge branch \u0027branch-B-ViewSchedules\u0027","messageBody":"","fileTypesAndContributionMap":{}}]}]},"authorFileTypeContributionMap":{"zedonggg":{"java":1529,"md":1,"fxml":68,"sh":1,"bat":0,"gradle":21,"txt":11}},"authorContributionVariance":{"zedonggg":56722.53},"authorDisplayNameMap":{"zedonggg":"CS2103T-W09-4 SUN ..DONG"}}
