[{"path":"src/main/java/Deadline.java","fileType":"java","lines":[{"lineNumber":1,"author":{"gitId":"nicholasdaijh"},"content":"public class Deadline extends Task {","lastModifiedDate":"2025-01-22","isFullCredit":false},{"lineNumber":2,"author":{"gitId":"nicholasdaijh"},"content":"","lastModifiedDate":"2025-01-22","isFullCredit":false},{"lineNumber":3,"author":{"gitId":"nicholasdaijh"},"content":"    private String by;","lastModifiedDate":"2025-01-22","isFullCredit":false},{"lineNumber":4,"author":{"gitId":"nicholasdaijh"},"content":"","lastModifiedDate":"2025-01-22","isFullCredit":false},{"lineNumber":5,"author":{"gitId":"nicholasdaijh"},"content":"    public Deadline(String description, String by) {","lastModifiedDate":"2025-01-22","isFullCredit":false},{"lineNumber":6,"author":{"gitId":"nicholasdaijh"},"content":"        super(description);","lastModifiedDate":"2025-01-22","isFullCredit":false},{"lineNumber":7,"author":{"gitId":"nicholasdaijh"},"content":"        this.by \u003d by;","lastModifiedDate":"2025-01-22","isFullCredit":false},{"lineNumber":8,"author":{"gitId":"nicholasdaijh"},"content":"    }","lastModifiedDate":"2025-01-22","isFullCredit":false},{"lineNumber":9,"author":{"gitId":"nicholasdaijh"},"content":"","lastModifiedDate":"2025-01-22","isFullCredit":false},{"lineNumber":10,"author":{"gitId":"nicholasdaijh"},"content":"    @Override","lastModifiedDate":"2025-01-22","isFullCredit":false},{"lineNumber":11,"author":{"gitId":"nicholasdaijh"},"content":"    public String toString() {","lastModifiedDate":"2025-01-22","isFullCredit":false},{"lineNumber":12,"author":{"gitId":"nicholasdaijh"},"content":"        return \"[D]\" + \"[\" + super.getStatusIcon() + \"] \" + super.getDescription() + \" (by: \" + by + \")\";","lastModifiedDate":"2025-01-22","isFullCredit":false},{"lineNumber":13,"author":{"gitId":"nicholasdaijh"},"content":"    }","lastModifiedDate":"2025-01-22","isFullCredit":false},{"lineNumber":14,"author":{"gitId":"nicholasdaijh"},"content":"}","lastModifiedDate":"2025-01-22","isFullCredit":false}],"authorContributionMap":{"nicholasdaijh":14}},{"path":"src/main/java/DukeException.java","fileType":"java","lines":[{"lineNumber":1,"author":{"gitId":"nicholasdaijh"},"content":"public class DukeException extends Exception {","lastModifiedDate":"2025-01-24","isFullCredit":false},{"lineNumber":2,"author":{"gitId":"nicholasdaijh"},"content":"    public DukeException(String message) {","lastModifiedDate":"2025-01-24","isFullCredit":false},{"lineNumber":3,"author":{"gitId":"nicholasdaijh"},"content":"        super(message);","lastModifiedDate":"2025-01-24","isFullCredit":false},{"lineNumber":4,"author":{"gitId":"nicholasdaijh"},"content":"    }","lastModifiedDate":"2025-01-24","isFullCredit":false},{"lineNumber":5,"author":{"gitId":"nicholasdaijh"},"content":"}","lastModifiedDate":"2025-01-24","isFullCredit":false}],"authorContributionMap":{"nicholasdaijh":5}},{"path":"src/main/java/EmptyDescriptionException.java","fileType":"java","lines":[{"lineNumber":1,"author":{"gitId":"nicholasdaijh"},"content":"public class EmptyDescriptionException extends DukeException{","lastModifiedDate":"2025-01-24","isFullCredit":false},{"lineNumber":2,"author":{"gitId":"nicholasdaijh"},"content":"    public EmptyDescriptionException(String task) {","lastModifiedDate":"2025-01-24","isFullCredit":false},{"lineNumber":3,"author":{"gitId":"nicholasdaijh"},"content":"        super(\"OOPS!!! The description of a \" + task + \" cannot be empty.\");","lastModifiedDate":"2025-01-24","isFullCredit":false},{"lineNumber":4,"author":{"gitId":"nicholasdaijh"},"content":"    }","lastModifiedDate":"2025-01-24","isFullCredit":false},{"lineNumber":5,"author":{"gitId":"nicholasdaijh"},"content":"}","lastModifiedDate":"2025-01-24","isFullCredit":false}],"authorContributionMap":{"nicholasdaijh":5}},{"path":"src/main/java/EmptyDescriptionValidator.java","fileType":"java","lines":[{"lineNumber":1,"author":{"gitId":"nicholasdaijh"},"content":"public class EmptyDescriptionValidator {","lastModifiedDate":"2025-01-24","isFullCredit":false},{"lineNumber":2,"author":{"gitId":"nicholasdaijh"},"content":"    // Method to validate the string","lastModifiedDate":"2025-01-24","isFullCredit":false},{"lineNumber":3,"author":{"gitId":"nicholasdaijh"},"content":"    public static void validateEmptyDescription(String taskDescription, String task) throws EmptyDescriptionException {","lastModifiedDate":"2025-01-24","isFullCredit":false},{"lineNumber":4,"author":{"gitId":"nicholasdaijh"},"content":"        if (taskDescription \u003d\u003d null || taskDescription.trim().isEmpty()) {","lastModifiedDate":"2025-01-24","isFullCredit":false},{"lineNumber":5,"author":{"gitId":"nicholasdaijh"},"content":"            throw new EmptyDescriptionException(task);","lastModifiedDate":"2025-01-24","isFullCredit":false},{"lineNumber":6,"author":{"gitId":"nicholasdaijh"},"content":"        }","lastModifiedDate":"2025-01-24","isFullCredit":false},{"lineNumber":7,"author":{"gitId":"nicholasdaijh"},"content":"    }","lastModifiedDate":"2025-01-24","isFullCredit":false},{"lineNumber":8,"author":{"gitId":"nicholasdaijh"},"content":"}","lastModifiedDate":"2025-01-24","isFullCredit":false}],"authorContributionMap":{"nicholasdaijh":8}},{"path":"src/main/java/Event.java","fileType":"java","lines":[{"lineNumber":1,"author":{"gitId":"nicholasdaijh"},"content":"public class Event extends Task {","lastModifiedDate":"2025-01-22","isFullCredit":false},{"lineNumber":2,"author":{"gitId":"nicholasdaijh"},"content":"","lastModifiedDate":"2025-01-22","isFullCredit":false},{"lineNumber":3,"author":{"gitId":"nicholasdaijh"},"content":"    private String from;","lastModifiedDate":"2025-01-22","isFullCredit":false},{"lineNumber":4,"author":{"gitId":"nicholasdaijh"},"content":"    private String to;","lastModifiedDate":"2025-01-22","isFullCredit":false},{"lineNumber":5,"author":{"gitId":"nicholasdaijh"},"content":"","lastModifiedDate":"2025-01-22","isFullCredit":false},{"lineNumber":6,"author":{"gitId":"nicholasdaijh"},"content":"    public Event(String description, String from, String to) {","lastModifiedDate":"2025-01-22","isFullCredit":false},{"lineNumber":7,"author":{"gitId":"nicholasdaijh"},"content":"        super(description);","lastModifiedDate":"2025-01-22","isFullCredit":false},{"lineNumber":8,"author":{"gitId":"nicholasdaijh"},"content":"        this.from \u003d from;","lastModifiedDate":"2025-01-22","isFullCredit":false},{"lineNumber":9,"author":{"gitId":"nicholasdaijh"},"content":"        this.to \u003d to;","lastModifiedDate":"2025-01-22","isFullCredit":false},{"lineNumber":10,"author":{"gitId":"nicholasdaijh"},"content":"    }","lastModifiedDate":"2025-01-22","isFullCredit":false},{"lineNumber":11,"author":{"gitId":"nicholasdaijh"},"content":"","lastModifiedDate":"2025-01-22","isFullCredit":false},{"lineNumber":12,"author":{"gitId":"nicholasdaijh"},"content":"    @Override","lastModifiedDate":"2025-01-22","isFullCredit":false},{"lineNumber":13,"author":{"gitId":"nicholasdaijh"},"content":"    public String toString() {","lastModifiedDate":"2025-01-22","isFullCredit":false},{"lineNumber":14,"author":{"gitId":"nicholasdaijh"},"content":"        return \"[E]\" + \"[\" + super.getStatusIcon() + \"] \" + super.getDescription() + \" (from: \" + from + \" to: \" + to + \")\";","lastModifiedDate":"2025-01-22","isFullCredit":false},{"lineNumber":15,"author":{"gitId":"nicholasdaijh"},"content":"    }","lastModifiedDate":"2025-01-22","isFullCredit":false},{"lineNumber":16,"author":{"gitId":"nicholasdaijh"},"content":"}","lastModifiedDate":"2025-01-22","isFullCredit":false}],"authorContributionMap":{"nicholasdaijh":16}},{"path":"src/main/java/Mark.java","fileType":"java","lines":[{"lineNumber":1,"author":{"gitId":"nicholasdaijh"},"content":"public class Mark {","lastModifiedDate":"2025-01-22","isFullCredit":false},{"lineNumber":2,"author":{"gitId":"nicholasdaijh"},"content":"    private boolean isMark;","lastModifiedDate":"2025-01-22","isFullCredit":false},{"lineNumber":3,"author":{"gitId":"nicholasdaijh"},"content":"    private int taskIndex;","lastModifiedDate":"2025-01-22","isFullCredit":false},{"lineNumber":4,"author":{"gitId":"nicholasdaijh"},"content":"    public Mark(boolean isMark, String description) {","lastModifiedDate":"2025-01-22","isFullCredit":false},{"lineNumber":5,"author":{"gitId":"nicholasdaijh"},"content":"        this.isMark \u003d isMark;","lastModifiedDate":"2025-01-22","isFullCredit":false},{"lineNumber":6,"author":{"gitId":"nicholasdaijh"},"content":"        // Ensure description is not null","lastModifiedDate":"2025-01-22","isFullCredit":false},{"lineNumber":7,"author":{"gitId":"nicholasdaijh"},"content":"        if (description !\u003d null) {","lastModifiedDate":"2025-01-22","isFullCredit":false},{"lineNumber":8,"author":{"gitId":"nicholasdaijh"},"content":"            if (isMark) {","lastModifiedDate":"2025-01-22","isFullCredit":false},{"lineNumber":9,"author":{"gitId":"nicholasdaijh"},"content":"                if (description.length() \u003e\u003d 7) {","lastModifiedDate":"2025-01-22","isFullCredit":false},{"lineNumber":10,"author":{"gitId":"nicholasdaijh"},"content":"                    int numOne \u003d description.charAt(description.length() - 1) - \u00270\u0027; // Last digit","lastModifiedDate":"2025-01-22","isFullCredit":false},{"lineNumber":11,"author":{"gitId":"nicholasdaijh"},"content":"                    int numTwo \u003d description.length() \u003e\u003d 8 ? description.charAt(description.length() - 2) - \u00270\u0027 : 0; // Second-to-last digit","lastModifiedDate":"2025-01-22","isFullCredit":false},{"lineNumber":12,"author":{"gitId":"nicholasdaijh"},"content":"                    taskIndex \u003d numOne + (numTwo * 10);","lastModifiedDate":"2025-01-22","isFullCredit":false},{"lineNumber":13,"author":{"gitId":"nicholasdaijh"},"content":"                } else {","lastModifiedDate":"2025-01-24","isFullCredit":false},{"lineNumber":14,"author":{"gitId":"nicholasdaijh"},"content":"                    taskIndex \u003d description.charAt(description.length() - 1) - \u00270\u0027;","lastModifiedDate":"2025-01-24","isFullCredit":false},{"lineNumber":15,"author":{"gitId":"nicholasdaijh"},"content":"                }","lastModifiedDate":"2025-01-22","isFullCredit":false},{"lineNumber":16,"author":{"gitId":"nicholasdaijh"},"content":"            } else {","lastModifiedDate":"2025-01-22","isFullCredit":false},{"lineNumber":17,"author":{"gitId":"nicholasdaijh"},"content":"                if (description.length() \u003e\u003d 9) {","lastModifiedDate":"2025-01-22","isFullCredit":false},{"lineNumber":18,"author":{"gitId":"nicholasdaijh"},"content":"                    int numOne \u003d description.charAt(description.length() - 1) - \u00270\u0027; // Last digit","lastModifiedDate":"2025-01-22","isFullCredit":false},{"lineNumber":19,"author":{"gitId":"nicholasdaijh"},"content":"                    int numTwo \u003d description.length() \u003e\u003d 10 ? description.charAt(description.length() - 2) - \u00270\u0027 : 0; // Second-to-last digit","lastModifiedDate":"2025-01-22","isFullCredit":false},{"lineNumber":20,"author":{"gitId":"nicholasdaijh"},"content":"                    taskIndex \u003d numOne + (numTwo * 10);","lastModifiedDate":"2025-01-22","isFullCredit":false},{"lineNumber":21,"author":{"gitId":"nicholasdaijh"},"content":"                } else {","lastModifiedDate":"2025-01-24","isFullCredit":false},{"lineNumber":22,"author":{"gitId":"nicholasdaijh"},"content":"                    taskIndex \u003d description.charAt(description.length() - 1) - \u00270\u0027;","lastModifiedDate":"2025-01-24","isFullCredit":false},{"lineNumber":23,"author":{"gitId":"nicholasdaijh"},"content":"                }","lastModifiedDate":"2025-01-22","isFullCredit":false},{"lineNumber":24,"author":{"gitId":"nicholasdaijh"},"content":"            }","lastModifiedDate":"2025-01-22","isFullCredit":false},{"lineNumber":25,"author":{"gitId":"nicholasdaijh"},"content":"        } else {","lastModifiedDate":"2025-01-22","isFullCredit":false},{"lineNumber":26,"author":{"gitId":"nicholasdaijh"},"content":"            System.out.println(\"Description cannot be null.\");","lastModifiedDate":"2025-01-22","isFullCredit":false},{"lineNumber":27,"author":{"gitId":"nicholasdaijh"},"content":"        }","lastModifiedDate":"2025-01-22","isFullCredit":false},{"lineNumber":28,"author":{"gitId":"nicholasdaijh"},"content":"    }","lastModifiedDate":"2025-01-22","isFullCredit":false},{"lineNumber":29,"author":{"gitId":"nicholasdaijh"},"content":"","lastModifiedDate":"2025-01-22","isFullCredit":false},{"lineNumber":30,"author":{"gitId":"nicholasdaijh"},"content":"    public int getTaskIndex() {","lastModifiedDate":"2025-01-22","isFullCredit":false},{"lineNumber":31,"author":{"gitId":"nicholasdaijh"},"content":"        return this.taskIndex;","lastModifiedDate":"2025-01-22","isFullCredit":false},{"lineNumber":32,"author":{"gitId":"nicholasdaijh"},"content":"    }","lastModifiedDate":"2025-01-22","isFullCredit":false},{"lineNumber":33,"author":{"gitId":"nicholasdaijh"},"content":"","lastModifiedDate":"2025-01-22","isFullCredit":false},{"lineNumber":34,"author":{"gitId":"nicholasdaijh"},"content":"    public boolean isMark() {","lastModifiedDate":"2025-01-22","isFullCredit":false},{"lineNumber":35,"author":{"gitId":"nicholasdaijh"},"content":"        return this.isMark;","lastModifiedDate":"2025-01-22","isFullCredit":false},{"lineNumber":36,"author":{"gitId":"nicholasdaijh"},"content":"    }","lastModifiedDate":"2025-01-22","isFullCredit":false},{"lineNumber":37,"author":{"gitId":"nicholasdaijh"},"content":"}","lastModifiedDate":"2025-01-22","isFullCredit":false}],"authorContributionMap":{"nicholasdaijh":37}},{"path":"src/main/java/Nicholas.java","fileType":"java","lines":[{"lineNumber":1,"author":{"gitId":"nicholasdaijh"},"content":"import java.util.Scanner;","lastModifiedDate":"2025-01-21","isFullCredit":false},{"lineNumber":2,"author":{"gitId":"nicholasdaijh"},"content":"","lastModifiedDate":"2025-01-21","isFullCredit":false},{"lineNumber":3,"author":{"gitId":"nicholasdaijh"},"content":"public class Nicholas {","lastModifiedDate":"2025-01-21","isFullCredit":false},{"lineNumber":4,"author":{"gitId":"nicholasdaijh"},"content":"    public static void main(String[] args) {","lastModifiedDate":"2025-01-21","isFullCredit":false},{"lineNumber":5,"author":{"gitId":"nicholasdaijh"},"content":"        //Store tasks","lastModifiedDate":"2025-01-22","isFullCredit":false},{"lineNumber":6,"author":{"gitId":"nicholasdaijh"},"content":"        Task[] tasks \u003d new Task[100];","lastModifiedDate":"2025-01-22","isFullCredit":false},{"lineNumber":7,"author":{"gitId":"nicholasdaijh"},"content":"        int taskCount \u003d 0;","lastModifiedDate":"2025-01-21","isFullCredit":false},{"lineNumber":8,"author":{"gitId":"nicholasdaijh"},"content":"        System.out.println(\"____________________________________________________________\");","lastModifiedDate":"2025-01-21","isFullCredit":false},{"lineNumber":9,"author":{"gitId":"nicholasdaijh"},"content":"        System.out.println(\"Hello! I\u0027m Nicholas!\");","lastModifiedDate":"2025-01-21","isFullCredit":false},{"lineNumber":10,"author":{"gitId":"nicholasdaijh"},"content":"        System.out.println(\"What can I do for you?\");","lastModifiedDate":"2025-01-21","isFullCredit":false},{"lineNumber":11,"author":{"gitId":"nicholasdaijh"},"content":"        System.out.println(\"____________________________________________________________\\n\");","lastModifiedDate":"2025-01-21","isFullCredit":false},{"lineNumber":12,"author":{"gitId":"nicholasdaijh"},"content":"        //Scanner to receive user\u0027s input","lastModifiedDate":"2025-01-21","isFullCredit":false},{"lineNumber":13,"author":{"gitId":"nicholasdaijh"},"content":"        Scanner scanner \u003d new Scanner(System.in);","lastModifiedDate":"2025-01-21","isFullCredit":false},{"lineNumber":14,"author":{"gitId":"nicholasdaijh"},"content":"        //store user\u0027s input","lastModifiedDate":"2025-01-21","isFullCredit":false},{"lineNumber":15,"author":{"gitId":"nicholasdaijh"},"content":"        String userInput \u003d scanner.nextLine();","lastModifiedDate":"2025-01-21","isFullCredit":false},{"lineNumber":16,"author":{"gitId":"nicholasdaijh"},"content":"        while (!userInput.equalsIgnoreCase(\"bye\")) {","lastModifiedDate":"2025-01-21","isFullCredit":false},{"lineNumber":17,"author":{"gitId":"nicholasdaijh"},"content":"            try {","lastModifiedDate":"2025-01-24","isFullCredit":false},{"lineNumber":18,"author":{"gitId":"nicholasdaijh"},"content":"            //if asked to mark or unmark tasks","lastModifiedDate":"2025-01-22","isFullCredit":false},{"lineNumber":19,"author":{"gitId":"nicholasdaijh"},"content":"            if (userInput.length() \u003e\u003d 4 \u0026\u0026 userInput.substring(0, 4).equalsIgnoreCase(\"mark\")) {","lastModifiedDate":"2025-01-22","isFullCredit":false},{"lineNumber":20,"author":{"gitId":"nicholasdaijh"},"content":"                Mark mark \u003d new Mark(true, userInput);","lastModifiedDate":"2025-01-22","isFullCredit":false},{"lineNumber":21,"author":{"gitId":"nicholasdaijh"},"content":"                int taskIndex \u003d mark.getTaskIndex() - 1;","lastModifiedDate":"2025-01-24","isFullCredit":false},{"lineNumber":22,"author":{"gitId":"nicholasdaijh"},"content":"                tasks[taskIndex].markAsDone();","lastModifiedDate":"2025-01-22","isFullCredit":false},{"lineNumber":23,"author":{"gitId":"nicholasdaijh"},"content":"                System.out.println(\"____________________________________________________________\");","lastModifiedDate":"2025-01-22","isFullCredit":false},{"lineNumber":24,"author":{"gitId":"nicholasdaijh"},"content":"                System.out.println(\"Nice! I\u0027ve marked this task as done:\");","lastModifiedDate":"2025-01-22","isFullCredit":false},{"lineNumber":25,"author":{"gitId":"nicholasdaijh"},"content":"                System.out.println(tasks[taskIndex].toString());","lastModifiedDate":"2025-01-22","isFullCredit":false},{"lineNumber":26,"author":{"gitId":"nicholasdaijh"},"content":"                System.out.println(\"____________________________________________________________\");","lastModifiedDate":"2025-01-22","isFullCredit":false},{"lineNumber":27,"author":{"gitId":"nicholasdaijh"},"content":"                userInput \u003d scanner.nextLine();","lastModifiedDate":"2025-01-22","isFullCredit":false},{"lineNumber":28,"author":{"gitId":"nicholasdaijh"},"content":"                continue;","lastModifiedDate":"2025-01-22","isFullCredit":false},{"lineNumber":29,"author":{"gitId":"nicholasdaijh"},"content":"            }","lastModifiedDate":"2025-01-22","isFullCredit":false},{"lineNumber":30,"author":{"gitId":"nicholasdaijh"},"content":"            if (userInput.length() \u003e\u003d 6 \u0026\u0026 userInput.substring(0, 6).equalsIgnoreCase(\"unmark\")) {","lastModifiedDate":"2025-01-22","isFullCredit":false},{"lineNumber":31,"author":{"gitId":"nicholasdaijh"},"content":"                Mark mark \u003d new Mark(false, userInput);","lastModifiedDate":"2025-01-22","isFullCredit":false},{"lineNumber":32,"author":{"gitId":"nicholasdaijh"},"content":"                int taskIndex \u003d mark.getTaskIndex() - 1;","lastModifiedDate":"2025-01-24","isFullCredit":false},{"lineNumber":33,"author":{"gitId":"nicholasdaijh"},"content":"                tasks[taskIndex].markAsUndone();","lastModifiedDate":"2025-01-24","isFullCredit":false},{"lineNumber":34,"author":{"gitId":"nicholasdaijh"},"content":"                System.out.println(\"____________________________________________________________\");","lastModifiedDate":"2025-01-22","isFullCredit":false},{"lineNumber":35,"author":{"gitId":"nicholasdaijh"},"content":"                System.out.println(\"OK, I\u0027ve marked this task as not done yet:\");","lastModifiedDate":"2025-01-22","isFullCredit":false},{"lineNumber":36,"author":{"gitId":"nicholasdaijh"},"content":"                System.out.println(tasks[taskIndex].toString());","lastModifiedDate":"2025-01-24","isFullCredit":false},{"lineNumber":37,"author":{"gitId":"nicholasdaijh"},"content":"                System.out.println(\"____________________________________________________________\");","lastModifiedDate":"2025-01-22","isFullCredit":false},{"lineNumber":38,"author":{"gitId":"nicholasdaijh"},"content":"                userInput \u003d scanner.nextLine();","lastModifiedDate":"2025-01-22","isFullCredit":false},{"lineNumber":39,"author":{"gitId":"nicholasdaijh"},"content":"                continue;","lastModifiedDate":"2025-01-22","isFullCredit":false},{"lineNumber":40,"author":{"gitId":"nicholasdaijh"},"content":"            }","lastModifiedDate":"2025-01-22","isFullCredit":false},{"lineNumber":41,"author":{"gitId":"nicholasdaijh"},"content":"            //if asked to list out the tasks","lastModifiedDate":"2025-01-22","isFullCredit":false},{"lineNumber":42,"author":{"gitId":"nicholasdaijh"},"content":"            if (userInput.length() \u003e\u003d 4 \u0026\u0026 userInput.equalsIgnoreCase(\"list\")) {","lastModifiedDate":"2025-01-22","isFullCredit":false},{"lineNumber":43,"author":{"gitId":"nicholasdaijh"},"content":"                System.out.println(\"____________________________________________________________\");","lastModifiedDate":"2025-01-21","isFullCredit":false},{"lineNumber":44,"author":{"gitId":"nicholasdaijh"},"content":"                System.out.println(\"Here are the tasks in your list:\");","lastModifiedDate":"2025-01-22","isFullCredit":false},{"lineNumber":45,"author":{"gitId":"nicholasdaijh"},"content":"                for (int i \u003d 0; i \u003c taskCount; i++) {","lastModifiedDate":"2025-01-21","isFullCredit":false},{"lineNumber":46,"author":{"gitId":"nicholasdaijh"},"content":"                    int index \u003d i + 1;","lastModifiedDate":"2025-01-21","isFullCredit":false},{"lineNumber":47,"author":{"gitId":"nicholasdaijh"},"content":"                    System.out.println(index + \".\" + tasks[i].toString());","lastModifiedDate":"2025-01-22","isFullCredit":false},{"lineNumber":48,"author":{"gitId":"nicholasdaijh"},"content":"                }","lastModifiedDate":"2025-01-21","isFullCredit":false},{"lineNumber":49,"author":{"gitId":"nicholasdaijh"},"content":"                System.out.println(\"____________________________________________________________\");","lastModifiedDate":"2025-01-21","isFullCredit":false},{"lineNumber":50,"author":{"gitId":"nicholasdaijh"},"content":"                userInput \u003d scanner.nextLine();","lastModifiedDate":"2025-01-21","isFullCredit":false},{"lineNumber":51,"author":{"gitId":"nicholasdaijh"},"content":"                continue;","lastModifiedDate":"2025-01-21","isFullCredit":false},{"lineNumber":52,"author":{"gitId":"nicholasdaijh"},"content":"            }","lastModifiedDate":"2025-01-21","isFullCredit":false},{"lineNumber":53,"author":{"gitId":"nicholasdaijh"},"content":"            //if asked to delete","lastModifiedDate":"2025-01-24","isFullCredit":false},{"lineNumber":54,"author":{"gitId":"nicholasdaijh"},"content":"            if (userInput.length() \u003e\u003d 6 \u0026\u0026 userInput.substring(0, 6).equalsIgnoreCase(\"delete\")) {","lastModifiedDate":"2025-01-24","isFullCredit":false},{"lineNumber":55,"author":{"gitId":"nicholasdaijh"},"content":"                System.out.println(\"____________________________________________________________\");","lastModifiedDate":"2025-01-24","isFullCredit":false},{"lineNumber":56,"author":{"gitId":"nicholasdaijh"},"content":"                System.out.println(\"Noted. I\u0027ve removed this task:\");","lastModifiedDate":"2025-01-24","isFullCredit":false},{"lineNumber":57,"author":{"gitId":"nicholasdaijh"},"content":"                System.out.println(tasks[Integer.parseInt(userInput.substring(7)) - 1].toString());","lastModifiedDate":"2025-01-24","isFullCredit":false},{"lineNumber":58,"author":{"gitId":"nicholasdaijh"},"content":"                for (int i \u003d Integer.parseInt(userInput.substring(7)); i \u003c taskCount; i++) {","lastModifiedDate":"2025-01-24","isFullCredit":false},{"lineNumber":59,"author":{"gitId":"nicholasdaijh"},"content":"                    tasks[i - 1] \u003d tasks[i];","lastModifiedDate":"2025-01-24","isFullCredit":false},{"lineNumber":60,"author":{"gitId":"nicholasdaijh"},"content":"                }","lastModifiedDate":"2025-01-24","isFullCredit":false},{"lineNumber":61,"author":{"gitId":"nicholasdaijh"},"content":"                tasks[taskCount - 1] \u003d null;","lastModifiedDate":"2025-01-24","isFullCredit":false},{"lineNumber":62,"author":{"gitId":"nicholasdaijh"},"content":"                taskCount--;","lastModifiedDate":"2025-01-24","isFullCredit":false},{"lineNumber":63,"author":{"gitId":"nicholasdaijh"},"content":"                System.out.println(\"Now you have \" + taskCount + \" tasks in the list\");","lastModifiedDate":"2025-01-24","isFullCredit":false},{"lineNumber":64,"author":{"gitId":"nicholasdaijh"},"content":"                System.out.println(\"____________________________________________________________\");","lastModifiedDate":"2025-01-24","isFullCredit":false},{"lineNumber":65,"author":{"gitId":"nicholasdaijh"},"content":"                userInput \u003d scanner.nextLine();","lastModifiedDate":"2025-01-24","isFullCredit":false},{"lineNumber":66,"author":{"gitId":"nicholasdaijh"},"content":"                continue;","lastModifiedDate":"2025-01-24","isFullCredit":false},{"lineNumber":67,"author":{"gitId":"nicholasdaijh"},"content":"            }","lastModifiedDate":"2025-01-24","isFullCredit":false},{"lineNumber":68,"author":{"gitId":"nicholasdaijh"},"content":"            //Add normal task","lastModifiedDate":"2025-01-22","isFullCredit":false},{"lineNumber":69,"author":{"gitId":"nicholasdaijh"},"content":"            //Add Todo","lastModifiedDate":"2025-01-22","isFullCredit":false},{"lineNumber":70,"author":{"gitId":"nicholasdaijh"},"content":"            if (userInput.length() \u003e\u003d 4 \u0026\u0026 userInput.substring(0, 4).equalsIgnoreCase(\"todo\")) {","lastModifiedDate":"2025-01-22","isFullCredit":false},{"lineNumber":71,"author":{"gitId":"nicholasdaijh"},"content":"                Task currTask;","lastModifiedDate":"2025-01-24","isFullCredit":false},{"lineNumber":72,"author":{"gitId":"nicholasdaijh"},"content":"                // check for empty description","lastModifiedDate":"2025-01-24","isFullCredit":false},{"lineNumber":73,"author":{"gitId":"nicholasdaijh"},"content":"                if (userInput.length() \u003d\u003d 4) {","lastModifiedDate":"2025-01-24","isFullCredit":false},{"lineNumber":74,"author":{"gitId":"nicholasdaijh"},"content":"                    currTask \u003d new Todo(\"\");","lastModifiedDate":"2025-01-24","isFullCredit":false},{"lineNumber":75,"author":{"gitId":"nicholasdaijh"},"content":"                } else {","lastModifiedDate":"2025-01-24","isFullCredit":false},{"lineNumber":76,"author":{"gitId":"nicholasdaijh"},"content":"                    currTask \u003d new Todo(userInput.substring(5));","lastModifiedDate":"2025-01-24","isFullCredit":false},{"lineNumber":77,"author":{"gitId":"nicholasdaijh"},"content":"                }","lastModifiedDate":"2025-01-24","isFullCredit":false},{"lineNumber":78,"author":{"gitId":"nicholasdaijh"},"content":"                try {","lastModifiedDate":"2025-01-24","isFullCredit":false},{"lineNumber":79,"author":{"gitId":"nicholasdaijh"},"content":"                    EmptyDescriptionValidator.validateEmptyDescription(currTask.getDescription(), \"todo\");","lastModifiedDate":"2025-01-24","isFullCredit":false},{"lineNumber":80,"author":{"gitId":"nicholasdaijh"},"content":"                    tasks[taskCount] \u003d currTask;","lastModifiedDate":"2025-01-22","isFullCredit":false},{"lineNumber":81,"author":{"gitId":"nicholasdaijh"},"content":"                    taskCount++;","lastModifiedDate":"2025-01-22","isFullCredit":false},{"lineNumber":82,"author":{"gitId":"nicholasdaijh"},"content":"                    System.out.println(\"____________________________________________________________\");","lastModifiedDate":"2025-01-21","isFullCredit":false},{"lineNumber":83,"author":{"gitId":"nicholasdaijh"},"content":"                    System.out.println(\"Got it. I\u0027ve added this task:\");","lastModifiedDate":"2025-01-22","isFullCredit":false},{"lineNumber":84,"author":{"gitId":"nicholasdaijh"},"content":"                    System.out.println(currTask.toString());","lastModifiedDate":"2025-01-22","isFullCredit":false},{"lineNumber":85,"author":{"gitId":"nicholasdaijh"},"content":"                    System.out.println(\"Now you have \" + taskCount + \" tasks in the list\");","lastModifiedDate":"2025-01-22","isFullCredit":false},{"lineNumber":86,"author":{"gitId":"nicholasdaijh"},"content":"                    System.out.println(\"____________________________________________________________\\n\");","lastModifiedDate":"2025-01-21","isFullCredit":false},{"lineNumber":87,"author":{"gitId":"nicholasdaijh"},"content":"                    userInput \u003d scanner.nextLine();","lastModifiedDate":"2025-01-22","isFullCredit":false},{"lineNumber":88,"author":{"gitId":"nicholasdaijh"},"content":"                } catch (EmptyDescriptionException e) {","lastModifiedDate":"2025-01-24","isFullCredit":false},{"lineNumber":89,"author":{"gitId":"nicholasdaijh"},"content":"                    System.out.println(\"____________________________________________________________\");","lastModifiedDate":"2025-01-24","isFullCredit":false},{"lineNumber":90,"author":{"gitId":"nicholasdaijh"},"content":"                    System.out.println(e.getMessage());","lastModifiedDate":"2025-01-24","isFullCredit":false},{"lineNumber":91,"author":{"gitId":"nicholasdaijh"},"content":"                    System.out.println(\"____________________________________________________________\\n\");","lastModifiedDate":"2025-01-24","isFullCredit":false},{"lineNumber":92,"author":{"gitId":"nicholasdaijh"},"content":"                    userInput \u003d scanner.nextLine();","lastModifiedDate":"2025-01-24","isFullCredit":false},{"lineNumber":93,"author":{"gitId":"nicholasdaijh"},"content":"                }","lastModifiedDate":"2025-01-24","isFullCredit":false},{"lineNumber":94,"author":{"gitId":"nicholasdaijh"},"content":"                //Add Dateline","lastModifiedDate":"2025-01-22","isFullCredit":false},{"lineNumber":95,"author":{"gitId":"nicholasdaijh"},"content":"            } else if (userInput.length() \u003e\u003d 8 \u0026\u0026 userInput.substring(0, 8).equalsIgnoreCase(\"deadline\")) {","lastModifiedDate":"2025-01-22","isFullCredit":false},{"lineNumber":96,"author":{"gitId":"nicholasdaijh"},"content":"                Task currTask;","lastModifiedDate":"2025-01-24","isFullCredit":false},{"lineNumber":97,"author":{"gitId":"nicholasdaijh"},"content":"                //check for empty description","lastModifiedDate":"2025-01-24","isFullCredit":false},{"lineNumber":98,"author":{"gitId":"nicholasdaijh"},"content":"                if (userInput.length() \u003d\u003d 8) {","lastModifiedDate":"2025-01-24","isFullCredit":false},{"lineNumber":99,"author":{"gitId":"nicholasdaijh"},"content":"                    currTask \u003d new Event(\"\", \"\", \"\");","lastModifiedDate":"2025-01-24","isFullCredit":false},{"lineNumber":100,"author":{"gitId":"nicholasdaijh"},"content":"                } else if (userInput.length() \u003e 8 \u0026\u0026 userInput.substring(9).trim().isEmpty()) {","lastModifiedDate":"2025-01-24","isFullCredit":false},{"lineNumber":101,"author":{"gitId":"nicholasdaijh"},"content":"                    currTask \u003d new Event(\"\", \"\", \"\");","lastModifiedDate":"2025-01-24","isFullCredit":false},{"lineNumber":102,"author":{"gitId":"nicholasdaijh"},"content":"                } else {","lastModifiedDate":"2025-01-24","isFullCredit":false},{"lineNumber":103,"author":{"gitId":"nicholasdaijh"},"content":"                    int byPosition \u003d userInput.lastIndexOf(\"/by\");","lastModifiedDate":"2025-01-22","isFullCredit":false},{"lineNumber":104,"author":{"gitId":"nicholasdaijh"},"content":"                    currTask \u003d new Deadline(userInput.substring(9, byPosition - 1), userInput.substring(byPosition + 4));","lastModifiedDate":"2025-01-24","isFullCredit":false},{"lineNumber":105,"author":{"gitId":"nicholasdaijh"},"content":"                }","lastModifiedDate":"2025-01-24","isFullCredit":false},{"lineNumber":106,"author":{"gitId":"nicholasdaijh"},"content":"                try {","lastModifiedDate":"2025-01-24","isFullCredit":false},{"lineNumber":107,"author":{"gitId":"nicholasdaijh"},"content":"                    EmptyDescriptionValidator.validateEmptyDescription(currTask.getDescription(), \"deadline\");","lastModifiedDate":"2025-01-24","isFullCredit":false},{"lineNumber":108,"author":{"gitId":"nicholasdaijh"},"content":"                    tasks[taskCount] \u003d currTask;","lastModifiedDate":"2025-01-22","isFullCredit":false},{"lineNumber":109,"author":{"gitId":"nicholasdaijh"},"content":"                    taskCount++;","lastModifiedDate":"2025-01-21","isFullCredit":false},{"lineNumber":110,"author":{"gitId":"nicholasdaijh"},"content":"                    System.out.println(\"____________________________________________________________\");","lastModifiedDate":"2025-01-22","isFullCredit":false},{"lineNumber":111,"author":{"gitId":"nicholasdaijh"},"content":"                    System.out.println(\"Got it. I\u0027ve added this task:\");","lastModifiedDate":"2025-01-22","isFullCredit":false},{"lineNumber":112,"author":{"gitId":"nicholasdaijh"},"content":"                    System.out.println(currTask.toString());","lastModifiedDate":"2025-01-22","isFullCredit":false},{"lineNumber":113,"author":{"gitId":"nicholasdaijh"},"content":"                    System.out.println(\"Now you have \" + taskCount + \" tasks in the list\");","lastModifiedDate":"2025-01-22","isFullCredit":false},{"lineNumber":114,"author":{"gitId":"nicholasdaijh"},"content":"                    System.out.println(\"____________________________________________________________\\n\");","lastModifiedDate":"2025-01-22","isFullCredit":false},{"lineNumber":115,"author":{"gitId":"nicholasdaijh"},"content":"                    userInput \u003d scanner.nextLine();","lastModifiedDate":"2025-01-22","isFullCredit":false},{"lineNumber":116,"author":{"gitId":"nicholasdaijh"},"content":"                } catch (EmptyDescriptionException e) {","lastModifiedDate":"2025-01-24","isFullCredit":false},{"lineNumber":117,"author":{"gitId":"nicholasdaijh"},"content":"                    System.out.println(\"____________________________________________________________\");","lastModifiedDate":"2025-01-24","isFullCredit":false},{"lineNumber":118,"author":{"gitId":"nicholasdaijh"},"content":"                    System.out.println(e.getMessage());","lastModifiedDate":"2025-01-24","isFullCredit":false},{"lineNumber":119,"author":{"gitId":"nicholasdaijh"},"content":"                    System.out.println(\"____________________________________________________________\\n\");","lastModifiedDate":"2025-01-24","isFullCredit":false},{"lineNumber":120,"author":{"gitId":"nicholasdaijh"},"content":"                    userInput \u003d scanner.nextLine();","lastModifiedDate":"2025-01-24","isFullCredit":false},{"lineNumber":121,"author":{"gitId":"nicholasdaijh"},"content":"                }","lastModifiedDate":"2025-01-24","isFullCredit":false},{"lineNumber":122,"author":{"gitId":"nicholasdaijh"},"content":"                //Add Event","lastModifiedDate":"2025-01-22","isFullCredit":false},{"lineNumber":123,"author":{"gitId":"nicholasdaijh"},"content":"            } else if (userInput.length() \u003e\u003d 5 \u0026\u0026 userInput.substring(0, 5).equalsIgnoreCase(\"event\")) {","lastModifiedDate":"2025-01-22","isFullCredit":false},{"lineNumber":124,"author":{"gitId":"nicholasdaijh"},"content":"                Task currTask;","lastModifiedDate":"2025-01-24","isFullCredit":false},{"lineNumber":125,"author":{"gitId":"nicholasdaijh"},"content":"                //check for empty description","lastModifiedDate":"2025-01-24","isFullCredit":false},{"lineNumber":126,"author":{"gitId":"nicholasdaijh"},"content":"                if (userInput.length() \u003d\u003d 5) {","lastModifiedDate":"2025-01-24","isFullCredit":false},{"lineNumber":127,"author":{"gitId":"nicholasdaijh"},"content":"                    currTask \u003d new Event(\"\", \"\", \"\");","lastModifiedDate":"2025-01-24","isFullCredit":false},{"lineNumber":128,"author":{"gitId":"nicholasdaijh"},"content":"                } else if (userInput.length() \u003e 5 \u0026\u0026 userInput.substring(6).trim().isEmpty()) {","lastModifiedDate":"2025-01-24","isFullCredit":false},{"lineNumber":129,"author":{"gitId":"nicholasdaijh"},"content":"                    currTask \u003d new Event(\"\", \"\", \"\");","lastModifiedDate":"2025-01-24","isFullCredit":false},{"lineNumber":130,"author":{"gitId":"nicholasdaijh"},"content":"                } else {","lastModifiedDate":"2025-01-24","isFullCredit":false},{"lineNumber":131,"author":{"gitId":"nicholasdaijh"},"content":"                    int fromPosition \u003d userInput.lastIndexOf(\"/from\");","lastModifiedDate":"2025-01-22","isFullCredit":false},{"lineNumber":132,"author":{"gitId":"nicholasdaijh"},"content":"                    int toPosition \u003d userInput.lastIndexOf(\"/to\");","lastModifiedDate":"2025-01-22","isFullCredit":false},{"lineNumber":133,"author":{"gitId":"nicholasdaijh"},"content":"                    currTask \u003d new Event(userInput.substring(6, fromPosition - 1), userInput.substring(fromPosition + 6, toPosition - 1), userInput.substring(toPosition + 4));","lastModifiedDate":"2025-01-24","isFullCredit":false},{"lineNumber":134,"author":{"gitId":"nicholasdaijh"},"content":"                }","lastModifiedDate":"2025-01-24","isFullCredit":false},{"lineNumber":135,"author":{"gitId":"nicholasdaijh"},"content":"                try {","lastModifiedDate":"2025-01-24","isFullCredit":false},{"lineNumber":136,"author":{"gitId":"nicholasdaijh"},"content":"                    EmptyDescriptionValidator.validateEmptyDescription(currTask.getDescription(), \"event\");","lastModifiedDate":"2025-01-24","isFullCredit":false},{"lineNumber":137,"author":{"gitId":"nicholasdaijh"},"content":"                    tasks[taskCount] \u003d currTask;","lastModifiedDate":"2025-01-22","isFullCredit":false},{"lineNumber":138,"author":{"gitId":"nicholasdaijh"},"content":"                    taskCount++;","lastModifiedDate":"2025-01-22","isFullCredit":false},{"lineNumber":139,"author":{"gitId":"nicholasdaijh"},"content":"                    System.out.println(\"____________________________________________________________\");","lastModifiedDate":"2025-01-22","isFullCredit":false},{"lineNumber":140,"author":{"gitId":"nicholasdaijh"},"content":"                    System.out.println(\"Got it. I\u0027ve added this task:\");","lastModifiedDate":"2025-01-22","isFullCredit":false},{"lineNumber":141,"author":{"gitId":"nicholasdaijh"},"content":"                    System.out.println(currTask.toString());","lastModifiedDate":"2025-01-22","isFullCredit":false},{"lineNumber":142,"author":{"gitId":"nicholasdaijh"},"content":"                    System.out.println(\"Now you have \" + taskCount + \" tasks in the list\");","lastModifiedDate":"2025-01-22","isFullCredit":false},{"lineNumber":143,"author":{"gitId":"nicholasdaijh"},"content":"                    System.out.println(\"____________________________________________________________\\n\");","lastModifiedDate":"2025-01-22","isFullCredit":false},{"lineNumber":144,"author":{"gitId":"nicholasdaijh"},"content":"                    userInput \u003d scanner.nextLine();","lastModifiedDate":"2025-01-21","isFullCredit":false},{"lineNumber":145,"author":{"gitId":"nicholasdaijh"},"content":"                } catch (EmptyDescriptionException e) {","lastModifiedDate":"2025-01-24","isFullCredit":false},{"lineNumber":146,"author":{"gitId":"nicholasdaijh"},"content":"                    System.out.println(\"____________________________________________________________\");","lastModifiedDate":"2025-01-24","isFullCredit":false},{"lineNumber":147,"author":{"gitId":"nicholasdaijh"},"content":"                    System.out.println(e.getMessage());","lastModifiedDate":"2025-01-24","isFullCredit":false},{"lineNumber":148,"author":{"gitId":"nicholasdaijh"},"content":"                    System.out.println(\"____________________________________________________________\\n\");","lastModifiedDate":"2025-01-24","isFullCredit":false},{"lineNumber":149,"author":{"gitId":"nicholasdaijh"},"content":"                    userInput \u003d scanner.nextLine();","lastModifiedDate":"2025-01-24","isFullCredit":false},{"lineNumber":150,"author":{"gitId":"nicholasdaijh"},"content":"                }","lastModifiedDate":"2025-01-24","isFullCredit":false},{"lineNumber":151,"author":{"gitId":"nicholasdaijh"},"content":"            } else {","lastModifiedDate":"2025-01-24","isFullCredit":false},{"lineNumber":152,"author":{"gitId":"nicholasdaijh"},"content":"                //if input is not a task","lastModifiedDate":"2025-01-24","isFullCredit":false},{"lineNumber":153,"author":{"gitId":"nicholasdaijh"},"content":"                throw new NotTaskException(\"OOPS!!! I\u0027m sorry, but I don\u0027t know what that means :-(\");","lastModifiedDate":"2025-01-24","isFullCredit":false},{"lineNumber":154,"author":{"gitId":"nicholasdaijh"},"content":"            }","lastModifiedDate":"2025-01-24","isFullCredit":false},{"lineNumber":155,"author":{"gitId":"nicholasdaijh"},"content":"            } catch (NotTaskException e) {","lastModifiedDate":"2025-01-24","isFullCredit":false},{"lineNumber":156,"author":{"gitId":"nicholasdaijh"},"content":"                // Handle invalid command","lastModifiedDate":"2025-01-24","isFullCredit":false},{"lineNumber":157,"author":{"gitId":"nicholasdaijh"},"content":"                System.out.println(\"____________________________________________________________\");","lastModifiedDate":"2025-01-24","isFullCredit":false},{"lineNumber":158,"author":{"gitId":"nicholasdaijh"},"content":"                System.out.println(e.getMessage());","lastModifiedDate":"2025-01-24","isFullCredit":false},{"lineNumber":159,"author":{"gitId":"nicholasdaijh"},"content":"                System.out.println(\"____________________________________________________________\\n\");","lastModifiedDate":"2025-01-24","isFullCredit":false},{"lineNumber":160,"author":{"gitId":"nicholasdaijh"},"content":"                userInput \u003d scanner.nextLine();","lastModifiedDate":"2025-01-24","isFullCredit":false},{"lineNumber":161,"author":{"gitId":"nicholasdaijh"},"content":"            }","lastModifiedDate":"2025-01-21","isFullCredit":false},{"lineNumber":162,"author":{"gitId":"nicholasdaijh"},"content":"        }","lastModifiedDate":"2025-01-22","isFullCredit":false},{"lineNumber":163,"author":{"gitId":"nicholasdaijh"},"content":"        System.out.println(\"____________________________________________________________\");","lastModifiedDate":"2025-01-21","isFullCredit":false},{"lineNumber":164,"author":{"gitId":"nicholasdaijh"},"content":"        System.out.println(\"Bye. Hope to see you again soon!\");","lastModifiedDate":"2025-01-21","isFullCredit":false},{"lineNumber":165,"author":{"gitId":"nicholasdaijh"},"content":"        System.out.println(\"____________________________________________________________\");","lastModifiedDate":"2025-01-21","isFullCredit":false},{"lineNumber":166,"author":{"gitId":"nicholasdaijh"},"content":"    }","lastModifiedDate":"2025-01-21","isFullCredit":false},{"lineNumber":167,"author":{"gitId":"nicholasdaijh"},"content":"}","lastModifiedDate":"2025-01-21","isFullCredit":false}],"authorContributionMap":{"nicholasdaijh":167}},{"path":"src/main/java/NotTaskException.java","fileType":"java","lines":[{"lineNumber":1,"author":{"gitId":"nicholasdaijh"},"content":"public class NotTaskException extends DukeException{","lastModifiedDate":"2025-01-24","isFullCredit":false},{"lineNumber":2,"author":{"gitId":"nicholasdaijh"},"content":"    public NotTaskException(String message) {","lastModifiedDate":"2025-01-24","isFullCredit":false},{"lineNumber":3,"author":{"gitId":"nicholasdaijh"},"content":"        super(\"OOPS!!! I\u0027m sorry, but I don\u0027t know what that means :-(\");","lastModifiedDate":"2025-01-24","isFullCredit":false},{"lineNumber":4,"author":{"gitId":"nicholasdaijh"},"content":"    }","lastModifiedDate":"2025-01-24","isFullCredit":false},{"lineNumber":5,"author":{"gitId":"nicholasdaijh"},"content":"}","lastModifiedDate":"2025-01-24","isFullCredit":false}],"authorContributionMap":{"nicholasdaijh":5}},{"path":"src/main/java/Task.java","fileType":"java","lines":[{"lineNumber":1,"author":{"gitId":"nicholasdaijh"},"content":"public class Task {","lastModifiedDate":"2025-01-22","isFullCredit":false},{"lineNumber":2,"author":{"gitId":"nicholasdaijh"},"content":"    private String description;","lastModifiedDate":"2025-01-22","isFullCredit":false},{"lineNumber":3,"author":{"gitId":"nicholasdaijh"},"content":"    private boolean isDone;","lastModifiedDate":"2025-01-22","isFullCredit":false},{"lineNumber":4,"author":{"gitId":"nicholasdaijh"},"content":"","lastModifiedDate":"2025-01-22","isFullCredit":false},{"lineNumber":5,"author":{"gitId":"nicholasdaijh"},"content":"    public Task(String description) {","lastModifiedDate":"2025-01-22","isFullCredit":false},{"lineNumber":6,"author":{"gitId":"nicholasdaijh"},"content":"        this.description \u003d description;","lastModifiedDate":"2025-01-22","isFullCredit":false},{"lineNumber":7,"author":{"gitId":"nicholasdaijh"},"content":"        this.isDone \u003d false;","lastModifiedDate":"2025-01-22","isFullCredit":false},{"lineNumber":8,"author":{"gitId":"nicholasdaijh"},"content":"    }","lastModifiedDate":"2025-01-22","isFullCredit":false},{"lineNumber":9,"author":{"gitId":"nicholasdaijh"},"content":"","lastModifiedDate":"2025-01-22","isFullCredit":false},{"lineNumber":10,"author":{"gitId":"nicholasdaijh"},"content":"    public String getStatusIcon() {","lastModifiedDate":"2025-01-22","isFullCredit":false},{"lineNumber":11,"author":{"gitId":"nicholasdaijh"},"content":"        return (isDone ? \"X\" : \" \"); // mark done task with X","lastModifiedDate":"2025-01-22","isFullCredit":false},{"lineNumber":12,"author":{"gitId":"nicholasdaijh"},"content":"    }","lastModifiedDate":"2025-01-22","isFullCredit":false},{"lineNumber":13,"author":{"gitId":"nicholasdaijh"},"content":"","lastModifiedDate":"2025-01-22","isFullCredit":false},{"lineNumber":14,"author":{"gitId":"nicholasdaijh"},"content":"    public String getDescription() {","lastModifiedDate":"2025-01-22","isFullCredit":false},{"lineNumber":15,"author":{"gitId":"nicholasdaijh"},"content":"        return this.description; // mark done task with X","lastModifiedDate":"2025-01-22","isFullCredit":false},{"lineNumber":16,"author":{"gitId":"nicholasdaijh"},"content":"    }","lastModifiedDate":"2025-01-22","isFullCredit":false},{"lineNumber":17,"author":{"gitId":"nicholasdaijh"},"content":"","lastModifiedDate":"2025-01-22","isFullCredit":false},{"lineNumber":18,"author":{"gitId":"nicholasdaijh"},"content":"    public void markAsDone() {","lastModifiedDate":"2025-01-22","isFullCredit":false},{"lineNumber":19,"author":{"gitId":"nicholasdaijh"},"content":"        this.isDone \u003d true;","lastModifiedDate":"2025-01-22","isFullCredit":false},{"lineNumber":20,"author":{"gitId":"nicholasdaijh"},"content":"    }","lastModifiedDate":"2025-01-22","isFullCredit":false},{"lineNumber":21,"author":{"gitId":"nicholasdaijh"},"content":"","lastModifiedDate":"2025-01-22","isFullCredit":false},{"lineNumber":22,"author":{"gitId":"nicholasdaijh"},"content":"    public void markAsUndone() {","lastModifiedDate":"2025-01-22","isFullCredit":false},{"lineNumber":23,"author":{"gitId":"nicholasdaijh"},"content":"        this.isDone \u003d false;","lastModifiedDate":"2025-01-22","isFullCredit":false},{"lineNumber":24,"author":{"gitId":"nicholasdaijh"},"content":"    }","lastModifiedDate":"2025-01-22","isFullCredit":false},{"lineNumber":25,"author":{"gitId":"nicholasdaijh"},"content":"","lastModifiedDate":"2025-01-22","isFullCredit":false},{"lineNumber":26,"author":{"gitId":"nicholasdaijh"},"content":"}","lastModifiedDate":"2025-01-22","isFullCredit":false}],"authorContributionMap":{"nicholasdaijh":26}},{"path":"src/main/java/Todo.java","fileType":"java","lines":[{"lineNumber":1,"author":{"gitId":"nicholasdaijh"},"content":"public class Todo extends Task {","lastModifiedDate":"2025-01-22","isFullCredit":false},{"lineNumber":2,"author":{"gitId":"nicholasdaijh"},"content":"","lastModifiedDate":"2025-01-22","isFullCredit":false},{"lineNumber":3,"author":{"gitId":"nicholasdaijh"},"content":"    public Todo(String description) {","lastModifiedDate":"2025-01-22","isFullCredit":false},{"lineNumber":4,"author":{"gitId":"nicholasdaijh"},"content":"        super(description);","lastModifiedDate":"2025-01-22","isFullCredit":false},{"lineNumber":5,"author":{"gitId":"nicholasdaijh"},"content":"    }","lastModifiedDate":"2025-01-22","isFullCredit":false},{"lineNumber":6,"author":{"gitId":"nicholasdaijh"},"content":"","lastModifiedDate":"2025-01-22","isFullCredit":false},{"lineNumber":7,"author":{"gitId":"nicholasdaijh"},"content":"    @Override","lastModifiedDate":"2025-01-22","isFullCredit":false},{"lineNumber":8,"author":{"gitId":"nicholasdaijh"},"content":"    public String toString() {","lastModifiedDate":"2025-01-22","isFullCredit":false},{"lineNumber":9,"author":{"gitId":"nicholasdaijh"},"content":"        return \"[T]\" + \"[\" + super.getStatusIcon() + \"] \" + super.getDescription();","lastModifiedDate":"2025-01-22","isFullCredit":false},{"lineNumber":10,"author":{"gitId":"nicholasdaijh"},"content":"    }","lastModifiedDate":"2025-01-22","isFullCredit":false},{"lineNumber":11,"author":{"gitId":"nicholasdaijh"},"content":"}","lastModifiedDate":"2025-01-22","isFullCredit":false}],"authorContributionMap":{"nicholasdaijh":11}},{"path":"text-ui-test/input.txt","fileType":"txt","lines":[{"lineNumber":1,"author":{"gitId":"nicholasdaijh"},"content":"todo read book","lastModifiedDate":"2025-01-24","isFullCredit":false},{"lineNumber":2,"author":{"gitId":"nicholasdaijh"},"content":"event project meeting /from Mon 2pm /to Mon 4pm","lastModifiedDate":"2025-01-24","isFullCredit":false},{"lineNumber":3,"author":{"gitId":"nicholasdaijh"},"content":"deadline submit report /by Friday","lastModifiedDate":"2025-01-24","isFullCredit":false},{"lineNumber":4,"author":{"gitId":"nicholasdaijh"},"content":"todo","lastModifiedDate":"2025-01-24","isFullCredit":false},{"lineNumber":5,"author":{"gitId":"nicholasdaijh"},"content":"event","lastModifiedDate":"2025-01-24","isFullCredit":false},{"lineNumber":6,"author":{"gitId":"nicholasdaijh"},"content":"deadline","lastModifiedDate":"2025-01-24","isFullCredit":false},{"lineNumber":7,"author":{"gitId":"nicholasdaijh"},"content":"blah","lastModifiedDate":"2025-01-24","isFullCredit":false},{"lineNumber":8,"author":{"gitId":"nicholasdaijh"},"content":"list","lastModifiedDate":"2025-01-24","isFullCredit":false},{"lineNumber":9,"author":{"gitId":"nicholasdaijh"},"content":"mark 2","lastModifiedDate":"2025-01-24","isFullCredit":false},{"lineNumber":10,"author":{"gitId":"nicholasdaijh"},"content":"unmark 2","lastModifiedDate":"2025-01-24","isFullCredit":false},{"lineNumber":11,"author":{"gitId":"nicholasdaijh"},"content":"delete 2","lastModifiedDate":"2025-01-24","isFullCredit":false},{"lineNumber":12,"author":{"gitId":"nicholasdaijh"},"content":"list","lastModifiedDate":"2025-01-24","isFullCredit":false},{"lineNumber":13,"author":{"gitId":"nicholasdaijh"},"content":"bye","lastModifiedDate":"2025-01-24","isFullCredit":false}],"authorContributionMap":{"nicholasdaijh":13}},{"path":"text-ui-test/runtest.sh","fileType":"sh","lines":[{"lineNumber":1,"author":{"gitId":"-"},"content":"#!/usr/bin/env bash","lastModifiedDate":"2020-05-25","isFullCredit":false},{"lineNumber":2,"author":{"gitId":"-"},"content":"","lastModifiedDate":"2020-05-25","isFullCredit":false},{"lineNumber":3,"author":{"gitId":"-"},"content":"# create bin directory if it doesn\u0027t exist","lastModifiedDate":"2020-05-25","isFullCredit":false},{"lineNumber":4,"author":{"gitId":"-"},"content":"if [ ! -d \"../bin\" ]","lastModifiedDate":"2020-05-25","isFullCredit":false},{"lineNumber":5,"author":{"gitId":"-"},"content":"then","lastModifiedDate":"2020-05-25","isFullCredit":false},{"lineNumber":6,"author":{"gitId":"-"},"content":"    mkdir ../bin","lastModifiedDate":"2020-05-25","isFullCredit":false},{"lineNumber":7,"author":{"gitId":"-"},"content":"fi","lastModifiedDate":"2020-05-25","isFullCredit":false},{"lineNumber":8,"author":{"gitId":"-"},"content":"","lastModifiedDate":"2020-05-25","isFullCredit":false},{"lineNumber":9,"author":{"gitId":"-"},"content":"# delete output from previous run","lastModifiedDate":"2020-05-25","isFullCredit":false},{"lineNumber":10,"author":{"gitId":"-"},"content":"if [ -e \"./ACTUAL.TXT\" ]","lastModifiedDate":"2020-05-25","isFullCredit":false},{"lineNumber":11,"author":{"gitId":"-"},"content":"then","lastModifiedDate":"2020-05-25","isFullCredit":false},{"lineNumber":12,"author":{"gitId":"-"},"content":"    rm ACTUAL.TXT","lastModifiedDate":"2020-05-25","isFullCredit":false},{"lineNumber":13,"author":{"gitId":"-"},"content":"fi","lastModifiedDate":"2020-05-25","isFullCredit":false},{"lineNumber":14,"author":{"gitId":"-"},"content":"","lastModifiedDate":"2020-05-25","isFullCredit":false},{"lineNumber":15,"author":{"gitId":"-"},"content":"# compile the code into the bin folder, terminates if error occurred","lastModifiedDate":"2020-05-25","isFullCredit":false},{"lineNumber":16,"author":{"gitId":"-"},"content":"if ! javac -cp ../src/main/java -Xlint:none -d ../bin ../src/main/java/*.java","lastModifiedDate":"2020-08-25","isFullCredit":false},{"lineNumber":17,"author":{"gitId":"-"},"content":"then","lastModifiedDate":"2020-05-25","isFullCredit":false},{"lineNumber":18,"author":{"gitId":"-"},"content":"    echo \"********** BUILD FAILURE **********\"","lastModifiedDate":"2020-05-25","isFullCredit":false},{"lineNumber":19,"author":{"gitId":"-"},"content":"    exit 1","lastModifiedDate":"2020-05-25","isFullCredit":false},{"lineNumber":20,"author":{"gitId":"-"},"content":"fi","lastModifiedDate":"2020-05-25","isFullCredit":false},{"lineNumber":21,"author":{"gitId":"-"},"content":"","lastModifiedDate":"2020-05-25","isFullCredit":false},{"lineNumber":22,"author":{"gitId":"-"},"content":"# run the program, feed commands from input.txt file and redirect the output to the ACTUAL.TXT","lastModifiedDate":"2020-05-25","isFullCredit":false},{"lineNumber":23,"author":{"gitId":"nicholasdaijh"},"content":"java -classpath ../bin Nicholas \u003c input.txt \u003e ACTUAL.TXT","lastModifiedDate":"2025-01-24","isFullCredit":false},{"lineNumber":24,"author":{"gitId":"-"},"content":"","lastModifiedDate":"2020-05-25","isFullCredit":false},{"lineNumber":25,"author":{"gitId":"-"},"content":"# convert to UNIX format","lastModifiedDate":"2020-05-25","isFullCredit":false},{"lineNumber":26,"author":{"gitId":"-"},"content":"cp EXPECTED.TXT EXPECTED-UNIX.TXT","lastModifiedDate":"2020-05-25","isFullCredit":false},{"lineNumber":27,"author":{"gitId":"-"},"content":"dos2unix ACTUAL.TXT EXPECTED-UNIX.TXT","lastModifiedDate":"2020-05-25","isFullCredit":false},{"lineNumber":28,"author":{"gitId":"-"},"content":"","lastModifiedDate":"2020-05-25","isFullCredit":false},{"lineNumber":29,"author":{"gitId":"-"},"content":"# compare the output to the expected output","lastModifiedDate":"2020-05-25","isFullCredit":false},{"lineNumber":30,"author":{"gitId":"-"},"content":"diff ACTUAL.TXT EXPECTED-UNIX.TXT","lastModifiedDate":"2020-05-25","isFullCredit":false},{"lineNumber":31,"author":{"gitId":"-"},"content":"if [ $? -eq 0 ]","lastModifiedDate":"2020-05-25","isFullCredit":false},{"lineNumber":32,"author":{"gitId":"-"},"content":"then","lastModifiedDate":"2020-05-25","isFullCredit":false},{"lineNumber":33,"author":{"gitId":"-"},"content":"    echo \"Test result: PASSED\"","lastModifiedDate":"2020-05-25","isFullCredit":false},{"lineNumber":34,"author":{"gitId":"-"},"content":"    exit 0","lastModifiedDate":"2020-05-25","isFullCredit":false},{"lineNumber":35,"author":{"gitId":"-"},"content":"else","lastModifiedDate":"2020-05-25","isFullCredit":false},{"lineNumber":36,"author":{"gitId":"-"},"content":"    echo \"Test result: FAILED\"","lastModifiedDate":"2020-05-25","isFullCredit":false},{"lineNumber":37,"author":{"gitId":"-"},"content":"    exit 1","lastModifiedDate":"2020-05-25","isFullCredit":false},{"lineNumber":38,"author":{"gitId":"-"},"content":"fi","lastModifiedDate":"2020-05-25","isFullCredit":false}],"authorContributionMap":{"-":37,"nicholasdaijh":1}}]
