{"authorDailyContributionsMap":{"nicholasdaijh":[{"date":"2025-01-21","commitResults":[{"hash":"ee5dc3fd9d06f4bcc7fa640a6c6984512831c073","isMergeCommit":false,"messageTitle":"changed chatbot name from \"Duke\" to \"Nicholas\"","messageBody":"","tags":["Level-0"],"fileTypesAndContributionMap":{"java":{"insertions":10,"deletions":10}}},{"hash":"959ab130b7a6e8bca628b1042106c24a2aa9fb4d","isMergeCommit":false,"messageTitle":"added scanner to echo user\u0027s input","messageBody":"","tags":["Level-1"],"fileTypesAndContributionMap":{"java":{"insertions":14,"deletions":1}}},{"hash":"26ee1743754fd37c228b75730412f90bfc31f2bd","isMergeCommit":false,"messageTitle":"Add, list","messageBody":"","tags":["Level-2"],"fileTypesAndContributionMap":{"java":{"insertions":15,"deletions":1}}}]},{"date":"2025-01-22","commitResults":[{"hash":"1d7e837b649e17af1cc61dbfa6db049ad7d21718","isMergeCommit":false,"messageTitle":"added marked as done feature","messageBody":"","fileTypesAndContributionMap":{"java":{"insertions":2,"deletions":0}}},{"hash":"7646802e2fc1f8e62c1f9af40d8622cb58cf678f","isMergeCommit":false,"messageTitle":"added Mark As Done feature","messageBody":"","tags":["Level-3"],"fileTypesAndContributionMap":{"java":{"insertions":90,"deletions":5}}},{"hash":"b71eb74f89d28fe937038a17626c63df6aba1b01","isMergeCommit":false,"messageTitle":"added three Task types: Todos, Events, Deadlines","messageBody":"","tags":["Level-4"],"fileTypesAndContributionMap":{"java":{"insertions":84,"deletions":12}}}]}]},"authorFileTypeContributionMap":{"nicholasdaijh":{"java":196,"md":0,"fxml":0,"sh":0,"bat":0,"gradle":0,"txt":0}},"authorContributionVariance":{"nicholasdaijh":4987.8887},"authorDisplayNameMap":{"nicholasdaijh":"CS2103T-T15-3 DAI ..OLAS"}}
