{"authorDailyContributionsMap":{"caxewhy":[{"date":"2025-01-21","commitResults":[{"hash":"0fd0e5ea344ed48eaf60e0edb484fcd612e42405","isMergeCommit":false,"messageTitle":"Did Level 0. Rename, Greet, Exit.","messageBody":"","tags":["Level-0"],"fileTypesAndContributionMap":{"java":{"insertions":11,"deletions":10}}},{"hash":"73bb1f1d4bde235efb3796f30e891e01a2c15ee4","isMergeCommit":false,"messageTitle":"Did Level 1. Added Echo commands.","messageBody":"","tags":["Level-1"],"fileTypesAndContributionMap":{"java":{"insertions":43,"deletions":2}}},{"hash":"796d84dc949f1f452d076d1d6af50018ba900735","isMergeCommit":false,"messageTitle":"Did Level 2. Ability to add tasks, and List them.","messageBody":"","tags":["Level-2"],"fileTypesAndContributionMap":{"java":{"insertions":34,"deletions":8}}},{"hash":"437823e86d1c4db1b072d7571e7a1960d0581339","isMergeCommit":false,"messageTitle":"Did Level 3. Added ability to mark/unmark tasks as done.","messageBody":"","tags":["Level-3"],"fileTypesAndContributionMap":{"java":{"insertions":92,"deletions":19}}},{"hash":"e55a025d53031fac1e4cc1efa607bdbb7da63663","isMergeCommit":false,"messageTitle":"Did Level 4. Added ability to create ToDos, Events, Deadlines.","messageBody":"","tags":["Level-4"],"fileTypesAndContributionMap":{"java":{"insertions":98,"deletions":0}}}]},{"date":"2025-01-22","commitResults":[{"hash":"7eb9d39a3bab4d643cb0c2fb7530ee4b8866fa56","isMergeCommit":false,"messageTitle":"Did Automated Text UI Testing.","messageBody":"","tags":["A-TextUiTesting"],"fileTypesAndContributionMap":{"txt":{"insertions":3,"deletions":0},"java":{"insertions":1,"deletions":1},"bat":{"insertions":2,"deletions":2}}},{"hash":"a960a7af9cec42a9f849bb7c8f1eaf4fca76948f","isMergeCommit":false,"messageTitle":"Did Level 5. Taught chatbot how to handle errors such as incorrect inputs entered by the user.","messageBody":"","tags":["Level-5"],"fileTypesAndContributionMap":{"java":{"insertions":35,"deletions":34}}},{"hash":"c1a4fe3681902e98b46cf1de13dbbe4124eb4f03","isMergeCommit":false,"messageTitle":"Did Level 6. Ability to delete tasks from list.","messageBody":"","tags":["Level-6"],"fileTypesAndContributionMap":{"java":{"insertions":31,"deletions":0}}}]},{"date":"2025-01-26","commitResults":[{"hash":"94c71639441720e32e88e7044226faa7e7ed6907","isMergeCommit":false,"messageTitle":"Added ability to save and load tasks from text file.","messageBody":"","fileTypesAndContributionMap":{"txt":{"insertions":5,"deletions":0},"java":{"insertions":264,"deletions":157}}},{"hash":"992eff389bac56b00ea7e108e9a9e25a35c413a6","isMergeCommit":true,"messageTitle":"Merge branch \u0027branch-Level-7\u0027","messageBody":"","tags":["Level-7"],"fileTypesAndContributionMap":{}}]},{"date":"2025-01-27","commitResults":[{"hash":"a33a6ccb2acb11a7000aea748939d14594db7851","isMergeCommit":false,"messageTitle":"Did Level 8. Dates and Times.","messageBody":"","fileTypesAndContributionMap":{"txt":{"insertions":1,"deletions":1},"java":{"insertions":28,"deletions":10}}},{"hash":"98244c9a8408336184506a75ab462e5546e8b845","isMergeCommit":true,"messageTitle":"Merge branch \u0027branch-Level-8\u0027","messageBody":"","tags":["Level-8"],"fileTypesAndContributionMap":{}},{"hash":"c886f5aa864e2af50c6dcda5524bbb4737cb4eed","isMergeCommit":false,"messageTitle":"A-MoreOOP. Made code more OOP.","messageBody":"","tags":["A-Packages","A-MoreOOP"],"fileTypesAndContributionMap":{"java":{"insertions":641,"deletions":244}}},{"hash":"24fbc1a7ed2782e5d1cd69f235ed66a330592bff","isMergeCommit":true,"messageTitle":"Merge branch \u0027add-gradle-support\u0027","messageBody":"","tags":["A-Gradle"],"fileTypesAndContributionMap":{}},{"hash":"e2cad57830f77013620b396750999ef5e50a6a2e","isMergeCommit":false,"messageTitle":"Add JUnit tests.","messageBody":"","tags":["A-JUnit"],"fileTypesAndContributionMap":{"java":{"insertions":156,"deletions":0}}},{"hash":"60f0f0668b44912a6105287933a2b92ca43dd930","isMergeCommit":false,"messageTitle":"Package the App as a JAR file.","messageBody":"","tags":["A-Jar"],"fileTypesAndContributionMap":{"gradle":{"insertions":2,"deletions":2}}}]},{"date":"2025-01-28","commitResults":[{"hash":"62ec20e95583438b3b2a35cac6142f43f7cd80f0","isMergeCommit":false,"messageTitle":"Add JavaDoc comments to the code.","messageBody":"","tags":["A-JavaDoc"],"fileTypesAndContributionMap":{"java":{"insertions":100,"deletions":170}}},{"hash":"d3d75c3886f8fda93c149169bc4bdc6c3ce454de","isMergeCommit":false,"messageTitle":"Add JavaDoc comments to the code.","messageBody":"","fileTypesAndContributionMap":{"java":{"insertions":33,"deletions":0}}},{"hash":"2aa405282ef26b46e564fce0e600eecbfcece299","isMergeCommit":false,"messageTitle":"Give users a way to find a task by searching for a keyword in the task description.","messageBody":"","fileTypesAndContributionMap":{"java":{"insertions":42,"deletions":0}}},{"hash":"8d98de306ec0592e9115f941cb57140dfdfbfc96","isMergeCommit":true,"messageTitle":"Merge branch \u0027branch-Level-9\u0027","messageBody":"","tags":["Level-9"],"fileTypesAndContributionMap":{}},{"hash":"0979e4031d6f0be026ee78d8137a9c0309e0cf37","isMergeCommit":false,"messageTitle":"Tweak the code to comply with a coding standard","messageBody":"","fileTypesAndContributionMap":{"java":{"insertions":27,"deletions":10}}},{"hash":"b0af1a438106ddcea185c0b315f3476fa688e87f","isMergeCommit":true,"messageTitle":"Merge branch \u0027branch-A-CodingStandard\u0027","messageBody":"# Conflicts:\n#\tsrc/main/java/solyu/Deadline.java\n#\tsrc/main/java/solyu/Solyu.java\n","tags":["A-CodingStandard"],"fileTypesAndContributionMap":{}}]},{"date":"2025-02-03","commitResults":[{"hash":"f16eeefa484361989006d38dc17742f462904307","isMergeCommit":false,"messageTitle":"Add checkstyle plugin","messageBody":"","tags":["A-Checkstyle"],"fileTypesAndContributionMap":{"gradle":{"insertions":5,"deletions":0},"java":{"insertions":12,"deletions":8}}},{"hash":"805657ba8bcd8197dd93f890e576c05d588bc7fc","isMergeCommit":true,"messageTitle":"Merge branch \u0027A-Checkstyle\u0027","messageBody":"","fileTypesAndContributionMap":{}}]},{"date":"2025-02-04","commitResults":[{"hash":"b90e203b984567f51933da047e54c991f6535e84","isMergeCommit":false,"messageTitle":"Add a GUI to the chatbot","messageBody":"","fileTypesAndContributionMap":{"gradle":{"insertions":15,"deletions":0},"fxml":{"insertions":46,"deletions":0},"java":{"insertions":566,"deletions":225}}},{"hash":"0062b18b99cce97f30a3d06a81702ae151319cc1","isMergeCommit":true,"messageTitle":"Merge branch \u0027branch-Level-10\u0027","messageBody":"","tags":["Level-10"],"fileTypesAndContributionMap":{}}]}]},"authorFileTypeContributionMap":{"caxewhy":{"java":1321,"md":0,"fxml":46,"sh":0,"bat":2,"gradle":22,"txt":8}},"authorContributionVariance":{"caxewhy":75025.46},"authorDisplayNameMap":{"caxewhy":"CS2103-F08-3 CHAN..YONG"}}
