[{"path":"src/main/java/Steve.java","fileType":"java","lines":[{"lineNumber":1,"author":{"gitId":"basil-boh"},"content":"import java.util.Scanner;","lastModifiedDate":"2025-01-23","isFullCredit":false},{"lineNumber":2,"author":{"gitId":"basil-boh"},"content":"","lastModifiedDate":"2025-01-23","isFullCredit":false},{"lineNumber":3,"author":{"gitId":"basil-boh"},"content":"public class Steve {","lastModifiedDate":"2025-01-22","isFullCredit":false},{"lineNumber":4,"author":{"gitId":"basil-boh"},"content":"    public static void main(String[] args) {","lastModifiedDate":"2025-01-22","isFullCredit":false},{"lineNumber":5,"author":{"gitId":"basil-boh"},"content":"        String[] userData \u003d new String[100];","lastModifiedDate":"2025-01-23","isFullCredit":false},{"lineNumber":6,"author":{"gitId":"basil-boh"},"content":"        int taskCount \u003d 0;","lastModifiedDate":"2025-01-23","isFullCredit":false},{"lineNumber":7,"author":{"gitId":"basil-boh"},"content":"        System.out.println(\"____________________________________________________________\\n\" +","lastModifiedDate":"2025-01-22","isFullCredit":false},{"lineNumber":8,"author":{"gitId":"basil-boh"},"content":"                \"     Hello! I\u0027m Steve\\n\" +","lastModifiedDate":"2025-01-23","isFullCredit":false},{"lineNumber":9,"author":{"gitId":"basil-boh"},"content":"                \"     What can I do for you?\\n\" +","lastModifiedDate":"2025-01-22","isFullCredit":false},{"lineNumber":10,"author":{"gitId":"basil-boh"},"content":"                \"____________________________________________________________\");","lastModifiedDate":"2025-01-23","isFullCredit":false},{"lineNumber":11,"author":{"gitId":"basil-boh"},"content":"        Scanner scanner \u003d new Scanner(System.in);","lastModifiedDate":"2025-01-23","isFullCredit":false},{"lineNumber":12,"author":{"gitId":"basil-boh"},"content":"        String userInput \u003d scanner.nextLine();","lastModifiedDate":"2025-01-23","isFullCredit":false},{"lineNumber":13,"author":{"gitId":"basil-boh"},"content":"        while (!userInput.equals(\"bye\")) {","lastModifiedDate":"2025-01-23","isFullCredit":false},{"lineNumber":14,"author":{"gitId":"basil-boh"},"content":"            if (userInput.equals(\"list\")) {","lastModifiedDate":"2025-01-23","isFullCredit":false},{"lineNumber":15,"author":{"gitId":"basil-boh"},"content":"                System.out.println(\"____________________________________________________________\");","lastModifiedDate":"2025-01-23","isFullCredit":false},{"lineNumber":16,"author":{"gitId":"basil-boh"},"content":"                for (int i \u003d 0,j \u003d0; i \u003c taskCount; i++) {","lastModifiedDate":"2025-01-23","isFullCredit":false},{"lineNumber":17,"author":{"gitId":"basil-boh"},"content":"                    System.out.println(++j + \": \" + userData[i]);","lastModifiedDate":"2025-01-23","isFullCredit":false},{"lineNumber":18,"author":{"gitId":"basil-boh"},"content":"","lastModifiedDate":"2025-01-23","isFullCredit":false},{"lineNumber":19,"author":{"gitId":"basil-boh"},"content":"                }","lastModifiedDate":"2025-01-23","isFullCredit":false},{"lineNumber":20,"author":{"gitId":"basil-boh"},"content":"                System.out.println(\"____________________________________________________________\");","lastModifiedDate":"2025-01-23","isFullCredit":false},{"lineNumber":21,"author":{"gitId":"basil-boh"},"content":"                userInput \u003d scanner.nextLine();","lastModifiedDate":"2025-01-23","isFullCredit":false},{"lineNumber":22,"author":{"gitId":"basil-boh"},"content":"            }","lastModifiedDate":"2025-01-23","isFullCredit":false},{"lineNumber":23,"author":{"gitId":"basil-boh"},"content":"            else {","lastModifiedDate":"2025-01-23","isFullCredit":false},{"lineNumber":24,"author":{"gitId":"basil-boh"},"content":"                System.out.println(\"____________________________________________________________\\n\" +","lastModifiedDate":"2025-01-23","isFullCredit":false},{"lineNumber":25,"author":{"gitId":"basil-boh"},"content":"                        \"     \\n\" + \"added: \" + userInput + \"\\n\" +","lastModifiedDate":"2025-01-23","isFullCredit":false},{"lineNumber":26,"author":{"gitId":"basil-boh"},"content":"                        \"____________________________________________________________\");","lastModifiedDate":"2025-01-23","isFullCredit":false},{"lineNumber":27,"author":{"gitId":"basil-boh"},"content":"                userData[taskCount++] \u003d userInput;","lastModifiedDate":"2025-01-23","isFullCredit":false},{"lineNumber":28,"author":{"gitId":"basil-boh"},"content":"                userInput \u003d scanner.nextLine();","lastModifiedDate":"2025-01-23","isFullCredit":false},{"lineNumber":29,"author":{"gitId":"basil-boh"},"content":"            }","lastModifiedDate":"2025-01-23","isFullCredit":false},{"lineNumber":30,"author":{"gitId":"basil-boh"},"content":"        }","lastModifiedDate":"2025-01-23","isFullCredit":false},{"lineNumber":31,"author":{"gitId":"basil-boh"},"content":"        System.out.println(\"____________________________________________________________\\n\" +","lastModifiedDate":"2025-01-23","isFullCredit":false},{"lineNumber":32,"author":{"gitId":"basil-boh"},"content":"                \"     \\n\" + \"Bye! Hope to see you again soon \u003d)\" + \"\\n\" +","lastModifiedDate":"2025-01-23","isFullCredit":false},{"lineNumber":33,"author":{"gitId":"basil-boh"},"content":"                \"____________________________________________________________\");","lastModifiedDate":"2025-01-23","isFullCredit":false},{"lineNumber":34,"author":{"gitId":"basil-boh"},"content":"    }","lastModifiedDate":"2025-01-22","isFullCredit":false},{"lineNumber":35,"author":{"gitId":"basil-boh"},"content":"}","lastModifiedDate":"2025-01-22","isFullCredit":false}],"authorContributionMap":{"basil-boh":35}}]
