{"authorDailyContributionsMap":{"simenggg":[{"date":"2025-01-25","commitResults":[{"hash":"996c4fafe6719b0efcfeacff1b36ee4a5b053f4f","isMergeCommit":false,"messageTitle":"rename, greet and exit","messageBody":"","tags":["Level-0"],"fileTypesAndContributionMap":{"java":{"insertions":17,"deletions":10}}},{"hash":"e901c30f2380d8bffd06b6f253c65cf2d8baf55f","isMergeCommit":false,"messageTitle":"echo and bye","messageBody":"","tags":["Level-1"],"fileTypesAndContributionMap":{"java":{"insertions":23,"deletions":3}}},{"hash":"e1fc5c13ba5d9e22068053187b7aa49e51b11bd8","isMergeCommit":false,"messageTitle":"add, list","messageBody":"","tags":["Level-2"],"fileTypesAndContributionMap":{"java":{"insertions":10,"deletions":3}}},{"hash":"57c4a73cb9538eaacda4632f00c522e9c6955502","isMergeCommit":false,"messageTitle":"mark, unmark","messageBody":"","tags":["Level-3"],"fileTypesAndContributionMap":{"java":{"insertions":46,"deletions":6}}},{"hash":"0fd72aa43a9b0edd20605584353a136fcc5147d2","isMergeCommit":false,"messageTitle":"add todo, deadline and event","messageBody":"","tags":["Level-4"],"fileTypesAndContributionMap":{"java":{"insertions":91,"deletions":10}}}]},{"date":"2025-01-26","commitResults":[{"hash":"ee82457e1b23b22d7f67b6c317300fb3f4014efb","isMergeCommit":false,"messageTitle":"handle errors:incorrect description of todo, deadline and event and wrong messages","messageBody":"","tags":["Level-5"],"fileTypesAndContributionMap":{"java":{"insertions":43,"deletions":21}}},{"hash":"842d6cc273927d31a3eb171d5c86b66a86a65de4","isMergeCommit":false,"messageTitle":"delete a task","messageBody":"","tags":["Level-6"],"fileTypesAndContributionMap":{"java":{"insertions":21,"deletions":2}}}]},{"date":"2025-01-31","commitResults":[{"hash":"0e6cf6c9158a97785f7b09d9ea918aac2d7bd756","isMergeCommit":false,"messageTitle":"Check if a tasklist file is present, create one if not","messageBody":"Try to create an addtask method to avoid repetition of code for todo, deadline and event\n","tags":["Level-7-halfdone"],"fileTypesAndContributionMap":{"java":{"insertions":66,"deletions":3}}}]},{"date":"2025-02-06","commitResults":[{"hash":"bb97fccacba692db2becfe87093513bbc1e27473","isMergeCommit":false,"messageTitle":"Update the changes in the tasklist to the file stored in hard disk Change toString methods to Todo, Deadline and Event classes","messageBody":"","tags":["Level-7"],"fileTypesAndContributionMap":{"java":{"insertions":90,"deletions":71}}},{"hash":"426edbf0b892b9c9f3b2d745c7b00c0baf60c78a","isMergeCommit":true,"messageTitle":"Merge branch \u0027branch-Level-7\u0027","messageBody":"","fileTypesAndContributionMap":{}},{"hash":"1c2b18011a2b15d0bec54e737fa2198f497ff69a","isMergeCommit":false,"messageTitle":"Store the deadline date in deadline class as a LocalDate object","messageBody":"","tags":["Level-8"],"fileTypesAndContributionMap":{"java":{"insertions":28,"deletions":6}}},{"hash":"61d5b355e3e19c6d3f6b7549c32a72f9eae54e0d","isMergeCommit":true,"messageTitle":"Merge branch \u0027branch-Level-8\u0027","messageBody":"","fileTypesAndContributionMap":{}}]},{"date":"2025-02-10","commitResults":[{"hash":"e5d571a972e4909de5a013dd7bb2e24bfd1b6797","isMergeCommit":false,"messageTitle":"Add more classes: UI, Storage, Tasklist, Command and Parser Change the representation of tasklist from array to arraylist","messageBody":"","tags":["More-OOP-preliminary"],"fileTypesAndContributionMap":{"java":{"insertions":315,"deletions":213}}}]},{"date":"2025-02-12","commitResults":[{"hash":"e3adbf278dee7276592d9ac00f192bd9c797bb7e","isMergeCommit":false,"messageTitle":"Fix some bugs","messageBody":"","tags":["A-MoreOOP"],"fileTypesAndContributionMap":{"java":{"insertions":12,"deletions":11}}},{"hash":"4df308b9e9d5e85a232fa3d6f5fbfa02e853680d","isMergeCommit":true,"messageTitle":"Merge branch \u0027A-MoreOOP\u0027","messageBody":"","fileTypesAndContributionMap":{}}]},{"date":"2025-02-13","commitResults":[{"hash":"4d7dd37c03cc7ae19e3dbd368aef260e8a47544a","isMergeCommit":false,"messageTitle":"Create package lemon and put all the files in lemon","messageBody":"","tags":["A-packages"],"fileTypesAndContributionMap":{"java":{"insertions":33,"deletions":17}}},{"hash":"22d186c7925545dfc477a6c6a3526626581c2b90","isMergeCommit":true,"messageTitle":"Merge branch \u0027add-gradle-support\u0027","messageBody":"","fileTypesAndContributionMap":{}},{"hash":"c6be55431a94ea68418dd9cd597e8ab576c2b775","isMergeCommit":false,"messageTitle":"Add Gradle","messageBody":"","tags":["A-Gradle"],"fileTypesAndContributionMap":{"txt":{"insertions":1,"deletions":0}}}]},{"date":"2025-02-16","commitResults":[{"hash":"ff782f676c4fddc157a479e00cd16175a712bce9","isMergeCommit":false,"messageTitle":"Add JUnit tests for Todo, Task and Deadline classes","messageBody":"","tags":["A-JUnit"],"fileTypesAndContributionMap":{"gradle":{"insertions":1,"deletions":0},"txt":{"insertions":1,"deletions":0},"java":{"insertions":83,"deletions":0}}},{"hash":"db7fdbc5746144dd03a706f452b209ad1a5b0368","isMergeCommit":false,"messageTitle":"Create Jar file","messageBody":"","tags":["A-Jar"],"fileTypesAndContributionMap":{"java":{"insertions":2,"deletions":1}}},{"hash":"73c3b7dfb3b7a08e277232cddde2764414b738d5","isMergeCommit":false,"messageTitle":"Add JavaDoc comments for most classes and methods","messageBody":"","tags":["A-JavaDoc"],"fileTypesAndContributionMap":{"java":{"insertions":143,"deletions":8}}},{"hash":"7c43685b6c1d85561eb03e8091feec06da56b05a","isMergeCommit":false,"messageTitle":"Make some changes to comply to coding standard","messageBody":"","tags":["A-CodingStandard"],"fileTypesAndContributionMap":{"java":{"insertions":81,"deletions":93}}},{"hash":"5414e4f74b16a8ab5facb94ce994cb42a29c6d16","isMergeCommit":false,"messageTitle":"Find a task by searching for a keywork in the task description","messageBody":"","tags":["Level-9"],"fileTypesAndContributionMap":{"txt":{"insertions":1,"deletions":0},"java":{"insertions":25,"deletions":3}}},{"hash":"bc863d0a1f06295f71cdb420660be2f4f665bf89","isMergeCommit":true,"messageTitle":"resolve merge conflict","messageBody":"","fileTypesAndContributionMap":{}},{"hash":"eafe05e2a08e1ae949770dfab4b02409d281f9d0","isMergeCommit":true,"messageTitle":"Merge branch \u0027branch-A-JavaDoc\u0027","messageBody":"","fileTypesAndContributionMap":{}}]},{"date":"2025-02-18","commitResults":[{"hash":"49f5fdefe47875810a0d7a80567db6bd9bc89d0a","isMergeCommit":false,"messageTitle":"Add GUI","messageBody":"","tags":["Level-10"],"fileTypesAndContributionMap":{"gradle":{"insertions":21,"deletions":2},"fxml":{"insertions":68,"deletions":0},"txt":{"insertions":2,"deletions":1},"java":{"insertions":267,"deletions":85}}}]}]},"authorFileTypeContributionMap":{"simenggg":{"java":842,"md":0,"fxml":68,"sh":0,"bat":0,"gradle":22,"txt":4}},"authorContributionVariance":{"simenggg":16710.5},"authorDisplayNameMap":{"simenggg":"CS2103T-T14-3 LI S..MENG"}}
