{"authorDailyContributionsMap":{"Kaidama97":[{"date":"2025-01-22","commitResults":[{"hash":"642923b941de670af9d9507864507a70f0e97937","isMergeCommit":false,"messageTitle":"Rename main class","messageBody":"","fileTypesAndContributionMap":{"java":{"insertions":2,"deletions":1}}},{"hash":"e6e971f24765608e11736775ab0bcf310dfdfe5f","isMergeCommit":false,"messageTitle":"Add greeting","messageBody":"","tags":["Level-0"],"fileTypesAndContributionMap":{"java":{"insertions":6,"deletions":7}}}]},{"date":"2025-01-23","commitResults":[{"hash":"3c6e731473a60cd887980a43fba9fd8a0943e165","isMergeCommit":false,"messageTitle":"Implement support for echo","messageBody":"","fileTypesAndContributionMap":{"java":{"insertions":17,"deletions":4}}},{"hash":"3be80ec902e6f233a347a988fd6ede81d9670020","isMergeCommit":false,"messageTitle":"Implement indentations and fix bugs","messageBody":"","tags":["Level-1"],"fileTypesAndContributionMap":{"java":{"insertions":9,"deletions":8}}},{"hash":"4d1ee59dcc9321f4753de1b19d5348c5b0dc57e9","isMergeCommit":false,"messageTitle":"Implementation of Add, List","messageBody":"","tags":["Level-2"],"fileTypesAndContributionMap":{"java":{"insertions":78,"deletions":9}}},{"hash":"be67c5bd3c101e5365b944e6eefeafee25e5f9a7","isMergeCommit":false,"messageTitle":"implement mark as done for task","messageBody":"","tags":["Level-3"],"fileTypesAndContributionMap":{"java":{"insertions":63,"deletions":11}}},{"hash":"b03b45d15389b14a956d9cbd886bd3eed0ff4721","isMergeCommit":false,"messageTitle":"Implemented ToDos, Events, Deadlines","messageBody":"","fileTypesAndContributionMap":{"java":{"insertions":65,"deletions":4}}},{"hash":"e7889c7c601e74e62428d7657ffa5f62746652dc","isMergeCommit":false,"messageTitle":"resolved text alignment issue","messageBody":"","tags":["Level-4"],"fileTypesAndContributionMap":{"java":{"insertions":6,"deletions":7}}},{"hash":"eae8c638f45c08f24e301aec52b20d427213af3f","isMergeCommit":false,"messageTitle":"Implemented Automated Text UI Testing","messageBody":"","tags":["A-TextUiTesting"],"fileTypesAndContributionMap":{"txt":{"insertions":15,"deletions":0},"bat":{"insertions":1,"deletions":1}}},{"hash":"b2c95cedd382b6b7523481a848e7dae5a4ae8793","isMergeCommit":false,"messageTitle":"Implemented error handling. added new class KaidamaException","messageBody":"","fileTypesAndContributionMap":{"java":{"insertions":88,"deletions":39}}},{"hash":"6f7537b489c92c12cc23b6f7840078d30e6ebe54","isMergeCommit":false,"messageTitle":"Implement testing for error handling","messageBody":"","tags":["Level-5"],"fileTypesAndContributionMap":{"txt":{"insertions":12,"deletions":1},"java":{"insertions":1,"deletions":1}}},{"hash":"76e5652772d8dca42e3841d07874fb536cd091e7","isMergeCommit":false,"messageTitle":"Implemented delete task function","messageBody":"","fileTypesAndContributionMap":{"java":{"insertions":103,"deletions":49}}},{"hash":"f487d0fa27d69aeff52db4944660fb93f4ca47ed","isMergeCommit":false,"messageTitle":"update test input for delete function","messageBody":"","tags":["Level-6"],"fileTypesAndContributionMap":{"txt":{"insertions":1,"deletions":0}}},{"hash":"588cf7bacd5304c258b19fbd3950a34384389698","isMergeCommit":false,"messageTitle":"Update README.md","messageBody":"","fileTypesAndContributionMap":{"md":{"insertions":13,"deletions":8}}}]},{"date":"2025-01-24","commitResults":[{"hash":"44bc8e5aca6af22fcb61a286106d19aa9b17fd34","isMergeCommit":false,"messageTitle":"update README","messageBody":"","fileTypesAndContributionMap":{"java":{"insertions":3,"deletions":0},"md":{"insertions":28,"deletions":23}}},{"hash":"8e14a3690f145e07176ce1653bc7059d05e52d4f","isMergeCommit":true,"messageTitle":"Merge branch \u0027master\u0027 of https://github.com/Kaidama97/ip","messageBody":"# Conflicts:\n#\tREADME.md\n","fileTypesAndContributionMap":{}}]},{"date":"2025-01-30","commitResults":[{"hash":"05b46fd9d9e1fec1f1ace19c77497529e96323f5","isMergeCommit":false,"messageTitle":"test pull request","messageBody":"","fileTypesAndContributionMap":{"java":{"insertions":1,"deletions":0}}},{"hash":"eb753db30a10f7024f956742a53a5b6d76471603","isMergeCommit":false,"messageTitle":"Add FileHandler.java","messageBody":"Add a class to handle file operations, including reading lines from a file. The class checks if the file exist and creates a new file if the file does not exist\n","fileTypesAndContributionMap":{"txt":{"insertions":0,"deletions":0},"java":{"insertions":86,"deletions":13}}},{"hash":"8e9309f80238084413add0e3a349be108ad38ac1","isMergeCommit":false,"messageTitle":"test branch","messageBody":"","fileTypesAndContributionMap":{"java":{"insertions":1,"deletions":0}}},{"hash":"5050eae5122f9c474e8e90848825b3c5fcc23eb3","isMergeCommit":false,"messageTitle":"Implement read and write functionality to file","messageBody":"Add methods to FileHandler.java for reading from and writing to a file.\nreadLine method read all line in the .txt file\nwriteLine method write line into the .txt file\n","fileTypesAndContributionMap":{"txt":{"insertions":1,"deletions":0},"java":{"insertions":166,"deletions":70}}},{"hash":"fc72ff49197e2b705379ac772cab731a2c330eee","isMergeCommit":false,"messageTitle":"Implement storing retrieved tasks into ArrayList","messageBody":"","fileTypesAndContributionMap":{"txt":{"insertions":1,"deletions":1},"java":{"insertions":47,"deletions":3}}}]},{"date":"2025-01-31","commitResults":[{"hash":"c6afb4bfde5341be22fe7f9a50025d0ab767dff3","isMergeCommit":true,"messageTitle":"Revolve merge conflict","messageBody":"","tags":["Level-7"],"fileTypesAndContributionMap":{}}]}]},"authorFileTypeContributionMap":{"Kaidama97":{"java":524,"md":24,"fxml":0,"sh":0,"bat":1,"gradle":0,"txt":28}},"authorContributionVariance":{"Kaidama97":21810.785},"authorDisplayNameMap":{"Kaidama97":"CS2103-F08-1 TAY .. JUN"}}
