[{"path":"src/main/java/Deadline.java","fileType":"java","lines":[{"lineNumber":1,"author":{"gitId":"malihahaque"},"content":"public class Deadline extends Task {","lastModifiedDate":"2025-02-02","isFullCredit":false},{"lineNumber":2,"author":{"gitId":"malihahaque"},"content":"","lastModifiedDate":"2025-02-02","isFullCredit":false},{"lineNumber":3,"author":{"gitId":"malihahaque"},"content":"    protected String by;","lastModifiedDate":"2025-02-02","isFullCredit":false},{"lineNumber":4,"author":{"gitId":"malihahaque"},"content":"","lastModifiedDate":"2025-02-02","isFullCredit":false},{"lineNumber":5,"author":{"gitId":"malihahaque"},"content":"    public Deadline(String description, String by) {","lastModifiedDate":"2025-02-02","isFullCredit":false},{"lineNumber":6,"author":{"gitId":"malihahaque"},"content":"        super(description);","lastModifiedDate":"2025-02-02","isFullCredit":false},{"lineNumber":7,"author":{"gitId":"malihahaque"},"content":"        this.by \u003d by;","lastModifiedDate":"2025-02-02","isFullCredit":false},{"lineNumber":8,"author":{"gitId":"malihahaque"},"content":"    }","lastModifiedDate":"2025-02-02","isFullCredit":false},{"lineNumber":9,"author":{"gitId":"malihahaque"},"content":"","lastModifiedDate":"2025-02-02","isFullCredit":false},{"lineNumber":10,"author":{"gitId":"malihahaque"},"content":"    @Override","lastModifiedDate":"2025-02-02","isFullCredit":false},{"lineNumber":11,"author":{"gitId":"malihahaque"},"content":"    public String toString() {","lastModifiedDate":"2025-02-02","isFullCredit":false},{"lineNumber":12,"author":{"gitId":"malihahaque"},"content":"        return \"[D]\" + super.toString() + \" (by: \" + by + \")\";","lastModifiedDate":"2025-02-02","isFullCredit":false},{"lineNumber":13,"author":{"gitId":"malihahaque"},"content":"    }","lastModifiedDate":"2025-02-02","isFullCredit":false},{"lineNumber":14,"author":{"gitId":"malihahaque"},"content":"}","lastModifiedDate":"2025-02-02","isFullCredit":false}],"authorContributionMap":{"malihahaque":14}},{"path":"src/main/java/Event.java","fileType":"java","lines":[{"lineNumber":1,"author":{"gitId":"malihahaque"},"content":"public class Event extends Task {","lastModifiedDate":"2025-02-02","isFullCredit":false},{"lineNumber":2,"author":{"gitId":"malihahaque"},"content":"","lastModifiedDate":"2025-02-02","isFullCredit":false},{"lineNumber":3,"author":{"gitId":"malihahaque"},"content":"    protected String start;","lastModifiedDate":"2025-02-02","isFullCredit":false},{"lineNumber":4,"author":{"gitId":"malihahaque"},"content":"    protected String end;","lastModifiedDate":"2025-02-02","isFullCredit":false},{"lineNumber":5,"author":{"gitId":"malihahaque"},"content":"","lastModifiedDate":"2025-02-02","isFullCredit":false},{"lineNumber":6,"author":{"gitId":"malihahaque"},"content":"    public Event(String description, String start, String end) {","lastModifiedDate":"2025-02-02","isFullCredit":false},{"lineNumber":7,"author":{"gitId":"malihahaque"},"content":"        super(description);","lastModifiedDate":"2025-02-02","isFullCredit":false},{"lineNumber":8,"author":{"gitId":"malihahaque"},"content":"        this.start \u003d start;","lastModifiedDate":"2025-02-02","isFullCredit":false},{"lineNumber":9,"author":{"gitId":"malihahaque"},"content":"        this.end \u003d end;","lastModifiedDate":"2025-02-02","isFullCredit":false},{"lineNumber":10,"author":{"gitId":"malihahaque"},"content":"    }","lastModifiedDate":"2025-02-02","isFullCredit":false},{"lineNumber":11,"author":{"gitId":"malihahaque"},"content":"","lastModifiedDate":"2025-02-02","isFullCredit":false},{"lineNumber":12,"author":{"gitId":"malihahaque"},"content":"    @Override","lastModifiedDate":"2025-02-02","isFullCredit":false},{"lineNumber":13,"author":{"gitId":"malihahaque"},"content":"    public String toString() {","lastModifiedDate":"2025-02-02","isFullCredit":false},{"lineNumber":14,"author":{"gitId":"malihahaque"},"content":"        return \"[E]\" + super.toString() + \" (from: \" + start + \" to: \" + end + \")\";","lastModifiedDate":"2025-02-02","isFullCredit":false},{"lineNumber":15,"author":{"gitId":"malihahaque"},"content":"    }","lastModifiedDate":"2025-02-02","isFullCredit":false},{"lineNumber":16,"author":{"gitId":"malihahaque"},"content":"}","lastModifiedDate":"2025-02-02","isFullCredit":false},{"lineNumber":17,"author":{"gitId":"malihahaque"},"content":"","lastModifiedDate":"2025-02-02","isFullCredit":false}],"authorContributionMap":{"malihahaque":17}},{"path":"src/main/java/Lara.java","fileType":"java","lines":[{"lineNumber":1,"author":{"gitId":"malihahaque"},"content":"import java.util.Scanner;","lastModifiedDate":"2025-01-31","isFullCredit":false},{"lineNumber":2,"author":{"gitId":"malihahaque"},"content":"import java.util.ArrayList;","lastModifiedDate":"2025-01-31","isFullCredit":false},{"lineNumber":3,"author":{"gitId":"malihahaque"},"content":"","lastModifiedDate":"2025-01-31","isFullCredit":false},{"lineNumber":4,"author":{"gitId":"malihahaque"},"content":"public class Lara {","lastModifiedDate":"2025-01-31","isFullCredit":false},{"lineNumber":5,"author":{"gitId":"malihahaque"},"content":"    private static final ArrayList\u003cTask\u003e list \u003d new ArrayList\u003c\u003e();","lastModifiedDate":"2025-02-01","isFullCredit":false},{"lineNumber":6,"author":{"gitId":"malihahaque"},"content":"    public static void main (String args[]) {","lastModifiedDate":"2025-01-31","isFullCredit":false},{"lineNumber":7,"author":{"gitId":"malihahaque"},"content":"        Scanner scanner \u003d new Scanner(System.in);","lastModifiedDate":"2025-01-31","isFullCredit":false},{"lineNumber":8,"author":{"gitId":"malihahaque"},"content":"","lastModifiedDate":"2025-01-31","isFullCredit":false},{"lineNumber":9,"author":{"gitId":"malihahaque"},"content":"        System.out.println(\"Hello! I\u0027m Lara\");","lastModifiedDate":"2025-01-31","isFullCredit":false},{"lineNumber":10,"author":{"gitId":"malihahaque"},"content":"        System.out.println(\"What can I do for you?\");","lastModifiedDate":"2025-01-31","isFullCredit":false},{"lineNumber":11,"author":{"gitId":"malihahaque"},"content":"","lastModifiedDate":"2025-01-31","isFullCredit":false},{"lineNumber":12,"author":{"gitId":"malihahaque"},"content":"        try {","lastModifiedDate":"2025-02-02","isFullCredit":false},{"lineNumber":13,"author":{"gitId":"malihahaque"},"content":"            while (true) {","lastModifiedDate":"2025-01-31","isFullCredit":false},{"lineNumber":14,"author":{"gitId":"malihahaque"},"content":"                String message \u003d scanner.nextLine();","lastModifiedDate":"2025-01-31","isFullCredit":false},{"lineNumber":15,"author":{"gitId":"malihahaque"},"content":"                String firstWord \u003d message.split(\" \")[0];","lastModifiedDate":"2025-02-01","isFullCredit":false},{"lineNumber":16,"author":{"gitId":"malihahaque"},"content":"","lastModifiedDate":"2025-02-01","isFullCredit":false},{"lineNumber":17,"author":{"gitId":"malihahaque"},"content":"                if (message.equals(\"bye\")) {","lastModifiedDate":"2025-01-31","isFullCredit":false},{"lineNumber":18,"author":{"gitId":"malihahaque"},"content":"                    System.out.println(\"Bye. Hope to see you again soon!\");","lastModifiedDate":"2025-01-31","isFullCredit":false},{"lineNumber":19,"author":{"gitId":"malihahaque"},"content":"                    break;","lastModifiedDate":"2025-01-31","isFullCredit":false},{"lineNumber":20,"author":{"gitId":"malihahaque"},"content":"                } else if (message.equals(\"list\")) {","lastModifiedDate":"2025-01-31","isFullCredit":false},{"lineNumber":21,"author":{"gitId":"malihahaque"},"content":"                    printList();","lastModifiedDate":"2025-02-01","isFullCredit":false},{"lineNumber":22,"author":{"gitId":"malihahaque"},"content":"                } else if (firstWord.equals(\"mark\")) {","lastModifiedDate":"2025-02-01","isFullCredit":false},{"lineNumber":23,"author":{"gitId":"malihahaque"},"content":"                    markTask(message);","lastModifiedDate":"2025-02-01","isFullCredit":false},{"lineNumber":24,"author":{"gitId":"malihahaque"},"content":"                } else if (firstWord.equals(\"unmark\")) {","lastModifiedDate":"2025-02-01","isFullCredit":false},{"lineNumber":25,"author":{"gitId":"malihahaque"},"content":"                    unmarkTask(message);","lastModifiedDate":"2025-02-01","isFullCredit":false},{"lineNumber":26,"author":{"gitId":"malihahaque"},"content":"                } else if (firstWord.equals(\"delete\")) {","lastModifiedDate":"2025-02-02","isFullCredit":false},{"lineNumber":27,"author":{"gitId":"malihahaque"},"content":"                  deleteTask(message);","lastModifiedDate":"2025-02-02","isFullCredit":false},{"lineNumber":28,"author":{"gitId":"malihahaque"},"content":"                } else if (firstWord.equals(\"todo\") || firstWord.equals(\"deadline\") || firstWord.equals(\"event\")){","lastModifiedDate":"2025-02-02","isFullCredit":false},{"lineNumber":29,"author":{"gitId":"malihahaque"},"content":"                    addTask(message);","lastModifiedDate":"2025-02-01","isFullCredit":false},{"lineNumber":30,"author":{"gitId":"malihahaque"},"content":"                } else {","lastModifiedDate":"2025-02-02","isFullCredit":false},{"lineNumber":31,"author":{"gitId":"malihahaque"},"content":"                    throw new LaraException(\"I do not understand what you mean! Please try again!\");","lastModifiedDate":"2025-02-02","isFullCredit":false},{"lineNumber":32,"author":{"gitId":"malihahaque"},"content":"                }","lastModifiedDate":"2025-02-01","isFullCredit":false},{"lineNumber":33,"author":{"gitId":"malihahaque"},"content":"            }","lastModifiedDate":"2025-02-01","isFullCredit":false},{"lineNumber":34,"author":{"gitId":"malihahaque"},"content":"        } catch (LaraException e) {","lastModifiedDate":"2025-02-02","isFullCredit":false},{"lineNumber":35,"author":{"gitId":"malihahaque"},"content":"            System.out.println(e.getMessage());","lastModifiedDate":"2025-02-02","isFullCredit":false},{"lineNumber":36,"author":{"gitId":"malihahaque"},"content":"        }","lastModifiedDate":"2025-02-02","isFullCredit":false},{"lineNumber":37,"author":{"gitId":"malihahaque"},"content":"    }","lastModifiedDate":"2025-02-01","isFullCredit":false},{"lineNumber":38,"author":{"gitId":"malihahaque"},"content":"","lastModifiedDate":"2025-02-01","isFullCredit":false},{"lineNumber":39,"author":{"gitId":"malihahaque"},"content":"    private static void printList() {","lastModifiedDate":"2025-02-01","isFullCredit":false},{"lineNumber":40,"author":{"gitId":"malihahaque"},"content":"        System.out.println(\"Here are the tasks in your list:\");","lastModifiedDate":"2025-02-02","isFullCredit":false},{"lineNumber":41,"author":{"gitId":"malihahaque"},"content":"        for (int i\u003d1; i\u003c\u003dlist.size(); i++) {","lastModifiedDate":"2025-01-31","isFullCredit":false},{"lineNumber":42,"author":{"gitId":"malihahaque"},"content":"            System.out.println(i+ \". \" + list.get(i-1));","lastModifiedDate":"2025-01-31","isFullCredit":false},{"lineNumber":43,"author":{"gitId":"malihahaque"},"content":"        }","lastModifiedDate":"2025-01-31","isFullCredit":false},{"lineNumber":44,"author":{"gitId":"malihahaque"},"content":"    }","lastModifiedDate":"2025-01-31","isFullCredit":false},{"lineNumber":45,"author":{"gitId":"malihahaque"},"content":"","lastModifiedDate":"2025-02-01","isFullCredit":false},{"lineNumber":46,"author":{"gitId":"malihahaque"},"content":"    private static void addTask(String description) {","lastModifiedDate":"2025-02-01","isFullCredit":false},{"lineNumber":47,"author":{"gitId":"malihahaque"},"content":"        try {","lastModifiedDate":"2025-02-02","isFullCredit":false},{"lineNumber":48,"author":{"gitId":"malihahaque"},"content":"            String[] words\u003d description.split(\" \",2);","lastModifiedDate":"2025-02-02","isFullCredit":false},{"lineNumber":49,"author":{"gitId":"malihahaque"},"content":"            if (words.length \u003c2) {","lastModifiedDate":"2025-02-02","isFullCredit":false},{"lineNumber":50,"author":{"gitId":"malihahaque"},"content":"                throw new LaraException(\"Please describe the task you want to add!\");","lastModifiedDate":"2025-02-02","isFullCredit":false},{"lineNumber":51,"author":{"gitId":"malihahaque"},"content":"            }","lastModifiedDate":"2025-02-02","isFullCredit":false},{"lineNumber":52,"author":{"gitId":"malihahaque"},"content":"            String type \u003d words[0];","lastModifiedDate":"2025-02-02","isFullCredit":false},{"lineNumber":53,"author":{"gitId":"malihahaque"},"content":"            String date \u003d words[1];","lastModifiedDate":"2025-02-02","isFullCredit":false},{"lineNumber":54,"author":{"gitId":"malihahaque"},"content":"            System.out.println(\"Got it. I\u0027ve added this task:\");","lastModifiedDate":"2025-02-02","isFullCredit":false},{"lineNumber":55,"author":{"gitId":"malihahaque"},"content":"","lastModifiedDate":"2025-02-02","isFullCredit":false},{"lineNumber":56,"author":{"gitId":"malihahaque"},"content":"            if (type.equals(\"todo\")) {","lastModifiedDate":"2025-02-02","isFullCredit":false},{"lineNumber":57,"author":{"gitId":"malihahaque"},"content":"                Task todo\u003d new Todo(description);","lastModifiedDate":"2025-02-02","isFullCredit":false},{"lineNumber":58,"author":{"gitId":"malihahaque"},"content":"                list.add(todo);","lastModifiedDate":"2025-02-02","isFullCredit":false},{"lineNumber":59,"author":{"gitId":"malihahaque"},"content":"                System.out.println(todo);","lastModifiedDate":"2025-02-02","isFullCredit":false},{"lineNumber":60,"author":{"gitId":"malihahaque"},"content":"            } else if (type.equals(\"deadline\")) {","lastModifiedDate":"2025-02-02","isFullCredit":false},{"lineNumber":61,"author":{"gitId":"malihahaque"},"content":"                String[] by\u003d date.split(\" /by \",2);","lastModifiedDate":"2025-02-02","isFullCredit":false},{"lineNumber":62,"author":{"gitId":"malihahaque"},"content":"                Task deadline\u003d new Deadline(by[0], by[1]);","lastModifiedDate":"2025-02-02","isFullCredit":false},{"lineNumber":63,"author":{"gitId":"malihahaque"},"content":"                list.add(deadline);","lastModifiedDate":"2025-02-02","isFullCredit":false},{"lineNumber":64,"author":{"gitId":"malihahaque"},"content":"                System.out.println(deadline);","lastModifiedDate":"2025-02-02","isFullCredit":false},{"lineNumber":65,"author":{"gitId":"malihahaque"},"content":"            } else {","lastModifiedDate":"2025-02-02","isFullCredit":false},{"lineNumber":66,"author":{"gitId":"malihahaque"},"content":"                String[] parts\u003d date.split(\" /from | /to \", 3);","lastModifiedDate":"2025-02-02","isFullCredit":false},{"lineNumber":67,"author":{"gitId":"malihahaque"},"content":"                Task event \u003d new Event(parts[0], parts[1], parts[2]);","lastModifiedDate":"2025-02-02","isFullCredit":false},{"lineNumber":68,"author":{"gitId":"malihahaque"},"content":"                list.add(event);","lastModifiedDate":"2025-02-02","isFullCredit":false},{"lineNumber":69,"author":{"gitId":"malihahaque"},"content":"                System.out.println(event);","lastModifiedDate":"2025-02-02","isFullCredit":false},{"lineNumber":70,"author":{"gitId":"malihahaque"},"content":"            }","lastModifiedDate":"2025-02-02","isFullCredit":false},{"lineNumber":71,"author":{"gitId":"malihahaque"},"content":"            System.out.println(\"Now you have \" + list.size() + \" tasks in the list.\");","lastModifiedDate":"2025-02-02","isFullCredit":false},{"lineNumber":72,"author":{"gitId":"malihahaque"},"content":"        } catch (LaraException e) {","lastModifiedDate":"2025-02-02","isFullCredit":false},{"lineNumber":73,"author":{"gitId":"malihahaque"},"content":"            System.out.println(e.getMessage());","lastModifiedDate":"2025-02-02","isFullCredit":false},{"lineNumber":74,"author":{"gitId":"malihahaque"},"content":"        }","lastModifiedDate":"2025-02-02","isFullCredit":false},{"lineNumber":75,"author":{"gitId":"malihahaque"},"content":"    }","lastModifiedDate":"2025-02-01","isFullCredit":false},{"lineNumber":76,"author":{"gitId":"malihahaque"},"content":"","lastModifiedDate":"2025-02-01","isFullCredit":false},{"lineNumber":77,"author":{"gitId":"malihahaque"},"content":"    private static void deleteTask(String command) {","lastModifiedDate":"2025-02-02","isFullCredit":false},{"lineNumber":78,"author":{"gitId":"malihahaque"},"content":"        try {","lastModifiedDate":"2025-02-02","isFullCredit":false},{"lineNumber":79,"author":{"gitId":"malihahaque"},"content":"            int taskNumber \u003d Integer.parseInt(command.split(\" \")[1]) - 1;","lastModifiedDate":"2025-02-02","isFullCredit":false},{"lineNumber":80,"author":{"gitId":"malihahaque"},"content":"            if (taskNumber \u003c 0 || taskNumber \u003e  list.size()) {","lastModifiedDate":"2025-02-02","isFullCredit":false},{"lineNumber":81,"author":{"gitId":"malihahaque"},"content":"                throw new LaraException(\"Please input a valid task number!\");","lastModifiedDate":"2025-02-02","isFullCredit":false},{"lineNumber":82,"author":{"gitId":"malihahaque"},"content":"            }","lastModifiedDate":"2025-02-02","isFullCredit":false},{"lineNumber":83,"author":{"gitId":"malihahaque"},"content":"            Task removedTask \u003d list.remove(taskNumber);","lastModifiedDate":"2025-02-02","isFullCredit":false},{"lineNumber":84,"author":{"gitId":"malihahaque"},"content":"            System.out.println(\"Noted. I\u0027ve removed this task:\");","lastModifiedDate":"2025-02-02","isFullCredit":false},{"lineNumber":85,"author":{"gitId":"malihahaque"},"content":"            System.out.println(removedTask);","lastModifiedDate":"2025-02-02","isFullCredit":false},{"lineNumber":86,"author":{"gitId":"malihahaque"},"content":"            System.out.println(\"Now you have \" + list.size() + \" tasks in the list.\");","lastModifiedDate":"2025-02-02","isFullCredit":false},{"lineNumber":87,"author":{"gitId":"malihahaque"},"content":"        } catch (LaraException e) {","lastModifiedDate":"2025-02-02","isFullCredit":false},{"lineNumber":88,"author":{"gitId":"malihahaque"},"content":"            System.out.println(e.getMessage());","lastModifiedDate":"2025-02-02","isFullCredit":false},{"lineNumber":89,"author":{"gitId":"malihahaque"},"content":"        }","lastModifiedDate":"2025-02-02","isFullCredit":false},{"lineNumber":90,"author":{"gitId":"malihahaque"},"content":"    }","lastModifiedDate":"2025-02-02","isFullCredit":false},{"lineNumber":91,"author":{"gitId":"malihahaque"},"content":"","lastModifiedDate":"2025-02-02","isFullCredit":false},{"lineNumber":92,"author":{"gitId":"malihahaque"},"content":"    private static void markTask(String command) {","lastModifiedDate":"2025-02-01","isFullCredit":false},{"lineNumber":93,"author":{"gitId":"malihahaque"},"content":"        try {","lastModifiedDate":"2025-02-02","isFullCredit":false},{"lineNumber":94,"author":{"gitId":"malihahaque"},"content":"            int taskNumber \u003d Integer.parseInt(command.split(\" \")[1]) - 1;","lastModifiedDate":"2025-02-01","isFullCredit":false},{"lineNumber":95,"author":{"gitId":"malihahaque"},"content":"            if (taskNumber \u003c 0 || taskNumber \u003e  list.size()) {","lastModifiedDate":"2025-02-02","isFullCredit":false},{"lineNumber":96,"author":{"gitId":"malihahaque"},"content":"                throw new LaraException(\"Please input a valid task number!\");","lastModifiedDate":"2025-02-02","isFullCredit":false},{"lineNumber":97,"author":{"gitId":"malihahaque"},"content":"            }","lastModifiedDate":"2025-02-02","isFullCredit":false},{"lineNumber":98,"author":{"gitId":"malihahaque"},"content":"                list.get(taskNumber).markAsDone();","lastModifiedDate":"2025-02-01","isFullCredit":false},{"lineNumber":99,"author":{"gitId":"malihahaque"},"content":"                System.out.println(\"Nice! I\u0027ve marked this task as done:\");","lastModifiedDate":"2025-02-01","isFullCredit":false},{"lineNumber":100,"author":{"gitId":"malihahaque"},"content":"                System.out.println(\"[X] \" + list.get(taskNumber).getDescription());","lastModifiedDate":"2025-02-01","isFullCredit":false},{"lineNumber":101,"author":{"gitId":"malihahaque"},"content":"            } catch (LaraException e) {","lastModifiedDate":"2025-02-02","isFullCredit":false},{"lineNumber":102,"author":{"gitId":"malihahaque"},"content":"                System.out.println(e.getMessage());","lastModifiedDate":"2025-02-02","isFullCredit":false},{"lineNumber":103,"author":{"gitId":"malihahaque"},"content":"            }","lastModifiedDate":"2025-02-02","isFullCredit":false},{"lineNumber":104,"author":{"gitId":"malihahaque"},"content":"    }","lastModifiedDate":"2025-01-31","isFullCredit":false},{"lineNumber":105,"author":{"gitId":"malihahaque"},"content":"    private static void unmarkTask(String command) {","lastModifiedDate":"2025-02-01","isFullCredit":false},{"lineNumber":106,"author":{"gitId":"malihahaque"},"content":"        try {","lastModifiedDate":"2025-02-02","isFullCredit":false},{"lineNumber":107,"author":{"gitId":"malihahaque"},"content":"            int taskNumber \u003d Integer.parseInt(command.split(\" \")[1]) - 1;","lastModifiedDate":"2025-02-01","isFullCredit":false},{"lineNumber":108,"author":{"gitId":"malihahaque"},"content":"            if (taskNumber \u003c 0 || taskNumber \u003e  list.size()) {","lastModifiedDate":"2025-02-02","isFullCredit":false},{"lineNumber":109,"author":{"gitId":"malihahaque"},"content":"                throw new LaraException(\"Please input a valid task number!\");","lastModifiedDate":"2025-02-02","isFullCredit":false},{"lineNumber":110,"author":{"gitId":"malihahaque"},"content":"            }","lastModifiedDate":"2025-02-02","isFullCredit":false},{"lineNumber":111,"author":{"gitId":"malihahaque"},"content":"                list.get(taskNumber).markAsUndone();","lastModifiedDate":"2025-02-01","isFullCredit":false},{"lineNumber":112,"author":{"gitId":"malihahaque"},"content":"                System.out.println(\"OK, I\u0027ve marked this task as not done yet:\");","lastModifiedDate":"2025-02-01","isFullCredit":false},{"lineNumber":113,"author":{"gitId":"malihahaque"},"content":"                System.out.println(\"[ ] \" + list.get(taskNumber).getDescription());","lastModifiedDate":"2025-02-01","isFullCredit":false},{"lineNumber":114,"author":{"gitId":"malihahaque"},"content":"            } catch (LaraException e) {","lastModifiedDate":"2025-02-02","isFullCredit":false},{"lineNumber":115,"author":{"gitId":"malihahaque"},"content":"            System.out.println(e.getMessage());","lastModifiedDate":"2025-02-02","isFullCredit":false},{"lineNumber":116,"author":{"gitId":"malihahaque"},"content":"            }","lastModifiedDate":"2025-02-02","isFullCredit":false},{"lineNumber":117,"author":{"gitId":"malihahaque"},"content":"    }","lastModifiedDate":"2025-01-31","isFullCredit":false},{"lineNumber":118,"author":{"gitId":"malihahaque"},"content":"}","lastModifiedDate":"2025-01-31","isFullCredit":false},{"lineNumber":119,"author":{"gitId":"malihahaque"},"content":"","lastModifiedDate":"2025-02-01","isFullCredit":false},{"lineNumber":120,"author":{"gitId":"malihahaque"},"content":"","lastModifiedDate":"2025-02-01","isFullCredit":false},{"lineNumber":121,"author":{"gitId":"malihahaque"},"content":"","lastModifiedDate":"2025-02-01","isFullCredit":false},{"lineNumber":122,"author":{"gitId":"malihahaque"},"content":"","lastModifiedDate":"2025-02-01","isFullCredit":false}],"authorContributionMap":{"malihahaque":122}},{"path":"src/main/java/LaraException.java","fileType":"java","lines":[{"lineNumber":1,"author":{"gitId":"malihahaque"},"content":"public class LaraException extends Exception{","lastModifiedDate":"2025-02-02","isFullCredit":false},{"lineNumber":2,"author":{"gitId":"malihahaque"},"content":"    public LaraException(String message) {","lastModifiedDate":"2025-02-02","isFullCredit":false},{"lineNumber":3,"author":{"gitId":"malihahaque"},"content":"        super(message);","lastModifiedDate":"2025-02-02","isFullCredit":false},{"lineNumber":4,"author":{"gitId":"malihahaque"},"content":"    }","lastModifiedDate":"2025-02-02","isFullCredit":false},{"lineNumber":5,"author":{"gitId":"malihahaque"},"content":"}","lastModifiedDate":"2025-02-02","isFullCredit":false}],"authorContributionMap":{"malihahaque":5}},{"path":"src/main/java/Task.java","fileType":"java","lines":[{"lineNumber":1,"author":{"gitId":"malihahaque"},"content":"import java.util.ArrayList;","lastModifiedDate":"2025-02-01","isFullCredit":false},{"lineNumber":2,"author":{"gitId":"malihahaque"},"content":"","lastModifiedDate":"2025-02-01","isFullCredit":false},{"lineNumber":3,"author":{"gitId":"malihahaque"},"content":"public class Task {","lastModifiedDate":"2025-02-01","isFullCredit":false},{"lineNumber":4,"author":{"gitId":"malihahaque"},"content":"    protected String description;","lastModifiedDate":"2025-02-01","isFullCredit":false},{"lineNumber":5,"author":{"gitId":"malihahaque"},"content":"    protected boolean isDone;","lastModifiedDate":"2025-02-01","isFullCredit":false},{"lineNumber":6,"author":{"gitId":"malihahaque"},"content":"    protected static int taskCounter\u003d0;","lastModifiedDate":"2025-02-01","isFullCredit":false},{"lineNumber":7,"author":{"gitId":"malihahaque"},"content":"","lastModifiedDate":"2025-02-01","isFullCredit":false},{"lineNumber":8,"author":{"gitId":"malihahaque"},"content":"    public Task(String description) {","lastModifiedDate":"2025-02-01","isFullCredit":false},{"lineNumber":9,"author":{"gitId":"malihahaque"},"content":"        this.description \u003d description;","lastModifiedDate":"2025-02-01","isFullCredit":false},{"lineNumber":10,"author":{"gitId":"malihahaque"},"content":"        this.isDone \u003d false;","lastModifiedDate":"2025-02-01","isFullCredit":false},{"lineNumber":11,"author":{"gitId":"malihahaque"},"content":"    }","lastModifiedDate":"2025-02-01","isFullCredit":false},{"lineNumber":12,"author":{"gitId":"malihahaque"},"content":"","lastModifiedDate":"2025-02-01","isFullCredit":false},{"lineNumber":13,"author":{"gitId":"malihahaque"},"content":"    public String getStatusIcon() {","lastModifiedDate":"2025-02-01","isFullCredit":false},{"lineNumber":14,"author":{"gitId":"malihahaque"},"content":"        return (isDone ? \"X\" : \" \"); // mark done task with X","lastModifiedDate":"2025-02-01","isFullCredit":false},{"lineNumber":15,"author":{"gitId":"malihahaque"},"content":"    }","lastModifiedDate":"2025-02-01","isFullCredit":false},{"lineNumber":16,"author":{"gitId":"malihahaque"},"content":"","lastModifiedDate":"2025-02-01","isFullCredit":false},{"lineNumber":17,"author":{"gitId":"malihahaque"},"content":"    public String getDescription() {","lastModifiedDate":"2025-02-01","isFullCredit":false},{"lineNumber":18,"author":{"gitId":"malihahaque"},"content":"        return this.description;","lastModifiedDate":"2025-02-01","isFullCredit":false},{"lineNumber":19,"author":{"gitId":"malihahaque"},"content":"    }","lastModifiedDate":"2025-02-01","isFullCredit":false},{"lineNumber":20,"author":{"gitId":"malihahaque"},"content":"","lastModifiedDate":"2025-02-01","isFullCredit":false},{"lineNumber":21,"author":{"gitId":"malihahaque"},"content":"    public void markAsDone() {","lastModifiedDate":"2025-02-01","isFullCredit":false},{"lineNumber":22,"author":{"gitId":"malihahaque"},"content":"        this.isDone\u003dtrue;","lastModifiedDate":"2025-02-01","isFullCredit":false},{"lineNumber":23,"author":{"gitId":"malihahaque"},"content":"    }","lastModifiedDate":"2025-02-01","isFullCredit":false},{"lineNumber":24,"author":{"gitId":"malihahaque"},"content":"","lastModifiedDate":"2025-02-01","isFullCredit":false},{"lineNumber":25,"author":{"gitId":"malihahaque"},"content":"    public void markAsUndone() {","lastModifiedDate":"2025-02-01","isFullCredit":false},{"lineNumber":26,"author":{"gitId":"malihahaque"},"content":"        this.isDone\u003dfalse;","lastModifiedDate":"2025-02-01","isFullCredit":false},{"lineNumber":27,"author":{"gitId":"malihahaque"},"content":"    }","lastModifiedDate":"2025-02-01","isFullCredit":false},{"lineNumber":28,"author":{"gitId":"malihahaque"},"content":"","lastModifiedDate":"2025-02-01","isFullCredit":false},{"lineNumber":29,"author":{"gitId":"malihahaque"},"content":"    @Override","lastModifiedDate":"2025-02-01","isFullCredit":false},{"lineNumber":30,"author":{"gitId":"malihahaque"},"content":"    public String toString() {","lastModifiedDate":"2025-02-01","isFullCredit":false},{"lineNumber":31,"author":{"gitId":"malihahaque"},"content":"        return \"[\" + getStatusIcon() + \"] \" + description;","lastModifiedDate":"2025-02-02","isFullCredit":false},{"lineNumber":32,"author":{"gitId":"malihahaque"},"content":"    }","lastModifiedDate":"2025-02-01","isFullCredit":false},{"lineNumber":33,"author":{"gitId":"malihahaque"},"content":"}","lastModifiedDate":"2025-02-01","isFullCredit":false},{"lineNumber":34,"author":{"gitId":"malihahaque"},"content":"","lastModifiedDate":"2025-02-01","isFullCredit":false}],"authorContributionMap":{"malihahaque":34}},{"path":"src/main/java/Todo.java","fileType":"java","lines":[{"lineNumber":1,"author":{"gitId":"malihahaque"},"content":"public class Todo extends Task {","lastModifiedDate":"2025-02-02","isFullCredit":false},{"lineNumber":2,"author":{"gitId":"malihahaque"},"content":"","lastModifiedDate":"2025-02-02","isFullCredit":false},{"lineNumber":3,"author":{"gitId":"malihahaque"},"content":"    public Todo(String description) {","lastModifiedDate":"2025-02-02","isFullCredit":false},{"lineNumber":4,"author":{"gitId":"malihahaque"},"content":"        super(description);","lastModifiedDate":"2025-02-02","isFullCredit":false},{"lineNumber":5,"author":{"gitId":"malihahaque"},"content":"    }","lastModifiedDate":"2025-02-02","isFullCredit":false},{"lineNumber":6,"author":{"gitId":"malihahaque"},"content":"    @Override","lastModifiedDate":"2025-02-02","isFullCredit":false},{"lineNumber":7,"author":{"gitId":"malihahaque"},"content":"    public String toString() {","lastModifiedDate":"2025-02-02","isFullCredit":false},{"lineNumber":8,"author":{"gitId":"malihahaque"},"content":"        return \"[T]\" + super.toString();","lastModifiedDate":"2025-02-02","isFullCredit":false},{"lineNumber":9,"author":{"gitId":"malihahaque"},"content":"    }","lastModifiedDate":"2025-02-02","isFullCredit":false},{"lineNumber":10,"author":{"gitId":"malihahaque"},"content":"}","lastModifiedDate":"2025-02-02","isFullCredit":false},{"lineNumber":11,"author":{"gitId":"malihahaque"},"content":"","lastModifiedDate":"2025-02-02","isFullCredit":false}],"authorContributionMap":{"malihahaque":11}},{"path":"text-ui-test/input.txt","fileType":"txt","lines":[{"lineNumber":1,"author":{"gitId":"malihahaque"},"content":"todo borrow book","lastModifiedDate":"2025-02-07","isFullCredit":false},{"lineNumber":2,"author":{"gitId":"malihahaque"},"content":"deadline return book /by Sunday","lastModifiedDate":"2025-02-07","isFullCredit":false},{"lineNumber":3,"author":{"gitId":"malihahaque"},"content":"event project meeting /from Mon 2pm /to 4pm","lastModifiedDate":"2025-02-07","isFullCredit":false},{"lineNumber":4,"author":{"gitId":"malihahaque"},"content":"list","lastModifiedDate":"2025-02-07","isFullCredit":false},{"lineNumber":5,"author":{"gitId":"malihahaque"},"content":"mark 2","lastModifiedDate":"2025-02-07","isFullCredit":false},{"lineNumber":6,"author":{"gitId":"malihahaque"},"content":"list","lastModifiedDate":"2025-02-07","isFullCredit":false},{"lineNumber":7,"author":{"gitId":"malihahaque"},"content":"bye","lastModifiedDate":"2025-02-07","isFullCredit":false}],"authorContributionMap":{"malihahaque":7}}]
