{"authorDailyContributionsMap":{"Ernestnzx":[{"date":"2025-01-18","commitResults":[{"hash":"af65a474a9d5e9da9a697389b8f0190945b722f3","isMergeCommit":false,"messageTitle":"Level-0","messageBody":"","tags":["Level-0"],"fileTypesAndContributionMap":{"java":{"insertions":24,"deletions":10},"sh":{"insertions":20,"deletions":1}}},{"hash":"67e4dd3f389227c0e203d80ae9cc5487c5240398","isMergeCommit":false,"messageTitle":"Added echo","messageBody":"","tags":["Level-1"],"fileTypesAndContributionMap":{"java":{"insertions":20,"deletions":2}}},{"hash":"e11d0783c2aeb0bf8dfd216232650d09bef8f64c","isMergeCommit":false,"messageTitle":"Added task lists","messageBody":"","tags":["Level-2"],"fileTypesAndContributionMap":{"java":{"insertions":26,"deletions":2},"sh":{"insertions":0,"deletions":19}}},{"hash":"b03439d1ef43555a64755c4b4906e344a7ea6e66","isMergeCommit":false,"messageTitle":"Added Task + changed bot reply in Main","messageBody":"","fileTypesAndContributionMap":{"java":{"insertions":61,"deletions":14}}},{"hash":"8c1363ec02cd08c94a993879c504592401444962","isMergeCommit":false,"messageTitle":"Fixed spelling mistake","messageBody":"","tags":["Level-3"],"fileTypesAndContributionMap":{"java":{"insertions":1,"deletions":1}}},{"hash":"44e698e82f86c5c81606575fe9c1ee495c90c437","isMergeCommit":false,"messageTitle":"Addded Task interface + refactor code","messageBody":"","fileTypesAndContributionMap":{"java":{"insertions":101,"deletions":38}}},{"hash":"1e93d12843371dd3422feb834c9d1cf611fdc563","isMergeCommit":false,"messageTitle":"Changed interface to abstract class","messageBody":"","fileTypesAndContributionMap":{"java":{"insertions":26,"deletions":57}}}]},{"date":"2025-01-19","commitResults":[{"hash":"52849c8e66819be404c300552d23cf7e890585a8","isMergeCommit":false,"messageTitle":"Added all events + fixed .toString() methods","messageBody":"","fileTypesAndContributionMap":{"java":{"insertions":22,"deletions":6}}},{"hash":"b0554787424e759a9db719bc3428a0dda88b90ec","isMergeCommit":false,"messageTitle":"Added TaskFactory + Events","messageBody":"","tags":["Level-4"],"fileTypesAndContributionMap":{"java":{"insertions":27,"deletions":10}}},{"hash":"7864498b6084788658303619368af40a3750b9ef","isMergeCommit":false,"messageTitle":"Added Automated Text UI Testing","messageBody":"","tags":["A-TextUiTesting"],"fileTypesAndContributionMap":{"txt":{"insertions":17,"deletions":0},"java":{"insertions":2,"deletions":2}}},{"hash":"acd4919aef1f0d357d830b74f8caf1fa7129736d","isMergeCommit":false,"messageTitle":"Moved logic from Main to Amara Bot","messageBody":"","fileTypesAndContributionMap":{"java":{"insertions":45,"deletions":40}}},{"hash":"26cc1654e5299baecf61f878b0c6c17e733e817f","isMergeCommit":false,"messageTitle":"Added error testcase + code for exception handling","messageBody":"","fileTypesAndContributionMap":{"txt":{"insertions":27,"deletions":0},"java":{"insertions":103,"deletions":34},"sh":{"insertions":20,"deletions":7}}},{"hash":"9458ea9bf86bbe0efe994401ed924f46157eb678","isMergeCommit":false,"messageTitle":"Added more exception handling","messageBody":"","tags":["Level-5"],"fileTypesAndContributionMap":{"txt":{"insertions":2,"deletions":0},"java":{"insertions":8,"deletions":1}}},{"hash":"c1510a1f0b15322f9997c2a73e85c3b15f327e28","isMergeCommit":false,"messageTitle":"Added delete functionality","messageBody":"","fileTypesAndContributionMap":{"txt":{"insertions":11,"deletions":0},"java":{"insertions":10,"deletions":1}}},{"hash":"86ab1fd82e820372c8934d4a427df9ad33e5c65c","isMergeCommit":false,"messageTitle":"Swapped if-else to switch-case","messageBody":"","tags":["Level-6"],"fileTypesAndContributionMap":{"java":{"insertions":50,"deletions":39}}}]},{"date":"2025-01-20","commitResults":[{"hash":"5d22efdc5232a9e92c63cc9222d1b4e795212f56","isMergeCommit":false,"messageTitle":"Added enums and changed the switch-case","messageBody":"","tags":["A-Enums"],"fileTypesAndContributionMap":{"java":{"insertions":38,"deletions":20}}},{"hash":"4f86206accfab98b156c5b4a24cfd7eddba6b60f","isMergeCommit":false,"messageTitle":"Changed all instances of commandString to it\u0027s enum","messageBody":"","fileTypesAndContributionMap":{"java":{"insertions":15,"deletions":17}}}]},{"date":"2025-01-24","commitResults":[{"hash":"7a6acfcd4fd73ad324a177294024a35f6fab83d0","isMergeCommit":false,"messageTitle":"Added save functionality","messageBody":"","fileTypesAndContributionMap":{"java":{"insertions":87,"deletions":0}}},{"hash":"7590dcebe3d09038d12b2ba0bd50694c0c0cfc3c","isMergeCommit":true,"messageTitle":"Merge branch \u0027branch-Level-7\u0027","messageBody":"","tags":["Level-7"],"fileTypesAndContributionMap":{}}]},{"date":"2025-01-25","commitResults":[{"hash":"3077591a27a37c38e731cda0a9579461bad1c4e8","isMergeCommit":false,"messageTitle":"Amara bot now understands date and time","messageBody":"","fileTypesAndContributionMap":{"txt":{"insertions":12,"deletions":13},"java":{"insertions":59,"deletions":14},"sh":{"insertions":2,"deletions":0}}},{"hash":"b24ab8491014ffd5789492ab9ef50ada6836e0bb","isMergeCommit":true,"messageTitle":"Merge branch \u0027branch-Level-8\u0027","messageBody":"","tags":["Level-8"],"fileTypesAndContributionMap":{}}]},{"date":"2025-01-26","commitResults":[{"hash":"e71b4e5c30dd8b0fe9bf21a279449828ea16c31f","isMergeCommit":false,"messageTitle":"Added Storage + Ui for AmaraBot","messageBody":"","fileTypesAndContributionMap":{"java":{"insertions":112,"deletions":69},"sh":{"insertions":2,"deletions":4}}},{"hash":"1c7990113814c336bbdaac940cf69dafef2e920c","isMergeCommit":false,"messageTitle":"Updated UI class to print messages","messageBody":"","fileTypesAndContributionMap":{"java":{"insertions":88,"deletions":57}}},{"hash":"4079d61b760f7477d309391090a41fd0ac35d57d","isMergeCommit":false,"messageTitle":"Fixed Memory file issue","messageBody":"","fileTypesAndContributionMap":{"java":{"insertions":14,"deletions":19},"sh":{"insertions":2,"deletions":2}}},{"hash":"c505b335d5fa47cb117cebbf2cc0c1fd89dd25ab","isMergeCommit":false,"messageTitle":"Refactored my spaghetti to make it more OOP","messageBody":"","fileTypesAndContributionMap":{"java":{"insertions":249,"deletions":159}}},{"hash":"bcb40b44c1a99a88dbb9d314999ba33ac15e181c","isMergeCommit":true,"messageTitle":"Merge branch \u0027branch-A-MoreOOP\u0027","messageBody":"","tags":["A-MoreOOP"],"fileTypesAndContributionMap":{}},{"hash":"57aa1842d646042c66a74b4d43c06fa780734cfe","isMergeCommit":false,"messageTitle":"Added packages to make better spaghetti","messageBody":"","fileTypesAndContributionMap":{"java":{"insertions":103,"deletions":18}}},{"hash":"8812298d49b8d24a2b511e572be5c59aa93661f8","isMergeCommit":true,"messageTitle":"Merge branch \u0027branch-A-Packages\u0027","messageBody":"","tags":["A-Packages"],"fileTypesAndContributionMap":{}},{"hash":"a668e81bfd978078f8563bc4df1c8e9266f30b04","isMergeCommit":false,"messageTitle":"Removed unused code","messageBody":"","fileTypesAndContributionMap":{"java":{"insertions":0,"deletions":10}}},{"hash":"dd12b7f7726b8074c8d665116023f5100e044bdb","isMergeCommit":true,"messageTitle":"Merge remote-tracking branch \u0027origin/add-gradle-support\u0027","messageBody":"","fileTypesAndContributionMap":{}},{"hash":"2dfa2d91a84f7352528bab4611cc58acc2300cab","isMergeCommit":false,"messageTitle":"Amara is now the main class","messageBody":"","tags":["A-Gradle"],"fileTypesAndContributionMap":{"java":{"insertions":4,"deletions":6}}},{"hash":"01e194f142bc4242a313db2dd8d61b5d3f8a06dc","isMergeCommit":false,"messageTitle":"Merged with gradle and updated config","messageBody":"","fileTypesAndContributionMap":{"gradle":{"insertions":1,"deletions":1}}},{"hash":"548ffa8843fd539ac709e2960cbecff3bf7fb81b","isMergeCommit":false,"messageTitle":"Add JUnit Tests","messageBody":"","fileTypesAndContributionMap":{"txt":{"insertions":1,"deletions":0},"java":{"insertions":157,"deletions":18}}},{"hash":"c6bf61ad44b359d829914dfba5f72596290a5da0","isMergeCommit":false,"messageTitle":"Close BufferedReader","messageBody":"","tags":["A-JUnit"],"fileTypesAndContributionMap":{"java":{"insertions":1,"deletions":1}}},{"hash":"ff20edc3e48aa8918437b8d33052dabb85eab69e","isMergeCommit":false,"messageTitle":"Change archiveBaseName to amara","messageBody":"","tags":["A-Jar"],"fileTypesAndContributionMap":{"gradle":{"insertions":1,"deletions":1}}},{"hash":"756baa2b3c9190353eae834624f1472e4916f4ec","isMergeCommit":false,"messageTitle":"Added Java documentation for all classes","messageBody":"","tags":["A-JavaDoc"],"fileTypesAndContributionMap":{"java":{"insertions":208,"deletions":6}}},{"hash":"5511a6f7eb27ab0a5ccbbdbf1d1f5507a94785b8","isMergeCommit":false,"messageTitle":"Align the code better to codestyle","messageBody":"","tags":["A-CodingStandard"],"fileTypesAndContributionMap":{"java":{"insertions":45,"deletions":11}}},{"hash":"1d24042d43b3601c9f8baf1b11d5c7226348b454","isMergeCommit":false,"messageTitle":"Add Find functionality","messageBody":"","fileTypesAndContributionMap":{"java":{"insertions":56,"deletions":2}}},{"hash":"226ed20556a19ca8200020c8bed3983d23559d09","isMergeCommit":true,"messageTitle":"Merge branch \u0027branch-A-JavaDoc\u0027","messageBody":"","fileTypesAndContributionMap":{}},{"hash":"cca17d7cfef69957437c5ad047b1b095573da9c3","isMergeCommit":true,"messageTitle":"Merge branch \u0027branch-A-CodingStandard\u0027","messageBody":"","fileTypesAndContributionMap":{}},{"hash":"ce12af319d0db1702c55540f6973094835067683","isMergeCommit":true,"messageTitle":"Merge branch \u0027branch-Level-9\u0027","messageBody":"","fileTypesAndContributionMap":{}},{"hash":"a5743dec1ffd216e131d49fd84a6735108f4ff43","isMergeCommit":false,"messageTitle":"Add data + fix Memory bug","messageBody":"","fileTypesAndContributionMap":{"txt":{"insertions":6,"deletions":0},"java":{"insertions":11,"deletions":11}}}]},{"date":"2025-01-27","commitResults":[{"hash":"b20884f3ce2f31df91ffaf7362941534b720081f","isMergeCommit":false,"messageTitle":"Fix Memory bug, rearrange and add more test cases","messageBody":"","tags":["Level-9"],"fileTypesAndContributionMap":{"gradle":{"insertions":1,"deletions":1},"txt":{"insertions":19,"deletions":0},"java":{"insertions":31,"deletions":38}}}]},{"date":"2025-01-30","commitResults":[{"hash":"89ae26a99b0bbe0551d41b5918803918e45a934f","isMergeCommit":false,"messageTitle":"Change return signature of Command from void to String","messageBody":"","fileTypesAndContributionMap":{"java":{"insertions":95,"deletions":92}}},{"hash":"1dc4a692a3411d924515a00eac5411dc1016b0b2","isMergeCommit":false,"messageTitle":"Fix indent for switch-case","messageBody":"","fileTypesAndContributionMap":{"java":{"insertions":34,"deletions":34}}}]},{"date":"2025-01-31","commitResults":[{"hash":"11f8c3845cc4d4c0e85f5191cc7cf340add393a6","isMergeCommit":false,"messageTitle":"Update README.md","messageBody":"","fileTypesAndContributionMap":{"md":{"insertions":21,"deletions":21}}}]}]},"authorFileTypeContributionMap":{"Ernestnzx":{"java":1081,"md":21,"fxml":0,"sh":21,"bat":0,"gradle":2,"txt":82}},"authorContributionVariance":{"Ernestnzx":100781.42},"authorDisplayNameMap":{"Ernestnzx":"CS2103-F08-4 ERNE..XUAN"}}
