{"authorDailyContributionsMap":{"gn07":[{"date":"2025-01-22","commitResults":[{"hash":"fe148ca5f746874b96a4eaff264bbd7f4a9e0a8e","isMergeCommit":false,"messageTitle":"rename, greet and exit","messageBody":"","fileTypesAndContributionMap":{"java":{"insertions":20,"deletions":10},"md":{"insertions":5,"deletions":6}}},{"hash":"33ca97ea2f2d46df8fc4742f8b3c88041047454a","isMergeCommit":false,"messageTitle":" Echo","messageBody":"","tags":["Level-1"],"fileTypesAndContributionMap":{"java":{"insertions":12,"deletions":3}}},{"hash":"709c9342d90adc5fed2285234e9f596eca83b129","isMergeCommit":false,"messageTitle":"Add, List","messageBody":"","tags":["Level-2"],"fileTypesAndContributionMap":{"java":{"insertions":11,"deletions":1}}},{"hash":"37ad56874d5b9c8fd1b3654c14631e0929e86c83","isMergeCommit":false,"messageTitle":"Mark as Done","messageBody":"","tags":["Level-3"],"fileTypesAndContributionMap":{"java":{"insertions":46,"deletions":7}}},{"hash":"4be1433115efaf0deeaed05346abd2d769230277","isMergeCommit":false,"messageTitle":"ToDos, Events, Deadlines","messageBody":"","tags":["Level-4"],"fileTypesAndContributionMap":{"java":{"insertions":60,"deletions":0}}},{"hash":"c7220050397a2d095318b66fe0cf308fedfe5361","isMergeCommit":false,"messageTitle":"Automated Text UI Testing","messageBody":"","tags":["A-TextUiTesting"],"fileTypesAndContributionMap":{"txt":{"insertions":1,"deletions":0},"bat":{"insertions":1,"deletions":1}}},{"hash":"3880753ac641301e5505471e9926f7a7028584e2","isMergeCommit":false,"messageTitle":"Handling Errors","messageBody":"","tags":["Level-5"],"fileTypesAndContributionMap":{"java":{"insertions":152,"deletions":22}}},{"hash":"deea873d85198e3c46c45b250946c6ae9c5283e2","isMergeCommit":false,"messageTitle":"Delete","messageBody":"","tags":["Level-6"],"fileTypesAndContributionMap":{"java":{"insertions":35,"deletions":2}}},{"hash":"d18a5e57865dd17d4769c1e5903303c648ff010e","isMergeCommit":false,"messageTitle":"A-Enums","messageBody":"","tags":["A-Enums"],"fileTypesAndContributionMap":{"java":{"insertions":13,"deletions":2}}}]},{"date":"2025-02-02","commitResults":[{"hash":"3a1fdc2f03137e7910ca96e5980a5e62ce953dfe","isMergeCommit":false,"messageTitle":"add save to file feature","messageBody":"","tags":["Level-7"],"fileTypesAndContributionMap":{"txt":{"insertions":5,"deletions":0},"java":{"insertions":72,"deletions":1}}}]}]},"authorFileTypeContributionMap":{"gn07":{"java":383,"md":5,"fxml":0,"sh":0,"bat":1,"gradle":0,"txt":6}},"authorContributionVariance":{"gn07":6844.2188},"authorDisplayNameMap":{"gn07":"CS2103-W11-2 GRAC..E NG"}}
