{"authorDailyContributionsMap":{"nlqhung130403":[{"date":"2025-01-30","commitResults":[{"hash":"fba2c118ee6e8e3534dc92d99d188c06697b411d","isMergeCommit":false,"messageTitle":"Change names and greetings","messageBody":"","tags":["Level-0"],"fileTypesAndContributionMap":{"java":{"insertions":6,"deletions":10}}},{"hash":"b1ddefa1dd7415c287e9367a44ea1a46442f9f98","isMergeCommit":false,"messageTitle":"implement echo","messageBody":"","tags":["Level-1"],"fileTypesAndContributionMap":{"java":{"insertions":20,"deletions":2}}},{"hash":"9fdd508885515e81c44f058ebdeaa18f80732dfb","isMergeCommit":false,"messageTitle":"implement Add, List","messageBody":"","tags":["Level-2"],"fileTypesAndContributionMap":{"java":{"insertions":20,"deletions":2}}},{"hash":"016a3bac71a23a81fa7a2c1bc6cee14325719176","isMergeCommit":false,"messageTitle":"Implement Mark As Done","messageBody":"","tags":["Level-3"],"fileTypesAndContributionMap":{"java":{"insertions":59,"deletions":6}}}]},{"date":"2025-01-31","commitResults":[{"hash":"6dc6f761b207affc2b88f9ff5d651c73f2790e3b","isMergeCommit":false,"messageTitle":"Implement Todo, Deadline and Event","messageBody":"","tags":["Level-4"],"fileTypesAndContributionMap":{"java":{"insertions":76,"deletions":3}}}]},{"date":"2025-02-01","commitResults":[{"hash":"7f54e6502ce7c63aab48e796d07149247cb2d13c","isMergeCommit":false,"messageTitle":"Handle exception","messageBody":"","tags":["Level-5"],"fileTypesAndContributionMap":{"java":{"insertions":51,"deletions":34},"bat":{"insertions":1,"deletions":1}}},{"hash":"df6e55dd9d7a56aad5ab96739c6d58eedf46e416","isMergeCommit":false,"messageTitle":"Add delete and update level-5 task","messageBody":"","tags":["Level-6"],"fileTypesAndContributionMap":{"java":{"insertions":13,"deletions":3}}},{"hash":"4e1e10ce84a767323770cb5ccfab3ab5aa6bb5c4","isMergeCommit":false,"messageTitle":"Perform text-UI testing","messageBody":"","tags":["A-TextUiTesting"],"fileTypesAndContributionMap":{"txt":{"insertions":6,"deletions":0},"java":{"insertions":2,"deletions":0},"bat":{"insertions":1,"deletions":1}}}]},{"date":"2025-02-03","commitResults":[{"hash":"7067a75469a2373e67a51edde1e9ac363b81c3e3","isMergeCommit":false,"messageTitle":"Read and Write to file","messageBody":"","fileTypesAndContributionMap":{"txt":{"insertions":6,"deletions":0},"java":{"insertions":123,"deletions":15}}},{"hash":"7a7c7066d3032574d4dadf828249833a4a37151a","isMergeCommit":true,"messageTitle":"Merge branch \u0027branch-Level-7\u0027","messageBody":"","tags":["Level-7"],"fileTypesAndContributionMap":{}},{"hash":"72c4995ee3762dd81e9422f403185c42285ae3ec","isMergeCommit":false,"messageTitle":"Implement date feature","messageBody":"","fileTypesAndContributionMap":{"txt":{"insertions":3,"deletions":6},"java":{"insertions":28,"deletions":9}}},{"hash":"73a26da18b51974e74e0faa11d881b1571f03282","isMergeCommit":true,"messageTitle":"Merge branch \u0027branch-Level-8\u0027","messageBody":"","tags":["Level-8"],"fileTypesAndContributionMap":{}}]},{"date":"2025-02-06","commitResults":[{"hash":"fea607cb81333040791a48e7f4519e079982532d","isMergeCommit":false,"messageTitle":"Implement More OOP feature","messageBody":"","fileTypesAndContributionMap":{"txt":{"insertions":2,"deletions":2},"java":{"insertions":230,"deletions":119}}},{"hash":"3bc0b5cc46cb6bdb97013b7b3d6a3126fb56d28c","isMergeCommit":true,"messageTitle":"Merge branch \u0027A-MoreOOP\u0027","messageBody":"","tags":["A-MoreOOP"],"fileTypesAndContributionMap":{}}]},{"date":"2025-02-08","commitResults":[{"hash":"c25c2158d1029390a9e066cb4d4ecb75085335e8","isMergeCommit":false,"messageTitle":"Organise files into packages","messageBody":"","tags":["A-Packages"],"fileTypesAndContributionMap":{"txt":{"insertions":0,"deletions":2},"java":{"insertions":68,"deletions":3}}}]},{"date":"2025-02-15","commitResults":[{"hash":"a64be7dc34da1d458d366bf6e0616e83649b0413","isMergeCommit":true,"messageTitle":"Merge remote-tracking branch \u0027origin/add-gradle-support\u0027","messageBody":"","fileTypesAndContributionMap":{}},{"hash":"d3672bd3794f04ef80fc141a36f6ce094eaebc99","isMergeCommit":false,"messageTitle":"Add gradle","messageBody":"","tags":["A-Gradle"],"fileTypesAndContributionMap":{"gradle":{"insertions":1,"deletions":1},"txt":{"insertions":1,"deletions":0}}}]}]},"authorFileTypeContributionMap":{"nlqhung130403":{"java":500,"md":0,"fxml":0,"sh":0,"bat":1,"gradle":1,"txt":8}},"authorContributionVariance":{"nlqhung130403":4783.8843},"authorDisplayNameMap":{"nlqhung130403":"CS2103T-W13-2 NGUY..HUNG"}}
