{"authorDailyContributionsMap":{"shashwatchan":[{"date":"2025-01-25","commitResults":[{"hash":"603ef8cbf6a7510446fd1b666e509ce460877e6f","isMergeCommit":false,"messageTitle":"change name","messageBody":"","tags":["Level-0"],"fileTypesAndContributionMap":{"java":{"insertions":6,"deletions":10},"bat":{"insertions":1,"deletions":1},"md":{"insertions":2,"deletions":2}}},{"hash":"c40e3d87d7175237757991443dada6177a58add5","isMergeCommit":false,"messageTitle":"add echo","messageBody":"","tags":["Level-1"],"fileTypesAndContributionMap":{"java":{"insertions":10,"deletions":0}}},{"hash":"9a711accd68d325de55c2e3a32e5e4e0ac250a6a","isMergeCommit":false,"messageTitle":"add list","messageBody":"","tags":["Level-2"],"fileTypesAndContributionMap":{"java":{"insertions":12,"deletions":1}}},{"hash":"25edfa6a52f372fa8a3b13fbd710fa934874b077","isMergeCommit":false,"messageTitle":"add mark as done","messageBody":"","tags":["Level-3"],"fileTypesAndContributionMap":{"java":{"insertions":34,"deletions":3}}},{"hash":"8eedac5efaee3a348bd818de700a96869a4f6ace","isMergeCommit":false,"messageTitle":"add todo/event/deadline","messageBody":"","tags":["Level-4"],"fileTypesAndContributionMap":{"java":{"insertions":91,"deletions":15}}},{"hash":"5ea5be0413835a33f8f111194dd8f8c71f6c90d8","isMergeCommit":false,"messageTitle":"imlement delete","messageBody":"","tags":["Level-6"],"fileTypesAndContributionMap":{"java":{"insertions":16,"deletions":0}}},{"hash":"c1f1583cc772c42b594c2580be78c1c3fcb0f5b5","isMergeCommit":false,"messageTitle":"imlement error-checking","messageBody":"","tags":["Level-5"],"fileTypesAndContributionMap":{"java":{"insertions":107,"deletions":29}}}]},{"date":"2025-01-31","commitResults":[{"hash":"1496dcfbf1d75c512be348899840a44c2a85b2a4","isMergeCommit":false,"messageTitle":"test commands","messageBody":"","tags":["A-TextUiTesting"],"fileTypesAndContributionMap":{"txt":{"insertions":2,"deletions":0},"sh":{"insertions":1,"deletions":1}}},{"hash":"8237741a48aa189cbefee2974e2fe59fd0b2b81b","isMergeCommit":false,"messageTitle":"Add save feature","messageBody":"","tags":["Level-7"],"fileTypesAndContributionMap":{"txt":{"insertions":1,"deletions":0},"java":{"insertions":132,"deletions":13}}},{"hash":"0c4295d5ed7ed0baca593ee2bbb25471023770e5","isMergeCommit":false,"messageTitle":"Use dates","messageBody":"","tags":["Level-8"],"fileTypesAndContributionMap":{"java":{"insertions":130,"deletions":45}}},{"hash":"22f098e10dc904ee70fe43d56773b5656cc79693","isMergeCommit":false,"messageTitle":"Add find command","messageBody":"","fileTypesAndContributionMap":{"java":{"insertions":32,"deletions":0}}},{"hash":"2f49c6cd80b2f39d4f299253b0952e1cf8492891","isMergeCommit":false,"messageTitle":"Add header comments","messageBody":"","fileTypesAndContributionMap":{"java":{"insertions":108,"deletions":0}}},{"hash":"dfc7fd2003793a61832c4039b67ad60de134d4c2","isMergeCommit":false,"messageTitle":"Add ai.md","messageBody":"","fileTypesAndContributionMap":{"md":{"insertions":3,"deletions":0}}},{"hash":"fdebbce884607c9bd724ac7bca50360c668a89ae","isMergeCommit":false,"messageTitle":"Fix coding style","messageBody":"","fileTypesAndContributionMap":{"java":{"insertions":16,"deletions":12}}},{"hash":"1e81b90ee9be849d802922dbec59c17cb71c76ff","isMergeCommit":true,"messageTitle":"Add JavaDocs","messageBody":"","tags":["A-JavaDoc"],"fileTypesAndContributionMap":{}},{"hash":"0062b28172649983f34247d9978ee7c441762af0","isMergeCommit":true,"messageTitle":"Fix coding standard","messageBody":"","tags":["A-CodingStandard"],"fileTypesAndContributionMap":{}},{"hash":"aec2a2f5366bc416a4f12d38a499293b1a17d075","isMergeCommit":true,"messageTitle":"Merge find feature","messageBody":"","tags":["Level-9"],"fileTypesAndContributionMap":{}},{"hash":"d4cead7a613f2c3cc551fa3a509e79fac75b7a9b","isMergeCommit":false,"messageTitle":"Create package","messageBody":"","tags":["A-Packages"],"fileTypesAndContributionMap":{"java":{"insertions":4,"deletions":0}}},{"hash":"b1826b19ac5fbe71d865610ef25b32558ffff759","isMergeCommit":true,"messageTitle":"Merge remote-tracking branch \u0027origin/add-gradle-support\u0027","messageBody":"","tags":["A-Gradle"],"fileTypesAndContributionMap":{}},{"hash":"15ae231047c673f1c3252076f64e4c83f228dd92","isMergeCommit":false,"messageTitle":"Fix gradle.build","messageBody":"","fileTypesAndContributionMap":{"gradle":{"insertions":2,"deletions":2}}}]},{"date":"2025-02-01","commitResults":[{"hash":"b7a60b743a515cf5ed08fde9ab5b0dda43b69d75","isMergeCommit":false,"messageTitle":"Add unit tests","messageBody":"","tags":["A-Jar","A-JUnit"],"fileTypesAndContributionMap":{"java":{"insertions":64,"deletions":0}}}]},{"date":"2025-02-14","commitResults":[{"hash":"9340b848db3d6777b9d11b681e2ed51d9190a57d","isMergeCommit":false,"messageTitle":"Add help command","messageBody":"","tags":["BCD-Extension"],"fileTypesAndContributionMap":{"java":{"insertions":43,"deletions":15}}}]}]},"authorFileTypeContributionMap":{"shashwatchan":{"java":672,"md":5,"fxml":0,"sh":1,"bat":1,"gradle":2,"txt":3}},"authorContributionVariance":{"shashwatchan":9754.308},"authorDisplayNameMap":{"shashwatchan":"CS2103T-T11-1 CHAN..HWAT"}}
