[{"path":"src/main/java/Chatty.java","fileType":"java","lines":[{"lineNumber":1,"author":{"gitId":"Siyan-G"},"content":"import exception.ChattyException;","lastModifiedDate":"2025-01-23","isFullCredit":false},{"lineNumber":2,"author":{"gitId":"Siyan-G"},"content":"import exception.ChattyInvalidArgumentException;","lastModifiedDate":"2025-01-23","isFullCredit":false},{"lineNumber":3,"author":{"gitId":"Siyan-G"},"content":"import exception.ChattyInvalidInputException;","lastModifiedDate":"2025-01-23","isFullCredit":false},{"lineNumber":4,"author":{"gitId":"Siyan-G"},"content":"import exception.ChattyTaskNotFoundException;","lastModifiedDate":"2025-01-23","isFullCredit":false},{"lineNumber":5,"author":{"gitId":"Siyan-G"},"content":"","lastModifiedDate":"2025-01-23","isFullCredit":false},{"lineNumber":6,"author":{"gitId":"Siyan-G"},"content":"import java.time.format.DateTimeParseException;","lastModifiedDate":"2025-02-06","isFullCredit":false},{"lineNumber":7,"author":{"gitId":"Siyan-G"},"content":"import java.util.ArrayList;","lastModifiedDate":"2025-01-23","isFullCredit":false},{"lineNumber":8,"author":{"gitId":"Siyan-G"},"content":"import java.util.Scanner;","lastModifiedDate":"2025-01-22","isFullCredit":false},{"lineNumber":9,"author":{"gitId":"Siyan-G"},"content":"import java.time.LocalDateTime;","lastModifiedDate":"2025-02-06","isFullCredit":false},{"lineNumber":10,"author":{"gitId":"Siyan-G"},"content":"import java.time.format.DateTimeFormatter;","lastModifiedDate":"2025-02-06","isFullCredit":false},{"lineNumber":11,"author":{"gitId":"Siyan-G"},"content":"","lastModifiedDate":"2025-01-22","isFullCredit":false},{"lineNumber":12,"author":{"gitId":"Siyan-G"},"content":"public class Chatty {","lastModifiedDate":"2025-01-20","isFullCredit":false},{"lineNumber":13,"author":{"gitId":"Siyan-G"},"content":"    private static final String LINE_BREAK \u003d \"___________________________________________________________________\";","lastModifiedDate":"2025-02-06","isFullCredit":false},{"lineNumber":14,"author":{"gitId":"Siyan-G"},"content":"    private static final String INTRO_MSG \u003d \"\\n\\tHello Master! I\u0027m Chatty, your ever-ready personal assistant.\\n\\tHow can I help you today?\";","lastModifiedDate":"2025-02-06","isFullCredit":false},{"lineNumber":15,"author":{"gitId":"Siyan-G"},"content":"    private static final String EXIT_MSG \u003d \"\\n\\tGoodbye Master! See you soon!\";","lastModifiedDate":"2025-02-06","isFullCredit":false},{"lineNumber":16,"author":{"gitId":"Siyan-G"},"content":"    private ArrayList\u003cTask\u003e taskList;","lastModifiedDate":"2025-02-06","isFullCredit":false},{"lineNumber":17,"author":{"gitId":"Siyan-G"},"content":"    private Integer taskCounter \u003d 0;","lastModifiedDate":"2025-01-22","isFullCredit":false},{"lineNumber":18,"author":{"gitId":"Siyan-G"},"content":"","lastModifiedDate":"2025-01-22","isFullCredit":false},{"lineNumber":19,"author":{"gitId":"Siyan-G"},"content":"    public Chatty() {","lastModifiedDate":"2025-02-06","isFullCredit":false},{"lineNumber":20,"author":{"gitId":"Siyan-G"},"content":"        ArrayList\u003cTask\u003e loadedtaskList \u003d TaskStorageManager.loadTasks();","lastModifiedDate":"2025-02-06","isFullCredit":false},{"lineNumber":21,"author":{"gitId":"Siyan-G"},"content":"        int taskCounter \u003d loadedtaskList.size();","lastModifiedDate":"2025-02-06","isFullCredit":false},{"lineNumber":22,"author":{"gitId":"Siyan-G"},"content":"        this.taskList \u003d loadedtaskList;","lastModifiedDate":"2025-02-06","isFullCredit":false},{"lineNumber":23,"author":{"gitId":"Siyan-G"},"content":"        this.taskCounter \u003d taskCounter;","lastModifiedDate":"2025-02-06","isFullCredit":false},{"lineNumber":24,"author":{"gitId":"Siyan-G"},"content":"    }","lastModifiedDate":"2025-02-06","isFullCredit":false},{"lineNumber":25,"author":{"gitId":"Siyan-G"},"content":"","lastModifiedDate":"2025-02-06","isFullCredit":false},{"lineNumber":26,"author":{"gitId":"Siyan-G"},"content":"    private void Response(String message) {","lastModifiedDate":"2025-01-22","isFullCredit":false},{"lineNumber":27,"author":{"gitId":"Siyan-G"},"content":"        System.out.println(\"Chatty:\" + message);","lastModifiedDate":"2025-01-22","isFullCredit":false},{"lineNumber":28,"author":{"gitId":"Siyan-G"},"content":"        System.out.println(LINE_BREAK);","lastModifiedDate":"2025-02-06","isFullCredit":false},{"lineNumber":29,"author":{"gitId":"Siyan-G"},"content":"    }","lastModifiedDate":"2025-01-22","isFullCredit":false},{"lineNumber":30,"author":{"gitId":"Siyan-G"},"content":"","lastModifiedDate":"2025-01-22","isFullCredit":false},{"lineNumber":31,"author":{"gitId":"Siyan-G"},"content":"    public void Intro() {","lastModifiedDate":"2025-01-22","isFullCredit":false},{"lineNumber":32,"author":{"gitId":"Siyan-G"},"content":"        System.out.println(LINE_BREAK);","lastModifiedDate":"2025-02-06","isFullCredit":false},{"lineNumber":33,"author":{"gitId":"Siyan-G"},"content":"        this.Response(INTRO_MSG);","lastModifiedDate":"2025-02-06","isFullCredit":false},{"lineNumber":34,"author":{"gitId":"Siyan-G"},"content":"    }","lastModifiedDate":"2025-01-22","isFullCredit":false},{"lineNumber":35,"author":{"gitId":"Siyan-G"},"content":"","lastModifiedDate":"2025-01-22","isFullCredit":false},{"lineNumber":36,"author":{"gitId":"Siyan-G"},"content":"    public void Exit() {","lastModifiedDate":"2025-01-22","isFullCredit":false},{"lineNumber":37,"author":{"gitId":"Siyan-G"},"content":"        this.Response(EXIT_MSG);","lastModifiedDate":"2025-02-06","isFullCredit":false},{"lineNumber":38,"author":{"gitId":"Siyan-G"},"content":"    }","lastModifiedDate":"2025-01-22","isFullCredit":false},{"lineNumber":39,"author":{"gitId":"Siyan-G"},"content":"","lastModifiedDate":"2025-01-22","isFullCredit":false},{"lineNumber":40,"author":{"gitId":"Siyan-G"},"content":"    public void handleCommand(String command) {","lastModifiedDate":"2025-01-22","isFullCredit":false},{"lineNumber":41,"author":{"gitId":"Siyan-G"},"content":"        try{","lastModifiedDate":"2025-01-23","isFullCredit":false},{"lineNumber":42,"author":{"gitId":"Siyan-G"},"content":"            // handle list command","lastModifiedDate":"2025-01-22","isFullCredit":false},{"lineNumber":43,"author":{"gitId":"Siyan-G"},"content":"            if (command.equalsIgnoreCase(\"list\")) {","lastModifiedDate":"2025-01-22","isFullCredit":false},{"lineNumber":44,"author":{"gitId":"Siyan-G"},"content":"                this.printTaskList();","lastModifiedDate":"2025-01-23","isFullCredit":false},{"lineNumber":45,"author":{"gitId":"Siyan-G"},"content":"            }","lastModifiedDate":"2025-01-23","isFullCredit":false},{"lineNumber":46,"author":{"gitId":"Siyan-G"},"content":"            else if (command.startsWith(\"delete\")) {","lastModifiedDate":"2025-01-23","isFullCredit":false},{"lineNumber":47,"author":{"gitId":"Siyan-G"},"content":"                this.deleteTask(command);","lastModifiedDate":"2025-01-23","isFullCredit":false},{"lineNumber":48,"author":{"gitId":"Siyan-G"},"content":"            }","lastModifiedDate":"2025-01-23","isFullCredit":false},{"lineNumber":49,"author":{"gitId":"Siyan-G"},"content":"            // handle mark and unmark task","lastModifiedDate":"2025-01-23","isFullCredit":false},{"lineNumber":50,"author":{"gitId":"Siyan-G"},"content":"            else if (command.startsWith(\"mark\") || command.startsWith(\"unmark\")) {","lastModifiedDate":"2025-01-23","isFullCredit":false},{"lineNumber":51,"author":{"gitId":"Siyan-G"},"content":"                this.setTaskStatus(command);","lastModifiedDate":"2025-01-23","isFullCredit":false},{"lineNumber":52,"author":{"gitId":"Siyan-G"},"content":"            }","lastModifiedDate":"2025-01-23","isFullCredit":false},{"lineNumber":53,"author":{"gitId":"Siyan-G"},"content":"            // handle task creation","lastModifiedDate":"2025-01-23","isFullCredit":false},{"lineNumber":54,"author":{"gitId":"Siyan-G"},"content":"            else if (command.startsWith(\"todo\") || command.startsWith(\"event\") || command.startsWith(\"deadline\")) {","lastModifiedDate":"2025-01-23","isFullCredit":false},{"lineNumber":55,"author":{"gitId":"Siyan-G"},"content":"                this.handleTaskCreation(command);","lastModifiedDate":"2025-01-23","isFullCredit":false},{"lineNumber":56,"author":{"gitId":"Siyan-G"},"content":"            }","lastModifiedDate":"2025-01-23","isFullCredit":false},{"lineNumber":57,"author":{"gitId":"Siyan-G"},"content":"            else {","lastModifiedDate":"2025-01-23","isFullCredit":false},{"lineNumber":58,"author":{"gitId":"Siyan-G"},"content":"                throw new ChattyInvalidInputException(command);","lastModifiedDate":"2025-01-23","isFullCredit":false},{"lineNumber":59,"author":{"gitId":"Siyan-G"},"content":"            }","lastModifiedDate":"2025-01-23","isFullCredit":false},{"lineNumber":60,"author":{"gitId":"Siyan-G"},"content":"            TaskStorageManager.saveTasks(this.taskList);","lastModifiedDate":"2025-02-06","isFullCredit":false},{"lineNumber":61,"author":{"gitId":"Siyan-G"},"content":"        } catch (ChattyException e) {","lastModifiedDate":"2025-01-23","isFullCredit":false},{"lineNumber":62,"author":{"gitId":"Siyan-G"},"content":"            this.Response(e.getMessage());","lastModifiedDate":"2025-01-23","isFullCredit":false},{"lineNumber":63,"author":{"gitId":"Siyan-G"},"content":"        }","lastModifiedDate":"2025-01-23","isFullCredit":false},{"lineNumber":64,"author":{"gitId":"Siyan-G"},"content":"    }","lastModifiedDate":"2025-01-23","isFullCredit":false},{"lineNumber":65,"author":{"gitId":"Siyan-G"},"content":"","lastModifiedDate":"2025-01-23","isFullCredit":false},{"lineNumber":66,"author":{"gitId":"Siyan-G"},"content":"    public void deleteTask(String command) throws ChattyTaskNotFoundException, ChattyInvalidArgumentException {","lastModifiedDate":"2025-01-23","isFullCredit":false},{"lineNumber":67,"author":{"gitId":"Siyan-G"},"content":"        String[] commandParts \u003d command.split(\" \");","lastModifiedDate":"2025-01-23","isFullCredit":false},{"lineNumber":68,"author":{"gitId":"Siyan-G"},"content":"        if (commandParts.length \u003d\u003d 2) {","lastModifiedDate":"2025-01-23","isFullCredit":false},{"lineNumber":69,"author":{"gitId":"Siyan-G"},"content":"            int taskId \u003d Integer.parseInt(commandParts[1].trim());","lastModifiedDate":"2025-01-23","isFullCredit":false},{"lineNumber":70,"author":{"gitId":"Siyan-G"},"content":"            if (taskId \u003e taskCounter || taskId \u003c 1) {","lastModifiedDate":"2025-01-23","isFullCredit":false},{"lineNumber":71,"author":{"gitId":"Siyan-G"},"content":"                throw new ChattyTaskNotFoundException(taskId);","lastModifiedDate":"2025-01-23","isFullCredit":false},{"lineNumber":72,"author":{"gitId":"Siyan-G"},"content":"            } else {","lastModifiedDate":"2025-01-23","isFullCredit":false},{"lineNumber":73,"author":{"gitId":"Siyan-G"},"content":"                Task taskDeleted \u003d this.taskList.get(taskId - 1);","lastModifiedDate":"2025-02-06","isFullCredit":false},{"lineNumber":74,"author":{"gitId":"Siyan-G"},"content":"                taskList.remove(taskId - 1);","lastModifiedDate":"2025-01-23","isFullCredit":false},{"lineNumber":75,"author":{"gitId":"Siyan-G"},"content":"                taskCounter--;","lastModifiedDate":"2025-01-23","isFullCredit":false},{"lineNumber":76,"author":{"gitId":"Siyan-G"},"content":"                this.Response(String.format(\"\\n\\tRoger! I\u0027ve removed task %d from the list:\\n\\t%s\\n\\t\" +","lastModifiedDate":"2025-01-23","isFullCredit":false},{"lineNumber":77,"author":{"gitId":"Siyan-G"},"content":"                        \"Now you have %d tasks in the list.\", taskId, taskDeleted.toString(), taskCounter));","lastModifiedDate":"2025-02-06","isFullCredit":false},{"lineNumber":78,"author":{"gitId":"Siyan-G"},"content":"            }","lastModifiedDate":"2025-01-23","isFullCredit":false},{"lineNumber":79,"author":{"gitId":"Siyan-G"},"content":"        } else {","lastModifiedDate":"2025-01-23","isFullCredit":false},{"lineNumber":80,"author":{"gitId":"Siyan-G"},"content":"            throw new ChattyInvalidArgumentException(command);","lastModifiedDate":"2025-01-23","isFullCredit":false},{"lineNumber":81,"author":{"gitId":"Siyan-G"},"content":"        }","lastModifiedDate":"2025-01-23","isFullCredit":false},{"lineNumber":82,"author":{"gitId":"Siyan-G"},"content":"    }","lastModifiedDate":"2025-01-23","isFullCredit":false},{"lineNumber":83,"author":{"gitId":"Siyan-G"},"content":"","lastModifiedDate":"2025-01-23","isFullCredit":false},{"lineNumber":84,"author":{"gitId":"Siyan-G"},"content":"    public void printTaskList() {","lastModifiedDate":"2025-01-23","isFullCredit":false},{"lineNumber":85,"author":{"gitId":"Siyan-G"},"content":"        if (taskCounter \u003d\u003d 0) {","lastModifiedDate":"2025-01-22","isFullCredit":false},{"lineNumber":86,"author":{"gitId":"Siyan-G"},"content":"            this.Response(\" Your list of tasks is empty!\");","lastModifiedDate":"2025-01-22","isFullCredit":false},{"lineNumber":87,"author":{"gitId":"Siyan-G"},"content":"        }","lastModifiedDate":"2025-01-22","isFullCredit":false},{"lineNumber":88,"author":{"gitId":"Siyan-G"},"content":"        else {","lastModifiedDate":"2025-01-22","isFullCredit":false},{"lineNumber":89,"author":{"gitId":"Siyan-G"},"content":"            StringBuilder response \u003d new StringBuilder(String.format(\"\\n\\tYou have %d tasks in the list:\", taskCounter));","lastModifiedDate":"2025-01-22","isFullCredit":false},{"lineNumber":90,"author":{"gitId":"Siyan-G"},"content":"            for (int i \u003d 0; i \u003c taskCounter; i++) {","lastModifiedDate":"2025-01-22","isFullCredit":false},{"lineNumber":91,"author":{"gitId":"Siyan-G"},"content":"                response.append(String.format(\"\\n\\t%d. %s\", i + 1, taskList.get(i)));","lastModifiedDate":"2025-01-23","isFullCredit":false},{"lineNumber":92,"author":{"gitId":"Siyan-G"},"content":"            }","lastModifiedDate":"2025-01-22","isFullCredit":false},{"lineNumber":93,"author":{"gitId":"Siyan-G"},"content":"            this.Response(response.toString());","lastModifiedDate":"2025-01-22","isFullCredit":false},{"lineNumber":94,"author":{"gitId":"Siyan-G"},"content":"        }","lastModifiedDate":"2025-01-22","isFullCredit":false},{"lineNumber":95,"author":{"gitId":"Siyan-G"},"content":"    }","lastModifiedDate":"2025-01-22","isFullCredit":false},{"lineNumber":96,"author":{"gitId":"Siyan-G"},"content":"","lastModifiedDate":"2025-01-22","isFullCredit":false},{"lineNumber":97,"author":{"gitId":"Siyan-G"},"content":"    public void setTaskStatus(String command) throws ChattyTaskNotFoundException {","lastModifiedDate":"2025-01-23","isFullCredit":false},{"lineNumber":98,"author":{"gitId":"Siyan-G"},"content":"        String[] commandParts \u003d command.split(\" \");","lastModifiedDate":"2025-01-22","isFullCredit":false},{"lineNumber":99,"author":{"gitId":"Siyan-G"},"content":"        if (commandParts.length \u003d\u003d 2) {","lastModifiedDate":"2025-01-22","isFullCredit":false},{"lineNumber":100,"author":{"gitId":"Siyan-G"},"content":"            int taskId \u003d Integer.parseInt(commandParts[1].trim());","lastModifiedDate":"2025-01-23","isFullCredit":false},{"lineNumber":101,"author":{"gitId":"Siyan-G"},"content":"            if (taskId \u003e taskCounter || taskId \u003c 1) {","lastModifiedDate":"2025-01-23","isFullCredit":false},{"lineNumber":102,"author":{"gitId":"Siyan-G"},"content":"                throw new ChattyTaskNotFoundException(taskId);","lastModifiedDate":"2025-01-23","isFullCredit":false},{"lineNumber":103,"author":{"gitId":"Siyan-G"},"content":"            }","lastModifiedDate":"2025-01-23","isFullCredit":false},{"lineNumber":104,"author":{"gitId":"Siyan-G"},"content":"            StringBuilder response \u003d new StringBuilder();","lastModifiedDate":"2025-01-22","isFullCredit":false},{"lineNumber":105,"author":{"gitId":"Siyan-G"},"content":"            if (commandParts[0].equals(\"mark\")) {","lastModifiedDate":"2025-01-22","isFullCredit":false},{"lineNumber":106,"author":{"gitId":"Siyan-G"},"content":"                taskList.get(taskId - 1).markDone();","lastModifiedDate":"2025-01-23","isFullCredit":false},{"lineNumber":107,"author":{"gitId":"Siyan-G"},"content":"                response.append(\"\\n\\tNice! I\u0027ve marked this task as done:\\n\");","lastModifiedDate":"2025-01-22","isFullCredit":false},{"lineNumber":108,"author":{"gitId":"Siyan-G"},"content":"                response.append(String.format(\"\\t%s\", taskList.get(taskId - 1)));","lastModifiedDate":"2025-01-23","isFullCredit":false},{"lineNumber":109,"author":{"gitId":"Siyan-G"},"content":"            } else {","lastModifiedDate":"2025-01-22","isFullCredit":false},{"lineNumber":110,"author":{"gitId":"Siyan-G"},"content":"                taskList.get(taskId - 1).unmarkDone();","lastModifiedDate":"2025-01-23","isFullCredit":false},{"lineNumber":111,"author":{"gitId":"Siyan-G"},"content":"                response.append(\"\\n\\tOkay! I\u0027ve marked this task as not done yet:\\n\");","lastModifiedDate":"2025-01-22","isFullCredit":false},{"lineNumber":112,"author":{"gitId":"Siyan-G"},"content":"                response.append(String.format(\"\\t%s\", taskList.get(taskId - 1)));","lastModifiedDate":"2025-01-23","isFullCredit":false},{"lineNumber":113,"author":{"gitId":"Siyan-G"},"content":"            }","lastModifiedDate":"2025-01-22","isFullCredit":false},{"lineNumber":114,"author":{"gitId":"Siyan-G"},"content":"            this.Response(response.toString());","lastModifiedDate":"2025-01-22","isFullCredit":false},{"lineNumber":115,"author":{"gitId":"Siyan-G"},"content":"        }","lastModifiedDate":"2025-01-22","isFullCredit":false},{"lineNumber":116,"author":{"gitId":"Siyan-G"},"content":"    }","lastModifiedDate":"2025-01-22","isFullCredit":false},{"lineNumber":117,"author":{"gitId":"Siyan-G"},"content":"","lastModifiedDate":"2025-01-22","isFullCredit":false},{"lineNumber":118,"author":{"gitId":"Siyan-G"},"content":"    public void handleTaskCreation(String command) throws ChattyInvalidArgumentException {","lastModifiedDate":"2025-01-23","isFullCredit":false},{"lineNumber":119,"author":{"gitId":"Siyan-G"},"content":"        StringBuilder response \u003d new StringBuilder();","lastModifiedDate":"2025-01-22","isFullCredit":false},{"lineNumber":120,"author":{"gitId":"Siyan-G"},"content":"        if (command.startsWith(\"todo\")) {","lastModifiedDate":"2025-01-22","isFullCredit":false},{"lineNumber":121,"author":{"gitId":"Siyan-G"},"content":"            String taskName \u003d command.substring(4).trim();","lastModifiedDate":"2025-01-22","isFullCredit":false},{"lineNumber":122,"author":{"gitId":"Siyan-G"},"content":"            if (taskName.isEmpty()) {","lastModifiedDate":"2025-01-23","isFullCredit":false},{"lineNumber":123,"author":{"gitId":"Siyan-G"},"content":"                throw new ChattyInvalidArgumentException(\"todo\");","lastModifiedDate":"2025-01-23","isFullCredit":false},{"lineNumber":124,"author":{"gitId":"Siyan-G"},"content":"            }","lastModifiedDate":"2025-01-23","isFullCredit":false},{"lineNumber":125,"author":{"gitId":"Siyan-G"},"content":"            taskList.add(new Todo(taskName));","lastModifiedDate":"2025-01-23","isFullCredit":false},{"lineNumber":126,"author":{"gitId":"Siyan-G"},"content":"            taskCounter++;","lastModifiedDate":"2025-01-22","isFullCredit":false},{"lineNumber":127,"author":{"gitId":"Siyan-G"},"content":"            response.append(\"\\n\\tI\u0027ve added this task to the list:\\n\");","lastModifiedDate":"2025-01-22","isFullCredit":false},{"lineNumber":128,"author":{"gitId":"Siyan-G"},"content":"            response.append(String.format(\"\\t%s\\n\", taskList.get(taskCounter - 1)));","lastModifiedDate":"2025-01-23","isFullCredit":false},{"lineNumber":129,"author":{"gitId":"Siyan-G"},"content":"            response.append(String.format(\"\\tNow you have %d tasks in the list.\", taskCounter));","lastModifiedDate":"2025-01-22","isFullCredit":false},{"lineNumber":130,"author":{"gitId":"Siyan-G"},"content":"            this.Response(response.toString());","lastModifiedDate":"2025-01-22","isFullCredit":false},{"lineNumber":131,"author":{"gitId":"Siyan-G"},"content":"        }","lastModifiedDate":"2025-01-22","isFullCredit":false},{"lineNumber":132,"author":{"gitId":"Siyan-G"},"content":"        if (command.startsWith(\"event\")) {","lastModifiedDate":"2025-01-22","isFullCredit":false},{"lineNumber":133,"author":{"gitId":"Siyan-G"},"content":"            String taskString \u003d command.substring(5).trim();","lastModifiedDate":"2025-01-22","isFullCredit":false},{"lineNumber":134,"author":{"gitId":"Siyan-G"},"content":"            String[] taskParts \u003d taskString.split(\"/\");","lastModifiedDate":"2025-01-22","isFullCredit":false},{"lineNumber":135,"author":{"gitId":"Siyan-G"},"content":"            if (taskParts.length \u003d\u003d 3) {","lastModifiedDate":"2025-01-22","isFullCredit":false},{"lineNumber":136,"author":{"gitId":"Siyan-G"},"content":"                String eventName \u003d taskParts[0].trim();","lastModifiedDate":"2025-01-22","isFullCredit":false},{"lineNumber":137,"author":{"gitId":"Siyan-G"},"content":"                String startTime \u003d taskParts[1].substring(4).trim();","lastModifiedDate":"2025-01-22","isFullCredit":false},{"lineNumber":138,"author":{"gitId":"Siyan-G"},"content":"                String endTime \u003d taskParts[2].substring(3).trim();","lastModifiedDate":"2025-01-22","isFullCredit":false},{"lineNumber":139,"author":{"gitId":"Siyan-G"},"content":"                taskList.add(new Events(eventName, startTime, endTime));","lastModifiedDate":"2025-01-23","isFullCredit":false},{"lineNumber":140,"author":{"gitId":"Siyan-G"},"content":"                taskCounter++;","lastModifiedDate":"2025-01-22","isFullCredit":false},{"lineNumber":141,"author":{"gitId":"Siyan-G"},"content":"                response.append(\"\\n\\tI\u0027ve added this task to the list:\\n\");","lastModifiedDate":"2025-01-22","isFullCredit":false},{"lineNumber":142,"author":{"gitId":"Siyan-G"},"content":"                response.append(String.format(\"\\t%s\\n\", taskList.get(taskCounter - 1)));","lastModifiedDate":"2025-01-23","isFullCredit":false},{"lineNumber":143,"author":{"gitId":"Siyan-G"},"content":"                response.append(String.format(\"\\tNow you have %d tasks in the list.\", taskCounter));","lastModifiedDate":"2025-01-22","isFullCredit":false},{"lineNumber":144,"author":{"gitId":"Siyan-G"},"content":"                this.Response(response.toString());","lastModifiedDate":"2025-01-22","isFullCredit":false},{"lineNumber":145,"author":{"gitId":"Siyan-G"},"content":"            }","lastModifiedDate":"2025-01-22","isFullCredit":false},{"lineNumber":146,"author":{"gitId":"Siyan-G"},"content":"            else {","lastModifiedDate":"2025-01-23","isFullCredit":false},{"lineNumber":147,"author":{"gitId":"Siyan-G"},"content":"                throw new ChattyInvalidArgumentException(\"event\");","lastModifiedDate":"2025-01-23","isFullCredit":false},{"lineNumber":148,"author":{"gitId":"Siyan-G"},"content":"            }","lastModifiedDate":"2025-01-23","isFullCredit":false},{"lineNumber":149,"author":{"gitId":"Siyan-G"},"content":"        }","lastModifiedDate":"2025-01-22","isFullCredit":false},{"lineNumber":150,"author":{"gitId":"Siyan-G"},"content":"        if (command.startsWith(\"deadline\")) {","lastModifiedDate":"2025-01-22","isFullCredit":false},{"lineNumber":151,"author":{"gitId":"Siyan-G"},"content":"            String taskString \u003d command.substring(8).trim();","lastModifiedDate":"2025-01-22","isFullCredit":false},{"lineNumber":152,"author":{"gitId":"Siyan-G"},"content":"            String[] taskParts \u003d taskString.split(\"/by\");","lastModifiedDate":"2025-02-06","isFullCredit":false},{"lineNumber":153,"author":{"gitId":"Siyan-G"},"content":"            if (taskParts.length \u003d\u003d 2) {","lastModifiedDate":"2025-01-22","isFullCredit":false},{"lineNumber":154,"author":{"gitId":"Siyan-G"},"content":"                try {","lastModifiedDate":"2025-02-06","isFullCredit":false},{"lineNumber":155,"author":{"gitId":"Siyan-G"},"content":"                    String deadlineDescription \u003d taskParts[0].trim();","lastModifiedDate":"2025-02-06","isFullCredit":false},{"lineNumber":156,"author":{"gitId":"Siyan-G"},"content":"                    String dueString \u003d taskParts[1].trim();","lastModifiedDate":"2025-02-06","isFullCredit":false},{"lineNumber":157,"author":{"gitId":"Siyan-G"},"content":"                    DateTimeFormatter formatter \u003d DateTimeFormatter.ofPattern(\"dd/MM/yyyy HHmm\");","lastModifiedDate":"2025-02-06","isFullCredit":false},{"lineNumber":158,"author":{"gitId":"Siyan-G"},"content":"                    LocalDateTime deadline \u003d LocalDateTime.parse(dueString, formatter);","lastModifiedDate":"2025-02-06","isFullCredit":false},{"lineNumber":159,"author":{"gitId":"Siyan-G"},"content":"                    taskList.add(new Deadlines(deadlineDescription, deadline));","lastModifiedDate":"2025-02-06","isFullCredit":false},{"lineNumber":160,"author":{"gitId":"Siyan-G"},"content":"                    taskCounter++;","lastModifiedDate":"2025-01-22","isFullCredit":false},{"lineNumber":161,"author":{"gitId":"Siyan-G"},"content":"                    response.append(\"\\n\\tI\u0027ve added this task to the list:\\n\");","lastModifiedDate":"2025-01-22","isFullCredit":false},{"lineNumber":162,"author":{"gitId":"Siyan-G"},"content":"                    response.append(String.format(\"\\t%s\\n\", taskList.get(taskCounter - 1)));","lastModifiedDate":"2025-01-23","isFullCredit":false},{"lineNumber":163,"author":{"gitId":"Siyan-G"},"content":"                    response.append(String.format(\"\\tNow you have %d tasks in the list.\", taskCounter));","lastModifiedDate":"2025-01-22","isFullCredit":false},{"lineNumber":164,"author":{"gitId":"Siyan-G"},"content":"                    this.Response(response.toString());","lastModifiedDate":"2025-01-22","isFullCredit":false},{"lineNumber":165,"author":{"gitId":"Siyan-G"},"content":"                } catch (DateTimeParseException e) {","lastModifiedDate":"2025-02-06","isFullCredit":false},{"lineNumber":166,"author":{"gitId":"Siyan-G"},"content":"                    System.out.println(\"Please enter a valid deadline format dd/MM/yyyy HHmm\");","lastModifiedDate":"2025-02-06","isFullCredit":false},{"lineNumber":167,"author":{"gitId":"Siyan-G"},"content":"                }","lastModifiedDate":"2025-02-06","isFullCredit":false},{"lineNumber":168,"author":{"gitId":"Siyan-G"},"content":"            }","lastModifiedDate":"2025-01-22","isFullCredit":false},{"lineNumber":169,"author":{"gitId":"Siyan-G"},"content":"            else {","lastModifiedDate":"2025-01-23","isFullCredit":false},{"lineNumber":170,"author":{"gitId":"Siyan-G"},"content":"                throw new ChattyInvalidArgumentException(\"deadline\");","lastModifiedDate":"2025-01-23","isFullCredit":false},{"lineNumber":171,"author":{"gitId":"Siyan-G"},"content":"            }","lastModifiedDate":"2025-01-22","isFullCredit":false},{"lineNumber":172,"author":{"gitId":"Siyan-G"},"content":"        }","lastModifiedDate":"2025-01-22","isFullCredit":false},{"lineNumber":173,"author":{"gitId":"Siyan-G"},"content":"","lastModifiedDate":"2025-01-23","isFullCredit":false},{"lineNumber":174,"author":{"gitId":"Siyan-G"},"content":"    }","lastModifiedDate":"2025-01-22","isFullCredit":false},{"lineNumber":175,"author":{"gitId":"Siyan-G"},"content":"","lastModifiedDate":"2025-01-22","isFullCredit":false},{"lineNumber":176,"author":{"gitId":"Siyan-G"},"content":"    public static void main(String[] args) {","lastModifiedDate":"2025-01-22","isFullCredit":false},{"lineNumber":177,"author":{"gitId":"Siyan-G"},"content":"","lastModifiedDate":"2025-01-22","isFullCredit":false},{"lineNumber":178,"author":{"gitId":"Siyan-G"},"content":"        Chatty chatty \u003d new Chatty();","lastModifiedDate":"2025-01-22","isFullCredit":false},{"lineNumber":179,"author":{"gitId":"Siyan-G"},"content":"        Scanner scanner \u003d new Scanner(System.in);","lastModifiedDate":"2025-01-22","isFullCredit":false},{"lineNumber":180,"author":{"gitId":"Siyan-G"},"content":"        chatty.Intro();","lastModifiedDate":"2025-01-22","isFullCredit":false},{"lineNumber":181,"author":{"gitId":"Siyan-G"},"content":"","lastModifiedDate":"2025-01-22","isFullCredit":false},{"lineNumber":182,"author":{"gitId":"Siyan-G"},"content":"        while (true) {","lastModifiedDate":"2025-01-22","isFullCredit":false},{"lineNumber":183,"author":{"gitId":"Siyan-G"},"content":"            System.out.print(\"Master: \");","lastModifiedDate":"2025-01-23","isFullCredit":false},{"lineNumber":184,"author":{"gitId":"Siyan-G"},"content":"            String userInput \u003d scanner.nextLine();","lastModifiedDate":"2025-01-22","isFullCredit":false},{"lineNumber":185,"author":{"gitId":"Siyan-G"},"content":"            chatty.handleCommand(userInput);","lastModifiedDate":"2025-01-22","isFullCredit":false},{"lineNumber":186,"author":{"gitId":"Siyan-G"},"content":"            if (userInput.equalsIgnoreCase(\"bye\")) {","lastModifiedDate":"2025-01-22","isFullCredit":false},{"lineNumber":187,"author":{"gitId":"Siyan-G"},"content":"                chatty.Exit();","lastModifiedDate":"2025-01-22","isFullCredit":false},{"lineNumber":188,"author":{"gitId":"Siyan-G"},"content":"                scanner.close();","lastModifiedDate":"2025-01-22","isFullCredit":false},{"lineNumber":189,"author":{"gitId":"Siyan-G"},"content":"                break;","lastModifiedDate":"2025-01-22","isFullCredit":false},{"lineNumber":190,"author":{"gitId":"Siyan-G"},"content":"            }","lastModifiedDate":"2025-01-22","isFullCredit":false},{"lineNumber":191,"author":{"gitId":"Siyan-G"},"content":"        }","lastModifiedDate":"2025-01-22","isFullCredit":false},{"lineNumber":192,"author":{"gitId":"Siyan-G"},"content":"    }","lastModifiedDate":"2025-01-20","isFullCredit":false},{"lineNumber":193,"author":{"gitId":"Siyan-G"},"content":"}","lastModifiedDate":"2025-01-20","isFullCredit":false}],"authorContributionMap":{"Siyan-G":193}},{"path":"src/main/java/Deadlines.java","fileType":"java","lines":[{"lineNumber":1,"author":{"gitId":"Siyan-G"},"content":"import java.time.LocalDateTime;","lastModifiedDate":"2025-02-06","isFullCredit":false},{"lineNumber":2,"author":{"gitId":"Siyan-G"},"content":"import java.time.format.DateTimeFormatter;","lastModifiedDate":"2025-02-06","isFullCredit":false},{"lineNumber":3,"author":{"gitId":"Siyan-G"},"content":"","lastModifiedDate":"2025-02-06","isFullCredit":false},{"lineNumber":4,"author":{"gitId":"Siyan-G"},"content":"public class Deadlines extends Task {","lastModifiedDate":"2025-01-22","isFullCredit":false},{"lineNumber":5,"author":{"gitId":"Siyan-G"},"content":"","lastModifiedDate":"2025-01-22","isFullCredit":false},{"lineNumber":6,"author":{"gitId":"Siyan-G"},"content":"    private LocalDateTime deadline;","lastModifiedDate":"2025-02-06","isFullCredit":false},{"lineNumber":7,"author":{"gitId":"Siyan-G"},"content":"","lastModifiedDate":"2025-01-22","isFullCredit":false},{"lineNumber":8,"author":{"gitId":"Siyan-G"},"content":"    public Deadlines(String name, LocalDateTime deadline) {","lastModifiedDate":"2025-02-06","isFullCredit":false},{"lineNumber":9,"author":{"gitId":"Siyan-G"},"content":"        super(name);","lastModifiedDate":"2025-01-22","isFullCredit":false},{"lineNumber":10,"author":{"gitId":"Siyan-G"},"content":"        this.deadline \u003d deadline;","lastModifiedDate":"2025-01-22","isFullCredit":false},{"lineNumber":11,"author":{"gitId":"Siyan-G"},"content":"    }","lastModifiedDate":"2025-01-22","isFullCredit":false},{"lineNumber":12,"author":{"gitId":"Siyan-G"},"content":"","lastModifiedDate":"2025-01-22","isFullCredit":false},{"lineNumber":13,"author":{"gitId":"Siyan-G"},"content":"    public Deadlines(boolean completed, String name, LocalDateTime deadline) {","lastModifiedDate":"2025-02-06","isFullCredit":false},{"lineNumber":14,"author":{"gitId":"Siyan-G"},"content":"        super(name, completed);","lastModifiedDate":"2025-02-06","isFullCredit":false},{"lineNumber":15,"author":{"gitId":"Siyan-G"},"content":"        this.deadline \u003d deadline;","lastModifiedDate":"2025-02-06","isFullCredit":false},{"lineNumber":16,"author":{"gitId":"Siyan-G"},"content":"    }","lastModifiedDate":"2025-02-06","isFullCredit":false},{"lineNumber":17,"author":{"gitId":"Siyan-G"},"content":"","lastModifiedDate":"2025-02-06","isFullCredit":false},{"lineNumber":18,"author":{"gitId":"Siyan-G"},"content":"    public static Deadlines fromCsv(String line) throws IllegalArgumentException {","lastModifiedDate":"2025-02-06","isFullCredit":false},{"lineNumber":19,"author":{"gitId":"Siyan-G"},"content":"        String[] parts \u003d line.split(\",\");","lastModifiedDate":"2025-02-06","isFullCredit":false},{"lineNumber":20,"author":{"gitId":"Siyan-G"},"content":"        if (parts.length !\u003d 4) {","lastModifiedDate":"2025-02-06","isFullCredit":false},{"lineNumber":21,"author":{"gitId":"Siyan-G"},"content":"            throw new IllegalArgumentException(\"Invalid deadline format\");","lastModifiedDate":"2025-02-06","isFullCredit":false},{"lineNumber":22,"author":{"gitId":"Siyan-G"},"content":"        }","lastModifiedDate":"2025-02-06","isFullCredit":false},{"lineNumber":23,"author":{"gitId":"Siyan-G"},"content":"        DateTimeFormatter formatter \u003d DateTimeFormatter.ofPattern(\"yyyy-MM-dd\u0027T\u0027HH:mm\");","lastModifiedDate":"2025-02-06","isFullCredit":false},{"lineNumber":24,"author":{"gitId":"Siyan-G"},"content":"        LocalDateTime deadline \u003d LocalDateTime.parse(parts[3], formatter);","lastModifiedDate":"2025-02-06","isFullCredit":false},{"lineNumber":25,"author":{"gitId":"Siyan-G"},"content":"        return new Deadlines(parts[1].equals(\"1\"), parts[2] , deadline);","lastModifiedDate":"2025-02-06","isFullCredit":false},{"lineNumber":26,"author":{"gitId":"Siyan-G"},"content":"    }","lastModifiedDate":"2025-02-06","isFullCredit":false},{"lineNumber":27,"author":{"gitId":"Siyan-G"},"content":"","lastModifiedDate":"2025-02-06","isFullCredit":false},{"lineNumber":28,"author":{"gitId":"Siyan-G"},"content":"    public String toCsv() {","lastModifiedDate":"2025-02-06","isFullCredit":false},{"lineNumber":29,"author":{"gitId":"Siyan-G"},"content":"        return String.format(\"D,%d,%s,%s\",","lastModifiedDate":"2025-02-06","isFullCredit":false},{"lineNumber":30,"author":{"gitId":"Siyan-G"},"content":"                super.isCompleted() ? 1 : 0,","lastModifiedDate":"2025-02-06","isFullCredit":false},{"lineNumber":31,"author":{"gitId":"Siyan-G"},"content":"                super.getTaskName(),","lastModifiedDate":"2025-02-06","isFullCredit":false},{"lineNumber":32,"author":{"gitId":"Siyan-G"},"content":"                this.deadline);","lastModifiedDate":"2025-02-06","isFullCredit":false},{"lineNumber":33,"author":{"gitId":"Siyan-G"},"content":"    }","lastModifiedDate":"2025-02-06","isFullCredit":false},{"lineNumber":34,"author":{"gitId":"Siyan-G"},"content":"","lastModifiedDate":"2025-02-06","isFullCredit":false},{"lineNumber":35,"author":{"gitId":"Siyan-G"},"content":"    @Override","lastModifiedDate":"2025-01-22","isFullCredit":false},{"lineNumber":36,"author":{"gitId":"Siyan-G"},"content":"    public String toString() {","lastModifiedDate":"2025-01-22","isFullCredit":false},{"lineNumber":37,"author":{"gitId":"Siyan-G"},"content":"        DateTimeFormatter formatter \u003d DateTimeFormatter.ofPattern(\"MMM dd yyyy HHmm\");","lastModifiedDate":"2025-02-06","isFullCredit":false},{"lineNumber":38,"author":{"gitId":"Siyan-G"},"content":"        String deadlineString \u003d this.deadline.format(formatter);","lastModifiedDate":"2025-02-06","isFullCredit":false},{"lineNumber":39,"author":{"gitId":"Siyan-G"},"content":"        return \"[D]\" + super.toString() + \" (by: \" + deadlineString + \")\";","lastModifiedDate":"2025-02-06","isFullCredit":false},{"lineNumber":40,"author":{"gitId":"Siyan-G"},"content":"    }","lastModifiedDate":"2025-01-22","isFullCredit":false},{"lineNumber":41,"author":{"gitId":"Siyan-G"},"content":"}","lastModifiedDate":"2025-01-22","isFullCredit":false}],"authorContributionMap":{"Siyan-G":41}},{"path":"src/main/java/Events.java","fileType":"java","lines":[{"lineNumber":1,"author":{"gitId":"Siyan-G"},"content":"public class Events extends Task{","lastModifiedDate":"2025-01-22","isFullCredit":false},{"lineNumber":2,"author":{"gitId":"Siyan-G"},"content":"","lastModifiedDate":"2025-01-22","isFullCredit":false},{"lineNumber":3,"author":{"gitId":"Siyan-G"},"content":"    private String start;","lastModifiedDate":"2025-01-22","isFullCredit":false},{"lineNumber":4,"author":{"gitId":"Siyan-G"},"content":"    private String end;","lastModifiedDate":"2025-01-22","isFullCredit":false},{"lineNumber":5,"author":{"gitId":"Siyan-G"},"content":"","lastModifiedDate":"2025-01-22","isFullCredit":false},{"lineNumber":6,"author":{"gitId":"Siyan-G"},"content":"    public Events(String name, String start, String end) {","lastModifiedDate":"2025-01-22","isFullCredit":false},{"lineNumber":7,"author":{"gitId":"Siyan-G"},"content":"        super(name);","lastModifiedDate":"2025-01-22","isFullCredit":false},{"lineNumber":8,"author":{"gitId":"Siyan-G"},"content":"        this.start \u003d start;","lastModifiedDate":"2025-01-22","isFullCredit":false},{"lineNumber":9,"author":{"gitId":"Siyan-G"},"content":"        this.end \u003d end;","lastModifiedDate":"2025-01-22","isFullCredit":false},{"lineNumber":10,"author":{"gitId":"Siyan-G"},"content":"    }","lastModifiedDate":"2025-01-22","isFullCredit":false},{"lineNumber":11,"author":{"gitId":"Siyan-G"},"content":"","lastModifiedDate":"2025-01-22","isFullCredit":false},{"lineNumber":12,"author":{"gitId":"Siyan-G"},"content":"    public Events(String name, boolean completed, String start, String end) {","lastModifiedDate":"2025-02-06","isFullCredit":false},{"lineNumber":13,"author":{"gitId":"Siyan-G"},"content":"        super(name, completed);","lastModifiedDate":"2025-02-06","isFullCredit":false},{"lineNumber":14,"author":{"gitId":"Siyan-G"},"content":"        this.start \u003d start;","lastModifiedDate":"2025-02-06","isFullCredit":false},{"lineNumber":15,"author":{"gitId":"Siyan-G"},"content":"        this.end \u003d end;","lastModifiedDate":"2025-02-06","isFullCredit":false},{"lineNumber":16,"author":{"gitId":"Siyan-G"},"content":"    }","lastModifiedDate":"2025-02-06","isFullCredit":false},{"lineNumber":17,"author":{"gitId":"Siyan-G"},"content":"","lastModifiedDate":"2025-02-06","isFullCredit":false},{"lineNumber":18,"author":{"gitId":"Siyan-G"},"content":"    public static Events fromCsv(String line) throws IllegalArgumentException {","lastModifiedDate":"2025-02-06","isFullCredit":false},{"lineNumber":19,"author":{"gitId":"Siyan-G"},"content":"        String[] parts \u003d line.split(\",\");","lastModifiedDate":"2025-02-06","isFullCredit":false},{"lineNumber":20,"author":{"gitId":"Siyan-G"},"content":"        if (parts.length !\u003d 5) {","lastModifiedDate":"2025-02-06","isFullCredit":false},{"lineNumber":21,"author":{"gitId":"Siyan-G"},"content":"            throw new IllegalArgumentException(\"Corrupted data: \" + line);","lastModifiedDate":"2025-02-06","isFullCredit":false},{"lineNumber":22,"author":{"gitId":"Siyan-G"},"content":"        }","lastModifiedDate":"2025-02-06","isFullCredit":false},{"lineNumber":23,"author":{"gitId":"Siyan-G"},"content":"        boolean isCompleted \u003d parts[1].equals(\"1\");","lastModifiedDate":"2025-02-06","isFullCredit":false},{"lineNumber":24,"author":{"gitId":"Siyan-G"},"content":"        String description \u003d parts[2];","lastModifiedDate":"2025-02-06","isFullCredit":false},{"lineNumber":25,"author":{"gitId":"Siyan-G"},"content":"        String start \u003d parts[3];","lastModifiedDate":"2025-02-06","isFullCredit":false},{"lineNumber":26,"author":{"gitId":"Siyan-G"},"content":"        String end \u003d parts[4];","lastModifiedDate":"2025-02-06","isFullCredit":false},{"lineNumber":27,"author":{"gitId":"Siyan-G"},"content":"        return new Events(description, isCompleted, start, end);","lastModifiedDate":"2025-02-06","isFullCredit":false},{"lineNumber":28,"author":{"gitId":"Siyan-G"},"content":"    }","lastModifiedDate":"2025-02-06","isFullCredit":false},{"lineNumber":29,"author":{"gitId":"Siyan-G"},"content":"","lastModifiedDate":"2025-02-06","isFullCredit":false},{"lineNumber":30,"author":{"gitId":"Siyan-G"},"content":"    public String toCsv() {","lastModifiedDate":"2025-02-06","isFullCredit":false},{"lineNumber":31,"author":{"gitId":"Siyan-G"},"content":"        return String.format(\"E,%d,%s,%s,%s\",","lastModifiedDate":"2025-02-06","isFullCredit":false},{"lineNumber":32,"author":{"gitId":"Siyan-G"},"content":"                super.isCompleted() ? 1 : 0,","lastModifiedDate":"2025-02-06","isFullCredit":false},{"lineNumber":33,"author":{"gitId":"Siyan-G"},"content":"                super.getTaskName(),","lastModifiedDate":"2025-02-06","isFullCredit":false},{"lineNumber":34,"author":{"gitId":"Siyan-G"},"content":"                this.start,","lastModifiedDate":"2025-02-06","isFullCredit":false},{"lineNumber":35,"author":{"gitId":"Siyan-G"},"content":"                this.end);","lastModifiedDate":"2025-02-06","isFullCredit":false},{"lineNumber":36,"author":{"gitId":"Siyan-G"},"content":"    }","lastModifiedDate":"2025-02-06","isFullCredit":false},{"lineNumber":37,"author":{"gitId":"Siyan-G"},"content":"","lastModifiedDate":"2025-02-06","isFullCredit":false},{"lineNumber":38,"author":{"gitId":"Siyan-G"},"content":"    @Override","lastModifiedDate":"2025-01-22","isFullCredit":false},{"lineNumber":39,"author":{"gitId":"Siyan-G"},"content":"    public String toString() {","lastModifiedDate":"2025-01-22","isFullCredit":false},{"lineNumber":40,"author":{"gitId":"Siyan-G"},"content":"        return \"[E]\" +","lastModifiedDate":"2025-01-22","isFullCredit":false},{"lineNumber":41,"author":{"gitId":"Siyan-G"},"content":"                super.toString() +","lastModifiedDate":"2025-01-22","isFullCredit":false},{"lineNumber":42,"author":{"gitId":"Siyan-G"},"content":"                \" (from: \" + start + \" to \" + end + \")\";","lastModifiedDate":"2025-01-22","isFullCredit":false},{"lineNumber":43,"author":{"gitId":"Siyan-G"},"content":"    }","lastModifiedDate":"2025-01-22","isFullCredit":false},{"lineNumber":44,"author":{"gitId":"Siyan-G"},"content":"}","lastModifiedDate":"2025-01-22","isFullCredit":false}],"authorContributionMap":{"Siyan-G":44}},{"path":"src/main/java/Task.java","fileType":"java","lines":[{"lineNumber":1,"author":{"gitId":"Siyan-G"},"content":"public class Task {","lastModifiedDate":"2025-01-22","isFullCredit":false},{"lineNumber":2,"author":{"gitId":"Siyan-G"},"content":"    private String taskName;","lastModifiedDate":"2025-01-22","isFullCredit":false},{"lineNumber":3,"author":{"gitId":"Siyan-G"},"content":"    private boolean isCompleted \u003d false;","lastModifiedDate":"2025-02-06","isFullCredit":false},{"lineNumber":4,"author":{"gitId":"Siyan-G"},"content":"","lastModifiedDate":"2025-01-22","isFullCredit":false},{"lineNumber":5,"author":{"gitId":"Siyan-G"},"content":"    public Task(String taskName) {","lastModifiedDate":"2025-01-22","isFullCredit":false},{"lineNumber":6,"author":{"gitId":"Siyan-G"},"content":"        this.taskName \u003d taskName;","lastModifiedDate":"2025-01-22","isFullCredit":false},{"lineNumber":7,"author":{"gitId":"Siyan-G"},"content":"    }","lastModifiedDate":"2025-01-22","isFullCredit":false},{"lineNumber":8,"author":{"gitId":"Siyan-G"},"content":"","lastModifiedDate":"2025-01-22","isFullCredit":false},{"lineNumber":9,"author":{"gitId":"Siyan-G"},"content":"    public Task(String taskName, boolean done) {","lastModifiedDate":"2025-02-06","isFullCredit":false},{"lineNumber":10,"author":{"gitId":"Siyan-G"},"content":"        this.taskName \u003d taskName;","lastModifiedDate":"2025-02-06","isFullCredit":false},{"lineNumber":11,"author":{"gitId":"Siyan-G"},"content":"        this.isCompleted \u003d done;","lastModifiedDate":"2025-02-06","isFullCredit":false},{"lineNumber":12,"author":{"gitId":"Siyan-G"},"content":"    }","lastModifiedDate":"2025-02-06","isFullCredit":false},{"lineNumber":13,"author":{"gitId":"Siyan-G"},"content":"","lastModifiedDate":"2025-02-06","isFullCredit":false},{"lineNumber":14,"author":{"gitId":"Siyan-G"},"content":"    public void markDone() {","lastModifiedDate":"2025-01-22","isFullCredit":false},{"lineNumber":15,"author":{"gitId":"Siyan-G"},"content":"        this.isCompleted \u003d true;","lastModifiedDate":"2025-02-06","isFullCredit":false},{"lineNumber":16,"author":{"gitId":"Siyan-G"},"content":"    }","lastModifiedDate":"2025-01-22","isFullCredit":false},{"lineNumber":17,"author":{"gitId":"Siyan-G"},"content":"","lastModifiedDate":"2025-01-22","isFullCredit":false},{"lineNumber":18,"author":{"gitId":"Siyan-G"},"content":"    public void unmarkDone() {","lastModifiedDate":"2025-01-22","isFullCredit":false},{"lineNumber":19,"author":{"gitId":"Siyan-G"},"content":"        this.isCompleted \u003d false;","lastModifiedDate":"2025-02-06","isFullCredit":false},{"lineNumber":20,"author":{"gitId":"Siyan-G"},"content":"    }","lastModifiedDate":"2025-02-06","isFullCredit":false},{"lineNumber":21,"author":{"gitId":"Siyan-G"},"content":"","lastModifiedDate":"2025-02-06","isFullCredit":false},{"lineNumber":22,"author":{"gitId":"Siyan-G"},"content":"    public String getTaskName() {","lastModifiedDate":"2025-02-06","isFullCredit":false},{"lineNumber":23,"author":{"gitId":"Siyan-G"},"content":"        return taskName;","lastModifiedDate":"2025-02-06","isFullCredit":false},{"lineNumber":24,"author":{"gitId":"Siyan-G"},"content":"    }","lastModifiedDate":"2025-02-06","isFullCredit":false},{"lineNumber":25,"author":{"gitId":"Siyan-G"},"content":"","lastModifiedDate":"2025-02-06","isFullCredit":false},{"lineNumber":26,"author":{"gitId":"Siyan-G"},"content":"    public boolean isCompleted() {","lastModifiedDate":"2025-02-06","isFullCredit":false},{"lineNumber":27,"author":{"gitId":"Siyan-G"},"content":"        return isCompleted;","lastModifiedDate":"2025-02-06","isFullCredit":false},{"lineNumber":28,"author":{"gitId":"Siyan-G"},"content":"    }","lastModifiedDate":"2025-01-22","isFullCredit":false},{"lineNumber":29,"author":{"gitId":"Siyan-G"},"content":"","lastModifiedDate":"2025-01-22","isFullCredit":false},{"lineNumber":30,"author":{"gitId":"Siyan-G"},"content":"    public String toString() {","lastModifiedDate":"2025-01-22","isFullCredit":false},{"lineNumber":31,"author":{"gitId":"Siyan-G"},"content":"        String done \u003d this.isCompleted ? \"X\" : \" \";","lastModifiedDate":"2025-02-06","isFullCredit":false},{"lineNumber":32,"author":{"gitId":"Siyan-G"},"content":"        return \"[\" + done + \"] \" + this.taskName;","lastModifiedDate":"2025-01-22","isFullCredit":false},{"lineNumber":33,"author":{"gitId":"Siyan-G"},"content":"    }","lastModifiedDate":"2025-01-22","isFullCredit":false},{"lineNumber":34,"author":{"gitId":"Siyan-G"},"content":"","lastModifiedDate":"2025-02-06","isFullCredit":false},{"lineNumber":35,"author":{"gitId":"Siyan-G"},"content":"    public String toCsv() {","lastModifiedDate":"2025-02-06","isFullCredit":false},{"lineNumber":36,"author":{"gitId":"Siyan-G"},"content":"        return String.format(\"%s,%s\", this.taskName, this.isCompleted() ? 1 : 0);","lastModifiedDate":"2025-02-06","isFullCredit":false},{"lineNumber":37,"author":{"gitId":"Siyan-G"},"content":"    }","lastModifiedDate":"2025-02-06","isFullCredit":false},{"lineNumber":38,"author":{"gitId":"Siyan-G"},"content":"","lastModifiedDate":"2025-02-06","isFullCredit":false},{"lineNumber":39,"author":{"gitId":"Siyan-G"},"content":"    public static Task fromCsv(String csv) throws IllegalArgumentException {","lastModifiedDate":"2025-02-06","isFullCredit":false},{"lineNumber":40,"author":{"gitId":"Siyan-G"},"content":"        String[] tokens \u003d csv.split(\",\");","lastModifiedDate":"2025-02-06","isFullCredit":false},{"lineNumber":41,"author":{"gitId":"Siyan-G"},"content":"        if (tokens.length !\u003d 2) {","lastModifiedDate":"2025-02-06","isFullCredit":false},{"lineNumber":42,"author":{"gitId":"Siyan-G"},"content":"            throw new IllegalArgumentException();","lastModifiedDate":"2025-02-06","isFullCredit":false},{"lineNumber":43,"author":{"gitId":"Siyan-G"},"content":"        }","lastModifiedDate":"2025-02-06","isFullCredit":false},{"lineNumber":44,"author":{"gitId":"Siyan-G"},"content":"        String taskName \u003d tokens[0];","lastModifiedDate":"2025-02-06","isFullCredit":false},{"lineNumber":45,"author":{"gitId":"Siyan-G"},"content":"        boolean isCompleted \u003d Boolean.parseBoolean(tokens[1]);","lastModifiedDate":"2025-02-06","isFullCredit":false},{"lineNumber":46,"author":{"gitId":"Siyan-G"},"content":"        return new Task(taskName, isCompleted);","lastModifiedDate":"2025-02-06","isFullCredit":false},{"lineNumber":47,"author":{"gitId":"Siyan-G"},"content":"    }","lastModifiedDate":"2025-02-06","isFullCredit":false},{"lineNumber":48,"author":{"gitId":"Siyan-G"},"content":"}","lastModifiedDate":"2025-01-22","isFullCredit":false}],"authorContributionMap":{"Siyan-G":48}},{"path":"src/main/java/TaskStorageManager.java","fileType":"java","lines":[{"lineNumber":1,"author":{"gitId":"Siyan-G"},"content":"import java.io.*;","lastModifiedDate":"2025-02-06","isFullCredit":false},{"lineNumber":2,"author":{"gitId":"Siyan-G"},"content":"import java.nio.file.Files;","lastModifiedDate":"2025-02-06","isFullCredit":false},{"lineNumber":3,"author":{"gitId":"Siyan-G"},"content":"import java.nio.file.Paths;","lastModifiedDate":"2025-02-06","isFullCredit":false},{"lineNumber":4,"author":{"gitId":"Siyan-G"},"content":"import java.util.ArrayList;","lastModifiedDate":"2025-02-06","isFullCredit":false},{"lineNumber":5,"author":{"gitId":"Siyan-G"},"content":"import java.util.List;","lastModifiedDate":"2025-02-06","isFullCredit":false},{"lineNumber":6,"author":{"gitId":"Siyan-G"},"content":"","lastModifiedDate":"2025-02-06","isFullCredit":false},{"lineNumber":7,"author":{"gitId":"Siyan-G"},"content":"public class TaskStorageManager {","lastModifiedDate":"2025-02-06","isFullCredit":false},{"lineNumber":8,"author":{"gitId":"Siyan-G"},"content":"    private static final String DIRECTORY \u003d \"./data\"; // Folder for tasks","lastModifiedDate":"2025-02-06","isFullCredit":false},{"lineNumber":9,"author":{"gitId":"Siyan-G"},"content":"    private static final String FILE_PATH \u003d DIRECTORY + \"/tasks.csv\";","lastModifiedDate":"2025-02-06","isFullCredit":false},{"lineNumber":10,"author":{"gitId":"Siyan-G"},"content":"","lastModifiedDate":"2025-02-06","isFullCredit":false},{"lineNumber":11,"author":{"gitId":"Siyan-G"},"content":"    public static ArrayList\u003cTask\u003e loadTasks() {","lastModifiedDate":"2025-02-06","isFullCredit":false},{"lineNumber":12,"author":{"gitId":"Siyan-G"},"content":"        ArrayList\u003cTask\u003e tasks \u003d new ArrayList\u003c\u003e();","lastModifiedDate":"2025-02-06","isFullCredit":false},{"lineNumber":13,"author":{"gitId":"Siyan-G"},"content":"        File file \u003d new File(FILE_PATH);","lastModifiedDate":"2025-02-06","isFullCredit":false},{"lineNumber":14,"author":{"gitId":"Siyan-G"},"content":"","lastModifiedDate":"2025-02-06","isFullCredit":false},{"lineNumber":15,"author":{"gitId":"Siyan-G"},"content":"        if (!file.exists()) {","lastModifiedDate":"2025-02-06","isFullCredit":false},{"lineNumber":16,"author":{"gitId":"Siyan-G"},"content":"            System.out.println(\"No existing tasks found. Creating a new local csv for storage\");","lastModifiedDate":"2025-02-06","isFullCredit":false},{"lineNumber":17,"author":{"gitId":"Siyan-G"},"content":"            return tasks;","lastModifiedDate":"2025-02-06","isFullCredit":false},{"lineNumber":18,"author":{"gitId":"Siyan-G"},"content":"        }","lastModifiedDate":"2025-02-06","isFullCredit":false},{"lineNumber":19,"author":{"gitId":"Siyan-G"},"content":"","lastModifiedDate":"2025-02-06","isFullCredit":false},{"lineNumber":20,"author":{"gitId":"Siyan-G"},"content":"        try (BufferedReader reader \u003d new BufferedReader(new FileReader(file))) {","lastModifiedDate":"2025-02-06","isFullCredit":false},{"lineNumber":21,"author":{"gitId":"Siyan-G"},"content":"            String line;","lastModifiedDate":"2025-02-06","isFullCredit":false},{"lineNumber":22,"author":{"gitId":"Siyan-G"},"content":"            while ((line \u003d reader.readLine()) !\u003d null) {","lastModifiedDate":"2025-02-06","isFullCredit":false},{"lineNumber":23,"author":{"gitId":"Siyan-G"},"content":"                line \u003d line.trim();","lastModifiedDate":"2025-02-06","isFullCredit":false},{"lineNumber":24,"author":{"gitId":"Siyan-G"},"content":"                if (!line.isEmpty()) { // Ignore empty lines","lastModifiedDate":"2025-02-06","isFullCredit":false},{"lineNumber":25,"author":{"gitId":"Siyan-G"},"content":"                    try {","lastModifiedDate":"2025-02-06","isFullCredit":false},{"lineNumber":26,"author":{"gitId":"Siyan-G"},"content":"                        char taskType \u003d line.charAt(0);","lastModifiedDate":"2025-02-06","isFullCredit":false},{"lineNumber":27,"author":{"gitId":"Siyan-G"},"content":"                        switch (taskType) {","lastModifiedDate":"2025-02-06","isFullCredit":false},{"lineNumber":28,"author":{"gitId":"Siyan-G"},"content":"                        case \u0027T\u0027:","lastModifiedDate":"2025-02-06","isFullCredit":false},{"lineNumber":29,"author":{"gitId":"Siyan-G"},"content":"                            tasks.add(Todo.fromCsv(line));","lastModifiedDate":"2025-02-06","isFullCredit":false},{"lineNumber":30,"author":{"gitId":"Siyan-G"},"content":"                            break;","lastModifiedDate":"2025-02-06","isFullCredit":false},{"lineNumber":31,"author":{"gitId":"Siyan-G"},"content":"                        case \u0027D\u0027:","lastModifiedDate":"2025-02-06","isFullCredit":false},{"lineNumber":32,"author":{"gitId":"Siyan-G"},"content":"                            tasks.add(Deadlines.fromCsv(line));","lastModifiedDate":"2025-02-06","isFullCredit":false},{"lineNumber":33,"author":{"gitId":"Siyan-G"},"content":"                            break;","lastModifiedDate":"2025-02-06","isFullCredit":false},{"lineNumber":34,"author":{"gitId":"Siyan-G"},"content":"                        case \u0027E\u0027:","lastModifiedDate":"2025-02-06","isFullCredit":false},{"lineNumber":35,"author":{"gitId":"Siyan-G"},"content":"                            tasks.add(Events.fromCsv(line));","lastModifiedDate":"2025-02-06","isFullCredit":false},{"lineNumber":36,"author":{"gitId":"Siyan-G"},"content":"                            break;","lastModifiedDate":"2025-02-06","isFullCredit":false},{"lineNumber":37,"author":{"gitId":"Siyan-G"},"content":"                        default:","lastModifiedDate":"2025-02-06","isFullCredit":false},{"lineNumber":38,"author":{"gitId":"Siyan-G"},"content":"                            System.out.println(\"Skipping unknown task type: \" + line);","lastModifiedDate":"2025-02-06","isFullCredit":false},{"lineNumber":39,"author":{"gitId":"Siyan-G"},"content":"                        }","lastModifiedDate":"2025-02-06","isFullCredit":false},{"lineNumber":40,"author":{"gitId":"Siyan-G"},"content":"                    } catch (IllegalArgumentException e) {","lastModifiedDate":"2025-02-06","isFullCredit":false},{"lineNumber":41,"author":{"gitId":"Siyan-G"},"content":"                        System.out.println(\"Skipping corrupted line: \" + line);","lastModifiedDate":"2025-02-06","isFullCredit":false},{"lineNumber":42,"author":{"gitId":"Siyan-G"},"content":"                    }","lastModifiedDate":"2025-02-06","isFullCredit":false},{"lineNumber":43,"author":{"gitId":"Siyan-G"},"content":"                }","lastModifiedDate":"2025-02-06","isFullCredit":false},{"lineNumber":44,"author":{"gitId":"Siyan-G"},"content":"            }","lastModifiedDate":"2025-02-06","isFullCredit":false},{"lineNumber":45,"author":{"gitId":"Siyan-G"},"content":"        } catch (IOException e) {","lastModifiedDate":"2025-02-06","isFullCredit":false},{"lineNumber":46,"author":{"gitId":"Siyan-G"},"content":"            System.out.println(\"Error reading tasks: \" + e.getMessage());","lastModifiedDate":"2025-02-06","isFullCredit":false},{"lineNumber":47,"author":{"gitId":"Siyan-G"},"content":"        }","lastModifiedDate":"2025-02-06","isFullCredit":false},{"lineNumber":48,"author":{"gitId":"Siyan-G"},"content":"        return tasks;","lastModifiedDate":"2025-02-06","isFullCredit":false},{"lineNumber":49,"author":{"gitId":"Siyan-G"},"content":"    }","lastModifiedDate":"2025-02-06","isFullCredit":false},{"lineNumber":50,"author":{"gitId":"Siyan-G"},"content":"","lastModifiedDate":"2025-02-06","isFullCredit":false},{"lineNumber":51,"author":{"gitId":"Siyan-G"},"content":"    public static void saveTasks(List\u003cTask\u003e tasks) {","lastModifiedDate":"2025-02-06","isFullCredit":false},{"lineNumber":52,"author":{"gitId":"Siyan-G"},"content":"        try {","lastModifiedDate":"2025-02-06","isFullCredit":false},{"lineNumber":53,"author":{"gitId":"Siyan-G"},"content":"            Files.createDirectories(Paths.get(DIRECTORY));","lastModifiedDate":"2025-02-06","isFullCredit":false},{"lineNumber":54,"author":{"gitId":"Siyan-G"},"content":"            try (BufferedWriter writer \u003d new BufferedWriter(new FileWriter(FILE_PATH))) {","lastModifiedDate":"2025-02-06","isFullCredit":false},{"lineNumber":55,"author":{"gitId":"Siyan-G"},"content":"                for (Task task : tasks) {","lastModifiedDate":"2025-02-06","isFullCredit":false},{"lineNumber":56,"author":{"gitId":"Siyan-G"},"content":"                    writer.write(task.toCsv());","lastModifiedDate":"2025-02-06","isFullCredit":false},{"lineNumber":57,"author":{"gitId":"Siyan-G"},"content":"                    writer.newLine();","lastModifiedDate":"2025-02-06","isFullCredit":false},{"lineNumber":58,"author":{"gitId":"Siyan-G"},"content":"                }","lastModifiedDate":"2025-02-06","isFullCredit":false},{"lineNumber":59,"author":{"gitId":"Siyan-G"},"content":"            }","lastModifiedDate":"2025-02-06","isFullCredit":false},{"lineNumber":60,"author":{"gitId":"Siyan-G"},"content":"        } catch (IOException e) {","lastModifiedDate":"2025-02-06","isFullCredit":false},{"lineNumber":61,"author":{"gitId":"Siyan-G"},"content":"            System.out.println(\"Error saving tasks: \" + e.getMessage());","lastModifiedDate":"2025-02-06","isFullCredit":false},{"lineNumber":62,"author":{"gitId":"Siyan-G"},"content":"        }","lastModifiedDate":"2025-02-06","isFullCredit":false},{"lineNumber":63,"author":{"gitId":"Siyan-G"},"content":"    }","lastModifiedDate":"2025-02-06","isFullCredit":false},{"lineNumber":64,"author":{"gitId":"Siyan-G"},"content":"","lastModifiedDate":"2025-02-06","isFullCredit":false},{"lineNumber":65,"author":{"gitId":"Siyan-G"},"content":"}","lastModifiedDate":"2025-02-06","isFullCredit":false}],"authorContributionMap":{"Siyan-G":65}},{"path":"src/main/java/Todo.java","fileType":"java","lines":[{"lineNumber":1,"author":{"gitId":"Siyan-G"},"content":"public class Todo extends Task {","lastModifiedDate":"2025-01-22","isFullCredit":false},{"lineNumber":2,"author":{"gitId":"Siyan-G"},"content":"    public Todo(String description) {","lastModifiedDate":"2025-02-06","isFullCredit":false},{"lineNumber":3,"author":{"gitId":"Siyan-G"},"content":"        super(description);","lastModifiedDate":"2025-02-06","isFullCredit":false},{"lineNumber":4,"author":{"gitId":"Siyan-G"},"content":"    }","lastModifiedDate":"2025-02-06","isFullCredit":false},{"lineNumber":5,"author":{"gitId":"Siyan-G"},"content":"","lastModifiedDate":"2025-02-06","isFullCredit":false},{"lineNumber":6,"author":{"gitId":"Siyan-G"},"content":"    public Todo(String description, boolean isCompleted){","lastModifiedDate":"2025-02-06","isFullCredit":false},{"lineNumber":7,"author":{"gitId":"Siyan-G"},"content":"        super(description, isCompleted);","lastModifiedDate":"2025-02-06","isFullCredit":false},{"lineNumber":8,"author":{"gitId":"Siyan-G"},"content":"    }","lastModifiedDate":"2025-02-06","isFullCredit":false},{"lineNumber":9,"author":{"gitId":"Siyan-G"},"content":"","lastModifiedDate":"2025-02-06","isFullCredit":false},{"lineNumber":10,"author":{"gitId":"Siyan-G"},"content":"    public static Todo fromCsv(String line) {","lastModifiedDate":"2025-02-06","isFullCredit":false},{"lineNumber":11,"author":{"gitId":"Siyan-G"},"content":"        String[] parts \u003d line.split(\",\");","lastModifiedDate":"2025-02-06","isFullCredit":false},{"lineNumber":12,"author":{"gitId":"Siyan-G"},"content":"        if (parts.length !\u003d 3) {","lastModifiedDate":"2025-02-06","isFullCredit":false},{"lineNumber":13,"author":{"gitId":"Siyan-G"},"content":"            throw new IllegalArgumentException(\"Corrupted data: \" + line);","lastModifiedDate":"2025-02-06","isFullCredit":false},{"lineNumber":14,"author":{"gitId":"Siyan-G"},"content":"        }","lastModifiedDate":"2025-02-06","isFullCredit":false},{"lineNumber":15,"author":{"gitId":"Siyan-G"},"content":"        boolean isCompleted \u003d parts[1].equals(\"1\");","lastModifiedDate":"2025-02-06","isFullCredit":false},{"lineNumber":16,"author":{"gitId":"Siyan-G"},"content":"        String description \u003d parts[2];","lastModifiedDate":"2025-02-06","isFullCredit":false},{"lineNumber":17,"author":{"gitId":"Siyan-G"},"content":"        return new Todo(description, isCompleted);","lastModifiedDate":"2025-02-06","isFullCredit":false},{"lineNumber":18,"author":{"gitId":"Siyan-G"},"content":"    }","lastModifiedDate":"2025-02-06","isFullCredit":false},{"lineNumber":19,"author":{"gitId":"Siyan-G"},"content":"","lastModifiedDate":"2025-02-06","isFullCredit":false},{"lineNumber":20,"author":{"gitId":"Siyan-G"},"content":"    public String toCsv() {","lastModifiedDate":"2025-02-06","isFullCredit":false},{"lineNumber":21,"author":{"gitId":"Siyan-G"},"content":"        return String.format(\"T,%d,%s\",","lastModifiedDate":"2025-02-06","isFullCredit":false},{"lineNumber":22,"author":{"gitId":"Siyan-G"},"content":"                super.isCompleted() ? 1 : 0,","lastModifiedDate":"2025-02-06","isFullCredit":false},{"lineNumber":23,"author":{"gitId":"Siyan-G"},"content":"                super.getTaskName());","lastModifiedDate":"2025-02-06","isFullCredit":false},{"lineNumber":24,"author":{"gitId":"Siyan-G"},"content":"    }","lastModifiedDate":"2025-01-22","isFullCredit":false},{"lineNumber":25,"author":{"gitId":"Siyan-G"},"content":"","lastModifiedDate":"2025-01-22","isFullCredit":false},{"lineNumber":26,"author":{"gitId":"Siyan-G"},"content":"    @Override","lastModifiedDate":"2025-01-22","isFullCredit":false},{"lineNumber":27,"author":{"gitId":"Siyan-G"},"content":"    public String toString() {","lastModifiedDate":"2025-01-22","isFullCredit":false},{"lineNumber":28,"author":{"gitId":"Siyan-G"},"content":"        return \"[T]\" + super.toString();","lastModifiedDate":"2025-01-22","isFullCredit":false},{"lineNumber":29,"author":{"gitId":"Siyan-G"},"content":"    }","lastModifiedDate":"2025-01-22","isFullCredit":false},{"lineNumber":30,"author":{"gitId":"Siyan-G"},"content":"}","lastModifiedDate":"2025-01-22","isFullCredit":false}],"authorContributionMap":{"Siyan-G":30}},{"path":"src/main/java/exception/ChattyException.java","fileType":"java","lines":[{"lineNumber":1,"author":{"gitId":"Siyan-G"},"content":"package exception;","lastModifiedDate":"2025-01-23","isFullCredit":false},{"lineNumber":2,"author":{"gitId":"Siyan-G"},"content":"","lastModifiedDate":"2025-01-23","isFullCredit":false},{"lineNumber":3,"author":{"gitId":"Siyan-G"},"content":"public class ChattyException extends Exception{","lastModifiedDate":"2025-01-23","isFullCredit":false},{"lineNumber":4,"author":{"gitId":"Siyan-G"},"content":"","lastModifiedDate":"2025-01-23","isFullCredit":false},{"lineNumber":5,"author":{"gitId":"Siyan-G"},"content":"    @Override","lastModifiedDate":"2025-01-23","isFullCredit":false},{"lineNumber":6,"author":{"gitId":"Siyan-G"},"content":"    public String toString() {","lastModifiedDate":"2025-01-23","isFullCredit":false},{"lineNumber":7,"author":{"gitId":"Siyan-G"},"content":"        return \"Oopsies !\";","lastModifiedDate":"2025-01-23","isFullCredit":false},{"lineNumber":8,"author":{"gitId":"Siyan-G"},"content":"    }","lastModifiedDate":"2025-01-23","isFullCredit":false},{"lineNumber":9,"author":{"gitId":"Siyan-G"},"content":"}","lastModifiedDate":"2025-01-23","isFullCredit":false}],"authorContributionMap":{"Siyan-G":9}},{"path":"src/main/java/exception/ChattyInvalidArgumentException.java","fileType":"java","lines":[{"lineNumber":1,"author":{"gitId":"Siyan-G"},"content":"package exception;","lastModifiedDate":"2025-01-23","isFullCredit":false},{"lineNumber":2,"author":{"gitId":"Siyan-G"},"content":"","lastModifiedDate":"2025-01-23","isFullCredit":false},{"lineNumber":3,"author":{"gitId":"Siyan-G"},"content":"public class ChattyInvalidArgumentException extends ChattyException{","lastModifiedDate":"2025-01-23","isFullCredit":false},{"lineNumber":4,"author":{"gitId":"Siyan-G"},"content":"","lastModifiedDate":"2025-01-23","isFullCredit":false},{"lineNumber":5,"author":{"gitId":"Siyan-G"},"content":"    private final String commandType;","lastModifiedDate":"2025-01-23","isFullCredit":false},{"lineNumber":6,"author":{"gitId":"Siyan-G"},"content":"","lastModifiedDate":"2025-01-23","isFullCredit":false},{"lineNumber":7,"author":{"gitId":"Siyan-G"},"content":"    public ChattyInvalidArgumentException(String commandType) {","lastModifiedDate":"2025-01-23","isFullCredit":false},{"lineNumber":8,"author":{"gitId":"Siyan-G"},"content":"        this.commandType \u003d commandType;","lastModifiedDate":"2025-01-23","isFullCredit":false},{"lineNumber":9,"author":{"gitId":"Siyan-G"},"content":"    }","lastModifiedDate":"2025-01-23","isFullCredit":false},{"lineNumber":10,"author":{"gitId":"Siyan-G"},"content":"","lastModifiedDate":"2025-01-23","isFullCredit":false},{"lineNumber":11,"author":{"gitId":"Siyan-G"},"content":"    @Override","lastModifiedDate":"2025-01-23","isFullCredit":false},{"lineNumber":12,"author":{"gitId":"Siyan-G"},"content":"    public String getMessage() {","lastModifiedDate":"2025-01-23","isFullCredit":false},{"lineNumber":13,"author":{"gitId":"Siyan-G"},"content":"        return String.format(\" Invalid argument detected for command: %s\", commandType);","lastModifiedDate":"2025-01-23","isFullCredit":false},{"lineNumber":14,"author":{"gitId":"Siyan-G"},"content":"    }","lastModifiedDate":"2025-01-23","isFullCredit":false},{"lineNumber":15,"author":{"gitId":"Siyan-G"},"content":"","lastModifiedDate":"2025-01-23","isFullCredit":false},{"lineNumber":16,"author":{"gitId":"Siyan-G"},"content":"    @Override","lastModifiedDate":"2025-01-23","isFullCredit":false},{"lineNumber":17,"author":{"gitId":"Siyan-G"},"content":"    public String toString() {","lastModifiedDate":"2025-01-23","isFullCredit":false},{"lineNumber":18,"author":{"gitId":"Siyan-G"},"content":"        return String.format(\" Invalid argument detected for command: %s\", commandType);","lastModifiedDate":"2025-01-23","isFullCredit":false},{"lineNumber":19,"author":{"gitId":"Siyan-G"},"content":"    }","lastModifiedDate":"2025-01-23","isFullCredit":false},{"lineNumber":20,"author":{"gitId":"Siyan-G"},"content":"}","lastModifiedDate":"2025-01-23","isFullCredit":false}],"authorContributionMap":{"Siyan-G":20}},{"path":"src/main/java/exception/ChattyInvalidInputException.java","fileType":"java","lines":[{"lineNumber":1,"author":{"gitId":"Siyan-G"},"content":"package exception;","lastModifiedDate":"2025-01-23","isFullCredit":false},{"lineNumber":2,"author":{"gitId":"Siyan-G"},"content":"","lastModifiedDate":"2025-01-23","isFullCredit":false},{"lineNumber":3,"author":{"gitId":"Siyan-G"},"content":"public class ChattyInvalidInputException extends ChattyException{","lastModifiedDate":"2025-01-23","isFullCredit":false},{"lineNumber":4,"author":{"gitId":"Siyan-G"},"content":"","lastModifiedDate":"2025-01-23","isFullCredit":false},{"lineNumber":5,"author":{"gitId":"Siyan-G"},"content":"    private final String command;","lastModifiedDate":"2025-01-23","isFullCredit":false},{"lineNumber":6,"author":{"gitId":"Siyan-G"},"content":"","lastModifiedDate":"2025-01-23","isFullCredit":false},{"lineNumber":7,"author":{"gitId":"Siyan-G"},"content":"    public ChattyInvalidInputException(String command) {","lastModifiedDate":"2025-01-23","isFullCredit":false},{"lineNumber":8,"author":{"gitId":"Siyan-G"},"content":"        this.command \u003d command;","lastModifiedDate":"2025-01-23","isFullCredit":false},{"lineNumber":9,"author":{"gitId":"Siyan-G"},"content":"    }","lastModifiedDate":"2025-01-23","isFullCredit":false},{"lineNumber":10,"author":{"gitId":"Siyan-G"},"content":"","lastModifiedDate":"2025-01-23","isFullCredit":false},{"lineNumber":11,"author":{"gitId":"Siyan-G"},"content":"    @Override","lastModifiedDate":"2025-01-23","isFullCredit":false},{"lineNumber":12,"author":{"gitId":"Siyan-G"},"content":"    public String getMessage() {","lastModifiedDate":"2025-01-23","isFullCredit":false},{"lineNumber":13,"author":{"gitId":"Siyan-G"},"content":"        return String.format(\"I\u0027m sorry! I could not execute this command: %s\", command);","lastModifiedDate":"2025-01-23","isFullCredit":false},{"lineNumber":14,"author":{"gitId":"Siyan-G"},"content":"    }","lastModifiedDate":"2025-01-23","isFullCredit":false},{"lineNumber":15,"author":{"gitId":"Siyan-G"},"content":"","lastModifiedDate":"2025-01-23","isFullCredit":false},{"lineNumber":16,"author":{"gitId":"Siyan-G"},"content":"    @Override","lastModifiedDate":"2025-01-23","isFullCredit":false},{"lineNumber":17,"author":{"gitId":"Siyan-G"},"content":"    public String toString() {","lastModifiedDate":"2025-01-23","isFullCredit":false},{"lineNumber":18,"author":{"gitId":"Siyan-G"},"content":"        return String.format(\"I\u0027m sorry! I could not execute this command: %s\", command);","lastModifiedDate":"2025-01-23","isFullCredit":false},{"lineNumber":19,"author":{"gitId":"Siyan-G"},"content":"    }","lastModifiedDate":"2025-01-23","isFullCredit":false},{"lineNumber":20,"author":{"gitId":"Siyan-G"},"content":"}","lastModifiedDate":"2025-01-23","isFullCredit":false}],"authorContributionMap":{"Siyan-G":20}},{"path":"src/main/java/exception/ChattyTaskNotFoundException.java","fileType":"java","lines":[{"lineNumber":1,"author":{"gitId":"Siyan-G"},"content":"package exception;","lastModifiedDate":"2025-01-23","isFullCredit":false},{"lineNumber":2,"author":{"gitId":"Siyan-G"},"content":"","lastModifiedDate":"2025-01-23","isFullCredit":false},{"lineNumber":3,"author":{"gitId":"Siyan-G"},"content":"public class ChattyTaskNotFoundException extends ChattyException {","lastModifiedDate":"2025-01-23","isFullCredit":false},{"lineNumber":4,"author":{"gitId":"Siyan-G"},"content":"","lastModifiedDate":"2025-01-23","isFullCredit":false},{"lineNumber":5,"author":{"gitId":"Siyan-G"},"content":"    private int taskId;","lastModifiedDate":"2025-01-23","isFullCredit":false},{"lineNumber":6,"author":{"gitId":"Siyan-G"},"content":"","lastModifiedDate":"2025-01-23","isFullCredit":false},{"lineNumber":7,"author":{"gitId":"Siyan-G"},"content":"    public ChattyTaskNotFoundException(int taskId) {","lastModifiedDate":"2025-01-23","isFullCredit":false},{"lineNumber":8,"author":{"gitId":"Siyan-G"},"content":"        this.taskId \u003d taskId;","lastModifiedDate":"2025-01-23","isFullCredit":false},{"lineNumber":9,"author":{"gitId":"Siyan-G"},"content":"    }","lastModifiedDate":"2025-01-23","isFullCredit":false},{"lineNumber":10,"author":{"gitId":"Siyan-G"},"content":"","lastModifiedDate":"2025-01-23","isFullCredit":false},{"lineNumber":11,"author":{"gitId":"Siyan-G"},"content":"    @Override","lastModifiedDate":"2025-01-23","isFullCredit":false},{"lineNumber":12,"author":{"gitId":"Siyan-G"},"content":"    public String getMessage() {","lastModifiedDate":"2025-01-23","isFullCredit":false},{"lineNumber":13,"author":{"gitId":"Siyan-G"},"content":"        return String.format(\" Sorry! task %d could not be found\", taskId);","lastModifiedDate":"2025-01-23","isFullCredit":false},{"lineNumber":14,"author":{"gitId":"Siyan-G"},"content":"    }","lastModifiedDate":"2025-01-23","isFullCredit":false},{"lineNumber":15,"author":{"gitId":"Siyan-G"},"content":"","lastModifiedDate":"2025-01-23","isFullCredit":false},{"lineNumber":16,"author":{"gitId":"Siyan-G"},"content":"    @Override","lastModifiedDate":"2025-01-23","isFullCredit":false},{"lineNumber":17,"author":{"gitId":"Siyan-G"},"content":"    public String toString() {","lastModifiedDate":"2025-01-23","isFullCredit":false},{"lineNumber":18,"author":{"gitId":"Siyan-G"},"content":"        return String.format(\" Sorry! task %d could not be found\", taskId);","lastModifiedDate":"2025-01-23","isFullCredit":false},{"lineNumber":19,"author":{"gitId":"Siyan-G"},"content":"    }","lastModifiedDate":"2025-01-23","isFullCredit":false},{"lineNumber":20,"author":{"gitId":"Siyan-G"},"content":"}","lastModifiedDate":"2025-01-23","isFullCredit":false}],"authorContributionMap":{"Siyan-G":20}},{"path":"text-ui-test/input.txt","fileType":"txt","lines":[{"lineNumber":1,"author":{"gitId":"Siyan-G"},"content":"todo attend CS2103T","lastModifiedDate":"2025-01-23","isFullCredit":false},{"lineNumber":2,"author":{"gitId":"Siyan-G"},"content":"event wedding /from monday 2pm /to 8pm","lastModifiedDate":"2025-01-23","isFullCredit":false},{"lineNumber":3,"author":{"gitId":"Siyan-G"},"content":"deadline prep for cs2101 /by tuesday night","lastModifiedDate":"2025-01-23","isFullCredit":false},{"lineNumber":4,"author":{"gitId":"Siyan-G"},"content":"mark 2","lastModifiedDate":"2025-01-23","isFullCredit":false},{"lineNumber":5,"author":{"gitId":"Siyan-G"},"content":"mark 3","lastModifiedDate":"2025-01-23","isFullCredit":false},{"lineNumber":6,"author":{"gitId":"Siyan-G"},"content":"unmark 2","lastModifiedDate":"2025-01-23","isFullCredit":false},{"lineNumber":7,"author":{"gitId":"Siyan-G"},"content":"list","lastModifiedDate":"2025-01-23","isFullCredit":false},{"lineNumber":8,"author":{"gitId":"Siyan-G"},"content":"bye","lastModifiedDate":"2025-01-23","isFullCredit":false}],"authorContributionMap":{"Siyan-G":8}},{"path":"text-ui-test/runtest.bat","fileType":"bat","lines":[{"lineNumber":1,"author":{"gitId":"-"},"content":"@ECHO OFF","lastModifiedDate":"2020-05-25","isFullCredit":false},{"lineNumber":2,"author":{"gitId":"-"},"content":"","lastModifiedDate":"2020-05-25","isFullCredit":false},{"lineNumber":3,"author":{"gitId":"-"},"content":"REM create bin directory if it doesn\u0027t exist","lastModifiedDate":"2020-05-25","isFullCredit":false},{"lineNumber":4,"author":{"gitId":"-"},"content":"if not exist ..\\bin mkdir ..\\bin","lastModifiedDate":"2020-05-25","isFullCredit":false},{"lineNumber":5,"author":{"gitId":"-"},"content":"","lastModifiedDate":"2020-05-25","isFullCredit":false},{"lineNumber":6,"author":{"gitId":"-"},"content":"REM delete output from previous run","lastModifiedDate":"2020-05-25","isFullCredit":false},{"lineNumber":7,"author":{"gitId":"Siyan-G"},"content":"del ACTUAL.TXT","lastModifiedDate":"2025-01-23","isFullCredit":false},{"lineNumber":8,"author":{"gitId":"-"},"content":"","lastModifiedDate":"2020-05-25","isFullCredit":false},{"lineNumber":9,"author":{"gitId":"-"},"content":"REM compile the code into the bin folder","lastModifiedDate":"2020-05-25","isFullCredit":false},{"lineNumber":10,"author":{"gitId":"-"},"content":"javac  -cp ..\\src\\main\\java -Xlint:none -d ..\\bin ..\\src\\main\\java\\*.java","lastModifiedDate":"2020-08-25","isFullCredit":false},{"lineNumber":11,"author":{"gitId":"-"},"content":"IF ERRORLEVEL 1 (","lastModifiedDate":"2020-05-25","isFullCredit":false},{"lineNumber":12,"author":{"gitId":"-"},"content":"    echo ********** BUILD FAILURE **********","lastModifiedDate":"2020-05-25","isFullCredit":false},{"lineNumber":13,"author":{"gitId":"-"},"content":"    exit /b 1","lastModifiedDate":"2020-05-25","isFullCredit":false},{"lineNumber":14,"author":{"gitId":"-"},"content":")","lastModifiedDate":"2020-05-25","isFullCredit":false},{"lineNumber":15,"author":{"gitId":"-"},"content":"REM no error here, errorlevel \u003d\u003d 0","lastModifiedDate":"2020-05-25","isFullCredit":false},{"lineNumber":16,"author":{"gitId":"-"},"content":"","lastModifiedDate":"2020-05-25","isFullCredit":false},{"lineNumber":17,"author":{"gitId":"-"},"content":"REM run the program, feed commands from input.txt file and redirect the output to the ACTUAL.TXT","lastModifiedDate":"2020-05-25","isFullCredit":false},{"lineNumber":18,"author":{"gitId":"Siyan-G"},"content":"java -classpath ..\\bin Chatty \u003c input.txt \u003e ACTUAL.TXT","lastModifiedDate":"2025-01-23","isFullCredit":false},{"lineNumber":19,"author":{"gitId":"-"},"content":"","lastModifiedDate":"2020-05-25","isFullCredit":false},{"lineNumber":20,"author":{"gitId":"-"},"content":"REM compare the output to the expected output","lastModifiedDate":"2020-05-25","isFullCredit":false},{"lineNumber":21,"author":{"gitId":"-"},"content":"FC ACTUAL.TXT EXPECTED.TXT","lastModifiedDate":"2020-05-25","isFullCredit":false}],"authorContributionMap":{"Siyan-G":2,"-":19}},{"path":"text-ui-test/runtest.sh","fileType":"sh","lines":[{"lineNumber":1,"author":{"gitId":"-"},"content":"#!/usr/bin/env bash","lastModifiedDate":"2020-05-25","isFullCredit":false},{"lineNumber":2,"author":{"gitId":"-"},"content":"","lastModifiedDate":"2020-05-25","isFullCredit":false},{"lineNumber":3,"author":{"gitId":"-"},"content":"# create bin directory if it doesn\u0027t exist","lastModifiedDate":"2020-05-25","isFullCredit":false},{"lineNumber":4,"author":{"gitId":"-"},"content":"if [ ! -d \"../bin\" ]","lastModifiedDate":"2020-05-25","isFullCredit":false},{"lineNumber":5,"author":{"gitId":"-"},"content":"then","lastModifiedDate":"2020-05-25","isFullCredit":false},{"lineNumber":6,"author":{"gitId":"-"},"content":"    mkdir ../bin","lastModifiedDate":"2020-05-25","isFullCredit":false},{"lineNumber":7,"author":{"gitId":"-"},"content":"fi","lastModifiedDate":"2020-05-25","isFullCredit":false},{"lineNumber":8,"author":{"gitId":"-"},"content":"","lastModifiedDate":"2020-05-25","isFullCredit":false},{"lineNumber":9,"author":{"gitId":"-"},"content":"# delete output from previous run","lastModifiedDate":"2020-05-25","isFullCredit":false},{"lineNumber":10,"author":{"gitId":"-"},"content":"if [ -e \"./ACTUAL.TXT\" ]","lastModifiedDate":"2020-05-25","isFullCredit":false},{"lineNumber":11,"author":{"gitId":"-"},"content":"then","lastModifiedDate":"2020-05-25","isFullCredit":false},{"lineNumber":12,"author":{"gitId":"-"},"content":"    rm ACTUAL.TXT","lastModifiedDate":"2020-05-25","isFullCredit":false},{"lineNumber":13,"author":{"gitId":"-"},"content":"fi","lastModifiedDate":"2020-05-25","isFullCredit":false},{"lineNumber":14,"author":{"gitId":"-"},"content":"","lastModifiedDate":"2020-05-25","isFullCredit":false},{"lineNumber":15,"author":{"gitId":"-"},"content":"# compile the code into the bin folder, terminates if error occurred","lastModifiedDate":"2020-05-25","isFullCredit":false},{"lineNumber":16,"author":{"gitId":"-"},"content":"if ! javac -cp ../src/main/java -Xlint:none -d ../bin ../src/main/java/*.java","lastModifiedDate":"2020-08-25","isFullCredit":false},{"lineNumber":17,"author":{"gitId":"-"},"content":"then","lastModifiedDate":"2020-05-25","isFullCredit":false},{"lineNumber":18,"author":{"gitId":"-"},"content":"    echo \"********** BUILD FAILURE **********\"","lastModifiedDate":"2020-05-25","isFullCredit":false},{"lineNumber":19,"author":{"gitId":"-"},"content":"    exit 1","lastModifiedDate":"2020-05-25","isFullCredit":false},{"lineNumber":20,"author":{"gitId":"-"},"content":"fi","lastModifiedDate":"2020-05-25","isFullCredit":false},{"lineNumber":21,"author":{"gitId":"-"},"content":"","lastModifiedDate":"2020-05-25","isFullCredit":false},{"lineNumber":22,"author":{"gitId":"-"},"content":"# run the program, feed commands from input.txt file and redirect the output to the ACTUAL.TXT","lastModifiedDate":"2020-05-25","isFullCredit":false},{"lineNumber":23,"author":{"gitId":"Siyan-G"},"content":"java -classpath ../bin Chatty \u003c input.txt \u003e ACTUAL.TXT","lastModifiedDate":"2025-01-23","isFullCredit":false},{"lineNumber":24,"author":{"gitId":"-"},"content":"","lastModifiedDate":"2020-05-25","isFullCredit":false},{"lineNumber":25,"author":{"gitId":"-"},"content":"# convert to UNIX format","lastModifiedDate":"2020-05-25","isFullCredit":false},{"lineNumber":26,"author":{"gitId":"-"},"content":"cp EXPECTED.TXT EXPECTED-UNIX.TXT","lastModifiedDate":"2020-05-25","isFullCredit":false},{"lineNumber":27,"author":{"gitId":"-"},"content":"dos2unix ACTUAL.TXT EXPECTED-UNIX.TXT","lastModifiedDate":"2020-05-25","isFullCredit":false},{"lineNumber":28,"author":{"gitId":"-"},"content":"","lastModifiedDate":"2020-05-25","isFullCredit":false},{"lineNumber":29,"author":{"gitId":"-"},"content":"# compare the output to the expected output","lastModifiedDate":"2020-05-25","isFullCredit":false},{"lineNumber":30,"author":{"gitId":"-"},"content":"diff ACTUAL.TXT EXPECTED-UNIX.TXT","lastModifiedDate":"2020-05-25","isFullCredit":false},{"lineNumber":31,"author":{"gitId":"-"},"content":"if [ $? -eq 0 ]","lastModifiedDate":"2020-05-25","isFullCredit":false},{"lineNumber":32,"author":{"gitId":"-"},"content":"then","lastModifiedDate":"2020-05-25","isFullCredit":false},{"lineNumber":33,"author":{"gitId":"-"},"content":"    echo \"Test result: PASSED\"","lastModifiedDate":"2020-05-25","isFullCredit":false},{"lineNumber":34,"author":{"gitId":"-"},"content":"    exit 0","lastModifiedDate":"2020-05-25","isFullCredit":false},{"lineNumber":35,"author":{"gitId":"-"},"content":"else","lastModifiedDate":"2020-05-25","isFullCredit":false},{"lineNumber":36,"author":{"gitId":"-"},"content":"    echo \"Test result: FAILED\"","lastModifiedDate":"2020-05-25","isFullCredit":false},{"lineNumber":37,"author":{"gitId":"-"},"content":"    exit 1","lastModifiedDate":"2020-05-25","isFullCredit":false},{"lineNumber":38,"author":{"gitId":"-"},"content":"fi","lastModifiedDate":"2020-05-25","isFullCredit":false}],"authorContributionMap":{"Siyan-G":1,"-":37}}]
