{"authorDailyContributionsMap":{"Siyan-G":[{"date":"2025-01-20","commitResults":[{"hash":"c33316bd552c2d276ac58d66eb05b624eb8d7caf","isMergeCommit":false,"messageTitle":"rename file name, add intro and exit messages","messageBody":"","fileTypesAndContributionMap":{"java":{"insertions":12,"deletions":10}}},{"hash":"b923c5b851889eae5674547340da3fd8ca7c4bb6","isMergeCommit":false,"messageTitle":"modified intro and exit messages","messageBody":"","tags":["Level-0"],"fileTypesAndContributionMap":{"java":{"insertions":2,"deletions":2}}}]},{"date":"2025-01-22","commitResults":[{"hash":"55b46a0ac3c47e25f54c8d99ed7bd6624c9c5ca1","isMergeCommit":false,"messageTitle":"Echo","messageBody":"","tags":["Level-1"],"fileTypesAndContributionMap":{"java":{"insertions":19,"deletions":2}}},{"hash":"0587737353482ec744707f6da0387679fe99a756","isMergeCommit":false,"messageTitle":"Add, List","messageBody":"","tags":["Level-2"],"fileTypesAndContributionMap":{"java":{"insertions":22,"deletions":2}}},{"hash":"34852b355a35b92d2df963b8337c439d6a7d3576","isMergeCommit":false,"messageTitle":"Mark as done","messageBody":"","tags":["Level-3"],"fileTypesAndContributionMap":{"java":{"insertions":50,"deletions":3}}},{"hash":"682f2d1205d3a5576fcfda2a3bec32ed1d8fc0fc","isMergeCommit":false,"messageTitle":"ToDo, Event, Deadline","messageBody":"","tags":["Level-4"],"fileTypesAndContributionMap":{"java":{"insertions":143,"deletions":53}}}]},{"date":"2025-01-23","commitResults":[{"hash":"d2ec57768aac95b02fa56c5fa694af5ffe534eb5","isMergeCommit":false,"messageTitle":"Automated Text UI Testing","messageBody":"","tags":["A-TextUiTesting"],"fileTypesAndContributionMap":{"txt":{"insertions":8,"deletions":0},"java":{"insertions":2,"deletions":4},"bat":{"insertions":2,"deletions":2},"sh":{"insertions":1,"deletions":1}}},{"hash":"7067b4037c5bbb39c588706c09962b60104e7ea5","isMergeCommit":false,"messageTitle":"Handle Errors","messageBody":"","tags":["Level-5"],"fileTypesAndContributionMap":{"java":{"insertions":166,"deletions":58}}},{"hash":"c51df1bb8d8bfdc74f56ff3c3346c41f935a58b1","isMergeCommit":false,"messageTitle":"Delete","messageBody":"","tags":["Level-6"],"fileTypesAndContributionMap":{"java":{"insertions":34,"deletions":18}}}]},{"date":"2025-02-06","commitResults":[{"hash":"4ffbdc18ff11f7f6da3b0e3dd1195dc047ed8dce","isMergeCommit":false,"messageTitle":"Save","messageBody":"","fileTypesAndContributionMap":{"java":{"insertions":183,"deletions":16}}},{"hash":"83bf5c43888b4f9fb27e95823be58be59b7b07ae","isMergeCommit":true,"messageTitle":"Merge branch \u0027branch-Level-7\u0027","messageBody":"","tags":["Level-7"],"fileTypesAndContributionMap":{}},{"hash":"baf0bc8ab3372020a306c17dda4e591f9ecb7d90","isMergeCommit":false,"messageTitle":"Dates and Times","messageBody":"","fileTypesAndContributionMap":{"java":{"insertions":30,"deletions":15}}},{"hash":"3d2114db6ad77096904e4b90b38d28ef5b1102ea","isMergeCommit":true,"messageTitle":"Merge branch \u0027branch-Level-8\u0027","messageBody":"","tags":["Level-8"],"fileTypesAndContributionMap":{}}]},{"date":"2025-02-07","commitResults":[{"hash":"a45f0b6bcb922a7181a55eaef05089c4cbef8480","isMergeCommit":false,"messageTitle":"restructure for OOP","messageBody":"","tags":["A-MoreOOP"],"fileTypesAndContributionMap":{"java":{"insertions":512,"deletions":207}}},{"hash":"8a2e3940864641053549cd80b714a0385ea31c8f","isMergeCommit":false,"messageTitle":"organise into packages","messageBody":"","tags":["A-Packages"],"fileTypesAndContributionMap":{"java":{"insertions":90,"deletions":95},"bat":{"insertions":1,"deletions":1}}},{"hash":"0c4dfb1cb1c7d7189a725ee055e8fa17f3b8840e","isMergeCommit":true,"messageTitle":"Merge branch \u0027add-gradle-support\u0027","messageBody":"","tags":["A-Gradle"],"fileTypesAndContributionMap":{}},{"hash":"3a23cad60a9ff815c78da60c3c0a7437af994af7","isMergeCommit":false,"messageTitle":"add junit test class for Todo and DeleteCommand classes","messageBody":"","tags":["A-JUnit"],"fileTypesAndContributionMap":{"gradle":{"insertions":9,"deletions":4},"java":{"insertions":78,"deletions":0}}},{"hash":"e424c5cfd12ae0a2b7236f575a198f3310d5423d","isMergeCommit":false,"messageTitle":"set up jar environment","messageBody":"","tags":["A-Jar"],"fileTypesAndContributionMap":{"gradle":{"insertions":2,"deletions":1}}},{"hash":"071e58c6dc9bfb4e3587416e63b7e565a94fa463","isMergeCommit":false,"messageTitle":"add javadoc to classes","messageBody":"","fileTypesAndContributionMap":{"java":{"insertions":780,"deletions":41}}},{"hash":"3cef65a94229181adb86495df57dc51fcb21b2ac","isMergeCommit":false,"messageTitle":"tweak coding standard","messageBody":"","fileTypesAndContributionMap":{"java":{"insertions":22,"deletions":4}}},{"hash":"47813e45ed540f73511d7c07f1fb6d5f1c5633b1","isMergeCommit":true,"messageTitle":"Merge branch \u0027branch-A-CodingStandard\u0027","messageBody":"","tags":["A-CodingStandard"],"fileTypesAndContributionMap":{}},{"hash":"a517e1295b9070dcee17f06909f78806d150b064","isMergeCommit":true,"messageTitle":"merge branch-A-Javadoc into main","messageBody":"","tags":["A-JavaDoc"],"fileTypesAndContributionMap":{}},{"hash":"950d74b53630a5c4cf982921b448f143d1a1b2ee","isMergeCommit":false,"messageTitle":"add find command","messageBody":"","fileTypesAndContributionMap":{"java":{"insertions":109,"deletions":11}}},{"hash":"886ebee1cc39e88c101e1cb002ab8c7d95562290","isMergeCommit":true,"messageTitle":"merge branch-Level-9 into main","messageBody":"","fileTypesAndContributionMap":{}},{"hash":"362f37911e3cfbb34d8a51b7a105e06056c733f4","isMergeCommit":false,"messageTitle":"add imports","messageBody":"","tags":["Level-9"],"fileTypesAndContributionMap":{"java":{"insertions":1,"deletions":1}}},{"hash":"256bd6d13608e4c614f15c80e37600d8ed7b45fd","isMergeCommit":false,"messageTitle":"add checkstyle","messageBody":"","fileTypesAndContributionMap":{"gradle":{"insertions":5,"deletions":0},"java":{"insertions":83,"deletions":65}}},{"hash":"2cdd484ce7073c97a38c6c0563c59cbf9ce9ada3","isMergeCommit":true,"messageTitle":"Merge branch \u0027branch-A-CheckStyle\u0027","messageBody":"","fileTypesAndContributionMap":{}}]},{"date":"2025-02-08","commitResults":[{"hash":"b4d0b9ac9377c2a4b01f2f5121da1c70f640bfb8","isMergeCommit":false,"messageTitle":"add javafx","messageBody":"","fileTypesAndContributionMap":{"gradle":{"insertions":17,"deletions":1},"fxml":{"insertions":84,"deletions":0},"java":{"insertions":377,"deletions":151}}},{"hash":"f8e0b963ac5b63395c8e5a08dad6f688c865f72e","isMergeCommit":true,"messageTitle":"Merge branch \u0027branch-Level-10\u0027","messageBody":"","tags":["Level-10","A-CheckStyle"],"fileTypesAndContributionMap":{}}]},{"date":"2025-02-14","commitResults":[{"hash":"c4c33829fd3d6dfba0a94799473132f122491b5f","isMergeCommit":false,"messageTitle":"Add assertions to various classees","messageBody":"","fileTypesAndContributionMap":{"gradle":{"insertions":2,"deletions":1},"java":{"insertions":2,"deletions":0}}},{"hash":"1992bb0f46ec6a775c1e38a87f42b255f98934bc","isMergeCommit":false,"messageTitle":"Fix tasksContain method in TaskList class","messageBody":"","fileTypesAndContributionMap":{"java":{"insertions":1,"deletions":3}}},{"hash":"44e3beacb9aa6194ff008826f9f6ec3b85108d67","isMergeCommit":false,"messageTitle":"Parser class: extract individual methods for parsing commands","messageBody":"The parse method is over 50 lines long, handling multiple commands in a single block of code. This makes it difficult to maintain, especially as new commands are added.\n\nEach command has a unique format and requires different parsing logic to extract relevant details before execution. Keeping all logic in a single method leads to poor readability and maintainability.\n\nExtract individual static methods for parsing each command.\n\nBy breaking the parse method into smaller, dedicated parsing methods, we improve readability, reduce code duplication, and make it easier to extend the parser in the future.\n\nUsing separate methods allows for better error handling and validation at a more granular level, making debugging and future modifications more manageable.\n","fileTypesAndContributionMap":{"java":{"insertions":141,"deletions":88}}},{"hash":"502dcd91725338aaba2da1dcad347e2ddbcd8ced","isMergeCommit":false,"messageTitle":"Refactor TaskList to use Java Streams","messageBody":"The TaskList class currently uses traditional loops and manual list operations, making the code less concise and harder to read.\n\nRefactor TaskList to leverage Java Streams for operations such as filtering, mapping, and collecting. Remove redundant numOfTasks field and replace manual iterations with stream-based processing.\n\nUsing Streams improves code readability, reduces boilerplate, and aligns with modern Java best practices. The refactored methods are more expressive and maintainable while preserving existing functionality.\n\nAll Javadoc comments are retained, ensuring documentation remains up-to-date.\n","fileTypesAndContributionMap":{"java":{"insertions":25,"deletions":55}}},{"hash":"71df968411c9b59cd4b94688fa7d8eec74443ea9","isMergeCommit":true,"messageTitle":"Merge pull request #1 from Siyan-G/branch-A-Assertions","messageBody":"Add assertions to verify program state at key execution points","tags":["A-Assertions"],"fileTypesAndContributionMap":{}},{"hash":"436923b8e4046ef759ac93dfb24933b7bfd675a5","isMergeCommit":true,"messageTitle":"Merge branch \u0027master\u0027 into branch-A-CodeQuality","messageBody":"","fileTypesAndContributionMap":{}},{"hash":"63c0102e87083c9134397f7913df46207a103c44","isMergeCommit":true,"messageTitle":"Merge pull request #2 from Siyan-G/branch-A-CodeQuality","messageBody":"Parser class: extract individual methods for parsing commands","tags":["A-CodeQuality"],"fileTypesAndContributionMap":{}},{"hash":"910972a4955d640a32e36cd999a955225e78dec9","isMergeCommit":false,"messageTitle":"Revert \"Parser class: extract individual methods for parsing commands\"","messageBody":"","fileTypesAndContributionMap":{"java":{"insertions":88,"deletions":141}}},{"hash":"c19c3ff15a9cb3b83d317bee2f6939dea156c930","isMergeCommit":true,"messageTitle":"Merge pull request #3 from Siyan-G/revert-2-branch-A-CodeQuality","messageBody":"Revert \"Parser class: extract individual methods for parsing commands\"","fileTypesAndContributionMap":{}},{"hash":"1da066a8c51f91a64e8108c9e60d68e7b8b267be","isMergeCommit":false,"messageTitle":"Parser class: extract individual methods for parsing commands","messageBody":"The parse method is over 50 lines long, handling multiple commands in a single block of code. This makes it difficult to maintain, especially as new commands are added.\n\nEach command has a unique format and requires different parsing logic to extract relevant details before execution. Keeping all logic in a single method leads to poor readability and maintainability.\n\nExtract individual static methods for parsing each command.\n\nBy breaking the parse method into smaller, dedicated parsing methods, we improve readability, reduce code duplication, and make it easier to extend the parser in the future.\n\nUsing separate methods allows for better error handling and validation at a more granular level, making debugging and future modifications more manageable.\n","fileTypesAndContributionMap":{"java":{"insertions":141,"deletions":88}}},{"hash":"ebe8f5d96f2b874e06b35a4f60106db73cbb2309","isMergeCommit":true,"messageTitle":"conclude merge","messageBody":"","fileTypesAndContributionMap":{}},{"hash":"f70ce2fcac2950f968824a539813c639ebcae7b1","isMergeCommit":true,"messageTitle":"Merge branch \u0027master\u0027 into branch-A-Streams","messageBody":"","fileTypesAndContributionMap":{}},{"hash":"0a7992471748496d0a7dcb49c980b4e0cd41a5b2","isMergeCommit":true,"messageTitle":"Merge pull request #4 from Siyan-G/branch-A-Streams","messageBody":"Refactor TaskList to use Java Streams","tags":["A-Streams"],"fileTypesAndContributionMap":{}},{"hash":"2bb85710936e8266689a594fcd64958c16170b6c","isMergeCommit":false,"messageTitle":"Edit message format for \u0027find\u0027 and \u0027list\u0027 commands.","messageBody":"The message format for the \u0027find\u0027 and \u0027list\u0027 commands use wrong line breaks.\n\nUpdate the message format for both commands to be more consistent and each task is printed on a new line.\n\nThese changes improve the clarity of command output and improves user experience.\n","tags":["A-FullCommitMessage"],"fileTypesAndContributionMap":{"java":{"insertions":6,"deletions":5}}},{"hash":"d345011077f8ce20d07dd4e89dd8c5732d60f143","isMergeCommit":false,"messageTitle":"minor refract of code in TaskList and FindCommand classes","messageBody":"","fileTypesAndContributionMap":{"java":{"insertions":7,"deletions":9}}}]},{"date":"2025-02-15","commitResults":[{"hash":"123e2c5d42bbb14245312210f6e2c03f28380c3d","isMergeCommit":false,"messageTitle":"add help command to display list of commands available for use","messageBody":"","fileTypesAndContributionMap":{"java":{"insertions":21,"deletions":0}}},{"hash":"8c0df021184f0573024ca8fc2f3ab475730ecdc5","isMergeCommit":false,"messageTitle":"edit the help message in the UI class","messageBody":"","fileTypesAndContributionMap":{"java":{"insertions":6,"deletions":2}}},{"hash":"9a5d755edced30ac896b34d1541d1054e5a68697","isMergeCommit":false,"messageTitle":"add javadoc in HelpCommand class","messageBody":"","fileTypesAndContributionMap":{"java":{"insertions":10,"deletions":5}}},{"hash":"b432cfff0209ad556c666a8de10e58351d9062e8","isMergeCommit":false,"messageTitle":"update help message in Ui class","messageBody":"","fileTypesAndContributionMap":{"java":{"insertions":11,"deletions":10}}},{"hash":"4d017076ab6290fd3a0a9bd2b3acc991921aa598","isMergeCommit":true,"messageTitle":"Merge branch \u0027branch-A-CodeQuality\u0027","messageBody":"","fileTypesAndContributionMap":{}},{"hash":"4c3b14996ca097ade0c50371691f92cd3ee04577","isMergeCommit":false,"messageTitle":"break down parse method into methods for individual commands","messageBody":"","fileTypesAndContributionMap":{"java":{"insertions":141,"deletions":82}}},{"hash":"86ce163c7111e5d623ee2c564bfa2d69a4ed7c69","isMergeCommit":false,"messageTitle":"add parsing of help command in Parse method","messageBody":"","fileTypesAndContributionMap":{"java":{"insertions":4,"deletions":0}}},{"hash":"240f9c5ca001b66023966e2728dd251f48a41fdd","isMergeCommit":true,"messageTitle":"Merge branch \u0027branch-B-Help\u0027","messageBody":"","tags":["BCD-Extension"],"fileTypesAndContributionMap":{}}]}]},"authorFileTypeContributionMap":{"Siyan-G":{"java":2042,"md":0,"fxml":84,"sh":1,"bat":2,"gradle":32,"txt":8}},"authorContributionVariance":{"Siyan-G":142305.8},"authorDisplayNameMap":{"Siyan-G":"CS2103T-T12-2 GUO ..IYAN"}}
