{"authorDailyContributionsMap":{"Sean-G-Han":[{"date":"2025-01-18","commitResults":[{"hash":"e3b20bb8befa1e8162f30317eadcda6491f403b2","isMergeCommit":false,"messageTitle":"Change Duke.java to Tooth.java","messageBody":"","fileTypesAndContributionMap":{"java":{"insertions":12,"deletions":10}}},{"hash":"a52a04c655dee66f6fac1d233b21166296af9085","isMergeCommit":false,"messageTitle":"Added Greetings","messageBody":"","tags":["Level-0"],"fileTypesAndContributionMap":{"java":{"insertions":5,"deletions":1}}},{"hash":"ed945210cbf1175f41b2e47c62e3d4d81498c90d","isMergeCommit":false,"messageTitle":"Added Echo","messageBody":"","tags":["Level-1"],"fileTypesAndContributionMap":{"java":{"insertions":12,"deletions":1}}},{"hash":"8dc7f6b98e747bf285e7027a4346b240233361f9","isMergeCommit":false,"messageTitle":"Added Brain.java which handles Add + List operations","messageBody":"","tags":["Level-2"],"fileTypesAndContributionMap":{"java":{"insertions":40,"deletions":11}}}]},{"date":"2025-01-19","commitResults":[{"hash":"876cfd0d41df1336f7659f39917702586cce7f63","isMergeCommit":false,"messageTitle":"Created immutable Task class","messageBody":"","fileTypesAndContributionMap":{"java":{"insertions":30,"deletions":4}}},{"hash":"beeceb095cb826e03d43cabf66e15c9d2a8d878d","isMergeCommit":false,"messageTitle":"Added ablity to mark and unmark tasks","messageBody":"","tags":["Level-3"],"fileTypesAndContributionMap":{"java":{"insertions":28,"deletions":3}}},{"hash":"5dd5d32c2fb96a61ffc9247f4f9ccb683861e05b","isMergeCommit":false,"messageTitle":"Made Task and abstract class with subclasses ToDo, Event, Deadline","messageBody":"","fileTypesAndContributionMap":{"java":{"insertions":94,"deletions":19}}},{"hash":"c2ea1b8b74b3ce6715f0fb12dd222be3f5fdfe96","isMergeCommit":false,"messageTitle":"Small change to toString Method (added spacing)","messageBody":"","fileTypesAndContributionMap":{"java":{"insertions":2,"deletions":2}}},{"hash":"d26624c8ba863ab113cf14be81753e4d958d652c","isMergeCommit":false,"messageTitle":"Brain now processes Event, ToDo and Deadline request","messageBody":"","tags":["Level-4"],"fileTypesAndContributionMap":{"java":{"insertions":19,"deletions":1}}},{"hash":"9678f8d632e8d4e99670e7d17f9766f89589d555","isMergeCommit":false,"messageTitle":"Removed lines in UI for easier testing","messageBody":"","fileTypesAndContributionMap":{"java":{"insertions":0,"deletions":8}}},{"hash":"4dec0f0c313a92e262af61f6fd5d037af5c1f918","isMergeCommit":false,"messageTitle":"Removed Whitespace","messageBody":"","fileTypesAndContributionMap":{"java":{"insertions":1,"deletions":1}}},{"hash":"006e7bc6f44c3576ed955737e88d04f9c8993ade","isMergeCommit":false,"messageTitle":"Added UI text testing","messageBody":"","tags":["A-TextUiTesting"],"fileTypesAndContributionMap":{"txt":{"insertions":5,"deletions":0},"bat":{"insertions":1,"deletions":1}}},{"hash":"6341cf8305dbcf1f0f9906ee5bed1bce3586583b","isMergeCommit":false,"messageTitle":"Refactor Brain.java","messageBody":"","fileTypesAndContributionMap":{"java":{"insertions":32,"deletions":26}}},{"hash":"227049c2bafdb6240e3f3eba05b23b2e37b4a071","isMergeCommit":false,"messageTitle":"Added Exceptions and Handlers","messageBody":"","tags":["Level-5"],"fileTypesAndContributionMap":{"java":{"insertions":20,"deletions":0}}},{"hash":"684a3b8fcf29e905586d2581987c865e3b2eef4f","isMergeCommit":false,"messageTitle":"Added Testing for new Exceptions","messageBody":"","fileTypesAndContributionMap":{"txt":{"insertions":10,"deletions":2},"java":{"insertions":86,"deletions":49}}},{"hash":"48ae0b2b460f29e2b482a46e581f489bd4c7ab41","isMergeCommit":false,"messageTitle":"Added delete functionality plus appropriate testing","messageBody":"","tags":["Level-6"],"fileTypesAndContributionMap":{"txt":{"insertions":3,"deletions":0},"java":{"insertions":17,"deletions":4}}}]},{"date":"2025-01-24","commitResults":[{"hash":"ae9a22190b695ba7819f0c2f269e7ca730fad010","isMergeCommit":false,"messageTitle":"Added save functionality on \"bye\" command","messageBody":"","fileTypesAndContributionMap":{"java":{"insertions":20,"deletions":1}}},{"hash":"409920671e12b34df8354fd67e41a75fe25a806a","isMergeCommit":false,"messageTitle":"Added serialize method to all task subclasses","messageBody":"","fileTypesAndContributionMap":{"java":{"insertions":17,"deletions":0}}},{"hash":"cdbe79e63fddc9e0d8fbb2c705a1dbd934811f83","isMergeCommit":false,"messageTitle":"Added completion status of task in serialize method while also overloading factory method for optional booleans","messageBody":"","fileTypesAndContributionMap":{"java":{"insertions":18,"deletions":6}}},{"hash":"38f6cf9ccd14269bd7c54509b3c9d41e9605c77e","isMergeCommit":false,"messageTitle":"Added save and load functionality","messageBody":"","fileTypesAndContributionMap":{"java":{"insertions":67,"deletions":14}}},{"hash":"f3cb05abf9c58fa3432ad401d6cdb54599dc4aac","isMergeCommit":false,"messageTitle":"Made saving and loading their own functions","messageBody":"","tags":["Level-7"],"fileTypesAndContributionMap":{"java":{"insertions":11,"deletions":2}}}]}]},"authorFileTypeContributionMap":{"Sean-G-Han":{"java":378,"md":0,"fxml":0,"sh":0,"bat":1,"gradle":0,"txt":16}},"authorContributionVariance":{"Sean-G-Han":14509.795},"authorDisplayNameMap":{"Sean-G-Han":"CS2103T-W12-2 TAN .. HAN"}}
