[{"path":"data/bryan.txt","fileType":"txt","lines":[{"lineNumber":1,"author":{"gitId":"bkkuan"},"content":"E | 0 | project meeting | Aug 6th 2pm | Aug 6th 4pm","lastModifiedDate":"2025-02-05","isFullCredit":false},{"lineNumber":2,"author":{"gitId":"bkkuan"},"content":"D | 0 | Submit report | 2023-12-25","lastModifiedDate":"2025-02-05","isFullCredit":false},{"lineNumber":3,"author":{"gitId":"bkkuan"},"content":"T | 0 | sleeep","lastModifiedDate":"2025-02-06","isFullCredit":false}],"authorContributionMap":{"bkkuan":3}},{"path":"src/main/java/Bryan.java","fileType":"java","lines":[{"lineNumber":1,"author":{"gitId":"bkkuan"},"content":"import bryan.command.Command;","lastModifiedDate":"2025-02-06","isFullCredit":false},{"lineNumber":2,"author":{"gitId":"bkkuan"},"content":"import bryan.exception.BryanException;","lastModifiedDate":"2025-02-06","isFullCredit":false},{"lineNumber":3,"author":{"gitId":"bkkuan"},"content":"import bryan.parser.Parser;","lastModifiedDate":"2025-02-06","isFullCredit":false},{"lineNumber":4,"author":{"gitId":"bkkuan"},"content":"import bryan.storage.Storage;","lastModifiedDate":"2025-02-06","isFullCredit":false},{"lineNumber":5,"author":{"gitId":"bkkuan"},"content":"import bryan.taskmanager.TaskManager;","lastModifiedDate":"2025-02-06","isFullCredit":false},{"lineNumber":6,"author":{"gitId":"bkkuan"},"content":"import bryan.ui.Ui;","lastModifiedDate":"2025-02-06","isFullCredit":false},{"lineNumber":7,"author":{"gitId":"bkkuan"},"content":"","lastModifiedDate":"2025-01-24","isFullCredit":false},{"lineNumber":8,"author":{"gitId":"bkkuan"},"content":";","lastModifiedDate":"2025-02-06","isFullCredit":false},{"lineNumber":9,"author":{"gitId":"bkkuan"},"content":"","lastModifiedDate":"2025-02-05","isFullCredit":false},{"lineNumber":10,"author":{"gitId":"bkkuan"},"content":"public class Bryan {","lastModifiedDate":"2025-02-06","isFullCredit":false},{"lineNumber":11,"author":{"gitId":"bkkuan"},"content":"    private final Storage storage;","lastModifiedDate":"2025-02-06","isFullCredit":false},{"lineNumber":12,"author":{"gitId":"bkkuan"},"content":"    private final TaskManager taskManager;","lastModifiedDate":"2025-02-06","isFullCredit":false},{"lineNumber":13,"author":{"gitId":"bkkuan"},"content":"    private final Ui ui;","lastModifiedDate":"2025-02-06","isFullCredit":false},{"lineNumber":14,"author":{"gitId":"bkkuan"},"content":"","lastModifiedDate":"2025-01-23","isFullCredit":false},{"lineNumber":15,"author":{"gitId":"bkkuan"},"content":"    public Bryan(String filePath) {","lastModifiedDate":"2025-02-06","isFullCredit":false},{"lineNumber":16,"author":{"gitId":"bkkuan"},"content":"        ui \u003d new Ui();","lastModifiedDate":"2025-02-06","isFullCredit":false},{"lineNumber":17,"author":{"gitId":"bkkuan"},"content":"        storage \u003d new Storage(filePath);","lastModifiedDate":"2025-02-06","isFullCredit":false},{"lineNumber":18,"author":{"gitId":"bkkuan"},"content":"        taskManager \u003d new TaskManager(storage.load());","lastModifiedDate":"2025-02-06","isFullCredit":false},{"lineNumber":19,"author":{"gitId":"bkkuan"},"content":"    }","lastModifiedDate":"2025-02-05","isFullCredit":false},{"lineNumber":20,"author":{"gitId":"bkkuan"},"content":"","lastModifiedDate":"2025-02-05","isFullCredit":false},{"lineNumber":21,"author":{"gitId":"bkkuan"},"content":"    public void run() {","lastModifiedDate":"2025-02-06","isFullCredit":false},{"lineNumber":22,"author":{"gitId":"bkkuan"},"content":"        ui.showWelcome();","lastModifiedDate":"2025-02-06","isFullCredit":false},{"lineNumber":23,"author":{"gitId":"bkkuan"},"content":"        boolean isExit \u003d false;","lastModifiedDate":"2025-02-06","isFullCredit":false},{"lineNumber":24,"author":{"gitId":"bkkuan"},"content":"        while (!isExit) {","lastModifiedDate":"2025-02-06","isFullCredit":false},{"lineNumber":25,"author":{"gitId":"bkkuan"},"content":"            try {","lastModifiedDate":"2025-02-05","isFullCredit":false},{"lineNumber":26,"author":{"gitId":"bkkuan"},"content":"                String input \u003d ui.readCommand();","lastModifiedDate":"2025-02-06","isFullCredit":false},{"lineNumber":27,"author":{"gitId":"bkkuan"},"content":"                Command command \u003d Parser.parse(input);","lastModifiedDate":"2025-02-06","isFullCredit":false},{"lineNumber":28,"author":{"gitId":"bkkuan"},"content":"                command.execute(taskManager, ui, storage);","lastModifiedDate":"2025-02-06","isFullCredit":false},{"lineNumber":29,"author":{"gitId":"bkkuan"},"content":"                isExit \u003d command.isExit();","lastModifiedDate":"2025-02-06","isFullCredit":false},{"lineNumber":30,"author":{"gitId":"bkkuan"},"content":"            } catch (BryanException e) {","lastModifiedDate":"2025-02-06","isFullCredit":false},{"lineNumber":31,"author":{"gitId":"bkkuan"},"content":"                ui.showError(e.getMessage());","lastModifiedDate":"2025-02-06","isFullCredit":false},{"lineNumber":32,"author":{"gitId":"bkkuan"},"content":"            }","lastModifiedDate":"2025-01-25","isFullCredit":false},{"lineNumber":33,"author":{"gitId":"bkkuan"},"content":"        }","lastModifiedDate":"2025-01-25","isFullCredit":false},{"lineNumber":34,"author":{"gitId":"bkkuan"},"content":"    }","lastModifiedDate":"2025-01-24","isFullCredit":false},{"lineNumber":35,"author":{"gitId":"bkkuan"},"content":"","lastModifiedDate":"2025-02-05","isFullCredit":false},{"lineNumber":36,"author":{"gitId":"bkkuan"},"content":"    public static void main(String[] args) {","lastModifiedDate":"2025-02-06","isFullCredit":false},{"lineNumber":37,"author":{"gitId":"bkkuan"},"content":"        new Bryan(\"data/bryan.txt\").run();","lastModifiedDate":"2025-02-06","isFullCredit":false},{"lineNumber":38,"author":{"gitId":"bkkuan"},"content":"    }","lastModifiedDate":"2025-01-23","isFullCredit":false},{"lineNumber":39,"author":{"gitId":"bkkuan"},"content":"}","lastModifiedDate":"2025-01-23","isFullCredit":false}],"authorContributionMap":{"bkkuan":39}},{"path":"src/main/java/bryan/command/AddCommand.java","fileType":"java","lines":[{"lineNumber":1,"author":{"gitId":"bkkuan"},"content":"package bryan.command;","lastModifiedDate":"2025-02-06","isFullCredit":false},{"lineNumber":2,"author":{"gitId":"bkkuan"},"content":"","lastModifiedDate":"2025-02-06","isFullCredit":false},{"lineNumber":3,"author":{"gitId":"bkkuan"},"content":"import bryan.exception.BryanException;","lastModifiedDate":"2025-02-06","isFullCredit":false},{"lineNumber":4,"author":{"gitId":"bkkuan"},"content":"import bryan.taskmanager.TaskManager;","lastModifiedDate":"2025-02-06","isFullCredit":false},{"lineNumber":5,"author":{"gitId":"bkkuan"},"content":"import bryan.ui.Ui;","lastModifiedDate":"2025-02-06","isFullCredit":false},{"lineNumber":6,"author":{"gitId":"bkkuan"},"content":"import bryan.storage.Storage;","lastModifiedDate":"2025-02-06","isFullCredit":false},{"lineNumber":7,"author":{"gitId":"bkkuan"},"content":"","lastModifiedDate":"2025-02-06","isFullCredit":false},{"lineNumber":8,"author":{"gitId":"bkkuan"},"content":"public class AddCommand extends Command {","lastModifiedDate":"2025-02-06","isFullCredit":false},{"lineNumber":9,"author":{"gitId":"bkkuan"},"content":"    private final String input;","lastModifiedDate":"2025-02-06","isFullCredit":false},{"lineNumber":10,"author":{"gitId":"bkkuan"},"content":"","lastModifiedDate":"2025-02-06","isFullCredit":false},{"lineNumber":11,"author":{"gitId":"bkkuan"},"content":"    public AddCommand(String input) {","lastModifiedDate":"2025-02-06","isFullCredit":false},{"lineNumber":12,"author":{"gitId":"bkkuan"},"content":"        this.input \u003d input;","lastModifiedDate":"2025-02-06","isFullCredit":false},{"lineNumber":13,"author":{"gitId":"bkkuan"},"content":"    }","lastModifiedDate":"2025-02-06","isFullCredit":false},{"lineNumber":14,"author":{"gitId":"bkkuan"},"content":"","lastModifiedDate":"2025-02-06","isFullCredit":false},{"lineNumber":15,"author":{"gitId":"bkkuan"},"content":"    @Override","lastModifiedDate":"2025-02-06","isFullCredit":false},{"lineNumber":16,"author":{"gitId":"bkkuan"},"content":"    public void execute(TaskManager taskManager, Ui ui, Storage storage) throws BryanException {","lastModifiedDate":"2025-02-06","isFullCredit":false},{"lineNumber":17,"author":{"gitId":"bkkuan"},"content":"        taskManager.addTask(input);","lastModifiedDate":"2025-02-06","isFullCredit":false},{"lineNumber":18,"author":{"gitId":"bkkuan"},"content":"        storage.save(taskManager.getTasks());","lastModifiedDate":"2025-02-06","isFullCredit":false},{"lineNumber":19,"author":{"gitId":"bkkuan"},"content":"        ui.showMessage(\"Added task:\\n  \" + taskManager.getTasks().get(taskManager.getTasks().size() - 1));","lastModifiedDate":"2025-02-06","isFullCredit":false},{"lineNumber":20,"author":{"gitId":"bkkuan"},"content":"    }","lastModifiedDate":"2025-02-06","isFullCredit":false},{"lineNumber":21,"author":{"gitId":"bkkuan"},"content":"","lastModifiedDate":"2025-02-06","isFullCredit":false},{"lineNumber":22,"author":{"gitId":"bkkuan"},"content":"    @Override","lastModifiedDate":"2025-02-06","isFullCredit":false},{"lineNumber":23,"author":{"gitId":"bkkuan"},"content":"    public boolean isExit() {","lastModifiedDate":"2025-02-06","isFullCredit":false},{"lineNumber":24,"author":{"gitId":"bkkuan"},"content":"        return false;","lastModifiedDate":"2025-02-06","isFullCredit":false},{"lineNumber":25,"author":{"gitId":"bkkuan"},"content":"    }","lastModifiedDate":"2025-02-06","isFullCredit":false},{"lineNumber":26,"author":{"gitId":"bkkuan"},"content":"}","lastModifiedDate":"2025-02-06","isFullCredit":false}],"authorContributionMap":{"bkkuan":26}},{"path":"src/main/java/bryan/command/Command.java","fileType":"java","lines":[{"lineNumber":1,"author":{"gitId":"bkkuan"},"content":"package bryan.command;","lastModifiedDate":"2025-02-06","isFullCredit":false},{"lineNumber":2,"author":{"gitId":"bkkuan"},"content":"","lastModifiedDate":"2025-02-06","isFullCredit":false},{"lineNumber":3,"author":{"gitId":"bkkuan"},"content":"import bryan.exception.BryanException;","lastModifiedDate":"2025-02-06","isFullCredit":false},{"lineNumber":4,"author":{"gitId":"bkkuan"},"content":"import bryan.storage.Storage;","lastModifiedDate":"2025-02-06","isFullCredit":false},{"lineNumber":5,"author":{"gitId":"bkkuan"},"content":"import bryan.taskmanager.TaskManager;","lastModifiedDate":"2025-02-06","isFullCredit":false},{"lineNumber":6,"author":{"gitId":"bkkuan"},"content":"import bryan.ui.Ui;","lastModifiedDate":"2025-02-06","isFullCredit":false},{"lineNumber":7,"author":{"gitId":"bkkuan"},"content":"","lastModifiedDate":"2025-02-06","isFullCredit":false},{"lineNumber":8,"author":{"gitId":"bkkuan"},"content":"public abstract class Command {","lastModifiedDate":"2025-02-06","isFullCredit":false},{"lineNumber":9,"author":{"gitId":"bkkuan"},"content":"    public abstract void execute(TaskManager taskManager, Ui ui, Storage storage) throws BryanException;","lastModifiedDate":"2025-02-06","isFullCredit":false},{"lineNumber":10,"author":{"gitId":"bkkuan"},"content":"    public abstract boolean isExit();","lastModifiedDate":"2025-02-06","isFullCredit":false},{"lineNumber":11,"author":{"gitId":"bkkuan"},"content":"}","lastModifiedDate":"2025-02-06","isFullCredit":false}],"authorContributionMap":{"bkkuan":11}},{"path":"src/main/java/bryan/command/DeleteCommand.java","fileType":"java","lines":[{"lineNumber":1,"author":{"gitId":"bkkuan"},"content":"package bryan.command;","lastModifiedDate":"2025-02-06","isFullCredit":false},{"lineNumber":2,"author":{"gitId":"bkkuan"},"content":"","lastModifiedDate":"2025-02-06","isFullCredit":false},{"lineNumber":3,"author":{"gitId":"bkkuan"},"content":"import bryan.taskmanager.TaskManager;","lastModifiedDate":"2025-02-06","isFullCredit":false},{"lineNumber":4,"author":{"gitId":"bkkuan"},"content":"import bryan.ui.Ui;","lastModifiedDate":"2025-02-06","isFullCredit":false},{"lineNumber":5,"author":{"gitId":"bkkuan"},"content":"import bryan.storage.Storage;","lastModifiedDate":"2025-02-06","isFullCredit":false},{"lineNumber":6,"author":{"gitId":"bkkuan"},"content":"","lastModifiedDate":"2025-02-06","isFullCredit":false},{"lineNumber":7,"author":{"gitId":"bkkuan"},"content":"public class DeleteCommand extends Command {","lastModifiedDate":"2025-02-06","isFullCredit":false},{"lineNumber":8,"author":{"gitId":"bkkuan"},"content":"    private final int index;","lastModifiedDate":"2025-02-06","isFullCredit":false},{"lineNumber":9,"author":{"gitId":"bkkuan"},"content":"","lastModifiedDate":"2025-02-06","isFullCredit":false},{"lineNumber":10,"author":{"gitId":"bkkuan"},"content":"    public DeleteCommand(String input) {","lastModifiedDate":"2025-02-06","isFullCredit":false},{"lineNumber":11,"author":{"gitId":"bkkuan"},"content":"        this.index \u003d Integer.parseInt(input.split(\" \")[1]) - 1;","lastModifiedDate":"2025-02-06","isFullCredit":false},{"lineNumber":12,"author":{"gitId":"bkkuan"},"content":"    }","lastModifiedDate":"2025-02-06","isFullCredit":false},{"lineNumber":13,"author":{"gitId":"bkkuan"},"content":"","lastModifiedDate":"2025-02-06","isFullCredit":false},{"lineNumber":14,"author":{"gitId":"bkkuan"},"content":"    @Override","lastModifiedDate":"2025-02-06","isFullCredit":false},{"lineNumber":15,"author":{"gitId":"bkkuan"},"content":"    public void execute(TaskManager taskManager, Ui ui, Storage storage) {","lastModifiedDate":"2025-02-06","isFullCredit":false},{"lineNumber":16,"author":{"gitId":"bkkuan"},"content":"        taskManager.deleteTask(index);","lastModifiedDate":"2025-02-06","isFullCredit":false},{"lineNumber":17,"author":{"gitId":"bkkuan"},"content":"        storage.save(taskManager.getTasks());","lastModifiedDate":"2025-02-06","isFullCredit":false},{"lineNumber":18,"author":{"gitId":"bkkuan"},"content":"        ui.showMessage(\"Deleted task \" + (index + 1) + \".\");","lastModifiedDate":"2025-02-06","isFullCredit":false},{"lineNumber":19,"author":{"gitId":"bkkuan"},"content":"    }","lastModifiedDate":"2025-02-06","isFullCredit":false},{"lineNumber":20,"author":{"gitId":"bkkuan"},"content":"","lastModifiedDate":"2025-02-06","isFullCredit":false},{"lineNumber":21,"author":{"gitId":"bkkuan"},"content":"    @Override","lastModifiedDate":"2025-02-06","isFullCredit":false},{"lineNumber":22,"author":{"gitId":"bkkuan"},"content":"    public boolean isExit() {","lastModifiedDate":"2025-02-06","isFullCredit":false},{"lineNumber":23,"author":{"gitId":"bkkuan"},"content":"        return false;","lastModifiedDate":"2025-02-06","isFullCredit":false},{"lineNumber":24,"author":{"gitId":"bkkuan"},"content":"    }","lastModifiedDate":"2025-02-06","isFullCredit":false},{"lineNumber":25,"author":{"gitId":"bkkuan"},"content":"}","lastModifiedDate":"2025-02-06","isFullCredit":false}],"authorContributionMap":{"bkkuan":25}},{"path":"src/main/java/bryan/command/ExitCommand.java","fileType":"java","lines":[{"lineNumber":1,"author":{"gitId":"bkkuan"},"content":"package bryan.command;","lastModifiedDate":"2025-02-06","isFullCredit":false},{"lineNumber":2,"author":{"gitId":"bkkuan"},"content":"","lastModifiedDate":"2025-02-06","isFullCredit":false},{"lineNumber":3,"author":{"gitId":"bkkuan"},"content":"import bryan.storage.Storage;","lastModifiedDate":"2025-02-06","isFullCredit":false},{"lineNumber":4,"author":{"gitId":"bkkuan"},"content":"import bryan.taskmanager.TaskManager;","lastModifiedDate":"2025-02-06","isFullCredit":false},{"lineNumber":5,"author":{"gitId":"bkkuan"},"content":"import bryan.ui.Ui;","lastModifiedDate":"2025-02-06","isFullCredit":false},{"lineNumber":6,"author":{"gitId":"bkkuan"},"content":"","lastModifiedDate":"2025-02-06","isFullCredit":false},{"lineNumber":7,"author":{"gitId":"bkkuan"},"content":"public class ExitCommand extends Command {","lastModifiedDate":"2025-02-06","isFullCredit":false},{"lineNumber":8,"author":{"gitId":"bkkuan"},"content":"    @Override","lastModifiedDate":"2025-02-06","isFullCredit":false},{"lineNumber":9,"author":{"gitId":"bkkuan"},"content":"    public void execute(TaskManager taskManager, Ui ui, Storage storage) {","lastModifiedDate":"2025-02-06","isFullCredit":false},{"lineNumber":10,"author":{"gitId":"bkkuan"},"content":"        ui.showGoodbye();","lastModifiedDate":"2025-02-06","isFullCredit":false},{"lineNumber":11,"author":{"gitId":"bkkuan"},"content":"    }","lastModifiedDate":"2025-02-06","isFullCredit":false},{"lineNumber":12,"author":{"gitId":"bkkuan"},"content":"","lastModifiedDate":"2025-02-06","isFullCredit":false},{"lineNumber":13,"author":{"gitId":"bkkuan"},"content":"    @Override","lastModifiedDate":"2025-02-06","isFullCredit":false},{"lineNumber":14,"author":{"gitId":"bkkuan"},"content":"    public boolean isExit() {","lastModifiedDate":"2025-02-06","isFullCredit":false},{"lineNumber":15,"author":{"gitId":"bkkuan"},"content":"        return true; // Indicates the program should exit","lastModifiedDate":"2025-02-06","isFullCredit":false},{"lineNumber":16,"author":{"gitId":"bkkuan"},"content":"    }","lastModifiedDate":"2025-02-06","isFullCredit":false},{"lineNumber":17,"author":{"gitId":"bkkuan"},"content":"}","lastModifiedDate":"2025-02-06","isFullCredit":false}],"authorContributionMap":{"bkkuan":17}},{"path":"src/main/java/bryan/command/ListCommand.java","fileType":"java","lines":[{"lineNumber":1,"author":{"gitId":"bkkuan"},"content":"package bryan.command;","lastModifiedDate":"2025-02-06","isFullCredit":false},{"lineNumber":2,"author":{"gitId":"bkkuan"},"content":"","lastModifiedDate":"2025-02-06","isFullCredit":false},{"lineNumber":3,"author":{"gitId":"bkkuan"},"content":"import bryan.taskmanager.TaskManager;","lastModifiedDate":"2025-02-06","isFullCredit":false},{"lineNumber":4,"author":{"gitId":"bkkuan"},"content":"import bryan.ui.Ui;","lastModifiedDate":"2025-02-06","isFullCredit":false},{"lineNumber":5,"author":{"gitId":"bkkuan"},"content":"import bryan.storage.Storage;","lastModifiedDate":"2025-02-06","isFullCredit":false},{"lineNumber":6,"author":{"gitId":"bkkuan"},"content":"","lastModifiedDate":"2025-02-06","isFullCredit":false},{"lineNumber":7,"author":{"gitId":"bkkuan"},"content":"public class ListCommand extends Command {","lastModifiedDate":"2025-02-06","isFullCredit":false},{"lineNumber":8,"author":{"gitId":"bkkuan"},"content":"    @Override","lastModifiedDate":"2025-02-06","isFullCredit":false},{"lineNumber":9,"author":{"gitId":"bkkuan"},"content":"    public void execute(TaskManager taskManager, Ui ui, Storage storage) {","lastModifiedDate":"2025-02-06","isFullCredit":false},{"lineNumber":10,"author":{"gitId":"bkkuan"},"content":"        taskManager.printTasks();","lastModifiedDate":"2025-02-06","isFullCredit":false},{"lineNumber":11,"author":{"gitId":"bkkuan"},"content":"    }","lastModifiedDate":"2025-02-06","isFullCredit":false},{"lineNumber":12,"author":{"gitId":"bkkuan"},"content":"","lastModifiedDate":"2025-02-06","isFullCredit":false},{"lineNumber":13,"author":{"gitId":"bkkuan"},"content":"    @Override","lastModifiedDate":"2025-02-06","isFullCredit":false},{"lineNumber":14,"author":{"gitId":"bkkuan"},"content":"    public boolean isExit() {","lastModifiedDate":"2025-02-06","isFullCredit":false},{"lineNumber":15,"author":{"gitId":"bkkuan"},"content":"        return false;","lastModifiedDate":"2025-02-06","isFullCredit":false},{"lineNumber":16,"author":{"gitId":"bkkuan"},"content":"    }","lastModifiedDate":"2025-02-06","isFullCredit":false},{"lineNumber":17,"author":{"gitId":"bkkuan"},"content":"}","lastModifiedDate":"2025-02-06","isFullCredit":false}],"authorContributionMap":{"bkkuan":17}},{"path":"src/main/java/bryan/command/MarkCommand.java","fileType":"java","lines":[{"lineNumber":1,"author":{"gitId":"bkkuan"},"content":"package bryan.command;","lastModifiedDate":"2025-02-06","isFullCredit":false},{"lineNumber":2,"author":{"gitId":"bkkuan"},"content":"","lastModifiedDate":"2025-02-06","isFullCredit":false},{"lineNumber":3,"author":{"gitId":"bkkuan"},"content":"import bryan.taskmanager.TaskManager;","lastModifiedDate":"2025-02-06","isFullCredit":false},{"lineNumber":4,"author":{"gitId":"bkkuan"},"content":"import bryan.ui.Ui;","lastModifiedDate":"2025-02-06","isFullCredit":false},{"lineNumber":5,"author":{"gitId":"bkkuan"},"content":"import bryan.storage.Storage;","lastModifiedDate":"2025-02-06","isFullCredit":false},{"lineNumber":6,"author":{"gitId":"bkkuan"},"content":"","lastModifiedDate":"2025-02-06","isFullCredit":false},{"lineNumber":7,"author":{"gitId":"bkkuan"},"content":"public class MarkCommand extends Command {","lastModifiedDate":"2025-02-06","isFullCredit":false},{"lineNumber":8,"author":{"gitId":"bkkuan"},"content":"    private final int index;","lastModifiedDate":"2025-02-06","isFullCredit":false},{"lineNumber":9,"author":{"gitId":"bkkuan"},"content":"","lastModifiedDate":"2025-02-06","isFullCredit":false},{"lineNumber":10,"author":{"gitId":"bkkuan"},"content":"    public MarkCommand(String input) {","lastModifiedDate":"2025-02-06","isFullCredit":false},{"lineNumber":11,"author":{"gitId":"bkkuan"},"content":"        this.index \u003d Integer.parseInt(input.split(\" \")[1]) - 1;","lastModifiedDate":"2025-02-06","isFullCredit":false},{"lineNumber":12,"author":{"gitId":"bkkuan"},"content":"    }","lastModifiedDate":"2025-02-06","isFullCredit":false},{"lineNumber":13,"author":{"gitId":"bkkuan"},"content":"","lastModifiedDate":"2025-02-06","isFullCredit":false},{"lineNumber":14,"author":{"gitId":"bkkuan"},"content":"    @Override","lastModifiedDate":"2025-02-06","isFullCredit":false},{"lineNumber":15,"author":{"gitId":"bkkuan"},"content":"    public void execute(TaskManager taskManager, Ui ui, Storage storage) {","lastModifiedDate":"2025-02-06","isFullCredit":false},{"lineNumber":16,"author":{"gitId":"bkkuan"},"content":"        taskManager.markTask(index);","lastModifiedDate":"2025-02-06","isFullCredit":false},{"lineNumber":17,"author":{"gitId":"bkkuan"},"content":"        storage.save(taskManager.getTasks());","lastModifiedDate":"2025-02-06","isFullCredit":false},{"lineNumber":18,"author":{"gitId":"bkkuan"},"content":"        ui.showMessage(\"Marked task \" + (index + 1) + \" as done.\");","lastModifiedDate":"2025-02-06","isFullCredit":false},{"lineNumber":19,"author":{"gitId":"bkkuan"},"content":"    }","lastModifiedDate":"2025-02-06","isFullCredit":false},{"lineNumber":20,"author":{"gitId":"bkkuan"},"content":"","lastModifiedDate":"2025-02-06","isFullCredit":false},{"lineNumber":21,"author":{"gitId":"bkkuan"},"content":"    @Override","lastModifiedDate":"2025-02-06","isFullCredit":false},{"lineNumber":22,"author":{"gitId":"bkkuan"},"content":"    public boolean isExit() {","lastModifiedDate":"2025-02-06","isFullCredit":false},{"lineNumber":23,"author":{"gitId":"bkkuan"},"content":"        return false;","lastModifiedDate":"2025-02-06","isFullCredit":false},{"lineNumber":24,"author":{"gitId":"bkkuan"},"content":"    }","lastModifiedDate":"2025-02-06","isFullCredit":false},{"lineNumber":25,"author":{"gitId":"bkkuan"},"content":"}","lastModifiedDate":"2025-02-06","isFullCredit":false}],"authorContributionMap":{"bkkuan":25}},{"path":"src/main/java/bryan/command/UnmarkCommand.java","fileType":"java","lines":[{"lineNumber":1,"author":{"gitId":"bkkuan"},"content":"package bryan.command;","lastModifiedDate":"2025-02-06","isFullCredit":false},{"lineNumber":2,"author":{"gitId":"bkkuan"},"content":"","lastModifiedDate":"2025-02-06","isFullCredit":false},{"lineNumber":3,"author":{"gitId":"bkkuan"},"content":"import bryan.taskmanager.TaskManager;","lastModifiedDate":"2025-02-06","isFullCredit":false},{"lineNumber":4,"author":{"gitId":"bkkuan"},"content":"import bryan.ui.Ui;","lastModifiedDate":"2025-02-06","isFullCredit":false},{"lineNumber":5,"author":{"gitId":"bkkuan"},"content":"import bryan.storage.Storage;","lastModifiedDate":"2025-02-06","isFullCredit":false},{"lineNumber":6,"author":{"gitId":"bkkuan"},"content":"","lastModifiedDate":"2025-02-06","isFullCredit":false},{"lineNumber":7,"author":{"gitId":"bkkuan"},"content":"public class UnmarkCommand extends Command {","lastModifiedDate":"2025-02-06","isFullCredit":false},{"lineNumber":8,"author":{"gitId":"bkkuan"},"content":"    private final int index;","lastModifiedDate":"2025-02-06","isFullCredit":false},{"lineNumber":9,"author":{"gitId":"bkkuan"},"content":"","lastModifiedDate":"2025-02-06","isFullCredit":false},{"lineNumber":10,"author":{"gitId":"bkkuan"},"content":"    public UnmarkCommand(String input) {","lastModifiedDate":"2025-02-06","isFullCredit":false},{"lineNumber":11,"author":{"gitId":"bkkuan"},"content":"        this.index \u003d Integer.parseInt(input.split(\" \")[1]) - 1;","lastModifiedDate":"2025-02-06","isFullCredit":false},{"lineNumber":12,"author":{"gitId":"bkkuan"},"content":"    }","lastModifiedDate":"2025-02-06","isFullCredit":false},{"lineNumber":13,"author":{"gitId":"bkkuan"},"content":"","lastModifiedDate":"2025-02-06","isFullCredit":false},{"lineNumber":14,"author":{"gitId":"bkkuan"},"content":"    @Override","lastModifiedDate":"2025-02-06","isFullCredit":false},{"lineNumber":15,"author":{"gitId":"bkkuan"},"content":"    public void execute(TaskManager taskManager, Ui ui, Storage storage) {","lastModifiedDate":"2025-02-06","isFullCredit":false},{"lineNumber":16,"author":{"gitId":"bkkuan"},"content":"        taskManager.unmarkTask(index);","lastModifiedDate":"2025-02-06","isFullCredit":false},{"lineNumber":17,"author":{"gitId":"bkkuan"},"content":"        storage.save(taskManager.getTasks());","lastModifiedDate":"2025-02-06","isFullCredit":false},{"lineNumber":18,"author":{"gitId":"bkkuan"},"content":"        ui.showMessage(\"Marked task \" + (index + 1) + \" as not done.\");","lastModifiedDate":"2025-02-06","isFullCredit":false},{"lineNumber":19,"author":{"gitId":"bkkuan"},"content":"    }","lastModifiedDate":"2025-02-06","isFullCredit":false},{"lineNumber":20,"author":{"gitId":"bkkuan"},"content":"","lastModifiedDate":"2025-02-06","isFullCredit":false},{"lineNumber":21,"author":{"gitId":"bkkuan"},"content":"    @Override","lastModifiedDate":"2025-02-06","isFullCredit":false},{"lineNumber":22,"author":{"gitId":"bkkuan"},"content":"    public boolean isExit() {","lastModifiedDate":"2025-02-06","isFullCredit":false},{"lineNumber":23,"author":{"gitId":"bkkuan"},"content":"        return false;","lastModifiedDate":"2025-02-06","isFullCredit":false},{"lineNumber":24,"author":{"gitId":"bkkuan"},"content":"    }","lastModifiedDate":"2025-02-06","isFullCredit":false},{"lineNumber":25,"author":{"gitId":"bkkuan"},"content":"}","lastModifiedDate":"2025-02-06","isFullCredit":false}],"authorContributionMap":{"bkkuan":25}},{"path":"src/main/java/bryan/exception/BryanException.java","fileType":"java","lines":[{"lineNumber":1,"author":{"gitId":"bkkuan"},"content":"package bryan.exception;","lastModifiedDate":"2025-02-06","isFullCredit":false},{"lineNumber":2,"author":{"gitId":"bkkuan"},"content":"","lastModifiedDate":"2025-02-06","isFullCredit":false},{"lineNumber":3,"author":{"gitId":"bkkuan"},"content":"public class BryanException extends Exception {","lastModifiedDate":"2025-01-25","isFullCredit":false},{"lineNumber":4,"author":{"gitId":"bkkuan"},"content":"    public BryanException(String message) {","lastModifiedDate":"2025-01-25","isFullCredit":false},{"lineNumber":5,"author":{"gitId":"bkkuan"},"content":"        super(message);","lastModifiedDate":"2025-01-25","isFullCredit":false},{"lineNumber":6,"author":{"gitId":"bkkuan"},"content":"    }","lastModifiedDate":"2025-01-25","isFullCredit":false},{"lineNumber":7,"author":{"gitId":"bkkuan"},"content":"}","lastModifiedDate":"2025-01-25","isFullCredit":false}],"authorContributionMap":{"bkkuan":7}},{"path":"src/main/java/bryan/parser/Parser.java","fileType":"java","lines":[{"lineNumber":1,"author":{"gitId":"bkkuan"},"content":"package bryan.parser;","lastModifiedDate":"2025-02-06","isFullCredit":false},{"lineNumber":2,"author":{"gitId":"bkkuan"},"content":"","lastModifiedDate":"2025-02-06","isFullCredit":false},{"lineNumber":3,"author":{"gitId":"bkkuan"},"content":"import bryan.command.*;","lastModifiedDate":"2025-02-06","isFullCredit":false},{"lineNumber":4,"author":{"gitId":"bkkuan"},"content":"import bryan.exception.BryanException;","lastModifiedDate":"2025-02-06","isFullCredit":false},{"lineNumber":5,"author":{"gitId":"bkkuan"},"content":"","lastModifiedDate":"2025-02-06","isFullCredit":false},{"lineNumber":6,"author":{"gitId":"bkkuan"},"content":"public class Parser {","lastModifiedDate":"2025-02-06","isFullCredit":false},{"lineNumber":7,"author":{"gitId":"bkkuan"},"content":"    public static Command parse(String input) throws BryanException {","lastModifiedDate":"2025-02-06","isFullCredit":false},{"lineNumber":8,"author":{"gitId":"bkkuan"},"content":"        String commandWord \u003d input.split(\" \")[0].toLowerCase();","lastModifiedDate":"2025-02-06","isFullCredit":false},{"lineNumber":9,"author":{"gitId":"bkkuan"},"content":"        switch (commandWord) {","lastModifiedDate":"2025-02-06","isFullCredit":false},{"lineNumber":10,"author":{"gitId":"bkkuan"},"content":"            case \"bye\":","lastModifiedDate":"2025-02-06","isFullCredit":false},{"lineNumber":11,"author":{"gitId":"bkkuan"},"content":"                return new ExitCommand();","lastModifiedDate":"2025-02-06","isFullCredit":false},{"lineNumber":12,"author":{"gitId":"bkkuan"},"content":"            case \"list\":","lastModifiedDate":"2025-02-06","isFullCredit":false},{"lineNumber":13,"author":{"gitId":"bkkuan"},"content":"                return new ListCommand();","lastModifiedDate":"2025-02-06","isFullCredit":false},{"lineNumber":14,"author":{"gitId":"bkkuan"},"content":"            case \"mark\":","lastModifiedDate":"2025-02-06","isFullCredit":false},{"lineNumber":15,"author":{"gitId":"bkkuan"},"content":"                return new MarkCommand(input);","lastModifiedDate":"2025-02-06","isFullCredit":false},{"lineNumber":16,"author":{"gitId":"bkkuan"},"content":"            case \"unmark\":","lastModifiedDate":"2025-02-06","isFullCredit":false},{"lineNumber":17,"author":{"gitId":"bkkuan"},"content":"                return new UnmarkCommand(input);","lastModifiedDate":"2025-02-06","isFullCredit":false},{"lineNumber":18,"author":{"gitId":"bkkuan"},"content":"            case \"delete\":","lastModifiedDate":"2025-02-06","isFullCredit":false},{"lineNumber":19,"author":{"gitId":"bkkuan"},"content":"                return new DeleteCommand(input);","lastModifiedDate":"2025-02-06","isFullCredit":false},{"lineNumber":20,"author":{"gitId":"bkkuan"},"content":"            case \"todo\":","lastModifiedDate":"2025-02-06","isFullCredit":false},{"lineNumber":21,"author":{"gitId":"bkkuan"},"content":"            case \"deadline\":","lastModifiedDate":"2025-02-06","isFullCredit":false},{"lineNumber":22,"author":{"gitId":"bkkuan"},"content":"            case \"event\":","lastModifiedDate":"2025-02-06","isFullCredit":false},{"lineNumber":23,"author":{"gitId":"bkkuan"},"content":"                return new AddCommand(input);","lastModifiedDate":"2025-02-06","isFullCredit":false},{"lineNumber":24,"author":{"gitId":"bkkuan"},"content":"            default:","lastModifiedDate":"2025-02-06","isFullCredit":false},{"lineNumber":25,"author":{"gitId":"bkkuan"},"content":"                throw new BryanException(\"Unknown command\");","lastModifiedDate":"2025-02-06","isFullCredit":false},{"lineNumber":26,"author":{"gitId":"bkkuan"},"content":"        }","lastModifiedDate":"2025-02-06","isFullCredit":false},{"lineNumber":27,"author":{"gitId":"bkkuan"},"content":"    }","lastModifiedDate":"2025-02-06","isFullCredit":false},{"lineNumber":28,"author":{"gitId":"bkkuan"},"content":"}","lastModifiedDate":"2025-02-06","isFullCredit":false}],"authorContributionMap":{"bkkuan":28}},{"path":"src/main/java/bryan/storage/Storage.java","fileType":"java","lines":[{"lineNumber":1,"author":{"gitId":"bkkuan"},"content":"package bryan.storage;","lastModifiedDate":"2025-02-06","isFullCredit":false},{"lineNumber":2,"author":{"gitId":"bkkuan"},"content":"","lastModifiedDate":"2025-02-06","isFullCredit":false},{"lineNumber":3,"author":{"gitId":"bkkuan"},"content":"import bryan.tasks.Deadline;","lastModifiedDate":"2025-02-06","isFullCredit":false},{"lineNumber":4,"author":{"gitId":"bkkuan"},"content":"import bryan.tasks.Event;","lastModifiedDate":"2025-02-06","isFullCredit":false},{"lineNumber":5,"author":{"gitId":"bkkuan"},"content":"import bryan.tasks.Tasks;","lastModifiedDate":"2025-02-06","isFullCredit":false},{"lineNumber":6,"author":{"gitId":"bkkuan"},"content":"import bryan.tasks.Todo;","lastModifiedDate":"2025-02-06","isFullCredit":false},{"lineNumber":7,"author":{"gitId":"bkkuan"},"content":"","lastModifiedDate":"2025-02-06","isFullCredit":false},{"lineNumber":8,"author":{"gitId":"bkkuan"},"content":"import java.io.IOException;","lastModifiedDate":"2025-02-05","isFullCredit":false},{"lineNumber":9,"author":{"gitId":"bkkuan"},"content":"import java.nio.file.Files;","lastModifiedDate":"2025-02-05","isFullCredit":false},{"lineNumber":10,"author":{"gitId":"bkkuan"},"content":"import java.nio.file.Path;","lastModifiedDate":"2025-02-05","isFullCredit":false},{"lineNumber":11,"author":{"gitId":"bkkuan"},"content":"import java.nio.file.Paths;","lastModifiedDate":"2025-02-05","isFullCredit":false},{"lineNumber":12,"author":{"gitId":"bkkuan"},"content":"import java.time.LocalDate;","lastModifiedDate":"2025-02-05","isFullCredit":false},{"lineNumber":13,"author":{"gitId":"bkkuan"},"content":"import java.time.format.DateTimeFormatter;","lastModifiedDate":"2025-02-05","isFullCredit":false},{"lineNumber":14,"author":{"gitId":"bkkuan"},"content":"import java.time.format.DateTimeParseException;","lastModifiedDate":"2025-02-05","isFullCredit":false},{"lineNumber":15,"author":{"gitId":"bkkuan"},"content":"import java.util.ArrayList;","lastModifiedDate":"2025-02-05","isFullCredit":false},{"lineNumber":16,"author":{"gitId":"bkkuan"},"content":"","lastModifiedDate":"2025-02-05","isFullCredit":false},{"lineNumber":17,"author":{"gitId":"bkkuan"},"content":"public class Storage {","lastModifiedDate":"2025-02-05","isFullCredit":false},{"lineNumber":18,"author":{"gitId":"bkkuan"},"content":"    private final Path filePath;","lastModifiedDate":"2025-02-05","isFullCredit":false},{"lineNumber":19,"author":{"gitId":"bkkuan"},"content":"","lastModifiedDate":"2025-02-05","isFullCredit":false},{"lineNumber":20,"author":{"gitId":"bkkuan"},"content":"    public Storage(String fileName) {","lastModifiedDate":"2025-02-05","isFullCredit":false},{"lineNumber":21,"author":{"gitId":"bkkuan"},"content":"        this.filePath \u003d Paths.get(fileName);","lastModifiedDate":"2025-02-05","isFullCredit":false},{"lineNumber":22,"author":{"gitId":"bkkuan"},"content":"    }","lastModifiedDate":"2025-02-05","isFullCredit":false},{"lineNumber":23,"author":{"gitId":"bkkuan"},"content":"","lastModifiedDate":"2025-02-05","isFullCredit":false},{"lineNumber":24,"author":{"gitId":"bkkuan"},"content":"    public ArrayList\u003cTasks\u003e load() {","lastModifiedDate":"2025-02-05","isFullCredit":false},{"lineNumber":25,"author":{"gitId":"bkkuan"},"content":"        ArrayList\u003cTasks\u003e tasks \u003d new ArrayList\u003c\u003e();","lastModifiedDate":"2025-02-05","isFullCredit":false},{"lineNumber":26,"author":{"gitId":"bkkuan"},"content":"        try {","lastModifiedDate":"2025-02-05","isFullCredit":false},{"lineNumber":27,"author":{"gitId":"bkkuan"},"content":"            if (!Files.exists(filePath)) return tasks;","lastModifiedDate":"2025-02-05","isFullCredit":false},{"lineNumber":28,"author":{"gitId":"bkkuan"},"content":"","lastModifiedDate":"2025-02-05","isFullCredit":false},{"lineNumber":29,"author":{"gitId":"bkkuan"},"content":"            for (String line : Files.readAllLines(filePath)) {","lastModifiedDate":"2025-02-05","isFullCredit":false},{"lineNumber":30,"author":{"gitId":"bkkuan"},"content":"                String[] parts \u003d line.split(\" \\\\| \");","lastModifiedDate":"2025-02-05","isFullCredit":false},{"lineNumber":31,"author":{"gitId":"bkkuan"},"content":"                if (parts.length \u003c 4) continue;","lastModifiedDate":"2025-02-05","isFullCredit":false},{"lineNumber":32,"author":{"gitId":"bkkuan"},"content":"","lastModifiedDate":"2025-02-05","isFullCredit":false},{"lineNumber":33,"author":{"gitId":"bkkuan"},"content":"                boolean isDone \u003d parts[1].equals(\"1\");","lastModifiedDate":"2025-02-05","isFullCredit":false},{"lineNumber":34,"author":{"gitId":"bkkuan"},"content":"                Tasks task \u003d null;","lastModifiedDate":"2025-02-05","isFullCredit":false},{"lineNumber":35,"author":{"gitId":"bkkuan"},"content":"                switch (parts[0]) {","lastModifiedDate":"2025-02-05","isFullCredit":false},{"lineNumber":36,"author":{"gitId":"bkkuan"},"content":"                    case \"T\":","lastModifiedDate":"2025-02-05","isFullCredit":false},{"lineNumber":37,"author":{"gitId":"bkkuan"},"content":"                        task \u003d new Todo(parts[2]);","lastModifiedDate":"2025-02-05","isFullCredit":false},{"lineNumber":38,"author":{"gitId":"bkkuan"},"content":"                        break;","lastModifiedDate":"2025-02-05","isFullCredit":false},{"lineNumber":39,"author":{"gitId":"bkkuan"},"content":"                    case \"D\":","lastModifiedDate":"2025-02-05","isFullCredit":false},{"lineNumber":40,"author":{"gitId":"bkkuan"},"content":"                        if (parts.length \u003e\u003d 4) task \u003d createDeadlineFromParts(parts);","lastModifiedDate":"2025-02-05","isFullCredit":false},{"lineNumber":41,"author":{"gitId":"bkkuan"},"content":"                        break;","lastModifiedDate":"2025-02-05","isFullCredit":false},{"lineNumber":42,"author":{"gitId":"bkkuan"},"content":"                    case \"E\":","lastModifiedDate":"2025-02-05","isFullCredit":false},{"lineNumber":43,"author":{"gitId":"bkkuan"},"content":"                        if (parts.length \u003e\u003d 5) task \u003d new Event(parts[2], parts[3], parts[4]);","lastModifiedDate":"2025-02-05","isFullCredit":false},{"lineNumber":44,"author":{"gitId":"bkkuan"},"content":"                        break;","lastModifiedDate":"2025-02-05","isFullCredit":false},{"lineNumber":45,"author":{"gitId":"bkkuan"},"content":"                }","lastModifiedDate":"2025-02-05","isFullCredit":false},{"lineNumber":46,"author":{"gitId":"bkkuan"},"content":"","lastModifiedDate":"2025-02-05","isFullCredit":false},{"lineNumber":47,"author":{"gitId":"bkkuan"},"content":"                if (task !\u003d null) {","lastModifiedDate":"2025-02-05","isFullCredit":false},{"lineNumber":48,"author":{"gitId":"bkkuan"},"content":"                    if (isDone) task.taskDone();","lastModifiedDate":"2025-02-05","isFullCredit":false},{"lineNumber":49,"author":{"gitId":"bkkuan"},"content":"                    tasks.add(task);","lastModifiedDate":"2025-02-05","isFullCredit":false},{"lineNumber":50,"author":{"gitId":"bkkuan"},"content":"                }","lastModifiedDate":"2025-02-05","isFullCredit":false},{"lineNumber":51,"author":{"gitId":"bkkuan"},"content":"            }","lastModifiedDate":"2025-02-05","isFullCredit":false},{"lineNumber":52,"author":{"gitId":"bkkuan"},"content":"        } catch (IOException e) {","lastModifiedDate":"2025-02-05","isFullCredit":false},{"lineNumber":53,"author":{"gitId":"bkkuan"},"content":"            System.out.println(\"Error loading tasks.\");","lastModifiedDate":"2025-02-05","isFullCredit":false},{"lineNumber":54,"author":{"gitId":"bkkuan"},"content":"        }","lastModifiedDate":"2025-02-05","isFullCredit":false},{"lineNumber":55,"author":{"gitId":"bkkuan"},"content":"        return tasks;","lastModifiedDate":"2025-02-05","isFullCredit":false},{"lineNumber":56,"author":{"gitId":"bkkuan"},"content":"    }","lastModifiedDate":"2025-02-05","isFullCredit":false},{"lineNumber":57,"author":{"gitId":"bkkuan"},"content":"","lastModifiedDate":"2025-02-05","isFullCredit":false},{"lineNumber":58,"author":{"gitId":"bkkuan"},"content":"    private Deadline createDeadlineFromParts(String[] parts) {","lastModifiedDate":"2025-02-05","isFullCredit":false},{"lineNumber":59,"author":{"gitId":"bkkuan"},"content":"        String dateString \u003d parts[3];","lastModifiedDate":"2025-02-05","isFullCredit":false},{"lineNumber":60,"author":{"gitId":"bkkuan"},"content":"        LocalDate date;","lastModifiedDate":"2025-02-05","isFullCredit":false},{"lineNumber":61,"author":{"gitId":"bkkuan"},"content":"","lastModifiedDate":"2025-02-05","isFullCredit":false},{"lineNumber":62,"author":{"gitId":"bkkuan"},"content":"        try {","lastModifiedDate":"2025-02-05","isFullCredit":false},{"lineNumber":63,"author":{"gitId":"bkkuan"},"content":"            date \u003d LocalDate.parse(dateString);","lastModifiedDate":"2025-02-05","isFullCredit":false},{"lineNumber":64,"author":{"gitId":"bkkuan"},"content":"        } catch (DateTimeParseException e1) {","lastModifiedDate":"2025-02-05","isFullCredit":false},{"lineNumber":65,"author":{"gitId":"bkkuan"},"content":"            try {","lastModifiedDate":"2025-02-05","isFullCredit":false},{"lineNumber":66,"author":{"gitId":"bkkuan"},"content":"                DateTimeFormatter oldFormat \u003d DateTimeFormatter.ofPattern(\"MMMM d[\u0027th\u0027][\u0027st\u0027][\u0027nd\u0027][\u0027rd\u0027]\");","lastModifiedDate":"2025-02-05","isFullCredit":false},{"lineNumber":67,"author":{"gitId":"bkkuan"},"content":"                date \u003d LocalDate.parse(dateString, oldFormat);","lastModifiedDate":"2025-02-05","isFullCredit":false},{"lineNumber":68,"author":{"gitId":"bkkuan"},"content":"            } catch (DateTimeParseException e2) {","lastModifiedDate":"2025-02-05","isFullCredit":false},{"lineNumber":69,"author":{"gitId":"bkkuan"},"content":"                System.out.println(\"Invalid date format: \" + dateString + \". Using today\u0027s date.\");","lastModifiedDate":"2025-02-05","isFullCredit":false},{"lineNumber":70,"author":{"gitId":"bkkuan"},"content":"                date \u003d LocalDate.now();","lastModifiedDate":"2025-02-05","isFullCredit":false},{"lineNumber":71,"author":{"gitId":"bkkuan"},"content":"            }","lastModifiedDate":"2025-02-05","isFullCredit":false},{"lineNumber":72,"author":{"gitId":"bkkuan"},"content":"        }","lastModifiedDate":"2025-02-05","isFullCredit":false},{"lineNumber":73,"author":{"gitId":"bkkuan"},"content":"","lastModifiedDate":"2025-02-05","isFullCredit":false},{"lineNumber":74,"author":{"gitId":"bkkuan"},"content":"        return new Deadline(parts[2], date);","lastModifiedDate":"2025-02-05","isFullCredit":false},{"lineNumber":75,"author":{"gitId":"bkkuan"},"content":"    }","lastModifiedDate":"2025-02-05","isFullCredit":false},{"lineNumber":76,"author":{"gitId":"bkkuan"},"content":"","lastModifiedDate":"2025-02-05","isFullCredit":false},{"lineNumber":77,"author":{"gitId":"bkkuan"},"content":"    public void save(ArrayList\u003cTasks\u003e tasks) {","lastModifiedDate":"2025-02-05","isFullCredit":false},{"lineNumber":78,"author":{"gitId":"bkkuan"},"content":"        try {","lastModifiedDate":"2025-02-05","isFullCredit":false},{"lineNumber":79,"author":{"gitId":"bkkuan"},"content":"            Files.createDirectories(filePath.getParent());","lastModifiedDate":"2025-02-05","isFullCredit":false},{"lineNumber":80,"author":{"gitId":"bkkuan"},"content":"            ArrayList\u003cString\u003e lines \u003d new ArrayList\u003c\u003e();","lastModifiedDate":"2025-02-05","isFullCredit":false},{"lineNumber":81,"author":{"gitId":"bkkuan"},"content":"            for (Tasks task : tasks) {","lastModifiedDate":"2025-02-05","isFullCredit":false},{"lineNumber":82,"author":{"gitId":"bkkuan"},"content":"                lines.add(task.toFileFormat());","lastModifiedDate":"2025-02-05","isFullCredit":false},{"lineNumber":83,"author":{"gitId":"bkkuan"},"content":"            }","lastModifiedDate":"2025-02-05","isFullCredit":false},{"lineNumber":84,"author":{"gitId":"bkkuan"},"content":"            Files.write(filePath, lines);","lastModifiedDate":"2025-02-05","isFullCredit":false},{"lineNumber":85,"author":{"gitId":"bkkuan"},"content":"        } catch (IOException e) {","lastModifiedDate":"2025-02-05","isFullCredit":false},{"lineNumber":86,"author":{"gitId":"bkkuan"},"content":"            System.out.println(\"Error saving tasks: \" + e.getMessage());","lastModifiedDate":"2025-02-05","isFullCredit":false},{"lineNumber":87,"author":{"gitId":"bkkuan"},"content":"        }","lastModifiedDate":"2025-02-05","isFullCredit":false},{"lineNumber":88,"author":{"gitId":"bkkuan"},"content":"    }","lastModifiedDate":"2025-02-05","isFullCredit":false},{"lineNumber":89,"author":{"gitId":"bkkuan"},"content":"}","lastModifiedDate":"2025-02-05","isFullCredit":false}],"authorContributionMap":{"bkkuan":89}},{"path":"src/main/java/bryan/taskmanager/TaskManager.java","fileType":"java","lines":[{"lineNumber":1,"author":{"gitId":"bkkuan"},"content":"package bryan.taskmanager;","lastModifiedDate":"2025-02-06","isFullCredit":false},{"lineNumber":2,"author":{"gitId":"bkkuan"},"content":"","lastModifiedDate":"2025-02-06","isFullCredit":false},{"lineNumber":3,"author":{"gitId":"bkkuan"},"content":"import bryan.exception.BryanException;","lastModifiedDate":"2025-02-06","isFullCredit":false},{"lineNumber":4,"author":{"gitId":"bkkuan"},"content":"import bryan.tasks.Deadline;","lastModifiedDate":"2025-02-06","isFullCredit":false},{"lineNumber":5,"author":{"gitId":"bkkuan"},"content":"import bryan.tasks.Event;","lastModifiedDate":"2025-02-06","isFullCredit":false},{"lineNumber":6,"author":{"gitId":"bkkuan"},"content":"import bryan.tasks.Tasks;","lastModifiedDate":"2025-02-06","isFullCredit":false},{"lineNumber":7,"author":{"gitId":"bkkuan"},"content":"import bryan.tasks.Todo;","lastModifiedDate":"2025-02-06","isFullCredit":false},{"lineNumber":8,"author":{"gitId":"bkkuan"},"content":"","lastModifiedDate":"2025-02-06","isFullCredit":false},{"lineNumber":9,"author":{"gitId":"bkkuan"},"content":"import java.time.format.DateTimeParseException;","lastModifiedDate":"2025-02-05","isFullCredit":false},{"lineNumber":10,"author":{"gitId":"bkkuan"},"content":"import java.util.ArrayList;","lastModifiedDate":"2025-01-24","isFullCredit":false},{"lineNumber":11,"author":{"gitId":"bkkuan"},"content":"","lastModifiedDate":"2025-01-24","isFullCredit":false},{"lineNumber":12,"author":{"gitId":"bkkuan"},"content":"public class TaskManager {","lastModifiedDate":"2025-01-24","isFullCredit":false},{"lineNumber":13,"author":{"gitId":"bkkuan"},"content":"    private final ArrayList\u003cTasks\u003e tasks;","lastModifiedDate":"2025-02-05","isFullCredit":false},{"lineNumber":14,"author":{"gitId":"bkkuan"},"content":"","lastModifiedDate":"2025-02-05","isFullCredit":false},{"lineNumber":15,"author":{"gitId":"bkkuan"},"content":"    public TaskManager() {","lastModifiedDate":"2025-01-24","isFullCredit":false},{"lineNumber":16,"author":{"gitId":"bkkuan"},"content":"        this(new ArrayList\u003c\u003e());","lastModifiedDate":"2025-02-05","isFullCredit":false},{"lineNumber":17,"author":{"gitId":"bkkuan"},"content":"    }","lastModifiedDate":"2025-01-24","isFullCredit":false},{"lineNumber":18,"author":{"gitId":"bkkuan"},"content":"","lastModifiedDate":"2025-01-24","isFullCredit":false},{"lineNumber":19,"author":{"gitId":"bkkuan"},"content":"    public TaskManager(ArrayList\u003cTasks\u003e tasks) {","lastModifiedDate":"2025-02-05","isFullCredit":false},{"lineNumber":20,"author":{"gitId":"bkkuan"},"content":"        this.tasks \u003d tasks;","lastModifiedDate":"2025-02-05","isFullCredit":false},{"lineNumber":21,"author":{"gitId":"bkkuan"},"content":"    }","lastModifiedDate":"2025-01-25","isFullCredit":false},{"lineNumber":22,"author":{"gitId":"bkkuan"},"content":"","lastModifiedDate":"2025-02-05","isFullCredit":false},{"lineNumber":23,"author":{"gitId":"bkkuan"},"content":"    public ArrayList\u003cTasks\u003e getTasks() {","lastModifiedDate":"2025-02-05","isFullCredit":false},{"lineNumber":24,"author":{"gitId":"bkkuan"},"content":"        return tasks;","lastModifiedDate":"2025-02-05","isFullCredit":false},{"lineNumber":25,"author":{"gitId":"bkkuan"},"content":"    }","lastModifiedDate":"2025-01-25","isFullCredit":false},{"lineNumber":26,"author":{"gitId":"bkkuan"},"content":"","lastModifiedDate":"2025-02-05","isFullCredit":false},{"lineNumber":27,"author":{"gitId":"bkkuan"},"content":"    public void addTask(String input) throws BryanException {","lastModifiedDate":"2025-02-05","isFullCredit":false},{"lineNumber":28,"author":{"gitId":"bkkuan"},"content":"        Tasks task \u003d createTask(input);","lastModifiedDate":"2025-02-05","isFullCredit":false},{"lineNumber":29,"author":{"gitId":"bkkuan"},"content":"        tasks.add(task);","lastModifiedDate":"2025-02-05","isFullCredit":false},{"lineNumber":30,"author":{"gitId":"bkkuan"},"content":"        printAddConfirmation(task);","lastModifiedDate":"2025-02-05","isFullCredit":false},{"lineNumber":31,"author":{"gitId":"bkkuan"},"content":"    }","lastModifiedDate":"2025-01-25","isFullCredit":false},{"lineNumber":32,"author":{"gitId":"bkkuan"},"content":"","lastModifiedDate":"2025-02-05","isFullCredit":false},{"lineNumber":33,"author":{"gitId":"bkkuan"},"content":"    private Tasks createTask(String input) throws BryanException {","lastModifiedDate":"2025-02-05","isFullCredit":false},{"lineNumber":34,"author":{"gitId":"bkkuan"},"content":"        if (input.startsWith(\"todo \")) return createTodo(input);","lastModifiedDate":"2025-02-05","isFullCredit":false},{"lineNumber":35,"author":{"gitId":"bkkuan"},"content":"        if (input.startsWith(\"deadline \")) return createDeadline(input);","lastModifiedDate":"2025-02-05","isFullCredit":false},{"lineNumber":36,"author":{"gitId":"bkkuan"},"content":"        if (input.startsWith(\"event \")) return createEvent(input);","lastModifiedDate":"2025-02-05","isFullCredit":false},{"lineNumber":37,"author":{"gitId":"bkkuan"},"content":"        throw new BryanException(\"Empty description. Please specify a task\");","lastModifiedDate":"2025-02-05","isFullCredit":false},{"lineNumber":38,"author":{"gitId":"bkkuan"},"content":"    }","lastModifiedDate":"2025-01-25","isFullCredit":false},{"lineNumber":39,"author":{"gitId":"bkkuan"},"content":"","lastModifiedDate":"2025-02-05","isFullCredit":false},{"lineNumber":40,"author":{"gitId":"bkkuan"},"content":"    private Todo createTodo(String input) throws BryanException {","lastModifiedDate":"2025-02-05","isFullCredit":false},{"lineNumber":41,"author":{"gitId":"bkkuan"},"content":"        String description \u003d input.substring(5).trim();","lastModifiedDate":"2025-02-05","isFullCredit":false},{"lineNumber":42,"author":{"gitId":"bkkuan"},"content":"        validateDescription(description);","lastModifiedDate":"2025-02-05","isFullCredit":false},{"lineNumber":43,"author":{"gitId":"bkkuan"},"content":"        return new Todo(description);","lastModifiedDate":"2025-02-05","isFullCredit":false},{"lineNumber":44,"author":{"gitId":"bkkuan"},"content":"    }","lastModifiedDate":"2025-01-25","isFullCredit":false},{"lineNumber":45,"author":{"gitId":"bkkuan"},"content":"","lastModifiedDate":"2025-02-05","isFullCredit":false},{"lineNumber":46,"author":{"gitId":"bkkuan"},"content":"    private Deadline createDeadline(String input) throws BryanException {","lastModifiedDate":"2025-02-05","isFullCredit":false},{"lineNumber":47,"author":{"gitId":"bkkuan"},"content":"        String[] parts \u003d input.substring(9).split(\"/by\", 2);","lastModifiedDate":"2025-02-05","isFullCredit":false},{"lineNumber":48,"author":{"gitId":"bkkuan"},"content":"        if (parts.length \u003c 2) throw new BryanException(\"Invalid deadline format\");","lastModifiedDate":"2025-02-05","isFullCredit":false},{"lineNumber":49,"author":{"gitId":"bkkuan"},"content":"","lastModifiedDate":"2025-02-05","isFullCredit":false},{"lineNumber":50,"author":{"gitId":"bkkuan"},"content":"        String description \u003d parts[0].trim();","lastModifiedDate":"2025-02-05","isFullCredit":false},{"lineNumber":51,"author":{"gitId":"bkkuan"},"content":"        String dateString \u003d parts[1].trim();","lastModifiedDate":"2025-02-05","isFullCredit":false},{"lineNumber":52,"author":{"gitId":"bkkuan"},"content":"","lastModifiedDate":"2025-02-05","isFullCredit":false},{"lineNumber":53,"author":{"gitId":"bkkuan"},"content":"        try {","lastModifiedDate":"2025-02-05","isFullCredit":false},{"lineNumber":54,"author":{"gitId":"bkkuan"},"content":"            return new Deadline(description, dateString);","lastModifiedDate":"2025-02-05","isFullCredit":false},{"lineNumber":55,"author":{"gitId":"bkkuan"},"content":"        } catch (DateTimeParseException e) {","lastModifiedDate":"2025-02-05","isFullCredit":false},{"lineNumber":56,"author":{"gitId":"bkkuan"},"content":"            throw new BryanException(\"Invalid date format. Use yyyy-mm-dd\");","lastModifiedDate":"2025-02-05","isFullCredit":false},{"lineNumber":57,"author":{"gitId":"bkkuan"},"content":"        }","lastModifiedDate":"2025-02-05","isFullCredit":false},{"lineNumber":58,"author":{"gitId":"bkkuan"},"content":"    }","lastModifiedDate":"2025-01-25","isFullCredit":false},{"lineNumber":59,"author":{"gitId":"bkkuan"},"content":"","lastModifiedDate":"2025-01-25","isFullCredit":false},{"lineNumber":60,"author":{"gitId":"bkkuan"},"content":"    private Event createEvent(String input) throws BryanException {","lastModifiedDate":"2025-02-05","isFullCredit":false},{"lineNumber":61,"author":{"gitId":"bkkuan"},"content":"        String[] parts \u003d input.substring(6).split(\"/from|/to\");","lastModifiedDate":"2025-02-05","isFullCredit":false},{"lineNumber":62,"author":{"gitId":"bkkuan"},"content":"        if (parts.length \u003c 3) throw new BryanException(\"Invalid event format\");","lastModifiedDate":"2025-02-05","isFullCredit":false},{"lineNumber":63,"author":{"gitId":"bkkuan"},"content":"        return new Event(parts[0].trim(), parts[1].trim(), parts[2].trim());","lastModifiedDate":"2025-02-05","isFullCredit":false},{"lineNumber":64,"author":{"gitId":"bkkuan"},"content":"    }","lastModifiedDate":"2025-01-24","isFullCredit":false},{"lineNumber":65,"author":{"gitId":"bkkuan"},"content":"","lastModifiedDate":"2025-02-05","isFullCredit":false},{"lineNumber":66,"author":{"gitId":"bkkuan"},"content":"    public void printTasks() {","lastModifiedDate":"2025-01-24","isFullCredit":false},{"lineNumber":67,"author":{"gitId":"bkkuan"},"content":"        if (tasks.isEmpty()) {","lastModifiedDate":"2025-01-24","isFullCredit":false},{"lineNumber":68,"author":{"gitId":"bkkuan"},"content":"            System.out.println(\"Your task list is empty. Let\u0027s get started!\");","lastModifiedDate":"2025-02-05","isFullCredit":false},{"lineNumber":69,"author":{"gitId":"bkkuan"},"content":"            return;","lastModifiedDate":"2025-02-05","isFullCredit":false},{"lineNumber":70,"author":{"gitId":"bkkuan"},"content":"        }","lastModifiedDate":"2025-01-24","isFullCredit":false},{"lineNumber":71,"author":{"gitId":"bkkuan"},"content":"","lastModifiedDate":"2025-02-05","isFullCredit":false},{"lineNumber":72,"author":{"gitId":"bkkuan"},"content":"        System.out.println(\"Here are your tasks:\");","lastModifiedDate":"2025-02-05","isFullCredit":false},{"lineNumber":73,"author":{"gitId":"bkkuan"},"content":"        for (int i \u003d 0; i \u003c tasks.size(); i++) {","lastModifiedDate":"2025-02-05","isFullCredit":false},{"lineNumber":74,"author":{"gitId":"bkkuan"},"content":"            System.out.printf(\"%d. %s\\n\", i + 1, tasks.get(i));","lastModifiedDate":"2025-02-05","isFullCredit":false},{"lineNumber":75,"author":{"gitId":"bkkuan"},"content":"        }","lastModifiedDate":"2025-01-24","isFullCredit":false},{"lineNumber":76,"author":{"gitId":"bkkuan"},"content":"    }","lastModifiedDate":"2025-01-24","isFullCredit":false},{"lineNumber":77,"author":{"gitId":"bkkuan"},"content":"","lastModifiedDate":"2025-01-24","isFullCredit":false},{"lineNumber":78,"author":{"gitId":"bkkuan"},"content":"    public void markTask(int index) {","lastModifiedDate":"2025-02-05","isFullCredit":false},{"lineNumber":79,"author":{"gitId":"bkkuan"},"content":"        validateIndex(index);","lastModifiedDate":"2025-02-05","isFullCredit":false},{"lineNumber":80,"author":{"gitId":"bkkuan"},"content":"        tasks.get(index).taskDone();","lastModifiedDate":"2025-02-05","isFullCredit":false},{"lineNumber":81,"author":{"gitId":"bkkuan"},"content":"        System.out.printf(\"Marked task %d as done:\\n  %s\\n\", index + 1, tasks.get(index));","lastModifiedDate":"2025-02-05","isFullCredit":false},{"lineNumber":82,"author":{"gitId":"bkkuan"},"content":"    }","lastModifiedDate":"2025-01-24","isFullCredit":false},{"lineNumber":83,"author":{"gitId":"bkkuan"},"content":"","lastModifiedDate":"2025-02-05","isFullCredit":false},{"lineNumber":84,"author":{"gitId":"bkkuan"},"content":"    public void unmarkTask(int index) {","lastModifiedDate":"2025-02-05","isFullCredit":false},{"lineNumber":85,"author":{"gitId":"bkkuan"},"content":"        validateIndex(index);","lastModifiedDate":"2025-02-05","isFullCredit":false},{"lineNumber":86,"author":{"gitId":"bkkuan"},"content":"        tasks.get(index).taskNotDone();","lastModifiedDate":"2025-02-05","isFullCredit":false},{"lineNumber":87,"author":{"gitId":"bkkuan"},"content":"        System.out.printf(\"Marked task %d as not done:\\n  %s\\n\", index + 1, tasks.get(index));","lastModifiedDate":"2025-02-05","isFullCredit":false},{"lineNumber":88,"author":{"gitId":"bkkuan"},"content":"    }","lastModifiedDate":"2025-01-24","isFullCredit":false},{"lineNumber":89,"author":{"gitId":"bkkuan"},"content":"","lastModifiedDate":"2025-01-24","isFullCredit":false},{"lineNumber":90,"author":{"gitId":"bkkuan"},"content":"    public void deleteTask(int index) {","lastModifiedDate":"2025-02-05","isFullCredit":false},{"lineNumber":91,"author":{"gitId":"bkkuan"},"content":"        validateIndex(index);","lastModifiedDate":"2025-02-05","isFullCredit":false},{"lineNumber":92,"author":{"gitId":"bkkuan"},"content":"        Tasks removed \u003d tasks.remove(index);","lastModifiedDate":"2025-02-05","isFullCredit":false},{"lineNumber":93,"author":{"gitId":"bkkuan"},"content":"        System.out.printf(\"Removed task %d:\\n  %s\\nNow you have %d tasks\\n\",","lastModifiedDate":"2025-02-05","isFullCredit":false},{"lineNumber":94,"author":{"gitId":"bkkuan"},"content":"                index + 1, removed, tasks.size());","lastModifiedDate":"2025-02-05","isFullCredit":false},{"lineNumber":95,"author":{"gitId":"bkkuan"},"content":"    }","lastModifiedDate":"2025-02-05","isFullCredit":false},{"lineNumber":96,"author":{"gitId":"bkkuan"},"content":"","lastModifiedDate":"2025-01-24","isFullCredit":false},{"lineNumber":97,"author":{"gitId":"bkkuan"},"content":"    private void validateDescription(String description) throws BryanException {","lastModifiedDate":"2025-02-05","isFullCredit":false},{"lineNumber":98,"author":{"gitId":"bkkuan"},"content":"        if (description.isEmpty()) {","lastModifiedDate":"2025-02-05","isFullCredit":false},{"lineNumber":99,"author":{"gitId":"bkkuan"},"content":"            throw new BryanException(\"Task description cannot be empty\");","lastModifiedDate":"2025-02-05","isFullCredit":false},{"lineNumber":100,"author":{"gitId":"bkkuan"},"content":"        }","lastModifiedDate":"2025-01-24","isFullCredit":false},{"lineNumber":101,"author":{"gitId":"bkkuan"},"content":"    }","lastModifiedDate":"2025-01-24","isFullCredit":false},{"lineNumber":102,"author":{"gitId":"bkkuan"},"content":"","lastModifiedDate":"2025-01-25","isFullCredit":false},{"lineNumber":103,"author":{"gitId":"bkkuan"},"content":"    private void validateIndex(int index) {","lastModifiedDate":"2025-02-05","isFullCredit":false},{"lineNumber":104,"author":{"gitId":"bkkuan"},"content":"        if (index \u003c 0 || index \u003e\u003d tasks.size()) {","lastModifiedDate":"2025-02-05","isFullCredit":false},{"lineNumber":105,"author":{"gitId":"bkkuan"},"content":"            throw new IllegalArgumentException(\"Invalid task number\");","lastModifiedDate":"2025-02-05","isFullCredit":false},{"lineNumber":106,"author":{"gitId":"bkkuan"},"content":"        }","lastModifiedDate":"2025-01-25","isFullCredit":false},{"lineNumber":107,"author":{"gitId":"bkkuan"},"content":"    }","lastModifiedDate":"2025-01-25","isFullCredit":false},{"lineNumber":108,"author":{"gitId":"bkkuan"},"content":"","lastModifiedDate":"2025-02-05","isFullCredit":false},{"lineNumber":109,"author":{"gitId":"bkkuan"},"content":"    private void printAddConfirmation(Tasks task) {","lastModifiedDate":"2025-02-05","isFullCredit":false},{"lineNumber":110,"author":{"gitId":"bkkuan"},"content":"        System.out.printf(\"Added task:\\n  %s\\nNow you have %d tasks\\n\",","lastModifiedDate":"2025-02-05","isFullCredit":false},{"lineNumber":111,"author":{"gitId":"bkkuan"},"content":"                task, tasks.size());","lastModifiedDate":"2025-02-05","isFullCredit":false},{"lineNumber":112,"author":{"gitId":"bkkuan"},"content":"    }","lastModifiedDate":"2025-01-25","isFullCredit":false},{"lineNumber":113,"author":{"gitId":"bkkuan"},"content":"}","lastModifiedDate":"2025-01-24","isFullCredit":false}],"authorContributionMap":{"bkkuan":113}},{"path":"src/main/java/bryan/tasks/Deadline.java","fileType":"java","lines":[{"lineNumber":1,"author":{"gitId":"bkkuan"},"content":"package bryan.tasks;","lastModifiedDate":"2025-02-06","isFullCredit":false},{"lineNumber":2,"author":{"gitId":"bkkuan"},"content":"","lastModifiedDate":"2025-02-06","isFullCredit":false},{"lineNumber":3,"author":{"gitId":"bkkuan"},"content":"import java.time.LocalDate;","lastModifiedDate":"2025-02-05","isFullCredit":false},{"lineNumber":4,"author":{"gitId":"bkkuan"},"content":"import java.time.format.DateTimeFormatter;","lastModifiedDate":"2025-02-05","isFullCredit":false},{"lineNumber":5,"author":{"gitId":"bkkuan"},"content":"import java.time.format.DateTimeParseException;","lastModifiedDate":"2025-02-05","isFullCredit":false},{"lineNumber":6,"author":{"gitId":"bkkuan"},"content":"","lastModifiedDate":"2025-02-05","isFullCredit":false},{"lineNumber":7,"author":{"gitId":"bkkuan"},"content":"public class Deadline extends Tasks {","lastModifiedDate":"2025-01-25","isFullCredit":false},{"lineNumber":8,"author":{"gitId":"bkkuan"},"content":"    protected LocalDate by;","lastModifiedDate":"2025-02-05","isFullCredit":false},{"lineNumber":9,"author":{"gitId":"bkkuan"},"content":"","lastModifiedDate":"2025-02-05","isFullCredit":false},{"lineNumber":10,"author":{"gitId":"bkkuan"},"content":"    public Deadline(String information, LocalDate by) {","lastModifiedDate":"2025-02-05","isFullCredit":false},{"lineNumber":11,"author":{"gitId":"bkkuan"},"content":"        super(information);","lastModifiedDate":"2025-01-25","isFullCredit":false},{"lineNumber":12,"author":{"gitId":"bkkuan"},"content":"        this.by \u003d by;","lastModifiedDate":"2025-01-25","isFullCredit":false},{"lineNumber":13,"author":{"gitId":"bkkuan"},"content":"    }","lastModifiedDate":"2025-01-25","isFullCredit":false},{"lineNumber":14,"author":{"gitId":"bkkuan"},"content":"","lastModifiedDate":"2025-01-25","isFullCredit":false},{"lineNumber":15,"author":{"gitId":"bkkuan"},"content":"    public Deadline(String information, String dateString) throws DateTimeParseException {","lastModifiedDate":"2025-02-05","isFullCredit":false},{"lineNumber":16,"author":{"gitId":"bkkuan"},"content":"        super(information);","lastModifiedDate":"2025-02-05","isFullCredit":false},{"lineNumber":17,"author":{"gitId":"bkkuan"},"content":"        this.by \u003d LocalDate.parse(dateString);","lastModifiedDate":"2025-02-05","isFullCredit":false},{"lineNumber":18,"author":{"gitId":"bkkuan"},"content":"    }","lastModifiedDate":"2025-02-05","isFullCredit":false},{"lineNumber":19,"author":{"gitId":"bkkuan"},"content":"","lastModifiedDate":"2025-02-05","isFullCredit":false},{"lineNumber":20,"author":{"gitId":"bkkuan"},"content":"","lastModifiedDate":"2025-02-05","isFullCredit":false},{"lineNumber":21,"author":{"gitId":"bkkuan"},"content":"    @Override","lastModifiedDate":"2025-02-05","isFullCredit":false},{"lineNumber":22,"author":{"gitId":"bkkuan"},"content":"    public String toFileFormat() {","lastModifiedDate":"2025-02-05","isFullCredit":false},{"lineNumber":23,"author":{"gitId":"bkkuan"},"content":"        return \"D | \" + (isDone ? \"1\" : \"0\") + \" | \" + information + \" | \" + by;","lastModifiedDate":"2025-02-05","isFullCredit":false},{"lineNumber":24,"author":{"gitId":"bkkuan"},"content":"    }","lastModifiedDate":"2025-02-05","isFullCredit":false},{"lineNumber":25,"author":{"gitId":"bkkuan"},"content":"","lastModifiedDate":"2025-02-05","isFullCredit":false},{"lineNumber":26,"author":{"gitId":"bkkuan"},"content":"    @Override","lastModifiedDate":"2025-01-25","isFullCredit":false},{"lineNumber":27,"author":{"gitId":"bkkuan"},"content":"    public String toString() {","lastModifiedDate":"2025-01-25","isFullCredit":false},{"lineNumber":28,"author":{"gitId":"bkkuan"},"content":"        return \"[D]\" + super.toString() + \" (by: \"","lastModifiedDate":"2025-02-05","isFullCredit":false},{"lineNumber":29,"author":{"gitId":"bkkuan"},"content":"                + by.format(DateTimeFormatter.ofPattern(\"MMM dd yyyy\")) + \")\";","lastModifiedDate":"2025-02-05","isFullCredit":false},{"lineNumber":30,"author":{"gitId":"bkkuan"},"content":"    }","lastModifiedDate":"2025-01-25","isFullCredit":false},{"lineNumber":31,"author":{"gitId":"bkkuan"},"content":"}","lastModifiedDate":"2025-01-25","isFullCredit":false}],"authorContributionMap":{"bkkuan":31}},{"path":"src/main/java/bryan/tasks/Event.java","fileType":"java","lines":[{"lineNumber":1,"author":{"gitId":"bkkuan"},"content":"package bryan.tasks;","lastModifiedDate":"2025-02-06","isFullCredit":false},{"lineNumber":2,"author":{"gitId":"bkkuan"},"content":"","lastModifiedDate":"2025-02-06","isFullCredit":false},{"lineNumber":3,"author":{"gitId":"bkkuan"},"content":"public class Event extends Tasks {","lastModifiedDate":"2025-01-25","isFullCredit":false},{"lineNumber":4,"author":{"gitId":"bkkuan"},"content":"    protected String from;","lastModifiedDate":"2025-01-25","isFullCredit":false},{"lineNumber":5,"author":{"gitId":"bkkuan"},"content":"    protected String to;","lastModifiedDate":"2025-01-25","isFullCredit":false},{"lineNumber":6,"author":{"gitId":"bkkuan"},"content":"","lastModifiedDate":"2025-01-25","isFullCredit":false},{"lineNumber":7,"author":{"gitId":"bkkuan"},"content":"    public Event(String information, String from, String to) {","lastModifiedDate":"2025-01-25","isFullCredit":false},{"lineNumber":8,"author":{"gitId":"bkkuan"},"content":"        super(information);","lastModifiedDate":"2025-01-25","isFullCredit":false},{"lineNumber":9,"author":{"gitId":"bkkuan"},"content":"        this.from \u003d from;","lastModifiedDate":"2025-01-25","isFullCredit":false},{"lineNumber":10,"author":{"gitId":"bkkuan"},"content":"        this.to \u003d to;","lastModifiedDate":"2025-01-25","isFullCredit":false},{"lineNumber":11,"author":{"gitId":"bkkuan"},"content":"    }","lastModifiedDate":"2025-01-25","isFullCredit":false},{"lineNumber":12,"author":{"gitId":"bkkuan"},"content":"","lastModifiedDate":"2025-01-25","isFullCredit":false},{"lineNumber":13,"author":{"gitId":"bkkuan"},"content":"    @Override","lastModifiedDate":"2025-02-05","isFullCredit":false},{"lineNumber":14,"author":{"gitId":"bkkuan"},"content":"    public String toFileFormat() {","lastModifiedDate":"2025-02-05","isFullCredit":false},{"lineNumber":15,"author":{"gitId":"bkkuan"},"content":"        return \"E | \" + (isDone ? \"1\" : \"0\") + \" | \" + information + \" | \" + from + \" | \" + to;","lastModifiedDate":"2025-02-05","isFullCredit":false},{"lineNumber":16,"author":{"gitId":"bkkuan"},"content":"    }","lastModifiedDate":"2025-02-05","isFullCredit":false},{"lineNumber":17,"author":{"gitId":"bkkuan"},"content":"","lastModifiedDate":"2025-02-05","isFullCredit":false},{"lineNumber":18,"author":{"gitId":"bkkuan"},"content":"    @Override","lastModifiedDate":"2025-01-25","isFullCredit":false},{"lineNumber":19,"author":{"gitId":"bkkuan"},"content":"    public String toString() {","lastModifiedDate":"2025-01-25","isFullCredit":false},{"lineNumber":20,"author":{"gitId":"bkkuan"},"content":"        return \"[E]\" + super.toString() + \" (from: \" + from + \" to: \" + to + \")\";","lastModifiedDate":"2025-01-25","isFullCredit":false},{"lineNumber":21,"author":{"gitId":"bkkuan"},"content":"    }","lastModifiedDate":"2025-01-25","isFullCredit":false},{"lineNumber":22,"author":{"gitId":"bkkuan"},"content":"}","lastModifiedDate":"2025-01-25","isFullCredit":false}],"authorContributionMap":{"bkkuan":22}},{"path":"src/main/java/bryan/tasks/Tasks.java","fileType":"java","lines":[{"lineNumber":1,"author":{"gitId":"bkkuan"},"content":"package bryan.tasks;","lastModifiedDate":"2025-02-06","isFullCredit":false},{"lineNumber":2,"author":{"gitId":"bkkuan"},"content":"","lastModifiedDate":"2025-02-06","isFullCredit":false},{"lineNumber":3,"author":{"gitId":"bkkuan"},"content":"public class Tasks {","lastModifiedDate":"2025-01-24","isFullCredit":false},{"lineNumber":4,"author":{"gitId":"bkkuan"},"content":"    protected String information;","lastModifiedDate":"2025-01-25","isFullCredit":false},{"lineNumber":5,"author":{"gitId":"bkkuan"},"content":"    protected boolean isDone;","lastModifiedDate":"2025-01-25","isFullCredit":false},{"lineNumber":6,"author":{"gitId":"bkkuan"},"content":"","lastModifiedDate":"2025-01-24","isFullCredit":false},{"lineNumber":7,"author":{"gitId":"bkkuan"},"content":"    public Tasks(String information) {","lastModifiedDate":"2025-01-24","isFullCredit":false},{"lineNumber":8,"author":{"gitId":"bkkuan"},"content":"        this.information \u003d information;","lastModifiedDate":"2025-01-24","isFullCredit":false},{"lineNumber":9,"author":{"gitId":"bkkuan"},"content":"        this.isDone \u003d false;","lastModifiedDate":"2025-01-24","isFullCredit":false},{"lineNumber":10,"author":{"gitId":"bkkuan"},"content":"    }","lastModifiedDate":"2025-01-24","isFullCredit":false},{"lineNumber":11,"author":{"gitId":"bkkuan"},"content":"    //tasks marked done","lastModifiedDate":"2025-01-24","isFullCredit":false},{"lineNumber":12,"author":{"gitId":"bkkuan"},"content":"    public void taskDone() {","lastModifiedDate":"2025-01-24","isFullCredit":false},{"lineNumber":13,"author":{"gitId":"bkkuan"},"content":"        this.isDone \u003d true;","lastModifiedDate":"2025-01-25","isFullCredit":false},{"lineNumber":14,"author":{"gitId":"bkkuan"},"content":"    }","lastModifiedDate":"2025-01-24","isFullCredit":false},{"lineNumber":15,"author":{"gitId":"bkkuan"},"content":"    //tasks unmarked or not done","lastModifiedDate":"2025-01-24","isFullCredit":false},{"lineNumber":16,"author":{"gitId":"bkkuan"},"content":"    public void taskNotDone() {","lastModifiedDate":"2025-01-24","isFullCredit":false},{"lineNumber":17,"author":{"gitId":"bkkuan"},"content":"        this.isDone \u003d false;","lastModifiedDate":"2025-01-25","isFullCredit":false},{"lineNumber":18,"author":{"gitId":"bkkuan"},"content":"    }","lastModifiedDate":"2025-01-24","isFullCredit":false},{"lineNumber":19,"author":{"gitId":"bkkuan"},"content":"","lastModifiedDate":"2025-01-25","isFullCredit":false},{"lineNumber":20,"author":{"gitId":"bkkuan"},"content":"    public String getStatusIcon() {","lastModifiedDate":"2025-01-25","isFullCredit":false},{"lineNumber":21,"author":{"gitId":"bkkuan"},"content":"        return isDone ? \"[X]\" : \"[ ]\";","lastModifiedDate":"2025-01-25","isFullCredit":false},{"lineNumber":22,"author":{"gitId":"bkkuan"},"content":"    }","lastModifiedDate":"2025-01-24","isFullCredit":false},{"lineNumber":23,"author":{"gitId":"bkkuan"},"content":"","lastModifiedDate":"2025-01-25","isFullCredit":false},{"lineNumber":24,"author":{"gitId":"bkkuan"},"content":"    public String toFileFormat() {","lastModifiedDate":"2025-02-05","isFullCredit":false},{"lineNumber":25,"author":{"gitId":"bkkuan"},"content":"        throw new UnsupportedOperationException(\"toFileFormat not implemented\");","lastModifiedDate":"2025-02-05","isFullCredit":false},{"lineNumber":26,"author":{"gitId":"bkkuan"},"content":"    }","lastModifiedDate":"2025-02-05","isFullCredit":false},{"lineNumber":27,"author":{"gitId":"bkkuan"},"content":"","lastModifiedDate":"2025-02-05","isFullCredit":false},{"lineNumber":28,"author":{"gitId":"bkkuan"},"content":"    @Override","lastModifiedDate":"2025-01-24","isFullCredit":false},{"lineNumber":29,"author":{"gitId":"bkkuan"},"content":"    public String toString() {","lastModifiedDate":"2025-01-24","isFullCredit":false},{"lineNumber":30,"author":{"gitId":"bkkuan"},"content":"        return getStatusIcon() + \" \" + information;","lastModifiedDate":"2025-01-25","isFullCredit":false},{"lineNumber":31,"author":{"gitId":"bkkuan"},"content":"    }","lastModifiedDate":"2025-01-24","isFullCredit":false},{"lineNumber":32,"author":{"gitId":"bkkuan"},"content":"}","lastModifiedDate":"2025-01-24","isFullCredit":false}],"authorContributionMap":{"bkkuan":32}},{"path":"src/main/java/bryan/tasks/Todo.java","fileType":"java","lines":[{"lineNumber":1,"author":{"gitId":"bkkuan"},"content":"package bryan.tasks;","lastModifiedDate":"2025-02-06","isFullCredit":false},{"lineNumber":2,"author":{"gitId":"bkkuan"},"content":"","lastModifiedDate":"2025-02-06","isFullCredit":false},{"lineNumber":3,"author":{"gitId":"bkkuan"},"content":"public class Todo extends Tasks {","lastModifiedDate":"2025-01-25","isFullCredit":false},{"lineNumber":4,"author":{"gitId":"bkkuan"},"content":"    public Todo(String information) {","lastModifiedDate":"2025-01-25","isFullCredit":false},{"lineNumber":5,"author":{"gitId":"bkkuan"},"content":"        super(information);","lastModifiedDate":"2025-01-25","isFullCredit":false},{"lineNumber":6,"author":{"gitId":"bkkuan"},"content":"    }","lastModifiedDate":"2025-01-25","isFullCredit":false},{"lineNumber":7,"author":{"gitId":"bkkuan"},"content":"","lastModifiedDate":"2025-01-25","isFullCredit":false},{"lineNumber":8,"author":{"gitId":"bkkuan"},"content":"    @Override","lastModifiedDate":"2025-02-05","isFullCredit":false},{"lineNumber":9,"author":{"gitId":"bkkuan"},"content":"    public String toFileFormat() {","lastModifiedDate":"2025-02-05","isFullCredit":false},{"lineNumber":10,"author":{"gitId":"bkkuan"},"content":"        return \"T | \" + (isDone ? \"1\" : \"0\") + \" | \" + information;","lastModifiedDate":"2025-02-05","isFullCredit":false},{"lineNumber":11,"author":{"gitId":"bkkuan"},"content":"    }","lastModifiedDate":"2025-02-05","isFullCredit":false},{"lineNumber":12,"author":{"gitId":"bkkuan"},"content":"","lastModifiedDate":"2025-02-05","isFullCredit":false},{"lineNumber":13,"author":{"gitId":"bkkuan"},"content":"    @Override","lastModifiedDate":"2025-01-25","isFullCredit":false},{"lineNumber":14,"author":{"gitId":"bkkuan"},"content":"    public String toString() {","lastModifiedDate":"2025-01-25","isFullCredit":false},{"lineNumber":15,"author":{"gitId":"bkkuan"},"content":"        return \"[T]\" + super.toString();","lastModifiedDate":"2025-01-25","isFullCredit":false},{"lineNumber":16,"author":{"gitId":"bkkuan"},"content":"    }","lastModifiedDate":"2025-01-25","isFullCredit":false},{"lineNumber":17,"author":{"gitId":"bkkuan"},"content":"}","lastModifiedDate":"2025-01-25","isFullCredit":false}],"authorContributionMap":{"bkkuan":17}},{"path":"src/main/java/bryan/ui/Ui.java","fileType":"java","lines":[{"lineNumber":1,"author":{"gitId":"bkkuan"},"content":"package bryan.ui;","lastModifiedDate":"2025-02-06","isFullCredit":false},{"lineNumber":2,"author":{"gitId":"bkkuan"},"content":"","lastModifiedDate":"2025-02-06","isFullCredit":false},{"lineNumber":3,"author":{"gitId":"bkkuan"},"content":"import java.util.Scanner;","lastModifiedDate":"2025-02-06","isFullCredit":false},{"lineNumber":4,"author":{"gitId":"bkkuan"},"content":"","lastModifiedDate":"2025-02-06","isFullCredit":false},{"lineNumber":5,"author":{"gitId":"bkkuan"},"content":"public class Ui {","lastModifiedDate":"2025-02-06","isFullCredit":false},{"lineNumber":6,"author":{"gitId":"bkkuan"},"content":"    private final Scanner scanner \u003d new Scanner(System.in);","lastModifiedDate":"2025-02-06","isFullCredit":false},{"lineNumber":7,"author":{"gitId":"bkkuan"},"content":"","lastModifiedDate":"2025-02-06","isFullCredit":false},{"lineNumber":8,"author":{"gitId":"bkkuan"},"content":"    public void showWelcome() {","lastModifiedDate":"2025-02-06","isFullCredit":false},{"lineNumber":9,"author":{"gitId":"bkkuan"},"content":"        System.out.println(\"Hello! I\u0027m Bryan, your trustworthy support\\nWhat can I do for you?\");","lastModifiedDate":"2025-02-06","isFullCredit":false},{"lineNumber":10,"author":{"gitId":"bkkuan"},"content":"    }","lastModifiedDate":"2025-02-06","isFullCredit":false},{"lineNumber":11,"author":{"gitId":"bkkuan"},"content":"","lastModifiedDate":"2025-02-06","isFullCredit":false},{"lineNumber":12,"author":{"gitId":"bkkuan"},"content":"    public void showGoodbye() {","lastModifiedDate":"2025-02-06","isFullCredit":false},{"lineNumber":13,"author":{"gitId":"bkkuan"},"content":"        System.out.println(\"Bye. Hope to see you again soon!\");","lastModifiedDate":"2025-02-06","isFullCredit":false},{"lineNumber":14,"author":{"gitId":"bkkuan"},"content":"    }","lastModifiedDate":"2025-02-06","isFullCredit":false},{"lineNumber":15,"author":{"gitId":"bkkuan"},"content":"","lastModifiedDate":"2025-02-06","isFullCredit":false},{"lineNumber":16,"author":{"gitId":"bkkuan"},"content":"    public String readCommand() {","lastModifiedDate":"2025-02-06","isFullCredit":false},{"lineNumber":17,"author":{"gitId":"bkkuan"},"content":"        return scanner.nextLine().trim();","lastModifiedDate":"2025-02-06","isFullCredit":false},{"lineNumber":18,"author":{"gitId":"bkkuan"},"content":"    }","lastModifiedDate":"2025-02-06","isFullCredit":false},{"lineNumber":19,"author":{"gitId":"bkkuan"},"content":"","lastModifiedDate":"2025-02-06","isFullCredit":false},{"lineNumber":20,"author":{"gitId":"bkkuan"},"content":"    public void showError(String message) {","lastModifiedDate":"2025-02-06","isFullCredit":false},{"lineNumber":21,"author":{"gitId":"bkkuan"},"content":"        System.out.println(\"Error: \" + message);","lastModifiedDate":"2025-02-06","isFullCredit":false},{"lineNumber":22,"author":{"gitId":"bkkuan"},"content":"    }","lastModifiedDate":"2025-02-06","isFullCredit":false},{"lineNumber":23,"author":{"gitId":"bkkuan"},"content":"","lastModifiedDate":"2025-02-06","isFullCredit":false},{"lineNumber":24,"author":{"gitId":"bkkuan"},"content":"    public void showMessage(String message) {","lastModifiedDate":"2025-02-06","isFullCredit":false},{"lineNumber":25,"author":{"gitId":"bkkuan"},"content":"        System.out.println(message);","lastModifiedDate":"2025-02-06","isFullCredit":false},{"lineNumber":26,"author":{"gitId":"bkkuan"},"content":"    }","lastModifiedDate":"2025-02-06","isFullCredit":false},{"lineNumber":27,"author":{"gitId":"bkkuan"},"content":"}","lastModifiedDate":"2025-02-06","isFullCredit":false}],"authorContributionMap":{"bkkuan":27}},{"path":"text-ui-test/input.txt","fileType":"txt","lines":[{"lineNumber":1,"author":{"gitId":"bkkuan"},"content":"todo read book","lastModifiedDate":"2025-01-25","isFullCredit":false},{"lineNumber":2,"author":{"gitId":"bkkuan"},"content":"deadline return book /by Sunday","lastModifiedDate":"2025-01-25","isFullCredit":false},{"lineNumber":3,"author":{"gitId":"bkkuan"},"content":"event project meeting /from Monday /to Tuesday","lastModifiedDate":"2025-01-25","isFullCredit":false},{"lineNumber":4,"author":{"gitId":"bkkuan"},"content":"list","lastModifiedDate":"2025-01-25","isFullCredit":false},{"lineNumber":5,"author":{"gitId":"bkkuan"},"content":"bye","lastModifiedDate":"2025-01-25","isFullCredit":false}],"authorContributionMap":{"bkkuan":5}},{"path":"text-ui-test/runtest.bat","fileType":"bat","lines":[{"lineNumber":1,"author":{"gitId":"-"},"content":"@ECHO OFF","lastModifiedDate":"2020-05-25","isFullCredit":false},{"lineNumber":2,"author":{"gitId":"-"},"content":"","lastModifiedDate":"2020-05-25","isFullCredit":false},{"lineNumber":3,"author":{"gitId":"-"},"content":"REM create bin directory if it doesn\u0027t exist","lastModifiedDate":"2020-05-25","isFullCredit":false},{"lineNumber":4,"author":{"gitId":"-"},"content":"if not exist ..\\bin mkdir ..\\bin","lastModifiedDate":"2020-05-25","isFullCredit":false},{"lineNumber":5,"author":{"gitId":"-"},"content":"","lastModifiedDate":"2020-05-25","isFullCredit":false},{"lineNumber":6,"author":{"gitId":"-"},"content":"REM delete output from previous run","lastModifiedDate":"2020-05-25","isFullCredit":false},{"lineNumber":7,"author":{"gitId":"-"},"content":"if exist ACTUAL.TXT del ACTUAL.TXT","lastModifiedDate":"2020-08-25","isFullCredit":false},{"lineNumber":8,"author":{"gitId":"-"},"content":"","lastModifiedDate":"2020-05-25","isFullCredit":false},{"lineNumber":9,"author":{"gitId":"-"},"content":"REM compile the code into the bin folder","lastModifiedDate":"2020-05-25","isFullCredit":false},{"lineNumber":10,"author":{"gitId":"-"},"content":"javac  -cp ..\\src\\main\\java -Xlint:none -d ..\\bin ..\\src\\main\\java\\*.java","lastModifiedDate":"2020-08-25","isFullCredit":false},{"lineNumber":11,"author":{"gitId":"-"},"content":"IF ERRORLEVEL 1 (","lastModifiedDate":"2020-05-25","isFullCredit":false},{"lineNumber":12,"author":{"gitId":"-"},"content":"    echo ********** BUILD FAILURE **********","lastModifiedDate":"2020-05-25","isFullCredit":false},{"lineNumber":13,"author":{"gitId":"-"},"content":"    exit /b 1","lastModifiedDate":"2020-05-25","isFullCredit":false},{"lineNumber":14,"author":{"gitId":"-"},"content":")","lastModifiedDate":"2020-05-25","isFullCredit":false},{"lineNumber":15,"author":{"gitId":"-"},"content":"REM no error here, errorlevel \u003d\u003d 0","lastModifiedDate":"2020-05-25","isFullCredit":false},{"lineNumber":16,"author":{"gitId":"-"},"content":"","lastModifiedDate":"2020-05-25","isFullCredit":false},{"lineNumber":17,"author":{"gitId":"-"},"content":"REM run the program, feed commands from input.txt file and redirect the output to the ACTUAL.TXT","lastModifiedDate":"2020-05-25","isFullCredit":false},{"lineNumber":18,"author":{"gitId":"bkkuan"},"content":"java -classpath ..\\bin Bryan \u003c input.txt \u003e ACTUAL.TXT","lastModifiedDate":"2025-01-25","isFullCredit":false},{"lineNumber":19,"author":{"gitId":"-"},"content":"","lastModifiedDate":"2020-05-25","isFullCredit":false},{"lineNumber":20,"author":{"gitId":"-"},"content":"REM compare the output to the expected output","lastModifiedDate":"2020-05-25","isFullCredit":false},{"lineNumber":21,"author":{"gitId":"-"},"content":"FC ACTUAL.TXT EXPECTED.TXT","lastModifiedDate":"2020-05-25","isFullCredit":false}],"authorContributionMap":{"bkkuan":1,"-":20}}]
