{"authorDailyContributionsMap":{"ShiJianXi":[{"date":"2025-01-17","commitResults":[{"hash":"792a23892024defc2bae2c9149a41722106aca2a","isMergeCommit":false,"messageTitle":"Add a printchat method","messageBody":"","fileTypesAndContributionMap":{"java":{"insertions":27,"deletions":33}}},{"hash":"07ce781dee12957eb6a496f852d3f44d56af6098","isMergeCommit":false,"messageTitle":"Add deadline.java","messageBody":"","fileTypesAndContributionMap":{"java":{"insertions":35,"deletions":0}}},{"hash":"e3c726d50884b347c6f3a896cff1a4bac9f99a7d","isMergeCommit":false,"messageTitle":"Fix error in deadline query and add event.java","messageBody":"","fileTypesAndContributionMap":{"java":{"insertions":58,"deletions":3}}},{"hash":"40915ea514d300f964cecfa7df6cce26b739979c","isMergeCommit":false,"messageTitle":"Fix bug in event query","messageBody":"","fileTypesAndContributionMap":{"java":{"insertions":2,"deletions":2}}},{"hash":"dc65b72daef86b8ba15dc1ade993b4fdbadc8910","isMergeCommit":false,"messageTitle":"Done level-4","messageBody":"","tags":["Level-4"],"fileTypesAndContributionMap":{"java":{"insertions":3,"deletions":2}}}]},{"date":"2025-01-18","commitResults":[{"hash":"b79839985f43a575fa74b866f9d152bf979ca4ae","isMergeCommit":false,"messageTitle":"Complete semi-automatic testing up to level-4","messageBody":"","tags":["A-TextUiTesting"],"fileTypesAndContributionMap":{"txt":{"insertions":10,"deletions":0}}},{"hash":"ca4150e6489a7155cf327eb393190bc2e93ac978","isMergeCommit":false,"messageTitle":"Add createtodo in todo.java","messageBody":"","fileTypesAndContributionMap":{"java":{"insertions":23,"deletions":14}}},{"hash":"454178fe7482d80bf6342a9a1c9b2711390dbcee","isMergeCommit":false,"messageTitle":"Add createevent in event.java","messageBody":"","fileTypesAndContributionMap":{"java":{"insertions":33,"deletions":26}}},{"hash":"320c3766e333060faa1bbd4be0c893f55b4f2c2f","isMergeCommit":false,"messageTitle":"Add createdeadline in deadline.java","messageBody":"","fileTypesAndContributionMap":{"java":{"insertions":24,"deletions":17}}},{"hash":"caf7e45a5ea0bec697a0bf8513f6aad8a5f868cd","isMergeCommit":false,"messageTitle":"Add emptyparametereception for todo queries","messageBody":"","fileTypesAndContributionMap":{"java":{"insertions":36,"deletions":10}}},{"hash":"7ca1a8eaf4909519e3f8a895f4cd686e3bb5d0a4","isMergeCommit":false,"messageTitle":"Fix bug in todo queries","messageBody":"","fileTypesAndContributionMap":{"java":{"insertions":0,"deletions":1}}},{"hash":"dbb0e4a91cf0dfcad6dc3ec5a3f17a9496625867","isMergeCommit":false,"messageTitle":"Add exception testing for todo into a-textuitest","messageBody":"","fileTypesAndContributionMap":{"txt":{"insertions":1,"deletions":0}}},{"hash":"08713048811e414a5562dd4132fe7feda747eb42","isMergeCommit":false,"messageTitle":"Handle wrong query","messageBody":"","fileTypesAndContributionMap":{"java":{"insertions":6,"deletions":7}}},{"hash":"76d4a7aafe82fdb56eb32aa567f061d0d7e72820","isMergeCommit":false,"messageTitle":"Update a-textuitest to test for wrong query input","messageBody":"","fileTypesAndContributionMap":{"txt":{"insertions":1,"deletions":0}}},{"hash":"1b9b67564c08540a75d3be14d277a268eb4a48b7","isMergeCommit":false,"messageTitle":"Catch indexoutofbound exception for mark queries","messageBody":"","fileTypesAndContributionMap":{"java":{"insertions":22,"deletions":10}}},{"hash":"57ad64274d8cc48af0c97183085b30ee7a38c157","isMergeCommit":false,"messageTitle":"Update a-textui-test to test for exception handling for mark query","messageBody":"","fileTypesAndContributionMap":{"txt":{"insertions":12,"deletions":0}}},{"hash":"9e6c56fe56483ced10b8eec8005f77a7d7690701","isMergeCommit":false,"messageTitle":"Catch numberformationexception for mark queries","messageBody":"","fileTypesAndContributionMap":{"java":{"insertions":4,"deletions":0}}},{"hash":"8e271da23b73ea91f1b5382908e2c1b3aa012938","isMergeCommit":false,"messageTitle":"Add error to the error message for numberformationexception for mark queries","messageBody":"","fileTypesAndContributionMap":{"java":{"insertions":1,"deletions":1}}},{"hash":"57a5ac5881824e571e49f0e416d7ba97a3e220f9","isMergeCommit":false,"messageTitle":"Update a-textuitest to test for numberformatexception for mark queries","messageBody":"","fileTypesAndContributionMap":{"txt":{"insertions":1,"deletions":0}}},{"hash":"e3b6b6a1ee823568c5e6ab2fcf73c015cd0e70f8","isMergeCommit":false,"messageTitle":"Add exception handling for unmark queries","messageBody":"","fileTypesAndContributionMap":{"java":{"insertions":29,"deletions":39}}},{"hash":"c3a56dd00e1b53c5691da24b86c73ad45f291bed","isMergeCommit":false,"messageTitle":"Make exception handling for mark and unmark more specific","messageBody":"","fileTypesAndContributionMap":{"java":{"insertions":6,"deletions":6}}},{"hash":"bd8a3d9c9782eb8343692d9292e05510fb735791","isMergeCommit":false,"messageTitle":"Update a-textuitest to test for exception handling for unmark","messageBody":"","fileTypesAndContributionMap":{"txt":{"insertions":5,"deletions":1}}},{"hash":"22ec5361f8163caba235dd1b317ae7a1a6a51bca","isMergeCommit":false,"messageTitle":"Add exception handling for missing parameters for mark and unmark","messageBody":"","fileTypesAndContributionMap":{"java":{"insertions":12,"deletions":1}}},{"hash":"a4d16f415feb87c70c9757657d3c1d7c20184700","isMergeCommit":false,"messageTitle":"Update a-textuitest to test for missing parameters for mark and unmark","messageBody":"","fileTypesAndContributionMap":{"txt":{"insertions":3,"deletions":0}}},{"hash":"8054bd68f53a78071ac38836d1464f9cebdad2db","isMergeCommit":false,"messageTitle":"Add alreadymarkedexception.java to handle when a task is already mark","messageBody":"","fileTypesAndContributionMap":{"java":{"insertions":11,"deletions":1}}},{"hash":"61422fd5e01ed61efc6e072630ddaf572f649f93","isMergeCommit":false,"messageTitle":"Update a-textuitest to test for already marked exception","messageBody":"","fileTypesAndContributionMap":{"txt":{"insertions":1,"deletions":0}}},{"hash":"673cbf281be366a6c768941ffc5fa307c7cf4cb7","isMergeCommit":false,"messageTitle":"Handle exception whereby the users tries to unmark a task that is not yet marked","messageBody":"","fileTypesAndContributionMap":{"java":{"insertions":6,"deletions":1}}},{"hash":"305dc4eaa1db63b921c6138e566eb144210b2bb1","isMergeCommit":false,"messageTitle":"Update a-textuitest to test to handle the already marked exception","messageBody":"","fileTypesAndContributionMap":{"txt":{"insertions":3,"deletions":0}}},{"hash":"905fb2c26a949092021fbf781260689211723468","isMergeCommit":false,"messageTitle":"Rename emptyparameterexception to missingparameterexception","messageBody":"","fileTypesAndContributionMap":{"java":{"insertions":12,"deletions":12}}},{"hash":"24cc695bf16b307f433c8b3da5850593afeda60c","isMergeCommit":false,"messageTitle":"Add exception handling for missing parameters for deadline queries","messageBody":"","fileTypesAndContributionMap":{"java":{"insertions":15,"deletions":6}}},{"hash":"c654206ab83658c40b5d28d49bd30433f0a64003","isMergeCommit":false,"messageTitle":"Update a-textuitest to test for missing parameters for deadline queries","messageBody":"","fileTypesAndContributionMap":{"txt":{"insertions":3,"deletions":0}}},{"hash":"93163de7a2578099a0fc125e4231d280262cd653","isMergeCommit":false,"messageTitle":"Update a-textuitest","messageBody":"","fileTypesAndContributionMap":{"txt":{"insertions":1,"deletions":0}}},{"hash":"b76ea9886f85f2e6468af8869b60aa75fe9d45a1","isMergeCommit":false,"messageTitle":"Handle the case when there is missing description for deadline query","messageBody":"","fileTypesAndContributionMap":{"java":{"insertions":1,"deletions":1}}},{"hash":"b406f7d50fc6fe7ea4f033da5ac7b3dae8724cd5","isMergeCommit":false,"messageTitle":"Update a-textuitest to test for missing description for deadline queries","messageBody":"","fileTypesAndContributionMap":{"txt":{"insertions":1,"deletions":0}}}]},{"date":"2025-01-19","commitResults":[{"hash":"db5ed29222eb8f26d6ebae140df0a9e9cac03634","isMergeCommit":false,"messageTitle":"Handle missing parameter exception for event queries","messageBody":"","fileTypesAndContributionMap":{"java":{"insertions":18,"deletions":7}}},{"hash":"9b6089b951d8ab46d00f069edd51cbc2337deea5","isMergeCommit":false,"messageTitle":"Update a-textuitest to test for missing parameter exception for event queries","messageBody":"","fileTypesAndContributionMap":{"txt":{"insertions":15,"deletions":3}}},{"hash":"420d7f1067c437ea5fbdbfa707fe48089974fb22","isMergeCommit":false,"messageTitle":"Complete level-5 and code cleaned up","messageBody":"","tags":["Level-5"],"fileTypesAndContributionMap":{"java":{"insertions":47,"deletions":18}}},{"hash":"1f7a194ba1e5851171f7ac19c6b3229e210cb0fc","isMergeCommit":false,"messageTitle":"Add delete method to delete a task","messageBody":"","fileTypesAndContributionMap":{"java":{"insertions":20,"deletions":0}}},{"hash":"e649cd031f34060f4dc59ac72918dcf67fbfea4b","isMergeCommit":false,"messageTitle":"Update a-textuitest to test the delete queries","messageBody":"","fileTypesAndContributionMap":{"txt":{"insertions":7,"deletions":0}}},{"hash":"e295714614f6233b6b22f2deec4b715c9f57a70f","isMergeCommit":false,"messageTitle":"Add exception handling for delete queries","messageBody":"","fileTypesAndContributionMap":{"java":{"insertions":19,"deletions":7}}},{"hash":"2cd084b17066c12432307860bc3a4d2568758ba0","isMergeCommit":false,"messageTitle":"Handle the exception when user enter too many arguments for delete queries","messageBody":"","tags":["Level-6"],"fileTypesAndContributionMap":{"java":{"insertions":8,"deletions":0}}},{"hash":"969194ed4718bff36df56d7bde2e23a64ca6eb81","isMergeCommit":false,"messageTitle":"Update a-textuitest to test for delete exceptions","messageBody":"","fileTypesAndContributionMap":{"txt":{"insertions":8,"deletions":0}}},{"hash":"79a946a57c5c59fc531cb5e142fd7b0edbf72d45","isMergeCommit":false,"messageTitle":"Add enum action","messageBody":"","fileTypesAndContributionMap":{"java":{"insertions":31,"deletions":16}}},{"hash":"12edfab3978b841b90d4f4a1ac910004f3f9ce37","isMergeCommit":false,"messageTitle":"Complete a-enums and clean up some codes","messageBody":"","tags":["A-Enums"],"fileTypesAndContributionMap":{"java":{"insertions":14,"deletions":1}}}]}]},"authorFileTypeContributionMap":{"ShiJianXi":{"java":329,"md":0,"fxml":0,"sh":0,"bat":0,"gradle":0,"txt":68}},"authorContributionVariance":{"ShiJianXi":13184.89},"authorDisplayNameMap":{"ShiJianXi":"SHI ..ANXI"}}
