{"authorDailyContributionsMap":{"J4Joshua":[{"date":"2025-01-23","commitResults":[{"hash":"e12fff2d9679c99b39ff1bcb4331690877601876","isMergeCommit":false,"messageTitle":"Level 0. Rename, Greet, Exit","messageBody":"","tags":["Level-0"],"fileTypesAndContributionMap":{"java":{"insertions":12,"deletions":10},"bat":{"insertions":1,"deletions":1},"md":{"insertions":3,"deletions":3}}},{"hash":"14d7668482dacf5462d448e791af5f59171ecb47","isMergeCommit":false,"messageTitle":"Level 2. Add, List","messageBody":"","fileTypesAndContributionMap":{"java":{"insertions":34,"deletions":3}}},{"hash":"6f60b4073c981d8d1ee37d6e8889bbfbc9fc63ad","isMergeCommit":false,"messageTitle":"Level 1. Echo","messageBody":"","tags":["Level-1"],"fileTypesAndContributionMap":{"java":{"insertions":1,"deletions":11}}},{"hash":"c02df8d6a1ad8c6644cd3a5a9424e6011d894200","isMergeCommit":false,"messageTitle":"Level 2. Add, List","messageBody":"","tags":["Level-2"],"fileTypesAndContributionMap":{"java":{"insertions":11,"deletions":1}}},{"hash":"9fcdf91f1a8312d6085bdd8ebfe41f4a698a6699","isMergeCommit":false,"messageTitle":"Level 3. Mark as Done","messageBody":"","tags":["Level-3"],"fileTypesAndContributionMap":{"java":{"insertions":54,"deletions":4}}},{"hash":"7b0c509e076d0eb5b2b54c55b25bd916a6d40bd5","isMergeCommit":false,"messageTitle":"Level 4. ToDos, Events, Deadlines","messageBody":"","tags":["Level-4"],"fileTypesAndContributionMap":{"java":{"insertions":80,"deletions":2}}},{"hash":"59389b5b2c949a596055b0610635aa0fb5fca629","isMergeCommit":false,"messageTitle":"Automated Text UI Testing","messageBody":"","tags":["A-TextUiTesting"],"fileTypesAndContributionMap":{"txt":{"insertions":9,"deletions":0},"sh":{"insertions":1,"deletions":1}}}]},{"date":"2025-01-24","commitResults":[{"hash":"54cc4d0799b4a5468518cba0f8323feaee4c3661","isMergeCommit":false,"messageTitle":"Level 5. Handle Errors","messageBody":"","tags":["Level-5"],"fileTypesAndContributionMap":{"java":{"insertions":118,"deletions":75}}},{"hash":"6a40c21af9e3175676e3f28602ffed2a48655cb2","isMergeCommit":false,"messageTitle":"Level 6. Delete","messageBody":"","tags":["Level-6"],"fileTypesAndContributionMap":{"java":{"insertions":19,"deletions":0}}},{"hash":"d6f2ad56650999a76427c3a32c8d858600dcaa7e","isMergeCommit":false,"messageTitle":"Use Enums","messageBody":"","tags":["A-Enums"],"fileTypesAndContributionMap":{"java":{"insertions":23,"deletions":9}}}]},{"date":"2025-02-01","commitResults":[{"hash":"d3938662533811aed4cceab281761c70d4833b83","isMergeCommit":false,"messageTitle":"Level 7. Save","messageBody":"","fileTypesAndContributionMap":{"txt":{"insertions":2,"deletions":0},"java":{"insertions":101,"deletions":1}}},{"hash":"526cda1f26c0cd0662b72d34b01d8335828cb931","isMergeCommit":true,"messageTitle":"Merge Level 7 implementation","messageBody":"","tags":["Level-7"],"fileTypesAndContributionMap":{}}]},{"date":"2025-02-02","commitResults":[{"hash":"5550ae756a87c255780dd3610d8f02f7637849bf","isMergeCommit":true,"messageTitle":"Merge remote-tracking branch \u0027upstream/add-gradle-support\u0027 merge add-gradle-support","messageBody":"","fileTypesAndContributionMap":{}},{"hash":"89414a7c1c3f6c393957627b7ac1c4215cfcddd9","isMergeCommit":false,"messageTitle":"A-MoreOOP","messageBody":"","fileTypesAndContributionMap":{"txt":{"insertions":3,"deletions":1},"java":{"insertions":319,"deletions":248}}},{"hash":"23640c06ac9927c47491fe99590843869125ea3f","isMergeCommit":false,"messageTitle":"A-Packages","messageBody":"","fileTypesAndContributionMap":{"txt":{"insertions":1,"deletions":0},"java":{"insertions":304,"deletions":282}}},{"hash":"1c409e20a8a2f20c10d1a10a447b656c9c23ddc6","isMergeCommit":false,"messageTitle":"add dates","messageBody":"","fileTypesAndContributionMap":{"gradle":{"insertions":1,"deletions":1},"txt":{"insertions":1,"deletions":5},"java":{"insertions":41,"deletions":20}}},{"hash":"c48883e42be75e736ab2efcde70d3a72ab7c9359","isMergeCommit":false,"messageTitle":"add more OOP (done before level 8)","messageBody":"","tags":["Level-8"],"fileTypesAndContributionMap":{"java":{"insertions":1,"deletions":1}}},{"hash":"70452ccbf263e98c64a1a402af4dee23ac35f64a","isMergeCommit":false,"messageTitle":"add JUnit tests","messageBody":"","tags":["A-Jar","A-JUnit"],"fileTypesAndContributionMap":{"java":{"insertions":60,"deletions":0}}},{"hash":"0198b87dee26a2c0c99275efe4fd184e5ec4d96e","isMergeCommit":false,"messageTitle":"clean","messageBody":"","fileTypesAndContributionMap":{"gradle":{"insertions":1,"deletions":2}}},{"hash":"f6de6af9a87122a468a4292cd9b7b8adab095929","isMergeCommit":false,"messageTitle":"add javadoc","messageBody":"","tags":["A-JavaDoc"],"fileTypesAndContributionMap":{"java":{"insertions":28,"deletions":0}}},{"hash":"1ffe9765ea5da6e0dd57053ff1033a2ace3c4fd4","isMergeCommit":false,"messageTitle":"fix coding standard","messageBody":"","fileTypesAndContributionMap":{"java":{"insertions":10,"deletions":6}}},{"hash":"6ef4290e978eb2e0a9095aafb9012add8713bdac","isMergeCommit":true,"messageTitle":"merge A-CodingStandard","messageBody":"","fileTypesAndContributionMap":{}},{"hash":"f6fff457737cd98256f8be2f90acbd1c25c0bb2c","isMergeCommit":false,"messageTitle":"add find and add parser and add command","messageBody":"","fileTypesAndContributionMap":{"txt":{"insertions":1,"deletions":1},"java":{"insertions":304,"deletions":121}}},{"hash":"6fa4cd61a352a5b4f667725009d6ad361e834141","isMergeCommit":true,"messageTitle":"resolved conflicts","messageBody":"","tags":["A-Packages","A-Gradle"],"fileTypesAndContributionMap":{}}]},{"date":"2025-02-05","commitResults":[{"hash":"b4218c1988e344be1479e3cd3f7d7dcc40374f03","isMergeCommit":false,"messageTitle":"Fix coding standard","messageBody":"","tags":["A-CodingStandard"],"fileTypesAndContributionMap":{"java":{"insertions":1,"deletions":1}}},{"hash":"e875745ea77a12ab3da57b276c1f4e6dc0ca85ce","isMergeCommit":false,"messageTitle":"Add find function","messageBody":"","tags":["Level-9"],"fileTypesAndContributionMap":{"java":{"insertions":1,"deletions":1}}}]},{"date":"2025-02-09","commitResults":[{"hash":"30688dff41418dad60693e08e1af0f7e65f4711d","isMergeCommit":false,"messageTitle":"fix coding style","messageBody":"","tags":["A-CheckStyle"],"fileTypesAndContributionMap":{"gradle":{"insertions":5,"deletions":0},"java":{"insertions":289,"deletions":66}}}]}]},"authorFileTypeContributionMap":{"J4Joshua":{"java":953,"md":3,"fxml":0,"sh":1,"bat":1,"gradle":7,"txt":10}},"authorContributionVariance":{"J4Joshua":100921.59},"authorDisplayNameMap":{"J4Joshua":"CS2103T-W12-2 JOSH.. JIE"}}
