{"authorDailyContributionsMap":{"nictjh":[{"date":"2025-01-20","commitResults":[{"hash":"44f706f9ebcb582b876615bee9b6e9674d9651fe","isMergeCommit":false,"messageTitle":"Changed to Solace","messageBody":"","tags":["Level-0"],"fileTypesAndContributionMap":{"java":{"insertions":15,"deletions":10},"md":{"insertions":1,"deletions":1}}}]},{"date":"2025-01-22","commitResults":[{"hash":"5e5c5b36d848441ec2ef80dc5d8c6a25d375414c","isMergeCommit":false,"messageTitle":"Add echo capabilities","messageBody":"","tags":["Level-1"],"fileTypesAndContributionMap":{"java":{"insertions":73,"deletions":15}}},{"hash":"7611ca95d723110373487bcd26d8ef7b82e70f54","isMergeCommit":false,"messageTitle":"Add list ability","messageBody":"","tags":["Level-2"],"fileTypesAndContributionMap":{"java":{"insertions":87,"deletions":4}}},{"hash":"ba9ab407b872e8af0cedb72c44ef63f4381745c9","isMergeCommit":false,"messageTitle":"Add marking ability","messageBody":"","tags":["Level-3"],"fileTypesAndContributionMap":{"java":{"insertions":53,"deletions":10}}},{"hash":"e0ba7dca0dcd791f37782de4c6deb5c5397cd5e7","isMergeCommit":false,"messageTitle":"Add different tasks","messageBody":"","tags":["Level-4"],"fileTypesAndContributionMap":{"java":{"insertions":113,"deletions":13}}}]},{"date":"2025-01-23","commitResults":[{"hash":"c08b63222984781454ecb464c96050fa3a68a8f9","isMergeCommit":false,"messageTitle":"Implement automated text testing","messageBody":"","tags":["A-TextUiTesting"],"fileTypesAndContributionMap":{"txt":{"insertions":14,"deletions":0},"java":{"insertions":13,"deletions":7},"sh":{"insertions":10,"deletions":5}}},{"hash":"738ae62cf8a4183095784d6f3e245eec5bf75862","isMergeCommit":false,"messageTitle":"Add exception handling","messageBody":"","tags":["Level-5"],"fileTypesAndContributionMap":{"java":{"insertions":162,"deletions":69}}},{"hash":"1971b1f8f34ebbea159c716a459029b2fc2b7287","isMergeCommit":false,"messageTitle":"Add deleting tasks ability","messageBody":"","tags":["Level-6"],"fileTypesAndContributionMap":{"java":{"insertions":29,"deletions":1}}}]},{"date":"2025-02-01","commitResults":[{"hash":"603fc3c4a94482bd72bc93d853ac3eff330e67c8","isMergeCommit":false,"messageTitle":"Add save and load ability","messageBody":"","fileTypesAndContributionMap":{"java":{"insertions":152,"deletions":10}}},{"hash":"184ce7966907971209c084f9810a0cf97b4653fe","isMergeCommit":true,"messageTitle":"Merge branch with save and load functions","messageBody":"","tags":["Level-7"],"fileTypesAndContributionMap":{}},{"hash":"562dc4f1d2523b9a6b177915831ca3fd9ee3f4da","isMergeCommit":false,"messageTitle":"Add date and time recognition and find","messageBody":"","fileTypesAndContributionMap":{"java":{"insertions":306,"deletions":10}}},{"hash":"62e73d6f542387d874d9d2ce443943900df3bda6","isMergeCommit":true,"messageTitle":"Merge branch with date, time and find function","messageBody":"","tags":["Level-8"],"fileTypesAndContributionMap":{}}]},{"date":"2025-02-02","commitResults":[{"hash":"118abb4f80c1c5fcee2e97b788ec1b528b235b19","isMergeCommit":false,"messageTitle":"Add new classes and refactor","messageBody":"","fileTypesAndContributionMap":{"java":{"insertions":465,"deletions":233}}},{"hash":"ad9c9a4089ed3dcdcad22a124db8711c13b0a225","isMergeCommit":true,"messageTitle":"Merge branch with new oop","messageBody":"","tags":["A-MoreOOP"],"fileTypesAndContributionMap":{}},{"hash":"e4bd94c5367d5096c7fe646b30bbb8c54271c506","isMergeCommit":false,"messageTitle":"Edit white spaces and structure","messageBody":"","fileTypesAndContributionMap":{"java":{"insertions":11,"deletions":40}}},{"hash":"38db8b819086cd2384f997de57d497a83988f280","isMergeCommit":true,"messageTitle":"Merge branch \u0027branch-A-Packages\u0027 Merge branch with package structure","messageBody":"","tags":["A-Packages"],"fileTypesAndContributionMap":{}},{"hash":"8c49b4c5b4f42eaefcac27e51223b68a67e97420","isMergeCommit":false,"messageTitle":"Modify slightly","messageBody":"","fileTypesAndContributionMap":{"txt":{"insertions":9,"deletions":1},"md":{"insertions":1,"deletions":1}}},{"hash":"400fc11f6618133b0be8795ac63578d4df7780d1","isMergeCommit":true,"messageTitle":"Merge branch \u0027branch-testing\u0027 Merge branch with the slight modifications","messageBody":"","tags":["TestingChanges"],"fileTypesAndContributionMap":{}},{"hash":"90e6f43808e1c3b6f837c12740c85705f841c7a0","isMergeCommit":true,"messageTitle":"Merge branch \u0027add-gradle-support\u0027 Merging branch to have gradle support","messageBody":"","fileTypesAndContributionMap":{}},{"hash":"d9a706f85cf0c6109ce7840e4f85aebd650e9e95","isMergeCommit":false,"messageTitle":"Add checkstyle from addressbook","messageBody":"","fileTypesAndContributionMap":{"gradle":{"insertions":8,"deletions":3}}},{"hash":"9caa7c5ad32cfe13fe97701e4c23041170ca19af","isMergeCommit":true,"messageTitle":"Merge branch with updated gradle info","messageBody":"","tags":["A-Gradle"],"fileTypesAndContributionMap":{}},{"hash":"0126450b880d170fc16882fa681e9617f1ba3a51","isMergeCommit":false,"messageTitle":"Add JUnit test for two methods","messageBody":"","fileTypesAndContributionMap":{"java":{"insertions":24,"deletions":7}}},{"hash":"254b4153668e05a840a651e3da3092f6f58949c8","isMergeCommit":false,"messageTitle":"Add the two classes for testing","messageBody":"","fileTypesAndContributionMap":{"java":{"insertions":109,"deletions":0}}},{"hash":"c152263c912d4fbd127eaed87d79301fd71af12b","isMergeCommit":true,"messageTitle":"Merge branch \u0027branch-A-JUnit\u0027 Merge branch with some JUnit tests","messageBody":"","tags":["A-JUnit"],"fileTypesAndContributionMap":{}},{"hash":"b0cdc406d90c010c73fbe60c815d50be99f8243b","isMergeCommit":false,"messageTitle":"Modify code to build jar file","messageBody":"","fileTypesAndContributionMap":{"gradle":{"insertions":9,"deletions":3}}},{"hash":"4900ff4d2bb737f7a19fbf333963c059d1b5ab8f","isMergeCommit":true,"messageTitle":"Merge branch with the build details","messageBody":"","tags":["A-Jar"],"fileTypesAndContributionMap":{}},{"hash":"7de3e5d9fe675f0469e430cd2fa844d7c3a2544e","isMergeCommit":false,"messageTitle":"Add JavaDocs for methods and class","messageBody":"","fileTypesAndContributionMap":{"java":{"insertions":398,"deletions":28}}},{"hash":"868bc923fb78ba3893291c68caad58a43ad3f558","isMergeCommit":true,"messageTitle":"Merge branch \u0027branch-A-JavaDoc\u0027 Merge branch with javaDocs written","messageBody":"","tags":["A-JavaDoc"],"fileTypesAndContributionMap":{}},{"hash":"0df0cc7aee94a9ebe8ff835a20bf236e4a0f6296","isMergeCommit":false,"messageTitle":"Improve on checkstyle","messageBody":"","fileTypesAndContributionMap":{"java":{"insertions":92,"deletions":77}}},{"hash":"695a942325b06046dbd7015532090bf25bc2c829","isMergeCommit":true,"messageTitle":"Merge branch \u0027branch-A-CodingStandard\u0027 with conflict resolution","messageBody":"","tags":["A-CodingStandard"],"fileTypesAndContributionMap":{}},{"hash":"a10cece2ad2853176bd18fae26c4cf66065c329a","isMergeCommit":false,"messageTitle":"Fix missing import due to merge resolution","messageBody":"","tags":["MissingImport"],"fileTypesAndContributionMap":{"java":{"insertions":1,"deletions":0}}},{"hash":"6a4826aa24f36de33fce1ad01161b930bcb8000d","isMergeCommit":false,"messageTitle":"Add find ability and JavaDocs for JUnit","messageBody":"","fileTypesAndContributionMap":{"java":{"insertions":41,"deletions":1}}},{"hash":"26aabb8d5f792b70b4e488343b3413d8da735759","isMergeCommit":true,"messageTitle":"Merge branch with find function and more JavaDocs","messageBody":"","tags":["Level-9"],"fileTypesAndContributionMap":{}}]}]},"authorFileTypeContributionMap":{"nictjh":{"java":1614,"md":1,"fxml":0,"sh":10,"bat":0,"gradle":14,"txt":22}},"authorContributionVariance":{"nictjh":107775.9},"authorDisplayNameMap":{"nictjh":"CS2103T-T14-1 TOK ..OLAS"}}
