{"authorDailyContributionsMap":{"chuahziyang":[{"date":"2025-01-24","commitResults":[{"hash":"c9442dfb6daacec95406b54a91a2dc883fcbabad","isMergeCommit":false,"messageTitle":"Level-0","messageBody":"","fileTypesAndContributionMap":{"java":{"insertions":10,"deletions":10}}},{"hash":"c2f1d4454d9e515621d7456504abfbbe326d1615","isMergeCommit":false,"messageTitle":"Level-1","messageBody":"","fileTypesAndContributionMap":{"java":{"insertions":11,"deletions":0}}},{"hash":"96d1a126c45b9ae8561a806b40c8d85f1270811a","isMergeCommit":false,"messageTitle":"Level-2","messageBody":"","fileTypesAndContributionMap":{"java":{"insertions":17,"deletions":3}}},{"hash":"39ac5867e16f787fdadf12590ce71a39468856dc","isMergeCommit":false,"messageTitle":"Level-3","messageBody":"","fileTypesAndContributionMap":{"java":{"insertions":46,"deletions":13}}},{"hash":"f3222aa3cd9e8dcfc5aa009810f1210798e375d4","isMergeCommit":false,"messageTitle":"Level-4","messageBody":"","fileTypesAndContributionMap":{"java":{"insertions":42,"deletions":5}}}]},{"date":"2025-01-31","commitResults":[{"hash":"907b26d68b94b79cc70a56df9b5787273ccfd388","isMergeCommit":false,"messageTitle":"A-TextUiTesting","messageBody":"","fileTypesAndContributionMap":{"txt":{"insertions":2,"deletions":0},"java":{"insertions":5,"deletions":3},"bat":{"insertions":1,"deletions":1}}},{"hash":"99113651758ff4f4b066bb5125e43b0a1f787f48","isMergeCommit":false,"messageTitle":"Level-5","messageBody":"","fileTypesAndContributionMap":{"java":{"insertions":43,"deletions":37}}},{"hash":"45fccdb03d3c9863adea5541f5980b531aca2191","isMergeCommit":false,"messageTitle":"Level-6","messageBody":"","tags":["Level-6","Level-5","Level-4","Level-3","Level-2","Level-1","Level-0","Level-","A-TextUiTesting"],"fileTypesAndContributionMap":{"java":{"insertions":17,"deletions":1}}},{"hash":"01a5fd026fb375f7e434b6fb2e5604b046c2d0a8","isMergeCommit":false,"messageTitle":"Level-7","messageBody":"","tags":["Level-7"],"fileTypesAndContributionMap":{"java":{"insertions":35,"deletions":5}}},{"hash":"c43cf1a770fcda30dfffb7cf5d3906fb4d9e4468","isMergeCommit":false,"messageTitle":"refac","messageBody":"","fileTypesAndContributionMap":{"java":{"insertions":68,"deletions":68}}},{"hash":"f50323f92c180fdf730810bd65ebcc2b650b7943","isMergeCommit":false,"messageTitle":"Level-8","messageBody":"","tags":["Level-8"],"fileTypesAndContributionMap":{"java":{"insertions":11,"deletions":7}}},{"hash":"1d98560b388f189c57dab01e8ef21b82b65693f2","isMergeCommit":false,"messageTitle":"A-MoreOOP","messageBody":"","tags":["A-MoreOOP"],"fileTypesAndContributionMap":{"java":{"insertions":135,"deletions":80}}},{"hash":"7aeb6dd587212023759a7ffcf2e3c937fac9aab0","isMergeCommit":false,"messageTitle":"A-Packages","messageBody":"","tags":["A-Packages"],"fileTypesAndContributionMap":{"java":{"insertions":8,"deletions":1}}},{"hash":"c7cb8912c49a7578939e891823c41051d9e05816","isMergeCommit":true,"messageTitle":"Merge remote-tracking branch \u0027origin/add-gradle-support\u0027","messageBody":"","fileTypesAndContributionMap":{}},{"hash":"c46b2059751c398f93c18b93c1e02ece8371885a","isMergeCommit":false,"messageTitle":"A-Gradle","messageBody":"","tags":["A-Gradle"],"fileTypesAndContributionMap":{"gradle":{"insertions":1,"deletions":1}}},{"hash":"bdf33944d665155de5e3cb8a3ba409a1fb3a2306","isMergeCommit":false,"messageTitle":"A-JUnit","messageBody":"","tags":["A-Jar","A-JUnit"],"fileTypesAndContributionMap":{"java":{"insertions":19,"deletions":0}}},{"hash":"bed7ff0de59c934def404e454245db846ab06fce","isMergeCommit":false,"messageTitle":"Level-9","messageBody":"","tags":["Level-9"],"fileTypesAndContributionMap":{"java":{"insertions":10,"deletions":0}}},{"hash":"717778dec3228eec4ab1b9de3a1c38c501761adc","isMergeCommit":false,"messageTitle":"A-JavaDoc","messageBody":"","tags":["A-JavaDoc"],"fileTypesAndContributionMap":{"java":{"insertions":75,"deletions":12}}}]},{"date":"2025-02-01","commitResults":[{"hash":"218eaf391b7aa813c0f80cf8895fed324ddad09f","isMergeCommit":false,"messageTitle":"A-CodingStandard","messageBody":"","tags":["A-CodingStandard"],"fileTypesAndContributionMap":{"gradle":{"insertions":1,"deletions":1},"java":{"insertions":126,"deletions":127},"md":{"insertions":20,"deletions":13}}},{"hash":"cc44982f95db9aa0565ef8e75c18e26369c93fe0","isMergeCommit":true,"messageTitle":"Merge tag \u0027A-javaDoc\u0027","messageBody":"","fileTypesAndContributionMap":{}},{"hash":"d2ff22c233a2185e7af39ebf04b46ac6f88e4efc","isMergeCommit":true,"messageTitle":"Merge tag \u0027Level-9\u0027","messageBody":"","fileTypesAndContributionMap":{}},{"hash":"fb27d014b403af59e75999e4ccae07759c98fae7","isMergeCommit":false,"messageTitle":"update","messageBody":"","tags":["A-CheckStyle"],"fileTypesAndContributionMap":{"java":{"insertions":0,"deletions":5}}}]},{"date":"2025-02-11","commitResults":[{"hash":"d8e317574bf7a15cecb81b453d8159545de84e78","isMergeCommit":false,"messageTitle":"added checkstyle","messageBody":"","fileTypesAndContributionMap":{"gradle":{"insertions":5,"deletions":0},"java":{"insertions":0,"deletions":42}}},{"hash":"adfd1841f060b5f820f3ff349fc01db53443a7d0","isMergeCommit":false,"messageTitle":"part 3","messageBody":"","fileTypesAndContributionMap":{"gradle":{"insertions":15,"deletions":1},"java":{"insertions":170,"deletions":0}}},{"hash":"5d2e735f39cca6f452673a99e588b5be1899526d","isMergeCommit":false,"messageTitle":"extract to fxml","messageBody":"","tags":["Level-10","A-CodeQuality","A-Assertions"],"fileTypesAndContributionMap":{"fxml":{"insertions":65,"deletions":0},"java":{"insertions":104,"deletions":117}}},{"hash":"6bc1299f5fb6640849d97b94a226d4778941bafe","isMergeCommit":false,"messageTitle":"Level-10 done","messageBody":"","fileTypesAndContributionMap":{"java":{"insertions":32,"deletions":41}}}]},{"date":"2025-02-23","commitResults":[{"hash":"0f1d966ceee0405ea3c9f72a9e68a0db8339548d","isMergeCommit":false,"messageTitle":"finish branch-level-10 alr","messageBody":"","fileTypesAndContributionMap":{"java":{"insertions":2,"deletions":0}}},{"hash":"c70d0ab1bfdf26e4b199702531f4fcedaf0276f5","isMergeCommit":true,"messageTitle":"Merge remote-tracking branch \u0027origin/Level-10\u0027","messageBody":"","fileTypesAndContributionMap":{}}]}]},"authorFileTypeContributionMap":{"chuahziyang":{"java":450,"md":14,"fxml":65,"sh":0,"bat":1,"gradle":20,"txt":2}},"authorContributionVariance":{"chuahziyang":18106.96},"authorDisplayNameMap":{"chuahziyang":"CS2103T-T15-4 CHUA..YANG"}}
