{"authorDailyContributionsMap":{"chuahziyang":[{"date":"2025-01-24","commitResults":[{"hash":"c9442dfb6daacec95406b54a91a2dc883fcbabad","isMergeCommit":false,"messageTitle":"Level-0","messageBody":"","fileTypesAndContributionMap":{"java":{"insertions":10,"deletions":10}}},{"hash":"c2f1d4454d9e515621d7456504abfbbe326d1615","isMergeCommit":false,"messageTitle":"Level-1","messageBody":"","fileTypesAndContributionMap":{"java":{"insertions":11,"deletions":0}}},{"hash":"96d1a126c45b9ae8561a806b40c8d85f1270811a","isMergeCommit":false,"messageTitle":"Level-2","messageBody":"","fileTypesAndContributionMap":{"java":{"insertions":17,"deletions":3}}},{"hash":"39ac5867e16f787fdadf12590ce71a39468856dc","isMergeCommit":false,"messageTitle":"Level-3","messageBody":"","fileTypesAndContributionMap":{"java":{"insertions":46,"deletions":13}}},{"hash":"f3222aa3cd9e8dcfc5aa009810f1210798e375d4","isMergeCommit":false,"messageTitle":"Level-4","messageBody":"","fileTypesAndContributionMap":{"java":{"insertions":42,"deletions":5}}}]},{"date":"2025-01-31","commitResults":[{"hash":"907b26d68b94b79cc70a56df9b5787273ccfd388","isMergeCommit":false,"messageTitle":"A-TextUiTesting","messageBody":"","fileTypesAndContributionMap":{"txt":{"insertions":2,"deletions":0},"java":{"insertions":5,"deletions":3},"bat":{"insertions":1,"deletions":1}}},{"hash":"99113651758ff4f4b066bb5125e43b0a1f787f48","isMergeCommit":false,"messageTitle":"Level-5","messageBody":"","fileTypesAndContributionMap":{"java":{"insertions":43,"deletions":37}}},{"hash":"45fccdb03d3c9863adea5541f5980b531aca2191","isMergeCommit":false,"messageTitle":"Level-6","messageBody":"","tags":["Level-6","Level-5","Level-4","Level-3","Level-2","Level-1","Level-0","Level-","A-TextUiTesting"],"fileTypesAndContributionMap":{"java":{"insertions":17,"deletions":1}}}]}]},"authorFileTypeContributionMap":{"chuahziyang":{"java":129,"md":0,"fxml":0,"sh":0,"bat":1,"gradle":0,"txt":2}},"authorContributionVariance":{"chuahziyang":1523.1176},"authorDisplayNameMap":{"chuahziyang":"CS2103T-T15-4 CHUA..YANG"}}
