{"authorDailyContributionsMap":{"minhkiwi14":[{"date":"2025-01-20","commitResults":[{"hash":"b06184c2627e8a413bde84450bcdf456de3eea60","isMergeCommit":false,"messageTitle":"Rename main class","messageBody":"","fileTypesAndContributionMap":{"java":{"insertions":1,"deletions":1}}},{"hash":"1527d0ed010db3c94365c86c735a26b616c0b5a4","isMergeCommit":false,"messageTitle":"Change the logo","messageBody":"","fileTypesAndContributionMap":{"java":{"insertions":7,"deletions":6}}},{"hash":"a451a8a0581373d1a0d89fecaedc29c3804cd305","isMergeCommit":false,"messageTitle":"Add greeting and exiting","messageBody":"","tags":["Level-0"],"fileTypesAndContributionMap":{"java":{"insertions":5,"deletions":0}}},{"hash":"885068f7826e91ea2b29af6a3b3752d016290644","isMergeCommit":false,"messageTitle":"Update the project name","messageBody":"","fileTypesAndContributionMap":{"bat":{"insertions":1,"deletions":1},"md":{"insertions":3,"deletions":3}}},{"hash":"c7c860daf4eb88605471a4364661d04fd978b54c","isMergeCommit":false,"messageTitle":"Add support for echo","messageBody":"","tags":["Level-1"],"fileTypesAndContributionMap":{"java":{"insertions":16,"deletions":1}}},{"hash":"84b70b1e7a851d921483b4d4f4fb5e2b3bd317fb","isMergeCommit":false,"messageTitle":"Add indentation and horizontal lines","messageBody":"","fileTypesAndContributionMap":{"java":{"insertions":10,"deletions":5}}},{"hash":"d8f1f6cdd99b7a85b8abf15229c2c1dd184716cf","isMergeCommit":false,"messageTitle":"Add support for add and list","messageBody":"","tags":["Level-2"],"fileTypesAndContributionMap":{"java":{"insertions":25,"deletions":2}}}]},{"date":"2025-01-22","commitResults":[{"hash":"9bdfd3e1327a49c6c40b57dd2061bebe684808a0","isMergeCommit":false,"messageTitle":"Add class Task","messageBody":"","tags":["A-Classes"],"fileTypesAndContributionMap":{"java":{"insertions":26,"deletions":0}}},{"hash":"8087054877d44c77215d9df1f0e76c080640c284","isMergeCommit":false,"messageTitle":"Add support for done and undone","messageBody":"","tags":["Level-3"],"fileTypesAndContributionMap":{"java":{"insertions":14,"deletions":4}}}]}]},"authorFileTypeContributionMap":{"minhkiwi14":{"java":92,"md":3,"fxml":0,"sh":0,"bat":1,"gradle":0,"txt":0}},"authorContributionVariance":{"minhkiwi14":1107.472},"authorDisplayNameMap":{"minhkiwi14":"NGUY..MINH"}}
