{"authorDailyContributionsMap":{"minhkiwi14":[{"date":"2025-01-20T00:00:00","commitResults":[{"hash":"b06184c2627e8a413bde84450bcdf456de3eea60","isMergeCommit":false,"messageTitle":"Rename main class","messageBody":"","fileTypesAndContributionMap":{"java":{"insertions":1,"deletions":1}}},{"hash":"1527d0ed010db3c94365c86c735a26b616c0b5a4","isMergeCommit":false,"messageTitle":"Change the logo","messageBody":"","fileTypesAndContributionMap":{"java":{"insertions":7,"deletions":6}}},{"hash":"a451a8a0581373d1a0d89fecaedc29c3804cd305","isMergeCommit":false,"messageTitle":"Add greeting and exiting","messageBody":"","tags":["Level-0"],"fileTypesAndContributionMap":{"java":{"insertions":5,"deletions":0}}},{"hash":"885068f7826e91ea2b29af6a3b3752d016290644","isMergeCommit":false,"messageTitle":"Update the project name","messageBody":"","fileTypesAndContributionMap":{"bat":{"insertions":1,"deletions":1},"md":{"insertions":3,"deletions":3}}},{"hash":"c7c860daf4eb88605471a4364661d04fd978b54c","isMergeCommit":false,"messageTitle":"Add support for echo","messageBody":"","tags":["Level-1"],"fileTypesAndContributionMap":{"java":{"insertions":16,"deletions":1}}},{"hash":"84b70b1e7a851d921483b4d4f4fb5e2b3bd317fb","isMergeCommit":false,"messageTitle":"Add indentation and horizontal lines","messageBody":"","fileTypesAndContributionMap":{"java":{"insertions":10,"deletions":5}}},{"hash":"d8f1f6cdd99b7a85b8abf15229c2c1dd184716cf","isMergeCommit":false,"messageTitle":"Add support for add and list","messageBody":"","tags":["Level-2"],"fileTypesAndContributionMap":{"java":{"insertions":25,"deletions":2}}}]},{"date":"2025-01-22T00:00:00","commitResults":[{"hash":"9bdfd3e1327a49c6c40b57dd2061bebe684808a0","isMergeCommit":false,"messageTitle":"Add class Task","messageBody":"","tags":["A-Classes"],"fileTypesAndContributionMap":{"java":{"insertions":26,"deletions":0}}},{"hash":"8087054877d44c77215d9df1f0e76c080640c284","isMergeCommit":false,"messageTitle":"Add support for done and undone","messageBody":"","tags":["Level-3"],"fileTypesAndContributionMap":{"java":{"insertions":14,"deletions":4}}}]},{"date":"2025-01-23T00:00:00","commitResults":[{"hash":"09b912ec00d62e4888eb0d23762577112711ca63","isMergeCommit":false,"messageTitle":"Add class Todo, Deadline and Event","messageBody":"","tags":["A-Inheritance"],"fileTypesAndContributionMap":{"java":{"insertions":38,"deletions":0}}},{"hash":"3f9d80651609ba65912b20b6f093e4984fb53f7a","isMergeCommit":false,"messageTitle":"Add support for todo, deadline and event","messageBody":"","tags":["Level-4"],"fileTypesAndContributionMap":{"java":{"insertions":33,"deletions":8}}},{"hash":"dc30c7b6c078c9ad120d642f4446b7fdb5bbd167","isMergeCommit":false,"messageTitle":"Improve the printing","messageBody":"","fileTypesAndContributionMap":{"java":{"insertions":8,"deletions":4}}}]},{"date":"2025-01-24T00:00:00","commitResults":[{"hash":"19094ede12fda31694c8e121557cd2c764c439e0","isMergeCommit":false,"messageTitle":"Add automated text UI testing","messageBody":"","tags":["A-TextUiTesting"],"fileTypesAndContributionMap":{"txt":{"insertions":11,"deletions":0}}},{"hash":"fb7ddfb3353ece1e17c6386bca2f177696ed8249","isMergeCommit":false,"messageTitle":"Add class for handling exceptions","messageBody":"","tags":["A-Exceptions"],"fileTypesAndContributionMap":{"java":{"insertions":5,"deletions":0}}},{"hash":"f8dae5e3296d8524f207b5b11968bb6116fa04ab","isMergeCommit":false,"messageTitle":"Modularize the code for tasks","messageBody":"","fileTypesAndContributionMap":{"java":{"insertions":33,"deletions":18}}},{"hash":"f1cda342a1ea8b6bc2cfaca8a3f2c4c3418b5436","isMergeCommit":false,"messageTitle":"Handle two errors","messageBody":"","tags":["Level-5"],"fileTypesAndContributionMap":{"java":{"insertions":75,"deletions":42}}},{"hash":"dbaba9df4b7c245bd9cd0952fbd73fd2f3fae61f","isMergeCommit":false,"messageTitle":"Implement ArrayList","messageBody":"","tags":["A-Collections"],"fileTypesAndContributionMap":{"java":{"insertions":17,"deletions":18}}},{"hash":"06f28cd2bf2d5bcac1370fa2ed1d28c4e35f1618","isMergeCommit":false,"messageTitle":"Add support for delete","messageBody":"","tags":["Level-6"],"fileTypesAndContributionMap":{"java":{"insertions":8,"deletions":0}}}]},{"date":"2025-01-30T00:00:00","commitResults":[{"hash":"57a61ad2cd1014b4af88c8b758d15307f055f13c","isMergeCommit":false,"messageTitle":"Implement switch-case","messageBody":"","fileTypesAndContributionMap":{"java":{"insertions":55,"deletions":32}}},{"hash":"8b7e718706eaf3408c908f382f7103b029df7a0b","isMergeCommit":false,"messageTitle":"Add getters","messageBody":"","fileTypesAndContributionMap":{"java":{"insertions":20,"deletions":0}}}]},{"date":"2025-01-31T00:00:00","commitResults":[{"hash":"cb632b0dd50689a81ffce86f0628d00ffeb7f6f5","isMergeCommit":false,"messageTitle":"Add class Storage for saving","messageBody":"","fileTypesAndContributionMap":{"java":{"insertions":7,"deletions":0}}},{"hash":"da6e0c2876650030cdcc72ee4fe02de2b33440ed","isMergeCommit":false,"messageTitle":"Add support for save","messageBody":"","fileTypesAndContributionMap":{"java":{"insertions":133,"deletions":8}}},{"hash":"f4b9572bd02ad462693fa78367f97f00244fc0dd","isMergeCommit":true,"messageTitle":"Merge branch \u0027branch-Level-7\u0027","messageBody":"","tags":["Level-7"],"fileTypesAndContributionMap":{}},{"hash":"7544ba3887cb3f6383fb41277d7885aeaffeee88","isMergeCommit":false,"messageTitle":"Modify class Deadline to add support for date and time","messageBody":"","fileTypesAndContributionMap":{"java":{"insertions":26,"deletions":5}}},{"hash":"cc8f7b368432a5a8cfcc0fcae2a653b95516beff","isMergeCommit":false,"messageTitle":"Add support for date and time","messageBody":"","fileTypesAndContributionMap":{"java":{"insertions":11,"deletions":3}}},{"hash":"4966ddf3e961c044442e71a295bdf3544934c640","isMergeCommit":true,"messageTitle":"Merge branch \u0027branch-Level-8\u0027","messageBody":"","tags":["Level-8"],"fileTypesAndContributionMap":{}},{"hash":"ec1b938d1761003e8a29a6e4f41bf9387f6cc5fe","isMergeCommit":false,"messageTitle":"Add skeleton for Ui, Parser and TaskList","messageBody":"","fileTypesAndContributionMap":{"java":{"insertions":6,"deletions":0}}},{"hash":"fc271bf59aacbd42ecbc6ae78770b4e92ff5c274","isMergeCommit":false,"messageTitle":"Implement class TaskList","messageBody":"","fileTypesAndContributionMap":{"java":{"insertions":50,"deletions":1}}},{"hash":"ce9eaa0a939a95fd618ac93d3a329f8d97f01c4f","isMergeCommit":false,"messageTitle":"Implement class Ui","messageBody":"","fileTypesAndContributionMap":{"java":{"insertions":60,"deletions":1}}}]},{"date":"2025-02-01T00:00:00","commitResults":[{"hash":"aedcfb3e832d70face5aa524418a544f380715e0","isMergeCommit":false,"messageTitle":"Re-implement class Storage and others","messageBody":"","fileTypesAndContributionMap":{"java":{"insertions":95,"deletions":85}}},{"hash":"9dcfc4766669b605deb4e76dae6dd724ae425b27","isMergeCommit":false,"messageTitle":"Implement class Parser","messageBody":"","fileTypesAndContributionMap":{"java":{"insertions":38,"deletions":1}}},{"hash":"68dee8167a898ae032bdd3642b51c83a2875536e","isMergeCommit":false,"messageTitle":"Modify class Kiwi","messageBody":"","tags":["A-MoreOOP"],"fileTypesAndContributionMap":{"java":{"insertions":106,"deletions":170}}},{"hash":"8545a576d639dba1201019e359d5b6c6a079b9dc","isMergeCommit":true,"messageTitle":"Merge branch \u0027add-gradle-support\u0027","messageBody":"","fileTypesAndContributionMap":{}}]},{"date":"2025-02-02T00:00:00","commitResults":[{"hash":"818a52724892366bf4a37ed8221c643747ae2f7a","isMergeCommit":false,"messageTitle":"Divide classes into packages","messageBody":"","tags":["A-Packages"],"fileTypesAndContributionMap":{"java":{"insertions":46,"deletions":1},"md":{"insertions":7,"deletions":6}}},{"hash":"77a945c22463260377a753fbf1562207933456ae","isMergeCommit":false,"messageTitle":"Edit README.md","messageBody":"","fileTypesAndContributionMap":{"md":{"insertions":1,"deletions":1}}},{"hash":"02661bca6e478be73c1de78b4d0b631b1eff895c","isMergeCommit":false,"messageTitle":"Edit class name in Gradle","messageBody":"","tags":["A-Gradle"],"fileTypesAndContributionMap":{"gradle":{"insertions":1,"deletions":1}}}]},{"date":"2025-02-03T00:00:00","commitResults":[{"hash":"760bf78f471fc5bae5e944da09fc3330a97f45b8","isMergeCommit":false,"messageTitle":"Add tests for classes Parser and Event","messageBody":"","tags":["A-JUnit"],"fileTypesAndContributionMap":{"java":{"insertions":48,"deletions":0}}},{"hash":"e24839917c9820fa9f0c3aceb2716219676234b6","isMergeCommit":false,"messageTitle":"Edit archive name for the JAR file","messageBody":"","tags":["A-Jar"],"fileTypesAndContributionMap":{"gradle":{"insertions":1,"deletions":1}}},{"hash":"05a876688c1102f4579b29a1732e132060009985","isMergeCommit":false,"messageTitle":"Add JavaDoc comments for all public classes and methods","messageBody":"","fileTypesAndContributionMap":{"java":{"insertions":322,"deletions":3}}},{"hash":"a50586988a742a22f75c90679bc133f936a2bd0e","isMergeCommit":false,"messageTitle":"Follow coding standards","messageBody":"","fileTypesAndContributionMap":{"java":{"insertions":1,"deletions":0}}},{"hash":"c9e5db464b7b0944a9451ce95eab2e52626d99e1","isMergeCommit":false,"messageTitle":"Add support for find","messageBody":"","fileTypesAndContributionMap":{"java":{"insertions":60,"deletions":2}}},{"hash":"b2557c5190ecc619c35d5219ddad85554bfae7ad","isMergeCommit":true,"messageTitle":"Merge branch \u0027branch-A-JavaDoc\u0027","messageBody":"","tags":["A-JavaDoc"],"fileTypesAndContributionMap":{}},{"hash":"a5ce193665a814887ae3893ea0d98fe196d20a3b","isMergeCommit":true,"messageTitle":"Merge branch \u0027branch-A-CodingStandard\u0027","messageBody":"","tags":["A-CodingStandard"],"fileTypesAndContributionMap":{}},{"hash":"79460361832b01c0ef1113484fa75e44cdf2e4cc","isMergeCommit":true,"messageTitle":"Merge conflicts","messageBody":"","tags":["Level-9"],"fileTypesAndContributionMap":{}}]},{"date":"2025-02-05T00:00:00","commitResults":[{"hash":"d8016a4d589f9de641a708027f3591a499b45a4b","isMergeCommit":false,"messageTitle":"Add the Checkstyle support","messageBody":"","fileTypesAndContributionMap":{"gradle":{"insertions":6,"deletions":1},"java":{"insertions":22,"deletions":17}}},{"hash":"1a76a87611b673b1ba1081625c1665b71fe840b6","isMergeCommit":true,"messageTitle":"Merge branch \u0027branch-A-CheckStyle\u0027","messageBody":"","tags":["A-CheckStyle"],"fileTypesAndContributionMap":{}}]},{"date":"2025-02-07T00:00:00","commitResults":[{"hash":"744584cd786cd1a86944fb8c1eaedc30c488a3ee","isMergeCommit":false,"messageTitle":"Add the skeleton for GUI classes","messageBody":"","fileTypesAndContributionMap":{"gradle":{"insertions":16,"deletions":1},"java":{"insertions":159,"deletions":0}}},{"hash":"a4f19453220ea3ac31d509c01e734ce41e4e898d","isMergeCommit":false,"messageTitle":"Add support for GUI","messageBody":"","fileTypesAndContributionMap":{"fxml":{"insertions":41,"deletions":0},"java":{"insertions":120,"deletions":272}}},{"hash":"eb7cbccb64eef8d991e238e0ba8370adfae3612f","isMergeCommit":true,"messageTitle":"Merge branch \u0027branch-Level-10\u0027","messageBody":"","tags":["Level-10"],"fileTypesAndContributionMap":{}}]},{"date":"2025-02-13T00:00:00","commitResults":[{"hash":"c8261c30427424c34d3ec6a52ea76f4a91784bec","isMergeCommit":false,"messageTitle":"Enable assertions in Gradle","messageBody":"","fileTypesAndContributionMap":{"gradle":{"insertions":1,"deletions":0}}},{"hash":"d93e75e26d806d16c54eff21b8817932f0f4fa3f","isMergeCommit":false,"messageTitle":"Add some assertions","messageBody":"","fileTypesAndContributionMap":{"java":{"insertions":8,"deletions":2}}}]},{"date":"2025-02-14T00:00:00","commitResults":[{"hash":"5513898f8a2d7dde0023c73c8a82b045076b963a","isMergeCommit":false,"messageTitle":"Remove a redundant comment","messageBody":"","fileTypesAndContributionMap":{"java":{"insertions":0,"deletions":1}}},{"hash":"c084b9efad49c9af78acb912360ac9441c76147b","isMergeCommit":false,"messageTitle":"Refactor the class Storage","messageBody":"The Storage class is refactored to improve code quality and make it easier to maintain.\n\nThis includes removing magic numbers and replacing them with well-named constants, ensuring consistency throughout the code. Additionally, error handling has been enhanced with more descriptive messages for loading and saving tasks, making debugging easier in case of file operation failures.\n\nTo improve readability, the task parsing logic has been simplified by breaking down complex methods into smaller, more focused helper methods. This adheres to the SLAP principle and helps make the code more modular and easier to understand.\n","fileTypesAndContributionMap":{"java":{"insertions":61,"deletions":47}}},{"hash":"686833e6525fce2c17827e3269a0d62dbc5525d1","isMergeCommit":false,"messageTitle":"Use Java Streams","messageBody":"Traditional for-loops in printTasks() and showFoundTasks() methods are\nreplaced with streams to improve code conciseness and readability.\n\nKey changes:\n* Use IntStream.range() with mapToObj() to generate indexed task strings\n* Handle checked KiwiException in stream lambdas using try-catch blocks\n* Maintain original exception propagation behavior by unwrapping\nRuntimeExceptions\n","tags":["A-FullCommitMessage"],"fileTypesAndContributionMap":{"java":{"insertions":23,"deletions":10}}},{"hash":"6d27605575d195fb7895a5a64d8582d9a28faa4c","isMergeCommit":true,"messageTitle":"Merge pull request #1 from minhkiwi14/branch-A-Assertions","messageBody":"Branch a assertions","tags":["A-Assertions"],"fileTypesAndContributionMap":{}},{"hash":"a46a7e01d71793107485b9d5f500c0855a5cc015","isMergeCommit":true,"messageTitle":"Merge branch \u0027master\u0027 into branch-A-CodeQuality","messageBody":"","fileTypesAndContributionMap":{}},{"hash":"185ba35c9e9770a0f1948c1e297a7dd59de7a97c","isMergeCommit":true,"messageTitle":"Merge branch \u0027master\u0027 into branch-A-Streams","messageBody":"","fileTypesAndContributionMap":{}},{"hash":"b051621519b5f9acca726e9f1b5541f1d5306fd0","isMergeCommit":true,"messageTitle":"Merge pull request #2 from minhkiwi14/branch-A-CodeQuality","messageBody":"Branch a code quality","tags":["A-CodeQuality"],"fileTypesAndContributionMap":{}},{"hash":"d2c6abf0a04c8ad6a72a544f1ad079f79899d83f","isMergeCommit":true,"messageTitle":"Merge branch \u0027master\u0027 into branch-A-Streams","messageBody":"","fileTypesAndContributionMap":{}},{"hash":"b1f50caab4a7138e85680eb700e705b238411100","isMergeCommit":true,"messageTitle":"Merge pull request #3 from minhkiwi14/branch-A-Streams","messageBody":"Use Java Streams","tags":["A-Streams"],"fileTypesAndContributionMap":{}},{"hash":"25f5e576dbe6a166763c379c63c358abf9a3dd39","isMergeCommit":false,"messageTitle":"Change some imports","messageBody":"","fileTypesAndContributionMap":{"java":{"insertions":5,"deletions":4}}},{"hash":"62979c94b22ff3df448c81726905549b7a1ec538","isMergeCommit":false,"messageTitle":"Add some support for edit","messageBody":"","fileTypesAndContributionMap":{"java":{"insertions":10,"deletions":0}}},{"hash":"75071624720a4d1671ef0072fd34de5df059b488","isMergeCommit":false,"messageTitle":"Change messages","messageBody":"","fileTypesAndContributionMap":{"java":{"insertions":2,"deletions":2}}},{"hash":"329211b433a6528a2b40d0f870b02d14aaaadcbb","isMergeCommit":true,"messageTitle":"Merge branch \u0027branch-BCD-Extension\u0027","messageBody":"","fileTypesAndContributionMap":{}}]},{"date":"2025-02-18T00:00:00","commitResults":[{"hash":"77f27ce17d2c3dca7cb6890398732dba71c3bb2d","isMergeCommit":false,"messageTitle":"Implement the Update extension","messageBody":"","tags":["BCD-Extension"],"fileTypesAndContributionMap":{"java":{"insertions":113,"deletions":1}}}]},{"date":"2025-02-22T00:00:00","commitResults":[{"hash":"5c2c659c37c3a0c5da8c7c3c0a21495d2de89014","isMergeCommit":false,"messageTitle":"Rename boolean variables","messageBody":"","fileTypesAndContributionMap":{"java":{"insertions":3,"deletions":3}}}]},{"date":"2025-02-24T00:00:00","commitResults":[{"hash":"a18987f69b5333152f74f93413a01ddb48995da4","isMergeCommit":false,"messageTitle":"Add Javadoc comments","messageBody":"","fileTypesAndContributionMap":{"java":{"insertions":53,"deletions":1}}},{"hash":"f60795c04c3f5675c6dadd9df62bec83af25e9db","isMergeCommit":false,"messageTitle":"Make the chatbot window fixed when resizing","messageBody":"","fileTypesAndContributionMap":{"fxml":{"insertions":12,"deletions":5},"java":{"insertions":4,"deletions":0}}},{"hash":"51be483abb1647e206ae7a8e235adda29d728553","isMergeCommit":false,"messageTitle":"Update the User Guide","messageBody":"","tags":["A-UserGuide"],"fileTypesAndContributionMap":{"md":{"insertions":95,"deletions":16}}},{"hash":"979da9a9328a800e3c1b5ac125bc7cf44b3b6b41","isMergeCommit":false,"messageTitle":"Fix bug for Storage","messageBody":"","fileTypesAndContributionMap":{"java":{"insertions":4,"deletions":1}}},{"hash":"ad279ec02ef0839182d0dea89035ef13b6c871fb","isMergeCommit":false,"messageTitle":"Update README.md","messageBody":"","tags":["A-Release"],"fileTypesAndContributionMap":{"md":{"insertions":1,"deletions":1}}},{"hash":"e247b82824fb4fb21a7c7f757f106793437eda60","isMergeCommit":false,"messageTitle":"Follow the coding standard","messageBody":"","fileTypesAndContributionMap":{"java":{"insertions":98,"deletions":26}}}]},{"date":"2025-03-06T00:00:00","commitResults":[{"hash":"ee886da7cfe3f73a72ca9d27f358089b9cc2cc7f","isMergeCommit":false,"messageTitle":"Fix bugs after smoke testing","messageBody":"","fileTypesAndContributionMap":{"java":{"insertions":31,"deletions":16}}},{"hash":"64f1b42091683ecbe2801871fa6c116f7c4d40bb","isMergeCommit":false,"messageTitle":"Add support for delayed exiting","messageBody":"","fileTypesAndContributionMap":{"java":{"insertions":11,"deletions":4}}},{"hash":"458c9c57910fe5d74eca1f3b39476f917d7140ea","isMergeCommit":false,"messageTitle":"Add credits","messageBody":"","fileTypesAndContributionMap":{"java":{"insertions":1,"deletions":0}}},{"hash":"92b29159fead173c46469145100267fc065668df","isMergeCommit":false,"messageTitle":"Update the User Guide","messageBody":"","fileTypesAndContributionMap":{"md":{"insertions":6,"deletions":2}}},{"hash":"e3ea32f72895f278ead950a7c97e8551069e3970","isMergeCommit":false,"messageTitle":"Make minor modifications to the UG","messageBody":"","fileTypesAndContributionMap":{"md":{"insertions":4,"deletions":3}}}]}]},"authorFileTypeContributionMap":{"minhkiwi14":{"java":1312,"md":109,"fxml":48,"sh":0,"bat":1,"gradle":23,"txt":11}},"authorContributionVariance":{"minhkiwi14":17042.791},"authorDisplayNameMap":{"minhkiwi14":"CS2103T-T10-3 NGUY..MINH"}}
