{"authorDailyContributionsMap":{"RickyHFR":[{"date":"2025-01-18","commitResults":[{"hash":"6eccece34408d2bdaac4cc4a8c01f7f31a2c0f6f","isMergeCommit":false,"messageTitle":"Rename chatbot and add basic greeting","messageBody":"","tags":["Level-0"],"fileTypesAndContributionMap":{"java":{"insertions":9,"deletions":10}}},{"hash":"5d9d41a4b71105faf15d879af075f3b8aab89204","isMergeCommit":false,"messageTitle":"Echo","messageBody":"","tags":["Level-1"],"fileTypesAndContributionMap":{"java":{"insertions":11,"deletions":1}}},{"hash":"3430472f8f51bae9d5ab3e7a674d717e5e95fc40","isMergeCommit":false,"messageTitle":"add list","messageBody":"","tags":["Level-2"],"fileTypesAndContributionMap":{"java":{"insertions":15,"deletions":1}}}]},{"date":"2025-01-19","commitResults":[{"hash":"abf30629b3f3e75448cf532e79508458923ad414","isMergeCommit":false,"messageTitle":"mark as done","messageBody":"","tags":["Level-3"],"fileTypesAndContributionMap":{"java":{"insertions":62,"deletions":17}}},{"hash":"7a65fed46c734c0a098fcce400cf3537a225c7c1","isMergeCommit":false,"messageTitle":"some bugs for event and ddl","messageBody":"","tags":["Level-4-incomplete","Level-4"],"fileTypesAndContributionMap":{"java":{"insertions":93,"deletions":11}}},{"hash":"75c8bd53e4899399fde64d2460d9fe1839d0037f","isMergeCommit":false,"messageTitle":"Level-4 bugs fixed","messageBody":"","fileTypesAndContributionMap":{"java":{"insertions":19,"deletions":16}}},{"hash":"58b7fe2b079a9cf241436fa8c5c6fc6758b2341e","isMergeCommit":false,"messageTitle":"A-TextUiTesting and bug fixing","messageBody":"","tags":["A-TextUiTesting"],"fileTypesAndContributionMap":{"txt":{"insertions":10,"deletions":0},"java":{"insertions":8,"deletions":8},"sh":{"insertions":1,"deletions":1}}},{"hash":"8c650d7535f42a5bd0849a051d9ff3c99bd1fe2d","isMergeCommit":false,"messageTitle":"bug fix","messageBody":"","fileTypesAndContributionMap":{"java":{"insertions":4,"deletions":4}}},{"hash":"a5297938de00cfad9b04e3f886c1088a9b073e38","isMergeCommit":false,"messageTitle":"Handle Errors","messageBody":"","tags":["Level-5"],"fileTypesAndContributionMap":{"java":{"insertions":31,"deletions":9}}},{"hash":"373d9f23702c9534f434dab417bdffeec6350502","isMergeCommit":false,"messageTitle":"delete function","messageBody":"","tags":["Level-6"],"fileTypesAndContributionMap":{"java":{"insertions":28,"deletions":18}}},{"hash":"e0261be164bbb2b18470f414f96c6702ba03f427","isMergeCommit":false,"messageTitle":"small updates","messageBody":"","fileTypesAndContributionMap":{"java":{"insertions":3,"deletions":3}}}]},{"date":"2025-01-20","commitResults":[{"hash":"fda0c595b6cd8f317b7afefddc34e3bd3b9a76a9","isMergeCommit":false,"messageTitle":"initialize storage (incomplete)","messageBody":"","fileTypesAndContributionMap":{"txt":{"insertions":0,"deletions":0},"java":{"insertions":32,"deletions":2}}},{"hash":"7d66a7af61a019a82fbcd654cae0ed9eeb637c94","isMergeCommit":false,"messageTitle":"save","messageBody":"","fileTypesAndContributionMap":{"txt":{"insertions":4,"deletions":0},"java":{"insertions":184,"deletions":117}}},{"hash":"78776b91b46a02599437f4f3749f373914d8bbc5","isMergeCommit":true,"messageTitle":"Merge branch \u0027branch-Level-7\u0027 Incorporate changes from branch-Level-7.","messageBody":"","tags":["Level-7"],"fileTypesAndContributionMap":{}},{"hash":"24ef2bd20fb7b5cf6c6a34120c634fdc195665e4","isMergeCommit":false,"messageTitle":"Add dates to Event and Deadline tasks","messageBody":"","fileTypesAndContributionMap":{"txt":{"insertions":3,"deletions":2},"java":{"insertions":45,"deletions":17}}}]},{"date":"2025-01-23","commitResults":[{"hash":"cd7a51869c44ffaeb2b54101eadb1a6a0b5f25f6","isMergeCommit":false,"messageTitle":"Add time and fix bugs","messageBody":"","fileTypesAndContributionMap":{"txt":{"insertions":4,"deletions":4},"java":{"insertions":23,"deletions":22}}},{"hash":"2f7045374ca5e82fd86fe9d504188978008c7877","isMergeCommit":true,"messageTitle":"Merge branch-Level-8 into master","messageBody":"","tags":["Level-8"],"fileTypesAndContributionMap":{}},{"hash":"ff4dafe516b14de66dfdb9ee3091d909bde8ce2b","isMergeCommit":false,"messageTitle":"Make implementation more OOP by seperating classes","messageBody":"","fileTypesAndContributionMap":{"txt":{"insertions":4,"deletions":4},"java":{"insertions":291,"deletions":140}}}]},{"date":"2025-01-24","commitResults":[{"hash":"a0babaf5adc43eb0cc569c63127f8e18b7060f7d","isMergeCommit":true,"messageTitle":"Merge branch-A-MoreOOP","messageBody":"","tags":["A-MoreOOP"],"fileTypesAndContributionMap":{}},{"hash":"98962eaf83319491316f4c4f0e33f8a4aadac59f","isMergeCommit":false,"messageTitle":"Make proper packages","messageBody":"","fileTypesAndContributionMap":{"txt":{"insertions":2,"deletions":2},"java":{"insertions":66,"deletions":3}}},{"hash":"07bde5d39e8bb9cae964c3202dc8cac4fafb5e3d","isMergeCommit":true,"messageTitle":"Merge branch-A-Packages","messageBody":"","tags":["A-Packages"],"fileTypesAndContributionMap":{}},{"hash":"5a716ede6a9bb4b7df3cda5924f97077086b3dc0","isMergeCommit":true,"messageTitle":"Merge branch add-gradle-support","messageBody":"","tags":["A-Gradle"],"fileTypesAndContributionMap":{}}]},{"date":"2025-01-28","commitResults":[{"hash":"52f24da804ebb2fcadc5a0e5bd2c70927fc53e75","isMergeCommit":false,"messageTitle":"Use Gradle","messageBody":"","fileTypesAndContributionMap":{"java":{"insertions":15,"deletions":0}}},{"hash":"c06a30e68d3b720106539655cb4ae0da4bcf67a3","isMergeCommit":true,"messageTitle":"Merge branch-A-Gradle into master","messageBody":"","fileTypesAndContributionMap":{}},{"hash":"2fa162481b83a492130f80f0d35de690578fd859","isMergeCommit":false,"messageTitle":"Fix some bugs related to handling exceptions","messageBody":"","fileTypesAndContributionMap":{"gradle":{"insertions":1,"deletions":1},"txt":{"insertions":3,"deletions":5},"java":{"insertions":20,"deletions":2}}},{"hash":"f0add55653ac42a74b7a1663dfe5df062010c2dd","isMergeCommit":true,"messageTitle":"merge the master branch for some bugs fixing","messageBody":"","fileTypesAndContributionMap":{}},{"hash":"ed5b30d3b51119fd39a3f7a521631e27e58bfcb6","isMergeCommit":false,"messageTitle":"Add testing files","messageBody":"","fileTypesAndContributionMap":{"java":{"insertions":239,"deletions":50}}},{"hash":"a63ae4c2ed9495c933352e84d40bb7457ab926ed","isMergeCommit":true,"messageTitle":"Merge branch-A-JUnit","messageBody":"","tags":["v0.1","A-JUnit"],"fileTypesAndContributionMap":{}},{"hash":"6263e15ca8d0ce5a75a1c94dc7fb4b1b703b4544","isMergeCommit":false,"messageTitle":"Package the app into JAR","messageBody":"","fileTypesAndContributionMap":{"gradle":{"insertions":1,"deletions":1}}},{"hash":"49286ffb6f470226e907a821c512a2ae12a2407d","isMergeCommit":true,"messageTitle":"Merge branch-A-Jar","messageBody":"","tags":["A-Jar"],"fileTypesAndContributionMap":{}},{"hash":"14eb142c7a181aa73d42c8bc206a07be140cd278","isMergeCommit":false,"messageTitle":"Fix small bug related to welcome message","messageBody":"","fileTypesAndContributionMap":{"java":{"insertions":1,"deletions":1}}},{"hash":"98f488be8aa70863486ed108b740bd4dd19328c4","isMergeCommit":true,"messageTitle":"Merge the master branch","messageBody":"","fileTypesAndContributionMap":{}},{"hash":"8c8182e6ff5830f53d2cb0a11524b9c4b1797a6b","isMergeCommit":false,"messageTitle":"Add JavaDoc","messageBody":"","fileTypesAndContributionMap":{"java":{"insertions":392,"deletions":44}}},{"hash":"aea1cdac53df2ae3c7795517280ef2725fcc19d7","isMergeCommit":false,"messageTitle":"Tweak coding style","messageBody":"","fileTypesAndContributionMap":{"txt":{"insertions":1,"deletions":1},"java":{"insertions":62,"deletions":37}}},{"hash":"27b4e170a7a75917fa581e75b75feb0969203a1f","isMergeCommit":false,"messageTitle":"Add find feature","messageBody":"","fileTypesAndContributionMap":{"java":{"insertions":51,"deletions":0}}},{"hash":"185965ba8968ad1735af79745d5569f8b89ee39e","isMergeCommit":true,"messageTitle":"Merge branch-A-JavaDoc","messageBody":"","tags":["A-JavaDoc"],"fileTypesAndContributionMap":{}},{"hash":"c6842f4f71340fdfeb6e4d32052c95b7c052d254","isMergeCommit":true,"messageTitle":"Resolved merge conflicts and completed merge branch-A-JavaDoc","messageBody":"","tags":["A-CodingStandard"],"fileTypesAndContributionMap":{}},{"hash":"97e93bb9dfa6716d47b1757495b86dbfa4f2acf5","isMergeCommit":false,"messageTitle":"Add JavaDoc","messageBody":"","fileTypesAndContributionMap":{"java":{"insertions":392,"deletions":44}}},{"hash":"5f9474745baf4ca30419727b5c519e9563f9739c","isMergeCommit":true,"messageTitle":"Merge branch \u0027master\u0027 of https://github.com/RickyHFR/ip","messageBody":"","fileTypesAndContributionMap":{}},{"hash":"0c3ba421949275710c7d0631c3d21e389d342671","isMergeCommit":true,"messageTitle":"Resolve merge conflicts from branch-Level-9","messageBody":"","tags":["Level-9"],"fileTypesAndContributionMap":{}}]},{"date":"2025-01-31","commitResults":[{"hash":"b1e3b840a9983c00fdd5ce5ad51c6f1a32b39900","isMergeCommit":false,"messageTitle":"Incorporate CheckStyle into project","messageBody":"A new CheckStyle configuration file has been added to the project. The configuration file is located at `config/checkstyle/checkstyle.xml`. The configuration file is used to enforce a consistent coding style across the project. The configuration file is based on the Google Java Style Guide.\nThe CheckStyle configuration file is used to check the code for compliance with the Google Java Style Guide. The configuration file is used to enforce a consistent coding style across the project. The configuration file is based on the Google Java Style Guide.\nModifications have been made to adhere to the Google Java Style Guide.\n","fileTypesAndContributionMap":{"gradle":{"insertions":5,"deletions":0},"java":{"insertions":55,"deletions":35}}},{"hash":"c5e4e2051c7baed4e83b0b0a62123384edcf9863","isMergeCommit":true,"messageTitle":"Merge branch \u0027branch-A-CheckStyle\u0027","messageBody":"Resolved Checkstyle violations across the codebase.\n\n- Fixed indentation issues in Java files.\n- Added missing Javadoc comments for public methods.\n- Corrected line length violations by breaking long lines.\n- Removed unused imports and variables.\n\nThese changes ensure compliance with the project\u0027s coding standards\nand improve code readability.\n","tags":["A-CheckStyle"],"fileTypesAndContributionMap":{}},{"hash":"bcfd03b26cd9c3e1f1155ba9d9c33aa5672ca024","isMergeCommit":false,"messageTitle":"Add GUI using JavaFX","messageBody":"A GUI has been added to the application using JavaFX.\nThe GUI is designed to be user-friendly and intuitive, allowing users to interact with the application more easily.\nThe GUI includes a main window that displays the user\u0027s tasks, a dialog box for user input, and a launcher class that initializes the application.\nThe GUI is designed to be responsive and interactive, providing users with a seamless experience when using the application.\n\nCurrently the GUI is half done, the main window is able to display the tasks and the dialog box is able to take in user input.\nHowever, more decorations and features will be added in the future to enhance the user experience.\n","fileTypesAndContributionMap":{"gradle":{"insertions":15,"deletions":1},"fxml":{"insertions":66,"deletions":0},"java":{"insertions":244,"deletions":136}}},{"hash":"7f98c1ed9eaa3dd196d9052daa1c0f50ee0076f6","isMergeCommit":false,"messageTitle":"Fix style issues in DialogBox","messageBody":"Future work:\n- Improve the style of the DialogBox\n- Add name labels to the DialogBox\n","fileTypesAndContributionMap":{"fxml":{"insertions":18,"deletions":38},"java":{"insertions":32,"deletions":3}}},{"hash":"38d18ddbc12be65bd0475001c60197a8a6e0fa6d","isMergeCommit":true,"messageTitle":"Merge branch-Level-10","messageBody":"","tags":["Level-10"],"fileTypesAndContributionMap":{}}]}]},"authorFileTypeContributionMap":{"RickyHFR":{"java":1369,"md":0,"fxml":46,"sh":1,"bat":0,"gradle":21,"txt":14}},"authorContributionVariance":{"RickyHFR":104385.97},"authorDisplayNameMap":{"RickyHFR":"CS2103T-T11-4 HUAN..GRUI"}}
