{"authorDailyContributionsMap":{"dexterkwxn":[{"date":"2025-01-22","commitResults":[{"hash":"e3c8b9541be00d2759088bc3c04337254163afe8","isMergeCommit":false,"messageTitle":"Add greet and exit message","messageBody":"","tags":["Level-0"],"fileTypesAndContributionMap":{"java":{"insertions":23,"deletions":10}}},{"hash":"7cfc1c9afcb43b48ad3b90669b27b2719e263f85","isMergeCommit":false,"messageTitle":"Add echo","messageBody":"","tags":["Level-1"],"fileTypesAndContributionMap":{"java":{"insertions":15,"deletions":0}}},{"hash":"4aa7ff6bcd440a60455b3f88d8240b42f5476061","isMergeCommit":false,"messageTitle":"add List","messageBody":"","tags":["Level-2"],"fileTypesAndContributionMap":{"java":{"insertions":65,"deletions":24}}},{"hash":"db8ef7e5475dd67b3ff11e76f6a82af7a13b2dcc","isMergeCommit":false,"messageTitle":"Add marking of items","messageBody":"","tags":["Level-3"],"fileTypesAndContributionMap":{"java":{"insertions":45,"deletions":6}}},{"hash":"aed6bc1d99ac420b335192bed141cea52b95592c","isMergeCommit":false,"messageTitle":"Add Todo, Deadlines, Events","messageBody":"","tags":["Level-4"],"fileTypesAndContributionMap":{"java":{"insertions":80,"deletions":8}}},{"hash":"8195363361e26ed499361029a7168744a9625f45","isMergeCommit":false,"messageTitle":"Add automated testing","messageBody":"","tags":["A-TextUiTesting"],"fileTypesAndContributionMap":{"txt":{"insertions":6,"deletions":0},"sh":{"insertions":1,"deletions":1}}}]},{"date":"2025-01-23","commitResults":[{"hash":"7eb050577b2309ced99d7302ae1acc78084e5929","isMergeCommit":false,"messageTitle":"Add exceptions","messageBody":"","tags":["Level-5"],"fileTypesAndContributionMap":{"java":{"insertions":110,"deletions":36}}},{"hash":"08f5fa573965f0348ac7e4cbf5d91031944b3f8c","isMergeCommit":false,"messageTitle":"Add delete function","messageBody":"","tags":["Level-6"],"fileTypesAndContributionMap":{"java":{"insertions":56,"deletions":40}}}]},{"date":"2025-01-31","commitResults":[{"hash":"40bbe209a8a16d0fdc7dd59a3432be4b0e989aa0","isMergeCommit":false,"messageTitle":"Add save and load list function","messageBody":"","fileTypesAndContributionMap":{"txt":{"insertions":3,"deletions":0},"java":{"insertions":98,"deletions":0}}},{"hash":"f63dd188a64eae99e31214bce3c2e65672c292ba","isMergeCommit":true,"messageTitle":"Merge branch \u0027branch-level-7\u0027","messageBody":"","tags":["Level-7"],"fileTypesAndContributionMap":{}}]},{"date":"2025-02-01","commitResults":[{"hash":"40590ff6ab2c90b3c9263908d64a254945c5e6b1","isMergeCommit":false,"messageTitle":"Add support for DateTime","messageBody":"","fileTypesAndContributionMap":{"txt":{"insertions":1,"deletions":2},"java":{"insertions":22,"deletions":10}}},{"hash":"1585d5a01ec06e42fd24974fdf5b2327212eae24","isMergeCommit":true,"messageTitle":"Merge branch \u0027branch-level-8\u0027","messageBody":"","tags":["Level-8"],"fileTypesAndContributionMap":{}},{"hash":"d74c1edb1c5dc9bac946b035939983656385d433","isMergeCommit":false,"messageTitle":"Add more OOP","messageBody":"","tags":["A-MoreOOP"],"fileTypesAndContributionMap":{"java":{"insertions":219,"deletions":120}}},{"hash":"87da9db0dd9a4673433b8f30deafa2837f1274a1","isMergeCommit":false,"messageTitle":"Moved files into packages","messageBody":"","tags":["A-Packages"],"fileTypesAndContributionMap":{"java":{"insertions":11,"deletions":1}}},{"hash":"9d8b9dbace4bb66cfebdab46c15075b4fd1721b6","isMergeCommit":true,"messageTitle":"Merge branch \u0027add-gradle-support\u0027","messageBody":"","fileTypesAndContributionMap":{}},{"hash":"6687d71d1d7be70fc700ce5e8fc40e23093c903c","isMergeCommit":false,"messageTitle":"Moved data directory","messageBody":"","fileTypesAndContributionMap":{"txt":{"insertions":0,"deletions":0}}},{"hash":"9b1c5d68801d6e7aaa294c60d026e1e799bdc493","isMergeCommit":false,"messageTitle":"Add gradle support","messageBody":"","tags":["A-Gradle"],"fileTypesAndContributionMap":{"gradle":{"insertions":2,"deletions":2},"txt":{"insertions":2,"deletions":0},"java":{"insertions":0,"deletions":1}}}]},{"date":"2025-02-02","commitResults":[{"hash":"68adfdbdeb5d1975e02c8f41f434ea2decfd2bdd","isMergeCommit":false,"messageTitle":"Add TaskListTest and TodoTest","messageBody":"","tags":["A-JUnit"],"fileTypesAndContributionMap":{"java":{"insertions":52,"deletions":0}}},{"hash":"9646a9af5dc60f7c3c0617d4c0a2a1a2c20b2a11","isMergeCommit":false,"messageTitle":"Add shadowJar config","messageBody":"","tags":["A-Jar"],"fileTypesAndContributionMap":{"gradle":{"insertions":1,"deletions":0}}},{"hash":"ea6cc5c1f745ab6adf14ae9e8d98ac6d9793e4a6","isMergeCommit":false,"messageTitle":"Add JavaDoc comments","messageBody":"","tags":["A-JavaDoc"],"fileTypesAndContributionMap":{"java":{"insertions":242,"deletions":0}}},{"hash":"a6f7f3cdf34ddbf7ba6d22ddf30a2bea77e0e63a","isMergeCommit":false,"messageTitle":"Add find feature","messageBody":"","tags":["Level-9"],"fileTypesAndContributionMap":{"java":{"insertions":37,"deletions":0}}},{"hash":"34b17e45c8d26985827c559be47e7a74e4a74a98","isMergeCommit":false,"messageTitle":"Refactor code to follow coding standard","messageBody":"","tags":["A-CodingStandard"],"fileTypesAndContributionMap":{"java":{"insertions":1,"deletions":1}}},{"hash":"5a04698bfcfda71db23907eb0f3f2ae416787a94","isMergeCommit":true,"messageTitle":"Merge branch \u0027branch-A-JavaDoc\u0027","messageBody":"","fileTypesAndContributionMap":{}},{"hash":"38d4ec68deaf9348f3930a33317716a68320d40e","isMergeCommit":true,"messageTitle":"Merge branch \u0027branch-A-CodingStandard\u0027","messageBody":"","fileTypesAndContributionMap":{}},{"hash":"da31715a902979acfd8d83f2b2d242ebdf6fa144","isMergeCommit":true,"messageTitle":"Merge branch \u0027branch-Level-9\u0027","messageBody":"","fileTypesAndContributionMap":{}}]},{"date":"2025-02-04","commitResults":[{"hash":"15fddf0a1b061627c7f764c8b890be329d357183","isMergeCommit":false,"messageTitle":"Add OOB detection for deleteTask()","messageBody":"","fileTypesAndContributionMap":{"java":{"insertions":49,"deletions":42}}}]},{"date":"2025-02-05","commitResults":[{"hash":"233ab1bac4f22bcd7d4757f70937e9da622cd6a0","isMergeCommit":false,"messageTitle":"Add checkStyle","messageBody":"","fileTypesAndContributionMap":{"gradle":{"insertions":5,"deletions":0}}},{"hash":"49fa781bf4dbc00ad974226bc489e0b677d02896","isMergeCommit":true,"messageTitle":"Merge branch \u0027branch-A-checkStyle\u0027","messageBody":"","fileTypesAndContributionMap":{}}]},{"date":"2025-02-06","commitResults":[{"hash":"3f82da43d0f675f7f738d54a4b1c3594df803cba","isMergeCommit":false,"messageTitle":"Add JavaFX UI support","messageBody":"","fileTypesAndContributionMap":{"gradle":{"insertions":15,"deletions":1},"txt":{"insertions":3,"deletions":1},"java":{"insertions":340,"deletions":132}}},{"hash":"b36e6ad22c058564dd08ac012dfded961ef3ec08","isMergeCommit":true,"messageTitle":"Merge branch \u0027branch-Level-10\u0027","messageBody":"","tags":["Level-10"],"fileTypesAndContributionMap":{}}]},{"date":"2025-02-11","commitResults":[{"hash":"cd30f0874d5700d7ada82463937c39bf31ac17a6","isMergeCommit":false,"messageTitle":"Add Assertion in Duchess.java","messageBody":"Add assertion to processInput() method in Duchess.java\n\nEnsures that the response message sent to the application is not empty\nafter all is said and done.\n","tags":["A-FullCommitMessage"],"fileTypesAndContributionMap":{"txt":{"insertions":1,"deletions":1},"java":{"insertions":4,"deletions":0}}},{"hash":"ac6b7dfa437d5783e79e92f57a7e9f5da3cea63e","isMergeCommit":false,"messageTitle":"Refactoring Task Classes","messageBody":"Improve code quality in Task classes\n\nChanged static final string from taskSymbol to TASK_SYMBOL for better\nreadability.\n","fileTypesAndContributionMap":{"java":{"insertions":8,"deletions":8}}},{"hash":"ca81c4720ba1b50c8fcbff32ce1d1aee3d803647","isMergeCommit":true,"messageTitle":"Merge pull request #1 from dexterkwxn/branch-A-Assertions","messageBody":"Add Assertion in Duchess.java","tags":["A-Assertions"],"fileTypesAndContributionMap":{}},{"hash":"9ac2ca9a4b108fd3cb2d040aeecf1da977d19686","isMergeCommit":true,"messageTitle":"Merge branch \u0027master\u0027 into branch-A-CodeQuality","messageBody":"","fileTypesAndContributionMap":{}},{"hash":"619f9d47562e742d71c77068416b1a4f60fba91e","isMergeCommit":false,"messageTitle":"Remove unused code in Duchess.java","messageBody":"","fileTypesAndContributionMap":{"java":{"insertions":0,"deletions":19}}},{"hash":"bd0f50d62bded7981b512ad7b85d04190ff44bef","isMergeCommit":true,"messageTitle":"Merge pull request #2 from dexterkwxn/branch-A-CodeQuality","messageBody":"Merge Code Quality Branch","tags":["A-CodeQuality"],"fileTypesAndContributionMap":{}},{"hash":"2f71c59969b6e5b0cdef91737c9eeff164f1e284","isMergeCommit":false,"messageTitle":"Add sorting for Task List","messageBody":"","tags":["BCD-Extension"],"fileTypesAndContributionMap":{"txt":{"insertions":3,"deletions":2},"java":{"insertions":7,"deletions":0}}},{"hash":"eef95c0f9a1d6e63d69ba5b43c7cacbcde81a2a3","isMergeCommit":false,"messageTitle":"Modify error handling for input","messageBody":"","fileTypesAndContributionMap":{"txt":{"insertions":2,"deletions":2},"java":{"insertions":27,"deletions":9}}},{"hash":"c14288b2c634e41c0ac591f0bbcb6c6cd2e52a59","isMergeCommit":false,"messageTitle":"Fix checkstyle warnings","messageBody":"","fileTypesAndContributionMap":{"java":{"insertions":38,"deletions":14}}},{"hash":"43917a450c63bd75d7d208f51e1693c38ec9b894","isMergeCommit":false,"messageTitle":"Add README.md","messageBody":"","tags":["A-UserGuide"],"fileTypesAndContributionMap":{"txt":{"insertions":3,"deletions":5},"md":{"insertions":124,"deletions":14}}}]}]},"authorFileTypeContributionMap":{"dexterkwxn":{"java":1083,"md":124,"fxml":0,"sh":1,"bat":0,"gradle":22,"txt":11}},"authorContributionVariance":{"dexterkwxn":18162.95},"authorDisplayNameMap":{"dexterkwxn":"CS2103T-T12-1 DEXT..KWAN"}}
