{"authorDailyContributionsMap":{"zlllllr":[{"date":"2025-01-23","commitResults":[{"hash":"25174f8bc6ce5c9ff175a627ed209eb5d4e5d324","isMergeCommit":false,"messageTitle":"Rename main, add skeletal version of greet and bye","messageBody":"","tags":["Level-0"],"fileTypesAndContributionMap":{"java":{"insertions":13,"deletions":10}}},{"hash":"2d98cdde7288b4f03ce85e98a1846a87d7eb87a0","isMergeCommit":false,"messageTitle":"Add support to echo","messageBody":"","tags":["Level-1"],"fileTypesAndContributionMap":{"java":{"insertions":13,"deletions":3}}}]},{"date":"2025-01-24","commitResults":[{"hash":"8adc08f5bdae87bd01ec4f2090f55a6131a3580b","isMergeCommit":false,"messageTitle":"add support to store","messageBody":"","tags":["Level-2"],"fileTypesAndContributionMap":{"java":{"insertions":17,"deletions":4}}},{"hash":"a24cfe6c436e93cb47c1073604a41f66d6a47cf0","isMergeCommit":false,"messageTitle":"add support to mark and unmark; store task as object","messageBody":"","tags":["Level-3"],"fileTypesAndContributionMap":{"java":{"insertions":51,"deletions":8}}},{"hash":"cc9be3506a6bc67aee131c8d80ae6ae900a31674","isMergeCommit":false,"messageTitle":"add,todo deadline event class","messageBody":"","fileTypesAndContributionMap":{"java":{"insertions":69,"deletions":37}}},{"hash":"66ddbb11694de4d03e969b798cc5e76dd7049aed","isMergeCommit":false,"messageTitle":"add todo etc to main","messageBody":"","tags":["Level-4"],"fileTypesAndContributionMap":{"java":{"insertions":39,"deletions":17}}},{"hash":"432dc40c048a7430875e2da9437b5770c22d0324","isMergeCommit":false,"messageTitle":"add support to handle error","messageBody":"","tags":["Level-5","A-TextUiTesting"],"fileTypesAndContributionMap":{"txt":{"insertions":3,"deletions":0},"java":{"insertions":74,"deletions":41},"bat":{"insertions":1,"deletions":1}}},{"hash":"031fa3a4cb3977bf6b6903d0401c6aeeaab1d4aa","isMergeCommit":false,"messageTitle":"add support to delete task","messageBody":"","tags":["Level-6"],"fileTypesAndContributionMap":{"java":{"insertions":5,"deletions":0}}}]},{"date":"2025-01-31","commitResults":[{"hash":"1604f5fdfcee062d0736095c9364e1a172580f90","isMergeCommit":false,"messageTitle":"Add support to store history when exit","messageBody":"","fileTypesAndContributionMap":{"txt":{"insertions":2,"deletions":0},"java":{"insertions":94,"deletions":61}}},{"hash":"597f8d85a8fa14d64341bddb414c71a382a771c6","isMergeCommit":false,"messageTitle":"Add support to load history when start the bot","messageBody":"","fileTypesAndContributionMap":{"txt":{"insertions":0,"deletions":2},"java":{"insertions":52,"deletions":11}}},{"hash":"adbc2bd01a2e9af9aee2b33953fbb1fdcbbfbf30","isMergeCommit":true,"messageTitle":"Merge branch \u0027branch-Level-7\u0027","messageBody":"","tags":["Level-7"],"fileTypesAndContributionMap":{}},{"hash":"54e5fcabee0444a7e40bbb3d95f25c674d21db40","isMergeCommit":false,"messageTitle":"Allow the bot to understand date","messageBody":"","fileTypesAndContributionMap":{"txt":{"insertions":0,"deletions":0},"java":{"insertions":18,"deletions":11}}},{"hash":"1ed91b1dbc846664fb625d5c7a1d855ae1dee666","isMergeCommit":true,"messageTitle":"Merge branch \u0027branch-Level-8\u0027","messageBody":"","tags":["Level-8"],"fileTypesAndContributionMap":{}},{"hash":"cfef30bd578f79c0f9d6f91c1bcc2b510d701bd6","isMergeCommit":false,"messageTitle":"Add packages","messageBody":"","fileTypesAndContributionMap":{"java":{"insertions":53,"deletions":9}}},{"hash":"cf9ee77cd4435f8954f38094ec7cf840fb33f47b","isMergeCommit":false,"messageTitle":"Put all classes in packages","messageBody":"","fileTypesAndContributionMap":{"java":{"insertions":33,"deletions":3}}}]},{"date":"2025-02-01","commitResults":[{"hash":"78db18685f46950ecc06f82a80f741368dd5ba00","isMergeCommit":false,"messageTitle":"Refactor the code into different classes and put all classes in packages","messageBody":"","tags":["A-Packages","A-MoreOOP"],"fileTypesAndContributionMap":{"java":{"insertions":370,"deletions":135}}},{"hash":"0cfe2d28e800ca4f512c7547df24e310da57fd59","isMergeCommit":true,"messageTitle":"Merge branch \u0027add-gradle-support\u0027","messageBody":"","tags":["A-Gradle"],"fileTypesAndContributionMap":{}},{"hash":"eaa1f9e52536dc8765e9133f9f4c25b9641496d9","isMergeCommit":false,"messageTitle":"Remove redundant import in Orim.java","messageBody":"","fileTypesAndContributionMap":{"java":{"insertions":6,"deletions":6}}},{"hash":"59f10265ede2ef8479fb0a4d81132cf017f8e5f7","isMergeCommit":false,"messageTitle":"Set mainclass in build.gradle to correct location","messageBody":"","fileTypesAndContributionMap":{"gradle":{"insertions":1,"deletions":1},"java":{"insertions":2,"deletions":0}}},{"hash":"6db431ce5797ff85a65f3eb0227b4a78e12e5506","isMergeCommit":false,"messageTitle":"Add test for Parser.parse() and Todo.generateLog()","messageBody":"","tags":["A-JUnit"],"fileTypesAndContributionMap":{"java":{"insertions":40,"deletions":0}}},{"hash":"d34b0a7b2cd5aeaee5ae1cd6fee64f57d985ad0f","isMergeCommit":false,"messageTitle":"Change archiveBaseName in build.gradle","messageBody":"","tags":["A-Jar"],"fileTypesAndContributionMap":{"gradle":{"insertions":1,"deletions":1}}}]},{"date":"2025-02-02","commitResults":[{"hash":"190867004aaab2852a0e23a9706fabd4310d600c","isMergeCommit":false,"messageTitle":"Add JavaDoc to public class and method","messageBody":"","fileTypesAndContributionMap":{"java":{"insertions":160,"deletions":9}}},{"hash":"b99f1af5cdc788876e6cd7c970452c6ee915c2b4","isMergeCommit":false,"messageTitle":"Tweak the code to follow coding standard","messageBody":"","fileTypesAndContributionMap":{"java":{"insertions":0,"deletions":2}}},{"hash":"4985ce4de4c1f1857c1912ad82af2d7b63358432","isMergeCommit":false,"messageTitle":"Add support to find a task according to its description.","messageBody":"","fileTypesAndContributionMap":{"java":{"insertions":42,"deletions":3}}},{"hash":"ae2e67a6c46cae6a685fe7d779aff76c78c771a7","isMergeCommit":true,"messageTitle":"Merge branch \u0027branch-A-JavaDoc\u0027","messageBody":"","tags":["A-JavaDoc"],"fileTypesAndContributionMap":{}},{"hash":"a84bf09a25e2aaedf8cba6aab2c3b51fb0d79c55","isMergeCommit":true,"messageTitle":"Merge branch \u0027branch-A-CodingStandard\u0027","messageBody":"# Conflicts:\n#\tsrc/main/java/orim/task/Task.java\n","tags":["A-CodingStandard"],"fileTypesAndContributionMap":{}},{"hash":"6069593637919a265cb8a2947defafd20d52aebe","isMergeCommit":true,"messageTitle":"Merge branch \u0027branch-Level-9\u0027","messageBody":"# Conflicts:\n#\tsrc/main/java/orim/command/DisplayCommand.java\n","tags":["Level-9"],"fileTypesAndContributionMap":{}}]},{"date":"2025-02-09","commitResults":[{"hash":"0009fc2df1cf88370228521007485449d1657c8c","isMergeCommit":false,"messageTitle":"Add GUI to the program","messageBody":"","tags":["Level-10"],"fileTypesAndContributionMap":{"gradle":{"insertions":15,"deletions":1},"fxml":{"insertions":65,"deletions":0},"java":{"insertions":164,"deletions":1}}}]},{"date":"2025-02-10","commitResults":[{"hash":"470145ebec65eb46b5e63c8a5e8959d823f082ad","isMergeCommit":false,"messageTitle":"Update gui package","messageBody":"","fileTypesAndContributionMap":{"java":{"insertions":33,"deletions":19}}},{"hash":"d4c4f69ba25907f5d4baf26e4c2cd8f0499fd8e4","isMergeCommit":true,"messageTitle":"Merge branch \u0027branch-Level-10\u0027","messageBody":"","fileTypesAndContributionMap":{}}]}]},"authorFileTypeContributionMap":{"zlllllr":{"java":971,"md":0,"fxml":65,"sh":0,"bat":1,"gradle":16,"txt":3}},"authorContributionVariance":{"zlllllr":18124.188},"authorDisplayNameMap":{"zlllllr":"CS2103-W11-1 ZHAN..ERAN"}}
