{"authorDailyContributionsMap":{"zlllllr":[{"date":"2025-01-23","commitResults":[{"hash":"25174f8bc6ce5c9ff175a627ed209eb5d4e5d324","isMergeCommit":false,"messageTitle":"Rename main, add skeletal version of greet and bye","messageBody":"","tags":["Level-0"],"fileTypesAndContributionMap":{"java":{"insertions":13,"deletions":10}}},{"hash":"2d98cdde7288b4f03ce85e98a1846a87d7eb87a0","isMergeCommit":false,"messageTitle":"Add support to echo","messageBody":"","tags":["Level-1"],"fileTypesAndContributionMap":{"java":{"insertions":13,"deletions":3}}}]},{"date":"2025-01-24","commitResults":[{"hash":"8adc08f5bdae87bd01ec4f2090f55a6131a3580b","isMergeCommit":false,"messageTitle":"add support to store","messageBody":"","tags":["Level-2"],"fileTypesAndContributionMap":{"java":{"insertions":17,"deletions":4}}},{"hash":"a24cfe6c436e93cb47c1073604a41f66d6a47cf0","isMergeCommit":false,"messageTitle":"add support to mark and unmark; store task as object","messageBody":"","tags":["Level-3"],"fileTypesAndContributionMap":{"java":{"insertions":51,"deletions":8}}},{"hash":"cc9be3506a6bc67aee131c8d80ae6ae900a31674","isMergeCommit":false,"messageTitle":"add,todo deadline event class","messageBody":"","fileTypesAndContributionMap":{"java":{"insertions":69,"deletions":37}}},{"hash":"66ddbb11694de4d03e969b798cc5e76dd7049aed","isMergeCommit":false,"messageTitle":"add todo etc to main","messageBody":"","tags":["Level-4"],"fileTypesAndContributionMap":{"java":{"insertions":39,"deletions":17}}},{"hash":"432dc40c048a7430875e2da9437b5770c22d0324","isMergeCommit":false,"messageTitle":"add support to handle error","messageBody":"","tags":["Level-5","A-TextUiTesting"],"fileTypesAndContributionMap":{"txt":{"insertions":3,"deletions":0},"java":{"insertions":74,"deletions":41},"bat":{"insertions":1,"deletions":1}}},{"hash":"031fa3a4cb3977bf6b6903d0401c6aeeaab1d4aa","isMergeCommit":false,"messageTitle":"add support to delete task","messageBody":"","tags":["Level-6"],"fileTypesAndContributionMap":{"java":{"insertions":5,"deletions":0}}}]},{"date":"2025-01-31","commitResults":[{"hash":"1604f5fdfcee062d0736095c9364e1a172580f90","isMergeCommit":false,"messageTitle":"Add support to store history when exit","messageBody":"","fileTypesAndContributionMap":{"txt":{"insertions":2,"deletions":0},"java":{"insertions":94,"deletions":61}}},{"hash":"597f8d85a8fa14d64341bddb414c71a382a771c6","isMergeCommit":false,"messageTitle":"Add support to load history when start the bot","messageBody":"","fileTypesAndContributionMap":{"txt":{"insertions":0,"deletions":2},"java":{"insertions":52,"deletions":11}}},{"hash":"adbc2bd01a2e9af9aee2b33953fbb1fdcbbfbf30","isMergeCommit":true,"messageTitle":"Merge branch \u0027branch-Level-7\u0027","messageBody":"","tags":["Level-7"],"fileTypesAndContributionMap":{}},{"hash":"54e5fcabee0444a7e40bbb3d95f25c674d21db40","isMergeCommit":false,"messageTitle":"Allow the bot to understand date","messageBody":"","fileTypesAndContributionMap":{"txt":{"insertions":0,"deletions":0},"java":{"insertions":18,"deletions":11}}},{"hash":"1ed91b1dbc846664fb625d5c7a1d855ae1dee666","isMergeCommit":true,"messageTitle":"Merge branch \u0027branch-Level-8\u0027","messageBody":"","tags":["Level-8"],"fileTypesAndContributionMap":{}}]}]},"authorFileTypeContributionMap":{"zlllllr":{"java":252,"md":0,"fxml":0,"sh":0,"bat":1,"gradle":0,"txt":3}},"authorContributionVariance":{"zlllllr":8163.208},"authorDisplayNameMap":{"zlllllr":"CS2103-W11-1 ZHAN..ERAN"}}
