{"authorDailyContributionsMap":{"wenruu":[{"date":"2025-01-24","commitResults":[{"hash":"3eb042b16f930848f90d10402ba983c924073eee","isMergeCommit":false,"messageTitle":"Level-0","messageBody":"","fileTypesAndContributionMap":{"java":{"insertions":1,"deletions":1}}},{"hash":"cdf1725334dd357dfa39b80af53079f3234dfca2","isMergeCommit":false,"messageTitle":"Level-0","messageBody":"","tags":["Level-0"],"fileTypesAndContributionMap":{"java":{"insertions":5,"deletions":6}}},{"hash":"141c42f0742ed278aa25cb6a6c315e755fc2b454","isMergeCommit":false,"messageTitle":"Level-1","messageBody":"","tags":["Level-1"],"fileTypesAndContributionMap":{"java":{"insertions":11,"deletions":1}}},{"hash":"b4e885372902ddf35a422d028cff5d8dae3bc953","isMergeCommit":false,"messageTitle":"Level-2","messageBody":"","tags":["Level-2"],"fileTypesAndContributionMap":{"java":{"insertions":32,"deletions":6}}},{"hash":"e09cae045c006c913bb2a1c3a4872233cfcca7ea","isMergeCommit":false,"messageTitle":"Level-3","messageBody":"","tags":["Level-3"],"fileTypesAndContributionMap":{"java":{"insertions":33,"deletions":15}}},{"hash":"d44457b22655d4490ffc511ddd53d6826161c06e","isMergeCommit":false,"messageTitle":"Level-3.1","messageBody":"","fileTypesAndContributionMap":{"java":{"insertions":20,"deletions":4}}},{"hash":"0d72e6dee40717f0a542ef29695a6e90b76cc9e4","isMergeCommit":false,"messageTitle":"Level-3.2","messageBody":"","fileTypesAndContributionMap":{"java":{"insertions":55,"deletions":20}}}]}]},"authorFileTypeContributionMap":{"wenruu":{"java":111,"md":0,"fxml":0,"sh":0,"bat":0,"gradle":0,"txt":0}},"authorContributionVariance":{"wenruu":4823.4375},"authorDisplayNameMap":{"wenruu":"CS2103T-T14-2 ZHAO..NRUI"}}
