{"authorDailyContributionsMap":{"Gu0Fengming":[{"date":"2025-02-02","commitResults":[{"hash":"407def898c8b22f14f155c6472f17d578e832486","isMergeCommit":false,"messageTitle":"Skeleton version: greeting and exit","messageBody":"","tags":["Level-0"],"fileTypesAndContributionMap":{"java":{"insertions":13,"deletions":10}}},{"hash":"b76f33cee1a5898dbe060002d6e1680b815ec8d9","isMergeCommit":false,"messageTitle":"add echo function","messageBody":"","tags":["Level-1"],"fileTypesAndContributionMap":{"java":{"insertions":10,"deletions":3}}}]},{"date":"2025-02-04","commitResults":[{"hash":"ef9510a93e99320bb523434b264a4aaf8bafe9ee","isMergeCommit":false,"messageTitle":"Add and List","messageBody":"","tags":["Level-2"],"fileTypesAndContributionMap":{"java":{"insertions":10,"deletions":1}}},{"hash":"650383fc7d590fddcbcaa6b8bfca705621ef9790","isMergeCommit":false,"messageTitle":"Mark as Done","messageBody":"","tags":["Level-3"],"fileTypesAndContributionMap":{"java":{"insertions":26,"deletions":3}}}]},{"date":"2025-02-05","commitResults":[{"hash":"87db85cd4f364a0c03d6d560a6b5ec4837bb3a8e","isMergeCommit":false,"messageTitle":"Add todos, events and deadlines","messageBody":"","tags":["Level-4"],"fileTypesAndContributionMap":{"java":{"insertions":41,"deletions":26}}},{"hash":"35dd38d42b751ad1482481e892f931d010a616c7","isMergeCommit":false,"messageTitle":"set TextUITesting","messageBody":"","tags":["A-TextUITesting"],"fileTypesAndContributionMap":{"txt":{"insertions":1,"deletions":0},"bat":{"insertions":1,"deletions":1}}},{"hash":"06119f173c315db406303bd830c35fcc27940c53","isMergeCommit":false,"messageTitle":"Handle Errors","messageBody":"","tags":["Level-5"],"fileTypesAndContributionMap":{"java":{"insertions":23,"deletions":4}}},{"hash":"ba562d97c95fb4f48ede9cbec8b53fdc970042f3","isMergeCommit":false,"messageTitle":"Add delete","messageBody":"","tags":["Level-6"],"fileTypesAndContributionMap":{"java":{"insertions":42,"deletions":20}}}]},{"date":"2025-02-09","commitResults":[{"hash":"41dfb85abc6ece76f540d7d125b99fffc2d4dd2e","isMergeCommit":false,"messageTitle":"Add save","messageBody":"","fileTypesAndContributionMap":{"java":{"insertions":78,"deletions":18}}},{"hash":"a579865ca5fe1ac368a598996dbce84cf6a99200","isMergeCommit":true,"messageTitle":"Merge branch \u0027branch-Level-7\u0027","messageBody":"","tags":["Level-7"],"fileTypesAndContributionMap":{}}]},{"date":"2025-02-12","commitResults":[{"hash":"ad16d0e4ea02602d4d0c51b22cd3cc47fe879f12","isMergeCommit":false,"messageTitle":"Add dates and times","messageBody":"","fileTypesAndContributionMap":{"txt":{"insertions":3,"deletions":0},"java":{"insertions":101,"deletions":50}}},{"hash":"f08260044f3fb0768046ae0c94834fe6585b07ef","isMergeCommit":true,"messageTitle":"Merge branch \u0027branch-Level-8\u0027","messageBody":"","tags":["Level-8"],"fileTypesAndContributionMap":{}}]},{"date":"2025-02-19","commitResults":[{"hash":"baa0c61ded31cc108c02fe175d33754cea474537","isMergeCommit":false,"messageTitle":"Make it more OOP","messageBody":"","tags":["A-MoreOOP"],"fileTypesAndContributionMap":{"txt":{"insertions":0,"deletions":3},"java":{"insertions":306,"deletions":182}}},{"hash":"16297c3a9e3d48ca1103c681981776bb67466cd3","isMergeCommit":false,"messageTitle":"Divide classes into packages","messageBody":"","tags":["A-Packages"],"fileTypesAndContributionMap":{"java":{"insertions":355,"deletions":343}}},{"hash":"5a4d1cb0d3e9f5de109c13b4d225d50846e72ae0","isMergeCommit":true,"messageTitle":"Merge branch \u0027add-gradle-support\u0027","messageBody":"","fileTypesAndContributionMap":{}}]},{"date":"2025-02-21","commitResults":[{"hash":"c8ad1bc9a2fbc1b4b275cb9d703b172d59d44887","isMergeCommit":false,"messageTitle":"Add JUnit tests and Setting Gradle; Fix several bugs","messageBody":"","tags":["A_Gradle","A-JUnit"],"fileTypesAndContributionMap":{"java":{"insertions":246,"deletions":5}}},{"hash":"ef3d6c73280058f2c719dfc9a70bb9f4b4854924","isMergeCommit":false,"messageTitle":"Package the app as a JAR file","messageBody":"","tags":["A-Jar"],"fileTypesAndContributionMap":{"gradle":{"insertions":2,"deletions":2}}},{"hash":"7b0a9bd242c37188d63dc9d381fe2df7752a9a2f","isMergeCommit":false,"messageTitle":"Add JavaDoc to explain classes and methods","messageBody":"","tags":["A-JavaDoc"],"fileTypesAndContributionMap":{"java":{"insertions":59,"deletions":1}}},{"hash":"43f21fb900b68d7cb800a9359e20ce54d20b7d45","isMergeCommit":false,"messageTitle":"Add find function","messageBody":"","tags":["Level-9"],"fileTypesAndContributionMap":{"txt":{"insertions":6,"deletions":0},"java":{"insertions":43,"deletions":5}}},{"hash":"bb40177cf118303209cfeedb26eeb93c066ebea1","isMergeCommit":true,"messageTitle":"Merge branch \u0027branch-A-JavaDoc\u0027","messageBody":"","fileTypesAndContributionMap":{}},{"hash":"b8ed40919546287c8c815e1c4b22c07c9bf7f3e1","isMergeCommit":true,"messageTitle":"Merge branch \u0027branch-Level-9\u0027","messageBody":"","fileTypesAndContributionMap":{}},{"hash":"603a44b1532f66d88d8363d91c77f061eaed913e","isMergeCommit":false,"messageTitle":"Use checkstyle by gradle","messageBody":"","tags":["A-CheckStyle"],"fileTypesAndContributionMap":{"gradle":{"insertions":5,"deletions":0}}},{"hash":"77b777fffbaea698efede8551e64b2336c3c3ab9","isMergeCommit":true,"messageTitle":"Merge tag \u0027A-CheckStyle\u0027","messageBody":"","fileTypesAndContributionMap":{}},{"hash":"b8e5b64e81cbe0709a4fc374648d252e48b01c85","isMergeCommit":false,"messageTitle":"Add GUI","messageBody":"","fileTypesAndContributionMap":{"gradle":{"insertions":16,"deletions":1},"txt":{"insertions":0,"deletions":3},"fxml":{"insertions":65,"deletions":0},"java":{"insertions":57,"deletions":55}}},{"hash":"d66ed0ece42587b50c5478c330c5b5b2cdd7bad7","isMergeCommit":true,"messageTitle":"Merge branch \u0027branch-Level-10\u0027","messageBody":"","tags":["Level-10"],"fileTypesAndContributionMap":{}}]}]},"authorFileTypeContributionMap":{"Gu0Fengming":{"java":694,"md":0,"fxml":65,"sh":0,"bat":1,"gradle":22,"txt":4}},"authorContributionVariance":{"Gu0Fengming":39154.902},"authorDisplayNameMap":{"Gu0Fengming":"CS2103T-T15-4 GUO ..MING"}}
