{"authorDailyContributionsMap":{"twhjames":[{"date":"2025-01-22","commitResults":[{"hash":"f3733e5acdb74099d1d72d05fd7d85d1641e5853","isMergeCommit":false,"messageTitle":"Implement Task 0: Rename, Greet, Exit","messageBody":"- Renamed chatbot to \"Helix\" and updated all references in the code\n- Ensured compliance with Task 0 requirements:\n  - Added a welcome message with ASCII art to greet the user\n  - Displayed a farewell message on exiting\n","tags":["Level-0"],"fileTypesAndContributionMap":{"java":{"insertions":50,"deletions":10},"md":{"insertions":1,"deletions":1}}},{"hash":"1edad1fb45af88025c999075ed1ed5df1b392a25","isMergeCommit":false,"messageTitle":"feat: Implement Level 1 Echo functionality","messageBody":"- Enabled chatbot to echo user commands\n- Added graceful exit on “bye”\n","tags":["Level-1"],"fileTypesAndContributionMap":{"java":{"insertions":53,"deletions":11}}},{"hash":"4b2e8378c4c434184259cc6a93fe9b30ef5454fb","isMergeCommit":false,"messageTitle":"feat: Add and List commands for task management","messageBody":"- Implemented the \u0027add\u0027 command to allow users to add tasks to a task list\n- Implemented the \u0027list\u0027 command to display all tasks in the task list\n- Refactored code to follow Object-Oriented Programming (OOP) principles\n","tags":["Level-2"],"fileTypesAndContributionMap":{"java":{"insertions":231,"deletions":88}}},{"hash":"58d5f98e08b516143567b8916860d33273342b47","isMergeCommit":false,"messageTitle":"feat: Add ability to mark tasks as done or not done","messageBody":"- Implemented the functionality to mark tasks as done\n- Added the ability to unmark tasks, changing their status to not done\n- Updated the task list display to reflect task completion statuses\n- Used the Task class to represent tasks, aligning with the recommended A-Classes extension\n","tags":["Level-3"],"fileTypesAndContributionMap":{"java":{"insertions":191,"deletions":12}}},{"hash":"ac431429c7d37f99c0fe90feea81f73b121471fb","isMergeCommit":false,"messageTitle":"feat: Implement task types for ToDos, Events, and Deadlines","messageBody":"- Introduced `Todo`, `Deadline`, and `Event` classes extending the `Task` superclass\n- Added functionality for managing tasks with different attributes:\n  - `Todo`: Tasks without a date/time\n  - `Deadline`: Tasks with a specific due date\n  - `Event`: Tasks with a start and end time\n- Enabled polymorphism to store and handle all tasks in a unified data structure\n- Updated `toString()` and `getTaskDetails()` for each task type to provide formatted outputs\n","tags":["Level-4"],"fileTypesAndContributionMap":{"java":{"insertions":220,"deletions":18}}}]},{"date":"2025-01-23","commitResults":[{"hash":"b25dff2c26e110a3dad1f1bb31893fe33969414f","isMergeCommit":false,"messageTitle":"test: add and standardise input/output redirection tests for chatbot","messageBody":"- Updated `input.txt` to simulate user commands for testing the chatbot\n- Updated `actual.txt` to define the expected output for the given inputs\n","fileTypesAndContributionMap":{"txt":{"insertions":7,"deletions":0},"sh":{"insertions":1,"deletions":1}}},{"hash":"17ffcc4f636ab9593d755b6504b46bed7eb6f109","isMergeCommit":false,"messageTitle":"feat: handle errors for invalid input in chatbot commands","messageBody":"- Added error handling for various user input errors:\n  - `TooManyArgumentsException`: Handles extraneous arguments in commands\n  - `MissingArgumentException`: Handles missing arguments for commands\n  - `InvalidNumberFormatException`: Handles invalid number formats for commands like `mark` and `unmark`\n  - `InvalidCommandException`: Handles unknown or unsupported commands\n  - `TaskIndexOutOfBoundsException`: Handles invalid task index references\n- Improved error messages to provide user-friendly and actionable feedback\n- Updated JavaDocs to document exceptions and their usage in the relevant methods\n- Ensured consistent input validation across all chatbot commands\n","tags":["Level-5"],"fileTypesAndContributionMap":{"java":{"insertions":326,"deletions":55}}},{"hash":"b019a2d80e7032bf0a0ce74635ec0fa0b2dea633","isMergeCommit":false,"messageTitle":"feat: add support for deleting tasks from the task list","messageBody":"- Implemented the `DeleteCommand` to handle task deletion by index\n- Added input validation for the `delete` command, including:\n  - `MissingArgumentException` for missing task numbers\n  - `TooManyArgumentsException` for extraneous arguments\n  - `InvalidNumberFormatException` for non-numeric task numbers\n  - `TaskIndexOutOfBoundsException` for invalid task indices\n- Updated `TaskList` to support task removal with the `removeTask` method\n- Updated `CommandFactory` to create `DeleteCommand` with proper validation\n","tags":["Level-6"],"fileTypesAndContributionMap":{"java":{"insertions":86,"deletions":0}}}]},{"date":"2025-01-24","commitResults":[{"hash":"80b5fed2da4c687701d371b861705c1195523c96","isMergeCommit":false,"messageTitle":"feat: Implement Enums for Command Type, Task Type, Task Status, Output Symbols, and Execution Status","messageBody":"- Added enum classes: `CommandType`, `TaskType`, `TaskStatus`, `OutputSymbol`, and `ExecutionStatus`\n- Updated all relevant classes and methods to utilise the new enums for improved clarity, consistency, and maintainability\n- Refactored command creation logic in `CommandFactory` to integrate `CommandType` enums\n- Replaced hardcoded symbols and task statuses with enum references in command implementations\n","tags":["A-Enums"],"fileTypesAndContributionMap":{"java":{"insertions":368,"deletions":123}}},{"hash":"77325f2fa90cfc7a1483c2e5cafd2ce7fd321ac4","isMergeCommit":false,"messageTitle":"feat(delete): update delete command output and TextUiTesting","messageBody":"- Refined the output message for the delete command to improve clarity\n- Updated TextUiTesting to cover changes in the delete command output\n","tags":["A-TextUiTesting"],"fileTypesAndContributionMap":{"txt":{"insertions":1,"deletions":0},"java":{"insertions":5,"deletions":4}}},{"hash":"a26d66fa87316e8e251400ff8c97873d06852863","isMergeCommit":false,"messageTitle":"docs: update README with detailed guide and examples","messageBody":"- Added an overview section describing Helix\u0027s purpose and functionality\n- Included detailed setup instructions under \"Getting Started\"\n- Expanded \"Usage\" section with comprehensive command examples in tabular format\n- Introduced a \"Project Structure\" section to showcase the code organisation\n- Added an example interaction session to illustrate Helix\u0027s capabilities\n","fileTypesAndContributionMap":{"md":{"insertions":178,"deletions":19}}}]},{"date":"2025-01-27","commitResults":[{"hash":"d15e1432f7809065a14baed837fb3fa156d4a2fd","isMergeCommit":false,"messageTitle":"Refactor(task): reorganise TaskList and improve code clarity","messageBody":"- Moved TaskList to the Task package for better logical grouping\n- Added JavaDocs for enums in the Enums package to enhance documentation\n- Updated comments for improved readability\n- Removed unnecessary imports to clean up the codebase\n","fileTypesAndContributionMap":{"java":{"insertions":11,"deletions":17}}},{"hash":"3431093ad803aaf82aa835d7d9b4c1e5f023068d","isMergeCommit":false,"messageTitle":"Docs(enums): add JavaDocs for enums and clean up code","messageBody":"- Added JavaDocs to CommandType, ExecutionStatus, OutputSymbol, TaskStatus, and TaskType\n- Improved documentation for enum constants, fields, and methods\n","fileTypesAndContributionMap":{"java":{"insertions":123,"deletions":4}}},{"hash":"33817c9360426c07c163ea44903ebc93c35bf6c5","isMergeCommit":false,"messageTitle":"Feat(storage): implement persistent task saving and loading","messageBody":"- Added functionality to save tasks to a file automatically whenever the task list changes.\n- Tasks are now loaded from a specified file (e.g., `./data/helix_tasklist.txt`) on startup.\n- Ensured compatibility with relative paths for cross-platform support.\n- Implemented fallback to create the file and necessary directories if they do not exist.\n- Handled the scenario where the data file is missing, creating a fresh file in such cases.\n- Added error handling for corrupted or malformed data file content.\n","fileTypesAndContributionMap":{"txt":{"insertions":5,"deletions":0},"java":{"insertions":291,"deletions":48}}},{"hash":"1b52d837e36e4dd721f6c30b577497c48f481904","isMergeCommit":true,"messageTitle":"Merge branch \u0027branch-Level-7\u0027 into master","messageBody":"","tags":["Level-7"],"fileTypesAndContributionMap":{}}]},{"date":"2025-01-28","commitResults":[{"hash":"4739b8d9e115da9d6af9b373d730a51102a37b90","isMergeCommit":false,"messageTitle":"feat(Level-8): Add support for parsing and storing tasks with detailed dateTime formats","messageBody":"- Updated `Storage` to parse events and deadlines using the dateTime format `MMM dd yyyy, h:mm a`.\n- Extended `Deadline` and `Event` classes to support the input formats `d/M/yyyy HHmm` and `yyyy-MM-dd HHmm`, with output in `MMM dd yyyy, h:mm a`.\n- Improved event parsing in `Storage.parseTask` to correctly handle event start and end dateTime values.\n- Added validation to ensure that start dateTime is before end dateTime for events.\n- Updated serialisation logic to store deadlines and events using the new dateTime format.\n","fileTypesAndContributionMap":{"txt":{"insertions":2,"deletions":5},"java":{"insertions":163,"deletions":33}}},{"hash":"83d860c2fb684f9f57aeeb836a442fdd07fc0228","isMergeCommit":true,"messageTitle":"Merge branch \u0027branch-Level-8 into master","messageBody":"","tags":["Level-8"],"fileTypesAndContributionMap":{}},{"hash":"ff635d0d720961714e745f61db08a244a26d6f05","isMergeCommit":false,"messageTitle":"feat: Enhance file path management and improve OOP structure","messageBody":"- Introduced `FilePath` enum to centralise and manage file paths.\n- Refactored `Helix` constructor to dynamically resolve file paths based on the runtime environment (project root vs `text-ui-test`).\n- Made the code more OOP-compliant by:\n  - Abstracting file path logic to `Helix`.\n  - Delegating responsibilities to classes like `Storage` and `TaskList`.\n  - Using polymorphism for command execution in `Command` and its subclasses.\n- Improved code readability, maintainability, and extensibility.\n\nThis update ensures better adherence to OOP principles while simplifying file path management for dynamic use cases.\n","fileTypesAndContributionMap":{"txt":{"insertions":0,"deletions":0},"java":{"insertions":402,"deletions":186}}},{"hash":"150d2f5fb66c4687ea1c26f9e1de3040efc3d9ee","isMergeCommit":true,"messageTitle":"Merge branch \u0027A-MoreOOP\u0027","messageBody":"","tags":["A-MoreOOP"],"fileTypesAndContributionMap":{}},{"hash":"481eb074727f842bd31bf0ba2f6bf1d7a88dcd95","isMergeCommit":false,"messageTitle":"refactor: Restructure project packages and improve file path handling","messageBody":"- Organised classes into packages under `helix` for better modularity:\n  - Added `helix.command` for command-related classes.\n  - Added `helix.enums` for enums.\n  - Added `helix.exception` for custom exceptions.\n  - Added `helix.storage` for storage management.\n  - Added `helix.task` for task-related classes.\n  - Added `helix.ui` for UI-related classes.\n- Ensured compatibility with `runtest.sh` and improved maintainability.\n","fileTypesAndContributionMap":{"java":{"insertions":332,"deletions":333},"sh":{"insertions":1,"deletions":1},"md":{"insertions":28,"deletions":28}}},{"hash":"6916a4a99270698e45bc07d1bbb6dc9ca8bb3e6f","isMergeCommit":true,"messageTitle":"Merge branch \u0027branch-A-Packages\u0027 into master","messageBody":"","tags":["A-Packages"],"fileTypesAndContributionMap":{}},{"hash":"7de973b810c1c0c696bbc0df2b65db3572060f8e","isMergeCommit":true,"messageTitle":"Merge branch \u0027add-gradle-support\u0027 into master","messageBody":"","fileTypesAndContributionMap":{}}]},{"date":"2025-01-29","commitResults":[{"hash":"251296d7604972db3bb2b609f64a8f3f6e8af818","isMergeCommit":false,"messageTitle":"feat: Add Gradle support to project","messageBody":"","tags":["A-Gradle"],"fileTypesAndContributionMap":{"gradle":{"insertions":2,"deletions":2}}},{"hash":"018988435e35d05e78a4b178597d07411538183e","isMergeCommit":false,"messageTitle":"test: Add JUnit tests for core components and storage","messageBody":"- Added tests for `TaskList::addTask_validTask_taskAdded` and `TaskList::removeTask_validIndex_taskRemoved`\n  to verify task addition, removal, and interaction with storage.\n- Added tests for `Storage::save_tasksWithSingleTask_taskPersistedSuccessfully` and\n  `Storage::saveAndLoad_emptyTaskList_emptyListRetrieved` to validate task persistence and retrieval functionality.\n- Introduced `StubStorage` to eliminate dependencies on file-based storage during unit tests.\n","fileTypesAndContributionMap":{"java":{"insertions":114,"deletions":0}}},{"hash":"ef2a462e5b5fbd7ec85b70b87c06d7e2551a3ea5","isMergeCommit":true,"messageTitle":"Merge branch \u0027branch-A-JUnit\u0027 into master","messageBody":"","tags":["A-Jar","A-JUnit"],"fileTypesAndContributionMap":{}},{"hash":"47786e7e309bd791b88691737833d61bf5b22b53","isMergeCommit":false,"messageTitle":"docs: Add JavaDocs for TaskListTest, StubStorage, and StorageTest","messageBody":"- Added detailed JavaDoc comments for `TaskListTest` methods to describe their purpose and behaviour.\n- Documented `StubStorage` class to explain its role as a mock implementation for isolating tests from storage dependencies.\n- Added comprehensive JavaDocs for `StorageTest` to outline the purpose and structure of each test method.\n- Improved overall code documentation for better readability and maintainability.\n","fileTypesAndContributionMap":{"java":{"insertions":99,"deletions":9}}},{"hash":"c0f64f6e59182ebe173a0dc3fabbdd311a94b8ee","isMergeCommit":true,"messageTitle":"Merge branch \u0027branch-A-JavaDoc\u0027 into master","messageBody":"","tags":["A-JavaDoc"],"fileTypesAndContributionMap":{}},{"hash":"80251d58b5711e248453cdde301b9512332aba1f","isMergeCommit":false,"messageTitle":"chore(imports): Reformat import order to follow coding standards","messageBody":"- Aligned import statements with project coding guidelines for consistency.\n- No functional changes introduced.\n","fileTypesAndContributionMap":{"java":{"insertions":54,"deletions":52}}},{"hash":"c9aa9090f4d7f70075cae197e2e9eaba1c47b5ff","isMergeCommit":true,"messageTitle":"Merge branch \u0027branch-A-CodingStandard\u0027 into master","messageBody":"","tags":["A-CodingStandard"],"fileTypesAndContributionMap":{}},{"hash":"4b06c315d1b66e2280741c737382026b27d73de8","isMergeCommit":false,"messageTitle":"feat(find): Add `FIND` command support in `CommandType` enum","messageBody":"- Updated `CommandType` enum to include a new `FIND` command.\n- Added support for finding tasks based on keywords in their descriptions.\n","fileTypesAndContributionMap":{"txt":{"insertions":2,"deletions":0},"java":{"insertions":83,"deletions":2}}},{"hash":"800d24be32151d2d842a106dd6b8f39a93827521","isMergeCommit":true,"messageTitle":"Merge branch \u0027branch-Level-9\u0027 into master","messageBody":"","tags":["Level-9"],"fileTypesAndContributionMap":{}},{"hash":"4c65642a1c2b6c0095a06a49c719abc26fc51ae8","isMergeCommit":false,"messageTitle":"feat: Integrate Checkstyle and improve project structure","messageBody":"- Added Checkstyle plugin to Gradle for code quality enforcement\n- Updated codebase to align with Checkstyle rules and standards\n- Restructured test directory and ensured JUnit tests run successfully\n","fileTypesAndContributionMap":{"gradle":{"insertions":5,"deletions":0},"txt":{"insertions":0,"deletions":2},"java":{"insertions":89,"deletions":100}}}]},{"date":"2025-02-06","commitResults":[{"hash":"80ff3fc282e4ba737be73ec3e309fd130dc9a691","isMergeCommit":false,"messageTitle":"chore(checkstyle): Add Checkstyle for code quality enforcement","messageBody":"- Integrate Checkstyle to enforce coding standards\n- Add Checkstyle configuration file\n- Update build scripts to include Checkstyle checks\n- Ensure compliance with initial Checkstyle rules\n","fileTypesAndContributionMap":{"txt":{"insertions":1,"deletions":1}}},{"hash":"d07fe56f2e4bceb9e89bdd2f272c26d822b1318e","isMergeCommit":true,"messageTitle":"Merge branch \u0027branch-A-Checkstyle\u0027 into master","messageBody":"","tags":["A-CheckStyle"],"fileTypesAndContributionMap":{}}]},{"date":"2025-02-07","commitResults":[{"hash":"508dda5da6e2ba064124769dcc0bf8de4aa19a50","isMergeCommit":false,"messageTitle":"feat(gui): Add JavaFX-based GUI for Helix chatbot","messageBody":"- Integrated a GUI for the Helix chatbot using JavaFX.\n- Implemented DialogBox and MainWindow for handling user and Helix interactions.\n- Added Launcher class to handle application startup as per JavaFX guidelines.\n- Configured MainApp to initialise and display the main application window.\n- Included FXML and CSS files for defining and styling the GUI components.\n","fileTypesAndContributionMap":{"gradle":{"insertions":16,"deletions":1},"txt":{"insertions":2,"deletions":0},"fxml":{"insertions":48,"deletions":0},"java":{"insertions":259,"deletions":44}}},{"hash":"47445c9e83767abe1876747ffad593a227802f7a","isMergeCommit":true,"messageTitle":"Merge branch \u0027branch-Level-10\u0027 into master","messageBody":"","tags":["Level-10"],"fileTypesAndContributionMap":{}}]},{"date":"2025-02-08","commitResults":[{"hash":"5925bf24f7b1c20aebe8f8c4fd99e49542fcddd0","isMergeCommit":false,"messageTitle":"style(gui): Improve UI styling","messageBody":"- Enhanced the graphical interface for better user experience.\n- Fixed minor UI inconsistencies.\n- Improved layout and visual hierarchy.\n","fileTypesAndContributionMap":{"txt":{"insertions":0,"deletions":2},"fxml":{"insertions":6,"deletions":13},"java":{"insertions":195,"deletions":195}}},{"hash":"5616f916f59d1a199aca1d64918462497f0cd705","isMergeCommit":true,"messageTitle":"Merge \u0027branch-Level-10\u0027 into master","messageBody":"","fileTypesAndContributionMap":{}}]}]},"authorFileTypeContributionMap":{"twhjames":{"java":2415,"md":175,"fxml":41,"sh":2,"bat":0,"gradle":22,"txt":10}},"authorContributionVariance":{"twhjames":124209.805},"authorDisplayNameMap":{"twhjames":"CS2103-F15-3 TEO ..AMES"}}
