{"authorDailyContributionsMap":{"yuyang011":[{"date":"2025-01-23","commitResults":[{"hash":"dba3e339facfc38a555d0966721850f57503f2ee","isMergeCommit":false,"messageTitle":"Renamed to Ares.java","messageBody":"","fileTypesAndContributionMap":{"java":{"insertions":11,"deletions":0}}},{"hash":"7d6e04d572a32d416f2c8201813a18a86ad6877f","isMergeCommit":false,"messageTitle":"Removed Duke.java","messageBody":"","tags":["Level-0"],"fileTypesAndContributionMap":{"java":{"insertions":0,"deletions":10}}},{"hash":"d9afc3fdda8692ca99e1ec5a4221a2c4a549c555","isMergeCommit":false,"messageTitle":"Added Echo","messageBody":"","tags":["Level-1"],"fileTypesAndContributionMap":{"java":{"insertions":15,"deletions":3}}},{"hash":"95e748f6350791ff9fac1531a4ba55c2f7ca9675","isMergeCommit":false,"messageTitle":"Added Add, List","messageBody":"","tags":["Level-2"],"fileTypesAndContributionMap":{"java":{"insertions":14,"deletions":2}}},{"hash":"1df4eb0a12d98e1b5ee3dfcaec281a70a5a2878f","isMergeCommit":false,"messageTitle":"Added Task,java, implemented Mark and Unmark","messageBody":"","tags":["Level-3"],"fileTypesAndContributionMap":{"java":{"insertions":42,"deletions":3}}},{"hash":"c52cdcb1fbd6822ca348cef0d3037eb8006786c0","isMergeCommit":false,"messageTitle":"Added Todos, Events, Deadlines","messageBody":"","tags":["Level-4"],"fileTypesAndContributionMap":{"java":{"insertions":58,"deletions":2}}}]},{"date":"2025-01-24","commitResults":[{"hash":"1853ac941b6415381c65f2a0c572521f88238441","isMergeCommit":false,"messageTitle":"Added input.txt and EXPECTED.txt","messageBody":"","tags":["A-TextUiTesting"],"fileTypesAndContributionMap":{"txt":{"insertions":9,"deletions":0},"java":{"insertions":22,"deletions":21},"bat":{"insertions":1,"deletions":1}}},{"hash":"9f2043daf4ea4b6bac31b009bd3e5ed9553d89d0","isMergeCommit":false,"messageTitle":"Added AresException.java","messageBody":"","tags":["Level-5"],"fileTypesAndContributionMap":{"java":{"insertions":87,"deletions":38}}},{"hash":"0c6110f4641e6fca4842670c72ab777340855e45","isMergeCommit":false,"messageTitle":"Added Delete and updated input testcases","messageBody":"","tags":["Level-6"],"fileTypesAndContributionMap":{"txt":{"insertions":1,"deletions":1},"java":{"insertions":29,"deletions":18}}}]}]},"authorFileTypeContributionMap":{"yuyang011":{"java":191,"md":0,"fxml":0,"sh":0,"bat":1,"gradle":0,"txt":9}},"authorContributionVariance":{"yuyang011":7345.75},"authorDisplayNameMap":{"yuyang011":"TAN ..YANG"}}
