{"authorDailyContributionsMap":{"gengyudong":[{"date":"2025-01-19","commitResults":[{"hash":"bdf6291449eb693e9cd0a63a2920e7188a57ea9c","isMergeCommit":false,"messageTitle":"Complete Level 1: Echo","messageBody":"","tags":["Level-1","Level-0"],"fileTypesAndContributionMap":{"java":{"insertions":20,"deletions":6}}}]},{"date":"2025-01-20","commitResults":[{"hash":"82f2df32e1a808958576a783ee94e11b721c2e38","isMergeCommit":false,"messageTitle":"Complete Level-2: Add, List","messageBody":"","tags":["Level-2"],"fileTypesAndContributionMap":{"java":{"insertions":38,"deletions":24}}},{"hash":"b39ad4a81b21e12cd0f8e68c503f75174f7a2c35","isMergeCommit":false,"messageTitle":"Complete Level-3: Mark as Done","messageBody":"","tags":["Level-3"],"fileTypesAndContributionMap":{"java":{"insertions":60,"deletions":3}}},{"hash":"097992fbf471c8c6350768ef57bf9fb14e929f11","isMergeCommit":false,"messageTitle":"Complete Level-4: ToDo, Event, Deadline","messageBody":"","tags":["Level-4"],"fileTypesAndContributionMap":{"java":{"insertions":81,"deletions":11}}},{"hash":"c621abe1035a14c609f51730bb5d33be40ec37f9","isMergeCommit":false,"messageTitle":"Complete A-TextUiTesting: Automated Text UI Testing","messageBody":"","tags":["A-TextUiTesting"],"fileTypesAndContributionMap":{"txt":{"insertions":1,"deletions":0},"java":{"insertions":0,"deletions":0},"bat":{"insertions":2,"deletions":2}}},{"hash":"10aef3b806634d5d61a161de6f4d25a4cf0e531a","isMergeCommit":false,"messageTitle":"Complete Level-5: Handle Errors","messageBody":"","tags":["Level-5"],"fileTypesAndContributionMap":{"java":{"insertions":100,"deletions":68}}},{"hash":"e9b8774b7ee9425255ad50d832289dc5e1acd642","isMergeCommit":false,"messageTitle":"Complete Level-6: Delete","messageBody":"","tags":["Level-6"],"fileTypesAndContributionMap":{"java":{"insertions":36,"deletions":18}}}]},{"date":"2025-01-30","commitResults":[{"hash":"31596a739f0336528c7ad3e919fcfdba02001d5c","isMergeCommit":false,"messageTitle":"Add feature to save tasks onto hard disc","messageBody":"","tags":["Level-7"],"fileTypesAndContributionMap":{"txt":{"insertions":0,"deletions":0},"java":{"insertions":230,"deletions":113}}},{"hash":"64b4284f068b3186f401c02a07682550c85fba81","isMergeCommit":false,"messageTitle":"Add feature of understanding datetime","messageBody":"","tags":["Level-8"],"fileTypesAndContributionMap":{"txt":{"insertions":3,"deletions":0},"java":{"insertions":106,"deletions":23}}}]}]},"authorFileTypeContributionMap":{"gengyudong":{"java":415,"md":0,"fxml":0,"sh":0,"bat":2,"gradle":0,"txt":4}},"authorContributionVariance":{"gengyudong":18138.666},"authorDisplayNameMap":{"gengyudong":"CS2103T-F12-2 GENG..DONG"}}
