{"authorDailyContributionsMap":{"Hackari":[{"date":"2025-01-18","commitResults":[{"hash":"05253124391434cb07b7b4a68774e7b2a9d434f5","isMergeCommit":false,"messageTitle":"Level 0. Rename, Greet, Exit","messageBody":"","tags":["Level-0"],"fileTypesAndContributionMap":{"java":{"insertions":0,"deletions":0}}},{"hash":"42f04ccc698d6316374ccf687f576f85ca0bb558","isMergeCommit":false,"messageTitle":"Level 1. Echo","messageBody":"","tags":["Level-1"],"fileTypesAndContributionMap":{"java":{"insertions":22,"deletions":7}}},{"hash":"8188a088c913bf896afdc0ee1c960f5a7e097d6c","isMergeCommit":false,"messageTitle":"Level 2. Add, List","messageBody":"","tags":["Level-2"],"fileTypesAndContributionMap":{"java":{"insertions":29,"deletions":14}}},{"hash":"567d2beb1a2114677df6e6764ebb25c4e7adc1dd","isMergeCommit":false,"messageTitle":"Level 3. Mark as Done","messageBody":"","tags":["Level-3"],"fileTypesAndContributionMap":{"java":{"insertions":49,"deletions":4}}},{"hash":"b4a51ce054ef952441873ae4dacef918f4e8c97f","isMergeCommit":false,"messageTitle":"Level 4. ToDos, Events, Deadlines","messageBody":"","fileTypesAndContributionMap":{"java":{"insertions":50,"deletions":16}}}]},{"date":"2025-01-19","commitResults":[{"hash":"04212f97c86a1c071a6a18fc65c89780e3c667cd","isMergeCommit":false,"messageTitle":"Level 4. but actually committed","messageBody":"","tags":["Level-4"],"fileTypesAndContributionMap":{"java":{"insertions":35,"deletions":6}}},{"hash":"0f3732432dda53ed4271f352373bc18d298fc65e","isMergeCommit":false,"messageTitle":"A-TextUiTesting Automated Text UI Testing","messageBody":"","tags":["A-TextUiTesting"],"fileTypesAndContributionMap":{"txt":{"insertions":12,"deletions":0},"java":{"insertions":3,"deletions":3},"bat":{"insertions":2,"deletions":2}}},{"hash":"dc4648274049146b6e80c124307a65197df00389","isMergeCommit":false,"messageTitle":"Level 5. Handle Errors","messageBody":"","tags":["Level-5","A-Exceptions"],"fileTypesAndContributionMap":{"txt":{"insertions":20,"deletions":0},"java":{"insertions":77,"deletions":28}}},{"hash":"02f5f410a4f935662dbc17bd96e3f1bd0fc4c9ba","isMergeCommit":false,"messageTitle":"Level 6. Delete","messageBody":"","tags":["Level-6","A-Collections"],"fileTypesAndContributionMap":{"java":{"insertions":14,"deletions":4}}}]}]},"authorFileTypeContributionMap":{"Hackari":{"java":205,"md":0,"fxml":0,"sh":0,"bat":2,"gradle":0,"txt":32}},"authorContributionVariance":{"Hackari":6315.6104},"authorDisplayNameMap":{"Hackari":"CS2103T-T16-1 SIM ..RYAN"}}
