[{"path":"README.md","fileType":"md","lines":[{"lineNumber":1,"author":{"gitId":"SanShaoQian"},"content":"# Stonks project template","lastModifiedDate":"2025-01-19","isFullCredit":false},{"lineNumber":2,"author":{"gitId":"-"},"content":"","lastModifiedDate":"2020-05-25","isFullCredit":false},{"lineNumber":3,"author":{"gitId":"-"},"content":"This is a project template for a greenfield Java project. It\u0027s named after the Java mascot _Duke_. Given below are instructions on how to use it.","lastModifiedDate":"2020-05-25","isFullCredit":false},{"lineNumber":4,"author":{"gitId":"-"},"content":"","lastModifiedDate":"2020-05-25","isFullCredit":false},{"lineNumber":5,"author":{"gitId":"-"},"content":"## Setting up in Intellij","lastModifiedDate":"2020-05-25","isFullCredit":false},{"lineNumber":6,"author":{"gitId":"-"},"content":"","lastModifiedDate":"2020-05-25","isFullCredit":false},{"lineNumber":7,"author":{"gitId":"-"},"content":"Prerequisites: JDK 17, update Intellij to the most recent version.","lastModifiedDate":"2024-07-11","isFullCredit":false},{"lineNumber":8,"author":{"gitId":"-"},"content":"","lastModifiedDate":"2020-05-25","isFullCredit":false},{"lineNumber":9,"author":{"gitId":"-"},"content":"1. Open Intellij (if you are not in the welcome screen, click `File` \u003e `Close Project` to close the existing project first)","lastModifiedDate":"2021-01-17","isFullCredit":false},{"lineNumber":10,"author":{"gitId":"-"},"content":"1. Open the project into Intellij as follows:","lastModifiedDate":"2021-01-17","isFullCredit":false},{"lineNumber":11,"author":{"gitId":"-"},"content":"   1. Click `Open`.","lastModifiedDate":"2021-01-17","isFullCredit":false},{"lineNumber":12,"author":{"gitId":"-"},"content":"   1. Select the project directory, and click `OK`.","lastModifiedDate":"2021-01-17","isFullCredit":false},{"lineNumber":13,"author":{"gitId":"-"},"content":"   1. If there are any further prompts, accept the defaults.","lastModifiedDate":"2020-05-25","isFullCredit":false},{"lineNumber":14,"author":{"gitId":"-"},"content":"1. Configure the project to use **JDK 17** (not other versions) as explained in [here](https://www.jetbrains.com/help/idea/sdk.html#set-up-jdk).\u003cbr\u003e","lastModifiedDate":"2024-07-11","isFullCredit":false},{"lineNumber":15,"author":{"gitId":"-"},"content":"   In the same dialog, set the **Project language level** field to the `SDK default` option.","lastModifiedDate":"2021-07-29","isFullCredit":false},{"lineNumber":16,"author":{"gitId":"SanShaoQian"},"content":"1. After that, locate the `src/main/java/Stonks.java` file, right-click it, and choose `Run Stonks.main()` (if the code editor is showing compile errors, try restarting the IDE). If the setup is correct, you should see something like the below as the output:","lastModifiedDate":"2025-01-19","isFullCredit":false},{"lineNumber":17,"author":{"gitId":"-"},"content":"   ```","lastModifiedDate":"2020-05-25","isFullCredit":false},{"lineNumber":18,"author":{"gitId":"-"},"content":"   Hello from","lastModifiedDate":"2020-05-25","isFullCredit":false},{"lineNumber":19,"author":{"gitId":"-"},"content":"    ____        _        ","lastModifiedDate":"2020-05-25","isFullCredit":false},{"lineNumber":20,"author":{"gitId":"-"},"content":"   |  _ \\ _   _| | _____ ","lastModifiedDate":"2020-05-25","isFullCredit":false},{"lineNumber":21,"author":{"gitId":"-"},"content":"   | | | | | | | |/ / _ \\","lastModifiedDate":"2020-05-25","isFullCredit":false},{"lineNumber":22,"author":{"gitId":"-"},"content":"   | |_| | |_| |   \u003c  __/","lastModifiedDate":"2020-05-25","isFullCredit":false},{"lineNumber":23,"author":{"gitId":"-"},"content":"   |____/ \\__,_|_|\\_\\___|","lastModifiedDate":"2020-05-25","isFullCredit":false},{"lineNumber":24,"author":{"gitId":"-"},"content":"   ```","lastModifiedDate":"2020-05-25","isFullCredit":false},{"lineNumber":25,"author":{"gitId":"-"},"content":"","lastModifiedDate":"2025-01-04","isFullCredit":false},{"lineNumber":26,"author":{"gitId":"-"},"content":"**Warning:** Keep the `src\\main\\java` folder as the root folder for Java files (i.e., don\u0027t rename those folders or move Java files to another folder outside of this folder path), as this is the default location some tools (e.g., Gradle) expect to find Java files.","lastModifiedDate":"2025-01-04","isFullCredit":false}],"authorContributionMap":{"SanShaoQian":2,"-":24}},{"path":"data/stonks.txt","fileType":"txt","lines":[{"lineNumber":1,"author":{"gitId":"SanShaoQian"},"content":"T | 1 | buy food","lastModifiedDate":"2025-01-26","isFullCredit":false},{"lineNumber":2,"author":{"gitId":"SanShaoQian"},"content":"T | 0 | read","lastModifiedDate":"2025-01-26","isFullCredit":false},{"lineNumber":3,"author":{"gitId":"SanShaoQian"},"content":"T | 0 | finish work","lastModifiedDate":"2025-01-26","isFullCredit":false}],"authorContributionMap":{"SanShaoQian":3}},{"path":"docs/README.md","fileType":"md","lines":[{"lineNumber":1,"author":{"gitId":"SanShaoQian"},"content":"# Stonks User Guide","lastModifiedDate":"2025-01-19","isFullCredit":false},{"lineNumber":2,"author":{"gitId":"-"},"content":"","lastModifiedDate":"2019-07-29","isFullCredit":false},{"lineNumber":3,"author":{"gitId":"-"},"content":"// Update the title above to match the actual product name","lastModifiedDate":"2024-01-07","isFullCredit":false},{"lineNumber":4,"author":{"gitId":"-"},"content":"","lastModifiedDate":"2019-07-29","isFullCredit":false},{"lineNumber":5,"author":{"gitId":"-"},"content":"// Product screenshot goes here","lastModifiedDate":"2024-01-07","isFullCredit":false},{"lineNumber":6,"author":{"gitId":"-"},"content":"","lastModifiedDate":"2021-07-17","isFullCredit":false},{"lineNumber":7,"author":{"gitId":"-"},"content":"// Product intro goes here","lastModifiedDate":"2024-01-07","isFullCredit":false},{"lineNumber":8,"author":{"gitId":"-"},"content":"","lastModifiedDate":"2021-07-17","isFullCredit":false},{"lineNumber":9,"author":{"gitId":"-"},"content":"## Adding deadlines","lastModifiedDate":"2024-01-07","isFullCredit":false},{"lineNumber":10,"author":{"gitId":"-"},"content":"","lastModifiedDate":"2021-07-17","isFullCredit":false},{"lineNumber":11,"author":{"gitId":"-"},"content":"// Describe the action and its outcome.","lastModifiedDate":"2024-01-07","isFullCredit":false},{"lineNumber":12,"author":{"gitId":"-"},"content":"","lastModifiedDate":"2019-07-29","isFullCredit":false},{"lineNumber":13,"author":{"gitId":"-"},"content":"// Give examples of usage","lastModifiedDate":"2024-01-07","isFullCredit":false},{"lineNumber":14,"author":{"gitId":"-"},"content":"","lastModifiedDate":"2019-07-29","isFullCredit":false},{"lineNumber":15,"author":{"gitId":"-"},"content":"Example: `keyword (optional arguments)`","lastModifiedDate":"2024-01-07","isFullCredit":false},{"lineNumber":16,"author":{"gitId":"-"},"content":"","lastModifiedDate":"2019-07-29","isFullCredit":false},{"lineNumber":17,"author":{"gitId":"-"},"content":"// A description of the expected outcome goes here","lastModifiedDate":"2024-01-07","isFullCredit":false},{"lineNumber":18,"author":{"gitId":"-"},"content":"","lastModifiedDate":"2019-07-29","isFullCredit":false},{"lineNumber":19,"author":{"gitId":"-"},"content":"```","lastModifiedDate":"2024-01-07","isFullCredit":false},{"lineNumber":20,"author":{"gitId":"-"},"content":"expected output","lastModifiedDate":"2024-01-07","isFullCredit":false},{"lineNumber":21,"author":{"gitId":"-"},"content":"```","lastModifiedDate":"2024-01-07","isFullCredit":false},{"lineNumber":22,"author":{"gitId":"-"},"content":"","lastModifiedDate":"2019-07-29","isFullCredit":false},{"lineNumber":23,"author":{"gitId":"-"},"content":"## Feature ABC","lastModifiedDate":"2024-01-07","isFullCredit":false},{"lineNumber":24,"author":{"gitId":"-"},"content":"","lastModifiedDate":"2019-07-29","isFullCredit":false},{"lineNumber":25,"author":{"gitId":"-"},"content":"// Feature details","lastModifiedDate":"2024-01-07","isFullCredit":false},{"lineNumber":26,"author":{"gitId":"-"},"content":"","lastModifiedDate":"2019-07-29","isFullCredit":false},{"lineNumber":27,"author":{"gitId":"-"},"content":"","lastModifiedDate":"2021-07-17","isFullCredit":false},{"lineNumber":28,"author":{"gitId":"-"},"content":"## Feature XYZ","lastModifiedDate":"2024-01-07","isFullCredit":false},{"lineNumber":29,"author":{"gitId":"-"},"content":"","lastModifiedDate":"2024-01-07","isFullCredit":false},{"lineNumber":30,"author":{"gitId":"-"},"content":"// Feature details","lastModifiedDate":"2024-01-07","isFullCredit":false}],"authorContributionMap":{"SanShaoQian":1,"-":29}},{"path":"src/main/java/Deadline.java","fileType":"java","lines":[{"lineNumber":1,"author":{"gitId":"SanShaoQian"},"content":"public class Deadline extends Task {","lastModifiedDate":"2025-01-21","isFullCredit":false},{"lineNumber":2,"author":{"gitId":"SanShaoQian"},"content":"    protected String deadline;","lastModifiedDate":"2025-01-21","isFullCredit":false},{"lineNumber":3,"author":{"gitId":"SanShaoQian"},"content":"","lastModifiedDate":"2025-01-21","isFullCredit":false},{"lineNumber":4,"author":{"gitId":"SanShaoQian"},"content":"    public Deadline(String description, String deadline) {","lastModifiedDate":"2025-01-21","isFullCredit":false},{"lineNumber":5,"author":{"gitId":"SanShaoQian"},"content":"        super(description);","lastModifiedDate":"2025-01-21","isFullCredit":false},{"lineNumber":6,"author":{"gitId":"SanShaoQian"},"content":"        this.deadline \u003d deadline;","lastModifiedDate":"2025-01-21","isFullCredit":false},{"lineNumber":7,"author":{"gitId":"SanShaoQian"},"content":"    }","lastModifiedDate":"2025-01-21","isFullCredit":false},{"lineNumber":8,"author":{"gitId":"SanShaoQian"},"content":"","lastModifiedDate":"2025-01-21","isFullCredit":false},{"lineNumber":9,"author":{"gitId":"SanShaoQian"},"content":"    @Override","lastModifiedDate":"2025-01-21","isFullCredit":false},{"lineNumber":10,"author":{"gitId":"SanShaoQian"},"content":"    public String toString() {","lastModifiedDate":"2025-01-21","isFullCredit":false},{"lineNumber":11,"author":{"gitId":"SanShaoQian"},"content":"        return String.format(\"[D]%s (by: %s)\", super.toString(), deadline);","lastModifiedDate":"2025-01-21","isFullCredit":false},{"lineNumber":12,"author":{"gitId":"SanShaoQian"},"content":"    }","lastModifiedDate":"2025-01-21","isFullCredit":false},{"lineNumber":13,"author":{"gitId":"SanShaoQian"},"content":"","lastModifiedDate":"2025-01-26","isFullCredit":false},{"lineNumber":14,"author":{"gitId":"SanShaoQian"},"content":"    @Override","lastModifiedDate":"2025-01-26","isFullCredit":false},{"lineNumber":15,"author":{"gitId":"SanShaoQian"},"content":"    public String toFileFormat() {","lastModifiedDate":"2025-01-26","isFullCredit":false},{"lineNumber":16,"author":{"gitId":"SanShaoQian"},"content":"        return String.format(\"D | %d | %s | %s\", this.isDone ? 1:0, this.description, this.deadline);","lastModifiedDate":"2025-01-26","isFullCredit":false},{"lineNumber":17,"author":{"gitId":"SanShaoQian"},"content":"    }","lastModifiedDate":"2025-01-26","isFullCredit":false},{"lineNumber":18,"author":{"gitId":"SanShaoQian"},"content":"}","lastModifiedDate":"2025-01-21","isFullCredit":false}],"authorContributionMap":{"SanShaoQian":18}},{"path":"src/main/java/Event.java","fileType":"java","lines":[{"lineNumber":1,"author":{"gitId":"SanShaoQian"},"content":"public class Event extends Task {","lastModifiedDate":"2025-01-21","isFullCredit":false},{"lineNumber":2,"author":{"gitId":"SanShaoQian"},"content":"    private String start;","lastModifiedDate":"2025-01-21","isFullCredit":false},{"lineNumber":3,"author":{"gitId":"SanShaoQian"},"content":"    private String end;","lastModifiedDate":"2025-01-21","isFullCredit":false},{"lineNumber":4,"author":{"gitId":"SanShaoQian"},"content":"","lastModifiedDate":"2025-01-21","isFullCredit":false},{"lineNumber":5,"author":{"gitId":"SanShaoQian"},"content":"    public Event(String description, String start, String end) {","lastModifiedDate":"2025-01-21","isFullCredit":false},{"lineNumber":6,"author":{"gitId":"SanShaoQian"},"content":"        super(description);","lastModifiedDate":"2025-01-21","isFullCredit":false},{"lineNumber":7,"author":{"gitId":"SanShaoQian"},"content":"        this.start \u003d start;","lastModifiedDate":"2025-01-21","isFullCredit":false},{"lineNumber":8,"author":{"gitId":"SanShaoQian"},"content":"        this.end \u003d end;","lastModifiedDate":"2025-01-21","isFullCredit":false},{"lineNumber":9,"author":{"gitId":"SanShaoQian"},"content":"    }","lastModifiedDate":"2025-01-21","isFullCredit":false},{"lineNumber":10,"author":{"gitId":"SanShaoQian"},"content":"","lastModifiedDate":"2025-01-21","isFullCredit":false},{"lineNumber":11,"author":{"gitId":"SanShaoQian"},"content":"    @Override","lastModifiedDate":"2025-01-21","isFullCredit":false},{"lineNumber":12,"author":{"gitId":"SanShaoQian"},"content":"    public String toString() {","lastModifiedDate":"2025-01-21","isFullCredit":false},{"lineNumber":13,"author":{"gitId":"SanShaoQian"},"content":"        return String.format(\"[E]%s (from: %s to: %s)\", super.toString(), start, end);","lastModifiedDate":"2025-01-21","isFullCredit":false},{"lineNumber":14,"author":{"gitId":"SanShaoQian"},"content":"    }","lastModifiedDate":"2025-01-21","isFullCredit":false},{"lineNumber":15,"author":{"gitId":"SanShaoQian"},"content":"","lastModifiedDate":"2025-01-26","isFullCredit":false},{"lineNumber":16,"author":{"gitId":"SanShaoQian"},"content":"    @Override","lastModifiedDate":"2025-01-26","isFullCredit":false},{"lineNumber":17,"author":{"gitId":"SanShaoQian"},"content":"    public String toFileFormat() {","lastModifiedDate":"2025-01-26","isFullCredit":false},{"lineNumber":18,"author":{"gitId":"SanShaoQian"},"content":"        return String.format(\"E | %d | %s | %s | %s\", this.isDone ? 1:0, this.description, this.start, this.end);","lastModifiedDate":"2025-01-26","isFullCredit":false},{"lineNumber":19,"author":{"gitId":"SanShaoQian"},"content":"    }","lastModifiedDate":"2025-01-26","isFullCredit":false},{"lineNumber":20,"author":{"gitId":"SanShaoQian"},"content":"}","lastModifiedDate":"2025-01-21","isFullCredit":false}],"authorContributionMap":{"SanShaoQian":20}},{"path":"src/main/java/Stonks.java","fileType":"java","lines":[{"lineNumber":1,"author":{"gitId":"SanShaoQian"},"content":"import java.util.Scanner;","lastModifiedDate":"2025-01-19","isFullCredit":false},{"lineNumber":2,"author":{"gitId":"SanShaoQian"},"content":"","lastModifiedDate":"2025-01-19","isFullCredit":false},{"lineNumber":3,"author":{"gitId":"SanShaoQian"},"content":"public class Stonks {","lastModifiedDate":"2025-01-19","isFullCredit":false},{"lineNumber":4,"author":{"gitId":"-"},"content":"    public static void main(String[] args) {","lastModifiedDate":"2019-07-29","isFullCredit":false},{"lineNumber":5,"author":{"gitId":"SanShaoQian"},"content":"        String greeting \u003d \"     Hello! I\u0027m Stonks\\n\" +","lastModifiedDate":"2025-01-19","isFullCredit":false},{"lineNumber":6,"author":{"gitId":"SanShaoQian"},"content":"                \"     What can I do for you?\\n\" ;","lastModifiedDate":"2025-01-19","isFullCredit":false},{"lineNumber":7,"author":{"gitId":"SanShaoQian"},"content":"        String separator \u003d \"    ____________________________________________________________\\n\";","lastModifiedDate":"2025-01-19","isFullCredit":false},{"lineNumber":8,"author":{"gitId":"SanShaoQian"},"content":"        System.out.print(separator + greeting + separator);","lastModifiedDate":"2025-01-21","isFullCredit":false},{"lineNumber":9,"author":{"gitId":"SanShaoQian"},"content":"","lastModifiedDate":"2025-01-19","isFullCredit":false},{"lineNumber":10,"author":{"gitId":"SanShaoQian"},"content":"        Scanner scanner \u003d new Scanner(System.in);","lastModifiedDate":"2025-01-19","isFullCredit":false},{"lineNumber":11,"author":{"gitId":"SanShaoQian"},"content":"        String input;","lastModifiedDate":"2025-01-19","isFullCredit":false},{"lineNumber":12,"author":{"gitId":"SanShaoQian"},"content":"        TaskManager tm \u003d new TaskManager(\"./data/stonks.txt\");","lastModifiedDate":"2025-01-26","isFullCredit":false},{"lineNumber":13,"author":{"gitId":"SanShaoQian"},"content":"        while (true) {","lastModifiedDate":"2025-01-19","isFullCredit":false},{"lineNumber":14,"author":{"gitId":"SanShaoQian"},"content":"            input \u003d scanner.nextLine();","lastModifiedDate":"2025-01-19","isFullCredit":false},{"lineNumber":15,"author":{"gitId":"SanShaoQian"},"content":"            System.out.print(separator);","lastModifiedDate":"2025-01-19","isFullCredit":false},{"lineNumber":16,"author":{"gitId":"SanShaoQian"},"content":"            if (input.startsWith(\"bye\")) {","lastModifiedDate":"2025-01-26","isFullCredit":false},{"lineNumber":17,"author":{"gitId":"SanShaoQian"},"content":"                System.out.println(\"     Bye. Hope to see you again soon!\");","lastModifiedDate":"2025-01-21","isFullCredit":false},{"lineNumber":18,"author":{"gitId":"SanShaoQian"},"content":"                System.out.print(separator);","lastModifiedDate":"2025-01-21","isFullCredit":false},{"lineNumber":19,"author":{"gitId":"SanShaoQian"},"content":"                break;","lastModifiedDate":"2025-01-21","isFullCredit":false},{"lineNumber":20,"author":{"gitId":"SanShaoQian"},"content":"            }","lastModifiedDate":"2025-01-21","isFullCredit":false},{"lineNumber":21,"author":{"gitId":"SanShaoQian"},"content":"            else if (input.startsWith(\"list\")) {","lastModifiedDate":"2025-01-26","isFullCredit":false},{"lineNumber":22,"author":{"gitId":"SanShaoQian"},"content":"                System.out.println(\"     Here are the tasks in your list:\");","lastModifiedDate":"2025-01-19","isFullCredit":false},{"lineNumber":23,"author":{"gitId":"SanShaoQian"},"content":"                System.out.print(tm);","lastModifiedDate":"2025-01-26","isFullCredit":false},{"lineNumber":24,"author":{"gitId":"SanShaoQian"},"content":"            }","lastModifiedDate":"2025-01-19","isFullCredit":false},{"lineNumber":25,"author":{"gitId":"SanShaoQian"},"content":"            else if (input.startsWith(\"mark\")) {","lastModifiedDate":"2025-01-26","isFullCredit":false},{"lineNumber":26,"author":{"gitId":"SanShaoQian"},"content":"                String[] inputs \u003d input.split(\" \");","lastModifiedDate":"2025-01-26","isFullCredit":false},{"lineNumber":27,"author":{"gitId":"SanShaoQian"},"content":"                int index \u003d Integer.parseInt(inputs[1]) - 1;","lastModifiedDate":"2025-01-21","isFullCredit":false},{"lineNumber":28,"author":{"gitId":"SanShaoQian"},"content":"                System.out.println(\"     Nice! I\u0027ve marked this task as done:\");","lastModifiedDate":"2025-01-19","isFullCredit":false},{"lineNumber":29,"author":{"gitId":"SanShaoQian"},"content":"                System.out.println(\"       \" + tm.mark(index));","lastModifiedDate":"2025-01-26","isFullCredit":false},{"lineNumber":30,"author":{"gitId":"SanShaoQian"},"content":"            }","lastModifiedDate":"2025-01-19","isFullCredit":false},{"lineNumber":31,"author":{"gitId":"SanShaoQian"},"content":"            else if (input.startsWith(\"unmark\")) {","lastModifiedDate":"2025-01-26","isFullCredit":false},{"lineNumber":32,"author":{"gitId":"SanShaoQian"},"content":"                String[] inputs \u003d input.split(\" \");","lastModifiedDate":"2025-01-26","isFullCredit":false},{"lineNumber":33,"author":{"gitId":"SanShaoQian"},"content":"                int index \u003d Integer.parseInt(inputs[1]) - 1;","lastModifiedDate":"2025-01-21","isFullCredit":false},{"lineNumber":34,"author":{"gitId":"SanShaoQian"},"content":"                System.out.println(\"     OK, I\u0027ve marked this task as not done yet:\");","lastModifiedDate":"2025-01-19","isFullCredit":false},{"lineNumber":35,"author":{"gitId":"SanShaoQian"},"content":"                System.out.println(\"       \" + tm.unmark(index));","lastModifiedDate":"2025-01-26","isFullCredit":false},{"lineNumber":36,"author":{"gitId":"SanShaoQian"},"content":"            }","lastModifiedDate":"2025-01-21","isFullCredit":false},{"lineNumber":37,"author":{"gitId":"SanShaoQian"},"content":"            else if (input.startsWith(\"todo\") || input.startsWith(\"deadline\") || input.startsWith(\"event\")) {","lastModifiedDate":"2025-01-26","isFullCredit":false},{"lineNumber":38,"author":{"gitId":"SanShaoQian"},"content":"                Task task \u003d tm.addTask(input);","lastModifiedDate":"2025-01-26","isFullCredit":false},{"lineNumber":39,"author":{"gitId":"SanShaoQian"},"content":"                if (task \u003d\u003d null) {","lastModifiedDate":"2025-01-26","isFullCredit":false},{"lineNumber":40,"author":{"gitId":"SanShaoQian"},"content":"                    System.out.print(separator);","lastModifiedDate":"2025-01-26","isFullCredit":false},{"lineNumber":41,"author":{"gitId":"SanShaoQian"},"content":"                    continue;","lastModifiedDate":"2025-01-21","isFullCredit":false},{"lineNumber":42,"author":{"gitId":"SanShaoQian"},"content":"                }","lastModifiedDate":"2025-01-21","isFullCredit":false},{"lineNumber":43,"author":{"gitId":"SanShaoQian"},"content":"                System.out.println(\"     Got it. I\u0027ve added this task:\");","lastModifiedDate":"2025-01-21","isFullCredit":false},{"lineNumber":44,"author":{"gitId":"SanShaoQian"},"content":"                System.out.println(\"       \" + task);","lastModifiedDate":"2025-01-21","isFullCredit":false},{"lineNumber":45,"author":{"gitId":"SanShaoQian"},"content":"                System.out.println(String.format(\"     Now you have %d tasks in the list.\", tm.size()));","lastModifiedDate":"2025-01-26","isFullCredit":false},{"lineNumber":46,"author":{"gitId":"SanShaoQian"},"content":"            }","lastModifiedDate":"2025-01-21","isFullCredit":false},{"lineNumber":47,"author":{"gitId":"SanShaoQian"},"content":"            else if (input.startsWith(\"delete\")) {","lastModifiedDate":"2025-01-26","isFullCredit":false},{"lineNumber":48,"author":{"gitId":"SanShaoQian"},"content":"                String[] inputs \u003d input.split(\" \");","lastModifiedDate":"2025-01-26","isFullCredit":false},{"lineNumber":49,"author":{"gitId":"SanShaoQian"},"content":"                int index \u003d Integer.parseInt(inputs[1]) - 1;","lastModifiedDate":"2025-01-21","isFullCredit":false},{"lineNumber":50,"author":{"gitId":"SanShaoQian"},"content":"                System.out.println(\"     Noted. I\u0027ve removed this task:\");","lastModifiedDate":"2025-01-21","isFullCredit":false},{"lineNumber":51,"author":{"gitId":"SanShaoQian"},"content":"                System.out.println(\"       \" + tm.deleteTask(index));","lastModifiedDate":"2025-01-26","isFullCredit":false},{"lineNumber":52,"author":{"gitId":"SanShaoQian"},"content":"                System.out.println(String.format(\"     Now you have %d tasks in the list.\", tm.size()));","lastModifiedDate":"2025-01-26","isFullCredit":false},{"lineNumber":53,"author":{"gitId":"SanShaoQian"},"content":"            }","lastModifiedDate":"2025-01-19","isFullCredit":false},{"lineNumber":54,"author":{"gitId":"SanShaoQian"},"content":"            else {","lastModifiedDate":"2025-01-21","isFullCredit":false},{"lineNumber":55,"author":{"gitId":"SanShaoQian"},"content":"                System.out.println(\"     Sorry, I don\u0027t know what that means.\");","lastModifiedDate":"2025-01-21","isFullCredit":false},{"lineNumber":56,"author":{"gitId":"SanShaoQian"},"content":"            }","lastModifiedDate":"2025-01-21","isFullCredit":false},{"lineNumber":57,"author":{"gitId":"SanShaoQian"},"content":"            System.out.print(separator);","lastModifiedDate":"2025-01-21","isFullCredit":false},{"lineNumber":58,"author":{"gitId":"SanShaoQian"},"content":"        }","lastModifiedDate":"2025-01-19","isFullCredit":false},{"lineNumber":59,"author":{"gitId":"SanShaoQian"},"content":"        scanner.close();","lastModifiedDate":"2025-01-19","isFullCredit":false},{"lineNumber":60,"author":{"gitId":"-"},"content":"    }","lastModifiedDate":"2019-07-29","isFullCredit":false},{"lineNumber":61,"author":{"gitId":"-"},"content":"}","lastModifiedDate":"2019-07-29","isFullCredit":false}],"authorContributionMap":{"SanShaoQian":58,"-":3}},{"path":"src/main/java/Task.java","fileType":"java","lines":[{"lineNumber":1,"author":{"gitId":"SanShaoQian"},"content":"public class Task {","lastModifiedDate":"2025-01-19","isFullCredit":false},{"lineNumber":2,"author":{"gitId":"SanShaoQian"},"content":"    protected String description;","lastModifiedDate":"2025-01-19","isFullCredit":false},{"lineNumber":3,"author":{"gitId":"SanShaoQian"},"content":"    protected boolean isDone;","lastModifiedDate":"2025-01-19","isFullCredit":false},{"lineNumber":4,"author":{"gitId":"SanShaoQian"},"content":"","lastModifiedDate":"2025-01-19","isFullCredit":false},{"lineNumber":5,"author":{"gitId":"SanShaoQian"},"content":"    public Task(String description) {","lastModifiedDate":"2025-01-19","isFullCredit":false},{"lineNumber":6,"author":{"gitId":"SanShaoQian"},"content":"        this.description \u003d description;","lastModifiedDate":"2025-01-19","isFullCredit":false},{"lineNumber":7,"author":{"gitId":"SanShaoQian"},"content":"        this.isDone \u003d false;","lastModifiedDate":"2025-01-19","isFullCredit":false},{"lineNumber":8,"author":{"gitId":"SanShaoQian"},"content":"    }","lastModifiedDate":"2025-01-19","isFullCredit":false},{"lineNumber":9,"author":{"gitId":"SanShaoQian"},"content":"","lastModifiedDate":"2025-01-19","isFullCredit":false},{"lineNumber":10,"author":{"gitId":"SanShaoQian"},"content":"    public String toString() {","lastModifiedDate":"2025-01-19","isFullCredit":false},{"lineNumber":11,"author":{"gitId":"SanShaoQian"},"content":"        return String.format(\"[%s] %s\",isDone ? \"X\" : \" \", description);","lastModifiedDate":"2025-01-19","isFullCredit":false},{"lineNumber":12,"author":{"gitId":"SanShaoQian"},"content":"    }","lastModifiedDate":"2025-01-19","isFullCredit":false},{"lineNumber":13,"author":{"gitId":"SanShaoQian"},"content":"","lastModifiedDate":"2025-01-19","isFullCredit":false},{"lineNumber":14,"author":{"gitId":"SanShaoQian"},"content":"    public void markDone() {","lastModifiedDate":"2025-01-19","isFullCredit":false},{"lineNumber":15,"author":{"gitId":"SanShaoQian"},"content":"        isDone \u003d true;","lastModifiedDate":"2025-01-19","isFullCredit":false},{"lineNumber":16,"author":{"gitId":"SanShaoQian"},"content":"    }","lastModifiedDate":"2025-01-19","isFullCredit":false},{"lineNumber":17,"author":{"gitId":"SanShaoQian"},"content":"","lastModifiedDate":"2025-01-19","isFullCredit":false},{"lineNumber":18,"author":{"gitId":"SanShaoQian"},"content":"    public void markNotDone() {","lastModifiedDate":"2025-01-19","isFullCredit":false},{"lineNumber":19,"author":{"gitId":"SanShaoQian"},"content":"        isDone \u003d false;","lastModifiedDate":"2025-01-19","isFullCredit":false},{"lineNumber":20,"author":{"gitId":"SanShaoQian"},"content":"    }","lastModifiedDate":"2025-01-19","isFullCredit":false},{"lineNumber":21,"author":{"gitId":"SanShaoQian"},"content":"","lastModifiedDate":"2025-01-26","isFullCredit":false},{"lineNumber":22,"author":{"gitId":"SanShaoQian"},"content":"    public String toFileFormat() {","lastModifiedDate":"2025-01-26","isFullCredit":false},{"lineNumber":23,"author":{"gitId":"SanShaoQian"},"content":"        return this.toString();","lastModifiedDate":"2025-01-26","isFullCredit":false},{"lineNumber":24,"author":{"gitId":"SanShaoQian"},"content":"    }","lastModifiedDate":"2025-01-26","isFullCredit":false},{"lineNumber":25,"author":{"gitId":"SanShaoQian"},"content":"}","lastModifiedDate":"2025-01-19","isFullCredit":false}],"authorContributionMap":{"SanShaoQian":25}},{"path":"src/main/java/TaskManager.java","fileType":"java","lines":[{"lineNumber":1,"author":{"gitId":"SanShaoQian"},"content":"import java.io.*;","lastModifiedDate":"2025-01-26","isFullCredit":false},{"lineNumber":2,"author":{"gitId":"SanShaoQian"},"content":"import java.nio.file.*;","lastModifiedDate":"2025-01-26","isFullCredit":false},{"lineNumber":3,"author":{"gitId":"SanShaoQian"},"content":"import java.util.ArrayList;","lastModifiedDate":"2025-01-26","isFullCredit":false},{"lineNumber":4,"author":{"gitId":"SanShaoQian"},"content":"import java.util.regex.Matcher;","lastModifiedDate":"2025-01-26","isFullCredit":false},{"lineNumber":5,"author":{"gitId":"SanShaoQian"},"content":"import java.util.regex.Pattern;","lastModifiedDate":"2025-01-26","isFullCredit":false},{"lineNumber":6,"author":{"gitId":"SanShaoQian"},"content":"","lastModifiedDate":"2025-01-26","isFullCredit":false},{"lineNumber":7,"author":{"gitId":"SanShaoQian"},"content":"public class TaskManager {","lastModifiedDate":"2025-01-26","isFullCredit":false},{"lineNumber":8,"author":{"gitId":"SanShaoQian"},"content":"    private String filepath;","lastModifiedDate":"2025-01-26","isFullCredit":false},{"lineNumber":9,"author":{"gitId":"SanShaoQian"},"content":"    private ArrayList\u003cTask\u003e tasks;","lastModifiedDate":"2025-01-26","isFullCredit":false},{"lineNumber":10,"author":{"gitId":"SanShaoQian"},"content":"","lastModifiedDate":"2025-01-26","isFullCredit":false},{"lineNumber":11,"author":{"gitId":"SanShaoQian"},"content":"    public TaskManager(String filepath) {","lastModifiedDate":"2025-01-26","isFullCredit":false},{"lineNumber":12,"author":{"gitId":"SanShaoQian"},"content":"        this.filepath \u003d filepath;","lastModifiedDate":"2025-01-26","isFullCredit":false},{"lineNumber":13,"author":{"gitId":"SanShaoQian"},"content":"        this.tasks \u003d new ArrayList\u003c\u003e();","lastModifiedDate":"2025-01-26","isFullCredit":false},{"lineNumber":14,"author":{"gitId":"SanShaoQian"},"content":"        loadTasksFromFile();","lastModifiedDate":"2025-01-26","isFullCredit":false},{"lineNumber":15,"author":{"gitId":"SanShaoQian"},"content":"    }","lastModifiedDate":"2025-01-26","isFullCredit":false},{"lineNumber":16,"author":{"gitId":"SanShaoQian"},"content":"","lastModifiedDate":"2025-01-26","isFullCredit":false},{"lineNumber":17,"author":{"gitId":"SanShaoQian"},"content":"    private void loadTasksFromFile() {","lastModifiedDate":"2025-01-26","isFullCredit":false},{"lineNumber":18,"author":{"gitId":"SanShaoQian"},"content":"        Path path \u003d Paths.get(this.filepath);","lastModifiedDate":"2025-01-26","isFullCredit":false},{"lineNumber":19,"author":{"gitId":"SanShaoQian"},"content":"        if (!Files.exists(path)) {","lastModifiedDate":"2025-01-26","isFullCredit":false},{"lineNumber":20,"author":{"gitId":"SanShaoQian"},"content":"            try {","lastModifiedDate":"2025-01-26","isFullCredit":false},{"lineNumber":21,"author":{"gitId":"SanShaoQian"},"content":"                Files.createDirectories(path.getParent());","lastModifiedDate":"2025-01-26","isFullCredit":false},{"lineNumber":22,"author":{"gitId":"SanShaoQian"},"content":"                Files.createFile(path);","lastModifiedDate":"2025-01-26","isFullCredit":false},{"lineNumber":23,"author":{"gitId":"SanShaoQian"},"content":"            } catch (IOException e) {","lastModifiedDate":"2025-01-26","isFullCredit":false},{"lineNumber":24,"author":{"gitId":"SanShaoQian"},"content":"                System.out.println(\"Error initializing data file: \" + e.getMessage());","lastModifiedDate":"2025-01-26","isFullCredit":false},{"lineNumber":25,"author":{"gitId":"SanShaoQian"},"content":"                return;","lastModifiedDate":"2025-01-26","isFullCredit":false},{"lineNumber":26,"author":{"gitId":"SanShaoQian"},"content":"            }","lastModifiedDate":"2025-01-26","isFullCredit":false},{"lineNumber":27,"author":{"gitId":"SanShaoQian"},"content":"        }","lastModifiedDate":"2025-01-26","isFullCredit":false},{"lineNumber":28,"author":{"gitId":"SanShaoQian"},"content":"        try (BufferedReader reader \u003d new BufferedReader(new FileReader(this.filepath))) {","lastModifiedDate":"2025-01-26","isFullCredit":false},{"lineNumber":29,"author":{"gitId":"SanShaoQian"},"content":"            String line;","lastModifiedDate":"2025-01-26","isFullCredit":false},{"lineNumber":30,"author":{"gitId":"SanShaoQian"},"content":"            while ((line \u003d reader.readLine()) !\u003d null) {","lastModifiedDate":"2025-01-26","isFullCredit":false},{"lineNumber":31,"author":{"gitId":"SanShaoQian"},"content":"                String[] parts \u003d line.split(\" \\\\| \");","lastModifiedDate":"2025-01-26","isFullCredit":false},{"lineNumber":32,"author":{"gitId":"SanShaoQian"},"content":"                if (parts.length \u003c 3) continue;","lastModifiedDate":"2025-01-26","isFullCredit":false},{"lineNumber":33,"author":{"gitId":"SanShaoQian"},"content":"","lastModifiedDate":"2025-01-26","isFullCredit":false},{"lineNumber":34,"author":{"gitId":"SanShaoQian"},"content":"                String type \u003d parts[0];","lastModifiedDate":"2025-01-26","isFullCredit":false},{"lineNumber":35,"author":{"gitId":"SanShaoQian"},"content":"                boolean isDone \u003d parts[1].equals(\"1\");","lastModifiedDate":"2025-01-26","isFullCredit":false},{"lineNumber":36,"author":{"gitId":"SanShaoQian"},"content":"                String description \u003d parts[2];","lastModifiedDate":"2025-01-26","isFullCredit":false},{"lineNumber":37,"author":{"gitId":"SanShaoQian"},"content":"                Task task \u003d switch (type) {","lastModifiedDate":"2025-01-26","isFullCredit":false},{"lineNumber":38,"author":{"gitId":"SanShaoQian"},"content":"                    case \"T\" -\u003e new Todo(description);","lastModifiedDate":"2025-01-26","isFullCredit":false},{"lineNumber":39,"author":{"gitId":"SanShaoQian"},"content":"                    case \"D\" -\u003e new Deadline(description, parts.length \u003e 3 ? parts[3] : null);","lastModifiedDate":"2025-01-26","isFullCredit":false},{"lineNumber":40,"author":{"gitId":"SanShaoQian"},"content":"                    case \"E\" -\u003e new Event(description, parts.length \u003e 3 ? parts[3] : null, parts.length \u003e 4 ? parts[4] : null);","lastModifiedDate":"2025-01-26","isFullCredit":false},{"lineNumber":41,"author":{"gitId":"SanShaoQian"},"content":"                    default -\u003e null;","lastModifiedDate":"2025-01-26","isFullCredit":false},{"lineNumber":42,"author":{"gitId":"SanShaoQian"},"content":"                };","lastModifiedDate":"2025-01-26","isFullCredit":false},{"lineNumber":43,"author":{"gitId":"SanShaoQian"},"content":"                if (task !\u003d null) {","lastModifiedDate":"2025-01-26","isFullCredit":false},{"lineNumber":44,"author":{"gitId":"SanShaoQian"},"content":"                    if (isDone) {","lastModifiedDate":"2025-01-26","isFullCredit":false},{"lineNumber":45,"author":{"gitId":"SanShaoQian"},"content":"                        task.markDone();","lastModifiedDate":"2025-01-26","isFullCredit":false},{"lineNumber":46,"author":{"gitId":"SanShaoQian"},"content":"                    }","lastModifiedDate":"2025-01-26","isFullCredit":false},{"lineNumber":47,"author":{"gitId":"SanShaoQian"},"content":"                    tasks.add(task);","lastModifiedDate":"2025-01-26","isFullCredit":false},{"lineNumber":48,"author":{"gitId":"SanShaoQian"},"content":"                }","lastModifiedDate":"2025-01-26","isFullCredit":false},{"lineNumber":49,"author":{"gitId":"SanShaoQian"},"content":"            }","lastModifiedDate":"2025-01-26","isFullCredit":false},{"lineNumber":50,"author":{"gitId":"SanShaoQian"},"content":"        } catch (IOException e) {","lastModifiedDate":"2025-01-26","isFullCredit":false},{"lineNumber":51,"author":{"gitId":"SanShaoQian"},"content":"            System.out.println(\"Error reading data file: \" + e.getMessage());","lastModifiedDate":"2025-01-26","isFullCredit":false},{"lineNumber":52,"author":{"gitId":"SanShaoQian"},"content":"        }","lastModifiedDate":"2025-01-26","isFullCredit":false},{"lineNumber":53,"author":{"gitId":"SanShaoQian"},"content":"    }","lastModifiedDate":"2025-01-26","isFullCredit":false},{"lineNumber":54,"author":{"gitId":"SanShaoQian"},"content":"","lastModifiedDate":"2025-01-26","isFullCredit":false},{"lineNumber":55,"author":{"gitId":"SanShaoQian"},"content":"    private Task stringToTask(String input) {","lastModifiedDate":"2025-01-26","isFullCredit":false},{"lineNumber":56,"author":{"gitId":"SanShaoQian"},"content":"        if (input.startsWith(\"todo\")) {","lastModifiedDate":"2025-01-26","isFullCredit":false},{"lineNumber":57,"author":{"gitId":"SanShaoQian"},"content":"            String regex \u003d \"^\\\\s*(\\\\w+)\\\\s+(.*?)\\\\s*$\";","lastModifiedDate":"2025-01-26","isFullCredit":false},{"lineNumber":58,"author":{"gitId":"SanShaoQian"},"content":"            Pattern pattern \u003d Pattern.compile(regex);","lastModifiedDate":"2025-01-26","isFullCredit":false},{"lineNumber":59,"author":{"gitId":"SanShaoQian"},"content":"            Matcher matcher \u003d pattern.matcher(input);","lastModifiedDate":"2025-01-26","isFullCredit":false},{"lineNumber":60,"author":{"gitId":"SanShaoQian"},"content":"            if (matcher.matches()) return new Todo(matcher.group(2));","lastModifiedDate":"2025-01-26","isFullCredit":false},{"lineNumber":61,"author":{"gitId":"SanShaoQian"},"content":"            else {","lastModifiedDate":"2025-01-26","isFullCredit":false},{"lineNumber":62,"author":{"gitId":"SanShaoQian"},"content":"                System.out.println(\"     OHNOOOO, a todo should have a description\");","lastModifiedDate":"2025-01-26","isFullCredit":false},{"lineNumber":63,"author":{"gitId":"SanShaoQian"},"content":"            }","lastModifiedDate":"2025-01-26","isFullCredit":false},{"lineNumber":64,"author":{"gitId":"SanShaoQian"},"content":"        }","lastModifiedDate":"2025-01-26","isFullCredit":false},{"lineNumber":65,"author":{"gitId":"SanShaoQian"},"content":"        else if (input.startsWith(\"deadline\")) {","lastModifiedDate":"2025-01-26","isFullCredit":false},{"lineNumber":66,"author":{"gitId":"SanShaoQian"},"content":"            String regex \u003d \"^\\\\s*(\\\\w+)\\\\s+(.*?)\\\\s+/by\\\\s+(.+)\\\\s*$\";","lastModifiedDate":"2025-01-26","isFullCredit":false},{"lineNumber":67,"author":{"gitId":"SanShaoQian"},"content":"            Pattern pattern \u003d Pattern.compile(regex);","lastModifiedDate":"2025-01-26","isFullCredit":false},{"lineNumber":68,"author":{"gitId":"SanShaoQian"},"content":"            Matcher matcher \u003d pattern.matcher(input);","lastModifiedDate":"2025-01-26","isFullCredit":false},{"lineNumber":69,"author":{"gitId":"SanShaoQian"},"content":"            if (matcher.matches()) return new Deadline(matcher.group(2), matcher.group(3));","lastModifiedDate":"2025-01-26","isFullCredit":false},{"lineNumber":70,"author":{"gitId":"SanShaoQian"},"content":"            else {","lastModifiedDate":"2025-01-26","isFullCredit":false},{"lineNumber":71,"author":{"gitId":"SanShaoQian"},"content":"                System.out.println(\"     OHNOOOO, a deadline should have a description and deadline\");","lastModifiedDate":"2025-01-26","isFullCredit":false},{"lineNumber":72,"author":{"gitId":"SanShaoQian"},"content":"            }","lastModifiedDate":"2025-01-26","isFullCredit":false},{"lineNumber":73,"author":{"gitId":"SanShaoQian"},"content":"        }","lastModifiedDate":"2025-01-26","isFullCredit":false},{"lineNumber":74,"author":{"gitId":"SanShaoQian"},"content":"        else if (input.startsWith(\"event\")) {","lastModifiedDate":"2025-01-26","isFullCredit":false},{"lineNumber":75,"author":{"gitId":"SanShaoQian"},"content":"            String regex \u003d \"^\\\\s*(\\\\w+)\\\\s+(.*?)\\\\s+/from\\\\s+(.+?)\\\\s+/to\\\\s+(.+)\\\\s*$\";","lastModifiedDate":"2025-01-26","isFullCredit":false},{"lineNumber":76,"author":{"gitId":"SanShaoQian"},"content":"            Pattern pattern \u003d Pattern.compile(regex);","lastModifiedDate":"2025-01-26","isFullCredit":false},{"lineNumber":77,"author":{"gitId":"SanShaoQian"},"content":"            Matcher matcher \u003d pattern.matcher(input);","lastModifiedDate":"2025-01-26","isFullCredit":false},{"lineNumber":78,"author":{"gitId":"SanShaoQian"},"content":"            if (matcher.matches()) return new Event(matcher.group(2), matcher.group(3), matcher.group(4));","lastModifiedDate":"2025-01-26","isFullCredit":false},{"lineNumber":79,"author":{"gitId":"SanShaoQian"},"content":"            else {","lastModifiedDate":"2025-01-26","isFullCredit":false},{"lineNumber":80,"author":{"gitId":"SanShaoQian"},"content":"                System.out.println(\"     OHNOOOO, an event should have a description, start and end\");","lastModifiedDate":"2025-01-26","isFullCredit":false},{"lineNumber":81,"author":{"gitId":"SanShaoQian"},"content":"            }","lastModifiedDate":"2025-01-26","isFullCredit":false},{"lineNumber":82,"author":{"gitId":"SanShaoQian"},"content":"        }","lastModifiedDate":"2025-01-26","isFullCredit":false},{"lineNumber":83,"author":{"gitId":"SanShaoQian"},"content":"        return null;","lastModifiedDate":"2025-01-26","isFullCredit":false},{"lineNumber":84,"author":{"gitId":"SanShaoQian"},"content":"    }","lastModifiedDate":"2025-01-26","isFullCredit":false},{"lineNumber":85,"author":{"gitId":"SanShaoQian"},"content":"","lastModifiedDate":"2025-01-26","isFullCredit":false},{"lineNumber":86,"author":{"gitId":"SanShaoQian"},"content":"    public Task addTask(String input) {","lastModifiedDate":"2025-01-26","isFullCredit":false},{"lineNumber":87,"author":{"gitId":"SanShaoQian"},"content":"        Task task \u003d stringToTask(input);","lastModifiedDate":"2025-01-26","isFullCredit":false},{"lineNumber":88,"author":{"gitId":"SanShaoQian"},"content":"        if (task \u003d\u003d null) return null;","lastModifiedDate":"2025-01-26","isFullCredit":false},{"lineNumber":89,"author":{"gitId":"SanShaoQian"},"content":"        tasks.add(task);","lastModifiedDate":"2025-01-26","isFullCredit":false},{"lineNumber":90,"author":{"gitId":"SanShaoQian"},"content":"        saveTasksToFile();","lastModifiedDate":"2025-01-26","isFullCredit":false},{"lineNumber":91,"author":{"gitId":"SanShaoQian"},"content":"        return task;","lastModifiedDate":"2025-01-26","isFullCredit":false},{"lineNumber":92,"author":{"gitId":"SanShaoQian"},"content":"    }","lastModifiedDate":"2025-01-26","isFullCredit":false},{"lineNumber":93,"author":{"gitId":"SanShaoQian"},"content":"","lastModifiedDate":"2025-01-26","isFullCredit":false},{"lineNumber":94,"author":{"gitId":"SanShaoQian"},"content":"    private void saveTasksToFile() {","lastModifiedDate":"2025-01-26","isFullCredit":false},{"lineNumber":95,"author":{"gitId":"SanShaoQian"},"content":"        try (BufferedWriter writer \u003d new BufferedWriter(new FileWriter(this.filepath))) {","lastModifiedDate":"2025-01-26","isFullCredit":false},{"lineNumber":96,"author":{"gitId":"SanShaoQian"},"content":"            for (Task task : tasks) {","lastModifiedDate":"2025-01-26","isFullCredit":false},{"lineNumber":97,"author":{"gitId":"SanShaoQian"},"content":"                writer.write(task.toFileFormat());","lastModifiedDate":"2025-01-26","isFullCredit":false},{"lineNumber":98,"author":{"gitId":"SanShaoQian"},"content":"                writer.newLine();","lastModifiedDate":"2025-01-26","isFullCredit":false},{"lineNumber":99,"author":{"gitId":"SanShaoQian"},"content":"            }","lastModifiedDate":"2025-01-26","isFullCredit":false},{"lineNumber":100,"author":{"gitId":"SanShaoQian"},"content":"        } catch (IOException e) {","lastModifiedDate":"2025-01-26","isFullCredit":false},{"lineNumber":101,"author":{"gitId":"SanShaoQian"},"content":"            System.out.println(\"Error saving tasks to file: \" + e.getMessage());","lastModifiedDate":"2025-01-26","isFullCredit":false},{"lineNumber":102,"author":{"gitId":"SanShaoQian"},"content":"        }","lastModifiedDate":"2025-01-26","isFullCredit":false},{"lineNumber":103,"author":{"gitId":"SanShaoQian"},"content":"    }","lastModifiedDate":"2025-01-26","isFullCredit":false},{"lineNumber":104,"author":{"gitId":"SanShaoQian"},"content":"","lastModifiedDate":"2025-01-26","isFullCredit":false},{"lineNumber":105,"author":{"gitId":"SanShaoQian"},"content":"    @Override","lastModifiedDate":"2025-01-26","isFullCredit":false},{"lineNumber":106,"author":{"gitId":"SanShaoQian"},"content":"    public String toString() {","lastModifiedDate":"2025-01-26","isFullCredit":false},{"lineNumber":107,"author":{"gitId":"SanShaoQian"},"content":"        StringBuilder output \u003d new StringBuilder();","lastModifiedDate":"2025-01-26","isFullCredit":false},{"lineNumber":108,"author":{"gitId":"SanShaoQian"},"content":"        for (int i \u003d 0; i \u003c tasks.size(); i++) {","lastModifiedDate":"2025-01-26","isFullCredit":false},{"lineNumber":109,"author":{"gitId":"SanShaoQian"},"content":"            output.append(String.format(\"     %d. %s\\n\", i + 1, tasks.get(i).toString()));","lastModifiedDate":"2025-01-26","isFullCredit":false},{"lineNumber":110,"author":{"gitId":"SanShaoQian"},"content":"        }","lastModifiedDate":"2025-01-26","isFullCredit":false},{"lineNumber":111,"author":{"gitId":"SanShaoQian"},"content":"        return output.toString();","lastModifiedDate":"2025-01-26","isFullCredit":false},{"lineNumber":112,"author":{"gitId":"SanShaoQian"},"content":"    }","lastModifiedDate":"2025-01-26","isFullCredit":false},{"lineNumber":113,"author":{"gitId":"SanShaoQian"},"content":"","lastModifiedDate":"2025-01-26","isFullCredit":false},{"lineNumber":114,"author":{"gitId":"SanShaoQian"},"content":"    public Task mark(int index) {","lastModifiedDate":"2025-01-26","isFullCredit":false},{"lineNumber":115,"author":{"gitId":"SanShaoQian"},"content":"        this.tasks.get(index).markDone();;","lastModifiedDate":"2025-01-26","isFullCredit":false},{"lineNumber":116,"author":{"gitId":"SanShaoQian"},"content":"        saveTasksToFile();","lastModifiedDate":"2025-01-26","isFullCredit":false},{"lineNumber":117,"author":{"gitId":"SanShaoQian"},"content":"        return this.tasks.get(index);","lastModifiedDate":"2025-01-26","isFullCredit":false},{"lineNumber":118,"author":{"gitId":"SanShaoQian"},"content":"    }","lastModifiedDate":"2025-01-26","isFullCredit":false},{"lineNumber":119,"author":{"gitId":"SanShaoQian"},"content":"","lastModifiedDate":"2025-01-26","isFullCredit":false},{"lineNumber":120,"author":{"gitId":"SanShaoQian"},"content":"    public Task unmark(int index) {","lastModifiedDate":"2025-01-26","isFullCredit":false},{"lineNumber":121,"author":{"gitId":"SanShaoQian"},"content":"        this.tasks.get(index).markNotDone();","lastModifiedDate":"2025-01-26","isFullCredit":false},{"lineNumber":122,"author":{"gitId":"SanShaoQian"},"content":"        saveTasksToFile();","lastModifiedDate":"2025-01-26","isFullCredit":false},{"lineNumber":123,"author":{"gitId":"SanShaoQian"},"content":"        return this.tasks.get(index);","lastModifiedDate":"2025-01-26","isFullCredit":false},{"lineNumber":124,"author":{"gitId":"SanShaoQian"},"content":"    }","lastModifiedDate":"2025-01-26","isFullCredit":false},{"lineNumber":125,"author":{"gitId":"SanShaoQian"},"content":"","lastModifiedDate":"2025-01-26","isFullCredit":false},{"lineNumber":126,"author":{"gitId":"SanShaoQian"},"content":"    public int size() {","lastModifiedDate":"2025-01-26","isFullCredit":false},{"lineNumber":127,"author":{"gitId":"SanShaoQian"},"content":"        return this.tasks.size();","lastModifiedDate":"2025-01-26","isFullCredit":false},{"lineNumber":128,"author":{"gitId":"SanShaoQian"},"content":"    }","lastModifiedDate":"2025-01-26","isFullCredit":false},{"lineNumber":129,"author":{"gitId":"SanShaoQian"},"content":"","lastModifiedDate":"2025-01-26","isFullCredit":false},{"lineNumber":130,"author":{"gitId":"SanShaoQian"},"content":"    public Task deleteTask(int index) {","lastModifiedDate":"2025-01-26","isFullCredit":false},{"lineNumber":131,"author":{"gitId":"SanShaoQian"},"content":"        Task task \u003d this.tasks.get(index);","lastModifiedDate":"2025-01-26","isFullCredit":false},{"lineNumber":132,"author":{"gitId":"SanShaoQian"},"content":"        this.tasks.remove(index);","lastModifiedDate":"2025-01-26","isFullCredit":false},{"lineNumber":133,"author":{"gitId":"SanShaoQian"},"content":"        this.saveTasksToFile();","lastModifiedDate":"2025-01-26","isFullCredit":false},{"lineNumber":134,"author":{"gitId":"SanShaoQian"},"content":"        return task;","lastModifiedDate":"2025-01-26","isFullCredit":false},{"lineNumber":135,"author":{"gitId":"SanShaoQian"},"content":"    }","lastModifiedDate":"2025-01-26","isFullCredit":false},{"lineNumber":136,"author":{"gitId":"SanShaoQian"},"content":"","lastModifiedDate":"2025-01-26","isFullCredit":false},{"lineNumber":137,"author":{"gitId":"SanShaoQian"},"content":"    public void clearDataFile() {","lastModifiedDate":"2025-01-26","isFullCredit":false},{"lineNumber":138,"author":{"gitId":"SanShaoQian"},"content":"        try (BufferedWriter writer \u003d new BufferedWriter(new FileWriter(this.filepath))) {","lastModifiedDate":"2025-01-26","isFullCredit":false},{"lineNumber":139,"author":{"gitId":"SanShaoQian"},"content":"            writer.write(\"\");","lastModifiedDate":"2025-01-26","isFullCredit":false},{"lineNumber":140,"author":{"gitId":"SanShaoQian"},"content":"        } catch (IOException e) {","lastModifiedDate":"2025-01-26","isFullCredit":false},{"lineNumber":141,"author":{"gitId":"SanShaoQian"},"content":"            System.out.println(\"Error clearing data file: \" + e.getMessage());","lastModifiedDate":"2025-01-26","isFullCredit":false},{"lineNumber":142,"author":{"gitId":"SanShaoQian"},"content":"        }","lastModifiedDate":"2025-01-26","isFullCredit":false},{"lineNumber":143,"author":{"gitId":"SanShaoQian"},"content":"    }","lastModifiedDate":"2025-01-26","isFullCredit":false},{"lineNumber":144,"author":{"gitId":"SanShaoQian"},"content":"}","lastModifiedDate":"2025-01-26","isFullCredit":false}],"authorContributionMap":{"SanShaoQian":144}},{"path":"src/main/java/Todo.java","fileType":"java","lines":[{"lineNumber":1,"author":{"gitId":"SanShaoQian"},"content":"public class Todo extends Task {","lastModifiedDate":"2025-01-21","isFullCredit":false},{"lineNumber":2,"author":{"gitId":"SanShaoQian"},"content":"    public Todo(String description) {","lastModifiedDate":"2025-01-21","isFullCredit":false},{"lineNumber":3,"author":{"gitId":"SanShaoQian"},"content":"        super(description);","lastModifiedDate":"2025-01-21","isFullCredit":false},{"lineNumber":4,"author":{"gitId":"SanShaoQian"},"content":"    }","lastModifiedDate":"2025-01-21","isFullCredit":false},{"lineNumber":5,"author":{"gitId":"SanShaoQian"},"content":"","lastModifiedDate":"2025-01-21","isFullCredit":false},{"lineNumber":6,"author":{"gitId":"SanShaoQian"},"content":"    @Override","lastModifiedDate":"2025-01-21","isFullCredit":false},{"lineNumber":7,"author":{"gitId":"SanShaoQian"},"content":"    public String toString() {","lastModifiedDate":"2025-01-21","isFullCredit":false},{"lineNumber":8,"author":{"gitId":"SanShaoQian"},"content":"        return \"[T]\" + super.toString();","lastModifiedDate":"2025-01-21","isFullCredit":false},{"lineNumber":9,"author":{"gitId":"SanShaoQian"},"content":"    }","lastModifiedDate":"2025-01-21","isFullCredit":false},{"lineNumber":10,"author":{"gitId":"SanShaoQian"},"content":"","lastModifiedDate":"2025-01-26","isFullCredit":false},{"lineNumber":11,"author":{"gitId":"SanShaoQian"},"content":"    @Override","lastModifiedDate":"2025-01-26","isFullCredit":false},{"lineNumber":12,"author":{"gitId":"SanShaoQian"},"content":"    public String toFileFormat() {","lastModifiedDate":"2025-01-26","isFullCredit":false},{"lineNumber":13,"author":{"gitId":"SanShaoQian"},"content":"        return String.format(\"T | %d | %s\", this.isDone ? 1:0, this.description);","lastModifiedDate":"2025-01-26","isFullCredit":false},{"lineNumber":14,"author":{"gitId":"SanShaoQian"},"content":"    }","lastModifiedDate":"2025-01-26","isFullCredit":false},{"lineNumber":15,"author":{"gitId":"SanShaoQian"},"content":"}","lastModifiedDate":"2025-01-21","isFullCredit":false}],"authorContributionMap":{"SanShaoQian":15}},{"path":"text-ui-test/data/stonks.txt","fileType":"txt","lines":[{"lineNumber":1,"author":{"gitId":"SanShaoQian"},"content":"T | 0 | borrow book","lastModifiedDate":"2025-01-26","isFullCredit":false},{"lineNumber":2,"author":{"gitId":"SanShaoQian"},"content":"E | 0 | project meeting | Mon 2pm | 4pm","lastModifiedDate":"2025-01-26","isFullCredit":false}],"authorContributionMap":{"SanShaoQian":2}},{"path":"text-ui-test/input.txt","fileType":"txt","lines":[{"lineNumber":1,"author":{"gitId":"SanShaoQian"},"content":"todo borrow book","lastModifiedDate":"2025-01-21","isFullCredit":false},{"lineNumber":2,"author":{"gitId":"SanShaoQian"},"content":"deadline return book /by Sunday","lastModifiedDate":"2025-01-21","isFullCredit":false},{"lineNumber":3,"author":{"gitId":"SanShaoQian"},"content":"event project meeting /from Mon 2pm /to 4pm","lastModifiedDate":"2025-01-21","isFullCredit":false},{"lineNumber":4,"author":{"gitId":"SanShaoQian"},"content":"mark 1","lastModifiedDate":"2025-01-21","isFullCredit":false},{"lineNumber":5,"author":{"gitId":"SanShaoQian"},"content":"mark 2","lastModifiedDate":"2025-01-21","isFullCredit":false},{"lineNumber":6,"author":{"gitId":"SanShaoQian"},"content":"list","lastModifiedDate":"2025-01-21","isFullCredit":false},{"lineNumber":7,"author":{"gitId":"SanShaoQian"},"content":"unmark 1","lastModifiedDate":"2025-01-21","isFullCredit":false},{"lineNumber":8,"author":{"gitId":"SanShaoQian"},"content":"list","lastModifiedDate":"2025-01-21","isFullCredit":false},{"lineNumber":9,"author":{"gitId":"SanShaoQian"},"content":"todo","lastModifiedDate":"2025-01-21","isFullCredit":false},{"lineNumber":10,"author":{"gitId":"SanShaoQian"},"content":"blah","lastModifiedDate":"2025-01-21","isFullCredit":false},{"lineNumber":11,"author":{"gitId":"SanShaoQian"},"content":"delete 2","lastModifiedDate":"2025-01-21","isFullCredit":false},{"lineNumber":12,"author":{"gitId":"SanShaoQian"},"content":"list","lastModifiedDate":"2025-01-21","isFullCredit":false},{"lineNumber":13,"author":{"gitId":"SanShaoQian"},"content":"bye","lastModifiedDate":"2025-01-21","isFullCredit":false}],"authorContributionMap":{"SanShaoQian":13}},{"path":"text-ui-test/runtest.bat","fileType":"bat","lines":[{"lineNumber":1,"author":{"gitId":"-"},"content":"@ECHO OFF","lastModifiedDate":"2020-05-25","isFullCredit":false},{"lineNumber":2,"author":{"gitId":"-"},"content":"","lastModifiedDate":"2020-05-25","isFullCredit":false},{"lineNumber":3,"author":{"gitId":"-"},"content":"REM create bin directory if it doesn\u0027t exist","lastModifiedDate":"2020-05-25","isFullCredit":false},{"lineNumber":4,"author":{"gitId":"-"},"content":"if not exist ..\\bin mkdir ..\\bin","lastModifiedDate":"2020-05-25","isFullCredit":false},{"lineNumber":5,"author":{"gitId":"-"},"content":"","lastModifiedDate":"2020-05-25","isFullCredit":false},{"lineNumber":6,"author":{"gitId":"-"},"content":"REM delete output from previous run","lastModifiedDate":"2020-05-25","isFullCredit":false},{"lineNumber":7,"author":{"gitId":"-"},"content":"if exist ACTUAL.TXT del ACTUAL.TXT","lastModifiedDate":"2020-08-25","isFullCredit":false},{"lineNumber":8,"author":{"gitId":"-"},"content":"","lastModifiedDate":"2020-05-25","isFullCredit":false},{"lineNumber":9,"author":{"gitId":"-"},"content":"REM compile the code into the bin folder","lastModifiedDate":"2020-05-25","isFullCredit":false},{"lineNumber":10,"author":{"gitId":"-"},"content":"javac  -cp ..\\src\\main\\java -Xlint:none -d ..\\bin ..\\src\\main\\java\\*.java","lastModifiedDate":"2020-08-25","isFullCredit":false},{"lineNumber":11,"author":{"gitId":"-"},"content":"IF ERRORLEVEL 1 (","lastModifiedDate":"2020-05-25","isFullCredit":false},{"lineNumber":12,"author":{"gitId":"-"},"content":"    echo ********** BUILD FAILURE **********","lastModifiedDate":"2020-05-25","isFullCredit":false},{"lineNumber":13,"author":{"gitId":"-"},"content":"    exit /b 1","lastModifiedDate":"2020-05-25","isFullCredit":false},{"lineNumber":14,"author":{"gitId":"-"},"content":")","lastModifiedDate":"2020-05-25","isFullCredit":false},{"lineNumber":15,"author":{"gitId":"-"},"content":"REM no error here, errorlevel \u003d\u003d 0","lastModifiedDate":"2020-05-25","isFullCredit":false},{"lineNumber":16,"author":{"gitId":"-"},"content":"","lastModifiedDate":"2020-05-25","isFullCredit":false},{"lineNumber":17,"author":{"gitId":"-"},"content":"REM run the program, feed commands from input.txt file and redirect the output to the ACTUAL.TXT","lastModifiedDate":"2020-05-25","isFullCredit":false},{"lineNumber":18,"author":{"gitId":"SanShaoQian"},"content":"java -classpath ..\\bin Stonks \u003c input.txt \u003e ACTUAL.TXT","lastModifiedDate":"2025-01-19","isFullCredit":false},{"lineNumber":19,"author":{"gitId":"-"},"content":"","lastModifiedDate":"2020-05-25","isFullCredit":false},{"lineNumber":20,"author":{"gitId":"-"},"content":"REM compare the output to the expected output","lastModifiedDate":"2020-05-25","isFullCredit":false},{"lineNumber":21,"author":{"gitId":"-"},"content":"FC ACTUAL.TXT EXPECTED.TXT","lastModifiedDate":"2020-05-25","isFullCredit":false}],"authorContributionMap":{"SanShaoQian":1,"-":20}}]
