{"authorDailyContributionsMap":{"SanShaoQian":[{"date":"2025-01-19","commitResults":[{"hash":"28483cf6a808a79b030409ebe5c3027e83a0f2c0","isMergeCommit":false,"messageTitle":"Rename chatbot","messageBody":"","fileTypesAndContributionMap":{"java":{"insertions":2,"deletions":2},"bat":{"insertions":1,"deletions":1},"md":{"insertions":3,"deletions":3}}},{"hash":"ba48635675f9682083a0509212809a22004bebb0","isMergeCommit":false,"messageTitle":"Add greeting and exit","messageBody":"","tags":["Level-0"],"fileTypesAndContributionMap":{"java":{"insertions":8,"deletions":6}}},{"hash":"95284927fd4b29f5bd74879a89c196a8a4e69d20","isMergeCommit":false,"messageTitle":"Added Echo","messageBody":"","tags":["Level-1"],"fileTypesAndContributionMap":{"java":{"insertions":18,"deletions":8}}},{"hash":"ef329c18d7e241bf06e2f327f0a747290fd7b602","isMergeCommit":false,"messageTitle":"Add, List","messageBody":"Add the ability to store whatever text entered by the user and display them back to the user when requested.\n","tags":["Level-2"],"fileTypesAndContributionMap":{"java":{"insertions":17,"deletions":5}}},{"hash":"af53bc010ed2b5ff592b822b507b250ddd704af3","isMergeCommit":false,"messageTitle":"Added Mark as Done","messageBody":"Add the ability to mark tasks as done. Optionally, add the ability to change the status back to not done.\n","tags":["Level-3"],"fileTypesAndContributionMap":{"java":{"insertions":43,"deletions":4}}}]},{"date":"2025-01-21","commitResults":[{"hash":"dabd404ff4e31ba54a32ee13fc4361f9573535df","isMergeCommit":false,"messageTitle":"Add ToDos, Events, Deadlines","messageBody":"Add support for tracking three types of tasks:\n\nToDos: tasks without any date/time attached to it e.g., visit new theme park\nDeadlines: tasks that need to be done before a specific date/time e.g., submit report by 11/10/2019 5pm\nEvents: tasks that start at a specific date/time and ends at a specific date/time\ne.g., (a) team project meeting 2/10/2019 2-4pm (b) orientation week 4/10/2019 to 11/10/2019\n","tags":["Level-4"],"fileTypesAndContributionMap":{"java":{"insertions":74,"deletions":10}}},{"hash":"2bfaf58f48c84ceb04470f2ea56d35a7fc13b93c","isMergeCommit":false,"messageTitle":"Add tests using the I/O redirection technique","messageBody":"Use the input/output redirection technique to semi-automate the testing of Duke.\n","tags":["A-TextUiTesting"],"fileTypesAndContributionMap":{"txt":{"insertions":9,"deletions":0},"java":{"insertions":3,"deletions":3}}},{"hash":"788f50f786b2e2529b8a35e0b5a58adfca73f24b","isMergeCommit":false,"messageTitle":"Add ability to handle errors","messageBody":"Teach the chatbot to deal with errors such as incorrect inputs entered by the user.\n","tags":["Level-5"],"fileTypesAndContributionMap":{"txt":{"insertions":2,"deletions":0},"java":{"insertions":21,"deletions":1}}},{"hash":"db1f5d5964a2874c57f14227ccf2ab4748b02b63","isMergeCommit":false,"messageTitle":"Add ability to delete tasks","messageBody":"Add support for deleting tasks from the list.\n","tags":["Level-6"],"fileTypesAndContributionMap":{"txt":{"insertions":1,"deletions":0},"java":{"insertions":15,"deletions":9}}},{"hash":"d3a74dd87542f442ef811c9106e3df0720ce54ed","isMergeCommit":false,"messageTitle":"Edit test and debug","messageBody":"","fileTypesAndContributionMap":{"txt":{"insertions":1,"deletions":0},"java":{"insertions":1,"deletions":5}}}]}]},"authorFileTypeContributionMap":{"SanShaoQian":{"java":156,"md":3,"fxml":0,"sh":0,"bat":1,"gradle":0,"txt":13}},"authorContributionVariance":{"SanShaoQian":2693.1667},"authorDisplayNameMap":{"SanShaoQian":"CS2103T-T08-1 SAN ..QIAN"}}
