{"authorDailyContributionsMap":{"leewaikin19":[{"date":"2025-01-23","commitResults":[{"hash":"89071f0ec403add012427fc469f0a1b638ecbb18","isMergeCommit":false,"messageTitle":"Rename Glados.java","messageBody":"","tags":["Level-0"],"fileTypesAndContributionMap":{"java":{"insertions":10,"deletions":10}}},{"hash":"4aae1ef6c70d568cdbebf4116f7e189224e1ef33","isMergeCommit":false,"messageTitle":"Add echo function","messageBody":"","tags":["Level-1"],"fileTypesAndContributionMap":{"java":{"insertions":14,"deletions":2}}}]}]},"authorFileTypeContributionMap":{"leewaikin19":{"java":22,"md":0,"fxml":0,"sh":0,"bat":0,"gradle":0,"txt":0}},"authorContributionVariance":{"leewaikin19":85.959175},"authorDisplayNameMap":{"leewaikin19":"CS2103T-F10-1 LEE .. KIN"}}
