{"authorDailyContributionsMap":{"pranavyey":[{"date":"2025-01-26","commitResults":[{"hash":"e43f7de2a361a37b3e25da576f8acffcc25beddd","isMergeCommit":false,"messageTitle":"rename main class and add greeting","messageBody":"","tags":["Level-0"],"fileTypesAndContributionMap":{"java":{"insertions":8,"deletions":10}}},{"hash":"13beaf1413332775e52a2c216839a2ce792364c5","isMergeCommit":false,"messageTitle":"Level-1 Echo","messageBody":"","tags":["Level-1"],"fileTypesAndContributionMap":{"java":{"insertions":11,"deletions":3}}}]}]},"authorFileTypeContributionMap":{"pranavyey":{"java":16,"md":0,"fxml":0,"sh":0,"bat":0,"gradle":0,"txt":0}},"authorContributionVariance":{"pranavyey":56.692043},"authorDisplayNameMap":{"pranavyey":"CS2103T-T17-1 PRAN..ATMA"}}
