{"authorDailyContributionsMap":{"TanJieHaoAmos":[{"date":"2025-01-18","commitResults":[{"hash":"735d9ed3b69bdce2b1d6cd5719bab2c1ec7fde61","isMergeCommit":false,"messageTitle":"Rename main class","messageBody":"","fileTypesAndContributionMap":{"java":{"insertions":9,"deletions":10}}},{"hash":"90f5708a23100de7c3b556dcf35dc48c93b4e3b8","isMergeCommit":false,"messageTitle":"Update main class","messageBody":"","tags":["Level-0"],"fileTypesAndContributionMap":{"java":{"insertions":6,"deletions":3}}},{"hash":"d155aa399783cc84fbf0286081d54248ce2589a6","isMergeCommit":false,"messageTitle":"Add Main.java Update AmosTalky.java","messageBody":"","fileTypesAndContributionMap":{"java":{"insertions":33,"deletions":9},"bat":{"insertions":1,"deletions":1}}}]},{"date":"2025-01-19","commitResults":[{"hash":"283324782899e475b16d4e95945368f8d881ba8f","isMergeCommit":false,"messageTitle":"Update Main.java","messageBody":"","tags":["Level-1"],"fileTypesAndContributionMap":{"java":{"insertions":1,"deletions":1}}},{"hash":"3ffa0f30b50df4aa9a0874092b2cd8e94a230c16","isMergeCommit":false,"messageTitle":"Complete Level 2 Update Main.java Update AmosTalky.java","messageBody":"","tags":["Level-2"],"fileTypesAndContributionMap":{"java":{"insertions":41,"deletions":13}}},{"hash":"44033cce11afd11e7cbf1f52502b9f2e63469117","isMergeCommit":false,"messageTitle":"Complete Level 3 Add Task.java Update Main.java Update AmosTalky.java","messageBody":"","tags":["Level-3"],"fileTypesAndContributionMap":{"java":{"insertions":67,"deletions":12}}},{"hash":"c12bf33b0b6cba1906d8639ba763e3855fc5299a","isMergeCommit":false,"messageTitle":"Complete Level-4 Add Deadline.java Add Event.java Add ToDo.java Update AmosTalky,java Update Main.java Update Task.java","messageBody":"","fileTypesAndContributionMap":{"java":{"insertions":86,"deletions":16}}},{"hash":"2a4fdcd0e97e1c7aa134177de2bc9455a9492d39","isMergeCommit":false,"messageTitle":"Update AmosTalky.java","messageBody":"","tags":["Level-4"],"fileTypesAndContributionMap":{"java":{"insertions":7,"deletions":6}}}]},{"date":"2025-01-20","commitResults":[{"hash":"8398652c805485dfb67c098e1899bab03455889c","isMergeCommit":false,"messageTitle":"Complete A-TextUiTesting Rename Main.java","messageBody":"","tags":["Level-A-TextUiTesting"],"fileTypesAndContributionMap":{"txt":{"insertions":2,"deletions":0},"java":{"insertions":1,"deletions":1},"bat":{"insertions":1,"deletions":1}}},{"hash":"6f249ea20a7ad510d3bcd516f6620d679ac09ef6","isMergeCommit":false,"messageTitle":"Complete Level 5 Add RunnyException.java","messageBody":"","tags":["Level-5"],"fileTypesAndContributionMap":{"java":{"insertions":54,"deletions":22}}},{"hash":"3dad3165364b98f4d81d653992163d5647363978","isMergeCommit":false,"messageTitle":"Complete Level-6 Add A-Collections Update A-TextUiTesting","messageBody":"","tags":["Level-6"],"fileTypesAndContributionMap":{"txt":{"insertions":16,"deletions":0},"java":{"insertions":39,"deletions":25}}}]}]},"authorFileTypeContributionMap":{"TanJieHaoAmos":{"java":236,"md":0,"fxml":0,"sh":0,"bat":1,"gradle":0,"txt":18}},"authorContributionVariance":{"TanJieHaoAmos":8841.0},"authorDisplayNameMap":{"TanJieHaoAmos":"CS2103T-T11-4 TAN ..AMOS"}}
