{"authorDailyContributionsMap":{"dragonesejosh":[{"date":"2025-01-23","commitResults":[{"hash":"c3f49afc8ce32f42238f1b492b1395b1e59e98d5","isMergeCommit":false,"messageTitle":"Added basic functionality to chatbot Changed name from Duke to Yale","messageBody":"","tags":["Level-0"],"fileTypesAndContributionMap":{"java":{"insertions":21,"deletions":10}}},{"hash":"b6f13e05e689dd47f1e7b86914e9c237a9903017","isMergeCommit":false,"messageTitle":"Added echoing to the chatbot Added indents to chatbot output","messageBody":"","tags":["Level-1"],"fileTypesAndContributionMap":{"java":{"insertions":21,"deletions":4}}},{"hash":"d44c2bc152a4226f5ae5d75b1fe322d8c31f515d","isMergeCommit":false,"messageTitle":"Added ability to store text and list them all out when asked","messageBody":"","tags":["Level-2"],"fileTypesAndContributionMap":{"java":{"insertions":19,"deletions":4}}},{"hash":"2948fc3854fbf6bd706fc203a9e9dfd8baf83f50","isMergeCommit":false,"messageTitle":"Converted tasks to new Task class","messageBody":"","fileTypesAndContributionMap":{"java":{"insertions":19,"deletions":3}}},{"hash":"d0a50c91153a44aac59598c7ae5bd406c08eb5aa","isMergeCommit":false,"messageTitle":"Added task marking and unmarking","messageBody":"","tags":["Level-3"],"fileTypesAndContributionMap":{"java":{"insertions":23,"deletions":0}}},{"hash":"b5042ac49e3de950c6789578234a66db2f43bf12","isMergeCommit":false,"messageTitle":"Added three new task types","messageBody":"","fileTypesAndContributionMap":{"java":{"insertions":34,"deletions":1}}},{"hash":"ae8ff96710a75ab4d81614a29d75c0fe636c784a","isMergeCommit":false,"messageTitle":"Added ability to add different tasks","messageBody":"","tags":["Level-4"],"fileTypesAndContributionMap":{"java":{"insertions":19,"deletions":6}}},{"hash":"7452ddef964328eabb1ec35f9dcb77ac98c49bd4","isMergeCommit":false,"messageTitle":"Added automated testing","messageBody":"","tags":["A-TextUiTesting"],"fileTypesAndContributionMap":{"txt":{"insertions":7,"deletions":0},"bat":{"insertions":1,"deletions":1}}},{"hash":"08063e2f982ae9ee05bcfd877c740eccb2c8fa98","isMergeCommit":false,"messageTitle":"Added error handling","messageBody":"","tags":["Level-5"],"fileTypesAndContributionMap":{"java":{"insertions":35,"deletions":2}}},{"hash":"0e4a762603911b2078ca81dd314e42d12009abf9","isMergeCommit":false,"messageTitle":"Added ability to delete tasks","messageBody":"","fileTypesAndContributionMap":{"java":{"insertions":41,"deletions":13}}},{"hash":"112b0d161c1e5ccdf371aaaf5baa23a2089ed7ca","isMergeCommit":false,"messageTitle":"Updated automated testing","messageBody":"","tags":["Level-6"],"fileTypesAndContributionMap":{"txt":{"insertions":2,"deletions":0}}}]},{"date":"2025-01-28","commitResults":[{"hash":"91302a5a30d78340a00d44e4a449694420f2b870","isMergeCommit":false,"messageTitle":"Add reading/writing of tasks from/to file Update ./gitignore to include tasks file","messageBody":"","fileTypesAndContributionMap":{"java":{"insertions":72,"deletions":18}}},{"hash":"9d556308fe7e8fd757f28990bc04ee80087bbd3d","isMergeCommit":false,"messageTitle":"Update runtest.bat to remove tasks file before running","messageBody":"","fileTypesAndContributionMap":{"java":{"insertions":2,"deletions":6},"bat":{"insertions":3,"deletions":0}}},{"hash":"d0a3f170e6548c49f6cd792af139af0d9187025d","isMergeCommit":true,"messageTitle":"Merge branch \u0027branch-Level-7\u0027","messageBody":"","tags":["Level-7"],"fileTypesAndContributionMap":{}}]},{"date":"2025-01-31","commitResults":[{"hash":"8e7e82d2f146a26644668692439a5efa8f7331d0","isMergeCommit":false,"messageTitle":"Add basic storing of dates for Deadline and Event","messageBody":"","fileTypesAndContributionMap":{"java":{"insertions":30,"deletions":10}}},{"hash":"3fd895d91194a96b59db8ea3e41f26bfbbb93f7e","isMergeCommit":false,"messageTitle":"Update test cases to test for date recognition","messageBody":"","fileTypesAndContributionMap":{"txt":{"insertions":3,"deletions":0}}},{"hash":"1a83bb8d7848ebcadc9b5f71effc655f19073e22","isMergeCommit":true,"messageTitle":"Merge branch \u0027branch-Level-8\u0027","messageBody":"","tags":["Level-8"],"fileTypesAndContributionMap":{}},{"hash":"536400c2bed36d4320c323da5d239ae2a25089bb","isMergeCommit":false,"messageTitle":"Add new classes: Ui, Storage, Parser, TaskList","messageBody":"","fileTypesAndContributionMap":{"java":{"insertions":8,"deletions":0}}},{"hash":"96139680b71f9efd830a18e87710042584595a55","isMergeCommit":false,"messageTitle":"Implement Ui","messageBody":"","fileTypesAndContributionMap":{"java":{"insertions":101,"deletions":65}}},{"hash":"4c73d651e46ad4809b33d113781f6d9fd36a8c7b","isMergeCommit":false,"messageTitle":"Add Task.java Move Task and subclasses to Task.java","messageBody":"","fileTypesAndContributionMap":{"java":{"insertions":105,"deletions":88}}},{"hash":"8df6ce96a2350a86cf17d6318676f5f017e0899f","isMergeCommit":false,"messageTitle":"Implement Storage","messageBody":"","fileTypesAndContributionMap":{"java":{"insertions":39,"deletions":35}}},{"hash":"7e5289dad0a75df0a5ae5262707b9ee29f321067","isMergeCommit":false,"messageTitle":"Implement TaskList","messageBody":"","fileTypesAndContributionMap":{"java":{"insertions":95,"deletions":81}}},{"hash":"9dd251cf3520001d28365147e027b079f8bc40d1","isMergeCommit":false,"messageTitle":"Implement Parser","messageBody":"","fileTypesAndContributionMap":{"java":{"insertions":74,"deletions":59}}},{"hash":"666710c58b08aa3194fe12a789656341b59d4eba","isMergeCommit":false,"messageTitle":"Add Command.java Move command checking and running to Command","messageBody":"","fileTypesAndContributionMap":{"java":{"insertions":60,"deletions":38}}},{"hash":"d2b382a923af4661fdd18173ddec3ef19032e10d","isMergeCommit":true,"messageTitle":"Merge branch \u0027branch-A-MoreOOP\u0027","messageBody":"","tags":["A-MoreOOP"],"fileTypesAndContributionMap":{}},{"hash":"b65e7ab3a0f3e66e79ed9f99ad05cf8c9bac492c","isMergeCommit":false,"messageTitle":"Move all classes to yale package","messageBody":"","fileTypesAndContributionMap":{"java":{"insertions":14,"deletions":0}}},{"hash":"fcb5c408cd9db6ad63482ad13094434285dce163","isMergeCommit":true,"messageTitle":"Merge branch \u0027branch-A-Packages\u0027","messageBody":"","fileTypesAndContributionMap":{}}]}]},"authorFileTypeContributionMap":{"dragonesejosh":{"java":399,"md":0,"fxml":0,"sh":0,"bat":4,"gradle":0,"txt":12}},"authorContributionVariance":{"dragonesejosh":37961.195},"authorDisplayNameMap":{"dragonesejosh":"CS2103T-W12-3 JOSH..I EN"}}
