{"authorDailyContributionsMap":{"dragonesejosh":[{"date":"2025-01-23","commitResults":[{"hash":"c3f49afc8ce32f42238f1b492b1395b1e59e98d5","isMergeCommit":false,"messageTitle":"Added basic functionality to chatbot Changed name from Duke to Yale","messageBody":"","tags":["Level-0"],"fileTypesAndContributionMap":{"java":{"insertions":21,"deletions":10}}},{"hash":"b6f13e05e689dd47f1e7b86914e9c237a9903017","isMergeCommit":false,"messageTitle":"Added echoing to the chatbot Added indents to chatbot output","messageBody":"","tags":["Level-1"],"fileTypesAndContributionMap":{"java":{"insertions":21,"deletions":4}}},{"hash":"d44c2bc152a4226f5ae5d75b1fe322d8c31f515d","isMergeCommit":false,"messageTitle":"Added ability to store text and list them all out when asked","messageBody":"","tags":["Level-2"],"fileTypesAndContributionMap":{"java":{"insertions":19,"deletions":4}}},{"hash":"2948fc3854fbf6bd706fc203a9e9dfd8baf83f50","isMergeCommit":false,"messageTitle":"Converted tasks to new Task class","messageBody":"","fileTypesAndContributionMap":{"java":{"insertions":19,"deletions":3}}},{"hash":"d0a50c91153a44aac59598c7ae5bd406c08eb5aa","isMergeCommit":false,"messageTitle":"Added task marking and unmarking","messageBody":"","tags":["Level-3"],"fileTypesAndContributionMap":{"java":{"insertions":23,"deletions":0}}},{"hash":"b5042ac49e3de950c6789578234a66db2f43bf12","isMergeCommit":false,"messageTitle":"Added three new task types","messageBody":"","fileTypesAndContributionMap":{"java":{"insertions":34,"deletions":1}}},{"hash":"ae8ff96710a75ab4d81614a29d75c0fe636c784a","isMergeCommit":false,"messageTitle":"Added ability to add different tasks","messageBody":"","tags":["Level-4"],"fileTypesAndContributionMap":{"java":{"insertions":19,"deletions":6}}},{"hash":"7452ddef964328eabb1ec35f9dcb77ac98c49bd4","isMergeCommit":false,"messageTitle":"Added automated testing","messageBody":"","tags":["A-TextUiTesting"],"fileTypesAndContributionMap":{"txt":{"insertions":7,"deletions":0},"bat":{"insertions":1,"deletions":1}}},{"hash":"08063e2f982ae9ee05bcfd877c740eccb2c8fa98","isMergeCommit":false,"messageTitle":"Added error handling","messageBody":"","tags":["Level-5"],"fileTypesAndContributionMap":{"java":{"insertions":35,"deletions":2}}},{"hash":"0e4a762603911b2078ca81dd314e42d12009abf9","isMergeCommit":false,"messageTitle":"Added ability to delete tasks","messageBody":"","fileTypesAndContributionMap":{"java":{"insertions":41,"deletions":13}}},{"hash":"112b0d161c1e5ccdf371aaaf5baa23a2089ed7ca","isMergeCommit":false,"messageTitle":"Updated automated testing","messageBody":"","tags":["Level-6"],"fileTypesAndContributionMap":{"txt":{"insertions":2,"deletions":0}}}]},{"date":"2025-01-28","commitResults":[{"hash":"91302a5a30d78340a00d44e4a449694420f2b870","isMergeCommit":false,"messageTitle":"Add reading/writing of tasks from/to file Update ./gitignore to include tasks file","messageBody":"","fileTypesAndContributionMap":{"java":{"insertions":72,"deletions":18}}},{"hash":"9d556308fe7e8fd757f28990bc04ee80087bbd3d","isMergeCommit":false,"messageTitle":"Update runtest.bat to remove tasks file before running","messageBody":"","fileTypesAndContributionMap":{"java":{"insertions":2,"deletions":6},"bat":{"insertions":3,"deletions":0}}},{"hash":"d0a3f170e6548c49f6cd792af139af0d9187025d","isMergeCommit":true,"messageTitle":"Merge branch \u0027branch-Level-7\u0027","messageBody":"","tags":["Level-7"],"fileTypesAndContributionMap":{}}]},{"date":"2025-01-31","commitResults":[{"hash":"8e7e82d2f146a26644668692439a5efa8f7331d0","isMergeCommit":false,"messageTitle":"Add basic storing of dates for Deadline and Event","messageBody":"","fileTypesAndContributionMap":{"java":{"insertions":30,"deletions":10}}},{"hash":"3fd895d91194a96b59db8ea3e41f26bfbbb93f7e","isMergeCommit":false,"messageTitle":"Update test cases to test for date recognition","messageBody":"","fileTypesAndContributionMap":{"txt":{"insertions":3,"deletions":0}}},{"hash":"1a83bb8d7848ebcadc9b5f71effc655f19073e22","isMergeCommit":true,"messageTitle":"Merge branch \u0027branch-Level-8\u0027","messageBody":"","tags":["Level-8"],"fileTypesAndContributionMap":{}},{"hash":"536400c2bed36d4320c323da5d239ae2a25089bb","isMergeCommit":false,"messageTitle":"Add new classes: Ui, Storage, Parser, TaskList","messageBody":"","fileTypesAndContributionMap":{"java":{"insertions":8,"deletions":0}}},{"hash":"96139680b71f9efd830a18e87710042584595a55","isMergeCommit":false,"messageTitle":"Implement Ui","messageBody":"","fileTypesAndContributionMap":{"java":{"insertions":101,"deletions":65}}},{"hash":"4c73d651e46ad4809b33d113781f6d9fd36a8c7b","isMergeCommit":false,"messageTitle":"Add Task.java Move Task and subclasses to Task.java","messageBody":"","fileTypesAndContributionMap":{"java":{"insertions":105,"deletions":88}}},{"hash":"8df6ce96a2350a86cf17d6318676f5f017e0899f","isMergeCommit":false,"messageTitle":"Implement Storage","messageBody":"","fileTypesAndContributionMap":{"java":{"insertions":39,"deletions":35}}},{"hash":"7e5289dad0a75df0a5ae5262707b9ee29f321067","isMergeCommit":false,"messageTitle":"Implement TaskList","messageBody":"","fileTypesAndContributionMap":{"java":{"insertions":95,"deletions":81}}},{"hash":"9dd251cf3520001d28365147e027b079f8bc40d1","isMergeCommit":false,"messageTitle":"Implement Parser","messageBody":"","fileTypesAndContributionMap":{"java":{"insertions":74,"deletions":59}}},{"hash":"666710c58b08aa3194fe12a789656341b59d4eba","isMergeCommit":false,"messageTitle":"Add Command.java Move command checking and running to Command","messageBody":"","fileTypesAndContributionMap":{"java":{"insertions":60,"deletions":38}}},{"hash":"d2b382a923af4661fdd18173ddec3ef19032e10d","isMergeCommit":true,"messageTitle":"Merge branch \u0027branch-A-MoreOOP\u0027","messageBody":"","tags":["A-MoreOOP"],"fileTypesAndContributionMap":{}},{"hash":"b65e7ab3a0f3e66e79ed9f99ad05cf8c9bac492c","isMergeCommit":false,"messageTitle":"Move all classes to yale package","messageBody":"","fileTypesAndContributionMap":{"java":{"insertions":14,"deletions":0}}},{"hash":"fcb5c408cd9db6ad63482ad13094434285dce163","isMergeCommit":true,"messageTitle":"Merge branch \u0027branch-A-Packages\u0027","messageBody":"","tags":["A-Packages"],"fileTypesAndContributionMap":{}},{"hash":"1737615ef52679394291fd1ac12e1f24225881ed","isMergeCommit":true,"messageTitle":"Merge remote-tracking branch \u0027origin/add-gradle-support\u0027","messageBody":"","fileTypesAndContributionMap":{}}]},{"date":"2025-02-01","commitResults":[{"hash":"8b3ddd76f03e68894837046ca7f4671e60b671bc","isMergeCommit":false,"messageTitle":"Enable Gradle to build and run application Fix bug that caused \"list\" command to exit application Remove \"ERROR\" from start of printError since Gradle stops the program","messageBody":"","fileTypesAndContributionMap":{"gradle":{"insertions":4,"deletions":3},"java":{"insertions":2,"deletions":2}}},{"hash":"a068c8df8a36fa771b312a928bb907cbb7be9e6c","isMergeCommit":true,"messageTitle":"Merge branch \u0027branch-A-Gradle\u0027","messageBody":"","tags":["A-Gradle"],"fileTypesAndContributionMap":{}},{"hash":"c5f77005bc9204a83882860921edfac44b31d59f","isMergeCommit":false,"messageTitle":"Add JUnit tests for Command and Parser Add dummy instances for several classes to use in testing","messageBody":"","fileTypesAndContributionMap":{"java":{"insertions":106,"deletions":0}}},{"hash":"170a72f4a1f7067cf36281b135974c7aa5fe396c","isMergeCommit":true,"messageTitle":"Merge branch \u0027branch-A-JUnit\u0027","messageBody":"","tags":["A-Jar","A-JUnit"],"fileTypesAndContributionMap":{}},{"hash":"c14942bc5ef3ce7cd943415d41ba53bb19b87b3d","isMergeCommit":false,"messageTitle":"Change import order to follow coding standard","messageBody":"","fileTypesAndContributionMap":{"java":{"insertions":4,"deletions":4}}},{"hash":"aba38c3c17f8850dc44ae6fa595ce1880a0765ba","isMergeCommit":false,"messageTitle":"Add JavaDoc comments to most public methods and some public classes","messageBody":"","fileTypesAndContributionMap":{"java":{"insertions":143,"deletions":1}}},{"hash":"6f19fbce66a70d86e70af8da15e8f3ec40ab6f3a","isMergeCommit":false,"messageTitle":"Add command to find tasks by keywords","messageBody":"","fileTypesAndContributionMap":{"java":{"insertions":20,"deletions":1}}},{"hash":"37ff4e7f14c51a5cad16e7a5ad5f97ea6f315667","isMergeCommit":true,"messageTitle":"Merge branch \u0027branch-A-CodingStandard\u0027","messageBody":"","tags":["A-CodingStandard"],"fileTypesAndContributionMap":{}},{"hash":"8cc03fe198f4f9bd5bb98a21ef76df34b6e56224","isMergeCommit":true,"messageTitle":"Merge branch \u0027branch-A-JavaDoc\u0027","messageBody":"","tags":["A-JavaDoc"],"fileTypesAndContributionMap":{}},{"hash":"3f6f56dbb6150c696a38d42946cb3978000e4933","isMergeCommit":true,"messageTitle":"Merge branch \u0027branch-Level-9\u0027","messageBody":"# Conflicts:\n#\tsrc/main/java/yale/TaskList.java\n","tags":["Level-9"],"fileTypesAndContributionMap":{}}]},{"date":"2025-02-03","commitResults":[{"hash":"c9d8ca261efeaf3affc24842e8c156e31136bbd0","isMergeCommit":false,"messageTitle":"Add checkstyle functionality","messageBody":"","fileTypesAndContributionMap":{"gradle":{"insertions":4,"deletions":0}}},{"hash":"c4fb7a5f6554cc3e74aefd594beebb737fce9b95","isMergeCommit":true,"messageTitle":"Merge branch \u0027branch-A-CheckStyle\u0027","messageBody":"","tags":["A-CheckStyle"],"fileTypesAndContributionMap":{}}]},{"date":"2025-02-05","commitResults":[{"hash":"7ef1ae986b5632f123bfc4ebf6fd25ebaf7405c8","isMergeCommit":false,"messageTitle":"Change UI from text to GUI Fix bug with delete error checking Fix bug with read tasks not being marked done","messageBody":"","fileTypesAndContributionMap":{"gradle":{"insertions":16,"deletions":1},"fxml":{"insertions":41,"deletions":0},"java":{"insertions":212,"deletions":71}}},{"hash":"cf0ee7c8222572c37b53c5a19ac9819831b09694","isMergeCommit":true,"messageTitle":"Merge branch \u0027branch-Level-10\u0027","messageBody":"","fileTypesAndContributionMap":{}},{"hash":"5d4f461d3253d0ec62e0c4f277b539e53d999631","isMergeCommit":false,"messageTitle":"Add title to GUI","messageBody":"","fileTypesAndContributionMap":{"java":{"insertions":1,"deletions":0}}},{"hash":"9c489ab956725ccfe106dc8708d9bf778db507a2","isMergeCommit":true,"messageTitle":"Merge branch \u0027branch-Level-10\u0027","messageBody":"","tags":["Level-10"],"fileTypesAndContributionMap":{}},{"hash":"bb57b1ca5896da097a675031dc0d9e4e987237bd","isMergeCommit":false,"messageTitle":"Fix bug with writing to storage twice","messageBody":"","fileTypesAndContributionMap":{"java":{"insertions":0,"deletions":1}}},{"hash":"f12cef2bc529ab68a281258b63abf4e01bc4fe1b","isMergeCommit":false,"messageTitle":"Add Stream functionality","messageBody":"","fileTypesAndContributionMap":{"java":{"insertions":1,"deletions":3}}},{"hash":"ce60202ec80b462d820e2610b39a82cce045c2be","isMergeCommit":false,"messageTitle":"Add assertions","messageBody":"","fileTypesAndContributionMap":{"gradle":{"insertions":1,"deletions":0},"java":{"insertions":30,"deletions":2}}}]},{"date":"2025-02-11","commitResults":[{"hash":"4c77b98e1f96dc584d8b29a6481bf7c2965ea1f9","isMergeCommit":false,"messageTitle":"Handle ignored catch blocks in Storage","messageBody":"Previously the read and write methods of Storage caught\ngeneral Exceptions, changed it to catch only FileNotFoundException\nand handle it accordingly.\n","fileTypesAndContributionMap":{"java":{"insertions":10,"deletions":3}}},{"hash":"7018d7a9ae4bacb1b1ce745346ae07e65e3fff2f","isMergeCommit":false,"messageTitle":"Add Ui param to Storage creation","messageBody":"The previous commit changed the Storage constructor,\nbut the creation of the Storage object was not updated\nto reflect that.\n\nImprove logic flow of Commands and Parser\n\nThe bye and list commands have been added to the list\nof Commands, and are no longer in their own separate\nif else branch. Furthermore, the partialMatch method has\nbeen removed in favour of simply checking in tryCommand,\nsince it is unnecessary.\n","tags":["A-FullCommitMessage"],"fileTypesAndContributionMap":{"java":{"insertions":56,"deletions":65}}},{"hash":"bc121128487b9850dde171d1d8182d66fc1e2759","isMergeCommit":true,"messageTitle":"Merge pull request #1 from dragonesejosh/branch-A-Streams","messageBody":"Add Stream functionality","tags":["A-Streams"],"fileTypesAndContributionMap":{}},{"hash":"b79faafb38eae5de82f61347cd220905a5017e9c","isMergeCommit":true,"messageTitle":"Merge pull request #2 from dragonesejosh/branch-A-Assertions","messageBody":"Add assertions","tags":["A-Assertions"],"fileTypesAndContributionMap":{}},{"hash":"fd6541f480dd501518557ff499c7b3e230140a17","isMergeCommit":true,"messageTitle":"Merge branch \u0027master\u0027 into branch-A-CodeQuality","messageBody":"","fileTypesAndContributionMap":{}},{"hash":"a23bdf8bd16070569af8bc36bdaf416ee112da47","isMergeCommit":true,"messageTitle":"Merge pull request #3 from dragonesejosh/branch-A-CodeQuality","messageBody":"Branch a code quality","tags":["A-CodeQuality"],"fileTypesAndContributionMap":{}},{"hash":"5f903372ce811e98c75e145bbef16edd23a9762d","isMergeCommit":false,"messageTitle":"Remove max width restriction Add help command","messageBody":"","fileTypesAndContributionMap":{"java":{"insertions":36,"deletions":12}}},{"hash":"ed9f695e21a9fb38cc5d06828c426a5a2053058f","isMergeCommit":true,"messageTitle":"Merge branch \u0027branch-C-Help\u0027","messageBody":"","tags":["BCD-Extension"],"fileTypesAndContributionMap":{}}]}]},"authorFileTypeContributionMap":{"dragonesejosh":{"java":853,"md":0,"fxml":41,"sh":0,"bat":4,"gradle":23,"txt":12}},"authorContributionVariance":{"dragonesejosh":31298.385},"authorDisplayNameMap":{"dragonesejosh":"CS2103T-W12-3 JOSH..I EN"}}
