{"authorDailyContributionsMap":{"lilduckling":[{"date":"2025-01-23","commitResults":[{"hash":"9e1aab4eeca3d0c992be45324cbe22628fa2286d","isMergeCommit":false,"messageTitle":"Duke Level-0: Rename, Greet, Exit","messageBody":"","tags":["Level-0"],"fileTypesAndContributionMap":{"java":{"insertions":17,"deletions":10}}},{"hash":"4865f9ca0a48962f918031427d62491639f079e4","isMergeCommit":false,"messageTitle":"Duke Level-1: Echo","messageBody":"","tags":["Level-1"],"fileTypesAndContributionMap":{"java":{"insertions":20,"deletions":2}}},{"hash":"e1ec3284bdf7e4314dd3470690a0cc36636ee284","isMergeCommit":false,"messageTitle":"Duke Level-1: Echo","messageBody":"","fileTypesAndContributionMap":{"java":{"insertions":4,"deletions":4}}},{"hash":"b03dad446918c83f36c2e88646b2ff2e4c71144b","isMergeCommit":false,"messageTitle":"Duke Level-2: Add, List","messageBody":"","tags":["Level-2"],"fileTypesAndContributionMap":{"java":{"insertions":36,"deletions":7}}},{"hash":"be7556255fc5eeab03a2f66e85bdf45cb7f03d33","isMergeCommit":false,"messageTitle":"Duke Level-3: Mark as Done","messageBody":"","tags":["Level-3"],"fileTypesAndContributionMap":{"java":{"insertions":77,"deletions":5}}},{"hash":"674cbd8f882aae92d7a94620b9e8b9128821cf6f","isMergeCommit":false,"messageTitle":"Duke Level-4: ToDo, Event, Deadline","messageBody":"","tags":["Level-4"],"fileTypesAndContributionMap":{"java":{"insertions":105,"deletions":36}}}]}]},"authorFileTypeContributionMap":{"lilduckling":{"java":205,"md":0,"fxml":0,"sh":0,"bat":0,"gradle":0,"txt":0}},"authorContributionVariance":{"lilduckling":12774.9795},"authorDisplayNameMap":{"lilduckling":"NGUY.. DUC"}}
