[{"path":"src/main/java/Deadline.java","fileType":"java","lines":[{"lineNumber":1,"author":{"gitId":"K1mcheee"},"content":"/**","lastModifiedDate":"2025-01-18","isFullCredit":false},{"lineNumber":2,"author":{"gitId":"K1mcheee"},"content":" * Encapsulates a Deadline task.","lastModifiedDate":"2025-01-18","isFullCredit":false},{"lineNumber":3,"author":{"gitId":"K1mcheee"},"content":" *","lastModifiedDate":"2025-01-18","isFullCredit":false},{"lineNumber":4,"author":{"gitId":"K1mcheee"},"content":" * @author K1mcheee","lastModifiedDate":"2025-01-18","isFullCredit":false},{"lineNumber":5,"author":{"gitId":"K1mcheee"},"content":" */","lastModifiedDate":"2025-01-18","isFullCredit":false},{"lineNumber":6,"author":{"gitId":"K1mcheee"},"content":"public class Deadline extends Task{","lastModifiedDate":"2025-01-18","isFullCredit":false},{"lineNumber":7,"author":{"gitId":"K1mcheee"},"content":"    /** due date of the task*/","lastModifiedDate":"2025-01-18","isFullCredit":false},{"lineNumber":8,"author":{"gitId":"K1mcheee"},"content":"    private String dueDate;","lastModifiedDate":"2025-01-18","isFullCredit":false},{"lineNumber":9,"author":{"gitId":"K1mcheee"},"content":"","lastModifiedDate":"2025-01-18","isFullCredit":false},{"lineNumber":10,"author":{"gitId":"K1mcheee"},"content":"    /**","lastModifiedDate":"2025-01-18","isFullCredit":false},{"lineNumber":11,"author":{"gitId":"K1mcheee"},"content":"     * Constructor for deadline class.","lastModifiedDate":"2025-01-18","isFullCredit":false},{"lineNumber":12,"author":{"gitId":"K1mcheee"},"content":"     * Calls parent constructor to set name.","lastModifiedDate":"2025-01-18","isFullCredit":false},{"lineNumber":13,"author":{"gitId":"K1mcheee"},"content":"     * initialises the due date.","lastModifiedDate":"2025-01-18","isFullCredit":false},{"lineNumber":14,"author":{"gitId":"K1mcheee"},"content":"     *","lastModifiedDate":"2025-01-18","isFullCredit":false},{"lineNumber":15,"author":{"gitId":"K1mcheee"},"content":"     * @param name Description of Deadline task.","lastModifiedDate":"2025-01-18","isFullCredit":false},{"lineNumber":16,"author":{"gitId":"K1mcheee"},"content":"     * @param dueDate When the task is due.","lastModifiedDate":"2025-01-18","isFullCredit":false},{"lineNumber":17,"author":{"gitId":"K1mcheee"},"content":"     */","lastModifiedDate":"2025-01-18","isFullCredit":false},{"lineNumber":18,"author":{"gitId":"K1mcheee"},"content":"    public Deadline(String name, String dueDate) {","lastModifiedDate":"2025-01-18","isFullCredit":false},{"lineNumber":19,"author":{"gitId":"K1mcheee"},"content":"        super(name);","lastModifiedDate":"2025-01-18","isFullCredit":false},{"lineNumber":20,"author":{"gitId":"K1mcheee"},"content":"        this.dueDate \u003d dueDate;","lastModifiedDate":"2025-01-18","isFullCredit":false},{"lineNumber":21,"author":{"gitId":"K1mcheee"},"content":"    }","lastModifiedDate":"2025-01-18","isFullCredit":false},{"lineNumber":22,"author":{"gitId":"K1mcheee"},"content":"","lastModifiedDate":"2025-01-18","isFullCredit":false},{"lineNumber":23,"author":{"gitId":"K1mcheee"},"content":"    /**","lastModifiedDate":"2025-01-18","isFullCredit":false},{"lineNumber":24,"author":{"gitId":"K1mcheee"},"content":"     * Add an indication to the task to","lastModifiedDate":"2025-01-18","isFullCredit":false},{"lineNumber":25,"author":{"gitId":"K1mcheee"},"content":"     * show that it is a Deadline task.","lastModifiedDate":"2025-01-18","isFullCredit":false},{"lineNumber":26,"author":{"gitId":"K1mcheee"},"content":"     *","lastModifiedDate":"2025-01-18","isFullCredit":false},{"lineNumber":27,"author":{"gitId":"K1mcheee"},"content":"     * @return string with task type and task name.","lastModifiedDate":"2025-01-18","isFullCredit":false},{"lineNumber":28,"author":{"gitId":"K1mcheee"},"content":"     */","lastModifiedDate":"2025-01-18","isFullCredit":false},{"lineNumber":29,"author":{"gitId":"K1mcheee"},"content":"    @Override","lastModifiedDate":"2025-01-18","isFullCredit":false},{"lineNumber":30,"author":{"gitId":"K1mcheee"},"content":"    public String toString() {","lastModifiedDate":"2025-01-18","isFullCredit":false},{"lineNumber":31,"author":{"gitId":"K1mcheee"},"content":"        return String.format(\"[D]%s (by:%s)\" , super.toString(), this.dueDate);","lastModifiedDate":"2025-01-18","isFullCredit":false},{"lineNumber":32,"author":{"gitId":"K1mcheee"},"content":"    }","lastModifiedDate":"2025-01-18","isFullCredit":false},{"lineNumber":33,"author":{"gitId":"K1mcheee"},"content":"}","lastModifiedDate":"2025-01-18","isFullCredit":false}],"authorContributionMap":{"K1mcheee":33}},{"path":"src/main/java/Event.java","fileType":"java","lines":[{"lineNumber":1,"author":{"gitId":"K1mcheee"},"content":"/**","lastModifiedDate":"2025-01-18","isFullCredit":false},{"lineNumber":2,"author":{"gitId":"K1mcheee"},"content":" * Encapsulates an Event task.","lastModifiedDate":"2025-01-18","isFullCredit":false},{"lineNumber":3,"author":{"gitId":"K1mcheee"},"content":" *","lastModifiedDate":"2025-01-18","isFullCredit":false},{"lineNumber":4,"author":{"gitId":"K1mcheee"},"content":" * @author K1mcheee","lastModifiedDate":"2025-01-18","isFullCredit":false},{"lineNumber":5,"author":{"gitId":"K1mcheee"},"content":" */","lastModifiedDate":"2025-01-18","isFullCredit":false},{"lineNumber":6,"author":{"gitId":"K1mcheee"},"content":"public class Event extends Task{","lastModifiedDate":"2025-01-18","isFullCredit":false},{"lineNumber":7,"author":{"gitId":"K1mcheee"},"content":"    /** Event start date */","lastModifiedDate":"2025-01-18","isFullCredit":false},{"lineNumber":8,"author":{"gitId":"K1mcheee"},"content":"    private String from;","lastModifiedDate":"2025-01-18","isFullCredit":false},{"lineNumber":9,"author":{"gitId":"K1mcheee"},"content":"    /** Event end date */","lastModifiedDate":"2025-01-18","isFullCredit":false},{"lineNumber":10,"author":{"gitId":"K1mcheee"},"content":"    private String to;","lastModifiedDate":"2025-01-18","isFullCredit":false},{"lineNumber":11,"author":{"gitId":"K1mcheee"},"content":"","lastModifiedDate":"2025-01-18","isFullCredit":false},{"lineNumber":12,"author":{"gitId":"K1mcheee"},"content":"    /**","lastModifiedDate":"2025-01-18","isFullCredit":false},{"lineNumber":13,"author":{"gitId":"K1mcheee"},"content":"     * Constructor for Event task.","lastModifiedDate":"2025-01-18","isFullCredit":false},{"lineNumber":14,"author":{"gitId":"K1mcheee"},"content":"     * Calls parent constructor to set name.","lastModifiedDate":"2025-01-18","isFullCredit":false},{"lineNumber":15,"author":{"gitId":"K1mcheee"},"content":"     * Initialises from and to dates.","lastModifiedDate":"2025-01-18","isFullCredit":false},{"lineNumber":16,"author":{"gitId":"K1mcheee"},"content":"     *","lastModifiedDate":"2025-01-18","isFullCredit":false},{"lineNumber":17,"author":{"gitId":"K1mcheee"},"content":"     * @param name Description of Event task.","lastModifiedDate":"2025-01-18","isFullCredit":false},{"lineNumber":18,"author":{"gitId":"K1mcheee"},"content":"     * @param from When the event starts.","lastModifiedDate":"2025-01-18","isFullCredit":false},{"lineNumber":19,"author":{"gitId":"K1mcheee"},"content":"     * @param to When the event ends.","lastModifiedDate":"2025-01-18","isFullCredit":false},{"lineNumber":20,"author":{"gitId":"K1mcheee"},"content":"     */","lastModifiedDate":"2025-01-18","isFullCredit":false},{"lineNumber":21,"author":{"gitId":"K1mcheee"},"content":"    public Event(String name, String from, String to) {","lastModifiedDate":"2025-01-18","isFullCredit":false},{"lineNumber":22,"author":{"gitId":"K1mcheee"},"content":"        super(name);","lastModifiedDate":"2025-01-18","isFullCredit":false},{"lineNumber":23,"author":{"gitId":"K1mcheee"},"content":"        this.from \u003d from;","lastModifiedDate":"2025-01-18","isFullCredit":false},{"lineNumber":24,"author":{"gitId":"K1mcheee"},"content":"        this.to \u003d to;","lastModifiedDate":"2025-01-18","isFullCredit":false},{"lineNumber":25,"author":{"gitId":"K1mcheee"},"content":"    }","lastModifiedDate":"2025-01-18","isFullCredit":false},{"lineNumber":26,"author":{"gitId":"K1mcheee"},"content":"","lastModifiedDate":"2025-01-18","isFullCredit":false},{"lineNumber":27,"author":{"gitId":"K1mcheee"},"content":"    /**","lastModifiedDate":"2025-01-18","isFullCredit":false},{"lineNumber":28,"author":{"gitId":"K1mcheee"},"content":"     * Add an indication to the task to","lastModifiedDate":"2025-01-18","isFullCredit":false},{"lineNumber":29,"author":{"gitId":"K1mcheee"},"content":"     * show that it is a Event task.","lastModifiedDate":"2025-01-18","isFullCredit":false},{"lineNumber":30,"author":{"gitId":"K1mcheee"},"content":"     *","lastModifiedDate":"2025-01-18","isFullCredit":false},{"lineNumber":31,"author":{"gitId":"K1mcheee"},"content":"     * @return string with task type and task name.","lastModifiedDate":"2025-01-18","isFullCredit":false},{"lineNumber":32,"author":{"gitId":"K1mcheee"},"content":"     */","lastModifiedDate":"2025-01-18","isFullCredit":false},{"lineNumber":33,"author":{"gitId":"K1mcheee"},"content":"    @Override","lastModifiedDate":"2025-01-18","isFullCredit":false},{"lineNumber":34,"author":{"gitId":"K1mcheee"},"content":"    public String toString() {","lastModifiedDate":"2025-01-18","isFullCredit":false},{"lineNumber":35,"author":{"gitId":"K1mcheee"},"content":"        return String.format(\"[E]%s (from:%s to:%s)\", super.toString(), this.from, this.to);","lastModifiedDate":"2025-01-18","isFullCredit":false},{"lineNumber":36,"author":{"gitId":"K1mcheee"},"content":"    }","lastModifiedDate":"2025-01-18","isFullCredit":false},{"lineNumber":37,"author":{"gitId":"K1mcheee"},"content":"}","lastModifiedDate":"2025-01-18","isFullCredit":false}],"authorContributionMap":{"K1mcheee":37}},{"path":"src/main/java/Mocha.java","fileType":"java","lines":[{"lineNumber":1,"author":{"gitId":"K1mcheee"},"content":"import java.util.ArrayList;","lastModifiedDate":"2025-01-17","isFullCredit":false},{"lineNumber":2,"author":{"gitId":"K1mcheee"},"content":"import java.util.List;","lastModifiedDate":"2025-01-17","isFullCredit":false},{"lineNumber":3,"author":{"gitId":"K1mcheee"},"content":"import java.util.Scanner;","lastModifiedDate":"2025-01-17","isFullCredit":false},{"lineNumber":4,"author":{"gitId":"K1mcheee"},"content":"","lastModifiedDate":"2025-01-17","isFullCredit":false},{"lineNumber":5,"author":{"gitId":"K1mcheee"},"content":"/**","lastModifiedDate":"2025-01-19","isFullCredit":false},{"lineNumber":6,"author":{"gitId":"K1mcheee"},"content":" * Encapsulates the functionality of a chatbot","lastModifiedDate":"2025-01-19","isFullCredit":false},{"lineNumber":7,"author":{"gitId":"K1mcheee"},"content":" *","lastModifiedDate":"2025-01-19","isFullCredit":false},{"lineNumber":8,"author":{"gitId":"K1mcheee"},"content":" * @author K1mcheee","lastModifiedDate":"2025-01-19","isFullCredit":false},{"lineNumber":9,"author":{"gitId":"K1mcheee"},"content":" */","lastModifiedDate":"2025-01-19","isFullCredit":false},{"lineNumber":10,"author":{"gitId":"-"},"content":"public class Mocha {","lastModifiedDate":"2025-01-16","isFullCredit":false},{"lineNumber":11,"author":{"gitId":"K1mcheee"},"content":"    private static final String BR \u003d \"____________________________________________________________\";","lastModifiedDate":"2025-01-17","isFullCredit":false},{"lineNumber":12,"author":{"gitId":"K1mcheee"},"content":"    private static boolean isRunning \u003d true;","lastModifiedDate":"2025-01-17","isFullCredit":false},{"lineNumber":13,"author":{"gitId":"K1mcheee"},"content":"    private static List\u003cTask\u003e commands \u003d new ArrayList\u003c\u003e();","lastModifiedDate":"2025-01-17","isFullCredit":false},{"lineNumber":14,"author":{"gitId":"K1mcheee"},"content":"    private static Task task \u003d null;","lastModifiedDate":"2025-01-18","isFullCredit":false},{"lineNumber":15,"author":{"gitId":"-"},"content":"","lastModifiedDate":"2025-01-16","isFullCredit":false},{"lineNumber":16,"author":{"gitId":"K1mcheee"},"content":"    /**","lastModifiedDate":"2025-01-18","isFullCredit":false},{"lineNumber":17,"author":{"gitId":"K1mcheee"},"content":"     * Helper function to print when task is added","lastModifiedDate":"2025-01-18","isFullCredit":false},{"lineNumber":18,"author":{"gitId":"K1mcheee"},"content":"     * @return Standard reply that task is updated","lastModifiedDate":"2025-01-18","isFullCredit":false},{"lineNumber":19,"author":{"gitId":"K1mcheee"},"content":"     */","lastModifiedDate":"2025-01-18","isFullCredit":false},{"lineNumber":20,"author":{"gitId":"K1mcheee"},"content":"    private static String printNew() {","lastModifiedDate":"2025-01-18","isFullCredit":false},{"lineNumber":21,"author":{"gitId":"K1mcheee"},"content":"        return \"\\n Got it. I\u0027ve added this task: \\n\";","lastModifiedDate":"2025-01-18","isFullCredit":false},{"lineNumber":22,"author":{"gitId":"K1mcheee"},"content":"    }","lastModifiedDate":"2025-01-18","isFullCredit":false},{"lineNumber":23,"author":{"gitId":"K1mcheee"},"content":"","lastModifiedDate":"2025-01-18","isFullCredit":false},{"lineNumber":24,"author":{"gitId":"K1mcheee"},"content":"    /**","lastModifiedDate":"2025-01-18","isFullCredit":false},{"lineNumber":25,"author":{"gitId":"K1mcheee"},"content":"     * Helper function to print whenever list is updated","lastModifiedDate":"2025-01-18","isFullCredit":false},{"lineNumber":26,"author":{"gitId":"K1mcheee"},"content":"     * @return  number of taasks in list","lastModifiedDate":"2025-01-18","isFullCredit":false},{"lineNumber":27,"author":{"gitId":"K1mcheee"},"content":"     */","lastModifiedDate":"2025-01-18","isFullCredit":false},{"lineNumber":28,"author":{"gitId":"K1mcheee"},"content":"    private static String printUpdates() {","lastModifiedDate":"2025-01-18","isFullCredit":false},{"lineNumber":29,"author":{"gitId":"K1mcheee"},"content":"        return String.format(\" Now you have %d tasks in the list. \\n\", commands.size());","lastModifiedDate":"2025-01-18","isFullCredit":false},{"lineNumber":30,"author":{"gitId":"K1mcheee"},"content":"    }","lastModifiedDate":"2025-01-18","isFullCredit":false},{"lineNumber":31,"author":{"gitId":"K1mcheee"},"content":"","lastModifiedDate":"2025-01-18","isFullCredit":false},{"lineNumber":32,"author":{"gitId":"K1mcheee"},"content":"    /**","lastModifiedDate":"2025-01-19","isFullCredit":false},{"lineNumber":33,"author":{"gitId":"K1mcheee"},"content":"     * Parse and validate the input entered by user and","lastModifiedDate":"2025-01-19","isFullCredit":false},{"lineNumber":34,"author":{"gitId":"K1mcheee"},"content":"     * responds accordingly. If user enters invalid input,","lastModifiedDate":"2025-01-19","isFullCredit":false},{"lineNumber":35,"author":{"gitId":"K1mcheee"},"content":"     * corresponding advice on the error is printed.","lastModifiedDate":"2025-01-19","isFullCredit":false},{"lineNumber":36,"author":{"gitId":"K1mcheee"},"content":"     *","lastModifiedDate":"2025-01-19","isFullCredit":false},{"lineNumber":37,"author":{"gitId":"K1mcheee"},"content":"     * @param input String entered by user.","lastModifiedDate":"2025-01-19","isFullCredit":false},{"lineNumber":38,"author":{"gitId":"K1mcheee"},"content":"     * @throws MochaException if user enters invalid commands.","lastModifiedDate":"2025-01-19","isFullCredit":false},{"lineNumber":39,"author":{"gitId":"K1mcheee"},"content":"     */","lastModifiedDate":"2025-01-19","isFullCredit":false},{"lineNumber":40,"author":{"gitId":"K1mcheee"},"content":"    private static void validateInput(String input) throws MochaException {","lastModifiedDate":"2025-01-19","isFullCredit":false},{"lineNumber":41,"author":{"gitId":"K1mcheee"},"content":"        // parse input","lastModifiedDate":"2025-01-17","isFullCredit":false},{"lineNumber":42,"author":{"gitId":"K1mcheee"},"content":"        String[] split \u003d input.split(\" \");","lastModifiedDate":"2025-01-17","isFullCredit":false},{"lineNumber":43,"author":{"gitId":"K1mcheee"},"content":"        String[] date \u003d input.split(\"/\");","lastModifiedDate":"2025-01-18","isFullCredit":false},{"lineNumber":44,"author":{"gitId":"K1mcheee"},"content":"        String tmp \u003d split[0].toLowerCase();","lastModifiedDate":"2025-01-17","isFullCredit":false},{"lineNumber":45,"author":{"gitId":"K1mcheee"},"content":"","lastModifiedDate":"2025-01-17","isFullCredit":false},{"lineNumber":46,"author":{"gitId":"K1mcheee"},"content":"        // check for keywords mark and unmark","lastModifiedDate":"2025-01-17","isFullCredit":false},{"lineNumber":47,"author":{"gitId":"K1mcheee"},"content":"        if (tmp.equals(\"mark\") || tmp.equals(\"unmark\") || tmp.equals(\"delete\")) {","lastModifiedDate":"2025-01-19","isFullCredit":false},{"lineNumber":48,"author":{"gitId":"K1mcheee"},"content":"            int idx \u003d Integer.parseInt(split[1]);","lastModifiedDate":"2025-01-17","isFullCredit":false},{"lineNumber":49,"author":{"gitId":"K1mcheee"},"content":"","lastModifiedDate":"2025-01-17","isFullCredit":false},{"lineNumber":50,"author":{"gitId":"K1mcheee"},"content":"            if (idx \u003c 1 || idx \u003e commands.size()) {","lastModifiedDate":"2025-01-17","isFullCredit":false},{"lineNumber":51,"author":{"gitId":"K1mcheee"},"content":"                throw new MochaException(\"Task does not exist in the list! List has \" + commands.size() + \" items\");","lastModifiedDate":"2025-01-19","isFullCredit":false},{"lineNumber":52,"author":{"gitId":"K1mcheee"},"content":"            }","lastModifiedDate":"2025-01-17","isFullCredit":false},{"lineNumber":53,"author":{"gitId":"K1mcheee"},"content":"","lastModifiedDate":"2025-01-17","isFullCredit":false},{"lineNumber":54,"author":{"gitId":"K1mcheee"},"content":"            if (tmp.equals(\"mark\")) {","lastModifiedDate":"2025-01-17","isFullCredit":false},{"lineNumber":55,"author":{"gitId":"K1mcheee"},"content":"                System.out.println(BR);","lastModifiedDate":"2025-01-17","isFullCredit":false},{"lineNumber":56,"author":{"gitId":"K1mcheee"},"content":"                commands.get(idx - 1).mark();","lastModifiedDate":"2025-01-17","isFullCredit":false},{"lineNumber":57,"author":{"gitId":"K1mcheee"},"content":"                System.out.println(BR);","lastModifiedDate":"2025-01-17","isFullCredit":false},{"lineNumber":58,"author":{"gitId":"K1mcheee"},"content":"            }","lastModifiedDate":"2025-01-17","isFullCredit":false},{"lineNumber":59,"author":{"gitId":"K1mcheee"},"content":"            if (tmp.equals(\"unmark\")) {","lastModifiedDate":"2025-01-17","isFullCredit":false},{"lineNumber":60,"author":{"gitId":"K1mcheee"},"content":"                System.out.println(BR);","lastModifiedDate":"2025-01-17","isFullCredit":false},{"lineNumber":61,"author":{"gitId":"K1mcheee"},"content":"                commands.get(idx - 1).unmark();","lastModifiedDate":"2025-01-17","isFullCredit":false},{"lineNumber":62,"author":{"gitId":"K1mcheee"},"content":"                System.out.println(BR);","lastModifiedDate":"2025-01-17","isFullCredit":false},{"lineNumber":63,"author":{"gitId":"K1mcheee"},"content":"            }","lastModifiedDate":"2025-01-17","isFullCredit":false},{"lineNumber":64,"author":{"gitId":"K1mcheee"},"content":"            if (tmp.equals(\"delete\")) {","lastModifiedDate":"2025-01-19","isFullCredit":false},{"lineNumber":65,"author":{"gitId":"K1mcheee"},"content":"                System.out.println(BR + \"\\n Alright, I have removed this task:\");","lastModifiedDate":"2025-01-19","isFullCredit":false},{"lineNumber":66,"author":{"gitId":"K1mcheee"},"content":"                System.out.println(commands.get(idx - 1));","lastModifiedDate":"2025-01-19","isFullCredit":false},{"lineNumber":67,"author":{"gitId":"K1mcheee"},"content":"                commands.remove(idx - 1);","lastModifiedDate":"2025-01-19","isFullCredit":false},{"lineNumber":68,"author":{"gitId":"K1mcheee"},"content":"                System.out.println(printUpdates() + BR);","lastModifiedDate":"2025-01-19","isFullCredit":false},{"lineNumber":69,"author":{"gitId":"K1mcheee"},"content":"","lastModifiedDate":"2025-01-19","isFullCredit":false},{"lineNumber":70,"author":{"gitId":"K1mcheee"},"content":"            }","lastModifiedDate":"2025-01-19","isFullCredit":false},{"lineNumber":71,"author":{"gitId":"K1mcheee"},"content":"        } else {","lastModifiedDate":"2025-01-17","isFullCredit":false},{"lineNumber":72,"author":{"gitId":"K1mcheee"},"content":"            // templates for string printing","lastModifiedDate":"2025-01-18","isFullCredit":false},{"lineNumber":73,"author":{"gitId":"K1mcheee"},"content":"            String name \u003d \"\";","lastModifiedDate":"2025-01-18","isFullCredit":false},{"lineNumber":74,"author":{"gitId":"K1mcheee"},"content":"            String dueDate \u003d \"\";","lastModifiedDate":"2025-01-18","isFullCredit":false},{"lineNumber":75,"author":{"gitId":"K1mcheee"},"content":"            String to \u003d \"\";","lastModifiedDate":"2025-01-18","isFullCredit":false},{"lineNumber":76,"author":{"gitId":"K1mcheee"},"content":"            String from \u003d \"\";","lastModifiedDate":"2025-01-18","isFullCredit":false},{"lineNumber":77,"author":{"gitId":"K1mcheee"},"content":"","lastModifiedDate":"2025-01-18","isFullCredit":false},{"lineNumber":78,"author":{"gitId":"K1mcheee"},"content":"            // retrieves command at 0 idx of array before dueDates","lastModifiedDate":"2025-01-18","isFullCredit":false},{"lineNumber":79,"author":{"gitId":"K1mcheee"},"content":"            String[] cmd \u003d date[0].split(\" \");","lastModifiedDate":"2025-01-18","isFullCredit":false},{"lineNumber":80,"author":{"gitId":"K1mcheee"},"content":"","lastModifiedDate":"2025-01-18","isFullCredit":false},{"lineNumber":81,"author":{"gitId":"K1mcheee"},"content":"            // switch case to respond to input","lastModifiedDate":"2025-01-18","isFullCredit":false},{"lineNumber":82,"author":{"gitId":"K1mcheee"},"content":"            switch (tmp) {","lastModifiedDate":"2025-01-18","isFullCredit":false},{"lineNumber":83,"author":{"gitId":"K1mcheee"},"content":"                case \"todo\":","lastModifiedDate":"2025-01-18","isFullCredit":false},{"lineNumber":84,"author":{"gitId":"K1mcheee"},"content":"                    if (split.length \u003c 2) {","lastModifiedDate":"2025-01-19","isFullCredit":false},{"lineNumber":85,"author":{"gitId":"K1mcheee"},"content":"                        MochaException.emptyDescription(\"todo have 5 cups of bubble tea\");","lastModifiedDate":"2025-01-19","isFullCredit":false},{"lineNumber":86,"author":{"gitId":"K1mcheee"},"content":"                    }","lastModifiedDate":"2025-01-19","isFullCredit":false},{"lineNumber":87,"author":{"gitId":"K1mcheee"},"content":"                    // retrieve task","lastModifiedDate":"2025-01-18","isFullCredit":false},{"lineNumber":88,"author":{"gitId":"K1mcheee"},"content":"                    for (int i \u003d 1; i \u003c split.length; i++) {","lastModifiedDate":"2025-01-18","isFullCredit":false},{"lineNumber":89,"author":{"gitId":"K1mcheee"},"content":"                        name +\u003d \" \" + split[i];","lastModifiedDate":"2025-01-18","isFullCredit":false},{"lineNumber":90,"author":{"gitId":"K1mcheee"},"content":"                    }","lastModifiedDate":"2025-01-18","isFullCredit":false},{"lineNumber":91,"author":{"gitId":"K1mcheee"},"content":"                    task \u003d new Todo(name);","lastModifiedDate":"2025-01-18","isFullCredit":false},{"lineNumber":92,"author":{"gitId":"K1mcheee"},"content":"                    commands.add(task);","lastModifiedDate":"2025-01-17","isFullCredit":false},{"lineNumber":93,"author":{"gitId":"K1mcheee"},"content":"                    System.out.println(BR + printNew() + task + \"\\n\" + printUpdates() + BR);","lastModifiedDate":"2025-01-18","isFullCredit":false},{"lineNumber":94,"author":{"gitId":"K1mcheee"},"content":"                    break;","lastModifiedDate":"2025-01-18","isFullCredit":false},{"lineNumber":95,"author":{"gitId":"K1mcheee"},"content":"                case \"deadline\":","lastModifiedDate":"2025-01-18","isFullCredit":false},{"lineNumber":96,"author":{"gitId":"K1mcheee"},"content":"                    if (split.length \u003c 2) {","lastModifiedDate":"2025-01-19","isFullCredit":false},{"lineNumber":97,"author":{"gitId":"K1mcheee"},"content":"                        MochaException.emptyDescription(\"deadline finish the bubble tea /by today\");","lastModifiedDate":"2025-01-19","isFullCredit":false},{"lineNumber":98,"author":{"gitId":"K1mcheee"},"content":"                    }","lastModifiedDate":"2025-01-19","isFullCredit":false},{"lineNumber":99,"author":{"gitId":"K1mcheee"},"content":"                    if (date.length \u003c 2) {","lastModifiedDate":"2025-01-19","isFullCredit":false},{"lineNumber":100,"author":{"gitId":"K1mcheee"},"content":"                        throw new MochaException(\"Remember to add a due date using:\\n /by duedate\");","lastModifiedDate":"2025-01-19","isFullCredit":false},{"lineNumber":101,"author":{"gitId":"K1mcheee"},"content":"                    }","lastModifiedDate":"2025-01-19","isFullCredit":false},{"lineNumber":102,"author":{"gitId":"K1mcheee"},"content":"                    // retrieve task","lastModifiedDate":"2025-01-18","isFullCredit":false},{"lineNumber":103,"author":{"gitId":"K1mcheee"},"content":"                    for (int i \u003d 1; i \u003c cmd.length; i++) {","lastModifiedDate":"2025-01-18","isFullCredit":false},{"lineNumber":104,"author":{"gitId":"K1mcheee"},"content":"                        name +\u003d \" \" + cmd[i];","lastModifiedDate":"2025-01-18","isFullCredit":false},{"lineNumber":105,"author":{"gitId":"K1mcheee"},"content":"                    }","lastModifiedDate":"2025-01-18","isFullCredit":false},{"lineNumber":106,"author":{"gitId":"K1mcheee"},"content":"","lastModifiedDate":"2025-01-18","isFullCredit":false},{"lineNumber":107,"author":{"gitId":"K1mcheee"},"content":"                    // retrieve deadline","lastModifiedDate":"2025-01-18","isFullCredit":false},{"lineNumber":108,"author":{"gitId":"K1mcheee"},"content":"                    String[] byWhen \u003d date[1].split(\" \");","lastModifiedDate":"2025-01-18","isFullCredit":false},{"lineNumber":109,"author":{"gitId":"K1mcheee"},"content":"                    for (int i \u003d 1; i \u003c byWhen.length; i++) {","lastModifiedDate":"2025-01-18","isFullCredit":false},{"lineNumber":110,"author":{"gitId":"K1mcheee"},"content":"                        dueDate +\u003d \" \" + byWhen[i];","lastModifiedDate":"2025-01-18","isFullCredit":false},{"lineNumber":111,"author":{"gitId":"K1mcheee"},"content":"                    }","lastModifiedDate":"2025-01-18","isFullCredit":false},{"lineNumber":112,"author":{"gitId":"K1mcheee"},"content":"","lastModifiedDate":"2025-01-18","isFullCredit":false},{"lineNumber":113,"author":{"gitId":"K1mcheee"},"content":"                    task \u003d new Deadline(name, dueDate);","lastModifiedDate":"2025-01-18","isFullCredit":false},{"lineNumber":114,"author":{"gitId":"K1mcheee"},"content":"                    commands.add(task);","lastModifiedDate":"2025-01-18","isFullCredit":false},{"lineNumber":115,"author":{"gitId":"K1mcheee"},"content":"                    System.out.println(BR + printNew() + task + \"\\n\" + printUpdates() + BR);","lastModifiedDate":"2025-01-18","isFullCredit":false},{"lineNumber":116,"author":{"gitId":"K1mcheee"},"content":"                    break;","lastModifiedDate":"2025-01-18","isFullCredit":false},{"lineNumber":117,"author":{"gitId":"K1mcheee"},"content":"","lastModifiedDate":"2025-01-18","isFullCredit":false},{"lineNumber":118,"author":{"gitId":"K1mcheee"},"content":"                case \"event\":","lastModifiedDate":"2025-01-18","isFullCredit":false},{"lineNumber":119,"author":{"gitId":"K1mcheee"},"content":"                    if (split.length \u003c 2) {","lastModifiedDate":"2025-01-19","isFullCredit":false},{"lineNumber":120,"author":{"gitId":"K1mcheee"},"content":"                        MochaException.emptyDescription(\"event Try all bubble teas /from Monday /to Friday\");","lastModifiedDate":"2025-01-19","isFullCredit":false},{"lineNumber":121,"author":{"gitId":"K1mcheee"},"content":"                    }","lastModifiedDate":"2025-01-19","isFullCredit":false},{"lineNumber":122,"author":{"gitId":"K1mcheee"},"content":"                    if (date.length \u003c 3) {","lastModifiedDate":"2025-01-19","isFullCredit":false},{"lineNumber":123,"author":{"gitId":"K1mcheee"},"content":"                        throw new MochaException(\"events require a from and to date!\\n /from fromDate /to toDate\");","lastModifiedDate":"2025-01-19","isFullCredit":false},{"lineNumber":124,"author":{"gitId":"K1mcheee"},"content":"                    }","lastModifiedDate":"2025-01-19","isFullCredit":false},{"lineNumber":125,"author":{"gitId":"K1mcheee"},"content":"                    // retrieve task","lastModifiedDate":"2025-01-18","isFullCredit":false},{"lineNumber":126,"author":{"gitId":"K1mcheee"},"content":"                    for (int i \u003d 1; i \u003c cmd.length; i++) {","lastModifiedDate":"2025-01-18","isFullCredit":false},{"lineNumber":127,"author":{"gitId":"K1mcheee"},"content":"                        name +\u003d \" \" + cmd[i];","lastModifiedDate":"2025-01-18","isFullCredit":false},{"lineNumber":128,"author":{"gitId":"K1mcheee"},"content":"                    }","lastModifiedDate":"2025-01-18","isFullCredit":false},{"lineNumber":129,"author":{"gitId":"K1mcheee"},"content":"","lastModifiedDate":"2025-01-18","isFullCredit":false},{"lineNumber":130,"author":{"gitId":"K1mcheee"},"content":"                    // retrieve fromDate","lastModifiedDate":"2025-01-18","isFullCredit":false},{"lineNumber":131,"author":{"gitId":"K1mcheee"},"content":"                    String[] fromDate \u003d date[1].split(\" \");","lastModifiedDate":"2025-01-18","isFullCredit":false},{"lineNumber":132,"author":{"gitId":"K1mcheee"},"content":"                    for (int i \u003d 1; i \u003c fromDate.length; i++) {","lastModifiedDate":"2025-01-18","isFullCredit":false},{"lineNumber":133,"author":{"gitId":"K1mcheee"},"content":"                        from +\u003d \" \" + fromDate[i];","lastModifiedDate":"2025-01-18","isFullCredit":false},{"lineNumber":134,"author":{"gitId":"K1mcheee"},"content":"                    }","lastModifiedDate":"2025-01-18","isFullCredit":false},{"lineNumber":135,"author":{"gitId":"K1mcheee"},"content":"","lastModifiedDate":"2025-01-18","isFullCredit":false},{"lineNumber":136,"author":{"gitId":"K1mcheee"},"content":"                    // retrieve toDate","lastModifiedDate":"2025-01-18","isFullCredit":false},{"lineNumber":137,"author":{"gitId":"K1mcheee"},"content":"                    String[] toDate \u003d date[2].split(\" \");","lastModifiedDate":"2025-01-18","isFullCredit":false},{"lineNumber":138,"author":{"gitId":"K1mcheee"},"content":"                    for (int i \u003d 1; i \u003c toDate.length; i++) {","lastModifiedDate":"2025-01-18","isFullCredit":false},{"lineNumber":139,"author":{"gitId":"K1mcheee"},"content":"                        to +\u003d \" \" + toDate[i];","lastModifiedDate":"2025-01-18","isFullCredit":false},{"lineNumber":140,"author":{"gitId":"K1mcheee"},"content":"                    }","lastModifiedDate":"2025-01-18","isFullCredit":false},{"lineNumber":141,"author":{"gitId":"K1mcheee"},"content":"","lastModifiedDate":"2025-01-18","isFullCredit":false},{"lineNumber":142,"author":{"gitId":"K1mcheee"},"content":"                    task \u003d new Event(name, from, to);","lastModifiedDate":"2025-01-18","isFullCredit":false},{"lineNumber":143,"author":{"gitId":"K1mcheee"},"content":"                    commands.add(task);","lastModifiedDate":"2025-01-18","isFullCredit":false},{"lineNumber":144,"author":{"gitId":"K1mcheee"},"content":"                    System.out.println(BR + printNew() + task + \"\\n\" + printUpdates() + BR);","lastModifiedDate":"2025-01-18","isFullCredit":false},{"lineNumber":145,"author":{"gitId":"K1mcheee"},"content":"                    break;","lastModifiedDate":"2025-01-18","isFullCredit":false},{"lineNumber":146,"author":{"gitId":"K1mcheee"},"content":"","lastModifiedDate":"2025-01-18","isFullCredit":false},{"lineNumber":147,"author":{"gitId":"K1mcheee"},"content":"                default:","lastModifiedDate":"2025-01-18","isFullCredit":false},{"lineNumber":148,"author":{"gitId":"K1mcheee"},"content":"                    throw new MochaException(\"Searching through tasks... \\nsorry, it seems I have not learnt this command!\");","lastModifiedDate":"2025-01-19","isFullCredit":false},{"lineNumber":149,"author":{"gitId":"K1mcheee"},"content":"            }","lastModifiedDate":"2025-01-19","isFullCredit":false},{"lineNumber":150,"author":{"gitId":"K1mcheee"},"content":"        }","lastModifiedDate":"2025-01-18","isFullCredit":false},{"lineNumber":151,"author":{"gitId":"K1mcheee"},"content":"    }","lastModifiedDate":"2025-01-17","isFullCredit":false},{"lineNumber":152,"author":{"gitId":"-"},"content":"","lastModifiedDate":"2025-01-17","isFullCredit":false},{"lineNumber":153,"author":{"gitId":"-"},"content":"    public static void main(String[] args) {","lastModifiedDate":"2025-01-19","isFullCredit":false},{"lineNumber":154,"author":{"gitId":"-"},"content":"        System.out.println(BR + \"\\n Hello! I\u0027m Mocha\");","lastModifiedDate":"2025-01-19","isFullCredit":false},{"lineNumber":155,"author":{"gitId":"-"},"content":"        System.out.println(\" What can I do for you? \\n\" + BR);","lastModifiedDate":"2025-01-19","isFullCredit":false},{"lineNumber":156,"author":{"gitId":"K1mcheee"},"content":"","lastModifiedDate":"2025-01-19","isFullCredit":false},{"lineNumber":157,"author":{"gitId":"K1mcheee"},"content":"        Scanner scanner \u003d new Scanner(System.in);","lastModifiedDate":"2025-01-19","isFullCredit":false},{"lineNumber":158,"author":{"gitId":"K1mcheee"},"content":"","lastModifiedDate":"2025-01-19","isFullCredit":false},{"lineNumber":159,"author":{"gitId":"K1mcheee"},"content":"        while (isRunning) {","lastModifiedDate":"2025-01-19","isFullCredit":false},{"lineNumber":160,"author":{"gitId":"K1mcheee"},"content":"            String input \u003d scanner.nextLine();","lastModifiedDate":"2025-01-19","isFullCredit":false},{"lineNumber":161,"author":{"gitId":"K1mcheee"},"content":"            // check for bye command to exit","lastModifiedDate":"2025-01-19","isFullCredit":false},{"lineNumber":162,"author":{"gitId":"K1mcheee"},"content":"            if (input.toLowerCase().equals(\"bye\")) {","lastModifiedDate":"2025-01-19","isFullCredit":false},{"lineNumber":163,"author":{"gitId":"K1mcheee"},"content":"                isRunning \u003d false;","lastModifiedDate":"2025-01-19","isFullCredit":false},{"lineNumber":164,"author":{"gitId":"K1mcheee"},"content":"                System.out.println(BR + \"\\n Bye. Hope to see you again soon! \\n\" + BR);","lastModifiedDate":"2025-01-19","isFullCredit":false},{"lineNumber":165,"author":{"gitId":"K1mcheee"},"content":"                break;","lastModifiedDate":"2025-01-19","isFullCredit":false},{"lineNumber":166,"author":{"gitId":"K1mcheee"},"content":"            }","lastModifiedDate":"2025-01-19","isFullCredit":false},{"lineNumber":167,"author":{"gitId":"K1mcheee"},"content":"            // check for command to print list","lastModifiedDate":"2025-01-19","isFullCredit":false},{"lineNumber":168,"author":{"gitId":"K1mcheee"},"content":"            if (input.toLowerCase().equals(\"list\")) {","lastModifiedDate":"2025-01-19","isFullCredit":false},{"lineNumber":169,"author":{"gitId":"K1mcheee"},"content":"                System.out.println(BR);","lastModifiedDate":"2025-01-19","isFullCredit":false},{"lineNumber":170,"author":{"gitId":"K1mcheee"},"content":"                for (int i \u003d 1; i \u003c\u003d commands.size(); i++) {","lastModifiedDate":"2025-01-19","isFullCredit":false},{"lineNumber":171,"author":{"gitId":"K1mcheee"},"content":"                    System.out.println(i + \".\" + commands.get(i - 1));","lastModifiedDate":"2025-01-19","isFullCredit":false},{"lineNumber":172,"author":{"gitId":"K1mcheee"},"content":"                }","lastModifiedDate":"2025-01-19","isFullCredit":false},{"lineNumber":173,"author":{"gitId":"K1mcheee"},"content":"                System.out.println(BR);","lastModifiedDate":"2025-01-19","isFullCredit":false},{"lineNumber":174,"author":{"gitId":"K1mcheee"},"content":"            } else {","lastModifiedDate":"2025-01-19","isFullCredit":false},{"lineNumber":175,"author":{"gitId":"K1mcheee"},"content":"","lastModifiedDate":"2025-01-19","isFullCredit":false},{"lineNumber":176,"author":{"gitId":"K1mcheee"},"content":"                try {","lastModifiedDate":"2025-01-19","isFullCredit":false},{"lineNumber":177,"author":{"gitId":"K1mcheee"},"content":"                    validateInput(input);","lastModifiedDate":"2025-01-19","isFullCredit":false},{"lineNumber":178,"author":{"gitId":"K1mcheee"},"content":"                } catch (MochaException e) {","lastModifiedDate":"2025-01-19","isFullCredit":false},{"lineNumber":179,"author":{"gitId":"K1mcheee"},"content":"                    System.out.println(BR);","lastModifiedDate":"2025-01-19","isFullCredit":false},{"lineNumber":180,"author":{"gitId":"K1mcheee"},"content":"                    System.out.println(e.getMessage());","lastModifiedDate":"2025-01-19","isFullCredit":false},{"lineNumber":181,"author":{"gitId":"K1mcheee"},"content":"                    System.out.println(BR);","lastModifiedDate":"2025-01-19","isFullCredit":false},{"lineNumber":182,"author":{"gitId":"K1mcheee"},"content":"                }","lastModifiedDate":"2025-01-19","isFullCredit":false},{"lineNumber":183,"author":{"gitId":"K1mcheee"},"content":"","lastModifiedDate":"2025-01-19","isFullCredit":false},{"lineNumber":184,"author":{"gitId":"K1mcheee"},"content":"            }","lastModifiedDate":"2025-01-17","isFullCredit":false},{"lineNumber":185,"author":{"gitId":"K1mcheee"},"content":"","lastModifiedDate":"2025-01-17","isFullCredit":false},{"lineNumber":186,"author":{"gitId":"-"},"content":"        }","lastModifiedDate":"2025-01-16","isFullCredit":false},{"lineNumber":187,"author":{"gitId":"K1mcheee"},"content":"","lastModifiedDate":"2025-01-17","isFullCredit":false},{"lineNumber":188,"author":{"gitId":"-"},"content":"    }","lastModifiedDate":"2025-01-17","isFullCredit":false},{"lineNumber":189,"author":{"gitId":"-"},"content":"}","lastModifiedDate":"2025-01-16","isFullCredit":false}],"authorContributionMap":{"K1mcheee":180,"-":9}},{"path":"src/main/java/MochaException.java","fileType":"java","lines":[{"lineNumber":1,"author":{"gitId":"K1mcheee"},"content":"/**","lastModifiedDate":"2025-01-19","isFullCredit":false},{"lineNumber":2,"author":{"gitId":"K1mcheee"},"content":" * Encapsulates a custom exception thrown that","lastModifiedDate":"2025-01-19","isFullCredit":false},{"lineNumber":3,"author":{"gitId":"K1mcheee"},"content":" * deals with specific input errors to Mocha","lastModifiedDate":"2025-01-19","isFullCredit":false},{"lineNumber":4,"author":{"gitId":"K1mcheee"},"content":" * that users make","lastModifiedDate":"2025-01-19","isFullCredit":false},{"lineNumber":5,"author":{"gitId":"K1mcheee"},"content":" *","lastModifiedDate":"2025-01-19","isFullCredit":false},{"lineNumber":6,"author":{"gitId":"K1mcheee"},"content":" * @author K1mcheee","lastModifiedDate":"2025-01-19","isFullCredit":false},{"lineNumber":7,"author":{"gitId":"K1mcheee"},"content":" */","lastModifiedDate":"2025-01-19","isFullCredit":false},{"lineNumber":8,"author":{"gitId":"K1mcheee"},"content":"public class MochaException extends Exception {","lastModifiedDate":"2025-01-19","isFullCredit":false},{"lineNumber":9,"author":{"gitId":"K1mcheee"},"content":"","lastModifiedDate":"2025-01-19","isFullCredit":false},{"lineNumber":10,"author":{"gitId":"K1mcheee"},"content":"    /**","lastModifiedDate":"2025-01-19","isFullCredit":false},{"lineNumber":11,"author":{"gitId":"K1mcheee"},"content":"     * Constructor for the exception,","lastModifiedDate":"2025-01-19","isFullCredit":false},{"lineNumber":12,"author":{"gitId":"K1mcheee"},"content":"     * specifies message to be printed.","lastModifiedDate":"2025-01-19","isFullCredit":false},{"lineNumber":13,"author":{"gitId":"K1mcheee"},"content":"     *","lastModifiedDate":"2025-01-19","isFullCredit":false},{"lineNumber":14,"author":{"gitId":"K1mcheee"},"content":"     * @param message Specific message to inform user the error.","lastModifiedDate":"2025-01-19","isFullCredit":false},{"lineNumber":15,"author":{"gitId":"K1mcheee"},"content":"     */","lastModifiedDate":"2025-01-19","isFullCredit":false},{"lineNumber":16,"author":{"gitId":"K1mcheee"},"content":"    public MochaException(String message) {","lastModifiedDate":"2025-01-19","isFullCredit":false},{"lineNumber":17,"author":{"gitId":"K1mcheee"},"content":"        super(message);","lastModifiedDate":"2025-01-19","isFullCredit":false},{"lineNumber":18,"author":{"gitId":"K1mcheee"},"content":"    }","lastModifiedDate":"2025-01-19","isFullCredit":false},{"lineNumber":19,"author":{"gitId":"K1mcheee"},"content":"","lastModifiedDate":"2025-01-19","isFullCredit":false},{"lineNumber":20,"author":{"gitId":"K1mcheee"},"content":"    /**","lastModifiedDate":"2025-01-19","isFullCredit":false},{"lineNumber":21,"author":{"gitId":"K1mcheee"},"content":"     * Deals with the error where users did not","lastModifiedDate":"2025-01-19","isFullCredit":false},{"lineNumber":22,"author":{"gitId":"K1mcheee"},"content":"     * provide a description after the command.","lastModifiedDate":"2025-01-19","isFullCredit":false},{"lineNumber":23,"author":{"gitId":"K1mcheee"},"content":"     *","lastModifiedDate":"2025-01-19","isFullCredit":false},{"lineNumber":24,"author":{"gitId":"K1mcheee"},"content":"     * @param task String of the specific message","lastModifiedDate":"2025-01-19","isFullCredit":false},{"lineNumber":25,"author":{"gitId":"K1mcheee"},"content":"     *             according to the error made.","lastModifiedDate":"2025-01-19","isFullCredit":false},{"lineNumber":26,"author":{"gitId":"K1mcheee"},"content":"     * @throws MochaException for handling of error.","lastModifiedDate":"2025-01-19","isFullCredit":false},{"lineNumber":27,"author":{"gitId":"K1mcheee"},"content":"     */","lastModifiedDate":"2025-01-19","isFullCredit":false},{"lineNumber":28,"author":{"gitId":"K1mcheee"},"content":"    public static void emptyDescription(String task) throws MochaException{","lastModifiedDate":"2025-01-19","isFullCredit":false},{"lineNumber":29,"author":{"gitId":"K1mcheee"},"content":"        throw new MochaException(\"Task requires a description!\\nFor example...\\n\" + task);","lastModifiedDate":"2025-01-19","isFullCredit":false},{"lineNumber":30,"author":{"gitId":"K1mcheee"},"content":"    }","lastModifiedDate":"2025-01-19","isFullCredit":false},{"lineNumber":31,"author":{"gitId":"K1mcheee"},"content":"}","lastModifiedDate":"2025-01-19","isFullCredit":false}],"authorContributionMap":{"K1mcheee":31}},{"path":"src/main/java/Task.java","fileType":"java","lines":[{"lineNumber":1,"author":{"gitId":"K1mcheee"},"content":"/**","lastModifiedDate":"2025-01-18","isFullCredit":false},{"lineNumber":2,"author":{"gitId":"K1mcheee"},"content":" * Encapsulates a task that a user can","lastModifiedDate":"2025-01-18","isFullCredit":false},{"lineNumber":3,"author":{"gitId":"K1mcheee"},"content":" * add to the list of the bot.","lastModifiedDate":"2025-01-18","isFullCredit":false},{"lineNumber":4,"author":{"gitId":"K1mcheee"},"content":" *","lastModifiedDate":"2025-01-18","isFullCredit":false},{"lineNumber":5,"author":{"gitId":"K1mcheee"},"content":" * @author K1mcheee","lastModifiedDate":"2025-01-18","isFullCredit":false},{"lineNumber":6,"author":{"gitId":"K1mcheee"},"content":" */","lastModifiedDate":"2025-01-18","isFullCredit":false},{"lineNumber":7,"author":{"gitId":"K1mcheee"},"content":"public class Task {","lastModifiedDate":"2025-01-17","isFullCredit":false},{"lineNumber":8,"author":{"gitId":"K1mcheee"},"content":"    /** name of the task */","lastModifiedDate":"2025-01-18","isFullCredit":false},{"lineNumber":9,"author":{"gitId":"K1mcheee"},"content":"    private String name;","lastModifiedDate":"2025-01-17","isFullCredit":false},{"lineNumber":10,"author":{"gitId":"K1mcheee"},"content":"    /** status of task */","lastModifiedDate":"2025-01-18","isFullCredit":false},{"lineNumber":11,"author":{"gitId":"K1mcheee"},"content":"    private boolean isDone \u003d false;","lastModifiedDate":"2025-01-17","isFullCredit":false},{"lineNumber":12,"author":{"gitId":"K1mcheee"},"content":"","lastModifiedDate":"2025-01-17","isFullCredit":false},{"lineNumber":13,"author":{"gitId":"K1mcheee"},"content":"    /**","lastModifiedDate":"2025-01-18","isFullCredit":false},{"lineNumber":14,"author":{"gitId":"K1mcheee"},"content":"     * Constructor for the task","lastModifiedDate":"2025-01-18","isFullCredit":false},{"lineNumber":15,"author":{"gitId":"K1mcheee"},"content":"     * to initialise the name.","lastModifiedDate":"2025-01-18","isFullCredit":false},{"lineNumber":16,"author":{"gitId":"K1mcheee"},"content":"     *","lastModifiedDate":"2025-01-18","isFullCredit":false},{"lineNumber":17,"author":{"gitId":"K1mcheee"},"content":"     * @param name Description of the task.","lastModifiedDate":"2025-01-18","isFullCredit":false},{"lineNumber":18,"author":{"gitId":"K1mcheee"},"content":"     */","lastModifiedDate":"2025-01-18","isFullCredit":false},{"lineNumber":19,"author":{"gitId":"K1mcheee"},"content":"    public Task(String name) {","lastModifiedDate":"2025-01-17","isFullCredit":false},{"lineNumber":20,"author":{"gitId":"K1mcheee"},"content":"        this.name \u003d name;","lastModifiedDate":"2025-01-17","isFullCredit":false},{"lineNumber":21,"author":{"gitId":"K1mcheee"},"content":"    }","lastModifiedDate":"2025-01-17","isFullCredit":false},{"lineNumber":22,"author":{"gitId":"K1mcheee"},"content":"","lastModifiedDate":"2025-01-17","isFullCredit":false},{"lineNumber":23,"author":{"gitId":"K1mcheee"},"content":"    /**","lastModifiedDate":"2025-01-17","isFullCredit":false},{"lineNumber":24,"author":{"gitId":"K1mcheee"},"content":"     * Marks task as done and prints out status of task.","lastModifiedDate":"2025-01-18","isFullCredit":false},{"lineNumber":25,"author":{"gitId":"K1mcheee"},"content":"     *","lastModifiedDate":"2025-01-18","isFullCredit":false},{"lineNumber":26,"author":{"gitId":"K1mcheee"},"content":"     */","lastModifiedDate":"2025-01-17","isFullCredit":false},{"lineNumber":27,"author":{"gitId":"K1mcheee"},"content":"    public void mark() {","lastModifiedDate":"2025-01-17","isFullCredit":false},{"lineNumber":28,"author":{"gitId":"K1mcheee"},"content":"        this.isDone \u003d true;","lastModifiedDate":"2025-01-17","isFullCredit":false},{"lineNumber":29,"author":{"gitId":"K1mcheee"},"content":"        System.out.println(\" Nice! I\u0027ve marked this task as done:\");","lastModifiedDate":"2025-01-17","isFullCredit":false},{"lineNumber":30,"author":{"gitId":"K1mcheee"},"content":"        System.out.println(this.toString());","lastModifiedDate":"2025-01-17","isFullCredit":false},{"lineNumber":31,"author":{"gitId":"K1mcheee"},"content":"    }","lastModifiedDate":"2025-01-17","isFullCredit":false},{"lineNumber":32,"author":{"gitId":"K1mcheee"},"content":"","lastModifiedDate":"2025-01-17","isFullCredit":false},{"lineNumber":33,"author":{"gitId":"K1mcheee"},"content":"    /**","lastModifiedDate":"2025-01-17","isFullCredit":false},{"lineNumber":34,"author":{"gitId":"K1mcheee"},"content":"     * Marks task as not done yet and print out status of task.","lastModifiedDate":"2025-01-18","isFullCredit":false},{"lineNumber":35,"author":{"gitId":"K1mcheee"},"content":"     *","lastModifiedDate":"2025-01-18","isFullCredit":false},{"lineNumber":36,"author":{"gitId":"K1mcheee"},"content":"     */","lastModifiedDate":"2025-01-17","isFullCredit":false},{"lineNumber":37,"author":{"gitId":"K1mcheee"},"content":"    public void unmark() {","lastModifiedDate":"2025-01-17","isFullCredit":false},{"lineNumber":38,"author":{"gitId":"K1mcheee"},"content":"        this.isDone \u003d false;","lastModifiedDate":"2025-01-17","isFullCredit":false},{"lineNumber":39,"author":{"gitId":"K1mcheee"},"content":"        System.out.println(\" OK, I\u0027ve marked this task as not done yet:\");","lastModifiedDate":"2025-01-17","isFullCredit":false},{"lineNumber":40,"author":{"gitId":"K1mcheee"},"content":"        System.out.println(this.toString());","lastModifiedDate":"2025-01-17","isFullCredit":false},{"lineNumber":41,"author":{"gitId":"K1mcheee"},"content":"    }","lastModifiedDate":"2025-01-17","isFullCredit":false},{"lineNumber":42,"author":{"gitId":"K1mcheee"},"content":"","lastModifiedDate":"2025-01-18","isFullCredit":false},{"lineNumber":43,"author":{"gitId":"K1mcheee"},"content":"    /**","lastModifiedDate":"2025-01-18","isFullCredit":false},{"lineNumber":44,"author":{"gitId":"K1mcheee"},"content":"     * Check status of task. Returns corresponding icon.","lastModifiedDate":"2025-01-18","isFullCredit":false},{"lineNumber":45,"author":{"gitId":"K1mcheee"},"content":"     *","lastModifiedDate":"2025-01-18","isFullCredit":false},{"lineNumber":46,"author":{"gitId":"K1mcheee"},"content":"     * @return \"X\" if task is done else returns \" \".","lastModifiedDate":"2025-01-18","isFullCredit":false},{"lineNumber":47,"author":{"gitId":"K1mcheee"},"content":"     */","lastModifiedDate":"2025-01-18","isFullCredit":false},{"lineNumber":48,"author":{"gitId":"K1mcheee"},"content":"    private String getStatusIcon() {","lastModifiedDate":"2025-01-18","isFullCredit":false},{"lineNumber":49,"author":{"gitId":"K1mcheee"},"content":"        return this.isDone ? \"X\" : \" \";","lastModifiedDate":"2025-01-18","isFullCredit":false},{"lineNumber":50,"author":{"gitId":"K1mcheee"},"content":"    }","lastModifiedDate":"2025-01-18","isFullCredit":false},{"lineNumber":51,"author":{"gitId":"K1mcheee"},"content":"","lastModifiedDate":"2025-01-18","isFullCredit":false},{"lineNumber":52,"author":{"gitId":"K1mcheee"},"content":"    /**","lastModifiedDate":"2025-01-17","isFullCredit":false},{"lineNumber":53,"author":{"gitId":"K1mcheee"},"content":"     * Prints the task and status of task.","lastModifiedDate":"2025-01-18","isFullCredit":false},{"lineNumber":54,"author":{"gitId":"K1mcheee"},"content":"     *","lastModifiedDate":"2025-01-18","isFullCredit":false},{"lineNumber":55,"author":{"gitId":"K1mcheee"},"content":"     * @return string with indication of status followed by task name.","lastModifiedDate":"2025-01-18","isFullCredit":false},{"lineNumber":56,"author":{"gitId":"K1mcheee"},"content":"     */","lastModifiedDate":"2025-01-17","isFullCredit":false},{"lineNumber":57,"author":{"gitId":"K1mcheee"},"content":"    @Override","lastModifiedDate":"2025-01-17","isFullCredit":false},{"lineNumber":58,"author":{"gitId":"K1mcheee"},"content":"    public String toString() {","lastModifiedDate":"2025-01-17","isFullCredit":false},{"lineNumber":59,"author":{"gitId":"K1mcheee"},"content":"        return String.format(\"[%s]%s\", this.getStatusIcon(), this.name);","lastModifiedDate":"2025-01-18","isFullCredit":false},{"lineNumber":60,"author":{"gitId":"K1mcheee"},"content":"    }","lastModifiedDate":"2025-01-17","isFullCredit":false},{"lineNumber":61,"author":{"gitId":"K1mcheee"},"content":"","lastModifiedDate":"2025-01-17","isFullCredit":false},{"lineNumber":62,"author":{"gitId":"K1mcheee"},"content":"}","lastModifiedDate":"2025-01-17","isFullCredit":false}],"authorContributionMap":{"K1mcheee":62}},{"path":"src/main/java/Todo.java","fileType":"java","lines":[{"lineNumber":1,"author":{"gitId":"K1mcheee"},"content":"/**","lastModifiedDate":"2025-01-18","isFullCredit":false},{"lineNumber":2,"author":{"gitId":"K1mcheee"},"content":" * Encapsulates a Todo task.","lastModifiedDate":"2025-01-18","isFullCredit":false},{"lineNumber":3,"author":{"gitId":"K1mcheee"},"content":" *","lastModifiedDate":"2025-01-18","isFullCredit":false},{"lineNumber":4,"author":{"gitId":"K1mcheee"},"content":" * @author K1mcheee","lastModifiedDate":"2025-01-18","isFullCredit":false},{"lineNumber":5,"author":{"gitId":"K1mcheee"},"content":" */","lastModifiedDate":"2025-01-18","isFullCredit":false},{"lineNumber":6,"author":{"gitId":"K1mcheee"},"content":"","lastModifiedDate":"2025-01-18","isFullCredit":false},{"lineNumber":7,"author":{"gitId":"K1mcheee"},"content":"public class Todo extends Task{","lastModifiedDate":"2025-01-18","isFullCredit":false},{"lineNumber":8,"author":{"gitId":"K1mcheee"},"content":"","lastModifiedDate":"2025-01-18","isFullCredit":false},{"lineNumber":9,"author":{"gitId":"K1mcheee"},"content":"    /**","lastModifiedDate":"2025-01-18","isFullCredit":false},{"lineNumber":10,"author":{"gitId":"K1mcheee"},"content":"     * Constructor for a Todo task.","lastModifiedDate":"2025-01-18","isFullCredit":false},{"lineNumber":11,"author":{"gitId":"K1mcheee"},"content":"     * Calls parent constructor to initialise name.","lastModifiedDate":"2025-01-18","isFullCredit":false},{"lineNumber":12,"author":{"gitId":"K1mcheee"},"content":"     *","lastModifiedDate":"2025-01-18","isFullCredit":false},{"lineNumber":13,"author":{"gitId":"K1mcheee"},"content":"     * @param name Description of todo task","lastModifiedDate":"2025-01-18","isFullCredit":false},{"lineNumber":14,"author":{"gitId":"K1mcheee"},"content":"     */","lastModifiedDate":"2025-01-18","isFullCredit":false},{"lineNumber":15,"author":{"gitId":"K1mcheee"},"content":"    public Todo(String name) {","lastModifiedDate":"2025-01-18","isFullCredit":false},{"lineNumber":16,"author":{"gitId":"K1mcheee"},"content":"        super(name);","lastModifiedDate":"2025-01-18","isFullCredit":false},{"lineNumber":17,"author":{"gitId":"K1mcheee"},"content":"    }","lastModifiedDate":"2025-01-18","isFullCredit":false},{"lineNumber":18,"author":{"gitId":"K1mcheee"},"content":"","lastModifiedDate":"2025-01-18","isFullCredit":false},{"lineNumber":19,"author":{"gitId":"K1mcheee"},"content":"    /**","lastModifiedDate":"2025-01-18","isFullCredit":false},{"lineNumber":20,"author":{"gitId":"K1mcheee"},"content":"     * Add an indication to the task to","lastModifiedDate":"2025-01-18","isFullCredit":false},{"lineNumber":21,"author":{"gitId":"K1mcheee"},"content":"     * show that it is a Todo task.","lastModifiedDate":"2025-01-18","isFullCredit":false},{"lineNumber":22,"author":{"gitId":"K1mcheee"},"content":"     *","lastModifiedDate":"2025-01-18","isFullCredit":false},{"lineNumber":23,"author":{"gitId":"K1mcheee"},"content":"     * @return string with task type and task name.","lastModifiedDate":"2025-01-18","isFullCredit":false},{"lineNumber":24,"author":{"gitId":"K1mcheee"},"content":"     */","lastModifiedDate":"2025-01-18","isFullCredit":false},{"lineNumber":25,"author":{"gitId":"K1mcheee"},"content":"    @Override","lastModifiedDate":"2025-01-18","isFullCredit":false},{"lineNumber":26,"author":{"gitId":"K1mcheee"},"content":"    public String toString() {","lastModifiedDate":"2025-01-18","isFullCredit":false},{"lineNumber":27,"author":{"gitId":"K1mcheee"},"content":"        return String.format(\"[T]%s\", super.toString());","lastModifiedDate":"2025-01-18","isFullCredit":false},{"lineNumber":28,"author":{"gitId":"K1mcheee"},"content":"    }","lastModifiedDate":"2025-01-18","isFullCredit":false},{"lineNumber":29,"author":{"gitId":"K1mcheee"},"content":"}","lastModifiedDate":"2025-01-18","isFullCredit":false}],"authorContributionMap":{"K1mcheee":29}},{"path":"text-ui-test/input.txt","fileType":"txt","lines":[{"lineNumber":1,"author":{"gitId":"K1mcheee"},"content":"todo sleep","lastModifiedDate":"2025-01-18","isFullCredit":false},{"lineNumber":2,"author":{"gitId":"K1mcheee"},"content":"deadline cs2103t iP /by Friday","lastModifiedDate":"2025-01-18","isFullCredit":false},{"lineNumber":3,"author":{"gitId":"K1mcheee"},"content":"event school /from Mon /to Fri","lastModifiedDate":"2025-01-18","isFullCredit":false},{"lineNumber":4,"author":{"gitId":"K1mcheee"},"content":"list","lastModifiedDate":"2025-01-18","isFullCredit":false},{"lineNumber":5,"author":{"gitId":"K1mcheee"},"content":"mark 2","lastModifiedDate":"2025-01-18","isFullCredit":false},{"lineNumber":6,"author":{"gitId":"K1mcheee"},"content":"list","lastModifiedDate":"2025-01-18","isFullCredit":false},{"lineNumber":7,"author":{"gitId":"K1mcheee"},"content":"bye","lastModifiedDate":"2025-01-18","isFullCredit":false}],"authorContributionMap":{"K1mcheee":7}},{"path":"text-ui-test/runtest.bat","fileType":"bat","lines":[{"lineNumber":1,"author":{"gitId":"-"},"content":"@ECHO OFF","lastModifiedDate":"2020-05-25","isFullCredit":false},{"lineNumber":2,"author":{"gitId":"-"},"content":"","lastModifiedDate":"2020-05-25","isFullCredit":false},{"lineNumber":3,"author":{"gitId":"-"},"content":"REM create bin directory if it doesn\u0027t exist","lastModifiedDate":"2020-05-25","isFullCredit":false},{"lineNumber":4,"author":{"gitId":"-"},"content":"if not exist ..\\bin mkdir ..\\bin","lastModifiedDate":"2020-05-25","isFullCredit":false},{"lineNumber":5,"author":{"gitId":"-"},"content":"","lastModifiedDate":"2020-05-25","isFullCredit":false},{"lineNumber":6,"author":{"gitId":"-"},"content":"REM delete output from previous run","lastModifiedDate":"2020-05-25","isFullCredit":false},{"lineNumber":7,"author":{"gitId":"-"},"content":"if exist ACTUAL.TXT del ACTUAL.TXT","lastModifiedDate":"2020-08-25","isFullCredit":false},{"lineNumber":8,"author":{"gitId":"-"},"content":"","lastModifiedDate":"2020-05-25","isFullCredit":false},{"lineNumber":9,"author":{"gitId":"-"},"content":"REM compile the code into the bin folder","lastModifiedDate":"2020-05-25","isFullCredit":false},{"lineNumber":10,"author":{"gitId":"K1mcheee"},"content":"javac  -cp ..\\src\\main\\java\\Mocha.java -Xlint:none -d ..\\bin ..\\src\\main\\java\\*.java","lastModifiedDate":"2025-01-18","isFullCredit":false},{"lineNumber":11,"author":{"gitId":"-"},"content":"IF ERRORLEVEL 1 (","lastModifiedDate":"2020-05-25","isFullCredit":false},{"lineNumber":12,"author":{"gitId":"-"},"content":"    echo ********** BUILD FAILURE **********","lastModifiedDate":"2020-05-25","isFullCredit":false},{"lineNumber":13,"author":{"gitId":"-"},"content":"    exit /b 1","lastModifiedDate":"2020-05-25","isFullCredit":false},{"lineNumber":14,"author":{"gitId":"-"},"content":")","lastModifiedDate":"2020-05-25","isFullCredit":false},{"lineNumber":15,"author":{"gitId":"-"},"content":"REM no error here, errorlevel \u003d\u003d 0","lastModifiedDate":"2020-05-25","isFullCredit":false},{"lineNumber":16,"author":{"gitId":"-"},"content":"","lastModifiedDate":"2020-05-25","isFullCredit":false},{"lineNumber":17,"author":{"gitId":"-"},"content":"REM run the program, feed commands from input.txt file and redirect the output to the ACTUAL.TXT","lastModifiedDate":"2020-05-25","isFullCredit":false},{"lineNumber":18,"author":{"gitId":"K1mcheee"},"content":"java -classpath ..\\bin Mocha \u003c input.txt \u003e ACTUAL.TXT","lastModifiedDate":"2025-01-18","isFullCredit":false},{"lineNumber":19,"author":{"gitId":"-"},"content":"","lastModifiedDate":"2020-05-25","isFullCredit":false},{"lineNumber":20,"author":{"gitId":"-"},"content":"REM compare the output to the expected output","lastModifiedDate":"2020-05-25","isFullCredit":false},{"lineNumber":21,"author":{"gitId":"-"},"content":"FC ACTUAL.TXT EXPECTED.TXT","lastModifiedDate":"2020-05-25","isFullCredit":false}],"authorContributionMap":{"K1mcheee":2,"-":19}},{"path":"text-ui-test/runtest.sh","fileType":"sh","lines":[{"lineNumber":1,"author":{"gitId":"-"},"content":"#!/usr/bin/env bash","lastModifiedDate":"2020-05-25","isFullCredit":false},{"lineNumber":2,"author":{"gitId":"-"},"content":"","lastModifiedDate":"2020-05-25","isFullCredit":false},{"lineNumber":3,"author":{"gitId":"-"},"content":"# create bin directory if it doesn\u0027t exist","lastModifiedDate":"2020-05-25","isFullCredit":false},{"lineNumber":4,"author":{"gitId":"-"},"content":"if [ ! -d \"../bin\" ]","lastModifiedDate":"2020-05-25","isFullCredit":false},{"lineNumber":5,"author":{"gitId":"-"},"content":"then","lastModifiedDate":"2020-05-25","isFullCredit":false},{"lineNumber":6,"author":{"gitId":"-"},"content":"    mkdir ../bin","lastModifiedDate":"2020-05-25","isFullCredit":false},{"lineNumber":7,"author":{"gitId":"-"},"content":"fi","lastModifiedDate":"2020-05-25","isFullCredit":false},{"lineNumber":8,"author":{"gitId":"-"},"content":"","lastModifiedDate":"2020-05-25","isFullCredit":false},{"lineNumber":9,"author":{"gitId":"-"},"content":"# delete output from previous run","lastModifiedDate":"2020-05-25","isFullCredit":false},{"lineNumber":10,"author":{"gitId":"-"},"content":"if [ -e \"./ACTUAL.TXT\" ]","lastModifiedDate":"2020-05-25","isFullCredit":false},{"lineNumber":11,"author":{"gitId":"-"},"content":"then","lastModifiedDate":"2020-05-25","isFullCredit":false},{"lineNumber":12,"author":{"gitId":"-"},"content":"    rm ACTUAL.TXT","lastModifiedDate":"2020-05-25","isFullCredit":false},{"lineNumber":13,"author":{"gitId":"-"},"content":"fi","lastModifiedDate":"2020-05-25","isFullCredit":false},{"lineNumber":14,"author":{"gitId":"-"},"content":"","lastModifiedDate":"2020-05-25","isFullCredit":false},{"lineNumber":15,"author":{"gitId":"-"},"content":"# compile the code into the bin folder, terminates if error occurred","lastModifiedDate":"2020-05-25","isFullCredit":false},{"lineNumber":16,"author":{"gitId":"K1mcheee"},"content":"if ! javac -cp ../src/main/java/Mocha.java -Xlint:none -d ../bin ../src/main/java/*.java","lastModifiedDate":"2025-01-18","isFullCredit":false},{"lineNumber":17,"author":{"gitId":"-"},"content":"then","lastModifiedDate":"2020-05-25","isFullCredit":false},{"lineNumber":18,"author":{"gitId":"-"},"content":"    echo \"********** BUILD FAILURE **********\"","lastModifiedDate":"2020-05-25","isFullCredit":false},{"lineNumber":19,"author":{"gitId":"-"},"content":"    exit 1","lastModifiedDate":"2020-05-25","isFullCredit":false},{"lineNumber":20,"author":{"gitId":"-"},"content":"fi","lastModifiedDate":"2020-05-25","isFullCredit":false},{"lineNumber":21,"author":{"gitId":"-"},"content":"","lastModifiedDate":"2020-05-25","isFullCredit":false},{"lineNumber":22,"author":{"gitId":"-"},"content":"# run the program, feed commands from input.txt file and redirect the output to the ACTUAL.TXT","lastModifiedDate":"2020-05-25","isFullCredit":false},{"lineNumber":23,"author":{"gitId":"K1mcheee"},"content":"java -classpath ../bin Mocha \u003c input.txt \u003e ACTUAL.TXT","lastModifiedDate":"2025-01-18","isFullCredit":false},{"lineNumber":24,"author":{"gitId":"-"},"content":"","lastModifiedDate":"2020-05-25","isFullCredit":false},{"lineNumber":25,"author":{"gitId":"-"},"content":"# convert to UNIX format","lastModifiedDate":"2020-05-25","isFullCredit":false},{"lineNumber":26,"author":{"gitId":"-"},"content":"cp EXPECTED.TXT EXPECTED-UNIX.TXT","lastModifiedDate":"2020-05-25","isFullCredit":false},{"lineNumber":27,"author":{"gitId":"-"},"content":"dos2unix ACTUAL.TXT EXPECTED-UNIX.TXT","lastModifiedDate":"2020-05-25","isFullCredit":false},{"lineNumber":28,"author":{"gitId":"-"},"content":"","lastModifiedDate":"2020-05-25","isFullCredit":false},{"lineNumber":29,"author":{"gitId":"-"},"content":"# compare the output to the expected output","lastModifiedDate":"2020-05-25","isFullCredit":false},{"lineNumber":30,"author":{"gitId":"-"},"content":"diff ACTUAL.TXT EXPECTED-UNIX.TXT","lastModifiedDate":"2020-05-25","isFullCredit":false},{"lineNumber":31,"author":{"gitId":"-"},"content":"if [ $? -eq 0 ]","lastModifiedDate":"2020-05-25","isFullCredit":false},{"lineNumber":32,"author":{"gitId":"-"},"content":"then","lastModifiedDate":"2020-05-25","isFullCredit":false},{"lineNumber":33,"author":{"gitId":"-"},"content":"    echo \"Test result: PASSED\"","lastModifiedDate":"2020-05-25","isFullCredit":false},{"lineNumber":34,"author":{"gitId":"-"},"content":"    exit 0","lastModifiedDate":"2020-05-25","isFullCredit":false},{"lineNumber":35,"author":{"gitId":"-"},"content":"else","lastModifiedDate":"2020-05-25","isFullCredit":false},{"lineNumber":36,"author":{"gitId":"-"},"content":"    echo \"Test result: FAILED\"","lastModifiedDate":"2020-05-25","isFullCredit":false},{"lineNumber":37,"author":{"gitId":"-"},"content":"    exit 1","lastModifiedDate":"2020-05-25","isFullCredit":false},{"lineNumber":38,"author":{"gitId":"-"},"content":"fi","lastModifiedDate":"2020-05-25","isFullCredit":false}],"authorContributionMap":{"K1mcheee":2,"-":36}}]
