{"authorDailyContributionsMap":{"Casielim":[{"date":"2025-01-23","commitResults":[{"hash":"5f0ead44871e972513f65586ef3ecc1bddbe4bc4","isMergeCommit":false,"messageTitle":"Rename, Greet, Exit","messageBody":"","tags":["Level-0"],"fileTypesAndContributionMap":{"java":{"insertions":15,"deletions":10}}},{"hash":"df70709833a0fcc94d84f3fa68ad3fdf9ef9692a","isMergeCommit":false,"messageTitle":"Add echo","messageBody":"","fileTypesAndContributionMap":{"java":{"insertions":15,"deletions":0}}},{"hash":"d292763383debdc6d52cc7dc8511461e1fb8f23c","isMergeCommit":false,"messageTitle":"Chatbot customization","messageBody":"","tags":["Level-1"],"fileTypesAndContributionMap":{"java":{"insertions":4,"deletions":4}}},{"hash":"3d280c3bc3e36a14bffaf2e5a9ce6643d262bd57","isMergeCommit":false,"messageTitle":"Add support for list","messageBody":"","fileTypesAndContributionMap":{"java":{"insertions":4,"deletions":0}}},{"hash":"cfce21f5ac7943a150e9024e758267bd8edc6c37","isMergeCommit":false,"messageTitle":"Showing list","messageBody":"","tags":["Level-2"],"fileTypesAndContributionMap":{"java":{"insertions":26,"deletions":4}}}]}]},"authorFileTypeContributionMap":{"Casielim":{"java":56,"md":0,"fxml":0,"sh":0,"bat":0,"gradle":0,"txt":0}},"authorContributionVariance":{"Casielim":823.34686},"authorDisplayNameMap":{"Casielim":"CASI.. LIM"}}
