[{"path":"src/main/java/Deadline.java","fileType":"java","lines":[{"lineNumber":1,"author":{"gitId":"ypuppy"},"content":"public class Deadline extends Task {","lastModifiedDate":"2025-01-22","isFullCredit":false},{"lineNumber":2,"author":{"gitId":"ypuppy"},"content":"    protected String by;","lastModifiedDate":"2025-01-22","isFullCredit":false},{"lineNumber":3,"author":{"gitId":"ypuppy"},"content":"","lastModifiedDate":"2025-01-22","isFullCredit":false},{"lineNumber":4,"author":{"gitId":"ypuppy"},"content":"    public Deadline(String description, String by) {","lastModifiedDate":"2025-01-22","isFullCredit":false},{"lineNumber":5,"author":{"gitId":"ypuppy"},"content":"        super(description);","lastModifiedDate":"2025-01-22","isFullCredit":false},{"lineNumber":6,"author":{"gitId":"ypuppy"},"content":"        this.by \u003d by;","lastModifiedDate":"2025-01-22","isFullCredit":false},{"lineNumber":7,"author":{"gitId":"ypuppy"},"content":"    }","lastModifiedDate":"2025-01-22","isFullCredit":false},{"lineNumber":8,"author":{"gitId":"ypuppy"},"content":"","lastModifiedDate":"2025-01-22","isFullCredit":false},{"lineNumber":9,"author":{"gitId":"ypuppy"},"content":"    @Override","lastModifiedDate":"2025-01-22","isFullCredit":false},{"lineNumber":10,"author":{"gitId":"ypuppy"},"content":"    public String toString() {","lastModifiedDate":"2025-01-22","isFullCredit":false},{"lineNumber":11,"author":{"gitId":"ypuppy"},"content":"        return \"[D]\" + super.toString() + \" (by: \" + by + \")\";","lastModifiedDate":"2025-01-22","isFullCredit":false},{"lineNumber":12,"author":{"gitId":"ypuppy"},"content":"    }","lastModifiedDate":"2025-01-22","isFullCredit":false},{"lineNumber":13,"author":{"gitId":"ypuppy"},"content":"}","lastModifiedDate":"2025-01-22","isFullCredit":false}],"authorContributionMap":{"ypuppy":13}},{"path":"src/main/java/Event.java","fileType":"java","lines":[{"lineNumber":1,"author":{"gitId":"ypuppy"},"content":"public class Event extends Task {","lastModifiedDate":"2025-01-22","isFullCredit":false},{"lineNumber":2,"author":{"gitId":"ypuppy"},"content":"    protected String from;","lastModifiedDate":"2025-01-22","isFullCredit":false},{"lineNumber":3,"author":{"gitId":"ypuppy"},"content":"    protected String to;","lastModifiedDate":"2025-01-22","isFullCredit":false},{"lineNumber":4,"author":{"gitId":"ypuppy"},"content":"","lastModifiedDate":"2025-01-22","isFullCredit":false},{"lineNumber":5,"author":{"gitId":"ypuppy"},"content":"    public Event(String description, String from, String to) {","lastModifiedDate":"2025-01-22","isFullCredit":false},{"lineNumber":6,"author":{"gitId":"ypuppy"},"content":"        super(description);","lastModifiedDate":"2025-01-22","isFullCredit":false},{"lineNumber":7,"author":{"gitId":"ypuppy"},"content":"        this.from \u003d from;","lastModifiedDate":"2025-01-22","isFullCredit":false},{"lineNumber":8,"author":{"gitId":"ypuppy"},"content":"        this.to \u003d to;","lastModifiedDate":"2025-01-22","isFullCredit":false},{"lineNumber":9,"author":{"gitId":"ypuppy"},"content":"    }","lastModifiedDate":"2025-01-22","isFullCredit":false},{"lineNumber":10,"author":{"gitId":"ypuppy"},"content":"","lastModifiedDate":"2025-01-22","isFullCredit":false},{"lineNumber":11,"author":{"gitId":"ypuppy"},"content":"    @Override","lastModifiedDate":"2025-01-22","isFullCredit":false},{"lineNumber":12,"author":{"gitId":"ypuppy"},"content":"    public String toString() {","lastModifiedDate":"2025-01-22","isFullCredit":false},{"lineNumber":13,"author":{"gitId":"ypuppy"},"content":"        return \"[E]\" + super.toString() + \" (from: \" + from + \" to: \" + to + \")\";","lastModifiedDate":"2025-01-22","isFullCredit":false},{"lineNumber":14,"author":{"gitId":"ypuppy"},"content":"    }","lastModifiedDate":"2025-01-22","isFullCredit":false},{"lineNumber":15,"author":{"gitId":"ypuppy"},"content":"}","lastModifiedDate":"2025-01-22","isFullCredit":false}],"authorContributionMap":{"ypuppy":15}},{"path":"src/main/java/Lumi.java","fileType":"java","lines":[{"lineNumber":1,"author":{"gitId":"ypuppy"},"content":"import java.util.Scanner;","lastModifiedDate":"2025-01-22","isFullCredit":false},{"lineNumber":2,"author":{"gitId":"ypuppy"},"content":"import java.util.ArrayList;","lastModifiedDate":"2025-01-22","isFullCredit":false},{"lineNumber":3,"author":{"gitId":"ypuppy"},"content":"","lastModifiedDate":"2025-01-22","isFullCredit":false},{"lineNumber":4,"author":{"gitId":"ypuppy"},"content":"public class Lumi {","lastModifiedDate":"2025-01-22","isFullCredit":false},{"lineNumber":5,"author":{"gitId":"ypuppy"},"content":"    public static void main(String[] args) {","lastModifiedDate":"2025-01-22","isFullCredit":false},{"lineNumber":6,"author":{"gitId":"ypuppy"},"content":"        String logo \u003d \" __\\n\"","lastModifiedDate":"2025-01-22","isFullCredit":false},{"lineNumber":7,"author":{"gitId":"ypuppy"},"content":"                + \"| |    _   _ __ __ __ _________\\n\"","lastModifiedDate":"2025-01-22","isFullCredit":false},{"lineNumber":8,"author":{"gitId":"ypuppy"},"content":"                + \"| |   | | | | |\\\\ \\\\/ /| |__  __|\\n\"","lastModifiedDate":"2025-01-22","isFullCredit":false},{"lineNumber":9,"author":{"gitId":"ypuppy"},"content":"                + \"| |__ | |_| | | \\\\__/ | |_|  |_|\\n\"","lastModifiedDate":"2025-01-22","isFullCredit":false},{"lineNumber":10,"author":{"gitId":"ypuppy"},"content":"                + \"|____/ \\\\__,_|_|      |_|______|\\n\";","lastModifiedDate":"2025-01-22","isFullCredit":false},{"lineNumber":11,"author":{"gitId":"ypuppy"},"content":"        System.out.println(\"Hello from\\n\" + logo);","lastModifiedDate":"2025-01-22","isFullCredit":false},{"lineNumber":12,"author":{"gitId":"ypuppy"},"content":"","lastModifiedDate":"2025-01-22","isFullCredit":false},{"lineNumber":13,"author":{"gitId":"ypuppy"},"content":"        System.out.println(\"____________________________________________________________\");","lastModifiedDate":"2025-01-22","isFullCredit":false},{"lineNumber":14,"author":{"gitId":"ypuppy"},"content":"        System.out.println(\"Hello! I\u0027m Lumi\");","lastModifiedDate":"2025-01-22","isFullCredit":false},{"lineNumber":15,"author":{"gitId":"ypuppy"},"content":"        System.out.println(\"What can I do for you?\");","lastModifiedDate":"2025-01-22","isFullCredit":false},{"lineNumber":16,"author":{"gitId":"ypuppy"},"content":"        System.out.println(\"____________________________________________________________\");","lastModifiedDate":"2025-01-22","isFullCredit":false},{"lineNumber":17,"author":{"gitId":"ypuppy"},"content":"","lastModifiedDate":"2025-01-22","isFullCredit":false},{"lineNumber":18,"author":{"gitId":"ypuppy"},"content":"        ArrayList\u003cTask\u003e tasks \u003d new ArrayList\u003c\u003e();","lastModifiedDate":"2025-01-22","isFullCredit":false},{"lineNumber":19,"author":{"gitId":"ypuppy"},"content":"        Scanner scanner \u003d new Scanner(System.in);","lastModifiedDate":"2025-01-22","isFullCredit":false},{"lineNumber":20,"author":{"gitId":"ypuppy"},"content":"        String input;","lastModifiedDate":"2025-01-22","isFullCredit":false},{"lineNumber":21,"author":{"gitId":"ypuppy"},"content":"","lastModifiedDate":"2025-01-22","isFullCredit":false},{"lineNumber":22,"author":{"gitId":"ypuppy"},"content":"        while (true) {","lastModifiedDate":"2025-01-22","isFullCredit":false},{"lineNumber":23,"author":{"gitId":"ypuppy"},"content":"            input \u003d scanner.nextLine(); // Read user input","lastModifiedDate":"2025-01-22","isFullCredit":false},{"lineNumber":24,"author":{"gitId":"ypuppy"},"content":"            if (input.equals(\"bye\")) {","lastModifiedDate":"2025-01-22","isFullCredit":false},{"lineNumber":25,"author":{"gitId":"ypuppy"},"content":"                System.out.println(\"____________________________________________________________\");","lastModifiedDate":"2025-01-22","isFullCredit":false},{"lineNumber":26,"author":{"gitId":"ypuppy"},"content":"                System.out.println(\"    Bye. Hope to see you again soon!\");","lastModifiedDate":"2025-01-22","isFullCredit":false},{"lineNumber":27,"author":{"gitId":"ypuppy"},"content":"                System.out.println(\"____________________________________________________________\");","lastModifiedDate":"2025-01-22","isFullCredit":false},{"lineNumber":28,"author":{"gitId":"ypuppy"},"content":"                break; // Exit the loop","lastModifiedDate":"2025-01-22","isFullCredit":false},{"lineNumber":29,"author":{"gitId":"ypuppy"},"content":"            } else if (input.equals(\"list\")) {","lastModifiedDate":"2025-01-22","isFullCredit":false},{"lineNumber":30,"author":{"gitId":"ypuppy"},"content":"                try {","lastModifiedDate":"2025-01-23","isFullCredit":false},{"lineNumber":31,"author":{"gitId":"ypuppy"},"content":"                    System.out.println(\"____________________________________________________________\");","lastModifiedDate":"2025-01-22","isFullCredit":false},{"lineNumber":32,"author":{"gitId":"ypuppy"},"content":"                    if (tasks.isEmpty()) {","lastModifiedDate":"2025-01-22","isFullCredit":false},{"lineNumber":33,"author":{"gitId":"ypuppy"},"content":"                        throw new LumiException(\"OOPS!!! Your list is empty.\");","lastModifiedDate":"2025-01-23","isFullCredit":false},{"lineNumber":34,"author":{"gitId":"ypuppy"},"content":"                    }","lastModifiedDate":"2025-01-23","isFullCredit":false},{"lineNumber":35,"author":{"gitId":"ypuppy"},"content":"                    System.out.println(\"    Here are the tasks in your list:\");","lastModifiedDate":"2025-01-22","isFullCredit":false},{"lineNumber":36,"author":{"gitId":"ypuppy"},"content":"                    for (int i \u003d 0; i \u003c tasks.size(); i++) {","lastModifiedDate":"2025-01-22","isFullCredit":false},{"lineNumber":37,"author":{"gitId":"ypuppy"},"content":"                        System.out.print(\"    \");","lastModifiedDate":"2025-01-22","isFullCredit":false},{"lineNumber":38,"author":{"gitId":"ypuppy"},"content":"                        System.out.println((i + 1) + \". \" + tasks.get(i)); // Display stored inputs","lastModifiedDate":"2025-01-22","isFullCredit":false},{"lineNumber":39,"author":{"gitId":"ypuppy"},"content":"                    }","lastModifiedDate":"2025-01-22","isFullCredit":false},{"lineNumber":40,"author":{"gitId":"ypuppy"},"content":"                    System.out.println(\"____________________________________________________________\");","lastModifiedDate":"2025-01-22","isFullCredit":false},{"lineNumber":41,"author":{"gitId":"ypuppy"},"content":"                } catch (LumiException e) {","lastModifiedDate":"2025-01-23","isFullCredit":false},{"lineNumber":42,"author":{"gitId":"ypuppy"},"content":"                    System.out.println(e.getMessage());","lastModifiedDate":"2025-01-23","isFullCredit":false},{"lineNumber":43,"author":{"gitId":"ypuppy"},"content":"                    System.out.println(\"____________________________________________________________\");","lastModifiedDate":"2025-01-23","isFullCredit":false},{"lineNumber":44,"author":{"gitId":"ypuppy"},"content":"                }","lastModifiedDate":"2025-01-23","isFullCredit":false},{"lineNumber":45,"author":{"gitId":"ypuppy"},"content":"                /*","lastModifiedDate":"2025-01-23","isFullCredit":false},{"lineNumber":46,"author":{"gitId":"ypuppy"},"content":"                System.out.println(\"____________________________________________________________\");","lastModifiedDate":"2025-01-23","isFullCredit":false},{"lineNumber":47,"author":{"gitId":"ypuppy"},"content":"                if (tasks.isEmpty()) {","lastModifiedDate":"2025-01-23","isFullCredit":false},{"lineNumber":48,"author":{"gitId":"ypuppy"},"content":"                    throw new LumiException(\"OOPS!!! Your list is empty.\\n____________________________________________________________\\n\");","lastModifiedDate":"2025-01-23","isFullCredit":false},{"lineNumber":49,"author":{"gitId":"ypuppy"},"content":"                } else {","lastModifiedDate":"2025-01-23","isFullCredit":false},{"lineNumber":50,"author":{"gitId":"ypuppy"},"content":"                System.out.println(\"    Here are the tasks in your list:\");","lastModifiedDate":"2025-01-23","isFullCredit":false},{"lineNumber":51,"author":{"gitId":"ypuppy"},"content":"                for (int i \u003d 0; i \u003c tasks.size(); i++) {","lastModifiedDate":"2025-01-23","isFullCredit":false},{"lineNumber":52,"author":{"gitId":"ypuppy"},"content":"                    System.out.print(\"    \");","lastModifiedDate":"2025-01-23","isFullCredit":false},{"lineNumber":53,"author":{"gitId":"ypuppy"},"content":"                    System.out.println((i + 1) + \". \" + tasks.get(i)); // Display stored inputs","lastModifiedDate":"2025-01-23","isFullCredit":false},{"lineNumber":54,"author":{"gitId":"ypuppy"},"content":"                }","lastModifiedDate":"2025-01-22","isFullCredit":false},{"lineNumber":55,"author":{"gitId":"ypuppy"},"content":"            }*/","lastModifiedDate":"2025-01-23","isFullCredit":false},{"lineNumber":56,"author":{"gitId":"ypuppy"},"content":"            } else if (input.startsWith(\"mark \")) {","lastModifiedDate":"2025-01-22","isFullCredit":false},{"lineNumber":57,"author":{"gitId":"ypuppy"},"content":"                try {","lastModifiedDate":"2025-01-22","isFullCredit":false},{"lineNumber":58,"author":{"gitId":"ypuppy"},"content":"                    int index \u003d Integer.parseInt(input.split(\" \")[1]) - 1;","lastModifiedDate":"2025-01-22","isFullCredit":false},{"lineNumber":59,"author":{"gitId":"ypuppy"},"content":"                    Task task \u003d tasks.get(index);","lastModifiedDate":"2025-01-22","isFullCredit":false},{"lineNumber":60,"author":{"gitId":"ypuppy"},"content":"                    task.markAsDone();","lastModifiedDate":"2025-01-22","isFullCredit":false},{"lineNumber":61,"author":{"gitId":"ypuppy"},"content":"                    System.out.println(\"____________________________________________________________\");","lastModifiedDate":"2025-01-22","isFullCredit":false},{"lineNumber":62,"author":{"gitId":"ypuppy"},"content":"                    System.out.println(\"    Nice! I\u0027ve marked this task as done:\");","lastModifiedDate":"2025-01-22","isFullCredit":false},{"lineNumber":63,"author":{"gitId":"ypuppy"},"content":"                    System.out.println(\"      \" + task);","lastModifiedDate":"2025-01-22","isFullCredit":false},{"lineNumber":64,"author":{"gitId":"ypuppy"},"content":"                    System.out.println(\"____________________________________________________________\");","lastModifiedDate":"2025-01-22","isFullCredit":false},{"lineNumber":65,"author":{"gitId":"ypuppy"},"content":"                } catch (Exception e) {","lastModifiedDate":"2025-01-22","isFullCredit":false},{"lineNumber":66,"author":{"gitId":"ypuppy"},"content":"                    System.out.println(\"____________________________________________________________\");","lastModifiedDate":"2025-01-22","isFullCredit":false},{"lineNumber":67,"author":{"gitId":"ypuppy"},"content":"                    System.out.println(\"    Invalid task number!\");","lastModifiedDate":"2025-01-22","isFullCredit":false},{"lineNumber":68,"author":{"gitId":"ypuppy"},"content":"                    System.out.println(\"____________________________________________________________\");","lastModifiedDate":"2025-01-22","isFullCredit":false},{"lineNumber":69,"author":{"gitId":"ypuppy"},"content":"                }","lastModifiedDate":"2025-01-22","isFullCredit":false},{"lineNumber":70,"author":{"gitId":"ypuppy"},"content":"            } else if (input.startsWith(\"unmark \")) {","lastModifiedDate":"2025-01-22","isFullCredit":false},{"lineNumber":71,"author":{"gitId":"ypuppy"},"content":"                try {","lastModifiedDate":"2025-01-22","isFullCredit":false},{"lineNumber":72,"author":{"gitId":"ypuppy"},"content":"                    int index \u003d Integer.parseInt(input.split(\" \")[1]) - 1;","lastModifiedDate":"2025-01-22","isFullCredit":false},{"lineNumber":73,"author":{"gitId":"ypuppy"},"content":"                    Task task \u003d tasks.get(index);","lastModifiedDate":"2025-01-22","isFullCredit":false},{"lineNumber":74,"author":{"gitId":"ypuppy"},"content":"                    task.unmark();","lastModifiedDate":"2025-01-22","isFullCredit":false},{"lineNumber":75,"author":{"gitId":"ypuppy"},"content":"                    System.out.println(\"____________________________________________________________\");","lastModifiedDate":"2025-01-22","isFullCredit":false},{"lineNumber":76,"author":{"gitId":"ypuppy"},"content":"                    System.out.println(\"    OK, I\u0027ve marked this task as not done yet:\");","lastModifiedDate":"2025-01-22","isFullCredit":false},{"lineNumber":77,"author":{"gitId":"ypuppy"},"content":"                    System.out.println(\"      \" + task);","lastModifiedDate":"2025-01-22","isFullCredit":false},{"lineNumber":78,"author":{"gitId":"ypuppy"},"content":"                    System.out.println(\"____________________________________________________________\");","lastModifiedDate":"2025-01-22","isFullCredit":false},{"lineNumber":79,"author":{"gitId":"ypuppy"},"content":"                } catch (Exception e) {","lastModifiedDate":"2025-01-22","isFullCredit":false},{"lineNumber":80,"author":{"gitId":"ypuppy"},"content":"                    System.out.println(\"____________________________________________________________\");","lastModifiedDate":"2025-01-22","isFullCredit":false},{"lineNumber":81,"author":{"gitId":"ypuppy"},"content":"                    System.out.println(\"    Invalid task number!\");","lastModifiedDate":"2025-01-22","isFullCredit":false},{"lineNumber":82,"author":{"gitId":"ypuppy"},"content":"                    System.out.println(\"____________________________________________________________\");","lastModifiedDate":"2025-01-22","isFullCredit":false},{"lineNumber":83,"author":{"gitId":"ypuppy"},"content":"                }","lastModifiedDate":"2025-01-22","isFullCredit":false},{"lineNumber":84,"author":{"gitId":"ypuppy"},"content":"            } else if (input.startsWith(\"todo\")) {","lastModifiedDate":"2025-01-22","isFullCredit":false},{"lineNumber":85,"author":{"gitId":"ypuppy"},"content":"                try {","lastModifiedDate":"2025-01-23","isFullCredit":false},{"lineNumber":86,"author":{"gitId":"ypuppy"},"content":"                    String description \u003d input.substring(4).trim();","lastModifiedDate":"2025-01-23","isFullCredit":false},{"lineNumber":87,"author":{"gitId":"ypuppy"},"content":"                    if (description.isEmpty()) {","lastModifiedDate":"2025-01-23","isFullCredit":false},{"lineNumber":88,"author":{"gitId":"ypuppy"},"content":"                        throw new LumiException(\"OOPS!!! The description of a todo cannot be empty.\");","lastModifiedDate":"2025-01-23","isFullCredit":false},{"lineNumber":89,"author":{"gitId":"ypuppy"},"content":"                    }","lastModifiedDate":"2025-01-23","isFullCredit":false},{"lineNumber":90,"author":{"gitId":"ypuppy"},"content":"                    Task task \u003d new Todo(description);","lastModifiedDate":"2025-01-22","isFullCredit":false},{"lineNumber":91,"author":{"gitId":"ypuppy"},"content":"                    tasks.add(task);","lastModifiedDate":"2025-01-22","isFullCredit":false},{"lineNumber":92,"author":{"gitId":"ypuppy"},"content":"                    System.out.println(\"____________________________________________________________\");","lastModifiedDate":"2025-01-22","isFullCredit":false},{"lineNumber":93,"author":{"gitId":"ypuppy"},"content":"                    System.out.println(\"    Got it. I\u0027ve added this task:\");","lastModifiedDate":"2025-01-22","isFullCredit":false},{"lineNumber":94,"author":{"gitId":"ypuppy"},"content":"                    System.out.println(\"      \" + task);","lastModifiedDate":"2025-01-22","isFullCredit":false},{"lineNumber":95,"author":{"gitId":"ypuppy"},"content":"                    System.out.println(\"    Now you have \" + tasks.size() + \" tasks in the list.\");","lastModifiedDate":"2025-01-22","isFullCredit":false},{"lineNumber":96,"author":{"gitId":"ypuppy"},"content":"                    System.out.println(\"____________________________________________________________\");","lastModifiedDate":"2025-01-22","isFullCredit":false},{"lineNumber":97,"author":{"gitId":"ypuppy"},"content":"                } catch (LumiException e) {","lastModifiedDate":"2025-01-23","isFullCredit":false},{"lineNumber":98,"author":{"gitId":"ypuppy"},"content":"                    System.out.println(\"____________________________________________________________\");","lastModifiedDate":"2025-01-23","isFullCredit":false},{"lineNumber":99,"author":{"gitId":"ypuppy"},"content":"                    System.out.println(e.getMessage());","lastModifiedDate":"2025-01-23","isFullCredit":false},{"lineNumber":100,"author":{"gitId":"ypuppy"},"content":"                    System.out.println(\"____________________________________________________________\");","lastModifiedDate":"2025-01-23","isFullCredit":false},{"lineNumber":101,"author":{"gitId":"ypuppy"},"content":"                }","lastModifiedDate":"2025-01-23","isFullCredit":false},{"lineNumber":102,"author":{"gitId":"ypuppy"},"content":"            }","lastModifiedDate":"2025-01-23","isFullCredit":false},{"lineNumber":103,"author":{"gitId":"ypuppy"},"content":"/*                String description \u003d input.substring(5).trim();","lastModifiedDate":"2025-01-23","isFullCredit":false},{"lineNumber":104,"author":{"gitId":"ypuppy"},"content":"                Task task \u003d new Todo(description);","lastModifiedDate":"2025-01-23","isFullCredit":false},{"lineNumber":105,"author":{"gitId":"ypuppy"},"content":"                tasks.add(task);","lastModifiedDate":"2025-01-23","isFullCredit":false},{"lineNumber":106,"author":{"gitId":"ypuppy"},"content":"                System.out.println(\"____________________________________________________________\");","lastModifiedDate":"2025-01-23","isFullCredit":false},{"lineNumber":107,"author":{"gitId":"ypuppy"},"content":"                System.out.println(\"    Got it. I\u0027ve added this task:\");","lastModifiedDate":"2025-01-23","isFullCredit":false},{"lineNumber":108,"author":{"gitId":"ypuppy"},"content":"                System.out.println(\"      \" + task);","lastModifiedDate":"2025-01-23","isFullCredit":false},{"lineNumber":109,"author":{"gitId":"ypuppy"},"content":"                System.out.println(\"    Now you have \" + tasks.size() + \" tasks in the list.\");","lastModifiedDate":"2025-01-23","isFullCredit":false},{"lineNumber":110,"author":{"gitId":"ypuppy"},"content":"                System.out.println(\"____________________________________________________________\");","lastModifiedDate":"2025-01-23","isFullCredit":false},{"lineNumber":111,"author":{"gitId":"ypuppy"},"content":"","lastModifiedDate":"2025-01-23","isFullCredit":false},{"lineNumber":112,"author":{"gitId":"ypuppy"},"content":"            else if (input.startsWith(\"deadline \")) {","lastModifiedDate":"2025-01-23","isFullCredit":false},{"lineNumber":113,"author":{"gitId":"ypuppy"},"content":"                String[] parts \u003d input.substring(9).split(\" /by \");","lastModifiedDate":"2025-01-22","isFullCredit":false},{"lineNumber":114,"author":{"gitId":"ypuppy"},"content":"                String description \u003d parts[0].trim();","lastModifiedDate":"2025-01-22","isFullCredit":false},{"lineNumber":115,"author":{"gitId":"ypuppy"},"content":"                String by \u003d parts[1].trim();","lastModifiedDate":"2025-01-22","isFullCredit":false},{"lineNumber":116,"author":{"gitId":"ypuppy"},"content":"                Task task \u003d new Deadline(description, by);","lastModifiedDate":"2025-01-22","isFullCredit":false},{"lineNumber":117,"author":{"gitId":"ypuppy"},"content":"                tasks.add(task);","lastModifiedDate":"2025-01-22","isFullCredit":false},{"lineNumber":118,"author":{"gitId":"ypuppy"},"content":"                System.out.println(\"____________________________________________________________\");","lastModifiedDate":"2025-01-22","isFullCredit":false},{"lineNumber":119,"author":{"gitId":"ypuppy"},"content":"                System.out.println(\"    Got it. I\u0027ve added this task:\");","lastModifiedDate":"2025-01-22","isFullCredit":false},{"lineNumber":120,"author":{"gitId":"ypuppy"},"content":"                System.out.println(\"      \" + task);","lastModifiedDate":"2025-01-22","isFullCredit":false},{"lineNumber":121,"author":{"gitId":"ypuppy"},"content":"                System.out.println(\"    Now you have \" + tasks.size() + \" tasks in the list.\");","lastModifiedDate":"2025-01-22","isFullCredit":false},{"lineNumber":122,"author":{"gitId":"ypuppy"},"content":"                System.out.println(\"____________________________________________________________\");","lastModifiedDate":"2025-01-22","isFullCredit":false},{"lineNumber":123,"author":{"gitId":"ypuppy"},"content":"            } else if (input.startsWith(\"event \")) {","lastModifiedDate":"2025-01-22","isFullCredit":false},{"lineNumber":124,"author":{"gitId":"ypuppy"},"content":"                String[] parts \u003d input.substring(6).split(\" /from \");","lastModifiedDate":"2025-01-22","isFullCredit":false},{"lineNumber":125,"author":{"gitId":"ypuppy"},"content":"                String description \u003d parts[0].trim();","lastModifiedDate":"2025-01-22","isFullCredit":false},{"lineNumber":126,"author":{"gitId":"ypuppy"},"content":"                String[] times \u003d parts[1].split(\" /to \");","lastModifiedDate":"2025-01-22","isFullCredit":false},{"lineNumber":127,"author":{"gitId":"ypuppy"},"content":"                String from \u003d times[0].trim();","lastModifiedDate":"2025-01-22","isFullCredit":false},{"lineNumber":128,"author":{"gitId":"ypuppy"},"content":"                String to \u003d times[1].trim();","lastModifiedDate":"2025-01-22","isFullCredit":false},{"lineNumber":129,"author":{"gitId":"ypuppy"},"content":"                Task task \u003d new Event(description, from, to);","lastModifiedDate":"2025-01-22","isFullCredit":false},{"lineNumber":130,"author":{"gitId":"ypuppy"},"content":"                tasks.add(task);","lastModifiedDate":"2025-01-22","isFullCredit":false},{"lineNumber":131,"author":{"gitId":"ypuppy"},"content":"                System.out.println(\"____________________________________________________________\");","lastModifiedDate":"2025-01-22","isFullCredit":false},{"lineNumber":132,"author":{"gitId":"ypuppy"},"content":"                System.out.println(\"    Got it. I\u0027ve added this task:\");","lastModifiedDate":"2025-01-22","isFullCredit":false},{"lineNumber":133,"author":{"gitId":"ypuppy"},"content":"                System.out.println(\"      \" + task);","lastModifiedDate":"2025-01-22","isFullCredit":false},{"lineNumber":134,"author":{"gitId":"ypuppy"},"content":"                System.out.println(\"    Now you have \" + tasks.size() + \" tasks in the list.\");","lastModifiedDate":"2025-01-22","isFullCredit":false},{"lineNumber":135,"author":{"gitId":"ypuppy"},"content":"                System.out.println(\"____________________________________________________________\");","lastModifiedDate":"2025-01-22","isFullCredit":false},{"lineNumber":136,"author":{"gitId":"ypuppy"},"content":"","lastModifiedDate":"2025-01-23","isFullCredit":false},{"lineNumber":137,"author":{"gitId":"ypuppy"},"content":" */","lastModifiedDate":"2025-01-23","isFullCredit":false},{"lineNumber":138,"author":{"gitId":"ypuppy"},"content":"            else if (input.startsWith(\"deadline\")) {","lastModifiedDate":"2025-01-23","isFullCredit":false},{"lineNumber":139,"author":{"gitId":"ypuppy"},"content":"                try {","lastModifiedDate":"2025-01-23","isFullCredit":false},{"lineNumber":140,"author":{"gitId":"ypuppy"},"content":"                    String[] parts \u003d input.substring(8).split(\"\\\\s*/by\\\\s*\");","lastModifiedDate":"2025-01-23","isFullCredit":false},{"lineNumber":141,"author":{"gitId":"ypuppy"},"content":"                    if (parts[0].trim().isEmpty()) {","lastModifiedDate":"2025-01-23","isFullCredit":false},{"lineNumber":142,"author":{"gitId":"ypuppy"},"content":"                        throw new LumiException(\"OOPS!!! The description of the task cannot be empty.\");","lastModifiedDate":"2025-01-23","isFullCredit":false},{"lineNumber":143,"author":{"gitId":"ypuppy"},"content":"                    } else if ( parts.length \u003c 2 || parts[1].trim().isEmpty()) {","lastModifiedDate":"2025-01-23","isFullCredit":false},{"lineNumber":144,"author":{"gitId":"ypuppy"},"content":"                        throw new LumiException(\"OOPS!!! what is the deadline?\");","lastModifiedDate":"2025-01-23","isFullCredit":false},{"lineNumber":145,"author":{"gitId":"ypuppy"},"content":"                    }","lastModifiedDate":"2025-01-23","isFullCredit":false},{"lineNumber":146,"author":{"gitId":"ypuppy"},"content":"                    String description \u003d parts[0].trim();","lastModifiedDate":"2025-01-23","isFullCredit":false},{"lineNumber":147,"author":{"gitId":"ypuppy"},"content":"                    String by \u003d parts[1].trim();","lastModifiedDate":"2025-01-23","isFullCredit":false},{"lineNumber":148,"author":{"gitId":"ypuppy"},"content":"                    Task task \u003d new Deadline(description, by);","lastModifiedDate":"2025-01-23","isFullCredit":false},{"lineNumber":149,"author":{"gitId":"ypuppy"},"content":"                    tasks.add(task);","lastModifiedDate":"2025-01-23","isFullCredit":false},{"lineNumber":150,"author":{"gitId":"ypuppy"},"content":"                    System.out.println(\"____________________________________________________________\");","lastModifiedDate":"2025-01-23","isFullCredit":false},{"lineNumber":151,"author":{"gitId":"ypuppy"},"content":"                    System.out.println(\"    Got it. I\u0027ve added this task:\");","lastModifiedDate":"2025-01-23","isFullCredit":false},{"lineNumber":152,"author":{"gitId":"ypuppy"},"content":"                    System.out.println(\"      \" + task);","lastModifiedDate":"2025-01-23","isFullCredit":false},{"lineNumber":153,"author":{"gitId":"ypuppy"},"content":"                    System.out.println(\"    Now you have \" + tasks.size() + \" tasks in the list.\");","lastModifiedDate":"2025-01-23","isFullCredit":false},{"lineNumber":154,"author":{"gitId":"ypuppy"},"content":"                    System.out.println(\"____________________________________________________________\");","lastModifiedDate":"2025-01-23","isFullCredit":false},{"lineNumber":155,"author":{"gitId":"ypuppy"},"content":"                } catch (LumiException e) {","lastModifiedDate":"2025-01-23","isFullCredit":false},{"lineNumber":156,"author":{"gitId":"ypuppy"},"content":"                    System.out.println(\"____________________________________________________________\");","lastModifiedDate":"2025-01-23","isFullCredit":false},{"lineNumber":157,"author":{"gitId":"ypuppy"},"content":"                    System.out.println(e.getMessage());","lastModifiedDate":"2025-01-23","isFullCredit":false},{"lineNumber":158,"author":{"gitId":"ypuppy"},"content":"                    System.out.println(\"____________________________________________________________\");","lastModifiedDate":"2025-01-23","isFullCredit":false},{"lineNumber":159,"author":{"gitId":"ypuppy"},"content":"                } catch (Exception e) {","lastModifiedDate":"2025-01-23","isFullCredit":false},{"lineNumber":160,"author":{"gitId":"ypuppy"},"content":"                    System.out.println(\"____________________________________________________________\");","lastModifiedDate":"2025-01-23","isFullCredit":false},{"lineNumber":161,"author":{"gitId":"ypuppy"},"content":"                    System.out.println(\"An unexpected error occurred: \" + e.getMessage());","lastModifiedDate":"2025-01-23","isFullCredit":false},{"lineNumber":162,"author":{"gitId":"ypuppy"},"content":"                    System.out.println(\"____________________________________________________________\");","lastModifiedDate":"2025-01-23","isFullCredit":false},{"lineNumber":163,"author":{"gitId":"ypuppy"},"content":"                }","lastModifiedDate":"2025-01-23","isFullCredit":false},{"lineNumber":164,"author":{"gitId":"ypuppy"},"content":"            } else if (input.startsWith(\"event\")) {","lastModifiedDate":"2025-01-23","isFullCredit":false},{"lineNumber":165,"author":{"gitId":"ypuppy"},"content":"                try {","lastModifiedDate":"2025-01-23","isFullCredit":false},{"lineNumber":166,"author":{"gitId":"ypuppy"},"content":"                    String[] parts \u003d input.substring(5).split(\"\\\\s*/from\\\\s*\");","lastModifiedDate":"2025-01-23","isFullCredit":false},{"lineNumber":167,"author":{"gitId":"ypuppy"},"content":"                    if (parts[0].trim().isEmpty()) {","lastModifiedDate":"2025-01-23","isFullCredit":false},{"lineNumber":168,"author":{"gitId":"ypuppy"},"content":"                        throw new LumiException(\"OOPS!!! The description of an event cannot be empty.\");","lastModifiedDate":"2025-01-23","isFullCredit":false},{"lineNumber":169,"author":{"gitId":"ypuppy"},"content":"                    }","lastModifiedDate":"2025-01-23","isFullCredit":false},{"lineNumber":170,"author":{"gitId":"ypuppy"},"content":"                    String description \u003d parts[0].trim();","lastModifiedDate":"2025-01-23","isFullCredit":false},{"lineNumber":171,"author":{"gitId":"ypuppy"},"content":"                    String[] times \u003d parts[1].split(\"\\\\s*/to\\\\s*\");","lastModifiedDate":"2025-01-23","isFullCredit":false},{"lineNumber":172,"author":{"gitId":"ypuppy"},"content":"                    if (times.length \u003c 2 || times[0].trim().isEmpty() || times[1].trim().isEmpty()) {","lastModifiedDate":"2025-01-23","isFullCredit":false},{"lineNumber":173,"author":{"gitId":"ypuppy"},"content":"                        throw new LumiException(\"OOPS!!! The start or end time of an event cannot be empty.\");","lastModifiedDate":"2025-01-23","isFullCredit":false},{"lineNumber":174,"author":{"gitId":"ypuppy"},"content":"                    }","lastModifiedDate":"2025-01-23","isFullCredit":false},{"lineNumber":175,"author":{"gitId":"ypuppy"},"content":"                    String from \u003d times[0].trim();","lastModifiedDate":"2025-01-23","isFullCredit":false},{"lineNumber":176,"author":{"gitId":"ypuppy"},"content":"                    String to \u003d times[1].trim();","lastModifiedDate":"2025-01-23","isFullCredit":false},{"lineNumber":177,"author":{"gitId":"ypuppy"},"content":"                    Task task \u003d new Event(description, from, to);","lastModifiedDate":"2025-01-23","isFullCredit":false},{"lineNumber":178,"author":{"gitId":"ypuppy"},"content":"                    tasks.add(task);","lastModifiedDate":"2025-01-23","isFullCredit":false},{"lineNumber":179,"author":{"gitId":"ypuppy"},"content":"                    System.out.println(\"____________________________________________________________\");","lastModifiedDate":"2025-01-23","isFullCredit":false},{"lineNumber":180,"author":{"gitId":"ypuppy"},"content":"                    System.out.println(\"    Got it. I\u0027ve added this task:\");","lastModifiedDate":"2025-01-23","isFullCredit":false},{"lineNumber":181,"author":{"gitId":"ypuppy"},"content":"                    System.out.println(\"      \" + task);","lastModifiedDate":"2025-01-23","isFullCredit":false},{"lineNumber":182,"author":{"gitId":"ypuppy"},"content":"                    System.out.println(\"    Now you have \" + tasks.size() + \" tasks in the list.\");","lastModifiedDate":"2025-01-23","isFullCredit":false},{"lineNumber":183,"author":{"gitId":"ypuppy"},"content":"                    System.out.println(\"____________________________________________________________\");","lastModifiedDate":"2025-01-23","isFullCredit":false},{"lineNumber":184,"author":{"gitId":"ypuppy"},"content":"                } catch (LumiException e) {","lastModifiedDate":"2025-01-23","isFullCredit":false},{"lineNumber":185,"author":{"gitId":"ypuppy"},"content":"                    System.out.println(\"____________________________________________________________\");","lastModifiedDate":"2025-01-23","isFullCredit":false},{"lineNumber":186,"author":{"gitId":"ypuppy"},"content":"                    System.out.println(e.getMessage());","lastModifiedDate":"2025-01-23","isFullCredit":false},{"lineNumber":187,"author":{"gitId":"ypuppy"},"content":"                    System.out.println(\"____________________________________________________________\");","lastModifiedDate":"2025-01-23","isFullCredit":false},{"lineNumber":188,"author":{"gitId":"ypuppy"},"content":"                } catch (Exception e) {","lastModifiedDate":"2025-01-23","isFullCredit":false},{"lineNumber":189,"author":{"gitId":"ypuppy"},"content":"                    System.out.println(\"____________________________________________________________\");","lastModifiedDate":"2025-01-23","isFullCredit":false},{"lineNumber":190,"author":{"gitId":"ypuppy"},"content":"                    System.out.println(\"An unexpected error occurred: \" + e.getMessage());","lastModifiedDate":"2025-01-23","isFullCredit":false},{"lineNumber":191,"author":{"gitId":"ypuppy"},"content":"                    System.out.println(\"____________________________________________________________\");","lastModifiedDate":"2025-01-23","isFullCredit":false},{"lineNumber":192,"author":{"gitId":"ypuppy"},"content":"                }","lastModifiedDate":"2025-01-23","isFullCredit":false},{"lineNumber":193,"author":{"gitId":"ypuppy"},"content":"            } else if (input.startsWith(\"delete\")) {","lastModifiedDate":"2025-01-23","isFullCredit":false},{"lineNumber":194,"author":{"gitId":"ypuppy"},"content":"                try {","lastModifiedDate":"2025-01-23","isFullCredit":false},{"lineNumber":195,"author":{"gitId":"ypuppy"},"content":"                    // Extract the index from the input","lastModifiedDate":"2025-01-23","isFullCredit":false},{"lineNumber":196,"author":{"gitId":"ypuppy"},"content":"                    String indexStr \u003d input.substring(6).trim();","lastModifiedDate":"2025-01-23","isFullCredit":false},{"lineNumber":197,"author":{"gitId":"ypuppy"},"content":"                    int index \u003d Integer.parseInt(indexStr) - 1; // Convert to zero-based index","lastModifiedDate":"2025-01-23","isFullCredit":false},{"lineNumber":198,"author":{"gitId":"ypuppy"},"content":"","lastModifiedDate":"2025-01-23","isFullCredit":false},{"lineNumber":199,"author":{"gitId":"ypuppy"},"content":"                    // Check if the index is valid","lastModifiedDate":"2025-01-23","isFullCredit":false},{"lineNumber":200,"author":{"gitId":"ypuppy"},"content":"                    if (index \u003c 0 || index \u003e\u003d tasks.size()) {","lastModifiedDate":"2025-01-23","isFullCredit":false},{"lineNumber":201,"author":{"gitId":"ypuppy"},"content":"                        throw new LumiException(\"    OOPS!!! The task number provided is invalid.\");","lastModifiedDate":"2025-01-23","isFullCredit":false},{"lineNumber":202,"author":{"gitId":"ypuppy"},"content":"                    }","lastModifiedDate":"2025-01-23","isFullCredit":false},{"lineNumber":203,"author":{"gitId":"ypuppy"},"content":"","lastModifiedDate":"2025-01-23","isFullCredit":false},{"lineNumber":204,"author":{"gitId":"ypuppy"},"content":"                    // Remove the task and provide feedback","lastModifiedDate":"2025-01-23","isFullCredit":false},{"lineNumber":205,"author":{"gitId":"ypuppy"},"content":"                    Task removedTask \u003d tasks.remove(index);","lastModifiedDate":"2025-01-23","isFullCredit":false},{"lineNumber":206,"author":{"gitId":"ypuppy"},"content":"                    System.out.println(\"____________________________________________________________\");","lastModifiedDate":"2025-01-23","isFullCredit":false},{"lineNumber":207,"author":{"gitId":"ypuppy"},"content":"                    System.out.println(\"    Noted. I\u0027ve removed this task:\");","lastModifiedDate":"2025-01-23","isFullCredit":false},{"lineNumber":208,"author":{"gitId":"ypuppy"},"content":"                    System.out.println(\"      \" + removedTask);","lastModifiedDate":"2025-01-23","isFullCredit":false},{"lineNumber":209,"author":{"gitId":"ypuppy"},"content":"                    System.out.println(\"    Now you have \" + tasks.size() + \" tasks in the list.\");","lastModifiedDate":"2025-01-23","isFullCredit":false},{"lineNumber":210,"author":{"gitId":"ypuppy"},"content":"                    System.out.println(\"____________________________________________________________\");","lastModifiedDate":"2025-01-23","isFullCredit":false},{"lineNumber":211,"author":{"gitId":"ypuppy"},"content":"                } catch (NumberFormatException e) {","lastModifiedDate":"2025-01-23","isFullCredit":false},{"lineNumber":212,"author":{"gitId":"ypuppy"},"content":"                    // Handle non-integer input","lastModifiedDate":"2025-01-23","isFullCredit":false},{"lineNumber":213,"author":{"gitId":"ypuppy"},"content":"                    System.out.println(\"____________________________________________________________\");","lastModifiedDate":"2025-01-23","isFullCredit":false},{"lineNumber":214,"author":{"gitId":"ypuppy"},"content":"                    System.out.println(\"    OOPS!!! Please provide a valid task number to delete.\");","lastModifiedDate":"2025-01-23","isFullCredit":false},{"lineNumber":215,"author":{"gitId":"ypuppy"},"content":"                    System.out.println(\"____________________________________________________________\");","lastModifiedDate":"2025-01-23","isFullCredit":false},{"lineNumber":216,"author":{"gitId":"ypuppy"},"content":"                } catch (LumiException e) {","lastModifiedDate":"2025-01-23","isFullCredit":false},{"lineNumber":217,"author":{"gitId":"ypuppy"},"content":"                    // Handle invalid task number","lastModifiedDate":"2025-01-23","isFullCredit":false},{"lineNumber":218,"author":{"gitId":"ypuppy"},"content":"                    System.out.println(\"____________________________________________________________\");","lastModifiedDate":"2025-01-23","isFullCredit":false},{"lineNumber":219,"author":{"gitId":"ypuppy"},"content":"                    System.out.println(e.getMessage());","lastModifiedDate":"2025-01-23","isFullCredit":false},{"lineNumber":220,"author":{"gitId":"ypuppy"},"content":"                    System.out.println(\"____________________________________________________________\");","lastModifiedDate":"2025-01-23","isFullCredit":false},{"lineNumber":221,"author":{"gitId":"ypuppy"},"content":"                } catch (Exception e) {","lastModifiedDate":"2025-01-23","isFullCredit":false},{"lineNumber":222,"author":{"gitId":"ypuppy"},"content":"                    // Catch any unexpected errors","lastModifiedDate":"2025-01-23","isFullCredit":false},{"lineNumber":223,"author":{"gitId":"ypuppy"},"content":"                    System.out.println(\"____________________________________________________________\");","lastModifiedDate":"2025-01-23","isFullCredit":false},{"lineNumber":224,"author":{"gitId":"ypuppy"},"content":"                    System.out.println(\"An unexpected error occurred: \" + e.getMessage());","lastModifiedDate":"2025-01-23","isFullCredit":false},{"lineNumber":225,"author":{"gitId":"ypuppy"},"content":"                    System.out.println(\"____________________________________________________________\");","lastModifiedDate":"2025-01-23","isFullCredit":false},{"lineNumber":226,"author":{"gitId":"ypuppy"},"content":"                }","lastModifiedDate":"2025-01-23","isFullCredit":false},{"lineNumber":227,"author":{"gitId":"ypuppy"},"content":"            } else {","lastModifiedDate":"2025-01-22","isFullCredit":false},{"lineNumber":228,"author":{"gitId":"ypuppy"},"content":"                System.out.println(\"____________________________________________________________\");","lastModifiedDate":"2025-01-22","isFullCredit":false},{"lineNumber":229,"author":{"gitId":"ypuppy"},"content":"                System.out.println(\"    I don\u0027t understand that command.\");","lastModifiedDate":"2025-01-22","isFullCredit":false},{"lineNumber":230,"author":{"gitId":"ypuppy"},"content":"                System.out.println(\"____________________________________________________________\");","lastModifiedDate":"2025-01-22","isFullCredit":false},{"lineNumber":231,"author":{"gitId":"ypuppy"},"content":"            }","lastModifiedDate":"2025-01-22","isFullCredit":false},{"lineNumber":232,"author":{"gitId":"ypuppy"},"content":"","lastModifiedDate":"2025-01-22","isFullCredit":false},{"lineNumber":233,"author":{"gitId":"ypuppy"},"content":"        }","lastModifiedDate":"2025-01-22","isFullCredit":false},{"lineNumber":234,"author":{"gitId":"ypuppy"},"content":"","lastModifiedDate":"2025-01-22","isFullCredit":false},{"lineNumber":235,"author":{"gitId":"ypuppy"},"content":"        scanner.close(); // Close the scanner","lastModifiedDate":"2025-01-22","isFullCredit":false},{"lineNumber":236,"author":{"gitId":"ypuppy"},"content":"    }","lastModifiedDate":"2025-01-22","isFullCredit":false},{"lineNumber":237,"author":{"gitId":"ypuppy"},"content":"","lastModifiedDate":"2025-01-22","isFullCredit":false},{"lineNumber":238,"author":{"gitId":"ypuppy"},"content":"}","lastModifiedDate":"2025-01-22","isFullCredit":false}],"authorContributionMap":{"ypuppy":238}},{"path":"src/main/java/LumiException.java","fileType":"java","lines":[{"lineNumber":1,"author":{"gitId":"ypuppy"},"content":"public class LumiException extends Exception {","lastModifiedDate":"2025-01-23","isFullCredit":false},{"lineNumber":2,"author":{"gitId":"ypuppy"},"content":"    public LumiException(String message) {","lastModifiedDate":"2025-01-23","isFullCredit":false},{"lineNumber":3,"author":{"gitId":"ypuppy"},"content":"","lastModifiedDate":"2025-01-23","isFullCredit":false},{"lineNumber":4,"author":{"gitId":"ypuppy"},"content":"        super(message);","lastModifiedDate":"2025-01-23","isFullCredit":false},{"lineNumber":5,"author":{"gitId":"ypuppy"},"content":"    }","lastModifiedDate":"2025-01-23","isFullCredit":false},{"lineNumber":6,"author":{"gitId":"ypuppy"},"content":"}","lastModifiedDate":"2025-01-23","isFullCredit":false},{"lineNumber":7,"author":{"gitId":"ypuppy"},"content":"","lastModifiedDate":"2025-01-23","isFullCredit":false}],"authorContributionMap":{"ypuppy":7}},{"path":"src/main/java/Task.java","fileType":"java","lines":[{"lineNumber":1,"author":{"gitId":"ypuppy"},"content":"//to muatate the Task status while marking, have to disable final modifier","lastModifiedDate":"2025-01-22","isFullCredit":false},{"lineNumber":2,"author":{"gitId":"ypuppy"},"content":"","lastModifiedDate":"2025-01-22","isFullCredit":false},{"lineNumber":3,"author":{"gitId":"ypuppy"},"content":"public class Task {","lastModifiedDate":"2025-01-22","isFullCredit":false},{"lineNumber":4,"author":{"gitId":"ypuppy"},"content":"    protected String description;","lastModifiedDate":"2025-01-22","isFullCredit":false},{"lineNumber":5,"author":{"gitId":"ypuppy"},"content":"    protected boolean isDone;","lastModifiedDate":"2025-01-22","isFullCredit":false},{"lineNumber":6,"author":{"gitId":"ypuppy"},"content":"","lastModifiedDate":"2025-01-22","isFullCredit":false},{"lineNumber":7,"author":{"gitId":"ypuppy"},"content":"    public Task(String description) {","lastModifiedDate":"2025-01-22","isFullCredit":false},{"lineNumber":8,"author":{"gitId":"ypuppy"},"content":"        this.description \u003d description;","lastModifiedDate":"2025-01-22","isFullCredit":false},{"lineNumber":9,"author":{"gitId":"ypuppy"},"content":"        this.isDone \u003d false;","lastModifiedDate":"2025-01-22","isFullCredit":false},{"lineNumber":10,"author":{"gitId":"ypuppy"},"content":"    }","lastModifiedDate":"2025-01-22","isFullCredit":false},{"lineNumber":11,"author":{"gitId":"ypuppy"},"content":"","lastModifiedDate":"2025-01-22","isFullCredit":false},{"lineNumber":12,"author":{"gitId":"ypuppy"},"content":"    public String getStatusIcon() {","lastModifiedDate":"2025-01-22","isFullCredit":false},{"lineNumber":13,"author":{"gitId":"ypuppy"},"content":"        return (isDone ? \"X\" : \" \"); // mark done task with X","lastModifiedDate":"2025-01-22","isFullCredit":false},{"lineNumber":14,"author":{"gitId":"ypuppy"},"content":"    }","lastModifiedDate":"2025-01-22","isFullCredit":false},{"lineNumber":15,"author":{"gitId":"ypuppy"},"content":"","lastModifiedDate":"2025-01-22","isFullCredit":false},{"lineNumber":16,"author":{"gitId":"ypuppy"},"content":"    public void markAsDone() {","lastModifiedDate":"2025-01-22","isFullCredit":false},{"lineNumber":17,"author":{"gitId":"ypuppy"},"content":"        this.isDone \u003d true;","lastModifiedDate":"2025-01-22","isFullCredit":false},{"lineNumber":18,"author":{"gitId":"ypuppy"},"content":"    }","lastModifiedDate":"2025-01-22","isFullCredit":false},{"lineNumber":19,"author":{"gitId":"ypuppy"},"content":"","lastModifiedDate":"2025-01-22","isFullCredit":false},{"lineNumber":20,"author":{"gitId":"ypuppy"},"content":"    public void unmark() {","lastModifiedDate":"2025-01-22","isFullCredit":false},{"lineNumber":21,"author":{"gitId":"ypuppy"},"content":"        this.isDone \u003d false;","lastModifiedDate":"2025-01-22","isFullCredit":false},{"lineNumber":22,"author":{"gitId":"ypuppy"},"content":"    }","lastModifiedDate":"2025-01-22","isFullCredit":false},{"lineNumber":23,"author":{"gitId":"ypuppy"},"content":"","lastModifiedDate":"2025-01-22","isFullCredit":false},{"lineNumber":24,"author":{"gitId":"ypuppy"},"content":"    @Override","lastModifiedDate":"2025-01-22","isFullCredit":false},{"lineNumber":25,"author":{"gitId":"ypuppy"},"content":"    public String toString() {","lastModifiedDate":"2025-01-22","isFullCredit":false},{"lineNumber":26,"author":{"gitId":"ypuppy"},"content":"        return \"[\" + getStatusIcon() + \"] \" + description;","lastModifiedDate":"2025-01-22","isFullCredit":false},{"lineNumber":27,"author":{"gitId":"ypuppy"},"content":"    }","lastModifiedDate":"2025-01-22","isFullCredit":false},{"lineNumber":28,"author":{"gitId":"ypuppy"},"content":"}","lastModifiedDate":"2025-01-22","isFullCredit":false},{"lineNumber":29,"author":{"gitId":"ypuppy"},"content":"","lastModifiedDate":"2025-01-22","isFullCredit":false}],"authorContributionMap":{"ypuppy":29}},{"path":"src/main/java/Todo.java","fileType":"java","lines":[{"lineNumber":1,"author":{"gitId":"ypuppy"},"content":"public class Todo extends Task {","lastModifiedDate":"2025-01-22","isFullCredit":false},{"lineNumber":2,"author":{"gitId":"ypuppy"},"content":"    public Todo(String description) {","lastModifiedDate":"2025-01-22","isFullCredit":false},{"lineNumber":3,"author":{"gitId":"ypuppy"},"content":"        super(description);","lastModifiedDate":"2025-01-22","isFullCredit":false},{"lineNumber":4,"author":{"gitId":"ypuppy"},"content":"    }","lastModifiedDate":"2025-01-22","isFullCredit":false},{"lineNumber":5,"author":{"gitId":"ypuppy"},"content":"","lastModifiedDate":"2025-01-22","isFullCredit":false},{"lineNumber":6,"author":{"gitId":"ypuppy"},"content":"    @Override","lastModifiedDate":"2025-01-22","isFullCredit":false},{"lineNumber":7,"author":{"gitId":"ypuppy"},"content":"    public String toString() {","lastModifiedDate":"2025-01-22","isFullCredit":false},{"lineNumber":8,"author":{"gitId":"ypuppy"},"content":"        return \"[T]\" + super.toString();","lastModifiedDate":"2025-01-22","isFullCredit":false},{"lineNumber":9,"author":{"gitId":"ypuppy"},"content":"    }","lastModifiedDate":"2025-01-22","isFullCredit":false},{"lineNumber":10,"author":{"gitId":"ypuppy"},"content":"}","lastModifiedDate":"2025-01-22","isFullCredit":false}],"authorContributionMap":{"ypuppy":10}},{"path":"text-ui-test/input.txt","fileType":"txt","lines":[{"lineNumber":1,"author":{"gitId":"ypuppy"},"content":"list","lastModifiedDate":"2025-01-22","isFullCredit":false},{"lineNumber":2,"author":{"gitId":"ypuppy"},"content":"todo go to utown","lastModifiedDate":"2025-01-22","isFullCredit":false},{"lineNumber":3,"author":{"gitId":"ypuppy"},"content":"todo go to pc common","lastModifiedDate":"2025-01-22","isFullCredit":false},{"lineNumber":4,"author":{"gitId":"ypuppy"},"content":"deadline eat lunch /by 1200 noon","lastModifiedDate":"2025-01-22","isFullCredit":false},{"lineNumber":5,"author":{"gitId":"ypuppy"},"content":"event have lecture /from 1400 /to 1600","lastModifiedDate":"2025-01-22","isFullCredit":false},{"lineNumber":6,"author":{"gitId":"ypuppy"},"content":"list","lastModifiedDate":"2025-01-22","isFullCredit":false},{"lineNumber":7,"author":{"gitId":"ypuppy"},"content":"mark 1","lastModifiedDate":"2025-01-22","isFullCredit":false},{"lineNumber":8,"author":{"gitId":"ypuppy"},"content":"mark 2","lastModifiedDate":"2025-01-22","isFullCredit":false},{"lineNumber":9,"author":{"gitId":"ypuppy"},"content":"unmark 2","lastModifiedDate":"2025-01-22","isFullCredit":false},{"lineNumber":10,"author":{"gitId":"ypuppy"},"content":"mark3","lastModifiedDate":"2025-01-22","isFullCredit":false},{"lineNumber":11,"author":{"gitId":"ypuppy"},"content":"mark 5","lastModifiedDate":"2025-01-22","isFullCredit":false},{"lineNumber":12,"author":{"gitId":"ypuppy"},"content":"bye","lastModifiedDate":"2025-01-22","isFullCredit":false}],"authorContributionMap":{"ypuppy":12}},{"path":"text-ui-test/runtest.sh","fileType":"sh","lines":[{"lineNumber":1,"author":{"gitId":"-"},"content":"#!/usr/bin/env bash","lastModifiedDate":"2020-05-25","isFullCredit":false},{"lineNumber":2,"author":{"gitId":"-"},"content":"","lastModifiedDate":"2020-05-25","isFullCredit":false},{"lineNumber":3,"author":{"gitId":"-"},"content":"# create bin directory if it doesn\u0027t exist","lastModifiedDate":"2020-05-25","isFullCredit":false},{"lineNumber":4,"author":{"gitId":"-"},"content":"if [ ! -d \"../bin\" ]","lastModifiedDate":"2020-05-25","isFullCredit":false},{"lineNumber":5,"author":{"gitId":"-"},"content":"then","lastModifiedDate":"2020-05-25","isFullCredit":false},{"lineNumber":6,"author":{"gitId":"-"},"content":"    mkdir ../bin","lastModifiedDate":"2020-05-25","isFullCredit":false},{"lineNumber":7,"author":{"gitId":"-"},"content":"fi","lastModifiedDate":"2020-05-25","isFullCredit":false},{"lineNumber":8,"author":{"gitId":"-"},"content":"","lastModifiedDate":"2020-05-25","isFullCredit":false},{"lineNumber":9,"author":{"gitId":"-"},"content":"# delete output from previous run","lastModifiedDate":"2020-05-25","isFullCredit":false},{"lineNumber":10,"author":{"gitId":"-"},"content":"if [ -e \"./ACTUAL.TXT\" ]","lastModifiedDate":"2020-05-25","isFullCredit":false},{"lineNumber":11,"author":{"gitId":"-"},"content":"then","lastModifiedDate":"2020-05-25","isFullCredit":false},{"lineNumber":12,"author":{"gitId":"-"},"content":"    rm ACTUAL.TXT","lastModifiedDate":"2020-05-25","isFullCredit":false},{"lineNumber":13,"author":{"gitId":"-"},"content":"fi","lastModifiedDate":"2020-05-25","isFullCredit":false},{"lineNumber":14,"author":{"gitId":"-"},"content":"","lastModifiedDate":"2020-05-25","isFullCredit":false},{"lineNumber":15,"author":{"gitId":"-"},"content":"# compile the code into the bin folder, terminates if error occurred","lastModifiedDate":"2020-05-25","isFullCredit":false},{"lineNumber":16,"author":{"gitId":"ypuppy"},"content":"if ! javac -cp ../src -Xlint:none -d ../bin ../src/main/java/*.java","lastModifiedDate":"2025-01-22","isFullCredit":false},{"lineNumber":17,"author":{"gitId":"-"},"content":"then","lastModifiedDate":"2020-05-25","isFullCredit":false},{"lineNumber":18,"author":{"gitId":"-"},"content":"    echo \"********** BUILD FAILURE **********\"","lastModifiedDate":"2020-05-25","isFullCredit":false},{"lineNumber":19,"author":{"gitId":"-"},"content":"    exit 1","lastModifiedDate":"2020-05-25","isFullCredit":false},{"lineNumber":20,"author":{"gitId":"-"},"content":"fi","lastModifiedDate":"2020-05-25","isFullCredit":false},{"lineNumber":21,"author":{"gitId":"-"},"content":"","lastModifiedDate":"2020-05-25","isFullCredit":false},{"lineNumber":22,"author":{"gitId":"-"},"content":"# run the program, feed commands from input.txt file and redirect the output to the ACTUAL.TXT","lastModifiedDate":"2020-05-25","isFullCredit":false},{"lineNumber":23,"author":{"gitId":"ypuppy"},"content":"java -classpath ../bin Lumi \u003c input.txt \u003e ACTUAL.TXT","lastModifiedDate":"2025-01-22","isFullCredit":false},{"lineNumber":24,"author":{"gitId":"-"},"content":"","lastModifiedDate":"2020-05-25","isFullCredit":false},{"lineNumber":25,"author":{"gitId":"-"},"content":"# convert to UNIX format","lastModifiedDate":"2020-05-25","isFullCredit":false},{"lineNumber":26,"author":{"gitId":"-"},"content":"cp EXPECTED.TXT EXPECTED-UNIX.TXT","lastModifiedDate":"2020-05-25","isFullCredit":false},{"lineNumber":27,"author":{"gitId":"-"},"content":"dos2unix ACTUAL.TXT EXPECTED-UNIX.TXT","lastModifiedDate":"2020-05-25","isFullCredit":false},{"lineNumber":28,"author":{"gitId":"-"},"content":"","lastModifiedDate":"2020-05-25","isFullCredit":false},{"lineNumber":29,"author":{"gitId":"-"},"content":"# compare the output to the expected output","lastModifiedDate":"2020-05-25","isFullCredit":false},{"lineNumber":30,"author":{"gitId":"-"},"content":"diff ACTUAL.TXT EXPECTED-UNIX.TXT","lastModifiedDate":"2020-05-25","isFullCredit":false},{"lineNumber":31,"author":{"gitId":"-"},"content":"if [ $? -eq 0 ]","lastModifiedDate":"2020-05-25","isFullCredit":false},{"lineNumber":32,"author":{"gitId":"-"},"content":"then","lastModifiedDate":"2020-05-25","isFullCredit":false},{"lineNumber":33,"author":{"gitId":"-"},"content":"    echo \"Test result: PASSED\"","lastModifiedDate":"2020-05-25","isFullCredit":false},{"lineNumber":34,"author":{"gitId":"-"},"content":"    exit 0","lastModifiedDate":"2020-05-25","isFullCredit":false},{"lineNumber":35,"author":{"gitId":"-"},"content":"else","lastModifiedDate":"2020-05-25","isFullCredit":false},{"lineNumber":36,"author":{"gitId":"-"},"content":"    echo \"Test result: FAILED\"","lastModifiedDate":"2020-05-25","isFullCredit":false},{"lineNumber":37,"author":{"gitId":"-"},"content":"    exit 1","lastModifiedDate":"2020-05-25","isFullCredit":false},{"lineNumber":38,"author":{"gitId":"-"},"content":"fi","lastModifiedDate":"2020-05-25","isFullCredit":false}],"authorContributionMap":{"ypuppy":2,"-":36}}]
