{"authorDailyContributionsMap":{"ypuppy":[{"date":"2025-01-22","commitResults":[{"hash":"41d8e51b67f8ec934c84437f554fc906eeb119cc","isMergeCommit":false,"messageTitle":"add greeting and exit","messageBody":"","tags":["Level-0"],"fileTypesAndContributionMap":{"java":{"insertions":8,"deletions":0}}},{"hash":"53c09fba4b6122a8bd00a4901961c5273de2fc2a","isMergeCommit":false,"messageTitle":"add echo function and changed the name of chatbot","messageBody":"","tags":["Level-1"],"fileTypesAndContributionMap":{"java":{"insertions":39,"deletions":18}}},{"hash":"442be32360999e04874495804203c473c6ee1744","isMergeCommit":false,"messageTitle":"added a List","messageBody":"","tags":["Level-2"],"fileTypesAndContributionMap":{"java":{"insertions":14,"deletions":3}}},{"hash":"61a19e6c4b3126074136545dbb6feb55e495b64a","isMergeCommit":false,"messageTitle":"added mark as done feature, new class Task.java","messageBody":"","tags":["Level-3"],"fileTypesAndContributionMap":{"java":{"insertions":59,"deletions":3}}},{"hash":"3d1c522745a42671f7ad34d55eaed50045999b97","isMergeCommit":false,"messageTitle":" add three type of Task, modified Lumi.java","messageBody":"","tags":["Level-4"],"fileTypesAndContributionMap":{"java":{"insertions":74,"deletions":3}}},{"hash":"48418cbebec35926b44f1e93634cbcb57dcd816b","isMergeCommit":false,"messageTitle":"added testcase for level 0 to 4","messageBody":"","tags":["A-TextUiTesting"],"fileTypesAndContributionMap":{"txt":{"insertions":12,"deletions":0},"java":{"insertions":16,"deletions":11},"sh":{"insertions":2,"deletions":2}}}]},{"date":"2025-01-23","commitResults":[{"hash":"d1d1b1cdc84e9038b92c24a28fa443e7b861d37c","isMergeCommit":false,"messageTitle":"added LumiException","messageBody":"","fileTypesAndContributionMap":{"java":{"insertions":100,"deletions":7}}},{"hash":"bea6e2c60febcfcfed2aa347fb0a2ca2d77f067a","isMergeCommit":false,"messageTitle":"added Exceptions for empty task prompt and empty ddl","messageBody":"","tags":["Level-5"],"fileTypesAndContributionMap":{"java":{"insertions":15,"deletions":12}}},{"hash":"79ba6925327ea5c37576abbd6150a85eda8ebf28","isMergeCommit":false,"messageTitle":" added delete feature, modified input flexibility","messageBody":"","tags":["Level-6"],"fileTypesAndContributionMap":{"java":{"insertions":34,"deletions":0}}}]},{"date":"2025-01-29","commitResults":[{"hash":"d64b8c3a7d6d17894c734b94e4ae0d0b4d2e03ce","isMergeCommit":false,"messageTitle":"Add FileManager.java","messageBody":"","fileTypesAndContributionMap":{"java":{"insertions":123,"deletions":2}}},{"hash":"68dbe68a714cb22a74267a5edd0e057cd6ed9795","isMergeCommit":true,"messageTitle":"Merge branch \u0027branch-Level-7\u0027 Add save to file feature","messageBody":"","tags":["Level-7"],"fileTypesAndContributionMap":{}}]},{"date":"2025-01-30","commitResults":[{"hash":"66e05f39d303faca0bb208ff4c43649ffe6c6c57","isMergeCommit":false,"messageTitle":"Update date handling","messageBody":"","fileTypesAndContributionMap":{"java":{"insertions":49,"deletions":27}}},{"hash":"912d4c40e8c40ede4ec7e82d9fb7ecdd15b0f350","isMergeCommit":true,"messageTitle":"Merge branch \u0027branch-Level-8\u0027 Update Lumi.java to handle date","messageBody":"","tags":["Level-8"],"fileTypesAndContributionMap":{}},{"hash":"36db3f2f0fbf2b0c7a796e4a96f89c3410e1304f","isMergeCommit":false,"messageTitle":"Add Parser.java Ui.java TaskList.java","messageBody":"","fileTypesAndContributionMap":{"java":{"insertions":180,"deletions":278}}},{"hash":"45336734dbb28775f80c6b0d1cfc535bed670c0f","isMergeCommit":false,"messageTitle":"Add more OOP","messageBody":"","fileTypesAndContributionMap":{"java":{"insertions":157,"deletions":22}}},{"hash":"37fdd2fd429a1c98281af8d1bb73d683ebfd7db3","isMergeCommit":true,"messageTitle":"Merge branch \u0027A-MoreOOP\u0027","messageBody":"","tags":["A-MoreOOP"],"fileTypesAndContributionMap":{}}]},{"date":"2025-01-31","commitResults":[{"hash":"ec0af6282d01b1092a1ba05595a8a8d798e28e00","isMergeCommit":false,"messageTitle":"Moved into package lumi","messageBody":"","fileTypesAndContributionMap":{"java":{"insertions":0,"deletions":39}}},{"hash":"f13dc4a6bf8e48d12fda96d0e55a614bd2284559","isMergeCommit":true,"messageTitle":"Merge branch \u0027branch-A-Packages\u0027","messageBody":"","tags":["A-Packages"],"fileTypesAndContributionMap":{}},{"hash":"be46ade65bc15150593104eec0ca7792bc698c3d","isMergeCommit":true,"messageTitle":"Merge remote-tracking branch \u0027origin/add-gradle-support\u0027","messageBody":"","tags":["A-Gradle"],"fileTypesAndContributionMap":{}},{"hash":"b9363c987764b3877d804063fd3b712a1fb91a82","isMergeCommit":false,"messageTitle":"Add Junit testing","messageBody":"","fileTypesAndContributionMap":{"java":{"insertions":154,"deletions":0}}},{"hash":"e37608e3c839385467a5804a7ea7218bc3e83d29","isMergeCommit":false,"messageTitle":"Update Junit test","messageBody":"","tags":["A-Jar","A-JUnit"],"fileTypesAndContributionMap":{"gradle":{"insertions":4,"deletions":0},"java":{"insertions":29,"deletions":0}}},{"hash":"52361a7a492bfea5d190afcaa51258ce78cb1a90","isMergeCommit":false,"messageTitle":"Fixed","messageBody":"","fileTypesAndContributionMap":{"java":{"insertions":535,"deletions":0}}},{"hash":"ff01b8ce261c96721f3b78e3c902c1b3d0d6e298","isMergeCommit":false,"messageTitle":"Add find feature","messageBody":"","fileTypesAndContributionMap":{"java":{"insertions":142,"deletions":34}}},{"hash":"828cb9559e55151e986f1d1ce05f1de6a34e641f","isMergeCommit":true,"messageTitle":"Merge branch \u0027branch-Level-9\u0027","messageBody":"","tags":["Level-9"],"fileTypesAndContributionMap":{}},{"hash":"f2425ce9b378d6a27eb8ae5fea2d1bfb8741de29","isMergeCommit":false,"messageTitle":"Update UnmarkCommand.java","messageBody":"","fileTypesAndContributionMap":{"java":{"insertions":1,"deletions":1}}},{"hash":"d5a90e64d55af4a8383bb8038fac6362f8b1f757","isMergeCommit":false,"messageTitle":"Updated UnmarkCommand.java","messageBody":"","fileTypesAndContributionMap":{"java":{"insertions":1,"deletions":1}}},{"hash":"c2f0a79c7b51fe4facc4176b42268fa3bd4a71c4","isMergeCommit":false,"messageTitle":"Add javaDoc","messageBody":"","fileTypesAndContributionMap":{"java":{"insertions":398,"deletions":6}}},{"hash":"00216d7a4451db8bcb13bcb8dff0fd82a165b45d","isMergeCommit":true,"messageTitle":"Merge branch \u0027branch-A-javaDoc\u0027","messageBody":"","tags":["A-JavaDoc"],"fileTypesAndContributionMap":{}}]},{"date":"2025-02-01","commitResults":[{"hash":"cfd2bed4e2c5d6ab7958ff0cd3f6ea26720d0bec","isMergeCommit":false,"messageTitle":"Update with CodingStandard","messageBody":"","fileTypesAndContributionMap":{"java":{"insertions":1,"deletions":0}}},{"hash":"da1d398474aa32362734f5c23dbd7cc3c81e3eba","isMergeCommit":true,"messageTitle":"Merge branch \u0027branch-A-CodingStandard\u0027","messageBody":"","tags":["A-CodingStandard"],"fileTypesAndContributionMap":{}}]},{"date":"2025-02-05","commitResults":[{"hash":"cee8092dc624456b70fd04851fb34842d2bbe72d","isMergeCommit":false,"messageTitle":"Add checkstyle","messageBody":"","fileTypesAndContributionMap":{"gradle":{"insertions":5,"deletions":0}}},{"hash":"e3b656cae470089bcdbca7a632df9ccbe498e52f","isMergeCommit":false,"messageTitle":"Update checkstyle","messageBody":"","fileTypesAndContributionMap":{"gradle":{"insertions":4,"deletions":3},"java":{"insertions":13,"deletions":9}}},{"hash":"31d020f7179737208d9f7adcab6e43d628c8b26d","isMergeCommit":true,"messageTitle":"Merge branch \u0027branch-A-CheckStyle\u0027","messageBody":"","tags":["A-CheckStyle"],"fileTypesAndContributionMap":{}}]},{"date":"2025-02-06","commitResults":[{"hash":"2a4022e4fe6522ffaa0bc2999ce8b7b4e3381114","isMergeCommit":false,"messageTitle":"Add MainWindow.java","messageBody":"","fileTypesAndContributionMap":{"java":{"insertions":2,"deletions":0}}},{"hash":"d6fb3e45adb4ed8830cbe9bd3a6e78360e0b4036","isMergeCommit":false,"messageTitle":"Add initial Fxml GUI","messageBody":"","fileTypesAndContributionMap":{"gradle":{"insertions":17,"deletions":2},"fxml":{"insertions":66,"deletions":0},"java":{"insertions":178,"deletions":4}}}]},{"date":"2025-02-07","commitResults":[{"hash":"9289abcd95904d30fcf95f5dac744c04c0ae6aa1","isMergeCommit":false,"messageTitle":"Update GUI","messageBody":"","fileTypesAndContributionMap":{"java":{"insertions":58,"deletions":9}}},{"hash":"9a29ca5936c38f4fc460e786e02c85d0ec09a759","isMergeCommit":false,"messageTitle":"Update MainWindow","messageBody":"","fileTypesAndContributionMap":{"fxml":{"insertions":5,"deletions":30}}},{"hash":"e1af4bbf45fa479d65d10047c2a6a79e02539563","isMergeCommit":true,"messageTitle":"Merge branch \u0027branch-Level-10\u0027","messageBody":"","tags":["v0.2","Level-10"],"fileTypesAndContributionMap":{}}]},{"date":"2025-02-11","commitResults":[{"hash":"0f6a983dd97a618cc08711e7b1038badc4dafdf3","isMergeCommit":false,"messageTitle":"Update MainWindow","messageBody":"","fileTypesAndContributionMap":{"java":{"insertions":2,"deletions":4}}}]},{"date":"2025-02-12","commitResults":[{"hash":"7d6fe574f0e64973614a1a6867612d86c5a5eab9","isMergeCommit":false,"messageTitle":"Add assertions to Parser for improved input validation","messageBody":"- Added assertions to ensure and non-empty user input.\n- Verified command structure.\n- Ensured TaskList, UI, and Storage instances are valid before processing.\n- Improved error handling to prevent unexpected crashes.\n","fileTypesAndContributionMap":{"java":{"insertions":12,"deletions":0}}}]},{"date":"2025-02-13","commitResults":[{"hash":"a6efc9e0e64dc6e61d7ea34f4d34be11f5c10363","isMergeCommit":false,"messageTitle":"Remove magic numbers in Parser class","messageBody":"Magic numbers were present in the Parser class, making the code\nharder to read, maintain, and modify. Values like the minimum\nword length for different commands and the expected date length\nwere directly used in conditions, reducing clarity.\n\nIntroduce static final constants for minimum word length\nrequirements (`MIN_WORD_LENGTH_FOR_GENERAL_COMMAND`,\n`MIN_WORD_LENGTH_FOR_DEADLINE`, `MIN_WORD_LENGTH_FOR_EVENT`)\nand minimum date length (`MIN_DATE_LENGTH`). Replace all\noccurrences of hardcoded numbers with these constants.\n\nUsing constants improves code readability, maintainability,\nand reduces the risk of errors. It also makes future changes\neasier since adjustments can be made in a single location.\n","fileTypesAndContributionMap":{"java":{"insertions":38,"deletions":15}}},{"hash":"9e223dfd2f74e765300405f2a2f504ee241b4bd5","isMergeCommit":true,"messageTitle":"Merge pull request #1 from ypuppy/branch-A-Assertions","messageBody":"Branch a assertions\r\n\r\nThe Parser class lacked assertions to verify critical assumptions, \r\nwhich could lead to unexpected behavior if invalid inputs were passed. \r\nWithout these checks, debugging errors related to command parsing \r\ncould be more difficult.\r\n\r\nIntroduce assertions to validate that input strings are non-null \r\nand non-empty before processing. Ensure that required parameters \r\nfor commands are correctly formatted and present before execution.\r\n\r\nAdding assertions improves robustness by catching invalid inputs \r\nearly in development. It helps maintain code correctness while \r\nproviding clear failure points when assumptions are violated.\r\n\r\nThis merge ensures better input validation without affecting \r\nexisting logic or functionality.","tags":["A-Assertions"],"fileTypesAndContributionMap":{}},{"hash":"477260aa3fd6d94a3b4e49a746344d8cfddc407b","isMergeCommit":true,"messageTitle":"Merge branch \u0027master\u0027 into branch-A-CodeQuality","messageBody":"","tags":["A-CodeQuality"],"fileTypesAndContributionMap":{}},{"hash":"996ed0f9432f53a354d96edb1a03040632b56fd4","isMergeCommit":true,"messageTitle":"Merge pull request #2 from ypuppy/branch-A-CodeQuality","messageBody":"Branch a code quality\r\n\r\nMagic numbers were present in the Parser class, making the code \r\nharder to read, maintain, and modify. Values like the minimum \r\nword length for different commands and the expected date length \r\nwere directly used in conditions, reducing clarity.\r\n\r\nIntroduce static final constants for minimum word length \r\nrequirements (`MIN_WORD_LENGTH_FOR_GENERAL_COMMAND`, \r\n`MIN_WORD_LENGTH_FOR_DEADLINE`, `MIN_WORD_LENGTH_FOR_EVENT`) \r\nand minimum date length (`MIN_DATE_LENGTH`). Replace all \r\noccurrences of hardcoded numbers with these constants.\r\n\r\nUsing constants improves code readability, maintainability, \r\nand reduces the risk of errors. It also makes future changes \r\neasier since adjustments can be made in a single location.","tags":["A-Streams"],"fileTypesAndContributionMap":{}},{"hash":"33b99ed807a97bf4f160d568dd100f2f3f844a63","isMergeCommit":false,"messageTitle":"Correct formatting to align with coding standards","messageBody":"After resolving merge conflicts in the Parser class, some parts\nof the code no longer adhered to the project\u0027s coding standards.\nInconsistent indentation, spacing, and line breaks made the code\nless readable and harder to maintain.\n\nFix formatting issues by aligning indentation, correcting spacing,\nand ensuring proper line breaks where needed. Maintain consistency\nwith the project\u0027s established coding style.\n\nApplying proper formatting improves readability, enhances\nmaintainability, and ensures a cleaner codebase that is easier\nto navigate and modify.\n","tags":["A-FullCommitMessage"],"fileTypesAndContributionMap":{"java":{"insertions":0,"deletions":4}}}]},{"date":"2025-02-14","commitResults":[{"hash":"a57e1cf7bbfcd4122efae432e65de941b2cc08b0","isMergeCommit":false,"messageTitle":"Update Parser Storage and Event file","messageBody":"Current Storage file does not handle Event type\nEvent class does not handle string to date\nParser class has bugs that string is split\nin a way that may cause undefined behaviour\nmainly bacause we split by every space\n\nChange split(\" \") to split(\\\\s+), add  limit 2\nAdd DateParse in Event class\n\nLimit 2 in first split to avoid extra parts\nin words[] due to\nuser input that may have extra space\n","fileTypesAndContributionMap":{"java":{"insertions":46,"deletions":36}}},{"hash":"621448ec2159533f408affce37c4cc8fb923fe3b","isMergeCommit":false,"messageTitle":"Add tag using stream","messageBody":"Previously, tasks could not be categorized or labeled,\nmaking it difficult to organize them based on\nuser-defined themes or priorities.\n\nIntroduce a `tag` command that allows users to\nadd tags to tasks.\nto persist tags when saving and loading tasks.\nUpdate `Parser` to handle the\nnew `tag` command and validate input.\n\nUsing `Optional\u003cString\u003e` for tags ensures\nthat tasks without tags remain clean.\nThe new feature improves task organization without\naffecting existing functionality.\n","fileTypesAndContributionMap":{"java":{"insertions":80,"deletions":3}}},{"hash":"8406426ab22224d082aa0e7186decbe49eba4c2a","isMergeCommit":true,"messageTitle":"Merge branch \u0027master\u0027 into branch-A-Streams","messageBody":"","fileTypesAndContributionMap":{}},{"hash":"b0f3b67514cea1d5d0f88fc5379513c73a808852","isMergeCommit":true,"messageTitle":"Merge pull request #3 from ypuppy/branch-A-Streams","messageBody":"Add tag using stream\r\n\r\nPreviously, tasks could not be categorized or labeled, making it\r\ndifficult to organize them based on user-defined themes or priorities.\r\nUsers had no way to associate additional context with tasks.\r\n\r\nIntroduce a `tag` command that allows users to add tags to tasks\r\nusing the format `tag \u003ctask number\u003e #\u003ctag\u003e`. Tags are stored in the\r\n`Task` class and displayed alongside task details. Modify `Storage`\r\nto persist tags when saving and loading tasks. Update `Parser` to\r\nhandle the new `tag` command and validate input.\r\n\r\nUsing `Optional\u003cString\u003e` for tags ensures that tasks without tags\r\nremain clean. The new feature improves task organization without\r\naffecting existing functionality.","fileTypesAndContributionMap":{}},{"hash":"8542898d7e971cdec9d7bc1c9ff504cac77ef26a","isMergeCommit":false,"messageTitle":"Update Tag feature","messageBody":"The Parser class had some bug when handling Tag function\nthe toString method formate is messed\n\nUpdate Parser spliting and error handling\nUpdate the to String in every Task class\n","tags":["BCD-Extension"],"fileTypesAndContributionMap":{"java":{"insertions":16,"deletions":9}}}]}]},"authorFileTypeContributionMap":{"ypuppy":{"java":2030,"md":0,"fxml":41,"sh":2,"bat":0,"gradle":27,"txt":12}},"authorContributionVariance":{"ypuppy":62623.66},"authorDisplayNameMap":{"ypuppy":"CS2103T-T15-2 YIN .. CAN"}}
