{"authorDailyContributionsMap":{"SheYuting":[{"date":"2025-01-23","commitResults":[{"hash":"ae4a9fedf358ff416c5782b99cbe1e194aa44337","isMergeCommit":false,"messageTitle":"added greet and exit","messageBody":"","tags":["level0"],"fileTypesAndContributionMap":{"java":{"insertions":16,"deletions":2}}},{"hash":"643ca7a0544fcdf0fdc5f9fce11b3c4c4f2e73bd","isMergeCommit":false,"messageTitle":"Added function echo","messageBody":"","tags":["level1"],"fileTypesAndContributionMap":{"java":{"insertions":20,"deletions":0}}},{"hash":"abf1d403bfa4e256b826e2397108900cc98532a2","isMergeCommit":false,"messageTitle":"added ability to store tasks","messageBody":"","tags":["level2"],"fileTypesAndContributionMap":{"java":{"insertions":17,"deletions":3}}}]}]},"authorFileTypeContributionMap":{"SheYuting":{"java":49,"md":0,"fxml":0,"sh":0,"bat":0,"gradle":0,"txt":0}},"authorContributionVariance":{"SheYuting":411.9184},"authorDisplayNameMap":{"SheYuting":"SHE ..TING"}}
