[{"path":"README.md","fileType":"md","lines":[{"lineNumber":1,"author":{"gitId":"Zhannyhong"},"content":"# Gabby project template","lastModifiedDate":"2025-01-16","isFullCredit":false},{"lineNumber":2,"author":{"gitId":"-"},"content":"","lastModifiedDate":"2020-05-25","isFullCredit":false},{"lineNumber":3,"author":{"gitId":"-"},"content":"This is a project template for a greenfield Java project. It\u0027s named after the Java mascot _Duke_. Given below are instructions on how to use it.","lastModifiedDate":"2020-05-25","isFullCredit":false},{"lineNumber":4,"author":{"gitId":"-"},"content":"","lastModifiedDate":"2020-05-25","isFullCredit":false},{"lineNumber":5,"author":{"gitId":"-"},"content":"## Setting up in Intellij","lastModifiedDate":"2020-05-25","isFullCredit":false},{"lineNumber":6,"author":{"gitId":"-"},"content":"","lastModifiedDate":"2020-05-25","isFullCredit":false},{"lineNumber":7,"author":{"gitId":"-"},"content":"Prerequisites: JDK 17, update Intellij to the most recent version.","lastModifiedDate":"2024-07-11","isFullCredit":false},{"lineNumber":8,"author":{"gitId":"-"},"content":"","lastModifiedDate":"2020-05-25","isFullCredit":false},{"lineNumber":9,"author":{"gitId":"-"},"content":"1. Open Intellij (if you are not in the welcome screen, click `File` \u003e `Close Project` to close the existing project first)","lastModifiedDate":"2021-01-17","isFullCredit":false},{"lineNumber":10,"author":{"gitId":"-"},"content":"1. Open the project into Intellij as follows:","lastModifiedDate":"2021-01-17","isFullCredit":false},{"lineNumber":11,"author":{"gitId":"-"},"content":"   1. Click `Open`.","lastModifiedDate":"2021-01-17","isFullCredit":false},{"lineNumber":12,"author":{"gitId":"-"},"content":"   1. Select the project directory, and click `OK`.","lastModifiedDate":"2021-01-17","isFullCredit":false},{"lineNumber":13,"author":{"gitId":"-"},"content":"   1. If there are any further prompts, accept the defaults.","lastModifiedDate":"2020-05-25","isFullCredit":false},{"lineNumber":14,"author":{"gitId":"-"},"content":"1. Configure the project to use **JDK 17** (not other versions) as explained in [here](https://www.jetbrains.com/help/idea/sdk.html#set-up-jdk).\u003cbr\u003e","lastModifiedDate":"2024-07-11","isFullCredit":false},{"lineNumber":15,"author":{"gitId":"-"},"content":"   In the same dialog, set the **Project language level** field to the `SDK default` option.","lastModifiedDate":"2021-07-29","isFullCredit":false},{"lineNumber":16,"author":{"gitId":"Zhannyhong"},"content":"1. After that, locate the `src/main/java/Gabby.java` file, right-click it, and choose `Run Gabby.main()` (if the code editor is showing compile errors, try restarting the IDE). If the setup is correct, you should see something like the below as the output:","lastModifiedDate":"2025-01-16","isFullCredit":false},{"lineNumber":17,"author":{"gitId":"-"},"content":"   ```","lastModifiedDate":"2020-05-25","isFullCredit":false},{"lineNumber":18,"author":{"gitId":"-"},"content":"   Hello from","lastModifiedDate":"2020-05-25","isFullCredit":false},{"lineNumber":19,"author":{"gitId":"-"},"content":"    ____        _        ","lastModifiedDate":"2020-05-25","isFullCredit":false},{"lineNumber":20,"author":{"gitId":"-"},"content":"   |  _ \\ _   _| | _____ ","lastModifiedDate":"2020-05-25","isFullCredit":false},{"lineNumber":21,"author":{"gitId":"-"},"content":"   | | | | | | | |/ / _ \\","lastModifiedDate":"2020-05-25","isFullCredit":false},{"lineNumber":22,"author":{"gitId":"-"},"content":"   | |_| | |_| |   \u003c  __/","lastModifiedDate":"2020-05-25","isFullCredit":false},{"lineNumber":23,"author":{"gitId":"-"},"content":"   |____/ \\__,_|_|\\_\\___|","lastModifiedDate":"2020-05-25","isFullCredit":false},{"lineNumber":24,"author":{"gitId":"-"},"content":"   ```","lastModifiedDate":"2020-05-25","isFullCredit":false},{"lineNumber":25,"author":{"gitId":"-"},"content":"","lastModifiedDate":"2025-01-04","isFullCredit":false},{"lineNumber":26,"author":{"gitId":"-"},"content":"**Warning:** Keep the `src\\main\\java` folder as the root folder for Java files (i.e., don\u0027t rename those folders or move Java files to another folder outside of this folder path), as this is the default location some tools (e.g., Gradle) expect to find Java files.","lastModifiedDate":"2025-01-04","isFullCredit":false}],"authorContributionMap":{"Zhannyhong":2,"-":24}},{"path":"docs/README.md","fileType":"md","lines":[{"lineNumber":1,"author":{"gitId":"Zhannyhong"},"content":"# Gabby User Guide","lastModifiedDate":"2025-01-16","isFullCredit":false},{"lineNumber":2,"author":{"gitId":"-"},"content":"","lastModifiedDate":"2019-07-29","isFullCredit":false},{"lineNumber":3,"author":{"gitId":"-"},"content":"// Update the title above to match the actual product name","lastModifiedDate":"2024-01-07","isFullCredit":false},{"lineNumber":4,"author":{"gitId":"-"},"content":"","lastModifiedDate":"2019-07-29","isFullCredit":false},{"lineNumber":5,"author":{"gitId":"-"},"content":"// Product screenshot goes here","lastModifiedDate":"2024-01-07","isFullCredit":false},{"lineNumber":6,"author":{"gitId":"-"},"content":"","lastModifiedDate":"2021-07-17","isFullCredit":false},{"lineNumber":7,"author":{"gitId":"-"},"content":"// Product intro goes here","lastModifiedDate":"2024-01-07","isFullCredit":false},{"lineNumber":8,"author":{"gitId":"-"},"content":"","lastModifiedDate":"2021-07-17","isFullCredit":false},{"lineNumber":9,"author":{"gitId":"-"},"content":"## Adding deadlines","lastModifiedDate":"2024-01-07","isFullCredit":false},{"lineNumber":10,"author":{"gitId":"-"},"content":"","lastModifiedDate":"2021-07-17","isFullCredit":false},{"lineNumber":11,"author":{"gitId":"-"},"content":"// Describe the action and its outcome.","lastModifiedDate":"2024-01-07","isFullCredit":false},{"lineNumber":12,"author":{"gitId":"-"},"content":"","lastModifiedDate":"2019-07-29","isFullCredit":false},{"lineNumber":13,"author":{"gitId":"-"},"content":"// Give examples of usage","lastModifiedDate":"2024-01-07","isFullCredit":false},{"lineNumber":14,"author":{"gitId":"-"},"content":"","lastModifiedDate":"2019-07-29","isFullCredit":false},{"lineNumber":15,"author":{"gitId":"-"},"content":"Example: `keyword (optional arguments)`","lastModifiedDate":"2024-01-07","isFullCredit":false},{"lineNumber":16,"author":{"gitId":"-"},"content":"","lastModifiedDate":"2019-07-29","isFullCredit":false},{"lineNumber":17,"author":{"gitId":"-"},"content":"// A description of the expected outcome goes here","lastModifiedDate":"2024-01-07","isFullCredit":false},{"lineNumber":18,"author":{"gitId":"-"},"content":"","lastModifiedDate":"2019-07-29","isFullCredit":false},{"lineNumber":19,"author":{"gitId":"-"},"content":"```","lastModifiedDate":"2024-01-07","isFullCredit":false},{"lineNumber":20,"author":{"gitId":"-"},"content":"expected output","lastModifiedDate":"2024-01-07","isFullCredit":false},{"lineNumber":21,"author":{"gitId":"-"},"content":"```","lastModifiedDate":"2024-01-07","isFullCredit":false},{"lineNumber":22,"author":{"gitId":"-"},"content":"","lastModifiedDate":"2019-07-29","isFullCredit":false},{"lineNumber":23,"author":{"gitId":"-"},"content":"## Feature ABC","lastModifiedDate":"2024-01-07","isFullCredit":false},{"lineNumber":24,"author":{"gitId":"-"},"content":"","lastModifiedDate":"2019-07-29","isFullCredit":false},{"lineNumber":25,"author":{"gitId":"-"},"content":"// Feature details","lastModifiedDate":"2024-01-07","isFullCredit":false},{"lineNumber":26,"author":{"gitId":"-"},"content":"","lastModifiedDate":"2019-07-29","isFullCredit":false},{"lineNumber":27,"author":{"gitId":"-"},"content":"","lastModifiedDate":"2021-07-17","isFullCredit":false},{"lineNumber":28,"author":{"gitId":"-"},"content":"## Feature XYZ","lastModifiedDate":"2024-01-07","isFullCredit":false},{"lineNumber":29,"author":{"gitId":"-"},"content":"","lastModifiedDate":"2024-01-07","isFullCredit":false},{"lineNumber":30,"author":{"gitId":"-"},"content":"// Feature details","lastModifiedDate":"2024-01-07","isFullCredit":false}],"authorContributionMap":{"Zhannyhong":1,"-":29}},{"path":"src/main/java/DeadlineTask.java","fileType":"java","lines":[{"lineNumber":1,"author":{"gitId":"Zhannyhong"},"content":"import java.time.LocalDate;","lastModifiedDate":"2025-02-02","isFullCredit":false},{"lineNumber":2,"author":{"gitId":"Zhannyhong"},"content":"import java.time.LocalDateTime;","lastModifiedDate":"2025-01-30","isFullCredit":false},{"lineNumber":3,"author":{"gitId":"Zhannyhong"},"content":"import java.time.format.DateTimeParseException;","lastModifiedDate":"2025-01-30","isFullCredit":false},{"lineNumber":4,"author":{"gitId":"Zhannyhong"},"content":"import java.time.temporal.TemporalAccessor;","lastModifiedDate":"2025-02-02","isFullCredit":false},{"lineNumber":5,"author":{"gitId":"Zhannyhong"},"content":"import java.util.regex.Matcher;","lastModifiedDate":"2025-01-20","isFullCredit":false},{"lineNumber":6,"author":{"gitId":"Zhannyhong"},"content":"import java.util.regex.Pattern;","lastModifiedDate":"2025-01-20","isFullCredit":false},{"lineNumber":7,"author":{"gitId":"Zhannyhong"},"content":"","lastModifiedDate":"2025-01-20","isFullCredit":false},{"lineNumber":8,"author":{"gitId":"Zhannyhong"},"content":"public class DeadlineTask extends Task {","lastModifiedDate":"2025-01-17","isFullCredit":false},{"lineNumber":9,"author":{"gitId":"Zhannyhong"},"content":"    private static final Pattern deadlinePattern \u003d Pattern.compile(\"(.+) /by (.+)\");","lastModifiedDate":"2025-01-20","isFullCredit":false},{"lineNumber":10,"author":{"gitId":"Zhannyhong"},"content":"    protected LocalDateTime by;","lastModifiedDate":"2025-01-30","isFullCredit":false},{"lineNumber":11,"author":{"gitId":"Zhannyhong"},"content":"","lastModifiedDate":"2025-01-17","isFullCredit":false},{"lineNumber":12,"author":{"gitId":"Zhannyhong"},"content":"    public DeadlineTask(String description, LocalDateTime by) {","lastModifiedDate":"2025-01-30","isFullCredit":false},{"lineNumber":13,"author":{"gitId":"Zhannyhong"},"content":"        super(description);","lastModifiedDate":"2025-01-17","isFullCredit":false},{"lineNumber":14,"author":{"gitId":"Zhannyhong"},"content":"        this.by \u003d by;","lastModifiedDate":"2025-01-17","isFullCredit":false},{"lineNumber":15,"author":{"gitId":"Zhannyhong"},"content":"    }","lastModifiedDate":"2025-01-17","isFullCredit":false},{"lineNumber":16,"author":{"gitId":"Zhannyhong"},"content":"","lastModifiedDate":"2025-01-17","isFullCredit":false},{"lineNumber":17,"author":{"gitId":"Zhannyhong"},"content":"    public static DeadlineTask parseArgs(String args) throws GabbyException {","lastModifiedDate":"2025-01-20","isFullCredit":false},{"lineNumber":18,"author":{"gitId":"Zhannyhong"},"content":"        if (args.isEmpty()) {","lastModifiedDate":"2025-01-20","isFullCredit":false},{"lineNumber":19,"author":{"gitId":"Zhannyhong"},"content":"            throw new GabbyException(\"Oh no! The description of a deadline cannot be empty!\");","lastModifiedDate":"2025-01-20","isFullCredit":false},{"lineNumber":20,"author":{"gitId":"Zhannyhong"},"content":"        }","lastModifiedDate":"2025-01-20","isFullCredit":false},{"lineNumber":21,"author":{"gitId":"Zhannyhong"},"content":"","lastModifiedDate":"2025-01-20","isFullCredit":false},{"lineNumber":22,"author":{"gitId":"Zhannyhong"},"content":"        Matcher parsed \u003d deadlinePattern.matcher(args);","lastModifiedDate":"2025-01-20","isFullCredit":false},{"lineNumber":23,"author":{"gitId":"Zhannyhong"},"content":"        if (!parsed.matches()) {","lastModifiedDate":"2025-01-20","isFullCredit":false},{"lineNumber":24,"author":{"gitId":"Zhannyhong"},"content":"            throw new GabbyException(\"Deadlines have to be in the format: deadline \u003cdescription\u003e /by \u003cyyyy-mm-dd hhmm\u003e\");","lastModifiedDate":"2025-01-30","isFullCredit":false},{"lineNumber":25,"author":{"gitId":"Zhannyhong"},"content":"        }","lastModifiedDate":"2025-01-20","isFullCredit":false},{"lineNumber":26,"author":{"gitId":"Zhannyhong"},"content":"","lastModifiedDate":"2025-01-20","isFullCredit":false},{"lineNumber":27,"author":{"gitId":"Zhannyhong"},"content":"        LocalDateTime by;","lastModifiedDate":"2025-01-30","isFullCredit":false},{"lineNumber":28,"author":{"gitId":"Zhannyhong"},"content":"        try {","lastModifiedDate":"2025-01-30","isFullCredit":false},{"lineNumber":29,"author":{"gitId":"Zhannyhong"},"content":"            by \u003d LocalDateTime.parse(parsed.group(2), Task.dtFormat);","lastModifiedDate":"2025-01-30","isFullCredit":false},{"lineNumber":30,"author":{"gitId":"Zhannyhong"},"content":"        } catch (DateTimeParseException err) {","lastModifiedDate":"2025-01-30","isFullCredit":false},{"lineNumber":31,"author":{"gitId":"Zhannyhong"},"content":"            throw new GabbyException(\"Datetime provided is in the wrong format. Expected: yyyy-mm-dd hhmm (e.g. 2001-11-23 2025)\");","lastModifiedDate":"2025-01-30","isFullCredit":false},{"lineNumber":32,"author":{"gitId":"Zhannyhong"},"content":"        }","lastModifiedDate":"2025-01-30","isFullCredit":false},{"lineNumber":33,"author":{"gitId":"Zhannyhong"},"content":"","lastModifiedDate":"2025-01-30","isFullCredit":false},{"lineNumber":34,"author":{"gitId":"Zhannyhong"},"content":"        return new DeadlineTask(parsed.group(1), by);","lastModifiedDate":"2025-01-30","isFullCredit":false},{"lineNumber":35,"author":{"gitId":"Zhannyhong"},"content":"    }","lastModifiedDate":"2025-01-17","isFullCredit":false},{"lineNumber":36,"author":{"gitId":"Zhannyhong"},"content":"","lastModifiedDate":"2025-01-17","isFullCredit":false},{"lineNumber":37,"author":{"gitId":"Zhannyhong"},"content":"    public static DeadlineTask deserialize(String[] serialized) throws GabbyException {","lastModifiedDate":"2025-01-27","isFullCredit":false},{"lineNumber":38,"author":{"gitId":"Zhannyhong"},"content":"        if (serialized.length !\u003d 4) {","lastModifiedDate":"2025-01-27","isFullCredit":false},{"lineNumber":39,"author":{"gitId":"Zhannyhong"},"content":"            throw new GabbyException(\"Saved task does not have the required number of arguments!\");","lastModifiedDate":"2025-01-27","isFullCredit":false},{"lineNumber":40,"author":{"gitId":"Zhannyhong"},"content":"        }","lastModifiedDate":"2025-01-27","isFullCredit":false},{"lineNumber":41,"author":{"gitId":"Zhannyhong"},"content":"","lastModifiedDate":"2025-01-27","isFullCredit":false},{"lineNumber":42,"author":{"gitId":"Zhannyhong"},"content":"        LocalDateTime by;","lastModifiedDate":"2025-01-30","isFullCredit":false},{"lineNumber":43,"author":{"gitId":"Zhannyhong"},"content":"        try {","lastModifiedDate":"2025-01-30","isFullCredit":false},{"lineNumber":44,"author":{"gitId":"Zhannyhong"},"content":"            by \u003d LocalDateTime.parse(serialized[3], Task.dtFormat);","lastModifiedDate":"2025-01-30","isFullCredit":false},{"lineNumber":45,"author":{"gitId":"Zhannyhong"},"content":"        } catch (DateTimeParseException err) {","lastModifiedDate":"2025-01-30","isFullCredit":false},{"lineNumber":46,"author":{"gitId":"Zhannyhong"},"content":"            throw new GabbyException(\"Datetime parsed is in the wrong format. Expected: yyyy-mm-dd hhmm (e.g. 2001-11-23 2025)\");","lastModifiedDate":"2025-01-30","isFullCredit":false},{"lineNumber":47,"author":{"gitId":"Zhannyhong"},"content":"        }","lastModifiedDate":"2025-01-30","isFullCredit":false},{"lineNumber":48,"author":{"gitId":"Zhannyhong"},"content":"","lastModifiedDate":"2025-01-30","isFullCredit":false},{"lineNumber":49,"author":{"gitId":"Zhannyhong"},"content":"        DeadlineTask task \u003d new DeadlineTask(serialized[2], by);","lastModifiedDate":"2025-01-30","isFullCredit":false},{"lineNumber":50,"author":{"gitId":"Zhannyhong"},"content":"","lastModifiedDate":"2025-01-27","isFullCredit":false},{"lineNumber":51,"author":{"gitId":"Zhannyhong"},"content":"        if (serialized[1].equals(\"1\")) {","lastModifiedDate":"2025-01-27","isFullCredit":false},{"lineNumber":52,"author":{"gitId":"Zhannyhong"},"content":"            task.markAsDone();","lastModifiedDate":"2025-01-27","isFullCredit":false},{"lineNumber":53,"author":{"gitId":"Zhannyhong"},"content":"        } else if (!serialized[1].equals(\"0\")) {","lastModifiedDate":"2025-01-27","isFullCredit":false},{"lineNumber":54,"author":{"gitId":"Zhannyhong"},"content":"            throw new GabbyException(\"Saved task contains invalid symbol for isDone!\");","lastModifiedDate":"2025-01-27","isFullCredit":false},{"lineNumber":55,"author":{"gitId":"Zhannyhong"},"content":"        }","lastModifiedDate":"2025-01-27","isFullCredit":false},{"lineNumber":56,"author":{"gitId":"Zhannyhong"},"content":"","lastModifiedDate":"2025-01-27","isFullCredit":false},{"lineNumber":57,"author":{"gitId":"Zhannyhong"},"content":"        return task;","lastModifiedDate":"2025-01-27","isFullCredit":false},{"lineNumber":58,"author":{"gitId":"Zhannyhong"},"content":"    }","lastModifiedDate":"2025-01-27","isFullCredit":false},{"lineNumber":59,"author":{"gitId":"Zhannyhong"},"content":"","lastModifiedDate":"2025-01-27","isFullCredit":false},{"lineNumber":60,"author":{"gitId":"Zhannyhong"},"content":"    @Override","lastModifiedDate":"2025-01-27","isFullCredit":false},{"lineNumber":61,"author":{"gitId":"Zhannyhong"},"content":"    public String serialize() {","lastModifiedDate":"2025-01-27","isFullCredit":false},{"lineNumber":62,"author":{"gitId":"Zhannyhong"},"content":"        return String.format(\"D | %s | %s | %s\", super.isDone ? 1 : 0, super.description, Task.dtFormat.format(this.by));","lastModifiedDate":"2025-01-30","isFullCredit":false},{"lineNumber":63,"author":{"gitId":"Zhannyhong"},"content":"    }","lastModifiedDate":"2025-01-27","isFullCredit":false},{"lineNumber":64,"author":{"gitId":"Zhannyhong"},"content":"","lastModifiedDate":"2025-01-27","isFullCredit":false},{"lineNumber":65,"author":{"gitId":"Zhannyhong"},"content":"    @Override","lastModifiedDate":"2025-02-02","isFullCredit":false},{"lineNumber":66,"author":{"gitId":"Zhannyhong"},"content":"    public boolean isDateInRange(TemporalAccessor date) {","lastModifiedDate":"2025-02-02","isFullCredit":false},{"lineNumber":67,"author":{"gitId":"Zhannyhong"},"content":"        return this.by.toLocalDate().isEqual(LocalDate.from(date));","lastModifiedDate":"2025-02-02","isFullCredit":false},{"lineNumber":68,"author":{"gitId":"Zhannyhong"},"content":"    }","lastModifiedDate":"2025-02-02","isFullCredit":false},{"lineNumber":69,"author":{"gitId":"Zhannyhong"},"content":"","lastModifiedDate":"2025-02-02","isFullCredit":false},{"lineNumber":70,"author":{"gitId":"Zhannyhong"},"content":"    @Override","lastModifiedDate":"2025-01-17","isFullCredit":false},{"lineNumber":71,"author":{"gitId":"Zhannyhong"},"content":"    public String toString() {","lastModifiedDate":"2025-01-17","isFullCredit":false},{"lineNumber":72,"author":{"gitId":"Zhannyhong"},"content":"        return String.format(\"[D]%s (by: %s)\", super.toString(), Task.dtDisplay.format(this.by));","lastModifiedDate":"2025-01-30","isFullCredit":false},{"lineNumber":73,"author":{"gitId":"Zhannyhong"},"content":"    }","lastModifiedDate":"2025-01-17","isFullCredit":false},{"lineNumber":74,"author":{"gitId":"Zhannyhong"},"content":"}","lastModifiedDate":"2025-01-17","isFullCredit":false}],"authorContributionMap":{"Zhannyhong":74}},{"path":"src/main/java/EventTask.java","fileType":"java","lines":[{"lineNumber":1,"author":{"gitId":"Zhannyhong"},"content":"import java.time.LocalDate;","lastModifiedDate":"2025-02-02","isFullCredit":false},{"lineNumber":2,"author":{"gitId":"Zhannyhong"},"content":"import java.time.LocalDateTime;","lastModifiedDate":"2025-01-30","isFullCredit":false},{"lineNumber":3,"author":{"gitId":"Zhannyhong"},"content":"import java.time.format.DateTimeParseException;","lastModifiedDate":"2025-01-30","isFullCredit":false},{"lineNumber":4,"author":{"gitId":"Zhannyhong"},"content":"import java.time.temporal.TemporalAccessor;","lastModifiedDate":"2025-02-02","isFullCredit":false},{"lineNumber":5,"author":{"gitId":"Zhannyhong"},"content":"import java.util.regex.Matcher;","lastModifiedDate":"2025-01-20","isFullCredit":false},{"lineNumber":6,"author":{"gitId":"Zhannyhong"},"content":"import java.util.regex.Pattern;","lastModifiedDate":"2025-01-20","isFullCredit":false},{"lineNumber":7,"author":{"gitId":"Zhannyhong"},"content":"","lastModifiedDate":"2025-01-20","isFullCredit":false},{"lineNumber":8,"author":{"gitId":"Zhannyhong"},"content":"public class EventTask extends Task {","lastModifiedDate":"2025-01-17","isFullCredit":false},{"lineNumber":9,"author":{"gitId":"Zhannyhong"},"content":"    private static final Pattern eventPattern \u003d Pattern.compile(\"(.+) /from (.+) /to (.+)\");","lastModifiedDate":"2025-01-20","isFullCredit":false},{"lineNumber":10,"author":{"gitId":"Zhannyhong"},"content":"    protected LocalDateTime from;","lastModifiedDate":"2025-01-30","isFullCredit":false},{"lineNumber":11,"author":{"gitId":"Zhannyhong"},"content":"    protected LocalDateTime to;","lastModifiedDate":"2025-01-30","isFullCredit":false},{"lineNumber":12,"author":{"gitId":"Zhannyhong"},"content":"","lastModifiedDate":"2025-01-17","isFullCredit":false},{"lineNumber":13,"author":{"gitId":"Zhannyhong"},"content":"    public EventTask(String description, LocalDateTime from, LocalDateTime to) {","lastModifiedDate":"2025-01-30","isFullCredit":false},{"lineNumber":14,"author":{"gitId":"Zhannyhong"},"content":"        super(description);","lastModifiedDate":"2025-01-17","isFullCredit":false},{"lineNumber":15,"author":{"gitId":"Zhannyhong"},"content":"        this.from \u003d from;","lastModifiedDate":"2025-01-17","isFullCredit":false},{"lineNumber":16,"author":{"gitId":"Zhannyhong"},"content":"        this.to \u003d to;","lastModifiedDate":"2025-01-17","isFullCredit":false},{"lineNumber":17,"author":{"gitId":"Zhannyhong"},"content":"    }","lastModifiedDate":"2025-01-17","isFullCredit":false},{"lineNumber":18,"author":{"gitId":"Zhannyhong"},"content":"","lastModifiedDate":"2025-01-17","isFullCredit":false},{"lineNumber":19,"author":{"gitId":"Zhannyhong"},"content":"    public static EventTask parseArgs(String args) throws GabbyException {","lastModifiedDate":"2025-01-20","isFullCredit":false},{"lineNumber":20,"author":{"gitId":"Zhannyhong"},"content":"        if (args.isEmpty()) {","lastModifiedDate":"2025-01-20","isFullCredit":false},{"lineNumber":21,"author":{"gitId":"Zhannyhong"},"content":"            throw new GabbyException(\"Oh no! The description of an event cannot be empty!\");","lastModifiedDate":"2025-01-20","isFullCredit":false},{"lineNumber":22,"author":{"gitId":"Zhannyhong"},"content":"        }","lastModifiedDate":"2025-01-20","isFullCredit":false},{"lineNumber":23,"author":{"gitId":"Zhannyhong"},"content":"","lastModifiedDate":"2025-01-20","isFullCredit":false},{"lineNumber":24,"author":{"gitId":"Zhannyhong"},"content":"        Matcher parsed \u003d eventPattern.matcher(args);","lastModifiedDate":"2025-01-20","isFullCredit":false},{"lineNumber":25,"author":{"gitId":"Zhannyhong"},"content":"        if (!parsed.matches()) {","lastModifiedDate":"2025-01-20","isFullCredit":false},{"lineNumber":26,"author":{"gitId":"Zhannyhong"},"content":"            throw new GabbyException(\"Events have to be in the format: event \u003cdescription\u003e /from \u003cyyyy-mm-dd hhmm\u003e /to \u003cyyyy-mm-dd hhmm\u003e\");","lastModifiedDate":"2025-01-30","isFullCredit":false},{"lineNumber":27,"author":{"gitId":"Zhannyhong"},"content":"        }","lastModifiedDate":"2025-01-20","isFullCredit":false},{"lineNumber":28,"author":{"gitId":"Zhannyhong"},"content":"","lastModifiedDate":"2025-01-20","isFullCredit":false},{"lineNumber":29,"author":{"gitId":"Zhannyhong"},"content":"        LocalDateTime from;","lastModifiedDate":"2025-01-30","isFullCredit":false},{"lineNumber":30,"author":{"gitId":"Zhannyhong"},"content":"        LocalDateTime to;","lastModifiedDate":"2025-01-30","isFullCredit":false},{"lineNumber":31,"author":{"gitId":"Zhannyhong"},"content":"        try {","lastModifiedDate":"2025-01-30","isFullCredit":false},{"lineNumber":32,"author":{"gitId":"Zhannyhong"},"content":"            from \u003d LocalDateTime.parse(parsed.group(2), Task.dtFormat);","lastModifiedDate":"2025-01-30","isFullCredit":false},{"lineNumber":33,"author":{"gitId":"Zhannyhong"},"content":"            to \u003d LocalDateTime.parse(parsed.group(3), Task.dtFormat);","lastModifiedDate":"2025-01-30","isFullCredit":false},{"lineNumber":34,"author":{"gitId":"Zhannyhong"},"content":"        } catch (DateTimeParseException err) {","lastModifiedDate":"2025-01-30","isFullCredit":false},{"lineNumber":35,"author":{"gitId":"Zhannyhong"},"content":"            throw new GabbyException(\"Datetime provided is in the wrong format. Expected: yyyy-mm-dd hhmm (e.g. 2001-11-23 2025)\");","lastModifiedDate":"2025-01-30","isFullCredit":false},{"lineNumber":36,"author":{"gitId":"Zhannyhong"},"content":"        }","lastModifiedDate":"2025-01-30","isFullCredit":false},{"lineNumber":37,"author":{"gitId":"Zhannyhong"},"content":"","lastModifiedDate":"2025-01-30","isFullCredit":false},{"lineNumber":38,"author":{"gitId":"Zhannyhong"},"content":"        if (to.isBefore(from)) {","lastModifiedDate":"2025-01-30","isFullCredit":false},{"lineNumber":39,"author":{"gitId":"Zhannyhong"},"content":"            throw new GabbyException(\"Event end time cannot be before start time!\");","lastModifiedDate":"2025-01-30","isFullCredit":false},{"lineNumber":40,"author":{"gitId":"Zhannyhong"},"content":"        }","lastModifiedDate":"2025-01-30","isFullCredit":false},{"lineNumber":41,"author":{"gitId":"Zhannyhong"},"content":"","lastModifiedDate":"2025-01-30","isFullCredit":false},{"lineNumber":42,"author":{"gitId":"Zhannyhong"},"content":"        return new EventTask(parsed.group(1), from, to);","lastModifiedDate":"2025-01-30","isFullCredit":false},{"lineNumber":43,"author":{"gitId":"Zhannyhong"},"content":"    }","lastModifiedDate":"2025-01-17","isFullCredit":false},{"lineNumber":44,"author":{"gitId":"Zhannyhong"},"content":"","lastModifiedDate":"2025-01-17","isFullCredit":false},{"lineNumber":45,"author":{"gitId":"Zhannyhong"},"content":"    public static EventTask deserialize(String[] serialized) throws GabbyException {","lastModifiedDate":"2025-01-27","isFullCredit":false},{"lineNumber":46,"author":{"gitId":"Zhannyhong"},"content":"        if (serialized.length !\u003d 5) {","lastModifiedDate":"2025-01-27","isFullCredit":false},{"lineNumber":47,"author":{"gitId":"Zhannyhong"},"content":"            throw new GabbyException(\"Saved task does not have the required number of arguments!\");","lastModifiedDate":"2025-01-27","isFullCredit":false},{"lineNumber":48,"author":{"gitId":"Zhannyhong"},"content":"        }","lastModifiedDate":"2025-01-27","isFullCredit":false},{"lineNumber":49,"author":{"gitId":"Zhannyhong"},"content":"","lastModifiedDate":"2025-01-27","isFullCredit":false},{"lineNumber":50,"author":{"gitId":"Zhannyhong"},"content":"        LocalDateTime from;","lastModifiedDate":"2025-01-30","isFullCredit":false},{"lineNumber":51,"author":{"gitId":"Zhannyhong"},"content":"        LocalDateTime to;","lastModifiedDate":"2025-01-30","isFullCredit":false},{"lineNumber":52,"author":{"gitId":"Zhannyhong"},"content":"        try {","lastModifiedDate":"2025-01-30","isFullCredit":false},{"lineNumber":53,"author":{"gitId":"Zhannyhong"},"content":"            from \u003d LocalDateTime.parse(serialized[3], Task.dtFormat);","lastModifiedDate":"2025-01-30","isFullCredit":false},{"lineNumber":54,"author":{"gitId":"Zhannyhong"},"content":"            to \u003d LocalDateTime.parse(serialized[4], Task.dtFormat);","lastModifiedDate":"2025-01-30","isFullCredit":false},{"lineNumber":55,"author":{"gitId":"Zhannyhong"},"content":"        } catch (DateTimeParseException err) {","lastModifiedDate":"2025-01-30","isFullCredit":false},{"lineNumber":56,"author":{"gitId":"Zhannyhong"},"content":"            throw new GabbyException(\"Datetime provided is in the wrong format. Expected: yyyy-mm-dd hhmm (e.g. 2001-11-23 2025)\");","lastModifiedDate":"2025-01-30","isFullCredit":false},{"lineNumber":57,"author":{"gitId":"Zhannyhong"},"content":"        }","lastModifiedDate":"2025-01-30","isFullCredit":false},{"lineNumber":58,"author":{"gitId":"Zhannyhong"},"content":"","lastModifiedDate":"2025-01-30","isFullCredit":false},{"lineNumber":59,"author":{"gitId":"Zhannyhong"},"content":"        if (to.isBefore(from)) {","lastModifiedDate":"2025-01-30","isFullCredit":false},{"lineNumber":60,"author":{"gitId":"Zhannyhong"},"content":"            throw new GabbyException(\"Event end time cannot be before start time!\");","lastModifiedDate":"2025-01-30","isFullCredit":false},{"lineNumber":61,"author":{"gitId":"Zhannyhong"},"content":"        }","lastModifiedDate":"2025-01-30","isFullCredit":false},{"lineNumber":62,"author":{"gitId":"Zhannyhong"},"content":"","lastModifiedDate":"2025-01-30","isFullCredit":false},{"lineNumber":63,"author":{"gitId":"Zhannyhong"},"content":"        EventTask task \u003d new EventTask(serialized[2], from, to);","lastModifiedDate":"2025-01-30","isFullCredit":false},{"lineNumber":64,"author":{"gitId":"Zhannyhong"},"content":"","lastModifiedDate":"2025-01-27","isFullCredit":false},{"lineNumber":65,"author":{"gitId":"Zhannyhong"},"content":"        if (serialized[1].equals(\"1\")) {","lastModifiedDate":"2025-01-27","isFullCredit":false},{"lineNumber":66,"author":{"gitId":"Zhannyhong"},"content":"            task.markAsDone();","lastModifiedDate":"2025-01-27","isFullCredit":false},{"lineNumber":67,"author":{"gitId":"Zhannyhong"},"content":"        } else if (!serialized[1].equals(\"0\")) {","lastModifiedDate":"2025-01-27","isFullCredit":false},{"lineNumber":68,"author":{"gitId":"Zhannyhong"},"content":"            throw new GabbyException(\"Saved task contains invalid symbol for isDone!\");","lastModifiedDate":"2025-01-27","isFullCredit":false},{"lineNumber":69,"author":{"gitId":"Zhannyhong"},"content":"        }","lastModifiedDate":"2025-01-27","isFullCredit":false},{"lineNumber":70,"author":{"gitId":"Zhannyhong"},"content":"","lastModifiedDate":"2025-01-27","isFullCredit":false},{"lineNumber":71,"author":{"gitId":"Zhannyhong"},"content":"        return task;","lastModifiedDate":"2025-01-27","isFullCredit":false},{"lineNumber":72,"author":{"gitId":"Zhannyhong"},"content":"    }","lastModifiedDate":"2025-01-27","isFullCredit":false},{"lineNumber":73,"author":{"gitId":"Zhannyhong"},"content":"","lastModifiedDate":"2025-01-27","isFullCredit":false},{"lineNumber":74,"author":{"gitId":"Zhannyhong"},"content":"    @Override","lastModifiedDate":"2025-01-27","isFullCredit":false},{"lineNumber":75,"author":{"gitId":"Zhannyhong"},"content":"    public String serialize() {","lastModifiedDate":"2025-01-27","isFullCredit":false},{"lineNumber":76,"author":{"gitId":"Zhannyhong"},"content":"        return String.format(\"E | %s | %s | %s | %s\", super.isDone ? 1 : 0, super.description, Task.dtFormat.format(this.from), Task.dtFormat.format(this.to));","lastModifiedDate":"2025-01-30","isFullCredit":false},{"lineNumber":77,"author":{"gitId":"Zhannyhong"},"content":"    }","lastModifiedDate":"2025-01-27","isFullCredit":false},{"lineNumber":78,"author":{"gitId":"Zhannyhong"},"content":"","lastModifiedDate":"2025-01-27","isFullCredit":false},{"lineNumber":79,"author":{"gitId":"Zhannyhong"},"content":"    @Override","lastModifiedDate":"2025-02-02","isFullCredit":false},{"lineNumber":80,"author":{"gitId":"Zhannyhong"},"content":"    public boolean isDateInRange(TemporalAccessor date) {","lastModifiedDate":"2025-02-02","isFullCredit":false},{"lineNumber":81,"author":{"gitId":"Zhannyhong"},"content":"        LocalDate queryDate \u003d LocalDate.from(date);","lastModifiedDate":"2025-02-02","isFullCredit":false},{"lineNumber":82,"author":{"gitId":"Zhannyhong"},"content":"        return !this.from.toLocalDate().isAfter(queryDate) \u0026\u0026 !this.to.toLocalDate().isBefore(queryDate);","lastModifiedDate":"2025-02-02","isFullCredit":false},{"lineNumber":83,"author":{"gitId":"Zhannyhong"},"content":"    }","lastModifiedDate":"2025-02-02","isFullCredit":false},{"lineNumber":84,"author":{"gitId":"Zhannyhong"},"content":"","lastModifiedDate":"2025-02-02","isFullCredit":false},{"lineNumber":85,"author":{"gitId":"Zhannyhong"},"content":"    @Override","lastModifiedDate":"2025-01-17","isFullCredit":false},{"lineNumber":86,"author":{"gitId":"Zhannyhong"},"content":"    public String toString() {","lastModifiedDate":"2025-01-17","isFullCredit":false},{"lineNumber":87,"author":{"gitId":"Zhannyhong"},"content":"        return String.format(\"[E]%s (from: %s -- to: %s)\", super.toString(), Task.dtDisplay.format(this.from), Task.dtDisplay.format(this.to));","lastModifiedDate":"2025-01-30","isFullCredit":false},{"lineNumber":88,"author":{"gitId":"Zhannyhong"},"content":"    }","lastModifiedDate":"2025-01-17","isFullCredit":false},{"lineNumber":89,"author":{"gitId":"Zhannyhong"},"content":"}","lastModifiedDate":"2025-01-17","isFullCredit":false}],"authorContributionMap":{"Zhannyhong":89}},{"path":"src/main/java/Gabby.java","fileType":"java","lines":[{"lineNumber":1,"author":{"gitId":"Zhannyhong"},"content":"import java.io.File;","lastModifiedDate":"2025-01-27","isFullCredit":false},{"lineNumber":2,"author":{"gitId":"Zhannyhong"},"content":"import java.io.FileNotFoundException;","lastModifiedDate":"2025-01-27","isFullCredit":false},{"lineNumber":3,"author":{"gitId":"Zhannyhong"},"content":"import java.io.FileWriter;","lastModifiedDate":"2025-01-27","isFullCredit":false},{"lineNumber":4,"author":{"gitId":"Zhannyhong"},"content":"import java.io.IOException;","lastModifiedDate":"2025-01-27","isFullCredit":false},{"lineNumber":5,"author":{"gitId":"Zhannyhong"},"content":"import java.time.LocalDate;","lastModifiedDate":"2025-02-02","isFullCredit":false},{"lineNumber":6,"author":{"gitId":"Zhannyhong"},"content":"import java.time.format.DateTimeFormatter;","lastModifiedDate":"2025-02-02","isFullCredit":false},{"lineNumber":7,"author":{"gitId":"Zhannyhong"},"content":"import java.time.format.DateTimeParseException;","lastModifiedDate":"2025-02-02","isFullCredit":false},{"lineNumber":8,"author":{"gitId":"Zhannyhong"},"content":"import java.util.ArrayList;","lastModifiedDate":"2025-01-16","isFullCredit":false},{"lineNumber":9,"author":{"gitId":"Zhannyhong"},"content":"import java.util.Scanner;","lastModifiedDate":"2025-01-16","isFullCredit":false},{"lineNumber":10,"author":{"gitId":"Zhannyhong"},"content":"import java.util.StringJoiner;","lastModifiedDate":"2025-01-16","isFullCredit":false},{"lineNumber":11,"author":{"gitId":"Zhannyhong"},"content":"","lastModifiedDate":"2025-01-16","isFullCredit":false},{"lineNumber":12,"author":{"gitId":"Zhannyhong"},"content":"public class Gabby {","lastModifiedDate":"2025-01-16","isFullCredit":false},{"lineNumber":13,"author":{"gitId":"Zhannyhong"},"content":"    static final String LOGO \u003d \"\"\"","lastModifiedDate":"2025-01-21","isFullCredit":false},{"lineNumber":14,"author":{"gitId":"Zhannyhong"},"content":"              _____     __   __","lastModifiedDate":"2025-01-21","isFullCredit":false},{"lineNumber":15,"author":{"gitId":"Zhannyhong"},"content":"             / ___/__ _/ /  / /  __ __","lastModifiedDate":"2025-01-21","isFullCredit":false},{"lineNumber":16,"author":{"gitId":"Zhannyhong"},"content":"            / (_ / _ `/ _ \\\\/ _ \\\\/ // /","lastModifiedDate":"2025-01-21","isFullCredit":false},{"lineNumber":17,"author":{"gitId":"Zhannyhong"},"content":"            \\\\___/\\\\_,_/_.__/_.__/\\\\_, /","lastModifiedDate":"2025-01-21","isFullCredit":false},{"lineNumber":18,"author":{"gitId":"Zhannyhong"},"content":"                               /___/","lastModifiedDate":"2025-01-21","isFullCredit":false},{"lineNumber":19,"author":{"gitId":"Zhannyhong"},"content":"            \"\"\";","lastModifiedDate":"2025-01-21","isFullCredit":false},{"lineNumber":20,"author":{"gitId":"Zhannyhong"},"content":"    private static final String LINE \u003d \"____________________________________________________________\";","lastModifiedDate":"2025-01-16","isFullCredit":false},{"lineNumber":21,"author":{"gitId":"Zhannyhong"},"content":"    private static final String TASK_STORE_PATH \u003d \"./data/tasks.txt\";","lastModifiedDate":"2025-01-27","isFullCredit":false},{"lineNumber":22,"author":{"gitId":"Zhannyhong"},"content":"    private static final ArrayList\u003cTask\u003e taskList \u003d new ArrayList\u003c\u003e();","lastModifiedDate":"2025-01-17","isFullCredit":false},{"lineNumber":23,"author":{"gitId":"Zhannyhong"},"content":"","lastModifiedDate":"2025-01-16","isFullCredit":false},{"lineNumber":24,"author":{"gitId":"Zhannyhong"},"content":"    private static void greet() {","lastModifiedDate":"2025-01-16","isFullCredit":false},{"lineNumber":25,"author":{"gitId":"Zhannyhong"},"content":"        System.out.printf(LOGO);","lastModifiedDate":"2025-01-21","isFullCredit":false},{"lineNumber":26,"author":{"gitId":"Zhannyhong"},"content":"        Gabby.displayMsg(\"Fancy seeing you here! What can I do for you?\");","lastModifiedDate":"2025-01-21","isFullCredit":false},{"lineNumber":27,"author":{"gitId":"Zhannyhong"},"content":"    }","lastModifiedDate":"2025-01-16","isFullCredit":false},{"lineNumber":28,"author":{"gitId":"Zhannyhong"},"content":"","lastModifiedDate":"2025-01-16","isFullCredit":false},{"lineNumber":29,"author":{"gitId":"Zhannyhong"},"content":"    private static void bye() {","lastModifiedDate":"2025-01-16","isFullCredit":false},{"lineNumber":30,"author":{"gitId":"Zhannyhong"},"content":"        Gabby.displayMsg(\"Nuuu I hate to see you go... Hope to see you again soon!\");","lastModifiedDate":"2025-01-21","isFullCredit":false},{"lineNumber":31,"author":{"gitId":"Zhannyhong"},"content":"    }","lastModifiedDate":"2025-01-16","isFullCredit":false},{"lineNumber":32,"author":{"gitId":"Zhannyhong"},"content":"","lastModifiedDate":"2025-01-16","isFullCredit":false},{"lineNumber":33,"author":{"gitId":"Zhannyhong"},"content":"    private static void displayMsg(String msg) {","lastModifiedDate":"2025-01-16","isFullCredit":false},{"lineNumber":34,"author":{"gitId":"Zhannyhong"},"content":"        System.out.println(LINE);","lastModifiedDate":"2025-01-16","isFullCredit":false},{"lineNumber":35,"author":{"gitId":"Zhannyhong"},"content":"        System.out.println(\"Gabby:\\n\" + msg);","lastModifiedDate":"2025-01-16","isFullCredit":false},{"lineNumber":36,"author":{"gitId":"Zhannyhong"},"content":"        System.out.println(LINE + \"\\n\");","lastModifiedDate":"2025-01-16","isFullCredit":false},{"lineNumber":37,"author":{"gitId":"Zhannyhong"},"content":"    }","lastModifiedDate":"2025-01-16","isFullCredit":false},{"lineNumber":38,"author":{"gitId":"Zhannyhong"},"content":"","lastModifiedDate":"2025-01-16","isFullCredit":false},{"lineNumber":39,"author":{"gitId":"Zhannyhong"},"content":"    private static void addTask(Task task) {","lastModifiedDate":"2025-01-17","isFullCredit":false},{"lineNumber":40,"author":{"gitId":"Zhannyhong"},"content":"        Gabby.taskList.add(task);","lastModifiedDate":"2025-01-17","isFullCredit":false},{"lineNumber":41,"author":{"gitId":"Zhannyhong"},"content":"        Gabby.displayMsg(String.format(\"Wow what a busy man huh. I\u0027ve added this task:\\n  %s\\nNow you have %d task%s in the list.\",","lastModifiedDate":"2025-01-21","isFullCredit":false},{"lineNumber":42,"author":{"gitId":"Zhannyhong"},"content":"                task, taskList.size(), taskList.size() \u003d\u003d 1 ? \"\" : \"s\"));","lastModifiedDate":"2025-01-17","isFullCredit":false},{"lineNumber":43,"author":{"gitId":"Zhannyhong"},"content":"    }","lastModifiedDate":"2025-01-16","isFullCredit":false},{"lineNumber":44,"author":{"gitId":"Zhannyhong"},"content":"","lastModifiedDate":"2025-01-16","isFullCredit":false},{"lineNumber":45,"author":{"gitId":"Zhannyhong"},"content":"    private static void listTasks(String args) {","lastModifiedDate":"2025-02-02","isFullCredit":false},{"lineNumber":46,"author":{"gitId":"Zhannyhong"},"content":"        if (taskList.isEmpty()) {","lastModifiedDate":"2025-01-17","isFullCredit":false},{"lineNumber":47,"author":{"gitId":"Zhannyhong"},"content":"            Gabby.displayMsg(\"You have no tasks in your list!\");","lastModifiedDate":"2025-01-20","isFullCredit":false},{"lineNumber":48,"author":{"gitId":"Zhannyhong"},"content":"            return;","lastModifiedDate":"2025-01-17","isFullCredit":false},{"lineNumber":49,"author":{"gitId":"Zhannyhong"},"content":"        }","lastModifiedDate":"2025-01-17","isFullCredit":false},{"lineNumber":50,"author":{"gitId":"Zhannyhong"},"content":"","lastModifiedDate":"2025-01-17","isFullCredit":false},{"lineNumber":51,"author":{"gitId":"Zhannyhong"},"content":"        StringJoiner msg \u003d new StringJoiner(\"\\n\");","lastModifiedDate":"2025-01-16","isFullCredit":false},{"lineNumber":52,"author":{"gitId":"Zhannyhong"},"content":"        Task[] filteredList;","lastModifiedDate":"2025-02-02","isFullCredit":false},{"lineNumber":53,"author":{"gitId":"Zhannyhong"},"content":"","lastModifiedDate":"2025-01-16","isFullCredit":false},{"lineNumber":54,"author":{"gitId":"Zhannyhong"},"content":"        if (args.isEmpty()) {","lastModifiedDate":"2025-02-02","isFullCredit":false},{"lineNumber":55,"author":{"gitId":"Zhannyhong"},"content":"            msg.add(\"Here are all the tasks in your list:\");","lastModifiedDate":"2025-02-02","isFullCredit":false},{"lineNumber":56,"author":{"gitId":"Zhannyhong"},"content":"            filteredList \u003d taskList.toArray(Task[]::new);","lastModifiedDate":"2025-02-02","isFullCredit":false},{"lineNumber":57,"author":{"gitId":"Zhannyhong"},"content":"        } else {","lastModifiedDate":"2025-02-02","isFullCredit":false},{"lineNumber":58,"author":{"gitId":"Zhannyhong"},"content":"            LocalDate filterDate;","lastModifiedDate":"2025-02-02","isFullCredit":false},{"lineNumber":59,"author":{"gitId":"Zhannyhong"},"content":"            try {","lastModifiedDate":"2025-02-02","isFullCredit":false},{"lineNumber":60,"author":{"gitId":"Zhannyhong"},"content":"                filterDate \u003d LocalDate.parse(args, DateTimeFormatter.ISO_LOCAL_DATE);","lastModifiedDate":"2025-02-02","isFullCredit":false},{"lineNumber":61,"author":{"gitId":"Zhannyhong"},"content":"            } catch (DateTimeParseException err) {","lastModifiedDate":"2025-02-02","isFullCredit":false},{"lineNumber":62,"author":{"gitId":"Zhannyhong"},"content":"                msg.add(\"Date provided is in the wrong format. Expected: yyyy-mm-dd (e.g. 2001-11-23)\");","lastModifiedDate":"2025-02-02","isFullCredit":false},{"lineNumber":63,"author":{"gitId":"Zhannyhong"},"content":"                Gabby.displayMsg(msg.toString());","lastModifiedDate":"2025-02-02","isFullCredit":false},{"lineNumber":64,"author":{"gitId":"Zhannyhong"},"content":"                return;","lastModifiedDate":"2025-02-02","isFullCredit":false},{"lineNumber":65,"author":{"gitId":"Zhannyhong"},"content":"            }","lastModifiedDate":"2025-02-02","isFullCredit":false},{"lineNumber":66,"author":{"gitId":"Zhannyhong"},"content":"","lastModifiedDate":"2025-02-02","isFullCredit":false},{"lineNumber":67,"author":{"gitId":"Zhannyhong"},"content":"            filteredList \u003d taskList.stream()","lastModifiedDate":"2025-02-02","isFullCredit":false},{"lineNumber":68,"author":{"gitId":"Zhannyhong"},"content":"                    .filter(task -\u003e filterDate.query(task::isDateInRange))","lastModifiedDate":"2025-02-02","isFullCredit":false},{"lineNumber":69,"author":{"gitId":"Zhannyhong"},"content":"                    .toArray(Task[]::new);","lastModifiedDate":"2025-02-02","isFullCredit":false},{"lineNumber":70,"author":{"gitId":"Zhannyhong"},"content":"","lastModifiedDate":"2025-02-02","isFullCredit":false},{"lineNumber":71,"author":{"gitId":"Zhannyhong"},"content":"            if (filteredList.length \u003d\u003d 0) {","lastModifiedDate":"2025-02-02","isFullCredit":false},{"lineNumber":72,"author":{"gitId":"Zhannyhong"},"content":"                Gabby.displayMsg(\"You have no tasks on \" + filterDate.format(DateTimeFormatter.ISO_LOCAL_DATE) + \"!\");","lastModifiedDate":"2025-02-02","isFullCredit":false},{"lineNumber":73,"author":{"gitId":"Zhannyhong"},"content":"                return;","lastModifiedDate":"2025-02-02","isFullCredit":false},{"lineNumber":74,"author":{"gitId":"Zhannyhong"},"content":"            }","lastModifiedDate":"2025-02-02","isFullCredit":false},{"lineNumber":75,"author":{"gitId":"Zhannyhong"},"content":"","lastModifiedDate":"2025-02-02","isFullCredit":false},{"lineNumber":76,"author":{"gitId":"Zhannyhong"},"content":"            msg.add(\"Here are the tasks in your list on \" + filterDate.format(DateTimeFormatter.ISO_LOCAL_DATE) + \":\");","lastModifiedDate":"2025-02-02","isFullCredit":false},{"lineNumber":77,"author":{"gitId":"Zhannyhong"},"content":"        }","lastModifiedDate":"2025-02-02","isFullCredit":false},{"lineNumber":78,"author":{"gitId":"Zhannyhong"},"content":"","lastModifiedDate":"2025-02-02","isFullCredit":false},{"lineNumber":79,"author":{"gitId":"Zhannyhong"},"content":"        for (int i \u003d 0; i \u003c filteredList.length; i++) {","lastModifiedDate":"2025-02-02","isFullCredit":false},{"lineNumber":80,"author":{"gitId":"Zhannyhong"},"content":"            msg.add(String.format(\"%d.%s\", i + 1, filteredList[i]));","lastModifiedDate":"2025-02-02","isFullCredit":false},{"lineNumber":81,"author":{"gitId":"Zhannyhong"},"content":"        }","lastModifiedDate":"2025-01-16","isFullCredit":false},{"lineNumber":82,"author":{"gitId":"Zhannyhong"},"content":"","lastModifiedDate":"2025-01-16","isFullCredit":false},{"lineNumber":83,"author":{"gitId":"Zhannyhong"},"content":"        Gabby.displayMsg(msg.toString());","lastModifiedDate":"2025-01-16","isFullCredit":false},{"lineNumber":84,"author":{"gitId":"Zhannyhong"},"content":"    }","lastModifiedDate":"2025-01-16","isFullCredit":false},{"lineNumber":85,"author":{"gitId":"Zhannyhong"},"content":"","lastModifiedDate":"2025-01-16","isFullCredit":false},{"lineNumber":86,"author":{"gitId":"Zhannyhong"},"content":"    private static void markTask(int taskID) {","lastModifiedDate":"2025-01-17","isFullCredit":false},{"lineNumber":87,"author":{"gitId":"Zhannyhong"},"content":"        Task task \u003d taskList.get(taskID - 1);","lastModifiedDate":"2025-01-17","isFullCredit":false},{"lineNumber":88,"author":{"gitId":"Zhannyhong"},"content":"        task.markAsDone();","lastModifiedDate":"2025-01-17","isFullCredit":false},{"lineNumber":89,"author":{"gitId":"Zhannyhong"},"content":"        Gabby.displayMsg(\"Great job! I\u0027ve marked this task as done:\\n  \" + task);","lastModifiedDate":"2025-01-21","isFullCredit":false},{"lineNumber":90,"author":{"gitId":"Zhannyhong"},"content":"    }","lastModifiedDate":"2025-01-17","isFullCredit":false},{"lineNumber":91,"author":{"gitId":"Zhannyhong"},"content":"","lastModifiedDate":"2025-01-17","isFullCredit":false},{"lineNumber":92,"author":{"gitId":"Zhannyhong"},"content":"    private static void unmarkTask(int taskID) {","lastModifiedDate":"2025-01-20","isFullCredit":false},{"lineNumber":93,"author":{"gitId":"Zhannyhong"},"content":"        Task task \u003d taskList.get(taskID - 1);","lastModifiedDate":"2025-01-17","isFullCredit":false},{"lineNumber":94,"author":{"gitId":"Zhannyhong"},"content":"        task.markNotDone();","lastModifiedDate":"2025-01-17","isFullCredit":false},{"lineNumber":95,"author":{"gitId":"Zhannyhong"},"content":"        Gabby.displayMsg(\"Sure! I\u0027ve marked this task as not done yet:\\n  \" + task);","lastModifiedDate":"2025-01-21","isFullCredit":false},{"lineNumber":96,"author":{"gitId":"Zhannyhong"},"content":"    }","lastModifiedDate":"2025-01-17","isFullCredit":false},{"lineNumber":97,"author":{"gitId":"Zhannyhong"},"content":"","lastModifiedDate":"2025-01-20","isFullCredit":false},{"lineNumber":98,"author":{"gitId":"Zhannyhong"},"content":"    private static void deleteTask(int taskID) {","lastModifiedDate":"2025-01-20","isFullCredit":false},{"lineNumber":99,"author":{"gitId":"Zhannyhong"},"content":"        Task task \u003d taskList.remove(taskID - 1);","lastModifiedDate":"2025-01-20","isFullCredit":false},{"lineNumber":100,"author":{"gitId":"Zhannyhong"},"content":"        Gabby.displayMsg(String.format(\"Poof! I\u0027ve removed this task:\\n  %s\\nNow you have %d task%s in the list.\",","lastModifiedDate":"2025-01-21","isFullCredit":false},{"lineNumber":101,"author":{"gitId":"Zhannyhong"},"content":"                task, taskList.size(), taskList.size() \u003d\u003d 1 ? \"\" : \"s\"));","lastModifiedDate":"2025-01-20","isFullCredit":false},{"lineNumber":102,"author":{"gitId":"Zhannyhong"},"content":"    }","lastModifiedDate":"2025-01-20","isFullCredit":false},{"lineNumber":103,"author":{"gitId":"Zhannyhong"},"content":"","lastModifiedDate":"2025-01-20","isFullCredit":false},{"lineNumber":104,"author":{"gitId":"Zhannyhong"},"content":"    private static int extractTaskID(String args) throws GabbyException {","lastModifiedDate":"2025-01-20","isFullCredit":false},{"lineNumber":105,"author":{"gitId":"Zhannyhong"},"content":"        if (args.isEmpty()) {","lastModifiedDate":"2025-01-20","isFullCredit":false},{"lineNumber":106,"author":{"gitId":"Zhannyhong"},"content":"            throw new GabbyException(\"I need to know the ID of the task!\");","lastModifiedDate":"2025-01-20","isFullCredit":false},{"lineNumber":107,"author":{"gitId":"Zhannyhong"},"content":"        }","lastModifiedDate":"2025-01-20","isFullCredit":false},{"lineNumber":108,"author":{"gitId":"Zhannyhong"},"content":"","lastModifiedDate":"2025-01-20","isFullCredit":false},{"lineNumber":109,"author":{"gitId":"Zhannyhong"},"content":"        int taskID;","lastModifiedDate":"2025-01-20","isFullCredit":false},{"lineNumber":110,"author":{"gitId":"Zhannyhong"},"content":"        try {","lastModifiedDate":"2025-01-20","isFullCredit":false},{"lineNumber":111,"author":{"gitId":"Zhannyhong"},"content":"            taskID \u003d Integer.parseInt(args);","lastModifiedDate":"2025-01-20","isFullCredit":false},{"lineNumber":112,"author":{"gitId":"Zhannyhong"},"content":"        } catch (NumberFormatException err) {","lastModifiedDate":"2025-01-20","isFullCredit":false},{"lineNumber":113,"author":{"gitId":"Zhannyhong"},"content":"            throw new GabbyException(\"\u0027\" + args + \"\u0027 is not a valid integer!\");","lastModifiedDate":"2025-01-20","isFullCredit":false},{"lineNumber":114,"author":{"gitId":"Zhannyhong"},"content":"        }","lastModifiedDate":"2025-01-20","isFullCredit":false},{"lineNumber":115,"author":{"gitId":"Zhannyhong"},"content":"","lastModifiedDate":"2025-01-20","isFullCredit":false},{"lineNumber":116,"author":{"gitId":"Zhannyhong"},"content":"        if (taskID \u003c 1 || taskID \u003e taskList.size()) {","lastModifiedDate":"2025-01-20","isFullCredit":false},{"lineNumber":117,"author":{"gitId":"Zhannyhong"},"content":"            throw new GabbyException(\"Task ID \u0027\" + taskID + \"\u0027 is not in your list!\");","lastModifiedDate":"2025-01-20","isFullCredit":false},{"lineNumber":118,"author":{"gitId":"Zhannyhong"},"content":"        }","lastModifiedDate":"2025-01-20","isFullCredit":false},{"lineNumber":119,"author":{"gitId":"Zhannyhong"},"content":"","lastModifiedDate":"2025-01-20","isFullCredit":false},{"lineNumber":120,"author":{"gitId":"Zhannyhong"},"content":"        return taskID;","lastModifiedDate":"2025-01-20","isFullCredit":false},{"lineNumber":121,"author":{"gitId":"Zhannyhong"},"content":"    }","lastModifiedDate":"2025-01-17","isFullCredit":false},{"lineNumber":122,"author":{"gitId":"Zhannyhong"},"content":"","lastModifiedDate":"2025-01-17","isFullCredit":false},{"lineNumber":123,"author":{"gitId":"Zhannyhong"},"content":"    private static void loadTaskList() {","lastModifiedDate":"2025-01-27","isFullCredit":false},{"lineNumber":124,"author":{"gitId":"Zhannyhong"},"content":"        File file \u003d new File(TASK_STORE_PATH);","lastModifiedDate":"2025-01-27","isFullCredit":false},{"lineNumber":125,"author":{"gitId":"Zhannyhong"},"content":"","lastModifiedDate":"2025-01-27","isFullCredit":false},{"lineNumber":126,"author":{"gitId":"Zhannyhong"},"content":"        try (Scanner scanner \u003d new Scanner(file)) {","lastModifiedDate":"2025-01-27","isFullCredit":false},{"lineNumber":127,"author":{"gitId":"Zhannyhong"},"content":"            while (scanner.hasNextLine()) {","lastModifiedDate":"2025-01-27","isFullCredit":false},{"lineNumber":128,"author":{"gitId":"Zhannyhong"},"content":"                String[] serialized \u003d scanner.nextLine().split(\" \\\\| \");","lastModifiedDate":"2025-01-27","isFullCredit":false},{"lineNumber":129,"author":{"gitId":"Zhannyhong"},"content":"","lastModifiedDate":"2025-01-27","isFullCredit":false},{"lineNumber":130,"author":{"gitId":"Zhannyhong"},"content":"                if (serialized.length \u003c 3) {","lastModifiedDate":"2025-01-27","isFullCredit":false},{"lineNumber":131,"author":{"gitId":"Zhannyhong"},"content":"                    Gabby.displayMsg(\"Saved task is in an incorrect format!\");","lastModifiedDate":"2025-01-27","isFullCredit":false},{"lineNumber":132,"author":{"gitId":"Zhannyhong"},"content":"                    continue;","lastModifiedDate":"2025-01-27","isFullCredit":false},{"lineNumber":133,"author":{"gitId":"Zhannyhong"},"content":"                }","lastModifiedDate":"2025-01-27","isFullCredit":false},{"lineNumber":134,"author":{"gitId":"Zhannyhong"},"content":"","lastModifiedDate":"2025-01-27","isFullCredit":false},{"lineNumber":135,"author":{"gitId":"Zhannyhong"},"content":"                try {","lastModifiedDate":"2025-01-27","isFullCredit":false},{"lineNumber":136,"author":{"gitId":"Zhannyhong"},"content":"                    switch (serialized[0]) {","lastModifiedDate":"2025-01-27","isFullCredit":false},{"lineNumber":137,"author":{"gitId":"Zhannyhong"},"content":"                        case \"T\":","lastModifiedDate":"2025-01-27","isFullCredit":false},{"lineNumber":138,"author":{"gitId":"Zhannyhong"},"content":"                            taskList.add(TodoTask.deserialize(serialized));","lastModifiedDate":"2025-01-27","isFullCredit":false},{"lineNumber":139,"author":{"gitId":"Zhannyhong"},"content":"                            break;","lastModifiedDate":"2025-01-27","isFullCredit":false},{"lineNumber":140,"author":{"gitId":"Zhannyhong"},"content":"                        case \"D\":","lastModifiedDate":"2025-01-27","isFullCredit":false},{"lineNumber":141,"author":{"gitId":"Zhannyhong"},"content":"                            taskList.add(DeadlineTask.deserialize(serialized));","lastModifiedDate":"2025-01-27","isFullCredit":false},{"lineNumber":142,"author":{"gitId":"Zhannyhong"},"content":"                            break;","lastModifiedDate":"2025-01-27","isFullCredit":false},{"lineNumber":143,"author":{"gitId":"Zhannyhong"},"content":"                        case \"E\":","lastModifiedDate":"2025-01-27","isFullCredit":false},{"lineNumber":144,"author":{"gitId":"Zhannyhong"},"content":"                            taskList.add(EventTask.deserialize(serialized));","lastModifiedDate":"2025-01-27","isFullCredit":false},{"lineNumber":145,"author":{"gitId":"Zhannyhong"},"content":"                            break;","lastModifiedDate":"2025-01-27","isFullCredit":false},{"lineNumber":146,"author":{"gitId":"Zhannyhong"},"content":"                        default:","lastModifiedDate":"2025-01-27","isFullCredit":false},{"lineNumber":147,"author":{"gitId":"Zhannyhong"},"content":"                            Gabby.displayMsg(\"Saved task is in an incorrect format!\");","lastModifiedDate":"2025-01-27","isFullCredit":false},{"lineNumber":148,"author":{"gitId":"Zhannyhong"},"content":"                    }","lastModifiedDate":"2025-01-27","isFullCredit":false},{"lineNumber":149,"author":{"gitId":"Zhannyhong"},"content":"                } catch (GabbyException err) {","lastModifiedDate":"2025-01-27","isFullCredit":false},{"lineNumber":150,"author":{"gitId":"Zhannyhong"},"content":"                    Gabby.displayMsg(err.getMessage());","lastModifiedDate":"2025-01-27","isFullCredit":false},{"lineNumber":151,"author":{"gitId":"Zhannyhong"},"content":"                }","lastModifiedDate":"2025-01-27","isFullCredit":false},{"lineNumber":152,"author":{"gitId":"Zhannyhong"},"content":"            }","lastModifiedDate":"2025-01-27","isFullCredit":false},{"lineNumber":153,"author":{"gitId":"Zhannyhong"},"content":"        } catch (FileNotFoundException err) {","lastModifiedDate":"2025-01-27","isFullCredit":false},{"lineNumber":154,"author":{"gitId":"Zhannyhong"},"content":"            // Chatbot might be run for the first time and there are no saved tasks to load","lastModifiedDate":"2025-01-27","isFullCredit":false},{"lineNumber":155,"author":{"gitId":"Zhannyhong"},"content":"        }","lastModifiedDate":"2025-01-27","isFullCredit":false},{"lineNumber":156,"author":{"gitId":"Zhannyhong"},"content":"    }","lastModifiedDate":"2025-01-27","isFullCredit":false},{"lineNumber":157,"author":{"gitId":"Zhannyhong"},"content":"","lastModifiedDate":"2025-01-27","isFullCredit":false},{"lineNumber":158,"author":{"gitId":"Zhannyhong"},"content":"    private static void saveTaskList() {","lastModifiedDate":"2025-01-27","isFullCredit":false},{"lineNumber":159,"author":{"gitId":"Zhannyhong"},"content":"        File file \u003d new File(TASK_STORE_PATH);","lastModifiedDate":"2025-01-27","isFullCredit":false},{"lineNumber":160,"author":{"gitId":"Zhannyhong"},"content":"","lastModifiedDate":"2025-01-27","isFullCredit":false},{"lineNumber":161,"author":{"gitId":"Zhannyhong"},"content":"        try {","lastModifiedDate":"2025-01-27","isFullCredit":false},{"lineNumber":162,"author":{"gitId":"Zhannyhong"},"content":"            if (file.getParentFile() !\u003d null) {","lastModifiedDate":"2025-01-27","isFullCredit":false},{"lineNumber":163,"author":{"gitId":"Zhannyhong"},"content":"                file.getParentFile().mkdirs();","lastModifiedDate":"2025-01-27","isFullCredit":false},{"lineNumber":164,"author":{"gitId":"Zhannyhong"},"content":"            }","lastModifiedDate":"2025-01-27","isFullCredit":false},{"lineNumber":165,"author":{"gitId":"Zhannyhong"},"content":"        } catch (SecurityException err) {","lastModifiedDate":"2025-01-27","isFullCredit":false},{"lineNumber":166,"author":{"gitId":"Zhannyhong"},"content":"            Gabby.displayMsg(\"Unable to create directory to save tasks!\");","lastModifiedDate":"2025-01-27","isFullCredit":false},{"lineNumber":167,"author":{"gitId":"Zhannyhong"},"content":"        }","lastModifiedDate":"2025-01-27","isFullCredit":false},{"lineNumber":168,"author":{"gitId":"Zhannyhong"},"content":"","lastModifiedDate":"2025-01-27","isFullCredit":false},{"lineNumber":169,"author":{"gitId":"Zhannyhong"},"content":"        try (FileWriter writer \u003d new FileWriter(file)) {","lastModifiedDate":"2025-01-27","isFullCredit":false},{"lineNumber":170,"author":{"gitId":"Zhannyhong"},"content":"            for (Task task : taskList) {","lastModifiedDate":"2025-01-27","isFullCredit":false},{"lineNumber":171,"author":{"gitId":"Zhannyhong"},"content":"                writer.write(task.serialize() + \"\\n\");","lastModifiedDate":"2025-01-27","isFullCredit":false},{"lineNumber":172,"author":{"gitId":"Zhannyhong"},"content":"            }","lastModifiedDate":"2025-01-27","isFullCredit":false},{"lineNumber":173,"author":{"gitId":"Zhannyhong"},"content":"        } catch (IOException err) {","lastModifiedDate":"2025-01-27","isFullCredit":false},{"lineNumber":174,"author":{"gitId":"Zhannyhong"},"content":"            Gabby.displayMsg(\"Error writing to file while saving tasks!\");","lastModifiedDate":"2025-01-27","isFullCredit":false},{"lineNumber":175,"author":{"gitId":"Zhannyhong"},"content":"        }","lastModifiedDate":"2025-01-27","isFullCredit":false},{"lineNumber":176,"author":{"gitId":"Zhannyhong"},"content":"    }","lastModifiedDate":"2025-01-27","isFullCredit":false},{"lineNumber":177,"author":{"gitId":"Zhannyhong"},"content":"","lastModifiedDate":"2025-01-27","isFullCredit":false},{"lineNumber":178,"author":{"gitId":"Zhannyhong"},"content":"    public static void main(String[] args) {","lastModifiedDate":"2025-01-16","isFullCredit":false},{"lineNumber":179,"author":{"gitId":"Zhannyhong"},"content":"        Gabby.greet();","lastModifiedDate":"2025-01-16","isFullCredit":false},{"lineNumber":180,"author":{"gitId":"Zhannyhong"},"content":"        Gabby.loadTaskList();","lastModifiedDate":"2025-01-28","isFullCredit":false},{"lineNumber":181,"author":{"gitId":"Zhannyhong"},"content":"","lastModifiedDate":"2025-01-16","isFullCredit":false},{"lineNumber":182,"author":{"gitId":"Zhannyhong"},"content":"        Scanner reader \u003d new Scanner(System.in);","lastModifiedDate":"2025-01-16","isFullCredit":false},{"lineNumber":183,"author":{"gitId":"Zhannyhong"},"content":"        String[] input \u003d reader.nextLine().strip().split(\" \", 2);","lastModifiedDate":"2025-01-17","isFullCredit":false},{"lineNumber":184,"author":{"gitId":"Zhannyhong"},"content":"        String command \u003d input[0];","lastModifiedDate":"2025-01-17","isFullCredit":false},{"lineNumber":185,"author":{"gitId":"Zhannyhong"},"content":"        String arg \u003d input.length \u003e 1 ? input[1] : \"\";","lastModifiedDate":"2025-01-17","isFullCredit":false},{"lineNumber":186,"author":{"gitId":"Zhannyhong"},"content":"","lastModifiedDate":"2025-01-16","isFullCredit":false},{"lineNumber":187,"author":{"gitId":"Zhannyhong"},"content":"        while (true) {","lastModifiedDate":"2025-01-16","isFullCredit":false},{"lineNumber":188,"author":{"gitId":"Zhannyhong"},"content":"            try {","lastModifiedDate":"2025-01-20","isFullCredit":false},{"lineNumber":189,"author":{"gitId":"Zhannyhong"},"content":"                switch (command.toUpperCase()) {","lastModifiedDate":"2025-01-21","isFullCredit":false},{"lineNumber":190,"author":{"gitId":"Zhannyhong"},"content":"                    case \"\":","lastModifiedDate":"2025-01-17","isFullCredit":false},{"lineNumber":191,"author":{"gitId":"Zhannyhong"},"content":"                        break;","lastModifiedDate":"2025-01-17","isFullCredit":false},{"lineNumber":192,"author":{"gitId":"Zhannyhong"},"content":"                    case \"BYE\":","lastModifiedDate":"2025-01-21","isFullCredit":false},{"lineNumber":193,"author":{"gitId":"Zhannyhong"},"content":"                        Gabby.bye();","lastModifiedDate":"2025-01-16","isFullCredit":false},{"lineNumber":194,"author":{"gitId":"Zhannyhong"},"content":"                        return;","lastModifiedDate":"2025-01-16","isFullCredit":false},{"lineNumber":195,"author":{"gitId":"Zhannyhong"},"content":"                    case \"LIST\":","lastModifiedDate":"2025-01-21","isFullCredit":false},{"lineNumber":196,"author":{"gitId":"Zhannyhong"},"content":"                        Gabby.listTasks(arg);","lastModifiedDate":"2025-02-02","isFullCredit":false},{"lineNumber":197,"author":{"gitId":"Zhannyhong"},"content":"                        break;","lastModifiedDate":"2025-01-16","isFullCredit":false},{"lineNumber":198,"author":{"gitId":"Zhannyhong"},"content":"                    case \"MARK\":","lastModifiedDate":"2025-01-21","isFullCredit":false},{"lineNumber":199,"author":{"gitId":"Zhannyhong"},"content":"                        Gabby.markTask(Gabby.extractTaskID(arg));","lastModifiedDate":"2025-01-20","isFullCredit":false},{"lineNumber":200,"author":{"gitId":"Zhannyhong"},"content":"                        Gabby.saveTaskList();","lastModifiedDate":"2025-01-28","isFullCredit":false},{"lineNumber":201,"author":{"gitId":"Zhannyhong"},"content":"                        break;","lastModifiedDate":"2025-01-17","isFullCredit":false},{"lineNumber":202,"author":{"gitId":"Zhannyhong"},"content":"                    case \"UNMARK\":","lastModifiedDate":"2025-01-21","isFullCredit":false},{"lineNumber":203,"author":{"gitId":"Zhannyhong"},"content":"                        Gabby.unmarkTask(Gabby.extractTaskID(arg));","lastModifiedDate":"2025-01-20","isFullCredit":false},{"lineNumber":204,"author":{"gitId":"Zhannyhong"},"content":"                        Gabby.saveTaskList();","lastModifiedDate":"2025-01-28","isFullCredit":false},{"lineNumber":205,"author":{"gitId":"Zhannyhong"},"content":"                        break;","lastModifiedDate":"2025-01-20","isFullCredit":false},{"lineNumber":206,"author":{"gitId":"Zhannyhong"},"content":"                    case \"DELETE\":","lastModifiedDate":"2025-01-21","isFullCredit":false},{"lineNumber":207,"author":{"gitId":"Zhannyhong"},"content":"                        Gabby.deleteTask(Gabby.extractTaskID(arg));","lastModifiedDate":"2025-01-20","isFullCredit":false},{"lineNumber":208,"author":{"gitId":"Zhannyhong"},"content":"                        Gabby.saveTaskList();","lastModifiedDate":"2025-01-28","isFullCredit":false},{"lineNumber":209,"author":{"gitId":"Zhannyhong"},"content":"                        break;","lastModifiedDate":"2025-01-17","isFullCredit":false},{"lineNumber":210,"author":{"gitId":"Zhannyhong"},"content":"                    case \"TODO\":","lastModifiedDate":"2025-01-21","isFullCredit":false},{"lineNumber":211,"author":{"gitId":"Zhannyhong"},"content":"                        Gabby.addTask(TodoTask.parseArgs(arg));","lastModifiedDate":"2025-01-17","isFullCredit":false},{"lineNumber":212,"author":{"gitId":"Zhannyhong"},"content":"                        Gabby.saveTaskList();","lastModifiedDate":"2025-01-28","isFullCredit":false},{"lineNumber":213,"author":{"gitId":"Zhannyhong"},"content":"                        break;","lastModifiedDate":"2025-01-17","isFullCredit":false},{"lineNumber":214,"author":{"gitId":"Zhannyhong"},"content":"                    case \"DEADLINE\":","lastModifiedDate":"2025-01-21","isFullCredit":false},{"lineNumber":215,"author":{"gitId":"Zhannyhong"},"content":"                        Gabby.addTask(DeadlineTask.parseArgs(arg));","lastModifiedDate":"2025-01-17","isFullCredit":false},{"lineNumber":216,"author":{"gitId":"Zhannyhong"},"content":"                        Gabby.saveTaskList();","lastModifiedDate":"2025-01-28","isFullCredit":false},{"lineNumber":217,"author":{"gitId":"Zhannyhong"},"content":"                        break;","lastModifiedDate":"2025-01-17","isFullCredit":false},{"lineNumber":218,"author":{"gitId":"Zhannyhong"},"content":"                    case \"EVENT\":","lastModifiedDate":"2025-01-21","isFullCredit":false},{"lineNumber":219,"author":{"gitId":"Zhannyhong"},"content":"                        Gabby.addTask(EventTask.parseArgs(arg));","lastModifiedDate":"2025-01-17","isFullCredit":false},{"lineNumber":220,"author":{"gitId":"Zhannyhong"},"content":"                        Gabby.saveTaskList();","lastModifiedDate":"2025-01-28","isFullCredit":false},{"lineNumber":221,"author":{"gitId":"Zhannyhong"},"content":"                        break;","lastModifiedDate":"2025-01-17","isFullCredit":false},{"lineNumber":222,"author":{"gitId":"Zhannyhong"},"content":"                    default:","lastModifiedDate":"2025-01-16","isFullCredit":false},{"lineNumber":223,"author":{"gitId":"Zhannyhong"},"content":"                        Gabby.displayMsg(\"Sorry! I don\u0027t understand what you just said \u003d(\");","lastModifiedDate":"2025-01-21","isFullCredit":false},{"lineNumber":224,"author":{"gitId":"Zhannyhong"},"content":"                }","lastModifiedDate":"2025-01-16","isFullCredit":false},{"lineNumber":225,"author":{"gitId":"Zhannyhong"},"content":"            } catch (GabbyException err) {","lastModifiedDate":"2025-01-20","isFullCredit":false},{"lineNumber":226,"author":{"gitId":"Zhannyhong"},"content":"                Gabby.displayMsg(err.getMessage());","lastModifiedDate":"2025-01-20","isFullCredit":false},{"lineNumber":227,"author":{"gitId":"Zhannyhong"},"content":"            }","lastModifiedDate":"2025-01-20","isFullCredit":false},{"lineNumber":228,"author":{"gitId":"Zhannyhong"},"content":"","lastModifiedDate":"2025-01-16","isFullCredit":false},{"lineNumber":229,"author":{"gitId":"Zhannyhong"},"content":"            input \u003d reader.nextLine().strip().split(\" \", 2);","lastModifiedDate":"2025-01-17","isFullCredit":false},{"lineNumber":230,"author":{"gitId":"Zhannyhong"},"content":"            command \u003d input[0];","lastModifiedDate":"2025-01-17","isFullCredit":false},{"lineNumber":231,"author":{"gitId":"Zhannyhong"},"content":"            arg \u003d input.length \u003e 1 ? input[1] : \"\";","lastModifiedDate":"2025-01-17","isFullCredit":false},{"lineNumber":232,"author":{"gitId":"Zhannyhong"},"content":"        }","lastModifiedDate":"2025-01-16","isFullCredit":false},{"lineNumber":233,"author":{"gitId":"Zhannyhong"},"content":"    }","lastModifiedDate":"2025-01-16","isFullCredit":false},{"lineNumber":234,"author":{"gitId":"Zhannyhong"},"content":"}","lastModifiedDate":"2025-01-16","isFullCredit":false}],"authorContributionMap":{"Zhannyhong":234}},{"path":"src/main/java/GabbyException.java","fileType":"java","lines":[{"lineNumber":1,"author":{"gitId":"Zhannyhong"},"content":"public class GabbyException extends Exception {","lastModifiedDate":"2025-01-20","isFullCredit":false},{"lineNumber":2,"author":{"gitId":"Zhannyhong"},"content":"    public GabbyException(String errorMsg) {","lastModifiedDate":"2025-01-20","isFullCredit":false},{"lineNumber":3,"author":{"gitId":"Zhannyhong"},"content":"        super(errorMsg);","lastModifiedDate":"2025-01-20","isFullCredit":false},{"lineNumber":4,"author":{"gitId":"Zhannyhong"},"content":"    }","lastModifiedDate":"2025-01-20","isFullCredit":false},{"lineNumber":5,"author":{"gitId":"Zhannyhong"},"content":"}","lastModifiedDate":"2025-01-20","isFullCredit":false}],"authorContributionMap":{"Zhannyhong":5}},{"path":"src/main/java/Task.java","fileType":"java","lines":[{"lineNumber":1,"author":{"gitId":"Zhannyhong"},"content":"import java.time.format.DateTimeFormatter;","lastModifiedDate":"2025-01-30","isFullCredit":false},{"lineNumber":2,"author":{"gitId":"Zhannyhong"},"content":"import java.time.temporal.TemporalAccessor;","lastModifiedDate":"2025-02-02","isFullCredit":false},{"lineNumber":3,"author":{"gitId":"Zhannyhong"},"content":"","lastModifiedDate":"2025-01-30","isFullCredit":false},{"lineNumber":4,"author":{"gitId":"Zhannyhong"},"content":"public abstract class Task {","lastModifiedDate":"2025-01-27","isFullCredit":false},{"lineNumber":5,"author":{"gitId":"Zhannyhong"},"content":"    protected static final DateTimeFormatter dtFormat \u003d DateTimeFormatter.ofPattern(\"yyyy-MM-dd HHmm\");","lastModifiedDate":"2025-02-02","isFullCredit":false},{"lineNumber":6,"author":{"gitId":"Zhannyhong"},"content":"    protected static final DateTimeFormatter dtDisplay \u003d DateTimeFormatter.ofPattern(\"EEE, dd MMM yyyy HH:mm\");","lastModifiedDate":"2025-01-30","isFullCredit":false},{"lineNumber":7,"author":{"gitId":"Zhannyhong"},"content":"    protected String description;","lastModifiedDate":"2025-01-17","isFullCredit":false},{"lineNumber":8,"author":{"gitId":"Zhannyhong"},"content":"    protected boolean isDone;","lastModifiedDate":"2025-01-17","isFullCredit":false},{"lineNumber":9,"author":{"gitId":"Zhannyhong"},"content":"","lastModifiedDate":"2025-01-16","isFullCredit":false},{"lineNumber":10,"author":{"gitId":"Zhannyhong"},"content":"    public Task(String description) {","lastModifiedDate":"2025-01-17","isFullCredit":false},{"lineNumber":11,"author":{"gitId":"Zhannyhong"},"content":"        this.description \u003d description;","lastModifiedDate":"2025-01-17","isFullCredit":false},{"lineNumber":12,"author":{"gitId":"Zhannyhong"},"content":"        this.isDone \u003d false;","lastModifiedDate":"2025-01-17","isFullCredit":false},{"lineNumber":13,"author":{"gitId":"Zhannyhong"},"content":"    }","lastModifiedDate":"2025-01-17","isFullCredit":false},{"lineNumber":14,"author":{"gitId":"Zhannyhong"},"content":"","lastModifiedDate":"2025-01-17","isFullCredit":false},{"lineNumber":15,"author":{"gitId":"Zhannyhong"},"content":"    public String getStatusIcon() {","lastModifiedDate":"2025-01-17","isFullCredit":false},{"lineNumber":16,"author":{"gitId":"Zhannyhong"},"content":"        return this.isDone ? \"X\" : \" \";","lastModifiedDate":"2025-01-17","isFullCredit":false},{"lineNumber":17,"author":{"gitId":"Zhannyhong"},"content":"    }","lastModifiedDate":"2025-01-17","isFullCredit":false},{"lineNumber":18,"author":{"gitId":"Zhannyhong"},"content":"","lastModifiedDate":"2025-01-17","isFullCredit":false},{"lineNumber":19,"author":{"gitId":"Zhannyhong"},"content":"    public void markAsDone() {","lastModifiedDate":"2025-01-17","isFullCredit":false},{"lineNumber":20,"author":{"gitId":"Zhannyhong"},"content":"        this.isDone \u003d true;","lastModifiedDate":"2025-01-17","isFullCredit":false},{"lineNumber":21,"author":{"gitId":"Zhannyhong"},"content":"    }","lastModifiedDate":"2025-01-16","isFullCredit":false},{"lineNumber":22,"author":{"gitId":"Zhannyhong"},"content":"","lastModifiedDate":"2025-01-17","isFullCredit":false},{"lineNumber":23,"author":{"gitId":"Zhannyhong"},"content":"    public void markNotDone() {","lastModifiedDate":"2025-01-17","isFullCredit":false},{"lineNumber":24,"author":{"gitId":"Zhannyhong"},"content":"        this.isDone \u003d false;","lastModifiedDate":"2025-01-17","isFullCredit":false},{"lineNumber":25,"author":{"gitId":"Zhannyhong"},"content":"    }","lastModifiedDate":"2025-01-17","isFullCredit":false},{"lineNumber":26,"author":{"gitId":"Zhannyhong"},"content":"","lastModifiedDate":"2025-01-17","isFullCredit":false},{"lineNumber":27,"author":{"gitId":"Zhannyhong"},"content":"    public abstract String serialize();","lastModifiedDate":"2025-01-27","isFullCredit":false},{"lineNumber":28,"author":{"gitId":"Zhannyhong"},"content":"","lastModifiedDate":"2025-01-27","isFullCredit":false},{"lineNumber":29,"author":{"gitId":"Zhannyhong"},"content":"    public abstract boolean isDateInRange(TemporalAccessor date);","lastModifiedDate":"2025-02-02","isFullCredit":false},{"lineNumber":30,"author":{"gitId":"Zhannyhong"},"content":"","lastModifiedDate":"2025-02-02","isFullCredit":false},{"lineNumber":31,"author":{"gitId":"Zhannyhong"},"content":"    @Override","lastModifiedDate":"2025-01-17","isFullCredit":false},{"lineNumber":32,"author":{"gitId":"Zhannyhong"},"content":"    public String toString() {","lastModifiedDate":"2025-01-17","isFullCredit":false},{"lineNumber":33,"author":{"gitId":"Zhannyhong"},"content":"        return String.format(\"[%s] %s\", this.getStatusIcon(), this.description);","lastModifiedDate":"2025-01-17","isFullCredit":false},{"lineNumber":34,"author":{"gitId":"Zhannyhong"},"content":"    }","lastModifiedDate":"2025-01-17","isFullCredit":false},{"lineNumber":35,"author":{"gitId":"Zhannyhong"},"content":"}","lastModifiedDate":"2025-01-16","isFullCredit":false}],"authorContributionMap":{"Zhannyhong":35}},{"path":"src/main/java/TodoTask.java","fileType":"java","lines":[{"lineNumber":1,"author":{"gitId":"Zhannyhong"},"content":"import java.time.temporal.TemporalAccessor;","lastModifiedDate":"2025-02-02","isFullCredit":false},{"lineNumber":2,"author":{"gitId":"Zhannyhong"},"content":"","lastModifiedDate":"2025-02-02","isFullCredit":false},{"lineNumber":3,"author":{"gitId":"Zhannyhong"},"content":"public class TodoTask extends Task {","lastModifiedDate":"2025-01-17","isFullCredit":false},{"lineNumber":4,"author":{"gitId":"Zhannyhong"},"content":"    public TodoTask(String description) {","lastModifiedDate":"2025-01-17","isFullCredit":false},{"lineNumber":5,"author":{"gitId":"Zhannyhong"},"content":"        super(description);","lastModifiedDate":"2025-01-17","isFullCredit":false},{"lineNumber":6,"author":{"gitId":"Zhannyhong"},"content":"    }","lastModifiedDate":"2025-01-17","isFullCredit":false},{"lineNumber":7,"author":{"gitId":"Zhannyhong"},"content":"","lastModifiedDate":"2025-01-17","isFullCredit":false},{"lineNumber":8,"author":{"gitId":"Zhannyhong"},"content":"    public static TodoTask parseArgs(String args) throws GabbyException {","lastModifiedDate":"2025-01-20","isFullCredit":false},{"lineNumber":9,"author":{"gitId":"Zhannyhong"},"content":"        if (args.isEmpty()) {","lastModifiedDate":"2025-01-20","isFullCredit":false},{"lineNumber":10,"author":{"gitId":"Zhannyhong"},"content":"            throw new GabbyException(\"Oh no! The description of a todo cannot be empty!\");","lastModifiedDate":"2025-01-20","isFullCredit":false},{"lineNumber":11,"author":{"gitId":"Zhannyhong"},"content":"        }","lastModifiedDate":"2025-01-20","isFullCredit":false},{"lineNumber":12,"author":{"gitId":"Zhannyhong"},"content":"","lastModifiedDate":"2025-01-20","isFullCredit":false},{"lineNumber":13,"author":{"gitId":"Zhannyhong"},"content":"        return new TodoTask(args);","lastModifiedDate":"2025-01-17","isFullCredit":false},{"lineNumber":14,"author":{"gitId":"Zhannyhong"},"content":"    }","lastModifiedDate":"2025-01-17","isFullCredit":false},{"lineNumber":15,"author":{"gitId":"Zhannyhong"},"content":"","lastModifiedDate":"2025-01-17","isFullCredit":false},{"lineNumber":16,"author":{"gitId":"Zhannyhong"},"content":"    public static TodoTask deserialize(String[] serialized) throws GabbyException {","lastModifiedDate":"2025-01-27","isFullCredit":false},{"lineNumber":17,"author":{"gitId":"Zhannyhong"},"content":"        if (serialized.length !\u003d 3) {","lastModifiedDate":"2025-01-27","isFullCredit":false},{"lineNumber":18,"author":{"gitId":"Zhannyhong"},"content":"            throw new GabbyException(\"Saved task does not have the required number of arguments!\");","lastModifiedDate":"2025-01-27","isFullCredit":false},{"lineNumber":19,"author":{"gitId":"Zhannyhong"},"content":"        }","lastModifiedDate":"2025-01-27","isFullCredit":false},{"lineNumber":20,"author":{"gitId":"Zhannyhong"},"content":"","lastModifiedDate":"2025-01-27","isFullCredit":false},{"lineNumber":21,"author":{"gitId":"Zhannyhong"},"content":"        TodoTask task \u003d new TodoTask(serialized[2]);","lastModifiedDate":"2025-01-27","isFullCredit":false},{"lineNumber":22,"author":{"gitId":"Zhannyhong"},"content":"","lastModifiedDate":"2025-01-27","isFullCredit":false},{"lineNumber":23,"author":{"gitId":"Zhannyhong"},"content":"        if (serialized[1].equals(\"1\")) {","lastModifiedDate":"2025-01-27","isFullCredit":false},{"lineNumber":24,"author":{"gitId":"Zhannyhong"},"content":"            task.markAsDone();","lastModifiedDate":"2025-01-27","isFullCredit":false},{"lineNumber":25,"author":{"gitId":"Zhannyhong"},"content":"        } else if (!serialized[1].equals(\"0\")) {","lastModifiedDate":"2025-01-27","isFullCredit":false},{"lineNumber":26,"author":{"gitId":"Zhannyhong"},"content":"            throw new GabbyException(\"Saved task contains invalid symbol for isDone!\");","lastModifiedDate":"2025-01-27","isFullCredit":false},{"lineNumber":27,"author":{"gitId":"Zhannyhong"},"content":"        }","lastModifiedDate":"2025-01-27","isFullCredit":false},{"lineNumber":28,"author":{"gitId":"Zhannyhong"},"content":"","lastModifiedDate":"2025-01-27","isFullCredit":false},{"lineNumber":29,"author":{"gitId":"Zhannyhong"},"content":"        return task;","lastModifiedDate":"2025-01-27","isFullCredit":false},{"lineNumber":30,"author":{"gitId":"Zhannyhong"},"content":"    }","lastModifiedDate":"2025-01-27","isFullCredit":false},{"lineNumber":31,"author":{"gitId":"Zhannyhong"},"content":"","lastModifiedDate":"2025-01-27","isFullCredit":false},{"lineNumber":32,"author":{"gitId":"Zhannyhong"},"content":"    @Override","lastModifiedDate":"2025-01-27","isFullCredit":false},{"lineNumber":33,"author":{"gitId":"Zhannyhong"},"content":"    public String serialize() {","lastModifiedDate":"2025-01-27","isFullCredit":false},{"lineNumber":34,"author":{"gitId":"Zhannyhong"},"content":"        return String.format(\"T | %s | %s\", super.isDone ? 1 : 0, super.description);","lastModifiedDate":"2025-01-27","isFullCredit":false},{"lineNumber":35,"author":{"gitId":"Zhannyhong"},"content":"    }","lastModifiedDate":"2025-01-27","isFullCredit":false},{"lineNumber":36,"author":{"gitId":"Zhannyhong"},"content":"","lastModifiedDate":"2025-01-27","isFullCredit":false},{"lineNumber":37,"author":{"gitId":"Zhannyhong"},"content":"    @Override","lastModifiedDate":"2025-02-02","isFullCredit":false},{"lineNumber":38,"author":{"gitId":"Zhannyhong"},"content":"    public boolean isDateInRange(TemporalAccessor date) {","lastModifiedDate":"2025-02-02","isFullCredit":false},{"lineNumber":39,"author":{"gitId":"Zhannyhong"},"content":"        return false;","lastModifiedDate":"2025-02-02","isFullCredit":false},{"lineNumber":40,"author":{"gitId":"Zhannyhong"},"content":"    }","lastModifiedDate":"2025-02-02","isFullCredit":false},{"lineNumber":41,"author":{"gitId":"Zhannyhong"},"content":"","lastModifiedDate":"2025-02-02","isFullCredit":false},{"lineNumber":42,"author":{"gitId":"Zhannyhong"},"content":"    @Override","lastModifiedDate":"2025-01-17","isFullCredit":false},{"lineNumber":43,"author":{"gitId":"Zhannyhong"},"content":"    public String toString() {","lastModifiedDate":"2025-01-17","isFullCredit":false},{"lineNumber":44,"author":{"gitId":"Zhannyhong"},"content":"        return String.format(\"[T]%s\", super.toString());","lastModifiedDate":"2025-01-17","isFullCredit":false},{"lineNumber":45,"author":{"gitId":"Zhannyhong"},"content":"    }","lastModifiedDate":"2025-01-17","isFullCredit":false},{"lineNumber":46,"author":{"gitId":"Zhannyhong"},"content":"}","lastModifiedDate":"2025-01-17","isFullCredit":false}],"authorContributionMap":{"Zhannyhong":46}},{"path":"text-ui-test/input.txt","fileType":"txt","lines":[{"lineNumber":1,"author":{"gitId":"Zhannyhong"},"content":"todo read book","lastModifiedDate":"2025-01-20","isFullCredit":false},{"lineNumber":2,"author":{"gitId":"Zhannyhong"},"content":"deadline return book /by June 6th","lastModifiedDate":"2025-01-20","isFullCredit":false},{"lineNumber":3,"author":{"gitId":"Zhannyhong"},"content":"event project meeting /from Aug 6th 2pm /to 4pm","lastModifiedDate":"2025-01-20","isFullCredit":false},{"lineNumber":4,"author":{"gitId":"Zhannyhong"},"content":"list","lastModifiedDate":"2025-01-20","isFullCredit":false},{"lineNumber":5,"author":{"gitId":"Zhannyhong"},"content":"mark 1","lastModifiedDate":"2025-01-20","isFullCredit":false},{"lineNumber":6,"author":{"gitId":"Zhannyhong"},"content":"todo join sports club","lastModifiedDate":"2025-01-20","isFullCredit":false},{"lineNumber":7,"author":{"gitId":"Zhannyhong"},"content":"mark 4","lastModifiedDate":"2025-01-20","isFullCredit":false},{"lineNumber":8,"author":{"gitId":"Zhannyhong"},"content":"todo borrow book","lastModifiedDate":"2025-01-20","isFullCredit":false},{"lineNumber":9,"author":{"gitId":"Zhannyhong"},"content":"unmark 4","lastModifiedDate":"2025-01-20","isFullCredit":false},{"lineNumber":10,"author":{"gitId":"Zhannyhong"},"content":"list","lastModifiedDate":"2025-01-20","isFullCredit":false},{"lineNumber":11,"author":{"gitId":"Zhannyhong"},"content":"delete 1","lastModifiedDate":"2025-01-21","isFullCredit":false},{"lineNumber":12,"author":{"gitId":"Zhannyhong"},"content":"list","lastModifiedDate":"2025-01-21","isFullCredit":false},{"lineNumber":13,"author":{"gitId":"Zhannyhong"},"content":"bye","lastModifiedDate":"2025-01-20","isFullCredit":false}],"authorContributionMap":{"Zhannyhong":13}},{"path":"text-ui-test/runtest.bat","fileType":"bat","lines":[{"lineNumber":1,"author":{"gitId":"-"},"content":"@ECHO OFF","lastModifiedDate":"2020-05-25","isFullCredit":false},{"lineNumber":2,"author":{"gitId":"-"},"content":"","lastModifiedDate":"2020-05-25","isFullCredit":false},{"lineNumber":3,"author":{"gitId":"-"},"content":"REM create bin directory if it doesn\u0027t exist","lastModifiedDate":"2020-05-25","isFullCredit":false},{"lineNumber":4,"author":{"gitId":"-"},"content":"if not exist ..\\bin mkdir ..\\bin","lastModifiedDate":"2020-05-25","isFullCredit":false},{"lineNumber":5,"author":{"gitId":"-"},"content":"","lastModifiedDate":"2020-05-25","isFullCredit":false},{"lineNumber":6,"author":{"gitId":"-"},"content":"REM delete output from previous run","lastModifiedDate":"2020-05-25","isFullCredit":false},{"lineNumber":7,"author":{"gitId":"-"},"content":"if exist ACTUAL.TXT del ACTUAL.TXT","lastModifiedDate":"2020-08-25","isFullCredit":false},{"lineNumber":8,"author":{"gitId":"-"},"content":"","lastModifiedDate":"2020-05-25","isFullCredit":false},{"lineNumber":9,"author":{"gitId":"-"},"content":"REM compile the code into the bin folder","lastModifiedDate":"2020-05-25","isFullCredit":false},{"lineNumber":10,"author":{"gitId":"-"},"content":"javac  -cp ..\\src\\main\\java -Xlint:none -d ..\\bin ..\\src\\main\\java\\*.java","lastModifiedDate":"2020-08-25","isFullCredit":false},{"lineNumber":11,"author":{"gitId":"-"},"content":"IF ERRORLEVEL 1 (","lastModifiedDate":"2020-05-25","isFullCredit":false},{"lineNumber":12,"author":{"gitId":"-"},"content":"    echo ********** BUILD FAILURE **********","lastModifiedDate":"2020-05-25","isFullCredit":false},{"lineNumber":13,"author":{"gitId":"-"},"content":"    exit /b 1","lastModifiedDate":"2020-05-25","isFullCredit":false},{"lineNumber":14,"author":{"gitId":"-"},"content":")","lastModifiedDate":"2020-05-25","isFullCredit":false},{"lineNumber":15,"author":{"gitId":"-"},"content":"REM no error here, errorlevel \u003d\u003d 0","lastModifiedDate":"2020-05-25","isFullCredit":false},{"lineNumber":16,"author":{"gitId":"-"},"content":"","lastModifiedDate":"2020-05-25","isFullCredit":false},{"lineNumber":17,"author":{"gitId":"-"},"content":"REM run the program, feed commands from input.txt file and redirect the output to the ACTUAL.TXT","lastModifiedDate":"2020-05-25","isFullCredit":false},{"lineNumber":18,"author":{"gitId":"Zhannyhong"},"content":"java -classpath ..\\bin Gabby \u003c input.txt \u003e ACTUAL.TXT","lastModifiedDate":"2025-01-16","isFullCredit":false},{"lineNumber":19,"author":{"gitId":"-"},"content":"","lastModifiedDate":"2020-05-25","isFullCredit":false},{"lineNumber":20,"author":{"gitId":"-"},"content":"REM compare the output to the expected output","lastModifiedDate":"2020-05-25","isFullCredit":false},{"lineNumber":21,"author":{"gitId":"-"},"content":"FC ACTUAL.TXT EXPECTED.TXT","lastModifiedDate":"2020-05-25","isFullCredit":false}],"authorContributionMap":{"-":20,"Zhannyhong":1}},{"path":"text-ui-test/runtest.sh","fileType":"sh","lines":[{"lineNumber":1,"author":{"gitId":"-"},"content":"#!/usr/bin/env bash","lastModifiedDate":"2020-05-25","isFullCredit":false},{"lineNumber":2,"author":{"gitId":"-"},"content":"","lastModifiedDate":"2020-05-25","isFullCredit":false},{"lineNumber":3,"author":{"gitId":"-"},"content":"# create bin directory if it doesn\u0027t exist","lastModifiedDate":"2020-05-25","isFullCredit":false},{"lineNumber":4,"author":{"gitId":"-"},"content":"if [ ! -d \"../bin\" ]","lastModifiedDate":"2020-05-25","isFullCredit":false},{"lineNumber":5,"author":{"gitId":"-"},"content":"then","lastModifiedDate":"2020-05-25","isFullCredit":false},{"lineNumber":6,"author":{"gitId":"-"},"content":"    mkdir ../bin","lastModifiedDate":"2020-05-25","isFullCredit":false},{"lineNumber":7,"author":{"gitId":"-"},"content":"fi","lastModifiedDate":"2020-05-25","isFullCredit":false},{"lineNumber":8,"author":{"gitId":"-"},"content":"","lastModifiedDate":"2020-05-25","isFullCredit":false},{"lineNumber":9,"author":{"gitId":"-"},"content":"# delete output from previous run","lastModifiedDate":"2020-05-25","isFullCredit":false},{"lineNumber":10,"author":{"gitId":"-"},"content":"if [ -e \"./ACTUAL.TXT\" ]","lastModifiedDate":"2020-05-25","isFullCredit":false},{"lineNumber":11,"author":{"gitId":"-"},"content":"then","lastModifiedDate":"2020-05-25","isFullCredit":false},{"lineNumber":12,"author":{"gitId":"-"},"content":"    rm ACTUAL.TXT","lastModifiedDate":"2020-05-25","isFullCredit":false},{"lineNumber":13,"author":{"gitId":"-"},"content":"fi","lastModifiedDate":"2020-05-25","isFullCredit":false},{"lineNumber":14,"author":{"gitId":"-"},"content":"","lastModifiedDate":"2020-05-25","isFullCredit":false},{"lineNumber":15,"author":{"gitId":"-"},"content":"# compile the code into the bin folder, terminates if error occurred","lastModifiedDate":"2020-05-25","isFullCredit":false},{"lineNumber":16,"author":{"gitId":"-"},"content":"if ! javac -cp ../src/main/java -Xlint:none -d ../bin ../src/main/java/*.java","lastModifiedDate":"2020-08-25","isFullCredit":false},{"lineNumber":17,"author":{"gitId":"-"},"content":"then","lastModifiedDate":"2020-05-25","isFullCredit":false},{"lineNumber":18,"author":{"gitId":"-"},"content":"    echo \"********** BUILD FAILURE **********\"","lastModifiedDate":"2020-05-25","isFullCredit":false},{"lineNumber":19,"author":{"gitId":"-"},"content":"    exit 1","lastModifiedDate":"2020-05-25","isFullCredit":false},{"lineNumber":20,"author":{"gitId":"-"},"content":"fi","lastModifiedDate":"2020-05-25","isFullCredit":false},{"lineNumber":21,"author":{"gitId":"-"},"content":"","lastModifiedDate":"2020-05-25","isFullCredit":false},{"lineNumber":22,"author":{"gitId":"-"},"content":"# run the program, feed commands from input.txt file and redirect the output to the ACTUAL.TXT","lastModifiedDate":"2020-05-25","isFullCredit":false},{"lineNumber":23,"author":{"gitId":"Zhannyhong"},"content":"java -classpath ../bin Gabby \u003c input.txt \u003e ACTUAL.TXT","lastModifiedDate":"2025-01-20","isFullCredit":false},{"lineNumber":24,"author":{"gitId":"-"},"content":"","lastModifiedDate":"2020-05-25","isFullCredit":false},{"lineNumber":25,"author":{"gitId":"-"},"content":"# convert to UNIX format","lastModifiedDate":"2020-05-25","isFullCredit":false},{"lineNumber":26,"author":{"gitId":"-"},"content":"cp EXPECTED.TXT EXPECTED-UNIX.TXT","lastModifiedDate":"2020-05-25","isFullCredit":false},{"lineNumber":27,"author":{"gitId":"-"},"content":"dos2unix ACTUAL.TXT EXPECTED-UNIX.TXT","lastModifiedDate":"2020-05-25","isFullCredit":false},{"lineNumber":28,"author":{"gitId":"-"},"content":"","lastModifiedDate":"2020-05-25","isFullCredit":false},{"lineNumber":29,"author":{"gitId":"-"},"content":"# compare the output to the expected output","lastModifiedDate":"2020-05-25","isFullCredit":false},{"lineNumber":30,"author":{"gitId":"-"},"content":"diff ACTUAL.TXT EXPECTED-UNIX.TXT","lastModifiedDate":"2020-05-25","isFullCredit":false},{"lineNumber":31,"author":{"gitId":"-"},"content":"if [ $? -eq 0 ]","lastModifiedDate":"2020-05-25","isFullCredit":false},{"lineNumber":32,"author":{"gitId":"-"},"content":"then","lastModifiedDate":"2020-05-25","isFullCredit":false},{"lineNumber":33,"author":{"gitId":"-"},"content":"    echo \"Test result: PASSED\"","lastModifiedDate":"2020-05-25","isFullCredit":false},{"lineNumber":34,"author":{"gitId":"-"},"content":"    exit 0","lastModifiedDate":"2020-05-25","isFullCredit":false},{"lineNumber":35,"author":{"gitId":"-"},"content":"else","lastModifiedDate":"2020-05-25","isFullCredit":false},{"lineNumber":36,"author":{"gitId":"-"},"content":"    echo \"Test result: FAILED\"","lastModifiedDate":"2020-05-25","isFullCredit":false},{"lineNumber":37,"author":{"gitId":"-"},"content":"    exit 1","lastModifiedDate":"2020-05-25","isFullCredit":false},{"lineNumber":38,"author":{"gitId":"-"},"content":"fi","lastModifiedDate":"2020-05-25","isFullCredit":false}],"authorContributionMap":{"-":37,"Zhannyhong":1}}]
