{"authorDailyContributionsMap":{"Zhannyhong":[{"date":"2025-01-16","commitResults":[{"hash":"4a1f4fd18a00bcd55f592947dc6228938920c1c4","isMergeCommit":false,"messageTitle":"Rename to Gabby which greets user and exits","messageBody":"","tags":["Level-0"],"fileTypesAndContributionMap":{"java":{"insertions":12,"deletions":10},"bat":{"insertions":1,"deletions":1},"md":{"insertions":3,"deletions":3}}},{"hash":"a6bf4a88f98ce867c9ab3ff8ca751a0e4b4f053e","isMergeCommit":false,"messageTitle":"Refactor greet and bye into functions","messageBody":"","fileTypesAndContributionMap":{"java":{"insertions":8,"deletions":1}}},{"hash":"1bb5ad0502809e8b917e06ad711cfd94987b9452","isMergeCommit":false,"messageTitle":"Echo user commands","messageBody":"","tags":["Level-1"],"fileTypesAndContributionMap":{"java":{"insertions":18,"deletions":3}}},{"hash":"59ac43685981cd7f2bb3629ba6106b2bda40d37a","isMergeCommit":false,"messageTitle":"Add user tasks","messageBody":"","fileTypesAndContributionMap":{"java":{"insertions":28,"deletions":10}}},{"hash":"32866cfb2220797ee6e2f9e71af07e8ed149574f","isMergeCommit":false,"messageTitle":"Display tasks user added","messageBody":"","tags":["Level-2"],"fileTypesAndContributionMap":{"java":{"insertions":16,"deletions":2}}}]},{"date":"2025-01-17","commitResults":[{"hash":"72853de1e0a0dcc0e2c45b50e2ad98289576ecd3","isMergeCommit":false,"messageTitle":"Display done status of tasks","messageBody":"","fileTypesAndContributionMap":{"java":{"insertions":22,"deletions":8}}},{"hash":"a3c50962048533a36d9a0a1b57e9e23511ee6557","isMergeCommit":false,"messageTitle":"Add ability to change status of task to done or not done","messageBody":"","tags":["Level-3"],"fileTypesAndContributionMap":{"java":{"insertions":40,"deletions":5}}},{"hash":"279023ac01e229f6be528f1065996fef11a64e89","isMergeCommit":false,"messageTitle":"Add Todos, Events, and Deadlines","messageBody":"","fileTypesAndContributionMap":{"java":{"insertions":42,"deletions":2}}},{"hash":"5a8c2837f375df40c7a7f6d4c95ce104b909e228","isMergeCommit":false,"messageTitle":"Add command support for tracking Todos, Events, and Deadlines","messageBody":"","tags":["Level-4"],"fileTypesAndContributionMap":{"java":{"insertions":52,"deletions":22}}}]},{"date":"2025-01-20","commitResults":[{"hash":"0f8f8e019d51ef484411d1c8e44b54a169b49531","isMergeCommit":false,"messageTitle":"Semi-automate testing","messageBody":"","tags":["A-TextUiTesting"],"fileTypesAndContributionMap":{"txt":{"insertions":11,"deletions":0},"sh":{"insertions":1,"deletions":1}}},{"hash":"1d30a833b2f20eba4622487c9b473f4109679dfb","isMergeCommit":false,"messageTitle":"Implement basic error handling","messageBody":"","tags":["Level-5"],"fileTypesAndContributionMap":{"java":{"insertions":75,"deletions":14}}},{"hash":"3fb818a7a30d8a5544c45e004a1f58a689c94fec","isMergeCommit":false,"messageTitle":"Add support for deleting tasks from the list","messageBody":"","tags":["Level-6"],"fileTypesAndContributionMap":{"java":{"insertions":62,"deletions":66}}}]},{"date":"2025-01-21","commitResults":[{"hash":"48ce1ab9f69675b4dda4cde5c3dad710b830e793","isMergeCommit":false,"messageTitle":"Add more personality in responses","messageBody":"","fileTypesAndContributionMap":{"java":{"insertions":25,"deletions":17}}},{"hash":"a21ed4c6d4d672250cd0a0011db4ad5e9de4bd32","isMergeCommit":false,"messageTitle":"Update regression testing input and expected output","messageBody":"","fileTypesAndContributionMap":{"txt":{"insertions":2,"deletions":0},"java":{"insertions":3,"deletions":3}}}]},{"date":"2025-01-27","commitResults":[{"hash":"a762600d16e680b8f57394b4d630e4a8ce070bb4","isMergeCommit":false,"messageTitle":"feat: Implement serialization and deserialization of task list","messageBody":"","fileTypesAndContributionMap":{"java":{"insertions":126,"deletions":1}}}]},{"date":"2025-01-28","commitResults":[{"hash":"f695f7360dbe626d69ac49263776edb57c8722e5","isMergeCommit":false,"messageTitle":"feat: Save tasks in the hard disk automatically whenever the task list changes","messageBody":"","fileTypesAndContributionMap":{"java":{"insertions":7,"deletions":0}}},{"hash":"8fc9a3b35d0c75e801c8628a752c133b6b7968ba","isMergeCommit":true,"messageTitle":"Merge branch \u0027branch-Level-7\u0027","messageBody":"","tags":["Level-7"],"fileTypesAndContributionMap":{}}]},{"date":"2025-01-30","commitResults":[{"hash":"474f2a9ea10aaeb10223275ff0cdb4a10513a71a","isMergeCommit":false,"messageTitle":"feat: Store deadline and event datetimes as java.time.LocalDateTime objects","messageBody":"","fileTypesAndContributionMap":{"java":{"insertions":55,"deletions":15}}},{"hash":"4f59065f5ef6572194f9f248b9a5e6b90a617898","isMergeCommit":false,"messageTitle":"feat: Check event end time is not before start time","messageBody":"","fileTypesAndContributionMap":{"java":{"insertions":8,"deletions":0}}}]},{"date":"2025-02-02","commitResults":[{"hash":"0c7e3943b37e25d95c7ae2b6be3e1ca4c01d121f","isMergeCommit":false,"messageTitle":"feat: List command can filter deadlines occurring on a specific date","messageBody":"","fileTypesAndContributionMap":{"java":{"insertions":59,"deletions":6}}},{"hash":"23778e89cba242595fef7d7e275fc01246c15a71","isMergeCommit":true,"messageTitle":"Merge branch \u0027branch-Level-8\u0027","messageBody":"","tags":["Level-8"],"fileTypesAndContributionMap":{}}]}]},"authorFileTypeContributionMap":{"Zhannyhong":{"java":483,"md":3,"fxml":0,"sh":1,"bat":1,"gradle":0,"txt":13}},"authorContributionVariance":{"Zhannyhong":4222.6606},"authorDisplayNameMap":{"Zhannyhong":"CS2103T-T17-3 LEE ..HONG"}}
