[{"path":"src/main/java/Deadline.java","fileType":"java","lines":[{"lineNumber":1,"author":{"gitId":"NoahKoh"},"content":"public class Deadline extends Task{","lastModifiedDate":"2025-01-22","isFullCredit":false},{"lineNumber":2,"author":{"gitId":"NoahKoh"},"content":"","lastModifiedDate":"2025-01-22","isFullCredit":false},{"lineNumber":3,"author":{"gitId":"NoahKoh"},"content":"    protected String by;","lastModifiedDate":"2025-01-22","isFullCredit":false},{"lineNumber":4,"author":{"gitId":"NoahKoh"},"content":"","lastModifiedDate":"2025-01-22","isFullCredit":false},{"lineNumber":5,"author":{"gitId":"NoahKoh"},"content":"    public Deadline(String description, String by) {","lastModifiedDate":"2025-01-22","isFullCredit":false},{"lineNumber":6,"author":{"gitId":"NoahKoh"},"content":"        super(description);","lastModifiedDate":"2025-01-22","isFullCredit":false},{"lineNumber":7,"author":{"gitId":"NoahKoh"},"content":"        this.by \u003d by;","lastModifiedDate":"2025-01-22","isFullCredit":false},{"lineNumber":8,"author":{"gitId":"NoahKoh"},"content":"    }","lastModifiedDate":"2025-01-22","isFullCredit":false},{"lineNumber":9,"author":{"gitId":"NoahKoh"},"content":"","lastModifiedDate":"2025-01-22","isFullCredit":false},{"lineNumber":10,"author":{"gitId":"NoahKoh"},"content":"    @Override","lastModifiedDate":"2025-01-22","isFullCredit":false},{"lineNumber":11,"author":{"gitId":"NoahKoh"},"content":"    public String toString() {","lastModifiedDate":"2025-01-22","isFullCredit":false},{"lineNumber":12,"author":{"gitId":"NoahKoh"},"content":"        return \"[D]\" + super.toString() + \" (by: \" + this.by + \")\";","lastModifiedDate":"2025-01-22","isFullCredit":false},{"lineNumber":13,"author":{"gitId":"NoahKoh"},"content":"    }","lastModifiedDate":"2025-01-22","isFullCredit":false},{"lineNumber":14,"author":{"gitId":"NoahKoh"},"content":"}","lastModifiedDate":"2025-01-22","isFullCredit":false}],"authorContributionMap":{"NoahKoh":14}},{"path":"src/main/java/Event.java","fileType":"java","lines":[{"lineNumber":1,"author":{"gitId":"NoahKoh"},"content":"public class Event extends Task{","lastModifiedDate":"2025-01-22","isFullCredit":false},{"lineNumber":2,"author":{"gitId":"NoahKoh"},"content":"","lastModifiedDate":"2025-01-22","isFullCredit":false},{"lineNumber":3,"author":{"gitId":"NoahKoh"},"content":"    protected String from;","lastModifiedDate":"2025-01-22","isFullCredit":false},{"lineNumber":4,"author":{"gitId":"NoahKoh"},"content":"    protected String to;","lastModifiedDate":"2025-01-22","isFullCredit":false},{"lineNumber":5,"author":{"gitId":"NoahKoh"},"content":"","lastModifiedDate":"2025-01-22","isFullCredit":false},{"lineNumber":6,"author":{"gitId":"NoahKoh"},"content":"    public Event(String description, String from, String to) {","lastModifiedDate":"2025-01-22","isFullCredit":false},{"lineNumber":7,"author":{"gitId":"NoahKoh"},"content":"        super(description);","lastModifiedDate":"2025-01-22","isFullCredit":false},{"lineNumber":8,"author":{"gitId":"NoahKoh"},"content":"        this.from \u003d from;","lastModifiedDate":"2025-01-22","isFullCredit":false},{"lineNumber":9,"author":{"gitId":"NoahKoh"},"content":"        this.to \u003d to;","lastModifiedDate":"2025-01-22","isFullCredit":false},{"lineNumber":10,"author":{"gitId":"NoahKoh"},"content":"    }","lastModifiedDate":"2025-01-22","isFullCredit":false},{"lineNumber":11,"author":{"gitId":"NoahKoh"},"content":"","lastModifiedDate":"2025-01-22","isFullCredit":false},{"lineNumber":12,"author":{"gitId":"NoahKoh"},"content":"    @Override","lastModifiedDate":"2025-01-22","isFullCredit":false},{"lineNumber":13,"author":{"gitId":"NoahKoh"},"content":"    public String toString() {","lastModifiedDate":"2025-01-22","isFullCredit":false},{"lineNumber":14,"author":{"gitId":"NoahKoh"},"content":"        return \"[E]\" + super.toString() + \" (from: \" + this.from + \" to: \" + this.to + \")\";","lastModifiedDate":"2025-01-22","isFullCredit":false},{"lineNumber":15,"author":{"gitId":"NoahKoh"},"content":"    }","lastModifiedDate":"2025-01-22","isFullCredit":false},{"lineNumber":16,"author":{"gitId":"NoahKoh"},"content":"}","lastModifiedDate":"2025-01-22","isFullCredit":false}],"authorContributionMap":{"NoahKoh":16}},{"path":"src/main/java/Luna.java","fileType":"java","lines":[{"lineNumber":1,"author":{"gitId":"NoahKoh"},"content":"import java.util.ArrayList;","lastModifiedDate":"2025-01-21","isFullCredit":false},{"lineNumber":2,"author":{"gitId":"NoahKoh"},"content":"import java.util.Scanner;","lastModifiedDate":"2025-01-21","isFullCredit":false},{"lineNumber":3,"author":{"gitId":"NoahKoh"},"content":"","lastModifiedDate":"2025-01-21","isFullCredit":false},{"lineNumber":4,"author":{"gitId":"NoahKoh"},"content":"public class Luna {","lastModifiedDate":"2025-01-21","isFullCredit":false},{"lineNumber":5,"author":{"gitId":"NoahKoh"},"content":"","lastModifiedDate":"2025-01-21","isFullCredit":false},{"lineNumber":6,"author":{"gitId":"NoahKoh"},"content":"    Scanner sc \u003d new Scanner(System.in);","lastModifiedDate":"2025-01-21","isFullCredit":false},{"lineNumber":7,"author":{"gitId":"NoahKoh"},"content":"    ArrayList\u003cTask\u003e taskData \u003d new ArrayList\u003c\u003e();","lastModifiedDate":"2025-01-21","isFullCredit":false},{"lineNumber":8,"author":{"gitId":"NoahKoh"},"content":"","lastModifiedDate":"2025-01-21","isFullCredit":false},{"lineNumber":9,"author":{"gitId":"NoahKoh"},"content":"    protected enum Command {","lastModifiedDate":"2025-01-23","isFullCredit":false},{"lineNumber":10,"author":{"gitId":"NoahKoh"},"content":"        BYE,","lastModifiedDate":"2025-01-23","isFullCredit":false},{"lineNumber":11,"author":{"gitId":"NoahKoh"},"content":"        LIST,","lastModifiedDate":"2025-01-23","isFullCredit":false},{"lineNumber":12,"author":{"gitId":"NoahKoh"},"content":"        MARK,","lastModifiedDate":"2025-01-23","isFullCredit":false},{"lineNumber":13,"author":{"gitId":"NoahKoh"},"content":"        UNMARK,","lastModifiedDate":"2025-01-23","isFullCredit":false},{"lineNumber":14,"author":{"gitId":"NoahKoh"},"content":"        DELETE,","lastModifiedDate":"2025-01-23","isFullCredit":false},{"lineNumber":15,"author":{"gitId":"NoahKoh"},"content":"        TODO,","lastModifiedDate":"2025-01-23","isFullCredit":false},{"lineNumber":16,"author":{"gitId":"NoahKoh"},"content":"        DEADLINE,","lastModifiedDate":"2025-01-23","isFullCredit":false},{"lineNumber":17,"author":{"gitId":"NoahKoh"},"content":"        EVENT","lastModifiedDate":"2025-01-23","isFullCredit":false},{"lineNumber":18,"author":{"gitId":"NoahKoh"},"content":"    }","lastModifiedDate":"2025-01-23","isFullCredit":false},{"lineNumber":19,"author":{"gitId":"NoahKoh"},"content":"","lastModifiedDate":"2025-01-23","isFullCredit":false},{"lineNumber":20,"author":{"gitId":"NoahKoh"},"content":"    Command command;","lastModifiedDate":"2025-01-23","isFullCredit":false},{"lineNumber":21,"author":{"gitId":"NoahKoh"},"content":"","lastModifiedDate":"2025-01-23","isFullCredit":false},{"lineNumber":22,"author":{"gitId":"NoahKoh"},"content":"    public void greet() {","lastModifiedDate":"2025-01-21","isFullCredit":false},{"lineNumber":23,"author":{"gitId":"NoahKoh"},"content":"        System.out.println(\"Hello! I\u0027m \" + this.getClass().getSimpleName() + \"\\nWhat can I do for you?\");","lastModifiedDate":"2025-01-21","isFullCredit":false},{"lineNumber":24,"author":{"gitId":"NoahKoh"},"content":"    }","lastModifiedDate":"2025-01-21","isFullCredit":false},{"lineNumber":25,"author":{"gitId":"NoahKoh"},"content":"","lastModifiedDate":"2025-01-21","isFullCredit":false},{"lineNumber":26,"author":{"gitId":"NoahKoh"},"content":"    public void exit() {","lastModifiedDate":"2025-01-21","isFullCredit":false},{"lineNumber":27,"author":{"gitId":"NoahKoh"},"content":"        System.out.println(\"Bye. Hope to see you again soon!\");","lastModifiedDate":"2025-01-21","isFullCredit":false},{"lineNumber":28,"author":{"gitId":"NoahKoh"},"content":"    }","lastModifiedDate":"2025-01-21","isFullCredit":false},{"lineNumber":29,"author":{"gitId":"NoahKoh"},"content":"","lastModifiedDate":"2025-01-21","isFullCredit":false},{"lineNumber":30,"author":{"gitId":"NoahKoh"},"content":"    public void processInput() {","lastModifiedDate":"2025-01-21","isFullCredit":false},{"lineNumber":31,"author":{"gitId":"NoahKoh"},"content":"        //while (true) {","lastModifiedDate":"2025-01-22","isFullCredit":false},{"lineNumber":32,"author":{"gitId":"NoahKoh"},"content":"        while (sc.hasNextLine()) {","lastModifiedDate":"2025-01-22","isFullCredit":false},{"lineNumber":33,"author":{"gitId":"NoahKoh"},"content":"            try {","lastModifiedDate":"2025-01-22","isFullCredit":false},{"lineNumber":34,"author":{"gitId":"NoahKoh"},"content":"                String input \u003d sc.nextLine();","lastModifiedDate":"2025-01-21","isFullCredit":false},{"lineNumber":35,"author":{"gitId":"NoahKoh"},"content":"                String[] inputParts \u003d input.split(\" \", 2);","lastModifiedDate":"2025-01-21","isFullCredit":false},{"lineNumber":36,"author":{"gitId":"NoahKoh"},"content":"                try {","lastModifiedDate":"2025-01-23","isFullCredit":false},{"lineNumber":37,"author":{"gitId":"NoahKoh"},"content":"                    command \u003d Command.valueOf(inputParts[0].toUpperCase());","lastModifiedDate":"2025-01-23","isFullCredit":false},{"lineNumber":38,"author":{"gitId":"NoahKoh"},"content":"                } catch (IllegalArgumentException e) {","lastModifiedDate":"2025-01-23","isFullCredit":false},{"lineNumber":39,"author":{"gitId":"NoahKoh"},"content":"                    throw new LunaException(\"Invalid Command\");","lastModifiedDate":"2025-01-23","isFullCredit":false},{"lineNumber":40,"author":{"gitId":"NoahKoh"},"content":"                }","lastModifiedDate":"2025-01-23","isFullCredit":false},{"lineNumber":41,"author":{"gitId":"NoahKoh"},"content":"                if (command \u003d\u003d Command.BYE) {","lastModifiedDate":"2025-01-23","isFullCredit":false},{"lineNumber":42,"author":{"gitId":"NoahKoh"},"content":"                    exit();","lastModifiedDate":"2025-01-21","isFullCredit":false},{"lineNumber":43,"author":{"gitId":"NoahKoh"},"content":"                    break;","lastModifiedDate":"2025-01-21","isFullCredit":false},{"lineNumber":44,"author":{"gitId":"NoahKoh"},"content":"                } else if (command \u003d\u003d Command.LIST) {","lastModifiedDate":"2025-01-23","isFullCredit":false},{"lineNumber":45,"author":{"gitId":"NoahKoh"},"content":"                    System.out.println(\"Here are the tasks in your list:\");","lastModifiedDate":"2025-01-21","isFullCredit":false},{"lineNumber":46,"author":{"gitId":"NoahKoh"},"content":"                    listTask();","lastModifiedDate":"2025-01-21","isFullCredit":false},{"lineNumber":47,"author":{"gitId":"NoahKoh"},"content":"                } else if (command \u003d\u003d Command.MARK) {","lastModifiedDate":"2025-01-23","isFullCredit":false},{"lineNumber":48,"author":{"gitId":"NoahKoh"},"content":"                    if (inputParts.length \u003c 2) {","lastModifiedDate":"2025-01-22","isFullCredit":false},{"lineNumber":49,"author":{"gitId":"NoahKoh"},"content":"                        throw new LunaException(\"The Task number to mark cannot be empty.\");","lastModifiedDate":"2025-01-22","isFullCredit":false},{"lineNumber":50,"author":{"gitId":"NoahKoh"},"content":"                    }","lastModifiedDate":"2025-01-22","isFullCredit":false},{"lineNumber":51,"author":{"gitId":"NoahKoh"},"content":"                    int index \u003d Integer.parseInt(inputParts[1]) - 1;","lastModifiedDate":"2025-01-21","isFullCredit":false},{"lineNumber":52,"author":{"gitId":"NoahKoh"},"content":"                    taskData.get(index).markDone();","lastModifiedDate":"2025-01-21","isFullCredit":false},{"lineNumber":53,"author":{"gitId":"NoahKoh"},"content":"                } else if (command \u003d\u003d Command.UNMARK) {","lastModifiedDate":"2025-01-23","isFullCredit":false},{"lineNumber":54,"author":{"gitId":"NoahKoh"},"content":"                    if (inputParts.length \u003c 2) {","lastModifiedDate":"2025-01-22","isFullCredit":false},{"lineNumber":55,"author":{"gitId":"NoahKoh"},"content":"                        throw new LunaException(\"The Task number to unmark cannot be empty.\");","lastModifiedDate":"2025-01-22","isFullCredit":false},{"lineNumber":56,"author":{"gitId":"NoahKoh"},"content":"                    }","lastModifiedDate":"2025-01-22","isFullCredit":false},{"lineNumber":57,"author":{"gitId":"NoahKoh"},"content":"                    int index \u003d Integer.parseInt(inputParts[1]) - 1;","lastModifiedDate":"2025-01-21","isFullCredit":false},{"lineNumber":58,"author":{"gitId":"NoahKoh"},"content":"                    taskData.get(index).markUndone();","lastModifiedDate":"2025-01-21","isFullCredit":false},{"lineNumber":59,"author":{"gitId":"NoahKoh"},"content":"                } else if (command \u003d\u003d Command.DELETE) {","lastModifiedDate":"2025-01-23","isFullCredit":false},{"lineNumber":60,"author":{"gitId":"NoahKoh"},"content":"                    if (inputParts.length \u003c 2) {","lastModifiedDate":"2025-01-23","isFullCredit":false},{"lineNumber":61,"author":{"gitId":"NoahKoh"},"content":"                        throw new LunaException(\"The Task number to delete cannot be empty.\");","lastModifiedDate":"2025-01-23","isFullCredit":false},{"lineNumber":62,"author":{"gitId":"NoahKoh"},"content":"                    }","lastModifiedDate":"2025-01-23","isFullCredit":false},{"lineNumber":63,"author":{"gitId":"NoahKoh"},"content":"                    int index \u003d Integer.parseInt(inputParts[1]) - 1;","lastModifiedDate":"2025-01-23","isFullCredit":false},{"lineNumber":64,"author":{"gitId":"NoahKoh"},"content":"                    Task task \u003d taskData.get(index);","lastModifiedDate":"2025-01-23","isFullCredit":false},{"lineNumber":65,"author":{"gitId":"NoahKoh"},"content":"                    taskData.remove(index);","lastModifiedDate":"2025-01-23","isFullCredit":false},{"lineNumber":66,"author":{"gitId":"NoahKoh"},"content":"                    System.out.println(\"Noted. I\u0027ve removed this task:\");","lastModifiedDate":"2025-01-23","isFullCredit":false},{"lineNumber":67,"author":{"gitId":"NoahKoh"},"content":"                    System.out.println(\"  \" + task.toString());","lastModifiedDate":"2025-01-23","isFullCredit":false},{"lineNumber":68,"author":{"gitId":"NoahKoh"},"content":"                    System.out.println(\"Now you have \" + taskData.size() + \" tasks in the list.\");","lastModifiedDate":"2025-01-23","isFullCredit":false},{"lineNumber":69,"author":{"gitId":"NoahKoh"},"content":"                } else { // Action can be any of the 3 types of Task","lastModifiedDate":"2025-01-22","isFullCredit":false},{"lineNumber":70,"author":{"gitId":"NoahKoh"},"content":"                    if (command \u003d\u003d Command.TODO) {","lastModifiedDate":"2025-01-23","isFullCredit":false},{"lineNumber":71,"author":{"gitId":"NoahKoh"},"content":"                        if (inputParts.length \u003c 2 || inputParts[1].trim().isEmpty()) {","lastModifiedDate":"2025-01-23","isFullCredit":false},{"lineNumber":72,"author":{"gitId":"NoahKoh"},"content":"                            throw new LunaException(\"The description of a todo cannot be empty.\");","lastModifiedDate":"2025-01-22","isFullCredit":false},{"lineNumber":73,"author":{"gitId":"NoahKoh"},"content":"                        }","lastModifiedDate":"2025-01-22","isFullCredit":false},{"lineNumber":74,"author":{"gitId":"NoahKoh"},"content":"                        String description \u003d inputParts[1];","lastModifiedDate":"2025-01-22","isFullCredit":false},{"lineNumber":75,"author":{"gitId":"NoahKoh"},"content":"                        Todo task \u003d new Todo(description);","lastModifiedDate":"2025-01-22","isFullCredit":false},{"lineNumber":76,"author":{"gitId":"NoahKoh"},"content":"                        taskData.add(task);","lastModifiedDate":"2025-01-22","isFullCredit":false},{"lineNumber":77,"author":{"gitId":"NoahKoh"},"content":"                        task.printAddTaskMessage();","lastModifiedDate":"2025-01-22","isFullCredit":false},{"lineNumber":78,"author":{"gitId":"NoahKoh"},"content":"                    } else if (command \u003d\u003d Command.DEADLINE) {","lastModifiedDate":"2025-01-23","isFullCredit":false},{"lineNumber":79,"author":{"gitId":"NoahKoh"},"content":"                        if (inputParts.length \u003c 2) {","lastModifiedDate":"2025-01-22","isFullCredit":false},{"lineNumber":80,"author":{"gitId":"NoahKoh"},"content":"                            throw new LunaException(\"The description of a deadline cannot be empty.\");","lastModifiedDate":"2025-01-22","isFullCredit":false},{"lineNumber":81,"author":{"gitId":"NoahKoh"},"content":"                        }","lastModifiedDate":"2025-01-22","isFullCredit":false},{"lineNumber":82,"author":{"gitId":"NoahKoh"},"content":"                        String[] remainingInput \u003d inputParts[1].split(\"/by\", 2);","lastModifiedDate":"2025-01-22","isFullCredit":false},{"lineNumber":83,"author":{"gitId":"NoahKoh"},"content":"                        if (remainingInput.length \u003c 2) {","lastModifiedDate":"2025-01-22","isFullCredit":false},{"lineNumber":84,"author":{"gitId":"NoahKoh"},"content":"                            throw new LunaException(\"Deadline must include a \u0027/by\u0027\");","lastModifiedDate":"2025-01-22","isFullCredit":false},{"lineNumber":85,"author":{"gitId":"NoahKoh"},"content":"                        }","lastModifiedDate":"2025-01-22","isFullCredit":false},{"lineNumber":86,"author":{"gitId":"NoahKoh"},"content":"                        String description \u003d remainingInput[0].trim();","lastModifiedDate":"2025-01-22","isFullCredit":false},{"lineNumber":87,"author":{"gitId":"NoahKoh"},"content":"                        String by \u003d remainingInput[1].trim();","lastModifiedDate":"2025-01-22","isFullCredit":false},{"lineNumber":88,"author":{"gitId":"NoahKoh"},"content":"                        Deadline task \u003d new Deadline(description, by);","lastModifiedDate":"2025-01-22","isFullCredit":false},{"lineNumber":89,"author":{"gitId":"NoahKoh"},"content":"                        taskData.add(task);","lastModifiedDate":"2025-01-22","isFullCredit":false},{"lineNumber":90,"author":{"gitId":"NoahKoh"},"content":"                        task.printAddTaskMessage();","lastModifiedDate":"2025-01-22","isFullCredit":false},{"lineNumber":91,"author":{"gitId":"NoahKoh"},"content":"                    } else if (command \u003d\u003d Command.EVENT) {","lastModifiedDate":"2025-01-23","isFullCredit":false},{"lineNumber":92,"author":{"gitId":"NoahKoh"},"content":"                        if (inputParts.length \u003c 2) {","lastModifiedDate":"2025-01-22","isFullCredit":false},{"lineNumber":93,"author":{"gitId":"NoahKoh"},"content":"                            throw new LunaException(\"The description of an event cannot be empty.\");","lastModifiedDate":"2025-01-22","isFullCredit":false},{"lineNumber":94,"author":{"gitId":"NoahKoh"},"content":"                        }","lastModifiedDate":"2025-01-22","isFullCredit":false},{"lineNumber":95,"author":{"gitId":"NoahKoh"},"content":"                        String[] remainingInput1 \u003d inputParts[1].split(\"/from\", 2);","lastModifiedDate":"2025-01-22","isFullCredit":false},{"lineNumber":96,"author":{"gitId":"NoahKoh"},"content":"                        if (remainingInput1.length \u003c 2) {","lastModifiedDate":"2025-01-22","isFullCredit":false},{"lineNumber":97,"author":{"gitId":"NoahKoh"},"content":"                            throw new LunaException(\"Event must include a \u0027/from\u0027\");","lastModifiedDate":"2025-01-22","isFullCredit":false},{"lineNumber":98,"author":{"gitId":"NoahKoh"},"content":"                        }","lastModifiedDate":"2025-01-22","isFullCredit":false},{"lineNumber":99,"author":{"gitId":"NoahKoh"},"content":"                        String description \u003d remainingInput1[0].trim();","lastModifiedDate":"2025-01-22","isFullCredit":false},{"lineNumber":100,"author":{"gitId":"NoahKoh"},"content":"                        String[] remainingInput2 \u003d remainingInput1[1].split(\"/to\", 2);","lastModifiedDate":"2025-01-22","isFullCredit":false},{"lineNumber":101,"author":{"gitId":"NoahKoh"},"content":"                        if (remainingInput2.length \u003c 2) {","lastModifiedDate":"2025-01-22","isFullCredit":false},{"lineNumber":102,"author":{"gitId":"NoahKoh"},"content":"                            throw new LunaException(\"Event must include a \u0027/to\u0027\");","lastModifiedDate":"2025-01-22","isFullCredit":false},{"lineNumber":103,"author":{"gitId":"NoahKoh"},"content":"                        }","lastModifiedDate":"2025-01-22","isFullCredit":false},{"lineNumber":104,"author":{"gitId":"NoahKoh"},"content":"                        String from \u003d remainingInput2[0].trim();","lastModifiedDate":"2025-01-22","isFullCredit":false},{"lineNumber":105,"author":{"gitId":"NoahKoh"},"content":"                        String to \u003d remainingInput2[1].trim();","lastModifiedDate":"2025-01-22","isFullCredit":false},{"lineNumber":106,"author":{"gitId":"NoahKoh"},"content":"                        Event task \u003d new Event(description, from, to);","lastModifiedDate":"2025-01-22","isFullCredit":false},{"lineNumber":107,"author":{"gitId":"NoahKoh"},"content":"                        taskData.add(task);","lastModifiedDate":"2025-01-22","isFullCredit":false},{"lineNumber":108,"author":{"gitId":"NoahKoh"},"content":"                        task.printAddTaskMessage();","lastModifiedDate":"2025-01-22","isFullCredit":false},{"lineNumber":109,"author":{"gitId":"NoahKoh"},"content":"                    } else {","lastModifiedDate":"2025-01-22","isFullCredit":false},{"lineNumber":110,"author":{"gitId":"NoahKoh"},"content":"                        System.out.println(command);","lastModifiedDate":"2025-01-23","isFullCredit":false},{"lineNumber":111,"author":{"gitId":"NoahKoh"},"content":"                        throw new LunaException(\"Invalid command\");","lastModifiedDate":"2025-01-22","isFullCredit":false},{"lineNumber":112,"author":{"gitId":"NoahKoh"},"content":"                    }","lastModifiedDate":"2025-01-22","isFullCredit":false},{"lineNumber":113,"author":{"gitId":"NoahKoh"},"content":"                    System.out.println(\"Now you have \" + taskData.size() + \" tasks in the list.\");","lastModifiedDate":"2025-01-22","isFullCredit":false},{"lineNumber":114,"author":{"gitId":"NoahKoh"},"content":"                }","lastModifiedDate":"2025-01-21","isFullCredit":false},{"lineNumber":115,"author":{"gitId":"NoahKoh"},"content":"            } catch (LunaException e) {","lastModifiedDate":"2025-01-22","isFullCredit":false},{"lineNumber":116,"author":{"gitId":"NoahKoh"},"content":"                System.err.println(e.getMessage());","lastModifiedDate":"2025-01-22","isFullCredit":false},{"lineNumber":117,"author":{"gitId":"NoahKoh"},"content":"            } catch (NumberFormatException e) {","lastModifiedDate":"2025-01-22","isFullCredit":false},{"lineNumber":118,"author":{"gitId":"NoahKoh"},"content":"                System.err.println(\"Need a valid Task number\");","lastModifiedDate":"2025-01-22","isFullCredit":false},{"lineNumber":119,"author":{"gitId":"NoahKoh"},"content":"            } catch (IndexOutOfBoundsException e) {","lastModifiedDate":"2025-01-22","isFullCredit":false},{"lineNumber":120,"author":{"gitId":"NoahKoh"},"content":"                System.err.println(\"Task number not in list\");","lastModifiedDate":"2025-01-22","isFullCredit":false},{"lineNumber":121,"author":{"gitId":"NoahKoh"},"content":"            }","lastModifiedDate":"2025-01-22","isFullCredit":false},{"lineNumber":122,"author":{"gitId":"NoahKoh"},"content":"        }","lastModifiedDate":"2025-01-21","isFullCredit":false},{"lineNumber":123,"author":{"gitId":"NoahKoh"},"content":"    }","lastModifiedDate":"2025-01-21","isFullCredit":false},{"lineNumber":124,"author":{"gitId":"NoahKoh"},"content":"    ","lastModifiedDate":"2025-01-21","isFullCredit":false},{"lineNumber":125,"author":{"gitId":"NoahKoh"},"content":"    public void listTask() {","lastModifiedDate":"2025-01-21","isFullCredit":false},{"lineNumber":126,"author":{"gitId":"NoahKoh"},"content":"        for (int i \u003d 0; i \u003c taskData.size(); i++) {","lastModifiedDate":"2025-01-21","isFullCredit":false},{"lineNumber":127,"author":{"gitId":"NoahKoh"},"content":"            System.out.println((i + 1) + \".\" + taskData.get(i).toString());","lastModifiedDate":"2025-01-21","isFullCredit":false},{"lineNumber":128,"author":{"gitId":"NoahKoh"},"content":"        }","lastModifiedDate":"2025-01-21","isFullCredit":false},{"lineNumber":129,"author":{"gitId":"NoahKoh"},"content":"    }","lastModifiedDate":"2025-01-21","isFullCredit":false},{"lineNumber":130,"author":{"gitId":"NoahKoh"},"content":"","lastModifiedDate":"2025-01-21","isFullCredit":false},{"lineNumber":131,"author":{"gitId":"NoahKoh"},"content":"    public static void main(String[] args) {","lastModifiedDate":"2025-01-21","isFullCredit":false},{"lineNumber":132,"author":{"gitId":"NoahKoh"},"content":"        /*","lastModifiedDate":"2025-01-21","isFullCredit":false},{"lineNumber":133,"author":{"gitId":"NoahKoh"},"content":"        String logo \u003d \" ____        _        \\n\"","lastModifiedDate":"2025-01-21","isFullCredit":false},{"lineNumber":134,"author":{"gitId":"NoahKoh"},"content":"                + \"|  _ \\\\ _   _| | _____ \\n\"","lastModifiedDate":"2025-01-21","isFullCredit":false},{"lineNumber":135,"author":{"gitId":"NoahKoh"},"content":"                + \"| | | | | | | |/ / _ \\\\\\n\"","lastModifiedDate":"2025-01-21","isFullCredit":false},{"lineNumber":136,"author":{"gitId":"NoahKoh"},"content":"                + \"| |_| | |_| |   \u003c  __/\\n\"","lastModifiedDate":"2025-01-21","isFullCredit":false},{"lineNumber":137,"author":{"gitId":"NoahKoh"},"content":"                + \"|____/ \\\\__,_|_|\\\\_\\\\___|\\n\";","lastModifiedDate":"2025-01-21","isFullCredit":false},{"lineNumber":138,"author":{"gitId":"NoahKoh"},"content":"        System.out.println(\"Hello from\\n\" + logo);","lastModifiedDate":"2025-01-21","isFullCredit":false},{"lineNumber":139,"author":{"gitId":"NoahKoh"},"content":"         */","lastModifiedDate":"2025-01-21","isFullCredit":false},{"lineNumber":140,"author":{"gitId":"NoahKoh"},"content":"        Luna chatBot \u003d new Luna();","lastModifiedDate":"2025-01-21","isFullCredit":false},{"lineNumber":141,"author":{"gitId":"NoahKoh"},"content":"        chatBot.greet();","lastModifiedDate":"2025-01-21","isFullCredit":false},{"lineNumber":142,"author":{"gitId":"NoahKoh"},"content":"        chatBot.processInput();","lastModifiedDate":"2025-01-21","isFullCredit":false},{"lineNumber":143,"author":{"gitId":"NoahKoh"},"content":"    }","lastModifiedDate":"2025-01-21","isFullCredit":false},{"lineNumber":144,"author":{"gitId":"NoahKoh"},"content":"}","lastModifiedDate":"2025-01-21","isFullCredit":false}],"authorContributionMap":{"NoahKoh":144}},{"path":"src/main/java/LunaException.java","fileType":"java","lines":[{"lineNumber":1,"author":{"gitId":"NoahKoh"},"content":"public class LunaException extends Exception{","lastModifiedDate":"2025-01-22","isFullCredit":false},{"lineNumber":2,"author":{"gitId":"NoahKoh"},"content":"    public LunaException(String message) {","lastModifiedDate":"2025-01-22","isFullCredit":false},{"lineNumber":3,"author":{"gitId":"NoahKoh"},"content":"        super(message);","lastModifiedDate":"2025-01-22","isFullCredit":false},{"lineNumber":4,"author":{"gitId":"NoahKoh"},"content":"    }","lastModifiedDate":"2025-01-22","isFullCredit":false},{"lineNumber":5,"author":{"gitId":"NoahKoh"},"content":"}","lastModifiedDate":"2025-01-22","isFullCredit":false}],"authorContributionMap":{"NoahKoh":5}},{"path":"src/main/java/Task.java","fileType":"java","lines":[{"lineNumber":1,"author":{"gitId":"NoahKoh"},"content":"public class Task {","lastModifiedDate":"2025-01-21","isFullCredit":false},{"lineNumber":2,"author":{"gitId":"NoahKoh"},"content":"    protected String description;","lastModifiedDate":"2025-01-21","isFullCredit":false},{"lineNumber":3,"author":{"gitId":"NoahKoh"},"content":"    protected boolean isDone;","lastModifiedDate":"2025-01-21","isFullCredit":false},{"lineNumber":4,"author":{"gitId":"NoahKoh"},"content":"","lastModifiedDate":"2025-01-21","isFullCredit":false},{"lineNumber":5,"author":{"gitId":"NoahKoh"},"content":"    public Task(String description) {","lastModifiedDate":"2025-01-21","isFullCredit":false},{"lineNumber":6,"author":{"gitId":"NoahKoh"},"content":"        this.description \u003d description;","lastModifiedDate":"2025-01-21","isFullCredit":false},{"lineNumber":7,"author":{"gitId":"NoahKoh"},"content":"        this.isDone \u003d false;","lastModifiedDate":"2025-01-21","isFullCredit":false},{"lineNumber":8,"author":{"gitId":"NoahKoh"},"content":"    }","lastModifiedDate":"2025-01-21","isFullCredit":false},{"lineNumber":9,"author":{"gitId":"NoahKoh"},"content":"","lastModifiedDate":"2025-01-21","isFullCredit":false},{"lineNumber":10,"author":{"gitId":"NoahKoh"},"content":"    public String getStatusIcon() {","lastModifiedDate":"2025-01-21","isFullCredit":false},{"lineNumber":11,"author":{"gitId":"NoahKoh"},"content":"        return (isDone ? \"X\" : \" \"); // mark done task with X","lastModifiedDate":"2025-01-21","isFullCredit":false},{"lineNumber":12,"author":{"gitId":"NoahKoh"},"content":"    }","lastModifiedDate":"2025-01-21","isFullCredit":false},{"lineNumber":13,"author":{"gitId":"NoahKoh"},"content":"","lastModifiedDate":"2025-01-21","isFullCredit":false},{"lineNumber":14,"author":{"gitId":"NoahKoh"},"content":"    public void markDone() {","lastModifiedDate":"2025-01-21","isFullCredit":false},{"lineNumber":15,"author":{"gitId":"NoahKoh"},"content":"        this.isDone \u003d true;","lastModifiedDate":"2025-01-21","isFullCredit":false},{"lineNumber":16,"author":{"gitId":"NoahKoh"},"content":"        System.out.println(\"Nice! I\u0027ve marked this task as done:\");","lastModifiedDate":"2025-01-21","isFullCredit":false},{"lineNumber":17,"author":{"gitId":"NoahKoh"},"content":"        System.out.println(\"  [X] \" + this.description);","lastModifiedDate":"2025-01-21","isFullCredit":false},{"lineNumber":18,"author":{"gitId":"NoahKoh"},"content":"    }","lastModifiedDate":"2025-01-21","isFullCredit":false},{"lineNumber":19,"author":{"gitId":"NoahKoh"},"content":"","lastModifiedDate":"2025-01-21","isFullCredit":false},{"lineNumber":20,"author":{"gitId":"NoahKoh"},"content":"    public void markUndone() {","lastModifiedDate":"2025-01-21","isFullCredit":false},{"lineNumber":21,"author":{"gitId":"NoahKoh"},"content":"        this.isDone \u003d false;","lastModifiedDate":"2025-01-21","isFullCredit":false},{"lineNumber":22,"author":{"gitId":"NoahKoh"},"content":"        System.out.println(\"OK, I\u0027ve marked this task as not done yet:\");","lastModifiedDate":"2025-01-21","isFullCredit":false},{"lineNumber":23,"author":{"gitId":"NoahKoh"},"content":"        System.out.println(\"  [ ] \" + this.description);","lastModifiedDate":"2025-01-21","isFullCredit":false},{"lineNumber":24,"author":{"gitId":"NoahKoh"},"content":"    }","lastModifiedDate":"2025-01-21","isFullCredit":false},{"lineNumber":25,"author":{"gitId":"NoahKoh"},"content":"","lastModifiedDate":"2025-01-21","isFullCredit":false},{"lineNumber":26,"author":{"gitId":"NoahKoh"},"content":"    public void printAddTaskMessage() {","lastModifiedDate":"2025-01-22","isFullCredit":false},{"lineNumber":27,"author":{"gitId":"NoahKoh"},"content":"        System.out.println(\"Got it. I\u0027ve added this task:\");","lastModifiedDate":"2025-01-22","isFullCredit":false},{"lineNumber":28,"author":{"gitId":"NoahKoh"},"content":"        System.out.println(this.toString());","lastModifiedDate":"2025-01-22","isFullCredit":false},{"lineNumber":29,"author":{"gitId":"NoahKoh"},"content":"    }","lastModifiedDate":"2025-01-22","isFullCredit":false},{"lineNumber":30,"author":{"gitId":"NoahKoh"},"content":"","lastModifiedDate":"2025-01-22","isFullCredit":false},{"lineNumber":31,"author":{"gitId":"NoahKoh"},"content":"    @Override","lastModifiedDate":"2025-01-21","isFullCredit":false},{"lineNumber":32,"author":{"gitId":"NoahKoh"},"content":"    public String toString() {","lastModifiedDate":"2025-01-21","isFullCredit":false},{"lineNumber":33,"author":{"gitId":"NoahKoh"},"content":"        return \"[\" + this.getStatusIcon() + \"] \" + this.description;","lastModifiedDate":"2025-01-21","isFullCredit":false},{"lineNumber":34,"author":{"gitId":"NoahKoh"},"content":"    }","lastModifiedDate":"2025-01-21","isFullCredit":false},{"lineNumber":35,"author":{"gitId":"NoahKoh"},"content":"}","lastModifiedDate":"2025-01-21","isFullCredit":false}],"authorContributionMap":{"NoahKoh":35}},{"path":"src/main/java/Todo.java","fileType":"java","lines":[{"lineNumber":1,"author":{"gitId":"NoahKoh"},"content":"public class Todo extends Task{","lastModifiedDate":"2025-01-22","isFullCredit":false},{"lineNumber":2,"author":{"gitId":"NoahKoh"},"content":"","lastModifiedDate":"2025-01-22","isFullCredit":false},{"lineNumber":3,"author":{"gitId":"NoahKoh"},"content":"    public Todo(String description) {","lastModifiedDate":"2025-01-22","isFullCredit":false},{"lineNumber":4,"author":{"gitId":"NoahKoh"},"content":"        super(description);","lastModifiedDate":"2025-01-22","isFullCredit":false},{"lineNumber":5,"author":{"gitId":"NoahKoh"},"content":"    }","lastModifiedDate":"2025-01-22","isFullCredit":false},{"lineNumber":6,"author":{"gitId":"NoahKoh"},"content":"","lastModifiedDate":"2025-01-22","isFullCredit":false},{"lineNumber":7,"author":{"gitId":"NoahKoh"},"content":"    @Override","lastModifiedDate":"2025-01-22","isFullCredit":false},{"lineNumber":8,"author":{"gitId":"NoahKoh"},"content":"    public String toString() {","lastModifiedDate":"2025-01-22","isFullCredit":false},{"lineNumber":9,"author":{"gitId":"NoahKoh"},"content":"        return \"[T]\" + super.toString();","lastModifiedDate":"2025-01-22","isFullCredit":false},{"lineNumber":10,"author":{"gitId":"NoahKoh"},"content":"    }","lastModifiedDate":"2025-01-22","isFullCredit":false},{"lineNumber":11,"author":{"gitId":"NoahKoh"},"content":"}","lastModifiedDate":"2025-01-22","isFullCredit":false}],"authorContributionMap":{"NoahKoh":11}},{"path":"text-ui-test/input.txt","fileType":"txt","lines":[{"lineNumber":1,"author":{"gitId":"NoahKoh"},"content":"todo borrow book","lastModifiedDate":"2025-01-22","isFullCredit":false},{"lineNumber":2,"author":{"gitId":"NoahKoh"},"content":"list","lastModifiedDate":"2025-01-22","isFullCredit":false},{"lineNumber":3,"author":{"gitId":"NoahKoh"},"content":"deadline return book /by Sunday","lastModifiedDate":"2025-01-22","isFullCredit":false},{"lineNumber":4,"author":{"gitId":"NoahKoh"},"content":"list","lastModifiedDate":"2025-01-22","isFullCredit":false},{"lineNumber":5,"author":{"gitId":"NoahKoh"},"content":"event project meeting /from Mon 2pm /to 4pm","lastModifiedDate":"2025-01-22","isFullCredit":false},{"lineNumber":6,"author":{"gitId":"NoahKoh"},"content":"mark 3","lastModifiedDate":"2025-01-22","isFullCredit":false},{"lineNumber":7,"author":{"gitId":"NoahKoh"},"content":"mark 1","lastModifiedDate":"2025-01-22","isFullCredit":false},{"lineNumber":8,"author":{"gitId":"NoahKoh"},"content":"unmark 3","lastModifiedDate":"2025-01-22","isFullCredit":false},{"lineNumber":9,"author":{"gitId":"NoahKoh"},"content":"mark 2","lastModifiedDate":"2025-01-22","isFullCredit":false},{"lineNumber":10,"author":{"gitId":"NoahKoh"},"content":"list","lastModifiedDate":"2025-01-22","isFullCredit":false}],"authorContributionMap":{"NoahKoh":10}},{"path":"text-ui-test/runtest.sh","fileType":"sh","lines":[{"lineNumber":1,"author":{"gitId":"-"},"content":"#!/usr/bin/env bash","lastModifiedDate":"2020-05-25","isFullCredit":false},{"lineNumber":2,"author":{"gitId":"-"},"content":"","lastModifiedDate":"2020-05-25","isFullCredit":false},{"lineNumber":3,"author":{"gitId":"-"},"content":"# create bin directory if it doesn\u0027t exist","lastModifiedDate":"2020-05-25","isFullCredit":false},{"lineNumber":4,"author":{"gitId":"-"},"content":"if [ ! -d \"../bin\" ]","lastModifiedDate":"2020-05-25","isFullCredit":false},{"lineNumber":5,"author":{"gitId":"-"},"content":"then","lastModifiedDate":"2020-05-25","isFullCredit":false},{"lineNumber":6,"author":{"gitId":"-"},"content":"    mkdir ../bin","lastModifiedDate":"2020-05-25","isFullCredit":false},{"lineNumber":7,"author":{"gitId":"-"},"content":"fi","lastModifiedDate":"2020-05-25","isFullCredit":false},{"lineNumber":8,"author":{"gitId":"-"},"content":"","lastModifiedDate":"2020-05-25","isFullCredit":false},{"lineNumber":9,"author":{"gitId":"-"},"content":"# delete output from previous run","lastModifiedDate":"2020-05-25","isFullCredit":false},{"lineNumber":10,"author":{"gitId":"-"},"content":"if [ -e \"./ACTUAL.TXT\" ]","lastModifiedDate":"2020-05-25","isFullCredit":false},{"lineNumber":11,"author":{"gitId":"-"},"content":"then","lastModifiedDate":"2020-05-25","isFullCredit":false},{"lineNumber":12,"author":{"gitId":"-"},"content":"    rm ACTUAL.TXT","lastModifiedDate":"2020-05-25","isFullCredit":false},{"lineNumber":13,"author":{"gitId":"-"},"content":"fi","lastModifiedDate":"2020-05-25","isFullCredit":false},{"lineNumber":14,"author":{"gitId":"-"},"content":"","lastModifiedDate":"2020-05-25","isFullCredit":false},{"lineNumber":15,"author":{"gitId":"-"},"content":"# compile the code into the bin folder, terminates if error occurred","lastModifiedDate":"2020-05-25","isFullCredit":false},{"lineNumber":16,"author":{"gitId":"-"},"content":"if ! javac -cp ../src/main/java -Xlint:none -d ../bin ../src/main/java/*.java","lastModifiedDate":"2020-08-25","isFullCredit":false},{"lineNumber":17,"author":{"gitId":"-"},"content":"then","lastModifiedDate":"2020-05-25","isFullCredit":false},{"lineNumber":18,"author":{"gitId":"-"},"content":"    echo \"********** BUILD FAILURE **********\"","lastModifiedDate":"2020-05-25","isFullCredit":false},{"lineNumber":19,"author":{"gitId":"-"},"content":"    exit 1","lastModifiedDate":"2020-05-25","isFullCredit":false},{"lineNumber":20,"author":{"gitId":"-"},"content":"fi","lastModifiedDate":"2020-05-25","isFullCredit":false},{"lineNumber":21,"author":{"gitId":"-"},"content":"","lastModifiedDate":"2020-05-25","isFullCredit":false},{"lineNumber":22,"author":{"gitId":"-"},"content":"# run the program, feed commands from input.txt file and redirect the output to the ACTUAL.TXT","lastModifiedDate":"2020-05-25","isFullCredit":false},{"lineNumber":23,"author":{"gitId":"NoahKoh"},"content":"java -classpath ../bin Luna \u003c input.txt \u003e ACTUAL.TXT","lastModifiedDate":"2025-01-22","isFullCredit":false},{"lineNumber":24,"author":{"gitId":"-"},"content":"","lastModifiedDate":"2020-05-25","isFullCredit":false},{"lineNumber":25,"author":{"gitId":"-"},"content":"# convert to UNIX format","lastModifiedDate":"2020-05-25","isFullCredit":false},{"lineNumber":26,"author":{"gitId":"-"},"content":"cp EXPECTED.TXT EXPECTED-UNIX.TXT","lastModifiedDate":"2020-05-25","isFullCredit":false},{"lineNumber":27,"author":{"gitId":"-"},"content":"dos2unix ACTUAL.TXT EXPECTED-UNIX.TXT","lastModifiedDate":"2020-05-25","isFullCredit":false},{"lineNumber":28,"author":{"gitId":"-"},"content":"","lastModifiedDate":"2020-05-25","isFullCredit":false},{"lineNumber":29,"author":{"gitId":"-"},"content":"# compare the output to the expected output","lastModifiedDate":"2020-05-25","isFullCredit":false},{"lineNumber":30,"author":{"gitId":"-"},"content":"diff ACTUAL.TXT EXPECTED-UNIX.TXT","lastModifiedDate":"2020-05-25","isFullCredit":false},{"lineNumber":31,"author":{"gitId":"-"},"content":"if [ $? -eq 0 ]","lastModifiedDate":"2020-05-25","isFullCredit":false},{"lineNumber":32,"author":{"gitId":"-"},"content":"then","lastModifiedDate":"2020-05-25","isFullCredit":false},{"lineNumber":33,"author":{"gitId":"-"},"content":"    echo \"Test result: PASSED\"","lastModifiedDate":"2020-05-25","isFullCredit":false},{"lineNumber":34,"author":{"gitId":"-"},"content":"    exit 0","lastModifiedDate":"2020-05-25","isFullCredit":false},{"lineNumber":35,"author":{"gitId":"-"},"content":"else","lastModifiedDate":"2020-05-25","isFullCredit":false},{"lineNumber":36,"author":{"gitId":"-"},"content":"    echo \"Test result: FAILED\"","lastModifiedDate":"2020-05-25","isFullCredit":false},{"lineNumber":37,"author":{"gitId":"-"},"content":"    exit 1","lastModifiedDate":"2020-05-25","isFullCredit":false},{"lineNumber":38,"author":{"gitId":"-"},"content":"fi","lastModifiedDate":"2020-05-25","isFullCredit":false}],"authorContributionMap":{"NoahKoh":1,"-":37}}]
