{"authorDailyContributionsMap":{"shawnnygoh":[{"date":"2025-01-18","commitResults":[{"hash":"0a617f8aaf3315754909d1553788e340a18be7ae","isMergeCommit":false,"messageTitle":"Rename Duke to Ally and implement greeting","messageBody":"","tags":["Level-0"],"fileTypesAndContributionMap":{"java":{"insertions":21,"deletions":10},"md":{"insertions":1,"deletions":1}}},{"hash":"5502f1a083ae262734ed3c409e79a930332fe3b1","isMergeCommit":false,"messageTitle":"Refactor Ally with OOP and add Echo functionality","messageBody":"","tags":["Level-1"],"fileTypesAndContributionMap":{"java":{"insertions":40,"deletions":9}}},{"hash":"38a9b512a5a29f73ed7f0a2b57abe51cb9b2c891","isMergeCommit":false,"messageTitle":"Add ToDoList class with add and list functionality","messageBody":"","tags":["Level-2"],"fileTypesAndContributionMap":{"java":{"insertions":58,"deletions":9}}},{"hash":"2601a454370c2e9d5ba34fd4d7e61c12aa08b0c1","isMergeCommit":false,"messageTitle":"Add Task class with mark as done or undone functionality","messageBody":"","tags":["Level-3"],"fileTypesAndContributionMap":{"java":{"insertions":88,"deletions":6}}},{"hash":"58514ac18dc30a51ca076e997cf7389965e70d76","isMergeCommit":false,"messageTitle":"Add ToDo, Deadline and Event class","messageBody":"","tags":["Level-4"],"fileTypesAndContributionMap":{"java":{"insertions":105,"deletions":7}}},{"hash":"b0618ff68608fe7957b39f071d3876157fca6145","isMergeCommit":false,"messageTitle":"Add automated text UI testing","messageBody":"","tags":["A-TextUiTesting"],"fileTypesAndContributionMap":{"java":{"insertions":9,"deletions":8},"sh":{"insertions":3,"deletions":7}}},{"hash":"0dff041763d0a5b2aec9bd628fad349fdd26538a","isMergeCommit":false,"messageTitle":"Add error handling","messageBody":"","tags":["Level-5"],"fileTypesAndContributionMap":{"java":{"insertions":75,"deletions":34}}},{"hash":"a0f0330f91189a96a53851a09041f792df28eb28","isMergeCommit":false,"messageTitle":"Add delete functionality","messageBody":"","tags":["Level-6"],"fileTypesAndContributionMap":{"java":{"insertions":43,"deletions":15}}}]},{"date":"2025-01-24","commitResults":[{"hash":"c13efaa2aabfb4c2acba6e01074722a0a7fee359","isMergeCommit":false,"messageTitle":"Add Storage class with save tasks functionality","messageBody":"","fileTypesAndContributionMap":{"txt":{"insertions":0,"deletions":0},"java":{"insertions":169,"deletions":3}}},{"hash":"9c6c3c8481aa833c9f50d1d5e8e56733ab64a732","isMergeCommit":true,"messageTitle":"Merge branch \u0027branch-Level-7\u0027","messageBody":"- Add Storage class\n- Add save tasks functionality\n","tags":["Level-7"],"fileTypesAndContributionMap":{}},{"hash":"c74db8a01cf6fe14e1e001ebea6930fcaa83c23e","isMergeCommit":false,"messageTitle":"Add DateTimeParser class with time interpretation functionality","messageBody":"","fileTypesAndContributionMap":{"java":{"insertions":217,"deletions":44}}},{"hash":"fec37b633c19082a22e1962b56f466da3c96d1d7","isMergeCommit":true,"messageTitle":"Merge pull request #1 from shawnnygoh/branch-Level-8","messageBody":"Add DateTimeParser class with time interpretation functionality","tags":["Level-8"],"fileTypesAndContributionMap":{}}]},{"date":"2025-01-25","commitResults":[{"hash":"be79462adef8884bc242950e5c2802dc34e4f285","isMergeCommit":false,"messageTitle":"Refactor code to follow more closely with OOP","messageBody":"","fileTypesAndContributionMap":{"txt":{"insertions":49,"deletions":0},"java":{"insertions":603,"deletions":326}}},{"hash":"930f65133f972b13b096e4eaf1592ccdf1960a8a","isMergeCommit":true,"messageTitle":"Merge branch \u0027branch-A-MoreOOP\u0027","messageBody":"- Refactor code to follow more closely with OOP\n- Create new Command, Parser, TaskList and AllyException classes\n","tags":["A-MoreOOP"],"fileTypesAndContributionMap":{}},{"hash":"cce6dc90278f88b951e95be5ebade3e6582db16e","isMergeCommit":false,"messageTitle":"Organize classes into suitable packages","messageBody":"","fileTypesAndContributionMap":{"java":{"insertions":2,"deletions":1},"sh":{"insertions":1,"deletions":1}}},{"hash":"83457d444653be2fdff77bf05b3ede578ddc23f3","isMergeCommit":true,"messageTitle":"Merge branch \u0027branch-A-Packages\u0027","messageBody":"- Organize classes into suitable packages\n","tags":["A-Packages"],"fileTypesAndContributionMap":{}},{"hash":"a292c5046b623862bad9178a16f8a5991ef20da9","isMergeCommit":true,"messageTitle":"Merge branch \u0027add-gradle-support\u0027","messageBody":"- Add Gradle support to automate project build\n","fileTypesAndContributionMap":{}},{"hash":"1a7ba8da826f7dac40bb0c3c080a0acc7b0ccfab","isMergeCommit":false,"messageTitle":"Add Gradle to automate project build","messageBody":"","fileTypesAndContributionMap":{"gradle":{"insertions":2,"deletions":2}}},{"hash":"4848a46f9cab85bf5eafaf4c4ac544277e4bb533","isMergeCommit":true,"messageTitle":"Merge branch \u0027branch-A-Gradle\u0027","messageBody":"- Add Gradle to automate project build\n","tags":["A-Gradle"],"fileTypesAndContributionMap":{}},{"hash":"dda233f6e62f8816ac84ce1b572d2e247a7c71e9","isMergeCommit":false,"messageTitle":"Add JUnit tests for Todo and Deadline classes","messageBody":"","fileTypesAndContributionMap":{"java":{"insertions":61,"deletions":0}}},{"hash":"e3acd73b0e872cbd21e0eaa7ee1f449cbacd1941","isMergeCommit":true,"messageTitle":"Merge branch \u0027branch-A-JUnit\u0027","messageBody":"- Add JUnit tests for Todo and Deadline classes\n","tags":["A-JUnit"],"fileTypesAndContributionMap":{}},{"hash":"40a7b73d0145daf59f599de73913a6522eb3ade3","isMergeCommit":false,"messageTitle":"Enable Ally to be packaged into a JAR file","messageBody":"","fileTypesAndContributionMap":{"gradle":{"insertions":1,"deletions":2}}},{"hash":"73ed8246ef67f63695052f4801b3e0e4908f55af","isMergeCommit":true,"messageTitle":"Merge branch \u0027branch-A-Jar\u0027","messageBody":"- Enable Ally to be packaged into a JAR file\n","tags":["A-Jar"],"fileTypesAndContributionMap":{}},{"hash":"dd9be3b8efb937eb1ba4b11f49aca0a53353ccaa","isMergeCommit":false,"messageTitle":"Add JavaDoc comments to most classes and public methods","messageBody":"","fileTypesAndContributionMap":{"java":{"insertions":309,"deletions":0}}},{"hash":"04e0668458ebf2d8ecf1a1c14fb785ac5fe19855","isMergeCommit":true,"messageTitle":"Merge branch \u0027branch-A-JavaDoc\u0027","messageBody":"- Add JavaDoc comments to most classes and public methods\n","tags":["A-JavaDoc","A-CodingStandard"],"fileTypesAndContributionMap":{}},{"hash":"9a50790f4bc8d72ec6b58c68b26640e6372cb6bc","isMergeCommit":false,"messageTitle":"Modify FindCommand to search by keyword","messageBody":"","fileTypesAndContributionMap":{"txt":{"insertions":2,"deletions":0},"java":{"insertions":46,"deletions":6}}},{"hash":"bac8d40d249927a0f538fce5f9e5871764ca1a2b","isMergeCommit":true,"messageTitle":"Merge branch \u0027branch-Level-9\u0027","messageBody":"- Modify FindCommand to search by keyword\n","tags":["Level-9"],"fileTypesAndContributionMap":{}}]},{"date":"2025-01-31","commitResults":[{"hash":"2f3f1457fb360968c0fc356a6c8d2d7b618fd2f3","isMergeCommit":false,"messageTitle":"Add Checkstyle to detect coding style violations","messageBody":"","fileTypesAndContributionMap":{"gradle":{"insertions":5,"deletions":0},"txt":{"insertions":1,"deletions":1},"java":{"insertions":225,"deletions":78}}},{"hash":"1bc7481dd7490d5b001a9884a3b967165481ef76","isMergeCommit":true,"messageTitle":"Merge branch \u0027branch-A-CheckStyle\u0027","messageBody":"- Add Checkstyle to detect coding style violations\n","tags":["A-CheckStyle"],"fileTypesAndContributionMap":{}}]}]},"authorFileTypeContributionMap":{"shawnnygoh":{"java":1525,"md":1,"fxml":0,"sh":3,"bat":0,"gradle":7,"txt":51}},"authorContributionVariance":{"shawnnygoh":102343.09},"authorDisplayNameMap":{"shawnnygoh":"CS2103T-W13-1 GOH ..HAWN"}}
