{"authorDailyContributionsMap":{"wilsonsfh":[{"date":"2025-02-22","commitResults":[{"hash":"12fd1dc6d70a1c0155046d948f3d05502fdce3ec","isMergeCommit":false,"messageTitle":"Rename main class","messageBody":"","fileTypesAndContributionMap":{"java":{"insertions":10,"deletions":10}}},{"hash":"6c03ac9b7ba9857057e0a21255bb57f6c8a29d7c","isMergeCommit":false,"messageTitle":"Add support for echo","messageBody":"","fileTypesAndContributionMap":{"java":{"insertions":28,"deletions":4}}},{"hash":"3977b52a6e09627485213b9d8f8bd864a6994149","isMergeCommit":false,"messageTitle":"Add support for list","messageBody":"","fileTypesAndContributionMap":{"java":{"insertions":21,"deletions":24}}},{"hash":"a73a65577551a2303411502f80f721cebe756840","isMergeCommit":false,"messageTitle":"Add task list with marker","messageBody":"","tags":["Level-3"],"fileTypesAndContributionMap":{"java":{"insertions":105,"deletions":16}}}]},{"date":"2025-02-23","commitResults":[{"hash":"bc8ce80cdfdd85c6d6e30b7c601d56358e817dae","isMergeCommit":false,"messageTitle":"Add todo-list with deadline and event","messageBody":"","tags":["Level-4"],"fileTypesAndContributionMap":{"java":{"insertions":87,"deletions":70}}},{"hash":"c6246da3e0c78a0e9889ea7e2ec05054625b01c7","isMergeCommit":false,"messageTitle":"Add exception handler for invalid command","messageBody":"","tags":["Level-6","Level-5"],"fileTypesAndContributionMap":{"java":{"insertions":83,"deletions":39}}},{"hash":"cdebcbf544cb0b3acbff001145c3fe2ad30e1ace","isMergeCommit":false,"messageTitle":"Add data storage","messageBody":"","tags":["Level-7","A-TextUITesting"],"fileTypesAndContributionMap":{"txt":{"insertions":6,"deletions":0},"java":{"insertions":141,"deletions":4}}},{"hash":"f835f0b6c666833c5eda2d584bfdd8d56b57050c","isMergeCommit":false,"messageTitle":"Add automated text UI testing demo","messageBody":"","fileTypesAndContributionMap":{"txt":{"insertions":14,"deletions":0},"sh":{"insertions":8,"deletions":2}}}]},{"date":"2025-02-24","commitResults":[{"hash":"95a0782f95e07f767aac4a2e2d72b03dc833864f","isMergeCommit":false,"messageTitle":"Add datetime parsing","messageBody":"","fileTypesAndContributionMap":{"txt":{"insertions":4,"deletions":5},"java":{"insertions":199,"deletions":51}}},{"hash":"a5bb78a663acb1d54f2d27fd30ad4024744237a3","isMergeCommit":true,"messageTitle":"Merge branch \u0027branch-Level-8\u0027 Merge branch-Level-8","messageBody":"","tags":["Level-8"],"fileTypesAndContributionMap":{}},{"hash":"466ba306a9797129fe7dd6d0e249b87bea92d8e0","isMergeCommit":false,"messageTitle":"Add packages","messageBody":"","tags":["A-Packages"],"fileTypesAndContributionMap":{"java":{"insertions":98,"deletions":22}}},{"hash":"1eb4cfb5d5597fb0a334394846c9090a584aa801","isMergeCommit":true,"messageTitle":"Merge branch \u0027branch-Level-8\u0027 Merge packages edit done on branch-Level-8","messageBody":"","fileTypesAndContributionMap":{}},{"hash":"48be788612ac6f852d55ced2749b4f1d822b9827","isMergeCommit":false,"messageTitle":"add OOP","messageBody":"","fileTypesAndContributionMap":{"txt":{"insertions":1,"deletions":0},"java":{"insertions":214,"deletions":59}}},{"hash":"b5a9635a93dfd38a3cad769cfba9a2ef2c4a4270","isMergeCommit":true,"messageTitle":"Merge branch \u0027branch-Level-8\u0027 add OOP","messageBody":"","tags":["A-MoreOOP"],"fileTypesAndContributionMap":{}},{"hash":"5f0c723270c651fcfef104c513bcc3171b204742","isMergeCommit":false,"messageTitle":"Do on master, added to appear green on iP dashboard","messageBody":"","fileTypesAndContributionMap":{"txt":{"insertions":1,"deletions":0}}},{"hash":"5669520fd297bbe964d2fd3c817f243ff04e6c6f","isMergeCommit":true,"messageTitle":"Merge branch \u0027branch-Level-7\u0027 merge Level-7, features of Level-8, A-Packages, A-MoreOOP present","messageBody":"","fileTypesAndContributionMap":{}},{"hash":"be4683c78999de8900ea82a18ff33b08731d858d","isMergeCommit":true,"messageTitle":"Merge branch \u0027add-gradle-support\u0027 Add gradle-support","messageBody":"","fileTypesAndContributionMap":{}}]},{"date":"2025-02-25","commitResults":[{"hash":"960821e0f3c6e81461a21fcb4656f8e8b52cffb0","isMergeCommit":false,"messageTitle":"Add gradle-support, junit-testing, jar-file distribution","messageBody":"","tags":["A-Jar","A-Gradle"],"fileTypesAndContributionMap":{"gradle":{"insertions":10,"deletions":2},"txt":{"insertions":26,"deletions":18},"java":{"insertions":96,"deletions":0},"sh":{"insertions":17,"deletions":6}}},{"hash":"9d94c7ab5d2fa69c029da18abadc4145212eeb77","isMergeCommit":false,"messageTitle":"Add JavaDoc to all classes and test cases","messageBody":"","fileTypesAndContributionMap":{"java":{"insertions":123,"deletions":2}}},{"hash":"e343fde1a9e8b810fde29ad45601833d63135e78","isMergeCommit":false,"messageTitle":"Rectify message, only some classes and test cases include JavaDocs","messageBody":"","tags":["A-JavaDoc","A-JUnit"],"fileTypesAndContributionMap":{"java":{"insertions":8,"deletions":2}}},{"hash":"f534550c1752597afe95259cfd1aae6725e0c8a0","isMergeCommit":false,"messageTitle":"Add coding standards to java classes and test classes","messageBody":"","tags":["A-CodingStandard"],"fileTypesAndContributionMap":{"java":{"insertions":1,"deletions":2}}},{"hash":"c62d0aeaec0fcbc10da6742dd461674b3913da28","isMergeCommit":false,"messageTitle":"Add standard spaces for imports","messageBody":"","fileTypesAndContributionMap":{"java":{"insertions":0,"deletions":6}}},{"hash":"f9a282b6e91426c275650ace47b1c02444df6453","isMergeCommit":false,"messageTitle":"Add find functionality and fix parser logic","messageBody":"","fileTypesAndContributionMap":{"txt":{"insertions":2,"deletions":0},"java":{"insertions":59,"deletions":35}}},{"hash":"cddf0a8f734da6005d7a845a5567e11b80158426","isMergeCommit":true,"messageTitle":"Resolve merge conflicts in Caviar and ParserTest java classes","messageBody":"","tags":["Level-9"],"fileTypesAndContributionMap":{}}]}]},"authorFileTypeContributionMap":{"wilsonsfh":{"java":937,"md":0,"fxml":0,"sh":24,"bat":0,"gradle":10,"txt":31}},"authorContributionVariance":{"wilsonsfh":16789.148},"authorDisplayNameMap":{"wilsonsfh":"CS2103-F09-4 SOON..LSON"}}
