[{"path":"AI.md","fileType":"md","lines":[{"lineNumber":1,"author":{"gitId":"raw-asparagus"},"content":"# AI.md","lastModifiedDate":"2025-01-24","isFullCredit":false},{"lineNumber":2,"author":{"gitId":"raw-asparagus"},"content":"","lastModifiedDate":"2025-01-24","isFullCredit":false},{"lineNumber":3,"author":{"gitId":"raw-asparagus"},"content":"## [2025-01-24] Learned Logging with AI Assistance","lastModifiedDate":"2025-01-24","isFullCredit":false},{"lineNumber":4,"author":{"gitId":"raw-asparagus"},"content":"","lastModifiedDate":"2025-01-24","isFullCredit":false},{"lineNumber":5,"author":{"gitId":"raw-asparagus"},"content":"I used a generative AI tool to learn how to do more robust logging in Java.  ","lastModifiedDate":"2025-01-24","isFullCredit":false},{"lineNumber":6,"author":{"gitId":"raw-asparagus"},"content":"Previously, I relied on e.printStackTrace(), but IntelliJ IDEA warning threw a","lastModifiedDate":"2025-01-24","isFullCredit":false},{"lineNumber":7,"author":{"gitId":"raw-asparagus"},"content":"warning:","lastModifiedDate":"2025-01-24","isFullCredit":false},{"lineNumber":8,"author":{"gitId":"raw-asparagus"},"content":"","lastModifiedDate":"2025-01-24","isFullCredit":false},{"lineNumber":9,"author":{"gitId":"raw-asparagus"},"content":"```text","lastModifiedDate":"2025-01-24","isFullCredit":false},{"lineNumber":10,"author":{"gitId":"raw-asparagus"},"content":"Call to \u0027printStackTrace()\u0027 should probably be replaced with more robust logging","lastModifiedDate":"2025-01-24","isFullCredit":false},{"lineNumber":11,"author":{"gitId":"raw-asparagus"},"content":"```","lastModifiedDate":"2025-01-24","isFullCredit":false},{"lineNumber":12,"author":{"gitId":"raw-asparagus"},"content":"","lastModifiedDate":"2025-01-24","isFullCredit":false},{"lineNumber":13,"author":{"gitId":"raw-asparagus"},"content":"ChatGPT showed me how to use `java.util.logging` (`Logger`, `Level`, etc.)","lastModifiedDate":"2025-01-24","isFullCredit":false},{"lineNumber":14,"author":{"gitId":"raw-asparagus"},"content":"instead.","lastModifiedDate":"2025-01-24","isFullCredit":false}],"authorContributionMap":{"raw-asparagus":14}},{"path":"README.md","fileType":"md","lines":[{"lineNumber":1,"author":{"gitId":"raw-asparagus"},"content":"# Dusk project template","lastModifiedDate":"2025-01-24","isFullCredit":false},{"lineNumber":2,"author":{"gitId":"-"},"content":"","lastModifiedDate":"2020-05-25","isFullCredit":false},{"lineNumber":3,"author":{"gitId":"-"},"content":"This is a project template for a greenfield Java project. It\u0027s named after the Java mascot _Duke_. Given below are instructions on how to use it.","lastModifiedDate":"2020-05-25","isFullCredit":false},{"lineNumber":4,"author":{"gitId":"-"},"content":"","lastModifiedDate":"2020-05-25","isFullCredit":false},{"lineNumber":5,"author":{"gitId":"-"},"content":"## Setting up in Intellij","lastModifiedDate":"2020-05-25","isFullCredit":false},{"lineNumber":6,"author":{"gitId":"-"},"content":"","lastModifiedDate":"2020-05-25","isFullCredit":false},{"lineNumber":7,"author":{"gitId":"-"},"content":"Prerequisites: JDK 17, update Intellij to the most recent version.","lastModifiedDate":"2024-07-11","isFullCredit":false},{"lineNumber":8,"author":{"gitId":"-"},"content":"","lastModifiedDate":"2020-05-25","isFullCredit":false},{"lineNumber":9,"author":{"gitId":"-"},"content":"1. Open Intellij (if you are not in the welcome screen, click `File` \u003e `Close Project` to close the existing project first)","lastModifiedDate":"2021-01-17","isFullCredit":false},{"lineNumber":10,"author":{"gitId":"-"},"content":"1. Open the project into Intellij as follows:","lastModifiedDate":"2021-01-17","isFullCredit":false},{"lineNumber":11,"author":{"gitId":"-"},"content":"   1. Click `Open`.","lastModifiedDate":"2021-01-17","isFullCredit":false},{"lineNumber":12,"author":{"gitId":"-"},"content":"   1. Select the project directory, and click `OK`.","lastModifiedDate":"2021-01-17","isFullCredit":false},{"lineNumber":13,"author":{"gitId":"-"},"content":"   1. If there are any further prompts, accept the defaults.","lastModifiedDate":"2020-05-25","isFullCredit":false},{"lineNumber":14,"author":{"gitId":"-"},"content":"1. Configure the project to use **JDK 17** (not other versions) as explained in [here](https://www.jetbrains.com/help/idea/sdk.html#set-up-jdk).\u003cbr\u003e","lastModifiedDate":"2024-07-11","isFullCredit":false},{"lineNumber":15,"author":{"gitId":"-"},"content":"   In the same dialog, set the **Project language level** field to the `SDK default` option.","lastModifiedDate":"2021-07-29","isFullCredit":false},{"lineNumber":16,"author":{"gitId":"raw-asparagus"},"content":"1. After that, locate the `src/main/java/Dusk.java` file, right-click it, and choose `Run Dusk.main()` (if the code editor is showing compile errors, try restarting the IDE). If the setup is correct, you should see something like the below as the output:","lastModifiedDate":"2025-01-24","isFullCredit":false},{"lineNumber":17,"author":{"gitId":"-"},"content":"   ```","lastModifiedDate":"2020-05-25","isFullCredit":false},{"lineNumber":18,"author":{"gitId":"raw-asparagus"},"content":"   ____________________________________________________________","lastModifiedDate":"2025-01-24","isFullCredit":false},{"lineNumber":19,"author":{"gitId":"raw-asparagus"},"content":"   Hello! I\u0027m Dusk","lastModifiedDate":"2025-01-24","isFullCredit":false},{"lineNumber":20,"author":{"gitId":"raw-asparagus"},"content":"   What can I do for you?","lastModifiedDate":"2025-01-24","isFullCredit":false},{"lineNumber":21,"author":{"gitId":"raw-asparagus"},"content":"   ____________________________________________________________","lastModifiedDate":"2025-01-24","isFullCredit":false},{"lineNumber":22,"author":{"gitId":"raw-asparagus"},"content":"   Bye. Hope to see you again soon!","lastModifiedDate":"2025-01-24","isFullCredit":false},{"lineNumber":23,"author":{"gitId":"raw-asparagus"},"content":"   ____________________________________________________________","lastModifiedDate":"2025-01-24","isFullCredit":false},{"lineNumber":24,"author":{"gitId":"-"},"content":"   ```","lastModifiedDate":"2020-05-25","isFullCredit":false},{"lineNumber":25,"author":{"gitId":"-"},"content":"","lastModifiedDate":"2025-01-04","isFullCredit":false},{"lineNumber":26,"author":{"gitId":"-"},"content":"**Warning:** Keep the `src\\main\\java` folder as the root folder for Java files (i.e., don\u0027t rename those folders or move Java files to another folder outside of this folder path), as this is the default location some tools (e.g., Gradle) expect to find Java files.","lastModifiedDate":"2025-01-04","isFullCredit":false}],"authorContributionMap":{"raw-asparagus":8,"-":18}},{"path":"docs/README.md","fileType":"md","lines":[{"lineNumber":1,"author":{"gitId":"raw-asparagus"},"content":"# Dusk User Guide","lastModifiedDate":"2025-01-24","isFullCredit":false},{"lineNumber":2,"author":{"gitId":"-"},"content":"","lastModifiedDate":"2019-07-29","isFullCredit":false},{"lineNumber":3,"author":{"gitId":"-"},"content":"// Update the title above to match the actual product name","lastModifiedDate":"2024-01-07","isFullCredit":false},{"lineNumber":4,"author":{"gitId":"-"},"content":"","lastModifiedDate":"2019-07-29","isFullCredit":false},{"lineNumber":5,"author":{"gitId":"-"},"content":"// Product screenshot goes here","lastModifiedDate":"2024-01-07","isFullCredit":false},{"lineNumber":6,"author":{"gitId":"-"},"content":"","lastModifiedDate":"2021-07-17","isFullCredit":false},{"lineNumber":7,"author":{"gitId":"-"},"content":"// Product intro goes here","lastModifiedDate":"2024-01-07","isFullCredit":false},{"lineNumber":8,"author":{"gitId":"-"},"content":"","lastModifiedDate":"2021-07-17","isFullCredit":false},{"lineNumber":9,"author":{"gitId":"-"},"content":"## Adding deadlines","lastModifiedDate":"2024-01-07","isFullCredit":false},{"lineNumber":10,"author":{"gitId":"-"},"content":"","lastModifiedDate":"2021-07-17","isFullCredit":false},{"lineNumber":11,"author":{"gitId":"-"},"content":"// Describe the action and its outcome.","lastModifiedDate":"2024-01-07","isFullCredit":false},{"lineNumber":12,"author":{"gitId":"-"},"content":"","lastModifiedDate":"2019-07-29","isFullCredit":false},{"lineNumber":13,"author":{"gitId":"-"},"content":"// Give examples of usage","lastModifiedDate":"2024-01-07","isFullCredit":false},{"lineNumber":14,"author":{"gitId":"-"},"content":"","lastModifiedDate":"2019-07-29","isFullCredit":false},{"lineNumber":15,"author":{"gitId":"-"},"content":"Example: `keyword (optional arguments)`","lastModifiedDate":"2024-01-07","isFullCredit":false},{"lineNumber":16,"author":{"gitId":"-"},"content":"","lastModifiedDate":"2019-07-29","isFullCredit":false},{"lineNumber":17,"author":{"gitId":"-"},"content":"// A description of the expected outcome goes here","lastModifiedDate":"2024-01-07","isFullCredit":false},{"lineNumber":18,"author":{"gitId":"-"},"content":"","lastModifiedDate":"2019-07-29","isFullCredit":false},{"lineNumber":19,"author":{"gitId":"-"},"content":"```","lastModifiedDate":"2024-01-07","isFullCredit":false},{"lineNumber":20,"author":{"gitId":"-"},"content":"expected output","lastModifiedDate":"2024-01-07","isFullCredit":false},{"lineNumber":21,"author":{"gitId":"-"},"content":"```","lastModifiedDate":"2024-01-07","isFullCredit":false},{"lineNumber":22,"author":{"gitId":"-"},"content":"","lastModifiedDate":"2019-07-29","isFullCredit":false},{"lineNumber":23,"author":{"gitId":"-"},"content":"## Feature ABC","lastModifiedDate":"2024-01-07","isFullCredit":false},{"lineNumber":24,"author":{"gitId":"-"},"content":"","lastModifiedDate":"2019-07-29","isFullCredit":false},{"lineNumber":25,"author":{"gitId":"-"},"content":"// Feature details","lastModifiedDate":"2024-01-07","isFullCredit":false},{"lineNumber":26,"author":{"gitId":"-"},"content":"","lastModifiedDate":"2019-07-29","isFullCredit":false},{"lineNumber":27,"author":{"gitId":"-"},"content":"","lastModifiedDate":"2021-07-17","isFullCredit":false},{"lineNumber":28,"author":{"gitId":"-"},"content":"## Feature XYZ","lastModifiedDate":"2024-01-07","isFullCredit":false},{"lineNumber":29,"author":{"gitId":"-"},"content":"","lastModifiedDate":"2024-01-07","isFullCredit":false},{"lineNumber":30,"author":{"gitId":"-"},"content":"// Feature details","lastModifiedDate":"2024-01-07","isFullCredit":false}],"authorContributionMap":{"raw-asparagus":1,"-":29}},{"path":"src/main/java/Deadline.java","fileType":"java","lines":[{"lineNumber":1,"author":{"gitId":"raw-asparagus"},"content":"public class Deadline extends Task {","lastModifiedDate":"2025-01-24","isFullCredit":false},{"lineNumber":2,"author":{"gitId":"raw-asparagus"},"content":"    protected String by;","lastModifiedDate":"2025-01-24","isFullCredit":false},{"lineNumber":3,"author":{"gitId":"raw-asparagus"},"content":"","lastModifiedDate":"2025-01-24","isFullCredit":false},{"lineNumber":4,"author":{"gitId":"raw-asparagus"},"content":"    public Deadline(String desc, String by) {","lastModifiedDate":"2025-01-24","isFullCredit":false},{"lineNumber":5,"author":{"gitId":"raw-asparagus"},"content":"        super(desc);","lastModifiedDate":"2025-01-24","isFullCredit":false},{"lineNumber":6,"author":{"gitId":"raw-asparagus"},"content":"        this.by \u003d by;","lastModifiedDate":"2025-01-24","isFullCredit":false},{"lineNumber":7,"author":{"gitId":"raw-asparagus"},"content":"    }","lastModifiedDate":"2025-01-24","isFullCredit":false},{"lineNumber":8,"author":{"gitId":"raw-asparagus"},"content":"","lastModifiedDate":"2025-01-24","isFullCredit":false},{"lineNumber":9,"author":{"gitId":"raw-asparagus"},"content":"    @Override","lastModifiedDate":"2025-01-24","isFullCredit":false},{"lineNumber":10,"author":{"gitId":"raw-asparagus"},"content":"    public String toString() {","lastModifiedDate":"2025-01-24","isFullCredit":false},{"lineNumber":11,"author":{"gitId":"raw-asparagus"},"content":"        String by \u003d this.by;","lastModifiedDate":"2025-01-27","isFullCredit":false},{"lineNumber":12,"author":{"gitId":"raw-asparagus"},"content":"        if (by.isEmpty()) {","lastModifiedDate":"2025-01-27","isFullCredit":false},{"lineNumber":13,"author":{"gitId":"raw-asparagus"},"content":"            by \u003d \"no idea :p\";","lastModifiedDate":"2025-01-24","isFullCredit":false},{"lineNumber":14,"author":{"gitId":"raw-asparagus"},"content":"        }","lastModifiedDate":"2025-01-24","isFullCredit":false},{"lineNumber":15,"author":{"gitId":"raw-asparagus"},"content":"        return \"[D]\" + super.toString() + \" (by: \" + by + \")\";","lastModifiedDate":"2025-01-24","isFullCredit":false},{"lineNumber":16,"author":{"gitId":"raw-asparagus"},"content":"    }","lastModifiedDate":"2025-01-24","isFullCredit":false},{"lineNumber":17,"author":{"gitId":"raw-asparagus"},"content":"}","lastModifiedDate":"2025-01-24","isFullCredit":false}],"authorContributionMap":{"raw-asparagus":17}},{"path":"src/main/java/Dusk.java","fileType":"java","lines":[{"lineNumber":1,"author":{"gitId":"raw-asparagus"},"content":"import java.io.BufferedReader;","lastModifiedDate":"2025-01-24","isFullCredit":false},{"lineNumber":2,"author":{"gitId":"raw-asparagus"},"content":"import java.io.BufferedWriter;","lastModifiedDate":"2025-01-24","isFullCredit":false},{"lineNumber":3,"author":{"gitId":"raw-asparagus"},"content":"import java.io.IOException;","lastModifiedDate":"2025-01-24","isFullCredit":false},{"lineNumber":4,"author":{"gitId":"raw-asparagus"},"content":"import java.io.InputStreamReader;","lastModifiedDate":"2025-01-24","isFullCredit":false},{"lineNumber":5,"author":{"gitId":"raw-asparagus"},"content":"import java.io.OutputStreamWriter;","lastModifiedDate":"2025-01-24","isFullCredit":false},{"lineNumber":6,"author":{"gitId":"raw-asparagus"},"content":"import java.util.ArrayList;","lastModifiedDate":"2025-01-27","isFullCredit":false},{"lineNumber":7,"author":{"gitId":"raw-asparagus"},"content":"import java.util.List;","lastModifiedDate":"2025-01-27","isFullCredit":false},{"lineNumber":8,"author":{"gitId":"raw-asparagus"},"content":"import java.util.logging.Level;","lastModifiedDate":"2025-01-24","isFullCredit":false},{"lineNumber":9,"author":{"gitId":"raw-asparagus"},"content":"import java.util.logging.Logger;","lastModifiedDate":"2025-01-24","isFullCredit":false},{"lineNumber":10,"author":{"gitId":"raw-asparagus"},"content":"import java.util.regex.Matcher;","lastModifiedDate":"2025-01-27","isFullCredit":false},{"lineNumber":11,"author":{"gitId":"raw-asparagus"},"content":"import java.util.regex.Pattern;","lastModifiedDate":"2025-01-27","isFullCredit":false},{"lineNumber":12,"author":{"gitId":"raw-asparagus"},"content":"","lastModifiedDate":"2025-01-24","isFullCredit":false},{"lineNumber":13,"author":{"gitId":"raw-asparagus"},"content":"public class Dusk {","lastModifiedDate":"2025-01-24","isFullCredit":false},{"lineNumber":14,"author":{"gitId":"raw-asparagus"},"content":"    // Commons","lastModifiedDate":"2025-01-24","isFullCredit":false},{"lineNumber":15,"author":{"gitId":"raw-asparagus"},"content":"    private static final Logger logger \u003d Logger.getLogger(Dusk.class.getName());","lastModifiedDate":"2025-01-24","isFullCredit":false},{"lineNumber":16,"author":{"gitId":"raw-asparagus"},"content":"    private static final List\u003cTask\u003e tasks \u003d new ArrayList\u003c\u003e();","lastModifiedDate":"2025-01-27","isFullCredit":false},{"lineNumber":17,"author":{"gitId":"raw-asparagus"},"content":"","lastModifiedDate":"2025-01-24","isFullCredit":false},{"lineNumber":18,"author":{"gitId":"raw-asparagus"},"content":"    // Commons messages","lastModifiedDate":"2025-01-27","isFullCredit":false},{"lineNumber":19,"author":{"gitId":"raw-asparagus"},"content":"    public static final String[] GREETING \u003d new String[] {","lastModifiedDate":"2025-01-27","isFullCredit":false},{"lineNumber":20,"author":{"gitId":"raw-asparagus"},"content":"        \"Hello! I\u0027m Dusk\",","lastModifiedDate":"2025-01-27","isFullCredit":false},{"lineNumber":21,"author":{"gitId":"raw-asparagus"},"content":"        \"Anything you want me to do for you? :D\"","lastModifiedDate":"2025-01-27","isFullCredit":false},{"lineNumber":22,"author":{"gitId":"raw-asparagus"},"content":"    };","lastModifiedDate":"2025-01-27","isFullCredit":false},{"lineNumber":23,"author":{"gitId":"raw-asparagus"},"content":"    public static final String BYE \u003d \"See ya! Hope to see you again soon! :3\";","lastModifiedDate":"2025-01-27","isFullCredit":false},{"lineNumber":24,"author":{"gitId":"raw-asparagus"},"content":"","lastModifiedDate":"2025-01-24","isFullCredit":false},{"lineNumber":25,"author":{"gitId":"raw-asparagus"},"content":"    public enum CommandType {","lastModifiedDate":"2025-01-27","isFullCredit":false},{"lineNumber":26,"author":{"gitId":"raw-asparagus"},"content":"        LIST,","lastModifiedDate":"2025-01-27","isFullCredit":false},{"lineNumber":27,"author":{"gitId":"raw-asparagus"},"content":"        MARK,","lastModifiedDate":"2025-01-27","isFullCredit":false},{"lineNumber":28,"author":{"gitId":"raw-asparagus"},"content":"        UNMARK,","lastModifiedDate":"2025-01-27","isFullCredit":false},{"lineNumber":29,"author":{"gitId":"raw-asparagus"},"content":"        DELETE,","lastModifiedDate":"2025-01-27","isFullCredit":false},{"lineNumber":30,"author":{"gitId":"raw-asparagus"},"content":"        TODO,","lastModifiedDate":"2025-01-27","isFullCredit":false},{"lineNumber":31,"author":{"gitId":"raw-asparagus"},"content":"        DEADLINE,","lastModifiedDate":"2025-01-27","isFullCredit":false},{"lineNumber":32,"author":{"gitId":"raw-asparagus"},"content":"        EVENT;","lastModifiedDate":"2025-01-27","isFullCredit":false},{"lineNumber":33,"author":{"gitId":"raw-asparagus"},"content":"","lastModifiedDate":"2025-01-27","isFullCredit":false},{"lineNumber":34,"author":{"gitId":"raw-asparagus"},"content":"        public static CommandType fromString(String command) {","lastModifiedDate":"2025-01-27","isFullCredit":false},{"lineNumber":35,"author":{"gitId":"raw-asparagus"},"content":"            try {","lastModifiedDate":"2025-01-27","isFullCredit":false},{"lineNumber":36,"author":{"gitId":"raw-asparagus"},"content":"                return CommandType.valueOf(command.toUpperCase());","lastModifiedDate":"2025-01-27","isFullCredit":false},{"lineNumber":37,"author":{"gitId":"raw-asparagus"},"content":"            } catch (IllegalArgumentException e) {","lastModifiedDate":"2025-01-27","isFullCredit":false},{"lineNumber":38,"author":{"gitId":"raw-asparagus"},"content":"                return null;","lastModifiedDate":"2025-01-27","isFullCredit":false},{"lineNumber":39,"author":{"gitId":"raw-asparagus"},"content":"            }","lastModifiedDate":"2025-01-27","isFullCredit":false},{"lineNumber":40,"author":{"gitId":"raw-asparagus"},"content":"        }","lastModifiedDate":"2025-01-27","isFullCredit":false},{"lineNumber":41,"author":{"gitId":"raw-asparagus"},"content":"    }","lastModifiedDate":"2025-01-27","isFullCredit":false},{"lineNumber":42,"author":{"gitId":"raw-asparagus"},"content":"","lastModifiedDate":"2025-01-27","isFullCredit":false},{"lineNumber":43,"author":{"gitId":"raw-asparagus"},"content":"    public enum FlagType {","lastModifiedDate":"2025-01-27","isFullCredit":false},{"lineNumber":44,"author":{"gitId":"raw-asparagus"},"content":"        BY,","lastModifiedDate":"2025-01-27","isFullCredit":false},{"lineNumber":45,"author":{"gitId":"raw-asparagus"},"content":"        FROM,","lastModifiedDate":"2025-01-27","isFullCredit":false},{"lineNumber":46,"author":{"gitId":"raw-asparagus"},"content":"        TO;","lastModifiedDate":"2025-01-27","isFullCredit":false},{"lineNumber":47,"author":{"gitId":"raw-asparagus"},"content":"","lastModifiedDate":"2025-01-27","isFullCredit":false},{"lineNumber":48,"author":{"gitId":"raw-asparagus"},"content":"        public static FlagType fromString(String flag) {","lastModifiedDate":"2025-01-27","isFullCredit":false},{"lineNumber":49,"author":{"gitId":"raw-asparagus"},"content":"            try {","lastModifiedDate":"2025-01-27","isFullCredit":false},{"lineNumber":50,"author":{"gitId":"raw-asparagus"},"content":"                return FlagType.valueOf(flag.toUpperCase());","lastModifiedDate":"2025-01-27","isFullCredit":false},{"lineNumber":51,"author":{"gitId":"raw-asparagus"},"content":"            } catch (IllegalArgumentException e) {","lastModifiedDate":"2025-01-27","isFullCredit":false},{"lineNumber":52,"author":{"gitId":"raw-asparagus"},"content":"                return null;","lastModifiedDate":"2025-01-27","isFullCredit":false},{"lineNumber":53,"author":{"gitId":"raw-asparagus"},"content":"            }","lastModifiedDate":"2025-01-27","isFullCredit":false},{"lineNumber":54,"author":{"gitId":"raw-asparagus"},"content":"        }","lastModifiedDate":"2025-01-27","isFullCredit":false},{"lineNumber":55,"author":{"gitId":"raw-asparagus"},"content":"    }","lastModifiedDate":"2025-01-27","isFullCredit":false},{"lineNumber":56,"author":{"gitId":"raw-asparagus"},"content":"","lastModifiedDate":"2025-01-27","isFullCredit":false},{"lineNumber":57,"author":{"gitId":"raw-asparagus"},"content":"    public static void main(String[] args) {","lastModifiedDate":"2025-01-24","isFullCredit":false},{"lineNumber":58,"author":{"gitId":"raw-asparagus"},"content":"        try (","lastModifiedDate":"2025-01-24","isFullCredit":false},{"lineNumber":59,"author":{"gitId":"raw-asparagus"},"content":"            BufferedReader reader \u003d new BufferedReader(new InputStreamReader(System.in));","lastModifiedDate":"2025-01-24","isFullCredit":false},{"lineNumber":60,"author":{"gitId":"raw-asparagus"},"content":"            BufferedWriter writer \u003d new BufferedWriter(new OutputStreamWriter(System.out))","lastModifiedDate":"2025-01-27","isFullCredit":false},{"lineNumber":61,"author":{"gitId":"raw-asparagus"},"content":"        ) {","lastModifiedDate":"2025-01-27","isFullCredit":false},{"lineNumber":62,"author":{"gitId":"raw-asparagus"},"content":"            printMessage(writer, GREETING);","lastModifiedDate":"2025-01-27","isFullCredit":false},{"lineNumber":63,"author":{"gitId":"raw-asparagus"},"content":"","lastModifiedDate":"2025-01-24","isFullCredit":false},{"lineNumber":64,"author":{"gitId":"raw-asparagus"},"content":"            String input;","lastModifiedDate":"2025-01-24","isFullCredit":false},{"lineNumber":65,"author":{"gitId":"raw-asparagus"},"content":"            while ((input \u003d reader.readLine()) !\u003d null \u0026\u0026 !\"bye\".equalsIgnoreCase(input.trim())) {","lastModifiedDate":"2025-01-24","isFullCredit":false},{"lineNumber":66,"author":{"gitId":"raw-asparagus"},"content":"                writer.write(input + \"\\n\");","lastModifiedDate":"2025-01-27","isFullCredit":false},{"lineNumber":67,"author":{"gitId":"raw-asparagus"},"content":"                writer.flush();","lastModifiedDate":"2025-01-27","isFullCredit":false},{"lineNumber":68,"author":{"gitId":"raw-asparagus"},"content":"                try {","lastModifiedDate":"2025-01-27","isFullCredit":false},{"lineNumber":69,"author":{"gitId":"raw-asparagus"},"content":"                    Command command \u003d CommandParser.parse(writer, input, tasks);","lastModifiedDate":"2025-01-27","isFullCredit":false},{"lineNumber":70,"author":{"gitId":"raw-asparagus"},"content":"                    command.execute();","lastModifiedDate":"2025-01-27","isFullCredit":false},{"lineNumber":71,"author":{"gitId":"raw-asparagus"},"content":"                } catch (DuskException | InputException e) {","lastModifiedDate":"2025-01-27","isFullCredit":false},{"lineNumber":72,"author":{"gitId":"raw-asparagus"},"content":"                    Dusk.printMessage(writer, \"!! \" + e.getMessage());","lastModifiedDate":"2025-01-27","isFullCredit":false},{"lineNumber":73,"author":{"gitId":"raw-asparagus"},"content":"                }","lastModifiedDate":"2025-01-27","isFullCredit":false},{"lineNumber":74,"author":{"gitId":"raw-asparagus"},"content":"            }","lastModifiedDate":"2025-01-24","isFullCredit":false},{"lineNumber":75,"author":{"gitId":"raw-asparagus"},"content":"","lastModifiedDate":"2025-01-24","isFullCredit":false},{"lineNumber":76,"author":{"gitId":"raw-asparagus"},"content":"            printMessage(writer, BYE);","lastModifiedDate":"2025-01-27","isFullCredit":false},{"lineNumber":77,"author":{"gitId":"raw-asparagus"},"content":"        } catch (IOException e) {","lastModifiedDate":"2025-01-24","isFullCredit":false},{"lineNumber":78,"author":{"gitId":"raw-asparagus"},"content":"            logger.log(Level.SEVERE,","lastModifiedDate":"2025-01-27","isFullCredit":false},{"lineNumber":79,"author":{"gitId":"raw-asparagus"},"content":"                    \"An error occurred while handling I/O operations using BufferedReader/BufferedWriter.\", e);","lastModifiedDate":"2025-01-27","isFullCredit":false},{"lineNumber":80,"author":{"gitId":"raw-asparagus"},"content":"        }","lastModifiedDate":"2025-01-24","isFullCredit":false},{"lineNumber":81,"author":{"gitId":"raw-asparagus"},"content":"    }","lastModifiedDate":"2025-01-24","isFullCredit":false},{"lineNumber":82,"author":{"gitId":"raw-asparagus"},"content":"","lastModifiedDate":"2025-01-24","isFullCredit":false},{"lineNumber":83,"author":{"gitId":"raw-asparagus"},"content":"    private static void printMessage(BufferedWriter writer, String message) throws IOException {","lastModifiedDate":"2025-01-27","isFullCredit":false},{"lineNumber":84,"author":{"gitId":"raw-asparagus"},"content":"        printLine(writer);","lastModifiedDate":"2025-01-24","isFullCredit":false},{"lineNumber":85,"author":{"gitId":"raw-asparagus"},"content":"        writer.write(\"\\t \" + message + \"\\n\");","lastModifiedDate":"2025-01-27","isFullCredit":false},{"lineNumber":86,"author":{"gitId":"raw-asparagus"},"content":"        printLine(writer);","lastModifiedDate":"2025-01-24","isFullCredit":false},{"lineNumber":87,"author":{"gitId":"raw-asparagus"},"content":"        writer.flush();","lastModifiedDate":"2025-01-27","isFullCredit":false},{"lineNumber":88,"author":{"gitId":"raw-asparagus"},"content":"    }","lastModifiedDate":"2025-01-24","isFullCredit":false},{"lineNumber":89,"author":{"gitId":"raw-asparagus"},"content":"","lastModifiedDate":"2025-01-24","isFullCredit":false},{"lineNumber":90,"author":{"gitId":"raw-asparagus"},"content":"    private static void printMessage(BufferedWriter writer, String[] messages) throws IOException {","lastModifiedDate":"2025-01-27","isFullCredit":false},{"lineNumber":91,"author":{"gitId":"raw-asparagus"},"content":"        printLine(writer);","lastModifiedDate":"2025-01-24","isFullCredit":false},{"lineNumber":92,"author":{"gitId":"raw-asparagus"},"content":"        for (String message : messages) {","lastModifiedDate":"2025-01-27","isFullCredit":false},{"lineNumber":93,"author":{"gitId":"raw-asparagus"},"content":"            writer.write(\"\\t \" + message + \"\\n\");","lastModifiedDate":"2025-01-27","isFullCredit":false},{"lineNumber":94,"author":{"gitId":"raw-asparagus"},"content":"        }","lastModifiedDate":"2025-01-27","isFullCredit":false},{"lineNumber":95,"author":{"gitId":"raw-asparagus"},"content":"        printLine(writer);","lastModifiedDate":"2025-01-24","isFullCredit":false},{"lineNumber":96,"author":{"gitId":"raw-asparagus"},"content":"        writer.flush();","lastModifiedDate":"2025-01-27","isFullCredit":false},{"lineNumber":97,"author":{"gitId":"raw-asparagus"},"content":"    }","lastModifiedDate":"2025-01-24","isFullCredit":false},{"lineNumber":98,"author":{"gitId":"raw-asparagus"},"content":"","lastModifiedDate":"2025-01-24","isFullCredit":false},{"lineNumber":99,"author":{"gitId":"raw-asparagus"},"content":"    private static void printLine(BufferedWriter writer) throws IOException {","lastModifiedDate":"2025-01-24","isFullCredit":false},{"lineNumber":100,"author":{"gitId":"raw-asparagus"},"content":"        writer.write(\"\\t\" + \"_\".repeat(60) + \"\\n\");","lastModifiedDate":"2025-01-27","isFullCredit":false},{"lineNumber":101,"author":{"gitId":"raw-asparagus"},"content":"    }","lastModifiedDate":"2025-01-24","isFullCredit":false},{"lineNumber":102,"author":{"gitId":"raw-asparagus"},"content":"","lastModifiedDate":"2025-01-24","isFullCredit":false},{"lineNumber":103,"author":{"gitId":"raw-asparagus"},"content":"    public interface Command {","lastModifiedDate":"2025-01-27","isFullCredit":false},{"lineNumber":104,"author":{"gitId":"raw-asparagus"},"content":"        void execute() throws DuskException, InputException, IOException;","lastModifiedDate":"2025-01-27","isFullCredit":false},{"lineNumber":105,"author":{"gitId":"raw-asparagus"},"content":"    }","lastModifiedDate":"2025-01-27","isFullCredit":false},{"lineNumber":106,"author":{"gitId":"raw-asparagus"},"content":"","lastModifiedDate":"2025-01-27","isFullCredit":false},{"lineNumber":107,"author":{"gitId":"raw-asparagus"},"content":"    public class CommandParser {","lastModifiedDate":"2025-01-27","isFullCredit":false},{"lineNumber":108,"author":{"gitId":"raw-asparagus"},"content":"        public static Command parse(BufferedWriter writer, String input, List\u003cTask\u003e tasks) throws InputException {","lastModifiedDate":"2025-01-27","isFullCredit":false},{"lineNumber":109,"author":{"gitId":"raw-asparagus"},"content":"            input \u003d input.trim();","lastModifiedDate":"2025-01-27","isFullCredit":false},{"lineNumber":110,"author":{"gitId":"raw-asparagus"},"content":"            if (input.isEmpty()) {","lastModifiedDate":"2025-01-27","isFullCredit":false},{"lineNumber":111,"author":{"gitId":"raw-asparagus"},"content":"                throw new InputException(\"Input cannot be null or empty.\");","lastModifiedDate":"2025-01-27","isFullCredit":false},{"lineNumber":112,"author":{"gitId":"raw-asparagus"},"content":"            }","lastModifiedDate":"2025-01-24","isFullCredit":false},{"lineNumber":113,"author":{"gitId":"raw-asparagus"},"content":"","lastModifiedDate":"2025-01-24","isFullCredit":false},{"lineNumber":114,"author":{"gitId":"raw-asparagus"},"content":"            Pattern inputPattern \u003d Pattern.compile(","lastModifiedDate":"2025-01-27","isFullCredit":false},{"lineNumber":115,"author":{"gitId":"raw-asparagus"},"content":"                    \"^(?\u003ccommand\u003elist|mark|unmark|delete|todo|deadline|event)(?:\\\\s+(?\u003cdescription\u003e[^/]+)(?\u003carguments\u003e.*))?$\",","lastModifiedDate":"2025-01-27","isFullCredit":false},{"lineNumber":116,"author":{"gitId":"raw-asparagus"},"content":"                    Pattern.CASE_INSENSITIVE);","lastModifiedDate":"2025-01-27","isFullCredit":false},{"lineNumber":117,"author":{"gitId":"raw-asparagus"},"content":"","lastModifiedDate":"2025-01-24","isFullCredit":false},{"lineNumber":118,"author":{"gitId":"raw-asparagus"},"content":"            Matcher inputMatcher \u003d inputPattern.matcher(input);","lastModifiedDate":"2025-01-27","isFullCredit":false},{"lineNumber":119,"author":{"gitId":"raw-asparagus"},"content":"            if (!inputMatcher.matches()) {","lastModifiedDate":"2025-01-27","isFullCredit":false},{"lineNumber":120,"author":{"gitId":"raw-asparagus"},"content":"                throw new InputException(\"Invalid command: \" + input);","lastModifiedDate":"2025-01-27","isFullCredit":false},{"lineNumber":121,"author":{"gitId":"raw-asparagus"},"content":"            }","lastModifiedDate":"2025-01-24","isFullCredit":false},{"lineNumber":122,"author":{"gitId":"raw-asparagus"},"content":"","lastModifiedDate":"2025-01-24","isFullCredit":false},{"lineNumber":123,"author":{"gitId":"raw-asparagus"},"content":"            Dusk.CommandType commandType \u003d CommandType.fromString(inputMatcher.group(\"command\").trim());","lastModifiedDate":"2025-01-27","isFullCredit":false},{"lineNumber":124,"author":{"gitId":"raw-asparagus"},"content":"            String rawDescription \u003d inputMatcher.group(\"description\");","lastModifiedDate":"2025-01-27","isFullCredit":false},{"lineNumber":125,"author":{"gitId":"raw-asparagus"},"content":"            String rawArguments \u003d inputMatcher.group(\"arguments\");","lastModifiedDate":"2025-01-27","isFullCredit":false},{"lineNumber":126,"author":{"gitId":"raw-asparagus"},"content":"","lastModifiedDate":"2025-01-24","isFullCredit":false},{"lineNumber":127,"author":{"gitId":"raw-asparagus"},"content":"            String description \u003d (rawDescription \u003d\u003d null) ? \"\" : rawDescription.trim();","lastModifiedDate":"2025-01-27","isFullCredit":false},{"lineNumber":128,"author":{"gitId":"raw-asparagus"},"content":"            String arguments \u003d (rawArguments \u003d\u003d null) ? \"\" : rawArguments.trim();","lastModifiedDate":"2025-01-27","isFullCredit":false},{"lineNumber":129,"author":{"gitId":"raw-asparagus"},"content":"","lastModifiedDate":"2025-01-24","isFullCredit":false},{"lineNumber":130,"author":{"gitId":"raw-asparagus"},"content":"            String by \u003d \"\";","lastModifiedDate":"2025-01-27","isFullCredit":false},{"lineNumber":131,"author":{"gitId":"raw-asparagus"},"content":"            String from \u003d \"\";","lastModifiedDate":"2025-01-27","isFullCredit":false},{"lineNumber":132,"author":{"gitId":"raw-asparagus"},"content":"            String to \u003d \"\";","lastModifiedDate":"2025-01-27","isFullCredit":false},{"lineNumber":133,"author":{"gitId":"raw-asparagus"},"content":"            if (!arguments.isBlank()) {","lastModifiedDate":"2025-01-27","isFullCredit":false},{"lineNumber":134,"author":{"gitId":"raw-asparagus"},"content":"                Pattern flagsPattern \u003d Pattern.compile(\"/(?\u003cflag\u003eby|from|to)\\\\s+(?\u003cvalue\u003e[^/]+)\", Pattern.CASE_INSENSITIVE);","lastModifiedDate":"2025-01-27","isFullCredit":false},{"lineNumber":135,"author":{"gitId":"raw-asparagus"},"content":"                Matcher flagsMatcher \u003d flagsPattern.matcher(arguments);","lastModifiedDate":"2025-01-27","isFullCredit":false},{"lineNumber":136,"author":{"gitId":"raw-asparagus"},"content":"                while (flagsMatcher.find()) {","lastModifiedDate":"2025-01-27","isFullCredit":false},{"lineNumber":137,"author":{"gitId":"raw-asparagus"},"content":"                    Dusk.FlagType flag \u003d Dusk.FlagType.fromString(flagsMatcher.group(\"flag\").trim());","lastModifiedDate":"2025-01-27","isFullCredit":false},{"lineNumber":138,"author":{"gitId":"raw-asparagus"},"content":"                    String value \u003d flagsMatcher.group(\"value\").trim();","lastModifiedDate":"2025-01-27","isFullCredit":false},{"lineNumber":139,"author":{"gitId":"raw-asparagus"},"content":"","lastModifiedDate":"2025-01-27","isFullCredit":false},{"lineNumber":140,"author":{"gitId":"raw-asparagus"},"content":"                    switch (flag) {","lastModifiedDate":"2025-01-27","isFullCredit":false},{"lineNumber":141,"author":{"gitId":"raw-asparagus"},"content":"                        case BY:","lastModifiedDate":"2025-01-27","isFullCredit":false},{"lineNumber":142,"author":{"gitId":"raw-asparagus"},"content":"                            by \u003d value;","lastModifiedDate":"2025-01-27","isFullCredit":false},{"lineNumber":143,"author":{"gitId":"raw-asparagus"},"content":"                            break;","lastModifiedDate":"2025-01-27","isFullCredit":false},{"lineNumber":144,"author":{"gitId":"raw-asparagus"},"content":"                        case FROM:","lastModifiedDate":"2025-01-27","isFullCredit":false},{"lineNumber":145,"author":{"gitId":"raw-asparagus"},"content":"                            from \u003d value;","lastModifiedDate":"2025-01-27","isFullCredit":false},{"lineNumber":146,"author":{"gitId":"raw-asparagus"},"content":"                            break;","lastModifiedDate":"2025-01-27","isFullCredit":false},{"lineNumber":147,"author":{"gitId":"raw-asparagus"},"content":"                        case TO:","lastModifiedDate":"2025-01-27","isFullCredit":false},{"lineNumber":148,"author":{"gitId":"raw-asparagus"},"content":"                            to \u003d value;","lastModifiedDate":"2025-01-27","isFullCredit":false},{"lineNumber":149,"author":{"gitId":"raw-asparagus"},"content":"                            break;","lastModifiedDate":"2025-01-27","isFullCredit":false},{"lineNumber":150,"author":{"gitId":"raw-asparagus"},"content":"                        default:","lastModifiedDate":"2025-01-27","isFullCredit":false},{"lineNumber":151,"author":{"gitId":"raw-asparagus"},"content":"                            break;","lastModifiedDate":"2025-01-27","isFullCredit":false},{"lineNumber":152,"author":{"gitId":"raw-asparagus"},"content":"                    }","lastModifiedDate":"2025-01-27","isFullCredit":false},{"lineNumber":153,"author":{"gitId":"raw-asparagus"},"content":"                }","lastModifiedDate":"2025-01-27","isFullCredit":false},{"lineNumber":154,"author":{"gitId":"raw-asparagus"},"content":"            }","lastModifiedDate":"2025-01-27","isFullCredit":false},{"lineNumber":155,"author":{"gitId":"raw-asparagus"},"content":"","lastModifiedDate":"2025-01-27","isFullCredit":false},{"lineNumber":156,"author":{"gitId":"raw-asparagus"},"content":"            switch (commandType) {","lastModifiedDate":"2025-01-27","isFullCredit":false},{"lineNumber":157,"author":{"gitId":"raw-asparagus"},"content":"                case LIST:","lastModifiedDate":"2025-01-27","isFullCredit":false},{"lineNumber":158,"author":{"gitId":"raw-asparagus"},"content":"                    return new ListCommand(tasks, writer);","lastModifiedDate":"2025-01-27","isFullCredit":false},{"lineNumber":159,"author":{"gitId":"raw-asparagus"},"content":"                case MARK:","lastModifiedDate":"2025-01-27","isFullCredit":false},{"lineNumber":160,"author":{"gitId":"raw-asparagus"},"content":"                    return new MarkCommand(tasks, writer, description, true);","lastModifiedDate":"2025-01-27","isFullCredit":false},{"lineNumber":161,"author":{"gitId":"raw-asparagus"},"content":"                case UNMARK:","lastModifiedDate":"2025-01-27","isFullCredit":false},{"lineNumber":162,"author":{"gitId":"raw-asparagus"},"content":"                    return new MarkCommand(tasks, writer, description, false);","lastModifiedDate":"2025-01-27","isFullCredit":false},{"lineNumber":163,"author":{"gitId":"raw-asparagus"},"content":"                case DELETE:","lastModifiedDate":"2025-01-27","isFullCredit":false},{"lineNumber":164,"author":{"gitId":"raw-asparagus"},"content":"                    return new DeleteCommand(tasks, writer, description);","lastModifiedDate":"2025-01-27","isFullCredit":false},{"lineNumber":165,"author":{"gitId":"raw-asparagus"},"content":"                case TODO:","lastModifiedDate":"2025-01-27","isFullCredit":false},{"lineNumber":166,"author":{"gitId":"raw-asparagus"},"content":"                    return new CreateTodoCommand(tasks, writer, description);","lastModifiedDate":"2025-01-27","isFullCredit":false},{"lineNumber":167,"author":{"gitId":"raw-asparagus"},"content":"                case DEADLINE:","lastModifiedDate":"2025-01-27","isFullCredit":false},{"lineNumber":168,"author":{"gitId":"raw-asparagus"},"content":"                    return new CreateDeadlineCommand(tasks, writer, description, by);","lastModifiedDate":"2025-01-27","isFullCredit":false},{"lineNumber":169,"author":{"gitId":"raw-asparagus"},"content":"                case EVENT:","lastModifiedDate":"2025-01-27","isFullCredit":false},{"lineNumber":170,"author":{"gitId":"raw-asparagus"},"content":"                    return new CreateEventCommand(tasks, writer, description, from, to);","lastModifiedDate":"2025-01-27","isFullCredit":false},{"lineNumber":171,"author":{"gitId":"raw-asparagus"},"content":"                default:","lastModifiedDate":"2025-01-27","isFullCredit":false},{"lineNumber":172,"author":{"gitId":"raw-asparagus"},"content":"                    throw new InputException(\"Unknown command: \" + commandType);","lastModifiedDate":"2025-01-27","isFullCredit":false},{"lineNumber":173,"author":{"gitId":"raw-asparagus"},"content":"            }","lastModifiedDate":"2025-01-27","isFullCredit":false},{"lineNumber":174,"author":{"gitId":"raw-asparagus"},"content":"        }","lastModifiedDate":"2025-01-27","isFullCredit":false},{"lineNumber":175,"author":{"gitId":"raw-asparagus"},"content":"    }","lastModifiedDate":"2025-01-27","isFullCredit":false},{"lineNumber":176,"author":{"gitId":"raw-asparagus"},"content":"","lastModifiedDate":"2025-01-27","isFullCredit":false},{"lineNumber":177,"author":{"gitId":"raw-asparagus"},"content":"    public static class ListCommand implements Command {","lastModifiedDate":"2025-01-27","isFullCredit":false},{"lineNumber":178,"author":{"gitId":"raw-asparagus"},"content":"        private final List\u003cTask\u003e tasks;","lastModifiedDate":"2025-01-27","isFullCredit":false},{"lineNumber":179,"author":{"gitId":"raw-asparagus"},"content":"        private final BufferedWriter writer;","lastModifiedDate":"2025-01-27","isFullCredit":false},{"lineNumber":180,"author":{"gitId":"raw-asparagus"},"content":"","lastModifiedDate":"2025-01-27","isFullCredit":false},{"lineNumber":181,"author":{"gitId":"raw-asparagus"},"content":"        public ListCommand(List\u003cTask\u003e tasks, BufferedWriter writer) {","lastModifiedDate":"2025-01-27","isFullCredit":false},{"lineNumber":182,"author":{"gitId":"raw-asparagus"},"content":"            this.tasks \u003d tasks;","lastModifiedDate":"2025-01-27","isFullCredit":false},{"lineNumber":183,"author":{"gitId":"raw-asparagus"},"content":"            this.writer \u003d writer;","lastModifiedDate":"2025-01-27","isFullCredit":false},{"lineNumber":184,"author":{"gitId":"raw-asparagus"},"content":"        }","lastModifiedDate":"2025-01-27","isFullCredit":false},{"lineNumber":185,"author":{"gitId":"raw-asparagus"},"content":"","lastModifiedDate":"2025-01-27","isFullCredit":false},{"lineNumber":186,"author":{"gitId":"raw-asparagus"},"content":"        @Override","lastModifiedDate":"2025-01-27","isFullCredit":false},{"lineNumber":187,"author":{"gitId":"raw-asparagus"},"content":"        public void execute() throws IOException {","lastModifiedDate":"2025-01-27","isFullCredit":false},{"lineNumber":188,"author":{"gitId":"raw-asparagus"},"content":"            if (tasks.isEmpty()) {","lastModifiedDate":"2025-01-27","isFullCredit":false},{"lineNumber":189,"author":{"gitId":"raw-asparagus"},"content":"                Dusk.printMessage(writer, \"Task list is empty!\");","lastModifiedDate":"2025-01-27","isFullCredit":false},{"lineNumber":190,"author":{"gitId":"raw-asparagus"},"content":"            } else {","lastModifiedDate":"2025-01-27","isFullCredit":false},{"lineNumber":191,"author":{"gitId":"raw-asparagus"},"content":"                String[] messages \u003d new String[tasks.size() + 1];","lastModifiedDate":"2025-01-27","isFullCredit":false},{"lineNumber":192,"author":{"gitId":"raw-asparagus"},"content":"                messages[0] \u003d \"Here are the tasks in your list:\";","lastModifiedDate":"2025-01-27","isFullCredit":false},{"lineNumber":193,"author":{"gitId":"raw-asparagus"},"content":"                for (int i \u003d 1; i \u003c\u003d tasks.size(); i++) {","lastModifiedDate":"2025-01-27","isFullCredit":false},{"lineNumber":194,"author":{"gitId":"raw-asparagus"},"content":"                    messages[i] \u003d i + \".\" + tasks.get(i - 1);","lastModifiedDate":"2025-01-27","isFullCredit":false},{"lineNumber":195,"author":{"gitId":"raw-asparagus"},"content":"                }","lastModifiedDate":"2025-01-27","isFullCredit":false},{"lineNumber":196,"author":{"gitId":"raw-asparagus"},"content":"                Dusk.printMessage(writer, messages);","lastModifiedDate":"2025-01-27","isFullCredit":false},{"lineNumber":197,"author":{"gitId":"raw-asparagus"},"content":"            }","lastModifiedDate":"2025-01-27","isFullCredit":false},{"lineNumber":198,"author":{"gitId":"raw-asparagus"},"content":"        }","lastModifiedDate":"2025-01-27","isFullCredit":false},{"lineNumber":199,"author":{"gitId":"raw-asparagus"},"content":"    }","lastModifiedDate":"2025-01-27","isFullCredit":false},{"lineNumber":200,"author":{"gitId":"raw-asparagus"},"content":"","lastModifiedDate":"2025-01-27","isFullCredit":false},{"lineNumber":201,"author":{"gitId":"raw-asparagus"},"content":"    public static class MarkCommand implements Command {","lastModifiedDate":"2025-01-27","isFullCredit":false},{"lineNumber":202,"author":{"gitId":"raw-asparagus"},"content":"        private final List\u003cTask\u003e tasks;","lastModifiedDate":"2025-01-27","isFullCredit":false},{"lineNumber":203,"author":{"gitId":"raw-asparagus"},"content":"        private final BufferedWriter writer;","lastModifiedDate":"2025-01-27","isFullCredit":false},{"lineNumber":204,"author":{"gitId":"raw-asparagus"},"content":"        private final String description;","lastModifiedDate":"2025-01-27","isFullCredit":false},{"lineNumber":205,"author":{"gitId":"raw-asparagus"},"content":"        private final boolean isMark;","lastModifiedDate":"2025-01-27","isFullCredit":false},{"lineNumber":206,"author":{"gitId":"raw-asparagus"},"content":"","lastModifiedDate":"2025-01-27","isFullCredit":false},{"lineNumber":207,"author":{"gitId":"raw-asparagus"},"content":"        public MarkCommand(List\u003cTask\u003e tasks, BufferedWriter writer, String description, boolean isMark) {","lastModifiedDate":"2025-01-27","isFullCredit":false},{"lineNumber":208,"author":{"gitId":"raw-asparagus"},"content":"            this.tasks \u003d tasks;","lastModifiedDate":"2025-01-27","isFullCredit":false},{"lineNumber":209,"author":{"gitId":"raw-asparagus"},"content":"            this.writer \u003d writer;","lastModifiedDate":"2025-01-27","isFullCredit":false},{"lineNumber":210,"author":{"gitId":"raw-asparagus"},"content":"            this.description \u003d description;","lastModifiedDate":"2025-01-27","isFullCredit":false},{"lineNumber":211,"author":{"gitId":"raw-asparagus"},"content":"            this.isMark \u003d isMark;","lastModifiedDate":"2025-01-27","isFullCredit":false},{"lineNumber":212,"author":{"gitId":"raw-asparagus"},"content":"        }","lastModifiedDate":"2025-01-27","isFullCredit":false},{"lineNumber":213,"author":{"gitId":"raw-asparagus"},"content":"","lastModifiedDate":"2025-01-27","isFullCredit":false},{"lineNumber":214,"author":{"gitId":"raw-asparagus"},"content":"        @Override","lastModifiedDate":"2025-01-27","isFullCredit":false},{"lineNumber":215,"author":{"gitId":"raw-asparagus"},"content":"        public void execute() throws IOException, DuskException, InputException {","lastModifiedDate":"2025-01-27","isFullCredit":false},{"lineNumber":216,"author":{"gitId":"raw-asparagus"},"content":"            int idx;","lastModifiedDate":"2025-01-27","isFullCredit":false},{"lineNumber":217,"author":{"gitId":"raw-asparagus"},"content":"            try {","lastModifiedDate":"2025-01-27","isFullCredit":false},{"lineNumber":218,"author":{"gitId":"raw-asparagus"},"content":"                idx \u003d Integer.parseInt(description) - 1;","lastModifiedDate":"2025-01-27","isFullCredit":false},{"lineNumber":219,"author":{"gitId":"raw-asparagus"},"content":"            } catch (NumberFormatException e) {","lastModifiedDate":"2025-01-27","isFullCredit":false},{"lineNumber":220,"author":{"gitId":"raw-asparagus"},"content":"                throw new InputException(\"Task number cannot be empty or invalid for a \u0027MARK\u0027/\u0027UNMARK\u0027 command!\");","lastModifiedDate":"2025-01-27","isFullCredit":false},{"lineNumber":221,"author":{"gitId":"raw-asparagus"},"content":"            }","lastModifiedDate":"2025-01-24","isFullCredit":false},{"lineNumber":222,"author":{"gitId":"raw-asparagus"},"content":"            if (idx \u003c 0 || idx \u003e\u003d tasks.size()) {","lastModifiedDate":"2025-01-27","isFullCredit":false},{"lineNumber":223,"author":{"gitId":"raw-asparagus"},"content":"                throw new DuskException(\"Invalid task number: \" + description);","lastModifiedDate":"2025-01-27","isFullCredit":false},{"lineNumber":224,"author":{"gitId":"raw-asparagus"},"content":"            }","lastModifiedDate":"2025-01-24","isFullCredit":false},{"lineNumber":225,"author":{"gitId":"raw-asparagus"},"content":"","lastModifiedDate":"2025-01-27","isFullCredit":false},{"lineNumber":226,"author":{"gitId":"raw-asparagus"},"content":"            Task task \u003d tasks.get(idx);","lastModifiedDate":"2025-01-27","isFullCredit":false},{"lineNumber":227,"author":{"gitId":"raw-asparagus"},"content":"            if (isMark) {","lastModifiedDate":"2025-01-27","isFullCredit":false},{"lineNumber":228,"author":{"gitId":"raw-asparagus"},"content":"                task.markDone();","lastModifiedDate":"2025-01-27","isFullCredit":false},{"lineNumber":229,"author":{"gitId":"raw-asparagus"},"content":"                Dusk.printMessage(writer, new String[]{\"Nice! I\u0027ve marked this task as done:\", \"  \" + task});","lastModifiedDate":"2025-01-27","isFullCredit":false},{"lineNumber":230,"author":{"gitId":"raw-asparagus"},"content":"            } else {","lastModifiedDate":"2025-01-27","isFullCredit":false},{"lineNumber":231,"author":{"gitId":"raw-asparagus"},"content":"                task.markUndone();","lastModifiedDate":"2025-01-27","isFullCredit":false},{"lineNumber":232,"author":{"gitId":"raw-asparagus"},"content":"                Dusk.printMessage(writer, new String[]{\"OK! I\u0027ve updated this task as undone:\", \"  \" + task});","lastModifiedDate":"2025-01-27","isFullCredit":false},{"lineNumber":233,"author":{"gitId":"raw-asparagus"},"content":"            }","lastModifiedDate":"2025-01-27","isFullCredit":false},{"lineNumber":234,"author":{"gitId":"raw-asparagus"},"content":"        }","lastModifiedDate":"2025-01-24","isFullCredit":false},{"lineNumber":235,"author":{"gitId":"raw-asparagus"},"content":"    }","lastModifiedDate":"2025-01-24","isFullCredit":false},{"lineNumber":236,"author":{"gitId":"raw-asparagus"},"content":"","lastModifiedDate":"2025-01-24","isFullCredit":false},{"lineNumber":237,"author":{"gitId":"raw-asparagus"},"content":"    public static class DeleteCommand implements Command {","lastModifiedDate":"2025-01-27","isFullCredit":false},{"lineNumber":238,"author":{"gitId":"raw-asparagus"},"content":"        private final List\u003cTask\u003e tasks;","lastModifiedDate":"2025-01-27","isFullCredit":false},{"lineNumber":239,"author":{"gitId":"raw-asparagus"},"content":"        private final BufferedWriter writer;","lastModifiedDate":"2025-01-27","isFullCredit":false},{"lineNumber":240,"author":{"gitId":"raw-asparagus"},"content":"        private final String description;","lastModifiedDate":"2025-01-27","isFullCredit":false},{"lineNumber":241,"author":{"gitId":"raw-asparagus"},"content":"","lastModifiedDate":"2025-01-27","isFullCredit":false},{"lineNumber":242,"author":{"gitId":"raw-asparagus"},"content":"        public DeleteCommand(List\u003cTask\u003e tasks, BufferedWriter writer, String description) {","lastModifiedDate":"2025-01-27","isFullCredit":false},{"lineNumber":243,"author":{"gitId":"raw-asparagus"},"content":"            this.tasks \u003d tasks;","lastModifiedDate":"2025-01-27","isFullCredit":false},{"lineNumber":244,"author":{"gitId":"raw-asparagus"},"content":"            this.writer \u003d writer;","lastModifiedDate":"2025-01-27","isFullCredit":false},{"lineNumber":245,"author":{"gitId":"raw-asparagus"},"content":"            this.description \u003d description;","lastModifiedDate":"2025-01-27","isFullCredit":false},{"lineNumber":246,"author":{"gitId":"raw-asparagus"},"content":"        }","lastModifiedDate":"2025-01-27","isFullCredit":false},{"lineNumber":247,"author":{"gitId":"raw-asparagus"},"content":"","lastModifiedDate":"2025-01-27","isFullCredit":false},{"lineNumber":248,"author":{"gitId":"raw-asparagus"},"content":"        @Override","lastModifiedDate":"2025-01-27","isFullCredit":false},{"lineNumber":249,"author":{"gitId":"raw-asparagus"},"content":"        public void execute() throws IOException, DuskException, InputException {","lastModifiedDate":"2025-01-27","isFullCredit":false},{"lineNumber":250,"author":{"gitId":"raw-asparagus"},"content":"            int idx;","lastModifiedDate":"2025-01-27","isFullCredit":false},{"lineNumber":251,"author":{"gitId":"raw-asparagus"},"content":"            try {","lastModifiedDate":"2025-01-27","isFullCredit":false},{"lineNumber":252,"author":{"gitId":"raw-asparagus"},"content":"                idx \u003d Integer.parseInt(description) - 1;","lastModifiedDate":"2025-01-27","isFullCredit":false},{"lineNumber":253,"author":{"gitId":"raw-asparagus"},"content":"            } catch (NumberFormatException e) {","lastModifiedDate":"2025-01-27","isFullCredit":false},{"lineNumber":254,"author":{"gitId":"raw-asparagus"},"content":"                throw new InputException(\"Task number cannot be empty or invalid for a \u0027DELETE\u0027 command!\");","lastModifiedDate":"2025-01-27","isFullCredit":false},{"lineNumber":255,"author":{"gitId":"raw-asparagus"},"content":"            }","lastModifiedDate":"2025-01-27","isFullCredit":false},{"lineNumber":256,"author":{"gitId":"raw-asparagus"},"content":"            if (idx \u003c 0 || idx \u003e\u003d tasks.size()) {","lastModifiedDate":"2025-01-27","isFullCredit":false},{"lineNumber":257,"author":{"gitId":"raw-asparagus"},"content":"                throw new DuskException(\"Invalid task number: \" + description);","lastModifiedDate":"2025-01-27","isFullCredit":false},{"lineNumber":258,"author":{"gitId":"raw-asparagus"},"content":"            }","lastModifiedDate":"2025-01-27","isFullCredit":false},{"lineNumber":259,"author":{"gitId":"raw-asparagus"},"content":"","lastModifiedDate":"2025-01-27","isFullCredit":false},{"lineNumber":260,"author":{"gitId":"raw-asparagus"},"content":"            Task removedTask \u003d tasks.remove(idx);","lastModifiedDate":"2025-01-27","isFullCredit":false},{"lineNumber":261,"author":{"gitId":"raw-asparagus"},"content":"            Dusk.printMessage(writer, new String[] {","lastModifiedDate":"2025-01-27","isFullCredit":false},{"lineNumber":262,"author":{"gitId":"raw-asparagus"},"content":"                    \"Noted. I\u0027ve removed this task:\",","lastModifiedDate":"2025-01-27","isFullCredit":false},{"lineNumber":263,"author":{"gitId":"raw-asparagus"},"content":"                    \"  \" + removedTask,","lastModifiedDate":"2025-01-27","isFullCredit":false},{"lineNumber":264,"author":{"gitId":"raw-asparagus"},"content":"                    \"Now you have \" + tasks.size() + \" tasks in the list.\"","lastModifiedDate":"2025-01-27","isFullCredit":false},{"lineNumber":265,"author":{"gitId":"raw-asparagus"},"content":"            });","lastModifiedDate":"2025-01-27","isFullCredit":false},{"lineNumber":266,"author":{"gitId":"raw-asparagus"},"content":"        }","lastModifiedDate":"2025-01-27","isFullCredit":false},{"lineNumber":267,"author":{"gitId":"raw-asparagus"},"content":"    }","lastModifiedDate":"2025-01-27","isFullCredit":false},{"lineNumber":268,"author":{"gitId":"raw-asparagus"},"content":"","lastModifiedDate":"2025-01-27","isFullCredit":false},{"lineNumber":269,"author":{"gitId":"raw-asparagus"},"content":"    public static class CreateTodoCommand implements Command {","lastModifiedDate":"2025-01-27","isFullCredit":false},{"lineNumber":270,"author":{"gitId":"raw-asparagus"},"content":"        private final List\u003cTask\u003e tasks;","lastModifiedDate":"2025-01-27","isFullCredit":false},{"lineNumber":271,"author":{"gitId":"raw-asparagus"},"content":"        private final BufferedWriter writer;","lastModifiedDate":"2025-01-27","isFullCredit":false},{"lineNumber":272,"author":{"gitId":"raw-asparagus"},"content":"        private final String description;","lastModifiedDate":"2025-01-27","isFullCredit":false},{"lineNumber":273,"author":{"gitId":"raw-asparagus"},"content":"","lastModifiedDate":"2025-01-27","isFullCredit":false},{"lineNumber":274,"author":{"gitId":"raw-asparagus"},"content":"        public CreateTodoCommand(List\u003cTask\u003e tasks, BufferedWriter writer, String description) {","lastModifiedDate":"2025-01-27","isFullCredit":false},{"lineNumber":275,"author":{"gitId":"raw-asparagus"},"content":"            this.tasks \u003d tasks;","lastModifiedDate":"2025-01-27","isFullCredit":false},{"lineNumber":276,"author":{"gitId":"raw-asparagus"},"content":"            this.writer \u003d writer;","lastModifiedDate":"2025-01-27","isFullCredit":false},{"lineNumber":277,"author":{"gitId":"raw-asparagus"},"content":"            this.description \u003d description;","lastModifiedDate":"2025-01-27","isFullCredit":false},{"lineNumber":278,"author":{"gitId":"raw-asparagus"},"content":"        }","lastModifiedDate":"2025-01-27","isFullCredit":false},{"lineNumber":279,"author":{"gitId":"raw-asparagus"},"content":"","lastModifiedDate":"2025-01-27","isFullCredit":false},{"lineNumber":280,"author":{"gitId":"raw-asparagus"},"content":"        @Override","lastModifiedDate":"2025-01-27","isFullCredit":false},{"lineNumber":281,"author":{"gitId":"raw-asparagus"},"content":"        public void execute() throws IOException, InputException {","lastModifiedDate":"2025-01-27","isFullCredit":false},{"lineNumber":282,"author":{"gitId":"raw-asparagus"},"content":"            if (description.isEmpty()) {","lastModifiedDate":"2025-01-27","isFullCredit":false},{"lineNumber":283,"author":{"gitId":"raw-asparagus"},"content":"                throw new InputException(\"A \u0027TODO\u0027 command must include a description.\");","lastModifiedDate":"2025-01-27","isFullCredit":false},{"lineNumber":284,"author":{"gitId":"raw-asparagus"},"content":"            }","lastModifiedDate":"2025-01-27","isFullCredit":false},{"lineNumber":285,"author":{"gitId":"raw-asparagus"},"content":"            Todo newTask \u003d new Todo(description);","lastModifiedDate":"2025-01-27","isFullCredit":false},{"lineNumber":286,"author":{"gitId":"raw-asparagus"},"content":"            tasks.add(newTask);","lastModifiedDate":"2025-01-27","isFullCredit":false},{"lineNumber":287,"author":{"gitId":"raw-asparagus"},"content":"            Dusk.printMessage(writer, new String[] {","lastModifiedDate":"2025-01-27","isFullCredit":false},{"lineNumber":288,"author":{"gitId":"raw-asparagus"},"content":"                    \"Got it. I\u0027ve added this task:\",","lastModifiedDate":"2025-01-27","isFullCredit":false},{"lineNumber":289,"author":{"gitId":"raw-asparagus"},"content":"                    \"  \" + newTask,","lastModifiedDate":"2025-01-27","isFullCredit":false},{"lineNumber":290,"author":{"gitId":"raw-asparagus"},"content":"                    \"Now you have \" + tasks.size() + \" tasks in the list.\"","lastModifiedDate":"2025-01-27","isFullCredit":false},{"lineNumber":291,"author":{"gitId":"raw-asparagus"},"content":"            });","lastModifiedDate":"2025-01-27","isFullCredit":false},{"lineNumber":292,"author":{"gitId":"raw-asparagus"},"content":"        }","lastModifiedDate":"2025-01-27","isFullCredit":false},{"lineNumber":293,"author":{"gitId":"raw-asparagus"},"content":"    }","lastModifiedDate":"2025-01-27","isFullCredit":false},{"lineNumber":294,"author":{"gitId":"raw-asparagus"},"content":"","lastModifiedDate":"2025-01-27","isFullCredit":false},{"lineNumber":295,"author":{"gitId":"raw-asparagus"},"content":"    public static class CreateDeadlineCommand implements Command {","lastModifiedDate":"2025-01-27","isFullCredit":false},{"lineNumber":296,"author":{"gitId":"raw-asparagus"},"content":"        private final List\u003cTask\u003e tasks;","lastModifiedDate":"2025-01-27","isFullCredit":false},{"lineNumber":297,"author":{"gitId":"raw-asparagus"},"content":"        private final BufferedWriter writer;","lastModifiedDate":"2025-01-27","isFullCredit":false},{"lineNumber":298,"author":{"gitId":"raw-asparagus"},"content":"        private final String description;","lastModifiedDate":"2025-01-27","isFullCredit":false},{"lineNumber":299,"author":{"gitId":"raw-asparagus"},"content":"        private final String by;","lastModifiedDate":"2025-01-27","isFullCredit":false},{"lineNumber":300,"author":{"gitId":"raw-asparagus"},"content":"","lastModifiedDate":"2025-01-27","isFullCredit":false},{"lineNumber":301,"author":{"gitId":"raw-asparagus"},"content":"        public CreateDeadlineCommand(List\u003cTask\u003e tasks, BufferedWriter writer, String description, String by) {","lastModifiedDate":"2025-01-27","isFullCredit":false},{"lineNumber":302,"author":{"gitId":"raw-asparagus"},"content":"            this.tasks \u003d tasks;","lastModifiedDate":"2025-01-27","isFullCredit":false},{"lineNumber":303,"author":{"gitId":"raw-asparagus"},"content":"            this.writer \u003d writer;","lastModifiedDate":"2025-01-27","isFullCredit":false},{"lineNumber":304,"author":{"gitId":"raw-asparagus"},"content":"            this.description \u003d description;","lastModifiedDate":"2025-01-27","isFullCredit":false},{"lineNumber":305,"author":{"gitId":"raw-asparagus"},"content":"            this.by \u003d by;","lastModifiedDate":"2025-01-27","isFullCredit":false},{"lineNumber":306,"author":{"gitId":"raw-asparagus"},"content":"        }","lastModifiedDate":"2025-01-27","isFullCredit":false},{"lineNumber":307,"author":{"gitId":"raw-asparagus"},"content":"","lastModifiedDate":"2025-01-27","isFullCredit":false},{"lineNumber":308,"author":{"gitId":"raw-asparagus"},"content":"        @Override","lastModifiedDate":"2025-01-27","isFullCredit":false},{"lineNumber":309,"author":{"gitId":"raw-asparagus"},"content":"        public void execute() throws IOException, InputException {","lastModifiedDate":"2025-01-27","isFullCredit":false},{"lineNumber":310,"author":{"gitId":"raw-asparagus"},"content":"            if (description.isEmpty()) {","lastModifiedDate":"2025-01-27","isFullCredit":false},{"lineNumber":311,"author":{"gitId":"raw-asparagus"},"content":"                throw new InputException(\"A \u0027DEADLINE\u0027 command must include a description.\");","lastModifiedDate":"2025-01-27","isFullCredit":false},{"lineNumber":312,"author":{"gitId":"raw-asparagus"},"content":"            }","lastModifiedDate":"2025-01-27","isFullCredit":false},{"lineNumber":313,"author":{"gitId":"raw-asparagus"},"content":"            Deadline newTask \u003d new Deadline(description, by);","lastModifiedDate":"2025-01-27","isFullCredit":false},{"lineNumber":314,"author":{"gitId":"raw-asparagus"},"content":"            tasks.add(newTask);","lastModifiedDate":"2025-01-27","isFullCredit":false},{"lineNumber":315,"author":{"gitId":"raw-asparagus"},"content":"            Dusk.printMessage(writer, new String[] {","lastModifiedDate":"2025-01-27","isFullCredit":false},{"lineNumber":316,"author":{"gitId":"raw-asparagus"},"content":"                    \"Got it. I\u0027ve added this task:\",","lastModifiedDate":"2025-01-27","isFullCredit":false},{"lineNumber":317,"author":{"gitId":"raw-asparagus"},"content":"                    \"  \" + newTask,","lastModifiedDate":"2025-01-27","isFullCredit":false},{"lineNumber":318,"author":{"gitId":"raw-asparagus"},"content":"                    \"Now you have \" + tasks.size() + \" tasks in the list.\"","lastModifiedDate":"2025-01-27","isFullCredit":false},{"lineNumber":319,"author":{"gitId":"raw-asparagus"},"content":"            });","lastModifiedDate":"2025-01-27","isFullCredit":false},{"lineNumber":320,"author":{"gitId":"raw-asparagus"},"content":"        }","lastModifiedDate":"2025-01-27","isFullCredit":false},{"lineNumber":321,"author":{"gitId":"raw-asparagus"},"content":"    }","lastModifiedDate":"2025-01-27","isFullCredit":false},{"lineNumber":322,"author":{"gitId":"raw-asparagus"},"content":"","lastModifiedDate":"2025-01-27","isFullCredit":false},{"lineNumber":323,"author":{"gitId":"raw-asparagus"},"content":"    public static class CreateEventCommand implements Command {","lastModifiedDate":"2025-01-27","isFullCredit":false},{"lineNumber":324,"author":{"gitId":"raw-asparagus"},"content":"        private final List\u003cTask\u003e tasks;","lastModifiedDate":"2025-01-27","isFullCredit":false},{"lineNumber":325,"author":{"gitId":"raw-asparagus"},"content":"        private final BufferedWriter writer;","lastModifiedDate":"2025-01-27","isFullCredit":false},{"lineNumber":326,"author":{"gitId":"raw-asparagus"},"content":"        private final String description;","lastModifiedDate":"2025-01-27","isFullCredit":false},{"lineNumber":327,"author":{"gitId":"raw-asparagus"},"content":"        private final String from;","lastModifiedDate":"2025-01-27","isFullCredit":false},{"lineNumber":328,"author":{"gitId":"raw-asparagus"},"content":"        private final String to;","lastModifiedDate":"2025-01-27","isFullCredit":false},{"lineNumber":329,"author":{"gitId":"raw-asparagus"},"content":"","lastModifiedDate":"2025-01-27","isFullCredit":false},{"lineNumber":330,"author":{"gitId":"raw-asparagus"},"content":"        public CreateEventCommand(List\u003cTask\u003e tasks, BufferedWriter writer, String description, String from, String to) {","lastModifiedDate":"2025-01-27","isFullCredit":false},{"lineNumber":331,"author":{"gitId":"raw-asparagus"},"content":"            this.tasks \u003d tasks;","lastModifiedDate":"2025-01-27","isFullCredit":false},{"lineNumber":332,"author":{"gitId":"raw-asparagus"},"content":"            this.writer \u003d writer;","lastModifiedDate":"2025-01-27","isFullCredit":false},{"lineNumber":333,"author":{"gitId":"raw-asparagus"},"content":"            this.description \u003d description;","lastModifiedDate":"2025-01-27","isFullCredit":false},{"lineNumber":334,"author":{"gitId":"raw-asparagus"},"content":"            this.from \u003d from;","lastModifiedDate":"2025-01-27","isFullCredit":false},{"lineNumber":335,"author":{"gitId":"raw-asparagus"},"content":"            this.to \u003d to;","lastModifiedDate":"2025-01-27","isFullCredit":false},{"lineNumber":336,"author":{"gitId":"raw-asparagus"},"content":"        }","lastModifiedDate":"2025-01-24","isFullCredit":false},{"lineNumber":337,"author":{"gitId":"raw-asparagus"},"content":"","lastModifiedDate":"2025-01-24","isFullCredit":false},{"lineNumber":338,"author":{"gitId":"raw-asparagus"},"content":"        @Override","lastModifiedDate":"2025-01-27","isFullCredit":false},{"lineNumber":339,"author":{"gitId":"raw-asparagus"},"content":"        public void execute() throws IOException, InputException {","lastModifiedDate":"2025-01-27","isFullCredit":false},{"lineNumber":340,"author":{"gitId":"raw-asparagus"},"content":"            if (description.isEmpty()) {","lastModifiedDate":"2025-01-27","isFullCredit":false},{"lineNumber":341,"author":{"gitId":"raw-asparagus"},"content":"                throw new InputException(\"An \u0027EVENT\u0027 command must include a description.\");","lastModifiedDate":"2025-01-27","isFullCredit":false},{"lineNumber":342,"author":{"gitId":"raw-asparagus"},"content":"            }","lastModifiedDate":"2025-01-24","isFullCredit":false},{"lineNumber":343,"author":{"gitId":"raw-asparagus"},"content":"            Event newTask \u003d new Event(description, from, to);","lastModifiedDate":"2025-01-27","isFullCredit":false},{"lineNumber":344,"author":{"gitId":"raw-asparagus"},"content":"            tasks.add(newTask);","lastModifiedDate":"2025-01-27","isFullCredit":false},{"lineNumber":345,"author":{"gitId":"raw-asparagus"},"content":"            Dusk.printMessage(writer, new String[] {","lastModifiedDate":"2025-01-27","isFullCredit":false},{"lineNumber":346,"author":{"gitId":"raw-asparagus"},"content":"                    \"Got it. I\u0027ve added this task:\",","lastModifiedDate":"2025-01-27","isFullCredit":false},{"lineNumber":347,"author":{"gitId":"raw-asparagus"},"content":"                    \"  \" + newTask,","lastModifiedDate":"2025-01-27","isFullCredit":false},{"lineNumber":348,"author":{"gitId":"raw-asparagus"},"content":"                    \"Now you have \" + tasks.size() + \" tasks in the list.\"","lastModifiedDate":"2025-01-27","isFullCredit":false},{"lineNumber":349,"author":{"gitId":"raw-asparagus"},"content":"            });","lastModifiedDate":"2025-01-27","isFullCredit":false},{"lineNumber":350,"author":{"gitId":"raw-asparagus"},"content":"        }","lastModifiedDate":"2025-01-24","isFullCredit":false},{"lineNumber":351,"author":{"gitId":"raw-asparagus"},"content":"    }","lastModifiedDate":"2025-01-24","isFullCredit":false},{"lineNumber":352,"author":{"gitId":"raw-asparagus"},"content":"}","lastModifiedDate":"2025-01-24","isFullCredit":false}],"authorContributionMap":{"raw-asparagus":352}},{"path":"src/main/java/DuskException.java","fileType":"java","lines":[{"lineNumber":1,"author":{"gitId":"raw-asparagus"},"content":"public class DuskException extends Exception {","lastModifiedDate":"2025-01-27","isFullCredit":false},{"lineNumber":2,"author":{"gitId":"raw-asparagus"},"content":"    public DuskException(String message) {","lastModifiedDate":"2025-01-27","isFullCredit":false},{"lineNumber":3,"author":{"gitId":"raw-asparagus"},"content":"        super(message);","lastModifiedDate":"2025-01-27","isFullCredit":false},{"lineNumber":4,"author":{"gitId":"raw-asparagus"},"content":"    }","lastModifiedDate":"2025-01-27","isFullCredit":false},{"lineNumber":5,"author":{"gitId":"raw-asparagus"},"content":"}","lastModifiedDate":"2025-01-27","isFullCredit":false}],"authorContributionMap":{"raw-asparagus":5}},{"path":"src/main/java/Event.java","fileType":"java","lines":[{"lineNumber":1,"author":{"gitId":"raw-asparagus"},"content":"public class Event extends Task {","lastModifiedDate":"2025-01-24","isFullCredit":false},{"lineNumber":2,"author":{"gitId":"raw-asparagus"},"content":"    protected String from;","lastModifiedDate":"2025-01-24","isFullCredit":false},{"lineNumber":3,"author":{"gitId":"raw-asparagus"},"content":"    protected String to;","lastModifiedDate":"2025-01-24","isFullCredit":false},{"lineNumber":4,"author":{"gitId":"raw-asparagus"},"content":"","lastModifiedDate":"2025-01-24","isFullCredit":false},{"lineNumber":5,"author":{"gitId":"raw-asparagus"},"content":"    public Event(String desc, String from, String to) {","lastModifiedDate":"2025-01-24","isFullCredit":false},{"lineNumber":6,"author":{"gitId":"raw-asparagus"},"content":"        super(desc);","lastModifiedDate":"2025-01-24","isFullCredit":false},{"lineNumber":7,"author":{"gitId":"raw-asparagus"},"content":"        this.from \u003d from;","lastModifiedDate":"2025-01-24","isFullCredit":false},{"lineNumber":8,"author":{"gitId":"raw-asparagus"},"content":"        this.to \u003d to;","lastModifiedDate":"2025-01-24","isFullCredit":false},{"lineNumber":9,"author":{"gitId":"raw-asparagus"},"content":"    }","lastModifiedDate":"2025-01-24","isFullCredit":false},{"lineNumber":10,"author":{"gitId":"raw-asparagus"},"content":"","lastModifiedDate":"2025-01-24","isFullCredit":false},{"lineNumber":11,"author":{"gitId":"raw-asparagus"},"content":"    @Override","lastModifiedDate":"2025-01-24","isFullCredit":false},{"lineNumber":12,"author":{"gitId":"raw-asparagus"},"content":"    public String toString() {","lastModifiedDate":"2025-01-24","isFullCredit":false},{"lineNumber":13,"author":{"gitId":"raw-asparagus"},"content":"        String message;","lastModifiedDate":"2025-01-24","isFullCredit":false},{"lineNumber":14,"author":{"gitId":"raw-asparagus"},"content":"        if (from.isEmpty() \u0026\u0026 to.isEmpty()) {","lastModifiedDate":"2025-01-24","isFullCredit":false},{"lineNumber":15,"author":{"gitId":"raw-asparagus"},"content":"            message \u003d \"\";","lastModifiedDate":"2025-01-24","isFullCredit":false},{"lineNumber":16,"author":{"gitId":"raw-asparagus"},"content":"        } else if (from.isEmpty()) {","lastModifiedDate":"2025-01-24","isFullCredit":false},{"lineNumber":17,"author":{"gitId":"raw-asparagus"},"content":"            message \u003d \" (to: \" + to + \")\";","lastModifiedDate":"2025-01-24","isFullCredit":false},{"lineNumber":18,"author":{"gitId":"raw-asparagus"},"content":"        } else if (to.isEmpty()) {","lastModifiedDate":"2025-01-24","isFullCredit":false},{"lineNumber":19,"author":{"gitId":"raw-asparagus"},"content":"            message \u003d \" (from: \" + from + \")\";","lastModifiedDate":"2025-01-24","isFullCredit":false},{"lineNumber":20,"author":{"gitId":"raw-asparagus"},"content":"        } else {","lastModifiedDate":"2025-01-24","isFullCredit":false},{"lineNumber":21,"author":{"gitId":"raw-asparagus"},"content":"            message \u003d \" (from: \" + from + \" to: \" + to + \")\";","lastModifiedDate":"2025-01-24","isFullCredit":false},{"lineNumber":22,"author":{"gitId":"raw-asparagus"},"content":"        }","lastModifiedDate":"2025-01-24","isFullCredit":false},{"lineNumber":23,"author":{"gitId":"raw-asparagus"},"content":"        return \"[E]\" + super.toString() + message;","lastModifiedDate":"2025-01-24","isFullCredit":false},{"lineNumber":24,"author":{"gitId":"raw-asparagus"},"content":"    }","lastModifiedDate":"2025-01-24","isFullCredit":false},{"lineNumber":25,"author":{"gitId":"raw-asparagus"},"content":"}","lastModifiedDate":"2025-01-24","isFullCredit":false}],"authorContributionMap":{"raw-asparagus":25}},{"path":"src/main/java/InputException.java","fileType":"java","lines":[{"lineNumber":1,"author":{"gitId":"raw-asparagus"},"content":"public class InputException extends Exception {","lastModifiedDate":"2025-01-27","isFullCredit":false},{"lineNumber":2,"author":{"gitId":"raw-asparagus"},"content":"    public InputException(String message) {","lastModifiedDate":"2025-01-27","isFullCredit":false},{"lineNumber":3,"author":{"gitId":"raw-asparagus"},"content":"        super(message);","lastModifiedDate":"2025-01-27","isFullCredit":false},{"lineNumber":4,"author":{"gitId":"raw-asparagus"},"content":"    }","lastModifiedDate":"2025-01-27","isFullCredit":false},{"lineNumber":5,"author":{"gitId":"raw-asparagus"},"content":"}","lastModifiedDate":"2025-01-27","isFullCredit":false}],"authorContributionMap":{"raw-asparagus":5}},{"path":"src/main/java/Task.java","fileType":"java","lines":[{"lineNumber":1,"author":{"gitId":"raw-asparagus"},"content":"public class Task {","lastModifiedDate":"2025-01-24","isFullCredit":false},{"lineNumber":2,"author":{"gitId":"raw-asparagus"},"content":"    protected String desc;","lastModifiedDate":"2025-01-27","isFullCredit":false},{"lineNumber":3,"author":{"gitId":"raw-asparagus"},"content":"    protected boolean isDone;","lastModifiedDate":"2025-01-24","isFullCredit":false},{"lineNumber":4,"author":{"gitId":"raw-asparagus"},"content":"","lastModifiedDate":"2025-01-24","isFullCredit":false},{"lineNumber":5,"author":{"gitId":"raw-asparagus"},"content":"    public Task(String desc) {","lastModifiedDate":"2025-01-27","isFullCredit":false},{"lineNumber":6,"author":{"gitId":"raw-asparagus"},"content":"        this.desc \u003d desc;","lastModifiedDate":"2025-01-27","isFullCredit":false},{"lineNumber":7,"author":{"gitId":"raw-asparagus"},"content":"        this.isDone \u003d false;","lastModifiedDate":"2025-01-24","isFullCredit":false},{"lineNumber":8,"author":{"gitId":"raw-asparagus"},"content":"    }","lastModifiedDate":"2025-01-24","isFullCredit":false},{"lineNumber":9,"author":{"gitId":"raw-asparagus"},"content":"","lastModifiedDate":"2025-01-24","isFullCredit":false},{"lineNumber":10,"author":{"gitId":"raw-asparagus"},"content":"    // Mutators","lastModifiedDate":"2025-01-24","isFullCredit":false},{"lineNumber":11,"author":{"gitId":"raw-asparagus"},"content":"    public void markDone() {","lastModifiedDate":"2025-01-24","isFullCredit":false},{"lineNumber":12,"author":{"gitId":"raw-asparagus"},"content":"        this.isDone \u003d true;","lastModifiedDate":"2025-01-24","isFullCredit":false},{"lineNumber":13,"author":{"gitId":"raw-asparagus"},"content":"    }","lastModifiedDate":"2025-01-24","isFullCredit":false},{"lineNumber":14,"author":{"gitId":"raw-asparagus"},"content":"","lastModifiedDate":"2025-01-24","isFullCredit":false},{"lineNumber":15,"author":{"gitId":"raw-asparagus"},"content":"    public void markUndone() {","lastModifiedDate":"2025-01-24","isFullCredit":false},{"lineNumber":16,"author":{"gitId":"raw-asparagus"},"content":"        this.isDone \u003d false;","lastModifiedDate":"2025-01-24","isFullCredit":false},{"lineNumber":17,"author":{"gitId":"raw-asparagus"},"content":"    }","lastModifiedDate":"2025-01-24","isFullCredit":false},{"lineNumber":18,"author":{"gitId":"raw-asparagus"},"content":"","lastModifiedDate":"2025-01-24","isFullCredit":false},{"lineNumber":19,"author":{"gitId":"raw-asparagus"},"content":"    // Accessors","lastModifiedDate":"2025-01-24","isFullCredit":false},{"lineNumber":20,"author":{"gitId":"raw-asparagus"},"content":"    public String getName() {","lastModifiedDate":"2025-01-24","isFullCredit":false},{"lineNumber":21,"author":{"gitId":"raw-asparagus"},"content":"        return desc;","lastModifiedDate":"2025-01-27","isFullCredit":false},{"lineNumber":22,"author":{"gitId":"raw-asparagus"},"content":"    }","lastModifiedDate":"2025-01-24","isFullCredit":false},{"lineNumber":23,"author":{"gitId":"raw-asparagus"},"content":"","lastModifiedDate":"2025-01-24","isFullCredit":false},{"lineNumber":24,"author":{"gitId":"raw-asparagus"},"content":"    public boolean getDone() {","lastModifiedDate":"2025-01-24","isFullCredit":false},{"lineNumber":25,"author":{"gitId":"raw-asparagus"},"content":"        return isDone;","lastModifiedDate":"2025-01-24","isFullCredit":false},{"lineNumber":26,"author":{"gitId":"raw-asparagus"},"content":"    }","lastModifiedDate":"2025-01-24","isFullCredit":false},{"lineNumber":27,"author":{"gitId":"raw-asparagus"},"content":"","lastModifiedDate":"2025-01-24","isFullCredit":false},{"lineNumber":28,"author":{"gitId":"raw-asparagus"},"content":"    @Override","lastModifiedDate":"2025-01-24","isFullCredit":false},{"lineNumber":29,"author":{"gitId":"raw-asparagus"},"content":"    public String toString() {","lastModifiedDate":"2025-01-24","isFullCredit":false},{"lineNumber":30,"author":{"gitId":"raw-asparagus"},"content":"        return \"[\" + (getDone() ? \"X\" : \" \") + \"] \" + desc;","lastModifiedDate":"2025-01-27","isFullCredit":false},{"lineNumber":31,"author":{"gitId":"raw-asparagus"},"content":"    }","lastModifiedDate":"2025-01-24","isFullCredit":false},{"lineNumber":32,"author":{"gitId":"raw-asparagus"},"content":"}","lastModifiedDate":"2025-01-24","isFullCredit":false}],"authorContributionMap":{"raw-asparagus":32}},{"path":"src/main/java/Todo.java","fileType":"java","lines":[{"lineNumber":1,"author":{"gitId":"raw-asparagus"},"content":"public class Todo extends Task {","lastModifiedDate":"2025-01-24","isFullCredit":false},{"lineNumber":2,"author":{"gitId":"raw-asparagus"},"content":"    public Todo(String desc) {","lastModifiedDate":"2025-01-24","isFullCredit":false},{"lineNumber":3,"author":{"gitId":"raw-asparagus"},"content":"        super(desc);","lastModifiedDate":"2025-01-24","isFullCredit":false},{"lineNumber":4,"author":{"gitId":"raw-asparagus"},"content":"    }","lastModifiedDate":"2025-01-24","isFullCredit":false},{"lineNumber":5,"author":{"gitId":"raw-asparagus"},"content":"","lastModifiedDate":"2025-01-24","isFullCredit":false},{"lineNumber":6,"author":{"gitId":"raw-asparagus"},"content":"    @Override","lastModifiedDate":"2025-01-24","isFullCredit":false},{"lineNumber":7,"author":{"gitId":"raw-asparagus"},"content":"    public String toString() {","lastModifiedDate":"2025-01-24","isFullCredit":false},{"lineNumber":8,"author":{"gitId":"raw-asparagus"},"content":"        return \"[T]\" + super.toString();","lastModifiedDate":"2025-01-24","isFullCredit":false},{"lineNumber":9,"author":{"gitId":"raw-asparagus"},"content":"    }","lastModifiedDate":"2025-01-24","isFullCredit":false},{"lineNumber":10,"author":{"gitId":"raw-asparagus"},"content":"}","lastModifiedDate":"2025-01-24","isFullCredit":false}],"authorContributionMap":{"raw-asparagus":10}},{"path":"text-ui-test/input.txt","fileType":"txt","lines":[{"lineNumber":1,"author":{"gitId":"raw-asparagus"},"content":"todo","lastModifiedDate":"2025-01-27","isFullCredit":false},{"lineNumber":2,"author":{"gitId":"raw-asparagus"},"content":"todo task0","lastModifiedDate":"2025-01-27","isFullCredit":false},{"lineNumber":3,"author":{"gitId":"raw-asparagus"},"content":"todo task 1","lastModifiedDate":"2025-01-27","isFullCredit":false},{"lineNumber":4,"author":{"gitId":"raw-asparagus"},"content":"deadline","lastModifiedDate":"2025-01-27","isFullCredit":false},{"lineNumber":5,"author":{"gitId":"raw-asparagus"},"content":"deadline task2","lastModifiedDate":"2025-01-27","isFullCredit":false},{"lineNumber":6,"author":{"gitId":"raw-asparagus"},"content":"deadline task 3","lastModifiedDate":"2025-01-27","isFullCredit":false},{"lineNumber":7,"author":{"gitId":"raw-asparagus"},"content":"deadline task4 /by","lastModifiedDate":"2025-01-27","isFullCredit":false},{"lineNumber":8,"author":{"gitId":"raw-asparagus"},"content":"deadline task5 /by time0","lastModifiedDate":"2025-01-27","isFullCredit":false},{"lineNumber":9,"author":{"gitId":"raw-asparagus"},"content":"event","lastModifiedDate":"2025-01-27","isFullCredit":false},{"lineNumber":10,"author":{"gitId":"raw-asparagus"},"content":"event task6","lastModifiedDate":"2025-01-27","isFullCredit":false},{"lineNumber":11,"author":{"gitId":"raw-asparagus"},"content":"event task 7","lastModifiedDate":"2025-01-27","isFullCredit":false},{"lineNumber":12,"author":{"gitId":"raw-asparagus"},"content":"event task8 /from","lastModifiedDate":"2025-01-27","isFullCredit":false},{"lineNumber":13,"author":{"gitId":"raw-asparagus"},"content":"event task9 /from time1","lastModifiedDate":"2025-01-27","isFullCredit":false},{"lineNumber":14,"author":{"gitId":"raw-asparagus"},"content":"event task10 /to","lastModifiedDate":"2025-01-27","isFullCredit":false},{"lineNumber":15,"author":{"gitId":"raw-asparagus"},"content":"event task11 /to time2","lastModifiedDate":"2025-01-27","isFullCredit":false},{"lineNumber":16,"author":{"gitId":"raw-asparagus"},"content":"event task12 /from /to","lastModifiedDate":"2025-01-27","isFullCredit":false},{"lineNumber":17,"author":{"gitId":"raw-asparagus"},"content":"event task13 /to /from","lastModifiedDate":"2025-01-27","isFullCredit":false},{"lineNumber":18,"author":{"gitId":"raw-asparagus"},"content":"event task14 /from time3 /to","lastModifiedDate":"2025-01-27","isFullCredit":false},{"lineNumber":19,"author":{"gitId":"raw-asparagus"},"content":"event task15 /from /to time4","lastModifiedDate":"2025-01-27","isFullCredit":false},{"lineNumber":20,"author":{"gitId":"raw-asparagus"},"content":"event task16 /from time5 /to time6","lastModifiedDate":"2025-01-27","isFullCredit":false},{"lineNumber":21,"author":{"gitId":"raw-asparagus"},"content":"event task17 /to time7 /from","lastModifiedDate":"2025-01-27","isFullCredit":false},{"lineNumber":22,"author":{"gitId":"raw-asparagus"},"content":"event task18 /to /from time8","lastModifiedDate":"2025-01-27","isFullCredit":false},{"lineNumber":23,"author":{"gitId":"raw-asparagus"},"content":"event task19 /to time9 /from time10","lastModifiedDate":"2025-01-27","isFullCredit":false},{"lineNumber":24,"author":{"gitId":"raw-asparagus"},"content":"list","lastModifiedDate":"2025-01-27","isFullCredit":false},{"lineNumber":25,"author":{"gitId":"raw-asparagus"},"content":"mark","lastModifiedDate":"2025-01-27","isFullCredit":false},{"lineNumber":26,"author":{"gitId":"raw-asparagus"},"content":"mark 0","lastModifiedDate":"2025-01-27","isFullCredit":false},{"lineNumber":27,"author":{"gitId":"raw-asparagus"},"content":"mark 21","lastModifiedDate":"2025-01-27","isFullCredit":false},{"lineNumber":28,"author":{"gitId":"raw-asparagus"},"content":"list","lastModifiedDate":"2025-01-27","isFullCredit":false},{"lineNumber":29,"author":{"gitId":"raw-asparagus"},"content":"unmark","lastModifiedDate":"2025-01-27","isFullCredit":false},{"lineNumber":30,"author":{"gitId":"raw-asparagus"},"content":"unmark 0","lastModifiedDate":"2025-01-27","isFullCredit":false},{"lineNumber":31,"author":{"gitId":"raw-asparagus"},"content":"unmark 21","lastModifiedDate":"2025-01-27","isFullCredit":false},{"lineNumber":32,"author":{"gitId":"raw-asparagus"},"content":"list","lastModifiedDate":"2025-01-27","isFullCredit":false},{"lineNumber":33,"author":{"gitId":"raw-asparagus"},"content":"mark 1","lastModifiedDate":"2025-01-24","isFullCredit":false},{"lineNumber":34,"author":{"gitId":"raw-asparagus"},"content":"mark 3","lastModifiedDate":"2025-01-27","isFullCredit":false},{"lineNumber":35,"author":{"gitId":"raw-asparagus"},"content":"mark 4","lastModifiedDate":"2025-01-24","isFullCredit":false},{"lineNumber":36,"author":{"gitId":"raw-asparagus"},"content":"mark 6","lastModifiedDate":"2025-01-27","isFullCredit":false},{"lineNumber":37,"author":{"gitId":"raw-asparagus"},"content":"list","lastModifiedDate":"2025-01-27","isFullCredit":false},{"lineNumber":38,"author":{"gitId":"raw-asparagus"},"content":"unmark 1","lastModifiedDate":"2025-01-27","isFullCredit":false},{"lineNumber":39,"author":{"gitId":"raw-asparagus"},"content":"unmark 6","lastModifiedDate":"2025-01-27","isFullCredit":false},{"lineNumber":40,"author":{"gitId":"raw-asparagus"},"content":"list","lastModifiedDate":"2025-01-27","isFullCredit":false},{"lineNumber":41,"author":{"gitId":"raw-asparagus"},"content":"unmark 3","lastModifiedDate":"2025-01-27","isFullCredit":false},{"lineNumber":42,"author":{"gitId":"raw-asparagus"},"content":"mark 3","lastModifiedDate":"2025-01-27","isFullCredit":false},{"lineNumber":43,"author":{"gitId":"raw-asparagus"},"content":"mark 3","lastModifiedDate":"2025-01-27","isFullCredit":false},{"lineNumber":44,"author":{"gitId":"raw-asparagus"},"content":"list","lastModifiedDate":"2025-01-27","isFullCredit":false},{"lineNumber":45,"author":{"gitId":"raw-asparagus"},"content":"unmark 4","lastModifiedDate":"2025-01-27","isFullCredit":false},{"lineNumber":46,"author":{"gitId":"raw-asparagus"},"content":"unmark 4","lastModifiedDate":"2025-01-27","isFullCredit":false},{"lineNumber":47,"author":{"gitId":"raw-asparagus"},"content":"list","lastModifiedDate":"2025-01-27","isFullCredit":false},{"lineNumber":48,"author":{"gitId":"raw-asparagus"},"content":"delete","lastModifiedDate":"2025-01-27","isFullCredit":false},{"lineNumber":49,"author":{"gitId":"raw-asparagus"},"content":"delete 0","lastModifiedDate":"2025-01-27","isFullCredit":false},{"lineNumber":50,"author":{"gitId":"raw-asparagus"},"content":"delete 21","lastModifiedDate":"2025-01-27","isFullCredit":false},{"lineNumber":51,"author":{"gitId":"raw-asparagus"},"content":"list","lastModifiedDate":"2025-01-27","isFullCredit":false},{"lineNumber":52,"author":{"gitId":"raw-asparagus"},"content":"delete 1","lastModifiedDate":"2025-01-27","isFullCredit":false},{"lineNumber":53,"author":{"gitId":"raw-asparagus"},"content":"delete 3","lastModifiedDate":"2025-01-27","isFullCredit":false},{"lineNumber":54,"author":{"gitId":"raw-asparagus"},"content":"delete 4","lastModifiedDate":"2025-01-27","isFullCredit":false},{"lineNumber":55,"author":{"gitId":"raw-asparagus"},"content":"delete 6","lastModifiedDate":"2025-01-27","isFullCredit":false},{"lineNumber":56,"author":{"gitId":"raw-asparagus"},"content":"list","lastModifiedDate":"2025-01-24","isFullCredit":false},{"lineNumber":57,"author":{"gitId":"raw-asparagus"},"content":"bye","lastModifiedDate":"2025-01-27","isFullCredit":false}],"authorContributionMap":{"raw-asparagus":57}},{"path":"text-ui-test/runtest.bat","fileType":"bat","lines":[{"lineNumber":1,"author":{"gitId":"-"},"content":"@ECHO OFF","lastModifiedDate":"2020-05-25","isFullCredit":false},{"lineNumber":2,"author":{"gitId":"-"},"content":"","lastModifiedDate":"2020-05-25","isFullCredit":false},{"lineNumber":3,"author":{"gitId":"-"},"content":"REM create bin directory if it doesn\u0027t exist","lastModifiedDate":"2020-05-25","isFullCredit":false},{"lineNumber":4,"author":{"gitId":"-"},"content":"if not exist ..\\bin mkdir ..\\bin","lastModifiedDate":"2020-05-25","isFullCredit":false},{"lineNumber":5,"author":{"gitId":"-"},"content":"","lastModifiedDate":"2020-05-25","isFullCredit":false},{"lineNumber":6,"author":{"gitId":"-"},"content":"REM delete output from previous run","lastModifiedDate":"2020-05-25","isFullCredit":false},{"lineNumber":7,"author":{"gitId":"-"},"content":"if exist ACTUAL.TXT del ACTUAL.TXT","lastModifiedDate":"2020-08-25","isFullCredit":false},{"lineNumber":8,"author":{"gitId":"-"},"content":"","lastModifiedDate":"2020-05-25","isFullCredit":false},{"lineNumber":9,"author":{"gitId":"-"},"content":"REM compile the code into the bin folder","lastModifiedDate":"2020-05-25","isFullCredit":false},{"lineNumber":10,"author":{"gitId":"-"},"content":"javac  -cp ..\\src\\main\\java -Xlint:none -d ..\\bin ..\\src\\main\\java\\*.java","lastModifiedDate":"2020-08-25","isFullCredit":false},{"lineNumber":11,"author":{"gitId":"-"},"content":"IF ERRORLEVEL 1 (","lastModifiedDate":"2020-05-25","isFullCredit":false},{"lineNumber":12,"author":{"gitId":"-"},"content":"    echo ********** BUILD FAILURE **********","lastModifiedDate":"2020-05-25","isFullCredit":false},{"lineNumber":13,"author":{"gitId":"-"},"content":"    exit /b 1","lastModifiedDate":"2020-05-25","isFullCredit":false},{"lineNumber":14,"author":{"gitId":"-"},"content":")","lastModifiedDate":"2020-05-25","isFullCredit":false},{"lineNumber":15,"author":{"gitId":"-"},"content":"REM no error here, errorlevel \u003d\u003d 0","lastModifiedDate":"2020-05-25","isFullCredit":false},{"lineNumber":16,"author":{"gitId":"-"},"content":"","lastModifiedDate":"2020-05-25","isFullCredit":false},{"lineNumber":17,"author":{"gitId":"-"},"content":"REM run the program, feed commands from input.txt file and redirect the output to the ACTUAL.TXT","lastModifiedDate":"2020-05-25","isFullCredit":false},{"lineNumber":18,"author":{"gitId":"raw-asparagus"},"content":"java -classpath ..\\bin Dusk \u003c input.txt \u003e ACTUAL.TXT","lastModifiedDate":"2025-01-24","isFullCredit":false},{"lineNumber":19,"author":{"gitId":"-"},"content":"","lastModifiedDate":"2020-05-25","isFullCredit":false},{"lineNumber":20,"author":{"gitId":"-"},"content":"REM compare the output to the expected output","lastModifiedDate":"2020-05-25","isFullCredit":false},{"lineNumber":21,"author":{"gitId":"-"},"content":"FC ACTUAL.TXT EXPECTED.TXT","lastModifiedDate":"2020-05-25","isFullCredit":false}],"authorContributionMap":{"raw-asparagus":1,"-":20}},{"path":"text-ui-test/runtest.sh","fileType":"sh","lines":[{"lineNumber":1,"author":{"gitId":"-"},"content":"#!/usr/bin/env bash","lastModifiedDate":"2020-05-25","isFullCredit":false},{"lineNumber":2,"author":{"gitId":"-"},"content":"","lastModifiedDate":"2020-05-25","isFullCredit":false},{"lineNumber":3,"author":{"gitId":"-"},"content":"# create bin directory if it doesn\u0027t exist","lastModifiedDate":"2020-05-25","isFullCredit":false},{"lineNumber":4,"author":{"gitId":"-"},"content":"if [ ! -d \"../bin\" ]","lastModifiedDate":"2020-05-25","isFullCredit":false},{"lineNumber":5,"author":{"gitId":"-"},"content":"then","lastModifiedDate":"2020-05-25","isFullCredit":false},{"lineNumber":6,"author":{"gitId":"-"},"content":"    mkdir ../bin","lastModifiedDate":"2020-05-25","isFullCredit":false},{"lineNumber":7,"author":{"gitId":"-"},"content":"fi","lastModifiedDate":"2020-05-25","isFullCredit":false},{"lineNumber":8,"author":{"gitId":"-"},"content":"","lastModifiedDate":"2020-05-25","isFullCredit":false},{"lineNumber":9,"author":{"gitId":"-"},"content":"# delete output from previous run","lastModifiedDate":"2020-05-25","isFullCredit":false},{"lineNumber":10,"author":{"gitId":"-"},"content":"if [ -e \"./ACTUAL.TXT\" ]","lastModifiedDate":"2020-05-25","isFullCredit":false},{"lineNumber":11,"author":{"gitId":"-"},"content":"then","lastModifiedDate":"2020-05-25","isFullCredit":false},{"lineNumber":12,"author":{"gitId":"-"},"content":"    rm ACTUAL.TXT","lastModifiedDate":"2020-05-25","isFullCredit":false},{"lineNumber":13,"author":{"gitId":"-"},"content":"fi","lastModifiedDate":"2020-05-25","isFullCredit":false},{"lineNumber":14,"author":{"gitId":"-"},"content":"","lastModifiedDate":"2020-05-25","isFullCredit":false},{"lineNumber":15,"author":{"gitId":"-"},"content":"# compile the code into the bin folder, terminates if error occurred","lastModifiedDate":"2020-05-25","isFullCredit":false},{"lineNumber":16,"author":{"gitId":"-"},"content":"if ! javac -cp ../src/main/java -Xlint:none -d ../bin ../src/main/java/*.java","lastModifiedDate":"2020-08-25","isFullCredit":false},{"lineNumber":17,"author":{"gitId":"-"},"content":"then","lastModifiedDate":"2020-05-25","isFullCredit":false},{"lineNumber":18,"author":{"gitId":"-"},"content":"    echo \"********** BUILD FAILURE **********\"","lastModifiedDate":"2020-05-25","isFullCredit":false},{"lineNumber":19,"author":{"gitId":"-"},"content":"    exit 1","lastModifiedDate":"2020-05-25","isFullCredit":false},{"lineNumber":20,"author":{"gitId":"-"},"content":"fi","lastModifiedDate":"2020-05-25","isFullCredit":false},{"lineNumber":21,"author":{"gitId":"-"},"content":"","lastModifiedDate":"2020-05-25","isFullCredit":false},{"lineNumber":22,"author":{"gitId":"-"},"content":"# run the program, feed commands from input.txt file and redirect the output to the ACTUAL.TXT","lastModifiedDate":"2020-05-25","isFullCredit":false},{"lineNumber":23,"author":{"gitId":"raw-asparagus"},"content":"java -classpath ../bin Dusk \u003c input.txt \u003e ACTUAL.TXT","lastModifiedDate":"2025-01-24","isFullCredit":false},{"lineNumber":24,"author":{"gitId":"-"},"content":"","lastModifiedDate":"2020-05-25","isFullCredit":false},{"lineNumber":25,"author":{"gitId":"-"},"content":"# convert to UNIX format","lastModifiedDate":"2020-05-25","isFullCredit":false},{"lineNumber":26,"author":{"gitId":"-"},"content":"cp EXPECTED.TXT EXPECTED-UNIX.TXT","lastModifiedDate":"2020-05-25","isFullCredit":false},{"lineNumber":27,"author":{"gitId":"-"},"content":"dos2unix ACTUAL.TXT EXPECTED-UNIX.TXT","lastModifiedDate":"2020-05-25","isFullCredit":false},{"lineNumber":28,"author":{"gitId":"-"},"content":"","lastModifiedDate":"2020-05-25","isFullCredit":false},{"lineNumber":29,"author":{"gitId":"-"},"content":"# compare the output to the expected output","lastModifiedDate":"2020-05-25","isFullCredit":false},{"lineNumber":30,"author":{"gitId":"-"},"content":"diff ACTUAL.TXT EXPECTED-UNIX.TXT","lastModifiedDate":"2020-05-25","isFullCredit":false},{"lineNumber":31,"author":{"gitId":"-"},"content":"if [ $? -eq 0 ]","lastModifiedDate":"2020-05-25","isFullCredit":false},{"lineNumber":32,"author":{"gitId":"-"},"content":"then","lastModifiedDate":"2020-05-25","isFullCredit":false},{"lineNumber":33,"author":{"gitId":"-"},"content":"    echo \"Test result: PASSED\"","lastModifiedDate":"2020-05-25","isFullCredit":false},{"lineNumber":34,"author":{"gitId":"-"},"content":"    exit 0","lastModifiedDate":"2020-05-25","isFullCredit":false},{"lineNumber":35,"author":{"gitId":"-"},"content":"else","lastModifiedDate":"2020-05-25","isFullCredit":false},{"lineNumber":36,"author":{"gitId":"-"},"content":"    echo \"Test result: FAILED\"","lastModifiedDate":"2020-05-25","isFullCredit":false},{"lineNumber":37,"author":{"gitId":"-"},"content":"    exit 1","lastModifiedDate":"2020-05-25","isFullCredit":false},{"lineNumber":38,"author":{"gitId":"-"},"content":"fi","lastModifiedDate":"2020-05-25","isFullCredit":false}],"authorContributionMap":{"raw-asparagus":1,"-":37}}]
