{"authorDailyContributionsMap":{"yuto1115":[{"date":"2025-01-24","commitResults":[{"hash":"42a6378ca0283c82287a636f58d8e68420116893","isMergeCommit":false,"messageTitle":"Rename, Greet, Exit","messageBody":"","tags":["Level-0"],"fileTypesAndContributionMap":{"java":{"insertions":10,"deletions":10}}},{"hash":"828aef7952c6256c6e3ce85c9bf9af1304b72c65","isMergeCommit":false,"messageTitle":"Echo","messageBody":"","tags":["Level-1"],"fileTypesAndContributionMap":{"java":{"insertions":26,"deletions":5}}},{"hash":"50ca685e4f7f7ce75b41c7cf9d8712d4706c5ff1","isMergeCommit":false,"messageTitle":"add task add/list feature","messageBody":"","tags":["Level-2"],"fileTypesAndContributionMap":{"java":{"insertions":35,"deletions":4}}},{"hash":"082bd837874068653925093855622704b27a9948","isMergeCommit":false,"messageTitle":"add Task class","messageBody":"","fileTypesAndContributionMap":{"java":{"insertions":26,"deletions":0}}},{"hash":"4aecea865aa3d5f3ddc89087e4bcf209070a6d63","isMergeCommit":false,"messageTitle":"change method names","messageBody":"","fileTypesAndContributionMap":{"java":{"insertions":2,"deletions":2}}},{"hash":"f3945b5c7025153876c7400f784e1c93bbfd476c","isMergeCommit":false,"messageTitle":"fix Task class","messageBody":"","fileTypesAndContributionMap":{"java":{"insertions":1,"deletions":1}}},{"hash":"cac5463ed86dfe317946542f15d960f9e2f5e2fb","isMergeCommit":false,"messageTitle":"add mark/unmark feature","messageBody":"","tags":["Level-3"],"fileTypesAndContributionMap":{"java":{"insertions":27,"deletions":4}}},{"hash":"7361c3f33cfd643d2e6bfbcfd6d5609599e1beae","isMergeCommit":false,"messageTitle":"change Task to abstract class","messageBody":"","fileTypesAndContributionMap":{"java":{"insertions":4,"deletions":2}}},{"hash":"c919bf3fe6b2296b2eb1fab3f201fe81befe89ae","isMergeCommit":false,"messageTitle":"fix Task","messageBody":"","fileTypesAndContributionMap":{"java":{"insertions":1,"deletions":1}}}]},{"date":"2025-01-28","commitResults":[{"hash":"a23059c812f1805d712c5efd8bf73bcbd54d4252","isMergeCommit":false,"messageTitle":"add todo/deadline/event","messageBody":"","tags":["Level-4"],"fileTypesAndContributionMap":{"java":{"insertions":124,"deletions":26}}},{"hash":"ac47a39ba00d5c9604feea80e0ebc34b0fb5317e","isMergeCommit":false,"messageTitle":"write text-ui-test","messageBody":"","fileTypesAndContributionMap":{"txt":{"insertions":17,"deletions":0},"sh":{"insertions":1,"deletions":1}}},{"hash":"bc687286e956fa2d06b942b1b22cec13bf8e01cc","isMergeCommit":false,"messageTitle":"fix a bug","messageBody":"","tags":["A-TextUiTesting"],"fileTypesAndContributionMap":{"java":{"insertions":6,"deletions":4}}},{"hash":"f452cdadf0708f02e705a2170bfa15db6cf7f5fa","isMergeCommit":false,"messageTitle":"implement error handling using Exception","messageBody":"","tags":["Level-5"],"fileTypesAndContributionMap":{"txt":{"insertions":5,"deletions":1},"java":{"insertions":101,"deletions":75}}},{"hash":"e39d08e3a29d42833b2dc10dc047ab59ce44605f","isMergeCommit":false,"messageTitle":"add delete feature","messageBody":"","tags":["Level-6"],"fileTypesAndContributionMap":{"txt":{"insertions":4,"deletions":0},"java":{"insertions":14,"deletions":0}}}]},{"date":"2025-01-30","commitResults":[{"hash":"31630300e0b9c4764a36474497bf653a37e9060f","isMergeCommit":false,"messageTitle":"Refactor: Delete indent before \"case\"","messageBody":"","fileTypesAndContributionMap":{"java":{"insertions":84,"deletions":84}}}]},{"date":"2025-01-31","commitResults":[{"hash":"c045986b7a85913747b2ec8ccf47b0a3bbe3e76d","isMergeCommit":false,"messageTitle":"Add javadoc for methods in Odin.java","messageBody":"","fileTypesAndContributionMap":{"java":{"insertions":31,"deletions":0}}},{"hash":"0b8d3d9d5cfdf31d04baf4b8b245b53499015e61","isMergeCommit":false,"messageTitle":"Change method name to align with naming convention","messageBody":"","fileTypesAndContributionMap":{"java":{"insertions":2,"deletions":2}}}]},{"date":"2025-02-01","commitResults":[{"hash":"05896c03f6f970b655c1c12822be8a2532b10755","isMergeCommit":false,"messageTitle":"Add feature to save and recover task list","messageBody":"","fileTypesAndContributionMap":{"java":{"insertions":153,"deletions":10}}},{"hash":"160321dc1d471343ccba033f3a1ad9193d524b1b","isMergeCommit":true,"messageTitle":"Merge branch \u0027branch-level-7\u0027","messageBody":"","fileTypesAndContributionMap":{}}]}]},"authorFileTypeContributionMap":{"yuto1115":{"java":427,"md":0,"fxml":0,"sh":1,"bat":0,"gradle":0,"txt":25}},"authorContributionVariance":{"yuto1115":8256.151},"authorDisplayNameMap":{"yuto1115":"CS2103T-F11-4 WATA..YUTO"}}
